2026-07-26T11:55:18.0600162Z Current runner version: '2.336.0'
2026-07-26T11:55:18.0636516Z ##[group]Runner Image Provisioner
2026-07-26T11:55:18.0637787Z Hosted Compute Agent
2026-07-26T11:55:18.0638836Z Version: 20260707.563
2026-07-26T11:55:18.0640244Z Commit: 02667638d2b423fbc733a8e32a88b44996a3ba6e
2026-07-26T11:55:18.0641595Z Build Date: 2026-07-07T19:33:50Z
2026-07-26T11:55:18.0642691Z Worker ID: {a677d267-db69-4f31-9171-325b1e121fe3}
2026-07-26T11:55:18.0643903Z Azure Region: eastus
2026-07-26T11:55:18.0645034Z ##[endgroup]
2026-07-26T11:55:18.0647630Z ##[group]Operating System
2026-07-26T11:55:18.0648797Z Ubuntu
2026-07-26T11:55:18.0650015Z 24.04.4
2026-07-26T11:55:18.0650877Z LTS
2026-07-26T11:55:18.0651765Z ##[endgroup]
2026-07-26T11:55:18.0652686Z ##[group]Runner Image
2026-07-26T11:55:18.0653725Z Image: ubuntu-24.04
2026-07-26T11:55:18.0654637Z Version: 20260720.247.2
2026-07-26T11:55:18.0656794Z Included Software: https://github.com/actions/runner-images/blob/ubuntu24/20260720.247/images/ubuntu/Ubuntu2404-Readme.md
2026-07-26T11:55:18.0659708Z Image Release: https://github.com/actions/runner-images/releases/tag/ubuntu24%2F20260720.247
2026-07-26T11:55:18.0661474Z ##[endgroup]
2026-07-26T11:55:18.0663491Z ##[group]GITHUB_TOKEN Permissions
2026-07-26T11:55:18.0666457Z Contents: read
2026-07-26T11:55:18.0667435Z Metadata: read
2026-07-26T11:55:18.0668377Z Packages: write
2026-07-26T11:55:18.0669347Z ##[endgroup]
2026-07-26T11:55:18.0672566Z Secret source: Actions
2026-07-26T11:55:18.0674803Z Prepare workflow directory
2026-07-26T11:55:18.1410574Z Prepare all required actions
2026-07-26T11:55:18.1472742Z Getting action download info
2026-07-26T11:55:18.3561373Z Download action repository 'actions/checkout@v4' (SHA:11d5960a326750d5838078e36cf38b85af677262)
2026-07-26T11:55:18.5953136Z Download action repository 'docker/setup-buildx-action@v3' (SHA:8d2750c68a42422c14e847fe6c8ac0403b4cbd6f)
2026-07-26T11:55:18.7779070Z Download action repository 'docker/login-action@v3' (SHA:c94ce9fb468520275223c153574b00df6fe4bcc9)
2026-07-26T11:55:18.9829221Z Download action repository 'docker/metadata-action@v5' (SHA:c299e40c65443455700f0fdfc63efafe5b349051)
2026-07-26T11:55:19.2113664Z Download action repository 'docker/build-push-action@v6' (SHA:10e90e3645eae34f1e60eeb005ba3a3d33f178e8)
2026-07-26T11:55:19.6831708Z Complete job name: Build & Push Docker Image
2026-07-26T11:55:19.7783602Z Node 20 is being deprecated. This workflow is running with Node 24 by default. If you need to temporarily use Node 20, you can set the ACTIONS_ALLOW_USE_UNSECURE_NODE_VERSION=true environment variable. For more information see: https://github.blog/changelog/2025-09-19-deprecation-of-node-20-on-github-actions-runners/
2026-07-26T11:55:19.7794925Z ##[group]Run actions/checkout@v4
2026-07-26T11:55:19.7796228Z with:
2026-07-26T11:55:19.7797026Z   repository: pkinerd/ednsv
2026-07-26T11:55:19.7806616Z   token: ***
2026-07-26T11:55:19.7807417Z   ssh-strict: true
2026-07-26T11:55:19.7808233Z   ssh-user: git
2026-07-26T11:55:19.7809077Z   persist-credentials: true
2026-07-26T11:55:19.7810223Z   clean: true
2026-07-26T11:55:19.7811073Z   sparse-checkout-cone-mode: true
2026-07-26T11:55:19.7812080Z   fetch-depth: 1
2026-07-26T11:55:19.7812917Z   fetch-tags: false
2026-07-26T11:55:19.7813757Z   show-progress: true
2026-07-26T11:55:19.7814604Z   lfs: false
2026-07-26T11:55:19.7815424Z   submodules: false
2026-07-26T11:55:19.7816287Z   set-safe-directory: true
2026-07-26T11:55:19.7817256Z   allow-unsafe-pr-checkout: false
2026-07-26T11:55:19.7818520Z env:
2026-07-26T11:55:19.7819259Z   REGISTRY: ghcr.io
2026-07-26T11:55:19.7820266Z   IMAGE_NAME: pkinerd/ednsv
2026-07-26T11:55:19.7821169Z ##[endgroup]
2026-07-26T11:55:19.8930946Z Syncing repository: pkinerd/ednsv
2026-07-26T11:55:19.8934588Z ##[group]Getting Git version info
2026-07-26T11:55:19.8936631Z Working directory is '/home/runner/work/ednsv/ednsv'
2026-07-26T11:55:19.8939725Z [command]/usr/bin/git version
2026-07-26T11:55:20.0013806Z git version 2.54.0
2026-07-26T11:55:20.0069023Z ##[endgroup]
2026-07-26T11:55:20.0085666Z Temporarily overriding HOME='/home/runner/work/_temp/70f72a9a-8903-4f65-990e-7b2c69a37f65' before making global git config changes
2026-07-26T11:55:20.0089306Z Adding repository directory to the temporary git global config as a safe directory
2026-07-26T11:55:20.0093228Z [command]/usr/bin/git config --global --add safe.directory /home/runner/work/ednsv/ednsv
2026-07-26T11:55:20.0142413Z Deleting the contents of '/home/runner/work/ednsv/ednsv'
2026-07-26T11:55:20.0145740Z ##[group]Initializing the repository
2026-07-26T11:55:20.0149971Z [command]/usr/bin/git init /home/runner/work/ednsv/ednsv
2026-07-26T11:55:20.0269921Z hint: Using 'master' as the name for the initial branch. This default branch name
2026-07-26T11:55:20.0272418Z hint: will change to "main" in Git 3.0. To configure the initial branch name
2026-07-26T11:55:20.0275136Z hint: to use in all of your new repositories, which will suppress this warning,
2026-07-26T11:55:20.0277462Z hint: call:
2026-07-26T11:55:20.0284596Z hint:
2026-07-26T11:55:20.0286231Z hint: 	git config --global init.defaultBranch <name>
2026-07-26T11:55:20.0288163Z hint:
2026-07-26T11:55:20.0290322Z hint: Names commonly chosen instead of 'master' are 'main', 'trunk' and
2026-07-26T11:55:20.0293235Z hint: 'development'. The just-created branch can be renamed via this command:
2026-07-26T11:55:20.0295927Z hint:
2026-07-26T11:55:20.0297330Z hint: 	git branch -m <name>
2026-07-26T11:55:20.0298899Z hint:
2026-07-26T11:55:20.0301143Z hint: Disable this message with "git config set advice.defaultBranchName false"
2026-07-26T11:55:20.0304236Z Initialized empty Git repository in /home/runner/work/ednsv/ednsv/.git/
2026-07-26T11:55:20.0309269Z [command]/usr/bin/git remote add origin https://github.com/pkinerd/ednsv
2026-07-26T11:55:20.0342284Z ##[endgroup]
2026-07-26T11:55:20.0345178Z ##[group]Disabling automatic garbage collection
2026-07-26T11:55:20.0347758Z [command]/usr/bin/git config --local gc.auto 0
2026-07-26T11:55:20.0379740Z ##[endgroup]
2026-07-26T11:55:20.0381413Z ##[group]Setting up auth
2026-07-26T11:55:20.0385334Z [command]/usr/bin/git config --local --name-only --get-regexp core\.sshCommand
2026-07-26T11:55:20.0423909Z [command]/usr/bin/git submodule foreach --recursive sh -c "git config --local --name-only --get-regexp 'core\.sshCommand' && git config --local --unset-all 'core.sshCommand' || :"
2026-07-26T11:55:20.0813587Z [command]/usr/bin/git config --local --name-only --get-regexp http\.https\:\/\/github\.com\/\.extraheader
2026-07-26T11:55:20.0877501Z [command]/usr/bin/git submodule foreach --recursive sh -c "git config --local --name-only --get-regexp 'http\.https\:\/\/github\.com\/\.extraheader' && git config --local --unset-all 'http.https://github.com/.extraheader' || :"
2026-07-26T11:55:20.1156332Z [command]/usr/bin/git config --local --name-only --get-regexp ^includeIf\.gitdir:
2026-07-26T11:55:20.1193458Z [command]/usr/bin/git submodule foreach --recursive git config --local --show-origin --name-only --get-regexp remote.origin.url
2026-07-26T11:55:20.1435996Z [command]/usr/bin/git config --local http.https://github.com/.extraheader AUTHORIZATION: basic ***
2026-07-26T11:55:20.1474865Z ##[endgroup]
2026-07-26T11:55:20.1484134Z ##[group]Fetching the repository
2026-07-26T11:55:20.1486944Z [command]/usr/bin/git -c protocol.version=2 fetch --no-tags --prune --no-recurse-submodules --depth=1 origin +97dc8a79b916b844588134bcc65f9acf6d737e89:refs/remotes/pull/28/merge
2026-07-26T11:55:20.4350976Z From https://github.com/pkinerd/ednsv
2026-07-26T11:55:20.4353186Z  * [new ref]         97dc8a79b916b844588134bcc65f9acf6d737e89 -> pull/28/merge
2026-07-26T11:55:20.4388063Z ##[endgroup]
2026-07-26T11:55:20.4390707Z ##[group]Determining the checkout info
2026-07-26T11:55:20.4393892Z ##[endgroup]
2026-07-26T11:55:20.4398032Z [command]/usr/bin/git sparse-checkout disable
2026-07-26T11:55:20.4449316Z [command]/usr/bin/git config --local --unset-all extensions.worktreeConfig
2026-07-26T11:55:20.4487968Z ##[group]Checking out the ref
2026-07-26T11:55:20.4491659Z [command]/usr/bin/git checkout --progress --force refs/remotes/pull/28/merge
2026-07-26T11:55:20.4636886Z Note: switching to 'refs/remotes/pull/28/merge'.
2026-07-26T11:55:20.4638766Z 
2026-07-26T11:55:20.4640537Z You are in 'detached HEAD' state. You can look around, make experimental
2026-07-26T11:55:20.4643582Z changes and commit them, and you can discard any commits you make in this
2026-07-26T11:55:20.4645986Z state without impacting any branches by switching back to a branch.
2026-07-26T11:55:20.4647070Z 
2026-07-26T11:55:20.4647841Z If you want to create a new branch to retain commits you create, you may
2026-07-26T11:55:20.4649947Z do so (now or later) by using -c with the switch command. Example:
2026-07-26T11:55:20.4650911Z 
2026-07-26T11:55:20.4651306Z   git switch -c <new-branch-name>
2026-07-26T11:55:20.4651947Z 
2026-07-26T11:55:20.4652337Z Or undo this operation with:
2026-07-26T11:55:20.4652951Z 
2026-07-26T11:55:20.4653356Z   git switch -
2026-07-26T11:55:20.4653899Z 
2026-07-26T11:55:20.4654709Z Turn off this advice by setting config variable advice.detachedHead to false
2026-07-26T11:55:20.4656226Z 
2026-07-26T11:55:20.4658458Z HEAD is now at 97dc8a7 Merge 3ee3f5ef7a8cf327c6427880e2b1f49331048ee6 into 0907a58f50a6c98d23ae466ed31c3a0c15264622
2026-07-26T11:55:20.4662691Z ##[endgroup]
2026-07-26T11:55:20.4735894Z [command]/usr/bin/git log -1 --format=%H
2026-07-26T11:55:20.4762603Z 97dc8a79b916b844588134bcc65f9acf6d737e89
2026-07-26T11:55:20.5025611Z ##[group]Run if [ "pull_request" != "pull_request" ]; then
2026-07-26T11:55:20.5027177Z [36;1mif [ "pull_request" != "pull_request" ]; then[0m
2026-07-26T11:55:20.5028526Z [36;1m  echo "push=true" >> "$GITHUB_OUTPUT"[0m
2026-07-26T11:55:20.5030214Z [36;1melif [ "pkinerd/ednsv" = "pkinerd/ednsv" ]; then[0m
2026-07-26T11:55:20.5031591Z [36;1m  echo "push=true" >> "$GITHUB_OUTPUT"[0m
2026-07-26T11:55:20.5032756Z [36;1melse[0m
2026-07-26T11:55:20.5033724Z [36;1m  echo "push=false" >> "$GITHUB_OUTPUT"[0m
2026-07-26T11:55:20.5034892Z [36;1mfi[0m
2026-07-26T11:55:20.5085949Z shell: /usr/bin/bash -e {0}
2026-07-26T11:55:20.5086991Z env:
2026-07-26T11:55:20.5087809Z   REGISTRY: ghcr.io
2026-07-26T11:55:20.5088743Z   IMAGE_NAME: pkinerd/ednsv
2026-07-26T11:55:20.5090146Z ##[endgroup]
2026-07-26T11:55:20.5387422Z Node 20 is being deprecated. This workflow is running with Node 24 by default. If you need to temporarily use Node 20, you can set the ACTIONS_ALLOW_USE_UNSECURE_NODE_VERSION=true environment variable. For more information see: https://github.blog/changelog/2025-09-19-deprecation-of-node-20-on-github-actions-runners/
2026-07-26T11:55:20.5392668Z ##[group]Run docker/setup-buildx-action@v3
2026-07-26T11:55:20.5393768Z with:
2026-07-26T11:55:20.5394573Z   driver: docker-container
2026-07-26T11:55:20.5395484Z   use: true
2026-07-26T11:55:20.5396269Z   keep-state: false
2026-07-26T11:55:20.5397116Z   cache-binary: true
2026-07-26T11:55:20.5397963Z   cleanup: true
2026-07-26T11:55:20.5398774Z   install: false
2026-07-26T11:55:20.5399772Z env:
2026-07-26T11:55:20.5400530Z   REGISTRY: ghcr.io
2026-07-26T11:55:20.5401423Z   IMAGE_NAME: pkinerd/ednsv
2026-07-26T11:55:20.5402357Z ##[endgroup]
2026-07-26T11:55:20.7871339Z (node:2263) [DEP0040] DeprecationWarning: The `punycode` module is deprecated. Please use a userland alternative instead.
2026-07-26T11:55:20.7872787Z (Use `node --trace-deprecation ...` to show where the warning was created)
2026-07-26T11:55:20.7942834Z ##[group]Docker info
2026-07-26T11:55:20.7970538Z [command]/usr/bin/docker version
2026-07-26T11:55:20.9052714Z Client: Docker Engine - Community
2026-07-26T11:55:20.9055155Z  Version:           28.0.4
2026-07-26T11:55:20.9056656Z  API version:       1.48
2026-07-26T11:55:20.9057983Z  Go version:        go1.23.7
2026-07-26T11:55:20.9059229Z  Git commit:        b8034c0
2026-07-26T11:55:20.9060726Z  Built:             Tue Mar 25 15:07:16 2025
2026-07-26T11:55:20.9061621Z  OS/Arch:           linux/amd64
2026-07-26T11:55:20.9062571Z  Context:           default
2026-07-26T11:55:20.9063027Z 
2026-07-26T11:55:20.9063462Z Server: Docker Engine - Community
2026-07-26T11:55:20.9064617Z  Engine:
2026-07-26T11:55:20.9065379Z   Version:          28.0.4
2026-07-26T11:55:20.9066189Z   API version:      1.48 (minimum version 1.24)
2026-07-26T11:55:20.9067082Z   Go version:       go1.23.7
2026-07-26T11:55:20.9067856Z   Git commit:       6430e49
2026-07-26T11:55:20.9068657Z   Built:            Tue Mar 25 15:07:16 2025
2026-07-26T11:55:20.9069723Z   OS/Arch:          linux/amd64
2026-07-26T11:55:20.9070659Z   Experimental:     false
2026-07-26T11:55:20.9071556Z  containerd:
2026-07-26T11:55:20.9072426Z   Version:          v2.2.6
2026-07-26T11:55:20.9073407Z   GitCommit:        11ce9d5f3c68c941867e82890e93e815c1304f1b
2026-07-26T11:55:20.9074314Z  runc:
2026-07-26T11:55:20.9075196Z   Version:          1.3.6
2026-07-26T11:55:20.9076108Z   GitCommit:        v1.3.6-0-g491b69ba
2026-07-26T11:55:20.9077028Z  docker-init:
2026-07-26T11:55:20.9077803Z   Version:          0.19.0
2026-07-26T11:55:20.9078729Z   GitCommit:        de40ad0
2026-07-26T11:55:20.9098332Z [command]/usr/bin/docker info
2026-07-26T11:55:21.2825877Z Client: Docker Engine - Community
2026-07-26T11:55:21.2840692Z  Version:    28.0.4
2026-07-26T11:55:21.2841350Z  Context:    default
2026-07-26T11:55:21.2842007Z  Debug Mode: false
2026-07-26T11:55:21.2842578Z  Plugins:
2026-07-26T11:55:21.2843151Z   buildx: Docker Buildx (Docker Inc.)
2026-07-26T11:55:21.2843870Z     Version:  v0.35.0
2026-07-26T11:55:21.2844582Z     Path:     /usr/libexec/docker/cli-plugins/docker-buildx
2026-07-26T11:55:21.2845306Z   compose: Docker Compose (Docker Inc.)
2026-07-26T11:55:21.2845996Z     Version:  v2.38.2
2026-07-26T11:55:21.2846849Z     Path:     /usr/libexec/docker/cli-plugins/docker-compose
2026-07-26T11:55:21.2847571Z 
2026-07-26T11:55:21.2847916Z Server:
2026-07-26T11:55:21.2848508Z  Containers: 0
2026-07-26T11:55:21.2849015Z   Running: 0
2026-07-26T11:55:21.2849850Z   Paused: 0
2026-07-26T11:55:21.2850449Z   Stopped: 0
2026-07-26T11:55:21.2851130Z  Images: 6
2026-07-26T11:55:21.2851741Z  Server Version: 28.0.4
2026-07-26T11:55:21.2852442Z  Storage Driver: overlay2
2026-07-26T11:55:21.2853143Z   Backing Filesystem: extfs
2026-07-26T11:55:21.2853829Z   Supports d_type: true
2026-07-26T11:55:21.2854860Z   Using metacopy: false
2026-07-26T11:55:21.2855349Z   Native Overlay Diff: false
2026-07-26T11:55:21.2855779Z   userxattr: false
2026-07-26T11:55:21.2856176Z  Logging Driver: json-file
2026-07-26T11:55:21.2856556Z  Cgroup Driver: systemd
2026-07-26T11:55:21.2856917Z  Cgroup Version: 2
2026-07-26T11:55:21.2857257Z  Plugins:
2026-07-26T11:55:21.2857565Z   Volume: local
2026-07-26T11:55:21.2857952Z   Network: bridge host ipvlan macvlan null overlay
2026-07-26T11:55:21.2858504Z   Log: awslogs fluentd gcplogs gelf journald json-file local splunk syslog
2026-07-26T11:55:21.2859041Z  Swarm: inactive
2026-07-26T11:55:21.2859408Z  Runtimes: runc io.containerd.runc.v2
2026-07-26T11:55:21.2860162Z  Default Runtime: runc
2026-07-26T11:55:21.2860524Z  Init Binary: docker-init
2026-07-26T11:55:21.2860958Z  containerd version: 11ce9d5f3c68c941867e82890e93e815c1304f1b
2026-07-26T11:55:21.2861479Z  runc version: v1.3.6-0-g491b69ba
2026-07-26T11:55:21.2862104Z  init version: de40ad0
2026-07-26T11:55:21.2862702Z  Security Options:
2026-07-26T11:55:21.2863266Z   apparmor
2026-07-26T11:55:21.2863786Z   seccomp
2026-07-26T11:55:21.2864337Z    Profile: builtin
2026-07-26T11:55:21.2864922Z   cgroupns
2026-07-26T11:55:21.2865521Z  Kernel Version: 6.17.0-1020-azure
2026-07-26T11:55:21.2866262Z  Operating System: Ubuntu 24.04.4 LTS
2026-07-26T11:55:21.2866667Z  OSType: linux
2026-07-26T11:55:21.2867000Z  Architecture: x86_64
2026-07-26T11:55:21.2867349Z  CPUs: 4
2026-07-26T11:55:21.2867674Z  Total Memory: 15.62GiB
2026-07-26T11:55:21.2868083Z  Name: runnervmvrwv9
2026-07-26T11:55:21.2868733Z  ID: dce1e4a9-fc26-4218-aaf0-feee5194c8cb
2026-07-26T11:55:21.2869335Z  Docker Root Dir: /var/lib/docker
2026-07-26T11:55:21.2870069Z  Debug Mode: false
2026-07-26T11:55:21.2870436Z  Username: githubactions
2026-07-26T11:55:21.2870797Z  Experimental: false
2026-07-26T11:55:21.2871355Z  Insecure Registries:
2026-07-26T11:55:21.2876680Z   ::1/128
2026-07-26T11:55:21.2877034Z   127.0.0.0/8
2026-07-26T11:55:21.2877437Z  Live Restore Enabled: false
2026-07-26T11:55:21.2877878Z 
2026-07-26T11:55:21.2878564Z ##[endgroup]
2026-07-26T11:55:21.3498618Z ##[group]Buildx version
2026-07-26T11:55:21.3528848Z [command]/usr/bin/docker buildx version
2026-07-26T11:55:21.4038349Z github.com/docker/buildx v0.35.0 a319e5b15052cf6557ceb666eb8ff6e32380b782
2026-07-26T11:55:21.4082155Z ##[endgroup]
2026-07-26T11:55:21.4220825Z ##[group]Inspecting default docker context
2026-07-26T11:55:21.4361214Z [
2026-07-26T11:55:21.4361632Z   {
2026-07-26T11:55:21.4361942Z     "Name": "default",
2026-07-26T11:55:21.4362354Z     "Metadata": {},
2026-07-26T11:55:21.4362750Z     "Endpoints": {
2026-07-26T11:55:21.4363111Z       "docker": {
2026-07-26T11:55:21.4363627Z         "Host": "unix:///var/run/docker.sock",
2026-07-26T11:55:21.4364095Z         "SkipTLSVerify": false
2026-07-26T11:55:21.4364526Z       }
2026-07-26T11:55:21.4364883Z     },
2026-07-26T11:55:21.4365312Z     "TLSMaterial": {},
2026-07-26T11:55:21.4365668Z     "Storage": {
2026-07-26T11:55:21.4366175Z       "MetadataPath": "<IN MEMORY>",
2026-07-26T11:55:21.4366607Z       "TLSPath": "<IN MEMORY>"
2026-07-26T11:55:21.4367108Z     }
2026-07-26T11:55:21.4367428Z   }
2026-07-26T11:55:21.4367839Z ]
2026-07-26T11:55:21.4368683Z ##[endgroup]
2026-07-26T11:55:21.4369377Z ##[group]Creating a new builder instance
2026-07-26T11:55:21.5654244Z [command]/usr/bin/docker buildx create --name builder-029c54b9-a838-43b2-90b1-1d0b98aa2156 --driver docker-container --buildkitd-flags --allow-insecure-entitlement security.insecure --allow-insecure-entitlement network.host --use
2026-07-26T11:55:21.6318500Z builder-029c54b9-a838-43b2-90b1-1d0b98aa2156
2026-07-26T11:55:21.6356497Z ##[endgroup]
2026-07-26T11:55:21.6357989Z ##[group]Booting builder
2026-07-26T11:55:21.6401973Z [command]/usr/bin/docker buildx inspect --bootstrap --builder builder-029c54b9-a838-43b2-90b1-1d0b98aa2156
2026-07-26T11:55:21.6948386Z #1 [internal] booting buildkit
2026-07-26T11:55:21.8451030Z #1 pulling image moby/buildkit:buildx-stable-1
2026-07-26T11:55:26.3270516Z #1 pulling image moby/buildkit:buildx-stable-1 4.6s done
2026-07-26T11:55:26.4775761Z #1 creating container buildx_buildkit_builder-029c54b9-a838-43b2-90b1-1d0b98aa21560
2026-07-26T11:55:26.6955922Z #1 creating container buildx_buildkit_builder-029c54b9-a838-43b2-90b1-1d0b98aa21560 0.4s done
2026-07-26T11:55:26.6978814Z #1 DONE 5.0s
2026-07-26T11:55:26.7291988Z Name:          builder-029c54b9-a838-43b2-90b1-1d0b98aa2156
2026-07-26T11:55:26.7293029Z Driver:        docker-container
2026-07-26T11:55:26.7294045Z Last Activity: 2026-07-26 11:55:21 +0000 UTC
2026-07-26T11:55:26.7294747Z 
2026-07-26T11:55:26.7310220Z Nodes:
2026-07-26T11:55:26.7310832Z Name:                  builder-029c54b9-a838-43b2-90b1-1d0b98aa21560
2026-07-26T11:55:26.7311457Z Endpoint:              unix:///var/run/docker.sock
2026-07-26T11:55:26.7311929Z Status:                running
2026-07-26T11:55:26.7312483Z BuildKit daemon flags: --allow-insecure-entitlement security.insecure --allow-insecure-entitlement network.host
2026-07-26T11:55:26.7313055Z BuildKit version:      v0.31.2
2026-07-26T11:55:26.7313566Z Platforms:             linux/amd64, linux/amd64/v2, linux/amd64/v3, linux/386
2026-07-26T11:55:26.7313931Z Labels:
2026-07-26T11:55:26.7314178Z  org.mobyproject.buildkit.worker.executor:         oci
2026-07-26T11:55:26.7314581Z  org.mobyproject.buildkit.worker.hostname:         d8aaccf94e74
2026-07-26T11:55:26.7314986Z  org.mobyproject.buildkit.worker.network:          host
2026-07-26T11:55:26.7315381Z  org.mobyproject.buildkit.worker.oci.process-mode: sandbox
2026-07-26T11:55:26.7315786Z  org.mobyproject.buildkit.worker.selinux.enabled:  false
2026-07-26T11:55:26.7316189Z  org.mobyproject.buildkit.worker.snapshotter:      overlayfs
2026-07-26T11:55:26.7316531Z GC Policy rule#0:
2026-07-26T11:55:26.7316727Z  All:            false
2026-07-26T11:55:26.7317384Z  Filters:        type==source.local type==exec.cachemount type==source.git.checkout
2026-07-26T11:55:26.7317776Z  Keep Duration:  48h0m0s
2026-07-26T11:55:26.7318010Z  Max Used Space: 488.3MiB
2026-07-26T11:55:26.7318227Z GC Policy rule#1:
2026-07-26T11:55:26.7318450Z  All:            false
2026-07-26T11:55:26.7318714Z  Keep Duration:  1440h0m0s
2026-07-26T11:55:26.7318969Z  Reserved Space: 9.313GiB
2026-07-26T11:55:26.7319205Z  Max Used Space: 93.13GiB
2026-07-26T11:55:26.7319418Z  Min Free Space: 27.01GiB
2026-07-26T11:55:26.7319885Z GC Policy rule#2:
2026-07-26T11:55:26.7320084Z  All:            false
2026-07-26T11:55:26.7320294Z  Reserved Space: 9.313GiB
2026-07-26T11:55:26.7320510Z  Max Used Space: 93.13GiB
2026-07-26T11:55:26.7320717Z  Min Free Space: 27.01GiB
2026-07-26T11:55:26.7320924Z GC Policy rule#3:
2026-07-26T11:55:26.7321112Z  All:            true
2026-07-26T11:55:26.7321311Z  Reserved Space: 9.313GiB
2026-07-26T11:55:26.7321521Z  Max Used Space: 93.13GiB
2026-07-26T11:55:26.7321728Z  Min Free Space: 27.01GiB
2026-07-26T11:55:26.7364379Z ##[endgroup]
2026-07-26T11:55:26.8254938Z ##[group]Inspect builder
2026-07-26T11:55:26.8255768Z {
2026-07-26T11:55:26.8256106Z   "nodes": [
2026-07-26T11:55:26.8256441Z     {
2026-07-26T11:55:26.8256862Z       "name": "builder-029c54b9-a838-43b2-90b1-1d0b98aa21560",
2026-07-26T11:55:26.8257505Z       "endpoint": "unix:///var/run/docker.sock",
2026-07-26T11:55:26.8258026Z       "status": "running",
2026-07-26T11:55:26.8258934Z       "buildkitd-flags": "--allow-insecure-entitlement security.insecure --allow-insecure-entitlement network.host",
2026-07-26T11:55:26.8260343Z       "buildkit": "v0.31.2",
2026-07-26T11:55:26.8260935Z       "platforms": "linux/amd64,linux/amd64/v2,linux/amd64/v3,linux/386",
2026-07-26T11:55:26.8261577Z       "features": {
2026-07-26T11:55:26.8262117Z         "Automatically load images to the Docker Engine image store": true,
2026-07-26T11:55:26.8262782Z         "Cache export": true,
2026-07-26T11:55:26.8263205Z         "Direct push": true,
2026-07-26T11:55:26.8263641Z         "Docker exporter": true,
2026-07-26T11:55:26.8264088Z         "Multi-platform build": true,
2026-07-26T11:55:26.8264480Z         "OCI exporter": true
2026-07-26T11:55:26.8265103Z       },
2026-07-26T11:55:26.8265385Z       "labels": {
2026-07-26T11:55:26.8265783Z         "org.mobyproject.buildkit.worker.executor": "oci",
2026-07-26T11:55:26.8266465Z         "org.mobyproject.buildkit.worker.hostname": "d8aaccf94e74",
2026-07-26T11:55:26.8267155Z         "org.mobyproject.buildkit.worker.network": "host",
2026-07-26T11:55:26.8267841Z         "org.mobyproject.buildkit.worker.oci.process-mode": "sandbox",
2026-07-26T11:55:26.8268610Z         "org.mobyproject.buildkit.worker.selinux.enabled": "false",
2026-07-26T11:55:26.8269263Z         "org.mobyproject.buildkit.worker.snapshotter": "overlayfs"
2026-07-26T11:55:26.8270512Z       },
2026-07-26T11:55:26.8270837Z       "gcPolicy": [
2026-07-26T11:55:26.8271132Z         {
2026-07-26T11:55:26.8271427Z           "all": false,
2026-07-26T11:55:26.8271749Z           "filter": [
2026-07-26T11:55:26.8272238Z             "type==source.local type==exec.cachemount type==source.git.checkout"
2026-07-26T11:55:26.8272915Z           ],
2026-07-26T11:55:26.8273312Z           "keepDuration": "48h0m0s",
2026-07-26T11:55:26.8273766Z           "maxUsedSpace": "488.3MiB"
2026-07-26T11:55:26.8274213Z         },
2026-07-26T11:55:26.8274521Z         {
2026-07-26T11:55:26.8274824Z           "all": false,
2026-07-26T11:55:26.8275250Z           "keepDuration": "1440h0m0s",
2026-07-26T11:55:26.8275696Z           "reservedSpace": "9.313GiB",
2026-07-26T11:55:26.8276133Z           "maxUsedSpace": "93.13GiB",
2026-07-26T11:55:26.8276572Z           "minFreeSpace": "27.01GiB"
2026-07-26T11:55:26.8277005Z         },
2026-07-26T11:55:26.8277319Z         {
2026-07-26T11:55:26.8277603Z           "all": false,
2026-07-26T11:55:26.8278005Z           "reservedSpace": "9.313GiB",
2026-07-26T11:55:26.8278465Z           "maxUsedSpace": "93.13GiB",
2026-07-26T11:55:26.8279119Z           "minFreeSpace": "27.01GiB"
2026-07-26T11:55:26.8279734Z         },
2026-07-26T11:55:26.8280016Z         {
2026-07-26T11:55:26.8280295Z           "all": true,
2026-07-26T11:55:26.8280652Z           "reservedSpace": "9.313GiB",
2026-07-26T11:55:26.8281073Z           "maxUsedSpace": "93.13GiB",
2026-07-26T11:55:26.8281559Z           "minFreeSpace": "27.01GiB"
2026-07-26T11:55:26.8282027Z         }
2026-07-26T11:55:26.8282363Z       ]
2026-07-26T11:55:26.8282659Z     }
2026-07-26T11:55:26.8282937Z   ],
2026-07-26T11:55:26.8283376Z   "name": "builder-029c54b9-a838-43b2-90b1-1d0b98aa2156",
2026-07-26T11:55:26.8283969Z   "driver": "docker-container",
2026-07-26T11:55:26.8284422Z   "lastActivity": "2026-07-26T11:55:21.000Z"
2026-07-26T11:55:26.8284865Z }
2026-07-26T11:55:26.8285524Z ##[endgroup]
2026-07-26T11:55:26.8286149Z ##[group]BuildKit version
2026-07-26T11:55:26.8286657Z builder-029c54b9-a838-43b2-90b1-1d0b98aa21560: v0.31.2
2026-07-26T11:55:26.8287505Z ##[endgroup]
2026-07-26T11:55:26.8476270Z Node 20 is being deprecated. This workflow is running with Node 24 by default. If you need to temporarily use Node 20, you can set the ACTIONS_ALLOW_USE_UNSECURE_NODE_VERSION=true environment variable. For more information see: https://github.blog/changelog/2025-09-19-deprecation-of-node-20-on-github-actions-runners/
2026-07-26T11:55:26.8477511Z ##[group]Run docker/login-action@v3
2026-07-26T11:55:26.8477750Z with:
2026-07-26T11:55:26.8477925Z   registry: ghcr.io
2026-07-26T11:55:26.8478126Z   username: pkinerd
2026-07-26T11:55:26.8481135Z   password: ***
2026-07-26T11:55:26.8481354Z   logout: true
2026-07-26T11:55:26.8481537Z env:
2026-07-26T11:55:26.8481707Z   REGISTRY: ghcr.io
2026-07-26T11:55:26.8481908Z   IMAGE_NAME: pkinerd/ednsv
2026-07-26T11:55:26.8482125Z ##[endgroup]
2026-07-26T11:55:27.1634394Z Logging into ghcr.io...
2026-07-26T11:55:27.1657784Z (node:2745) [DEP0040] DeprecationWarning: The `punycode` module is deprecated. Please use a userland alternative instead.
2026-07-26T11:55:27.1658668Z (Use `node --trace-deprecation ...` to show where the warning was created)
2026-07-26T11:55:27.5075801Z Login Succeeded!
2026-07-26T11:55:27.5251695Z Node 20 is being deprecated. This workflow is running with Node 24 by default. If you need to temporarily use Node 20, you can set the ACTIONS_ALLOW_USE_UNSECURE_NODE_VERSION=true environment variable. For more information see: https://github.blog/changelog/2025-09-19-deprecation-of-node-20-on-github-actions-runners/
2026-07-26T11:55:27.5252952Z ##[group]Run docker/metadata-action@v5
2026-07-26T11:55:27.5253210Z with:
2026-07-26T11:55:27.5253405Z   images: ghcr.io/pkinerd/ednsv
2026-07-26T11:55:27.5254101Z   tags: type=ref,event=branch,prefix=branch-
type=ref,event=pr,prefix=pr-
type=sha,format=short,prefix=sha-
type=raw,value=latest,enable={{is_default_branch}}
type=raw,value=latest-any

2026-07-26T11:55:27.5254803Z   context: workflow
2026-07-26T11:55:27.5257387Z   github-token: ***
2026-07-26T11:55:27.5257588Z env:
2026-07-26T11:55:27.5257760Z   REGISTRY: ghcr.io
2026-07-26T11:55:27.5257981Z   IMAGE_NAME: pkinerd/ednsv
2026-07-26T11:55:27.5258200Z ##[endgroup]
2026-07-26T11:55:27.9006956Z (node:2766) [DEP0040] DeprecationWarning: The `punycode` module is deprecated. Please use a userland alternative instead.
2026-07-26T11:55:27.9008054Z (Use `node --trace-deprecation ...` to show where the warning was created)
2026-07-26T11:55:28.6477844Z ##[group]Context info
2026-07-26T11:55:28.6478324Z eventName: pull_request
2026-07-26T11:55:28.6478838Z sha: 97dc8a79b916b844588134bcc65f9acf6d737e89
2026-07-26T11:55:28.6479327Z ref: refs/pull/28/merge
2026-07-26T11:55:28.6480019Z workflow: CI
2026-07-26T11:55:28.6480410Z action: meta
2026-07-26T11:55:28.6480831Z actor: pkinerd
2026-07-26T11:55:28.6481096Z runNumber: 221
2026-07-26T11:55:28.6481358Z runId: 30201020166
2026-07-26T11:55:28.6481878Z commitDate: Sun Jul 26 2026 11:54:25 GMT+0000 (Coordinated Universal Time)
2026-07-26T11:55:28.6482623Z ##[endgroup]
2026-07-26T11:55:28.6493134Z ##[group]Processing images input
2026-07-26T11:55:28.6494025Z name=ghcr.io/pkinerd/ednsv,enable=true
2026-07-26T11:55:28.6494718Z ##[endgroup]
2026-07-26T11:55:28.6518137Z ##[group]Processing tags input
2026-07-26T11:55:28.6518812Z type=ref,event=branch,prefix=branch-,enable=true,priority=600
2026-07-26T11:55:28.6519835Z type=ref,event=pr,prefix=pr-,enable=true,priority=600
2026-07-26T11:55:28.6520567Z type=raw,value=latest,enable={{is_default_branch}},priority=200
2026-07-26T11:55:28.6521267Z type=raw,value=latest-any,enable=true,priority=200
2026-07-26T11:55:28.6521929Z type=sha,format=short,prefix=sha-,enable=true,priority=100
2026-07-26T11:55:28.6522789Z ##[endgroup]
2026-07-26T11:55:28.6523449Z ##[group]Processing flavor input
2026-07-26T11:55:28.6523868Z latest=auto
2026-07-26T11:55:28.6524181Z prefix=
2026-07-26T11:55:28.6524522Z prefixLatest=false
2026-07-26T11:55:28.6524897Z suffix=
2026-07-26T11:55:28.6525210Z suffixLatest=false
2026-07-26T11:55:28.6525860Z ##[endgroup]
2026-07-26T11:55:28.6597718Z ##[group]Docker image version
2026-07-26T11:55:28.6598192Z pr-28
2026-07-26T11:55:28.6598766Z ##[endgroup]
2026-07-26T11:55:28.6603716Z ##[group]Docker tags
2026-07-26T11:55:28.6604196Z ghcr.io/pkinerd/ednsv:pr-28
2026-07-26T11:55:28.6604695Z ghcr.io/pkinerd/ednsv:latest-any
2026-07-26T11:55:28.6605168Z ghcr.io/pkinerd/ednsv:sha-97dc8a7
2026-07-26T11:55:28.6605958Z ##[endgroup]
2026-07-26T11:55:28.6681629Z ##[group]Docker labels
2026-07-26T11:55:28.6682183Z org.opencontainers.image.created=2026-07-26T11:55:28.651Z
2026-07-26T11:55:28.6701069Z org.opencontainers.image.description=
2026-07-26T11:55:28.6701709Z org.opencontainers.image.licenses=
2026-07-26T11:55:28.6702415Z org.opencontainers.image.revision=97dc8a79b916b844588134bcc65f9acf6d737e89
2026-07-26T11:55:28.6703426Z org.opencontainers.image.source=https://github.com/pkinerd/ednsv
2026-07-26T11:55:28.6704135Z org.opencontainers.image.title=ednsv
2026-07-26T11:55:28.6704848Z org.opencontainers.image.url=https://github.com/pkinerd/ednsv
2026-07-26T11:55:28.6705539Z org.opencontainers.image.version=pr-28
2026-07-26T11:55:28.6706478Z ##[endgroup]
2026-07-26T11:55:28.6707120Z ##[group]Annotations
2026-07-26T11:55:28.6707957Z manifest:org.opencontainers.image.created=2026-07-26T11:55:28.651Z
2026-07-26T11:55:28.6708852Z manifest:org.opencontainers.image.description=
2026-07-26T11:55:28.6709387Z manifest:org.opencontainers.image.licenses=
2026-07-26T11:55:28.6710511Z manifest:org.opencontainers.image.revision=97dc8a79b916b844588134bcc65f9acf6d737e89
2026-07-26T11:55:28.6711670Z manifest:org.opencontainers.image.source=https://github.com/pkinerd/ednsv
2026-07-26T11:55:28.6712198Z manifest:org.opencontainers.image.title=ednsv
2026-07-26T11:55:28.6712609Z manifest:org.opencontainers.image.url=https://github.com/pkinerd/ednsv
2026-07-26T11:55:28.6713035Z manifest:org.opencontainers.image.version=pr-28
2026-07-26T11:55:28.6713501Z ##[endgroup]
2026-07-26T11:55:28.6713828Z ##[group]JSON output
2026-07-26T11:55:28.6714028Z {
2026-07-26T11:55:28.6714191Z   "tags": [
2026-07-26T11:55:28.6714384Z     "ghcr.io/pkinerd/ednsv:pr-28",
2026-07-26T11:55:28.6714663Z     "ghcr.io/pkinerd/ednsv:latest-any",
2026-07-26T11:55:28.6714939Z     "ghcr.io/pkinerd/ednsv:sha-97dc8a7"
2026-07-26T11:55:28.6715175Z   ],
2026-07-26T11:55:28.6715343Z   "tag-names": [
2026-07-26T11:55:28.6715529Z     "pr-28",
2026-07-26T11:55:28.6715714Z     "latest-any",
2026-07-26T11:55:28.6715905Z     "sha-97dc8a7"
2026-07-26T11:55:28.6716084Z   ],
2026-07-26T11:55:28.6716253Z   "labels": {
2026-07-26T11:55:28.6716534Z     "org.opencontainers.image.created": "2026-07-26T11:55:28.651Z",
2026-07-26T11:55:28.6716919Z     "org.opencontainers.image.description": "",
2026-07-26T11:55:28.6717242Z     "org.opencontainers.image.licenses": "",
2026-07-26T11:55:28.6717661Z     "org.opencontainers.image.revision": "97dc8a79b916b844588134bcc65f9acf6d737e89",
2026-07-26T11:55:28.6718186Z     "org.opencontainers.image.source": "https://github.com/pkinerd/ednsv",
2026-07-26T11:55:28.6718596Z     "org.opencontainers.image.title": "ednsv",
2026-07-26T11:55:28.6718982Z     "org.opencontainers.image.url": "https://github.com/pkinerd/ednsv",
2026-07-26T11:55:28.6719852Z     "org.opencontainers.image.version": "pr-28"
2026-07-26T11:55:28.6720245Z   },
2026-07-26T11:55:28.6720416Z   "annotations": [
2026-07-26T11:55:28.6720714Z     "manifest:org.opencontainers.image.created=2026-07-26T11:55:28.651Z",
2026-07-26T11:55:28.6721123Z     "manifest:org.opencontainers.image.description=",
2026-07-26T11:55:28.6721467Z     "manifest:org.opencontainers.image.licenses=",
2026-07-26T11:55:28.6721918Z     "manifest:org.opencontainers.image.revision=97dc8a79b916b844588134bcc65f9acf6d737e89",
2026-07-26T11:55:28.6722494Z     "manifest:org.opencontainers.image.source=https://github.com/pkinerd/ednsv",
2026-07-26T11:55:28.6722937Z     "manifest:org.opencontainers.image.title=ednsv",
2026-07-26T11:55:28.6723355Z     "manifest:org.opencontainers.image.url=https://github.com/pkinerd/ednsv",
2026-07-26T11:55:28.6723788Z     "manifest:org.opencontainers.image.version=pr-28"
2026-07-26T11:55:28.6724084Z   ]
2026-07-26T11:55:28.6724247Z }
2026-07-26T11:55:28.6724564Z ##[endgroup]
2026-07-26T11:55:28.6724927Z ##[group]Bake file definition (tags)
2026-07-26T11:55:28.6725162Z {
2026-07-26T11:55:28.6725324Z   "target": {
2026-07-26T11:55:28.6725515Z     "docker-metadata-action": {
2026-07-26T11:55:28.6725741Z       "tags": [
2026-07-26T11:55:28.6725938Z         "ghcr.io/pkinerd/ednsv:pr-28",
2026-07-26T11:55:28.6726203Z         "ghcr.io/pkinerd/ednsv:latest-any",
2026-07-26T11:55:28.6726477Z         "ghcr.io/pkinerd/ednsv:sha-97dc8a7"
2026-07-26T11:55:28.6726720Z       ],
2026-07-26T11:55:28.6726882Z       "args": {
2026-07-26T11:55:28.6727104Z         "DOCKER_META_IMAGES": "ghcr.io/pkinerd/ednsv",
2026-07-26T11:55:28.6727402Z         "DOCKER_META_VERSION": "pr-28"
2026-07-26T11:55:28.6727639Z       }
2026-07-26T11:55:28.6727802Z     }
2026-07-26T11:55:28.6727962Z   }
2026-07-26T11:55:28.6728144Z }
2026-07-26T11:55:28.6728450Z ##[endgroup]
2026-07-26T11:55:28.6728810Z ##[group]Bake file definition (labels)
2026-07-26T11:55:28.6729047Z {
2026-07-26T11:55:28.6729202Z   "target": {
2026-07-26T11:55:28.6750142Z     "docker-metadata-action": {
2026-07-26T11:55:28.6750625Z       "labels": {
2026-07-26T11:55:28.6751164Z         "org.opencontainers.image.created": "2026-07-26T11:55:28.651Z",
2026-07-26T11:55:28.6751817Z         "org.opencontainers.image.description": "",
2026-07-26T11:55:28.6752351Z         "org.opencontainers.image.licenses": "",
2026-07-26T11:55:28.6753044Z         "org.opencontainers.image.revision": "97dc8a79b916b844588134bcc65f9acf6d737e89",
2026-07-26T11:55:28.6753953Z         "org.opencontainers.image.source": "https://github.com/pkinerd/ednsv",
2026-07-26T11:55:28.6754607Z         "org.opencontainers.image.title": "ednsv",
2026-07-26T11:55:28.6755189Z         "org.opencontainers.image.url": "https://github.com/pkinerd/ednsv",
2026-07-26T11:55:28.6755825Z         "org.opencontainers.image.version": "pr-28"
2026-07-26T11:55:28.6756248Z       }
2026-07-26T11:55:28.6756489Z     }
2026-07-26T11:55:28.6756739Z   }
2026-07-26T11:55:28.6756986Z }
2026-07-26T11:55:28.6757630Z ##[endgroup]
2026-07-26T11:55:28.6758231Z ##[group]Bake file definition (annotations)
2026-07-26T11:55:28.6758669Z {
2026-07-26T11:55:28.6758942Z   "target": {
2026-07-26T11:55:28.6759267Z     "docker-metadata-action": {
2026-07-26T11:55:28.6760081Z       "annotations": [
2026-07-26T11:55:28.6760664Z         "manifest:org.opencontainers.image.created=2026-07-26T11:55:28.651Z",
2026-07-26T11:55:28.6761452Z         "manifest:org.opencontainers.image.description=",
2026-07-26T11:55:28.6762036Z         "manifest:org.opencontainers.image.licenses=",
2026-07-26T11:55:28.6762815Z         "manifest:org.opencontainers.image.revision=97dc8a79b916b844588134bcc65f9acf6d737e89",
2026-07-26T11:55:28.6763754Z         "manifest:org.opencontainers.image.source=https://github.com/pkinerd/ednsv",
2026-07-26T11:55:28.6764667Z         "manifest:org.opencontainers.image.title=ednsv",
2026-07-26T11:55:28.6765502Z         "manifest:org.opencontainers.image.url=https://github.com/pkinerd/ednsv",
2026-07-26T11:55:28.6766591Z         "manifest:org.opencontainers.image.version=pr-28"
2026-07-26T11:55:28.6767111Z       ]
2026-07-26T11:55:28.6767410Z     }
2026-07-26T11:55:28.6767675Z   }
2026-07-26T11:55:28.6767973Z }
2026-07-26T11:55:28.6768536Z ##[endgroup]
2026-07-26T11:55:28.6980008Z Node 20 is being deprecated. This workflow is running with Node 24 by default. If you need to temporarily use Node 20, you can set the ACTIONS_ALLOW_USE_UNSECURE_NODE_VERSION=true environment variable. For more information see: https://github.blog/changelog/2025-09-19-deprecation-of-node-20-on-github-actions-runners/
2026-07-26T11:55:28.6981324Z ##[group]Run docker/build-push-action@v6
2026-07-26T11:55:28.6981592Z with:
2026-07-26T11:55:28.6981766Z   context: .
2026-07-26T11:55:28.6981944Z   file: ./Dockerfile
2026-07-26T11:55:28.6982134Z   push: true
2026-07-26T11:55:28.6982521Z   tags: ghcr.io/pkinerd/ednsv:pr-28
ghcr.io/pkinerd/ednsv:latest-any
ghcr.io/pkinerd/ednsv:sha-97dc8a7
2026-07-26T11:55:28.6984375Z   labels: org.opencontainers.image.created=2026-07-26T11:55:28.651Z
org.opencontainers.image.description=
org.opencontainers.image.licenses=
org.opencontainers.image.revision=97dc8a79b916b844588134bcc65f9acf6d737e89
org.opencontainers.image.source=https://github.com/pkinerd/ednsv
org.opencontainers.image.title=ednsv
org.opencontainers.image.url=https://github.com/pkinerd/ednsv
org.opencontainers.image.version=pr-28
2026-07-26T11:55:28.6985983Z   cache-from: type=gha
2026-07-26T11:55:28.6986202Z   cache-to: type=gha,mode=max
2026-07-26T11:55:28.6986429Z   load: false
2026-07-26T11:55:28.6986607Z   no-cache: false
2026-07-26T11:55:28.6986791Z   pull: false
2026-07-26T11:55:28.6989365Z   github-token: ***
2026-07-26T11:55:28.6989825Z env:
2026-07-26T11:55:28.6990004Z   REGISTRY: ghcr.io
2026-07-26T11:55:28.6990243Z   IMAGE_NAME: pkinerd/ednsv
2026-07-26T11:55:28.6990490Z   DOCKER_METADATA_OUTPUT_VERSION: pr-28
2026-07-26T11:55:28.6991034Z   DOCKER_METADATA_OUTPUT_TAGS: ghcr.io/pkinerd/ednsv:pr-28
ghcr.io/pkinerd/ednsv:latest-any
ghcr.io/pkinerd/ednsv:sha-97dc8a7
2026-07-26T11:55:28.6991648Z   DOCKER_METADATA_OUTPUT_TAG_NAMES: pr-28
latest-any
sha-97dc8a7
2026-07-26T11:55:28.6993420Z   DOCKER_METADATA_OUTPUT_LABELS: org.opencontainers.image.created=2026-07-26T11:55:28.651Z
org.opencontainers.image.description=
org.opencontainers.image.licenses=
org.opencontainers.image.revision=97dc8a79b916b844588134bcc65f9acf6d737e89
org.opencontainers.image.source=https://github.com/pkinerd/ednsv
org.opencontainers.image.title=ednsv
org.opencontainers.image.url=https://github.com/pkinerd/ednsv
org.opencontainers.image.version=pr-28
2026-07-26T11:55:28.6996793Z   DOCKER_METADATA_OUTPUT_ANNOTATIONS: manifest:org.opencontainers.image.created=2026-07-26T11:55:28.651Z
manifest:org.opencontainers.image.description=
manifest:org.opencontainers.image.licenses=
manifest:org.opencontainers.image.revision=97dc8a79b916b844588134bcc65f9acf6d737e89
manifest:org.opencontainers.image.source=https://github.com/pkinerd/ednsv
manifest:org.opencontainers.image.title=ednsv
manifest:org.opencontainers.image.url=https://github.com/pkinerd/ednsv
manifest:org.opencontainers.image.version=pr-28
2026-07-26T11:55:28.7002929Z   DOCKER_METADATA_OUTPUT_JSON: {"tags":["ghcr.io/pkinerd/ednsv:pr-28","ghcr.io/pkinerd/ednsv:latest-any","ghcr.io/pkinerd/ednsv:sha-97dc8a7"],"tag-names":["pr-28","latest-any","sha-97dc8a7"],"labels":{"org.opencontainers.image.created":"2026-07-26T11:55:28.651Z","org.opencontainers.image.description":"","org.opencontainers.image.licenses":"","org.opencontainers.image.revision":"97dc8a79b916b844588134bcc65f9acf6d737e89","org.opencontainers.image.source":"https://github.com/pkinerd/ednsv","org.opencontainers.image.title":"ednsv","org.opencontainers.image.url":"https://github.com/pkinerd/ednsv","org.opencontainers.image.version":"pr-28"},"annotations":["manifest:org.opencontainers.image.created=2026-07-26T11:55:28.651Z","manifest:org.opencontainers.image.description=","manifest:org.opencontainers.image.licenses=","manifest:org.opencontainers.image.revision=97dc8a79b916b844588134bcc65f9acf6d737e89","manifest:org.opencontainers.image.source=https://github.com/pkinerd/ednsv","manifest:org.opencontainers.image.title=ednsv","manifest:org.opencontainers.image.url=https://github.com/pkinerd/ednsv","manifest:org.opencontainers.image.version=pr-28"]}
2026-07-26T11:55:28.7007597Z   DOCKER_METADATA_OUTPUT_BAKE_FILE_TAGS: /home/runner/work/_temp/docker-actions-toolkit-ypbsLR/docker-metadata-action-bake-tags.json
2026-07-26T11:55:28.7008523Z   DOCKER_METADATA_OUTPUT_BAKE_FILE_LABELS: /home/runner/work/_temp/docker-actions-toolkit-ypbsLR/docker-metadata-action-bake-labels.json
2026-07-26T11:55:28.7009675Z   DOCKER_METADATA_OUTPUT_BAKE_FILE_ANNOTATIONS: /home/runner/work/_temp/docker-actions-toolkit-ypbsLR/docker-metadata-action-bake-annotations.json
2026-07-26T11:55:28.7010611Z   DOCKER_METADATA_OUTPUT_BAKE_FILE: /home/runner/work/_temp/docker-actions-toolkit-ypbsLR/docker-metadata-action-bake.json
2026-07-26T11:55:28.7011151Z ##[endgroup]
2026-07-26T11:55:28.9462684Z (node:2778) [DEP0040] DeprecationWarning: The `punycode` module is deprecated. Please use a userland alternative instead.
2026-07-26T11:55:28.9463868Z (Use `node --trace-deprecation ...` to show where the warning was created)
2026-07-26T11:55:28.9482148Z ##[group]GitHub Actions runtime token ACs
2026-07-26T11:55:28.9490174Z refs/pull/28/merge: read/write
2026-07-26T11:55:28.9490779Z refs/heads/main: read
2026-07-26T11:55:28.9491579Z ##[endgroup]
2026-07-26T11:55:28.9492181Z ##[group]Docker info
2026-07-26T11:55:28.9571249Z [command]/usr/bin/docker version
2026-07-26T11:55:28.9855702Z Client: Docker Engine - Community
2026-07-26T11:55:28.9860790Z  Version:           28.0.4
2026-07-26T11:55:28.9861224Z  API version:       1.48
2026-07-26T11:55:28.9861632Z  Go version:        go1.23.7
2026-07-26T11:55:28.9861974Z  Git commit:        b8034c0
2026-07-26T11:55:28.9862336Z  Built:             Tue Mar 25 15:07:16 2025
2026-07-26T11:55:28.9862733Z  OS/Arch:           linux/amd64
2026-07-26T11:55:28.9863076Z  Context:           default
2026-07-26T11:55:28.9863240Z 
2026-07-26T11:55:28.9863385Z Server: Docker Engine - Community
2026-07-26T11:55:28.9863764Z  Engine:
2026-07-26T11:55:28.9864055Z   Version:          28.0.4
2026-07-26T11:55:28.9864423Z   API version:      1.48 (minimum version 1.24)
2026-07-26T11:55:28.9864805Z   Go version:       go1.23.7
2026-07-26T11:55:28.9865115Z   Git commit:       6430e49
2026-07-26T11:55:28.9865494Z   Built:            Tue Mar 25 15:07:16 2025
2026-07-26T11:55:28.9879336Z   OS/Arch:          linux/amd64
2026-07-26T11:55:28.9879888Z   Experimental:     false
2026-07-26T11:55:28.9880123Z  containerd:
2026-07-26T11:55:28.9880319Z   Version:          v2.2.6
2026-07-26T11:55:28.9880605Z   GitCommit:        11ce9d5f3c68c941867e82890e93e815c1304f1b
2026-07-26T11:55:28.9880915Z  runc:
2026-07-26T11:55:28.9881094Z   Version:          1.3.6
2026-07-26T11:55:28.9881319Z   GitCommit:        v1.3.6-0-g491b69ba
2026-07-26T11:55:28.9881575Z  docker-init:
2026-07-26T11:55:28.9881779Z   Version:          0.19.0
2026-07-26T11:55:28.9881995Z   GitCommit:        de40ad0
2026-07-26T11:55:28.9925790Z [command]/usr/bin/docker info
2026-07-26T11:55:29.0468010Z Client: Docker Engine - Community
2026-07-26T11:55:29.0468903Z  Version:    28.0.4
2026-07-26T11:55:29.0490304Z  Context:    default
2026-07-26T11:55:29.0490697Z  Debug Mode: false
2026-07-26T11:55:29.0491038Z  Plugins:
2026-07-26T11:55:29.0491382Z   buildx: Docker Buildx (Docker Inc.)
2026-07-26T11:55:29.0491823Z     Version:  v0.35.0
2026-07-26T11:55:29.0492291Z     Path:     /usr/libexec/docker/cli-plugins/docker-buildx
2026-07-26T11:55:29.0492903Z   compose: Docker Compose (Docker Inc.)
2026-07-26T11:55:29.0493344Z     Version:  v2.38.2
2026-07-26T11:55:29.0493806Z     Path:     /usr/libexec/docker/cli-plugins/docker-compose
2026-07-26T11:55:29.0494214Z 
2026-07-26T11:55:29.0494340Z Server:
2026-07-26T11:55:29.0494639Z  Containers: 1
2026-07-26T11:55:29.0494963Z   Running: 1
2026-07-26T11:55:29.0495295Z   Paused: 0
2026-07-26T11:55:29.0496130Z   Stopped: 0
2026-07-26T11:55:29.0496449Z  Images: 7
2026-07-26T11:55:29.0496774Z  Server Version: 28.0.4
2026-07-26T11:55:29.0497124Z  Storage Driver: overlay2
2026-07-26T11:55:29.0497363Z   Backing Filesystem: extfs
2026-07-26T11:55:29.0497594Z   Supports d_type: true
2026-07-26T11:55:29.0498251Z   Using metacopy: false
2026-07-26T11:55:29.0498506Z   Native Overlay Diff: false
2026-07-26T11:55:29.0498729Z   userxattr: false
2026-07-26T11:55:29.0498929Z  Logging Driver: json-file
2026-07-26T11:55:29.0499148Z  Cgroup Driver: systemd
2026-07-26T11:55:29.0499351Z  Cgroup Version: 2
2026-07-26T11:55:29.0502136Z  Plugins:
2026-07-26T11:55:29.0502405Z   Volume: local
2026-07-26T11:55:29.0502657Z   Network: bridge host ipvlan macvlan null overlay
2026-07-26T11:55:29.0503195Z   Log: awslogs fluentd gcplogs gelf journald json-file local splunk syslog
2026-07-26T11:55:29.0503836Z  Swarm: inactive
2026-07-26T11:55:29.0504182Z  Runtimes: io.containerd.runc.v2 runc
2026-07-26T11:55:29.0504600Z  Default Runtime: runc
2026-07-26T11:55:29.0504832Z  Init Binary: docker-init
2026-07-26T11:55:29.0505244Z  containerd version: 11ce9d5f3c68c941867e82890e93e815c1304f1b
2026-07-26T11:55:29.0505591Z  runc version: v1.3.6-0-g491b69ba
2026-07-26T11:55:29.0505846Z  init version: de40ad0
2026-07-26T11:55:29.0506162Z  Security Options:
2026-07-26T11:55:29.0506354Z   apparmor
2026-07-26T11:55:29.0506526Z   seccomp
2026-07-26T11:55:29.0506799Z    Profile: builtin
2026-07-26T11:55:29.0506993Z   cgroupns
2026-07-26T11:55:29.0507179Z  Kernel Version: 6.17.0-1020-azure
2026-07-26T11:55:29.0507532Z  Operating System: Ubuntu 24.04.4 LTS
2026-07-26T11:55:29.0507788Z  OSType: linux
2026-07-26T11:55:29.0507978Z  Architecture: x86_64
2026-07-26T11:55:29.0508265Z  CPUs: 4
2026-07-26T11:55:29.0508454Z  Total Memory: 15.62GiB
2026-07-26T11:55:29.0508660Z  Name: runnervmvrwv9
2026-07-26T11:55:29.0508978Z  ID: dce1e4a9-fc26-4218-aaf0-feee5194c8cb
2026-07-26T11:55:29.0509253Z  Docker Root Dir: /var/lib/docker
2026-07-26T11:55:29.0509715Z  Debug Mode: false
2026-07-26T11:55:29.0509928Z  Username: githubactions
2026-07-26T11:55:29.0510222Z  Experimental: false
2026-07-26T11:55:29.0510514Z  Insecure Registries:
2026-07-26T11:55:29.0510742Z   ::1/128
2026-07-26T11:55:29.0510906Z   127.0.0.0/8
2026-07-26T11:55:29.0511209Z  Live Restore Enabled: false
2026-07-26T11:55:29.0511366Z 
2026-07-26T11:55:29.0511658Z ##[endgroup]
2026-07-26T11:55:29.0512114Z ##[group]Proxy configuration
2026-07-26T11:55:29.0512349Z No proxy configuration found
2026-07-26T11:55:29.0512804Z ##[endgroup]
2026-07-26T11:55:29.1053873Z ##[group]Buildx version
2026-07-26T11:55:29.1076266Z [command]/usr/bin/docker buildx version
2026-07-26T11:55:29.1547276Z github.com/docker/buildx v0.35.0 a319e5b15052cf6557ceb666eb8ff6e32380b782
2026-07-26T11:55:29.1578842Z ##[endgroup]
2026-07-26T11:55:29.1579330Z ##[group]Builder info
2026-07-26T11:55:29.2410693Z {
2026-07-26T11:55:29.2411269Z   "nodes": [
2026-07-26T11:55:29.2411585Z     {
2026-07-26T11:55:29.2412043Z       "name": "builder-029c54b9-a838-43b2-90b1-1d0b98aa21560",
2026-07-26T11:55:29.2412677Z       "endpoint": "unix:///var/run/docker.sock",
2026-07-26T11:55:29.2413153Z       "status": "running",
2026-07-26T11:55:29.2414009Z       "buildkitd-flags": "--allow-insecure-entitlement security.insecure --allow-insecure-entitlement network.host",
2026-07-26T11:55:29.2414894Z       "buildkit": "v0.31.2",
2026-07-26T11:55:29.2415421Z       "platforms": "linux/amd64,linux/amd64/v2,linux/amd64/v3,linux/386",
2026-07-26T11:55:29.2416020Z       "features": {
2026-07-26T11:55:29.2416566Z         "Automatically load images to the Docker Engine image store": true,
2026-07-26T11:55:29.2417169Z         "Cache export": true,
2026-07-26T11:55:29.2417421Z         "Direct push": true,
2026-07-26T11:55:29.2417686Z         "Docker exporter": true,
2026-07-26T11:55:29.2417938Z         "Multi-platform build": true,
2026-07-26T11:55:29.2418191Z         "OCI exporter": true
2026-07-26T11:55:29.2418401Z       },
2026-07-26T11:55:29.2418569Z       "labels": {
2026-07-26T11:55:29.2419099Z         "org.mobyproject.buildkit.worker.executor": "oci",
2026-07-26T11:55:29.2419888Z         "org.mobyproject.buildkit.worker.hostname": "d8aaccf94e74",
2026-07-26T11:55:29.2420303Z         "org.mobyproject.buildkit.worker.network": "host",
2026-07-26T11:55:29.2420863Z         "org.mobyproject.buildkit.worker.oci.process-mode": "sandbox",
2026-07-26T11:55:29.2421312Z         "org.mobyproject.buildkit.worker.selinux.enabled": "false",
2026-07-26T11:55:29.2421726Z         "org.mobyproject.buildkit.worker.snapshotter": "overlayfs"
2026-07-26T11:55:29.2422047Z       },
2026-07-26T11:55:29.2422216Z       "gcPolicy": [
2026-07-26T11:55:29.2422400Z         {
2026-07-26T11:55:29.2422570Z           "all": false,
2026-07-26T11:55:29.2422768Z           "filter": [
2026-07-26T11:55:29.2423117Z             "type==source.local type==exec.cachemount type==source.git.checkout"
2026-07-26T11:55:29.2423489Z           ],
2026-07-26T11:55:29.2423675Z           "keepDuration": "48h0m0s",
2026-07-26T11:55:29.2423945Z           "maxUsedSpace": "488.3MiB"
2026-07-26T11:55:29.2424167Z         },
2026-07-26T11:55:29.2424339Z         {
2026-07-26T11:55:29.2424541Z           "all": false,
2026-07-26T11:55:29.2424744Z           "keepDuration": "1440h0m0s",
2026-07-26T11:55:29.2425000Z           "reservedSpace": "9.313GiB",
2026-07-26T11:55:29.2425273Z           "maxUsedSpace": "93.13GiB",
2026-07-26T11:55:29.2425512Z           "minFreeSpace": "27.01GiB"
2026-07-26T11:55:29.2425733Z         },
2026-07-26T11:55:29.2425887Z         {
2026-07-26T11:55:29.2426051Z           "all": false,
2026-07-26T11:55:29.2426253Z           "reservedSpace": "9.313GiB",
2026-07-26T11:55:29.2426513Z           "maxUsedSpace": "93.13GiB",
2026-07-26T11:55:29.2426753Z           "minFreeSpace": "27.01GiB"
2026-07-26T11:55:29.2426976Z         },
2026-07-26T11:55:29.2427135Z         {
2026-07-26T11:55:29.2427318Z           "all": true,
2026-07-26T11:55:29.2427518Z           "reservedSpace": "9.313GiB",
2026-07-26T11:55:29.2427755Z           "maxUsedSpace": "93.13GiB",
2026-07-26T11:55:29.2427992Z           "minFreeSpace": "27.01GiB"
2026-07-26T11:55:29.2428226Z         }
2026-07-26T11:55:29.2428385Z       ]
2026-07-26T11:55:29.2428542Z     }
2026-07-26T11:55:29.2428696Z   ],
2026-07-26T11:55:29.2428928Z   "name": "builder-029c54b9-a838-43b2-90b1-1d0b98aa2156",
2026-07-26T11:55:29.2429258Z   "driver": "docker-container",
2026-07-26T11:55:29.2429937Z   "lastActivity": "2026-07-26T11:55:21.000Z"
2026-07-26T11:55:29.2430218Z }
2026-07-26T11:55:29.2430608Z ##[endgroup]
2026-07-26T11:55:29.3989670Z [command]/usr/bin/docker buildx build --cache-from type=gha --cache-to type=gha,mode=max --file ./Dockerfile --iidfile /home/runner/work/_temp/docker-actions-toolkit-AgvPos/build-iidfile-fbae5df000.txt --label org.opencontainers.image.created=2026-07-26T11:55:28.651Z --label org.opencontainers.image.description= --label org.opencontainers.image.licenses= --label org.opencontainers.image.revision=97dc8a79b916b844588134bcc65f9acf6d737e89 --label org.opencontainers.image.source=https://github.com/pkinerd/ednsv --label org.opencontainers.image.title=ednsv --label org.opencontainers.image.url=https://github.com/pkinerd/ednsv --label org.opencontainers.image.version=pr-28 --attest type=provenance,mode=max,builder-id=https://github.com/pkinerd/ednsv/actions/runs/30201020166/attempts/1 --tag ghcr.io/pkinerd/ednsv:pr-28 --tag ghcr.io/pkinerd/ednsv:latest-any --tag ghcr.io/pkinerd/ednsv:sha-97dc8a7 --metadata-file /home/runner/work/_temp/docker-actions-toolkit-AgvPos/build-metadata-305532507c.json --push .
2026-07-26T11:55:29.5027292Z #0 building with "builder-029c54b9-a838-43b2-90b1-1d0b98aa2156" instance using docker-container driver
2026-07-26T11:55:29.5029281Z 
2026-07-26T11:55:29.5029987Z #1 [internal] load build definition from Dockerfile
2026-07-26T11:55:29.6925957Z #1 transferring dockerfile: 827B done
2026-07-26T11:55:29.6926642Z #1 DONE 0.0s
2026-07-26T11:55:29.6927899Z 
2026-07-26T11:55:29.6928301Z #2 [auth] docker/dockerfile:pull token for registry-1.docker.io
2026-07-26T11:55:29.6929778Z #2 DONE 0.0s
2026-07-26T11:55:29.6930053Z 
2026-07-26T11:55:29.6930569Z #3 resolve image config for docker-image://docker.io/docker/dockerfile:1.7
2026-07-26T11:55:29.9000729Z #3 DONE 0.4s
2026-07-26T11:55:30.0674035Z 
2026-07-26T11:55:30.0675267Z #4 docker-image://docker.io/docker/dockerfile:1.7@sha256:a57df69d0ea827fb7266491f2813635de6f17269be881f696fbfdf2d83dda33e
2026-07-26T11:55:30.0676792Z #4 resolve docker.io/docker/dockerfile:1.7@sha256:a57df69d0ea827fb7266491f2813635de6f17269be881f696fbfdf2d83dda33e done
2026-07-26T11:55:30.0677961Z #4 sha256:96918c57e42509b97f10c074d80672ecdbd3bb7dcd38c1bd95960cf291207416 11.98MB / 11.98MB 0.1s done
2026-07-26T11:55:30.0678726Z #4 extracting sha256:96918c57e42509b97f10c074d80672ecdbd3bb7dcd38c1bd95960cf291207416 0.1s done
2026-07-26T11:55:30.0679347Z #4 DONE 0.2s
2026-07-26T11:55:30.2722222Z 
2026-07-26T11:55:30.2724373Z #5 [internal] load metadata for mcr.microsoft.com/dotnet/sdk:8.0
2026-07-26T11:55:30.2725475Z #5 DONE 0.1s
2026-07-26T11:55:30.2725721Z 
2026-07-26T11:55:30.2726239Z #6 [internal] load metadata for mcr.microsoft.com/dotnet/aspnet:8.0
2026-07-26T11:55:30.3816491Z #6 DONE 0.2s
2026-07-26T11:55:30.3818976Z 
2026-07-26T11:55:30.3820182Z #7 [internal] load .dockerignore
2026-07-26T11:55:30.3820625Z #7 transferring context: 249B done
2026-07-26T11:55:30.3821065Z #7 DONE 0.0s
2026-07-26T11:55:30.3821262Z 
2026-07-26T11:55:30.3821426Z #8 [internal] load build context
2026-07-26T11:55:30.3821821Z #8 DONE 0.0s
2026-07-26T11:55:30.3822004Z 
2026-07-26T11:55:30.3822650Z #9 [runtime 1/3] FROM mcr.microsoft.com/dotnet/aspnet:8.0@sha256:8f6a307ae32fb393a4b4bcde0a81f0ce3f0a715de0e5575df71f3030448f2dde
2026-07-26T11:55:30.3823638Z #9 resolve mcr.microsoft.com/dotnet/aspnet:8.0@sha256:8f6a307ae32fb393a4b4bcde0a81f0ce3f0a715de0e5575df71f3030448f2dde done
2026-07-26T11:55:30.3824356Z #9 DONE 0.0s
2026-07-26T11:55:30.3824466Z 
2026-07-26T11:55:30.3824842Z #10 [build 1/8] FROM mcr.microsoft.com/dotnet/sdk:8.0@sha256:3c0edbfe1549dd93fb789dc96299a40df865ad7bffefcaf38e8c05940686d641
2026-07-26T11:55:30.3825889Z #10 resolve mcr.microsoft.com/dotnet/sdk:8.0@sha256:3c0edbfe1549dd93fb789dc96299a40df865ad7bffefcaf38e8c05940686d641 done
2026-07-26T11:55:30.3826567Z #10 DONE 0.0s
2026-07-26T11:55:30.3826680Z 
2026-07-26T11:55:30.3826828Z #11 importing cache manifest from gha:14819823929445270607
2026-07-26T11:55:30.3827253Z #11 DONE 0.1s
2026-07-26T11:55:30.5142403Z 
2026-07-26T11:55:30.5143678Z #8 [internal] load build context
2026-07-26T11:55:30.5144598Z #8 transferring context: 929.64kB 0.0s done
2026-07-26T11:55:30.5148261Z #8 DONE 0.0s
2026-07-26T11:55:30.5148967Z 
2026-07-26T11:55:30.5149768Z #12 [build 3/8] COPY src/Ednsv.Core/Ednsv.Core.csproj src/Ednsv.Core/
2026-07-26T11:55:30.5151482Z #12 CACHED
2026-07-26T11:55:30.5151892Z 
2026-07-26T11:55:30.5152237Z #13 [build 4/8] COPY src/Ednsv.Web/Ednsv.Web.csproj src/Ednsv.Web/
2026-07-26T11:55:30.5152798Z #13 CACHED
2026-07-26T11:55:30.5152968Z 
2026-07-26T11:55:30.5153107Z #14 [build 2/8] WORKDIR /src
2026-07-26T11:55:30.5153500Z #14 CACHED
2026-07-26T11:55:30.5153664Z 
2026-07-26T11:55:30.5153915Z #15 [build 5/8] RUN dotnet restore src/Ednsv.Web/Ednsv.Web.csproj
2026-07-26T11:55:30.5154440Z #15 CACHED
2026-07-26T11:55:30.6169521Z 
2026-07-26T11:55:30.6170802Z #15 [build 5/8] RUN dotnet restore src/Ednsv.Web/Ednsv.Web.csproj
2026-07-26T11:55:30.6171722Z #15 sha256:704a261d6a0df1be6f054161284fc14ac0eaa21ceb629676ee3d0dd8ec908988 438B / 438B 0.0s done
2026-07-26T11:55:30.6172560Z #15 sha256:4d015ec68eada998a41dff557e9be9876100aacfd3adb78c32cccfb1faac8a40 92B / 92B 0.0s done
2026-07-26T11:55:30.6173303Z #15 sha256:89f057fbd63d49c61fb415af2773f20380c76d858a5dc95dcdcd0ac198854624 456B / 456B 0.1s done
2026-07-26T11:55:30.6174144Z #15 sha256:ed43dda998e1a0c05efeddc9a24048ad8349ce02697b4db3061250e466b3a059 2.70kB / 2.70kB 0.0s done
2026-07-26T11:55:30.7342088Z #15 sha256:7c7616ad766245be8807f1899bc25fa05f61c48f8079fa36c964d481853af380 4.19MB / 74.96MB 0.2s
2026-07-26T11:55:30.7343682Z #15 sha256:aaea65f9d3756e15614c6efe86e2006b8fe74af0af07faefdcb6e6001dd705fc 1.05MB / 17.06MB 0.2s
2026-07-26T11:55:30.7345296Z #15 sha256:34eabb9d45bfc2a02673ee3778040c44b0f3b59facbbf51f9c367482821ce92f 4.19MB / 177.89MB 0.2s
2026-07-26T11:55:30.8464920Z #15 sha256:7c7616ad766245be8807f1899bc25fa05f61c48f8079fa36c964d481853af380 27.26MB / 74.96MB 0.3s
2026-07-26T11:55:30.8466754Z #15 sha256:aaea65f9d3756e15614c6efe86e2006b8fe74af0af07faefdcb6e6001dd705fc 6.29MB / 17.06MB 0.3s
2026-07-26T11:55:30.8468386Z #15 sha256:0aa6db834649082ea8d86f41789fce403a69c18bcec5994ceaf0ed4474563c7d 3.15MB / 31.09MB 0.2s
2026-07-26T11:55:30.9660693Z #15 sha256:0aa6db834649082ea8d86f41789fce403a69c18bcec5994ceaf0ed4474563c7d 31.09MB / 31.09MB 0.3s done
2026-07-26T11:55:31.1156823Z #15 sha256:7c7616ad766245be8807f1899bc25fa05f61c48f8079fa36c964d481853af380 74.96MB / 74.96MB 0.6s done
2026-07-26T11:55:31.1159602Z #15 sha256:aaea65f9d3756e15614c6efe86e2006b8fe74af0af07faefdcb6e6001dd705fc 10.49MB / 17.06MB 0.5s
2026-07-26T11:55:31.1161174Z #15 sha256:34eabb9d45bfc2a02673ee3778040c44b0f3b59facbbf51f9c367482821ce92f 16.78MB / 177.89MB 0.5s
2026-07-26T11:55:31.2208616Z #15 sha256:aaea65f9d3756e15614c6efe86e2006b8fe74af0af07faefdcb6e6001dd705fc 17.06MB / 17.06MB 0.7s done
2026-07-26T11:55:31.2210459Z #15 sha256:993b1a5b9814eb890928e53aa844227cd48d62a552cce9d9723401d3f323d7df 1.05MB / 11.10MB 0.2s
2026-07-26T11:55:31.2211678Z #15 sha256:b450eb4b61483e158bba71e0972774dca3356aaccf083b4de394756826786dc3 166B / 166B 0.0s done
2026-07-26T11:55:31.2212747Z #15 sha256:4afec8b5a48bb14028a2111abd144794fb4f088154db49009be3c5833f922deb 3.34kB / 3.34kB 0.0s done
2026-07-26T11:55:31.3319832Z #15 sha256:34eabb9d45bfc2a02673ee3778040c44b0f3b59facbbf51f9c367482821ce92f 26.21MB / 177.89MB 0.8s
2026-07-26T11:55:31.3321952Z #15 sha256:993b1a5b9814eb890928e53aa844227cd48d62a552cce9d9723401d3f323d7df 6.29MB / 11.10MB 0.3s
2026-07-26T11:55:31.3323373Z #15 sha256:77e3e8465ccd88a7ab4380ed823b77769274a8d0cd50332315a6e6884eeb185b 7.34MB / 32.26MB 0.2s
2026-07-26T11:55:31.4469415Z #15 sha256:993b1a5b9814eb890928e53aa844227cd48d62a552cce9d9723401d3f323d7df 11.10MB / 11.10MB 0.4s done
2026-07-26T11:55:31.4470866Z #15 sha256:bcbf93830adb69dda1050c229181e9d0bbcd138e40c83062cfd41f7a8d79b4c7 18.74MB / 18.74MB 0.2s done
2026-07-26T11:55:31.6314133Z #15 sha256:77e3e8465ccd88a7ab4380ed823b77769274a8d0cd50332315a6e6884eeb185b 32.26MB / 32.26MB 0.3s done
2026-07-26T11:55:31.6315582Z #15 sha256:597c6c618d36213af657a6a8444a5d87801f9a219682b206ad21ccb8f3e57bbd 5.24MB / 28.23MB 0.2s
2026-07-26T11:55:31.7816923Z #15 sha256:34eabb9d45bfc2a02673ee3778040c44b0f3b59facbbf51f9c367482821ce92f 36.70MB / 177.89MB 1.2s
2026-07-26T11:55:31.7818640Z #15 sha256:597c6c618d36213af657a6a8444a5d87801f9a219682b206ad21ccb8f3e57bbd 28.23MB / 28.23MB 0.3s done
2026-07-26T11:55:31.7819909Z #15 extracting sha256:597c6c618d36213af657a6a8444a5d87801f9a219682b206ad21ccb8f3e57bbd
2026-07-26T11:55:32.0813210Z #15 sha256:34eabb9d45bfc2a02673ee3778040c44b0f3b59facbbf51f9c367482821ce92f 50.33MB / 177.89MB 1.5s
2026-07-26T11:55:32.3813829Z #15 sha256:34eabb9d45bfc2a02673ee3778040c44b0f3b59facbbf51f9c367482821ce92f 59.77MB / 177.89MB 1.8s
2026-07-26T11:55:32.5319284Z #15 extracting sha256:597c6c618d36213af657a6a8444a5d87801f9a219682b206ad21ccb8f3e57bbd 0.7s done
2026-07-26T11:55:32.5320739Z #15 extracting sha256:bcbf93830adb69dda1050c229181e9d0bbcd138e40c83062cfd41f7a8d79b4c7
2026-07-26T11:55:32.6525201Z #15 extracting sha256:bcbf93830adb69dda1050c229181e9d0bbcd138e40c83062cfd41f7a8d79b4c7 0.3s done
2026-07-26T11:55:32.8314570Z #15 sha256:34eabb9d45bfc2a02673ee3778040c44b0f3b59facbbf51f9c367482821ce92f 76.55MB / 177.89MB 2.3s
2026-07-26T11:55:32.8315906Z #15 extracting sha256:4afec8b5a48bb14028a2111abd144794fb4f088154db49009be3c5833f922deb done
2026-07-26T11:55:32.8316877Z #15 extracting sha256:77e3e8465ccd88a7ab4380ed823b77769274a8d0cd50332315a6e6884eeb185b
2026-07-26T11:55:33.1281686Z #15 extracting sha256:77e3e8465ccd88a7ab4380ed823b77769274a8d0cd50332315a6e6884eeb185b 0.3s done
2026-07-26T11:55:33.1282842Z #15 extracting sha256:b450eb4b61483e158bba71e0972774dca3356aaccf083b4de394756826786dc3 done
2026-07-26T11:55:33.1283981Z #15 extracting sha256:993b1a5b9814eb890928e53aa844227cd48d62a552cce9d9723401d3f323d7df 0.1s done
2026-07-26T11:55:33.2813627Z #15 sha256:34eabb9d45bfc2a02673ee3778040c44b0f3b59facbbf51f9c367482821ce92f 87.03MB / 177.89MB 2.6s
2026-07-26T11:55:33.2830697Z #15 extracting sha256:0aa6db834649082ea8d86f41789fce403a69c18bcec5994ceaf0ed4474563c7d
2026-07-26T11:55:33.4319680Z #15 sha256:34eabb9d45bfc2a02673ee3778040c44b0f3b59facbbf51f9c367482821ce92f 98.57MB / 177.89MB 2.9s
2026-07-26T11:55:33.7312215Z #15 sha256:34eabb9d45bfc2a02673ee3778040c44b0f3b59facbbf51f9c367482821ce92f 108.00MB / 177.89MB 3.2s
2026-07-26T11:55:33.8813810Z #15 extracting sha256:0aa6db834649082ea8d86f41789fce403a69c18bcec5994ceaf0ed4474563c7d 0.6s done
2026-07-26T11:55:34.0321611Z #15 sha256:34eabb9d45bfc2a02673ee3778040c44b0f3b59facbbf51f9c367482821ce92f 118.49MB / 177.89MB 3.5s
2026-07-26T11:55:34.3314374Z #15 sha256:34eabb9d45bfc2a02673ee3778040c44b0f3b59facbbf51f9c367482821ce92f 127.93MB / 177.89MB 3.8s
2026-07-26T11:55:34.6317479Z #15 sha256:34eabb9d45bfc2a02673ee3778040c44b0f3b59facbbf51f9c367482821ce92f 140.51MB / 177.89MB 4.1s
2026-07-26T11:55:34.9317444Z #15 sha256:34eabb9d45bfc2a02673ee3778040c44b0f3b59facbbf51f9c367482821ce92f 150.99MB / 177.89MB 4.4s
2026-07-26T11:55:35.2322731Z #15 sha256:34eabb9d45bfc2a02673ee3778040c44b0f3b59facbbf51f9c367482821ce92f 161.48MB / 177.89MB 4.7s
2026-07-26T11:55:35.5322110Z #15 sha256:34eabb9d45bfc2a02673ee3778040c44b0f3b59facbbf51f9c367482821ce92f 171.97MB / 177.89MB 5.0s
2026-07-26T11:55:35.7981054Z #15 sha256:34eabb9d45bfc2a02673ee3778040c44b0f3b59facbbf51f9c367482821ce92f 177.89MB / 177.89MB 5.2s done
2026-07-26T11:55:35.7982320Z #15 DONE 5.4s
2026-07-26T11:55:35.9501857Z 
2026-07-26T11:55:35.9502459Z #15 [build 5/8] RUN dotnet restore src/Ednsv.Web/Ednsv.Web.csproj
2026-07-26T11:55:35.9503168Z #15 extracting sha256:34eabb9d45bfc2a02673ee3778040c44b0f3b59facbbf51f9c367482821ce92f
2026-07-26T11:55:38.2650235Z #15 extracting sha256:34eabb9d45bfc2a02673ee3778040c44b0f3b59facbbf51f9c367482821ce92f 2.5s done
2026-07-26T11:55:38.2651170Z #15 DONE 7.9s
2026-07-26T11:55:38.4220984Z 
2026-07-26T11:55:38.4221738Z #15 [build 5/8] RUN dotnet restore src/Ednsv.Web/Ednsv.Web.csproj
2026-07-26T11:55:38.4222691Z #15 extracting sha256:ed43dda998e1a0c05efeddc9a24048ad8349ce02697b4db3061250e466b3a059 done
2026-07-26T11:55:38.4224130Z #15 extracting sha256:aaea65f9d3756e15614c6efe86e2006b8fe74af0af07faefdcb6e6001dd705fc
2026-07-26T11:55:38.5268139Z #15 extracting sha256:aaea65f9d3756e15614c6efe86e2006b8fe74af0af07faefdcb6e6001dd705fc 0.3s done
2026-07-26T11:55:38.5268879Z #15 DONE 8.1s
2026-07-26T11:55:38.6916681Z 
2026-07-26T11:55:38.6917413Z #15 [build 5/8] RUN dotnet restore src/Ednsv.Web/Ednsv.Web.csproj
2026-07-26T11:55:38.6918365Z #15 extracting sha256:4d015ec68eada998a41dff557e9be9876100aacfd3adb78c32cccfb1faac8a40 done
2026-07-26T11:55:38.6919706Z #15 extracting sha256:704a261d6a0df1be6f054161284fc14ac0eaa21ceb629676ee3d0dd8ec908988 done
2026-07-26T11:55:38.6920861Z #15 extracting sha256:89f057fbd63d49c61fb415af2773f20380c76d858a5dc95dcdcd0ac198854624 done
2026-07-26T11:55:38.6922036Z #15 extracting sha256:7c7616ad766245be8807f1899bc25fa05f61c48f8079fa36c964d481853af380
2026-07-26T11:55:39.2294478Z #15 extracting sha256:7c7616ad766245be8807f1899bc25fa05f61c48f8079fa36c964d481853af380 0.7s done
2026-07-26T11:55:39.2295260Z #15 DONE 8.8s
2026-07-26T11:55:39.3799383Z 
2026-07-26T11:55:39.3799794Z #16 [build 6/8] COPY src/Ednsv.Core/ src/Ednsv.Core/
2026-07-26T11:55:41.4472621Z #16 DONE 2.2s
2026-07-26T11:55:41.6099937Z 
2026-07-26T11:55:41.6101195Z #17 [build 7/8] COPY src/Ednsv.Web/ src/Ednsv.Web/
2026-07-26T11:55:41.6101545Z #17 DONE 0.0s
2026-07-26T11:55:41.6101668Z 
2026-07-26T11:55:41.6102208Z #18 [build 8/8] RUN dotnet publish src/Ednsv.Web/Ednsv.Web.csproj         --configuration Release         --no-restore         --output /app/publish         /p:UseAppHost=false
2026-07-26T11:55:46.2764024Z #18 4.817   Ednsv.Core -> /src/src/Ednsv.Core/bin/Release/net8.0/Ednsv.Core.dll
2026-07-26T11:55:48.1850210Z #18 6.725   Ednsv.Web -> /src/src/Ednsv.Web/bin/Release/net8.0/Ednsv.Web.dll
2026-07-26T11:55:48.3516192Z #18 6.810   Ednsv.Web -> /app/publish/
2026-07-26T11:55:48.3516699Z #18 DONE 6.9s
2026-07-26T11:55:48.5754444Z 
2026-07-26T11:55:48.5755329Z #19 [runtime 2/3] WORKDIR /app
2026-07-26T11:55:48.5756105Z #19 sha256:30a13c38083b6617b9701d16db3db957591d7d40742407e7c85fdea6d9fc6bdb 93B / 93B 0.0s done
2026-07-26T11:55:48.5757007Z #19 extracting sha256:30a13c38083b6617b9701d16db3db957591d7d40742407e7c85fdea6d9fc6bdb done
2026-07-26T11:55:48.5757643Z #19 DONE 0.0s
2026-07-26T11:55:48.5757929Z 
2026-07-26T11:55:48.5758335Z #20 [runtime 3/3] COPY --from=build /app/publish ./
2026-07-26T11:55:48.5758761Z #20 DONE 0.0s
2026-07-26T11:55:48.5758915Z 
2026-07-26T11:55:48.5759038Z #21 exporting to image
2026-07-26T11:55:48.5759336Z #21 exporting layers
2026-07-26T11:55:48.6593900Z #21 exporting layers 0.2s done
2026-07-26T11:55:48.8543141Z #21 ...
2026-07-26T11:55:48.8543392Z 
2026-07-26T11:55:48.8550458Z #22 [auth] pkinerd/ednsv:pull,push token for ghcr.io
2026-07-26T11:55:48.8551023Z #22 DONE 0.0s
2026-07-26T11:55:48.8551224Z 
2026-07-26T11:55:48.8551394Z #21 exporting to image
2026-07-26T11:55:48.8552164Z #21 exporting manifest sha256:27b838f2d4a3d824bf5345b839cd5a7c57b631582e0b9cea793a07923c261853 done
2026-07-26T11:55:48.8552964Z #21 exporting config sha256:e4412bb86f8c28c38f71ff48fcca02c5c9a57b91f03dd3d54a5b32b71ae49238 done
2026-07-26T11:55:48.8553817Z #21 exporting attestation manifest sha256:509a5450f08bee202d2afb35dfb54b0dda413320b821dbac9b6a5857a729b3b6 done
2026-07-26T11:55:48.8554675Z #21 exporting manifest list sha256:fa89e1801bf95918388c66b611bfb23840572e89b3cf9139740532318e67078c done
2026-07-26T11:55:48.8555238Z #21 pushing layers
2026-07-26T11:55:49.8793640Z #21 pushing layers 1.1s done
2026-07-26T11:55:49.8794499Z #21 pushing manifest for ghcr.io/pkinerd/ednsv:pr-28@sha256:fa89e1801bf95918388c66b611bfb23840572e89b3cf9139740532318e67078c
2026-07-26T11:55:50.6542859Z #21 ...
2026-07-26T11:55:50.6543175Z 
2026-07-26T11:55:50.6543405Z #23 exporting to GitHub Actions Cache
2026-07-26T11:55:50.6543859Z #23 preparing build cache for export 0.6s done
2026-07-26T11:55:50.6544282Z #23 sending cache export 1.4s done
2026-07-26T11:55:50.6544952Z #23 writing layer sha256:22f325b54da1155ed40fe7c1dda402d4b287a1421385d661c2ab0b96f4b8abcd 0.1s done
2026-07-26T11:55:50.6545913Z #23 writing layer sha256:84a53d97e0e842399ba6e4fe3dd5766aef5fd20b724cedd71017717ba582b8c2 0.2s done
2026-07-26T11:55:50.6546844Z #23 writing layer sha256:cbc57609b1e79e52e4fe7e8b478108af972dc7f4332bd0f556e2bdee4e5dcf3d 0.5s done
2026-07-26T11:55:50.6547753Z #23 writing layer sha256:e8081e1676eb3ac717631aabf6e09643e684d7754dbe1935e130daddb798da93 0.1s done
2026-07-26T11:55:50.6548378Z #23 DONE 2.0s
2026-07-26T11:55:50.8049179Z 
2026-07-26T11:55:50.8049570Z #21 exporting to image
2026-07-26T11:55:50.8194949Z #21 pushing manifest for ghcr.io/pkinerd/ednsv:pr-28@sha256:fa89e1801bf95918388c66b611bfb23840572e89b3cf9139740532318e67078c 1.0s done
2026-07-26T11:55:51.0270255Z #21 pushing layers 0.1s done
2026-07-26T11:55:51.0271292Z #21 pushing manifest for ghcr.io/pkinerd/ednsv:latest-any@sha256:fa89e1801bf95918388c66b611bfb23840572e89b3cf9139740532318e67078c
2026-07-26T11:55:51.3288873Z #21 pushing manifest for ghcr.io/pkinerd/ednsv:latest-any@sha256:fa89e1801bf95918388c66b611bfb23840572e89b3cf9139740532318e67078c 0.5s done
2026-07-26T11:55:51.5452143Z #21 pushing layers 0.1s done
2026-07-26T11:55:51.5452914Z #21 pushing manifest for ghcr.io/pkinerd/ednsv:sha-97dc8a7@sha256:fa89e1801bf95918388c66b611bfb23840572e89b3cf9139740532318e67078c
2026-07-26T11:55:51.7495603Z #21 pushing manifest for ghcr.io/pkinerd/ednsv:sha-97dc8a7@sha256:fa89e1801bf95918388c66b611bfb23840572e89b3cf9139740532318e67078c 0.4s done
2026-07-26T11:55:51.7497125Z #21 DONE 3.3s
2026-07-26T11:55:51.7785382Z 
2026-07-26T11:55:51.7785865Z #24 resolving provenance for metadata file
2026-07-26T11:55:51.7786310Z #24 DONE 0.0s
2026-07-26T11:55:51.7875615Z ##[group]ImageID
2026-07-26T11:55:51.7876394Z sha256:fa89e1801bf95918388c66b611bfb23840572e89b3cf9139740532318e67078c
2026-07-26T11:55:51.7877410Z ##[endgroup]
2026-07-26T11:55:51.7878058Z ##[group]Digest
2026-07-26T11:55:51.7890357Z sha256:fa89e1801bf95918388c66b611bfb23840572e89b3cf9139740532318e67078c
2026-07-26T11:55:51.7899315Z ##[endgroup]
2026-07-26T11:55:51.7910981Z ##[group]Metadata
2026-07-26T11:55:51.7911362Z {
2026-07-26T11:55:51.7911665Z   "buildx.build.provenance": {
2026-07-26T11:55:51.7912053Z     "builder": {
2026-07-26T11:55:51.7912591Z       "id": "https://github.com/pkinerd/ednsv/actions/runs/30201020166/attempts/1"
2026-07-26T11:55:51.7913182Z     },
2026-07-26T11:55:51.7913581Z     "buildType": "https://mobyproject.org/buildkit@v1",
2026-07-26T11:55:51.7914132Z     "materials": [
2026-07-26T11:55:51.7914468Z       {
2026-07-26T11:55:51.7914824Z         "uri": "pkg:docker/docker/dockerfile@1.7",
2026-07-26T11:55:51.7915305Z         "digest": {
2026-07-26T11:55:51.7915862Z           "sha256": "a57df69d0ea827fb7266491f2813635de6f17269be881f696fbfdf2d83dda33e"
2026-07-26T11:55:51.7916613Z         }
2026-07-26T11:55:51.7916912Z       },
2026-07-26T11:55:51.7917196Z       {
2026-07-26T11:55:51.7917803Z         "uri": "pkg:docker/mcr.microsoft.com/dotnet/aspnet@8.0?platform=linux%2Famd64",
2026-07-26T11:55:51.7918557Z         "digest": {
2026-07-26T11:55:51.7919119Z           "sha256": "8f6a307ae32fb393a4b4bcde0a81f0ce3f0a715de0e5575df71f3030448f2dde"
2026-07-26T11:55:51.7920981Z         }
2026-07-26T11:55:51.7921331Z       },
2026-07-26T11:55:51.7921638Z       {
2026-07-26T11:55:51.7922162Z         "uri": "pkg:docker/mcr.microsoft.com/dotnet/sdk@8.0?platform=linux%2Famd64",
2026-07-26T11:55:51.7922851Z         "digest": {
2026-07-26T11:55:51.7923439Z           "sha256": "3c0edbfe1549dd93fb789dc96299a40df865ad7bffefcaf38e8c05940686d641"
2026-07-26T11:55:51.7924144Z         }
2026-07-26T11:55:51.7924448Z       }
2026-07-26T11:55:51.7924742Z     ],
2026-07-26T11:55:51.7925054Z     "invocation": {
2026-07-26T11:55:51.7925424Z       "configSource": {
2026-07-26T11:55:51.7925819Z         "entryPoint": "Dockerfile"
2026-07-26T11:55:51.7926228Z       },
2026-07-26T11:55:51.7926545Z       "parameters": {
2026-07-26T11:55:51.7926894Z         "frontend": "gateway.v0",
2026-07-26T11:55:51.7927274Z         "args": {
2026-07-26T11:55:51.7927622Z           "cmdline": "docker/dockerfile:1.7",
2026-07-26T11:55:51.7928281Z           "label:org.opencontainers.image.created": "2026-07-26T11:55:28.651Z",
2026-07-26T11:55:51.7929054Z           "label:org.opencontainers.image.description": "",
2026-07-26T11:55:51.7930426Z           "label:org.opencontainers.image.licenses": "",
2026-07-26T11:55:51.7931348Z           "label:org.opencontainers.image.revision": "97dc8a79b916b844588134bcc65f9acf6d737e89",
2026-07-26T11:55:51.7932047Z           "label:org.opencontainers.image.source": "https://github.com/pkinerd/ednsv",
2026-07-26T11:55:51.7932554Z           "label:org.opencontainers.image.title": "ednsv",
2026-07-26T11:55:51.7933101Z           "label:org.opencontainers.image.url": "https://github.com/pkinerd/ednsv",
2026-07-26T11:55:51.7933585Z           "label:org.opencontainers.image.version": "pr-28",
2026-07-26T11:55:51.7933927Z           "source": "docker/dockerfile:1.7"
2026-07-26T11:55:51.7934195Z         },
2026-07-26T11:55:51.7934368Z         "locals": [
2026-07-26T11:55:51.7934569Z           {
2026-07-26T11:55:51.7934766Z             "name": "context"
2026-07-26T11:55:51.7935016Z           },
2026-07-26T11:55:51.7935188Z           {
2026-07-26T11:55:51.7935383Z             "name": "dockerfile"
2026-07-26T11:55:51.7935616Z           }
2026-07-26T11:55:51.7935776Z         ],
2026-07-26T11:55:51.7935958Z         "root": {
2026-07-26T11:55:51.7936163Z           "configSource": {
2026-07-26T11:55:51.7936399Z             "path": "Dockerfile"
2026-07-26T11:55:51.7936615Z           },
2026-07-26T11:55:51.7936804Z           "request": {
2026-07-26T11:55:51.7937012Z             "args": {
2026-07-26T11:55:51.7937644Z               "label:org.opencontainers.image.created": "2026-07-26T11:55:28.651Z",
2026-07-26T11:55:51.7938113Z               "label:org.opencontainers.image.description": "",
2026-07-26T11:55:51.7938493Z               "label:org.opencontainers.image.licenses": "",
2026-07-26T11:55:51.7939247Z               "label:org.opencontainers.image.revision": "97dc8a79b916b844588134bcc65f9acf6d737e89",
2026-07-26T11:55:51.7940164Z               "label:org.opencontainers.image.source": "https://github.com/pkinerd/ednsv",
2026-07-26T11:55:51.7940658Z               "label:org.opencontainers.image.title": "ednsv",
2026-07-26T11:55:51.7941120Z               "label:org.opencontainers.image.url": "https://github.com/pkinerd/ednsv",
2026-07-26T11:55:51.7941612Z               "label:org.opencontainers.image.version": "pr-28",
2026-07-26T11:55:51.7942071Z               "vcs:localdir:context": ".",
2026-07-26T11:55:51.7942402Z               "vcs:localdir:dockerfile": ".",
2026-07-26T11:55:51.7942754Z               "vcs:revision": "97dc8a79b916b844588134bcc65f9acf6d737e89",
2026-07-26T11:55:51.7943155Z               "vcs:source": "https://github.com/pkinerd/ednsv"
2026-07-26T11:55:51.7943456Z             }
2026-07-26T11:55:51.7943701Z           }
2026-07-26T11:55:51.7943937Z         },
2026-07-26T11:55:51.7944147Z         "compatibilityVersion": 30
2026-07-26T11:55:51.7944381Z       },
2026-07-26T11:55:51.7944572Z       "environment": {
2026-07-26T11:55:51.7944782Z         "github_actor": "pkinerd",
2026-07-26T11:55:51.7945039Z         "github_actor_id": "169779439",
2026-07-26T11:55:51.7945317Z         "github_event_name": "pull_request",
2026-07-26T11:55:51.7945598Z         "github_event_payload": {
2026-07-26T11:55:51.7945839Z           "action": "synchronize",
2026-07-26T11:55:51.7946173Z           "after": "3ee3f5ef7a8cf327c6427880e2b1f49331048ee6",
2026-07-26T11:55:51.7946535Z           "before": "a01ec1d48f2473d470029d89a2328904f5496320",
2026-07-26T11:55:51.7946843Z           "number": 28,
2026-07-26T11:55:51.7947071Z           "pull_request": {
2026-07-26T11:55:51.7947315Z             "_links": {
2026-07-26T11:55:51.7947527Z               "comments": {
2026-07-26T11:55:51.7947874Z                 "href": "https://api.github.com/repos/pkinerd/ednsv/issues/28/comments"
2026-07-26T11:55:51.7948262Z               },
2026-07-26T11:55:51.7948470Z               "commits": {
2026-07-26T11:55:51.7948805Z                 "href": "https://api.github.com/repos/pkinerd/ednsv/pulls/28/commits"
2026-07-26T11:55:51.7949193Z               },
2026-07-26T11:55:51.7949370Z               "html": {
2026-07-26T11:55:51.7949859Z                 "href": "https://github.com/pkinerd/ednsv/pull/28"
2026-07-26T11:55:51.7950192Z               },
2026-07-26T11:55:51.7950372Z               "issue": {
2026-07-26T11:55:51.7950696Z                 "href": "https://api.github.com/repos/pkinerd/ednsv/issues/28"
2026-07-26T11:55:51.7951044Z               },
2026-07-26T11:55:51.7951248Z               "review_comment": {
2026-07-26T11:55:51.7951624Z                 "href": "https://api.github.com/repos/pkinerd/ednsv/pulls/comments{/number}"
2026-07-26T11:55:51.7952036Z               },
2026-07-26T11:55:51.7952222Z               "review_comments": {
2026-07-26T11:55:51.7952600Z                 "href": "https://api.github.com/repos/pkinerd/ednsv/pulls/28/comments"
2026-07-26T11:55:51.7952972Z               },
2026-07-26T11:55:51.7953167Z               "self": {
2026-07-26T11:55:51.7953468Z                 "href": "https://api.github.com/repos/pkinerd/ednsv/pulls/28"
2026-07-26T11:55:51.7953809Z               },
2026-07-26T11:55:51.7954008Z               "statuses": {
2026-07-26T11:55:51.7954477Z                 "href": "https://api.github.com/repos/pkinerd/ednsv/statuses/3ee3f5ef7a8cf327c6427880e2b1f49331048ee6"
2026-07-26T11:55:51.7954987Z               }
2026-07-26T11:55:51.7955176Z             },
2026-07-26T11:55:51.7955369Z             "active_lock_reason": null,
2026-07-26T11:55:51.7955637Z             "additions": 8152,
2026-07-26T11:55:51.7955879Z             "assignee": null,
2026-07-26T11:55:51.7956301Z             "assignees": [],
2026-07-26T11:55:51.7956546Z             "author_association": "OWNER",
2026-07-26T11:55:51.7956819Z             "auto_merge": null,
2026-07-26T11:55:51.7957051Z             "base": {
2026-07-26T11:55:51.7957384Z               "label": "pkinerd:main",
2026-07-26T11:55:51.7957652Z               "ref": "main",
2026-07-26T11:55:51.7957880Z               "repo": {
2026-07-26T11:55:51.7958115Z                 "allow_auto_merge": false,
2026-07-26T11:55:51.7958387Z                 "allow_forking": true,
2026-07-26T11:55:51.7958651Z                 "allow_merge_commit": true,
2026-07-26T11:55:51.7958933Z                 "allow_rebase_merge": true,
2026-07-26T11:55:51.7959207Z                 "allow_squash_merge": true,
2026-07-26T11:55:51.7959723Z                 "allow_update_branch": false,
2026-07-26T11:55:51.7960224Z                 "archive_url": "https://api.github.com/repos/pkinerd/ednsv/{archive_format}{/ref}",
2026-07-26T11:55:51.7960723Z                 "archived": false,
2026-07-26T11:55:51.7961122Z                 "assignees_url": "https://api.github.com/repos/pkinerd/ednsv/assignees{/user}",
2026-07-26T11:55:51.7961635Z                 "blobs_url": "https://api.github.com/repos/pkinerd/ednsv/git/blobs{/sha}",
2026-07-26T11:55:51.7962171Z                 "branches_url": "https://api.github.com/repos/pkinerd/ednsv/branches{/branch}",
2026-07-26T11:55:51.7962642Z                 "clone_url": "https://github.com/pkinerd/ednsv.git",
2026-07-26T11:55:51.7963168Z                 "collaborators_url": "https://api.github.com/repos/pkinerd/ednsv/collaborators{/collaborator}",
2026-07-26T11:55:51.7963806Z                 "comments_url": "https://api.github.com/repos/pkinerd/ednsv/comments{/number}",
2026-07-26T11:55:51.7964575Z                 "commits_url": "https://api.github.com/repos/pkinerd/ednsv/commits{/sha}",
2026-07-26T11:55:51.7965436Z                 "compare_url": "https://api.github.com/repos/pkinerd/ednsv/compare/{base}...{head}",
2026-07-26T11:55:51.7966055Z                 "contents_url": "https://api.github.com/repos/pkinerd/ednsv/contents/{+path}",
2026-07-26T11:55:51.7966734Z                 "contributors_url": "https://api.github.com/repos/pkinerd/ednsv/contributors",
2026-07-26T11:55:51.7967151Z                 "created_at": "2026-03-30T21:24:40Z",
2026-07-26T11:55:51.7967423Z                 "default_branch": "main",
2026-07-26T11:55:51.7967686Z                 "delete_branch_on_merge": false,
2026-07-26T11:55:51.7968081Z                 "deployments_url": "https://api.github.com/repos/pkinerd/ednsv/deployments",
2026-07-26T11:55:51.7968472Z                 "description": null,
2026-07-26T11:55:51.7968707Z                 "disabled": false,
2026-07-26T11:55:51.7969048Z                 "downloads_url": "https://api.github.com/repos/pkinerd/ednsv/downloads",
2026-07-26T11:55:51.7969767Z                 "events_url": "https://api.github.com/repos/pkinerd/ednsv/events",
2026-07-26T11:55:51.7970222Z                 "fork": false,
2026-07-26T11:55:51.7970448Z                 "forks": 0,
2026-07-26T11:55:51.7970660Z                 "forks_count": 0,
2026-07-26T11:55:51.7970983Z                 "forks_url": "https://api.github.com/repos/pkinerd/ednsv/forks",
2026-07-26T11:55:51.7971344Z                 "full_name": "pkinerd/ednsv",
2026-07-26T11:55:51.7971755Z                 "git_commits_url": "https://api.github.com/repos/pkinerd/ednsv/git/commits{/sha}",
2026-07-26T11:55:51.7972302Z                 "git_refs_url": "https://api.github.com/repos/pkinerd/ednsv/git/refs{/sha}",
2026-07-26T11:55:51.7972793Z                 "git_tags_url": "https://api.github.com/repos/pkinerd/ednsv/git/tags{/sha}",
2026-07-26T11:55:51.7973211Z                 "git_url": "git://github.com/pkinerd/ednsv.git",
2026-07-26T11:55:51.7973515Z                 "has_discussions": false,
2026-07-26T11:55:51.7973801Z                 "has_downloads": false,
2026-07-26T11:55:51.7974042Z                 "has_issues": true,
2026-07-26T11:55:51.7974275Z                 "has_pages": false,
2026-07-26T11:55:51.7974716Z                 "has_projects": true,
2026-07-26T11:55:51.7974963Z                 "has_pull_requests": true,
2026-07-26T11:55:51.7975208Z                 "has_wiki": true,
2026-07-26T11:55:51.7975429Z                 "homepage": null,
2026-07-26T11:55:51.7975848Z                 "hooks_url": "https://api.github.com/repos/pkinerd/ednsv/hooks",
2026-07-26T11:55:51.7976243Z                 "html_url": "https://github.com/pkinerd/ednsv",
2026-07-26T11:55:51.7976534Z                 "id": 1196602452,
2026-07-26T11:55:51.7976760Z                 "is_template": false,
2026-07-26T11:55:51.7977181Z                 "issue_comment_url": "https://api.github.com/repos/pkinerd/ednsv/issues/comments{/number}",
2026-07-26T11:55:51.7977777Z                 "issue_events_url": "https://api.github.com/repos/pkinerd/ednsv/issues/events{/number}",
2026-07-26T11:55:51.7978313Z                 "issues_url": "https://api.github.com/repos/pkinerd/ednsv/issues{/number}",
2026-07-26T11:55:51.7978803Z                 "keys_url": "https://api.github.com/repos/pkinerd/ednsv/keys{/key_id}",
2026-07-26T11:55:51.7979277Z                 "labels_url": "https://api.github.com/repos/pkinerd/ednsv/labels{/name}",
2026-07-26T11:55:51.7979997Z                 "language": "C#",
2026-07-26T11:55:51.7980384Z                 "languages_url": "https://api.github.com/repos/pkinerd/ednsv/languages",
2026-07-26T11:55:51.7980780Z                 "license": null,
2026-07-26T11:55:51.7981098Z                 "merge_commit_message": "PR_TITLE",
2026-07-26T11:55:51.7981641Z                 "merge_commit_title": "MERGE_MESSAGE",
2026-07-26T11:55:51.7982382Z                 "merges_url": "https://api.github.com/repos/pkinerd/ednsv/merges",
2026-07-26T11:55:51.7983275Z                 "milestones_url": "https://api.github.com/repos/pkinerd/ednsv/milestones{/number}",
2026-07-26T11:55:51.7983717Z                 "mirror_url": null,
2026-07-26T11:55:51.7983949Z                 "name": "ednsv",
2026-07-26T11:55:51.7984180Z                 "node_id": "R_kgDOR1K0VA",
2026-07-26T11:55:51.7984686Z                 "notifications_url": "https://api.github.com/repos/pkinerd/ednsv/notifications{?since,all,participating}",
2026-07-26T11:55:51.7985184Z                 "open_issues": 1,
2026-07-26T11:55:51.7985426Z                 "open_issues_count": 1,
2026-07-26T11:55:51.7985666Z                 "owner": {
2026-07-26T11:55:51.7985991Z                   "avatar_url": "https://avatars.githubusercontent.com/u/169779439?v=4",
2026-07-26T11:55:51.7986470Z                   "events_url": "https://api.github.com/users/pkinerd/events{/privacy}",
2026-07-26T11:55:51.7986929Z                   "followers_url": "https://api.github.com/users/pkinerd/followers",
2026-07-26T11:55:51.7987421Z                   "following_url": "https://api.github.com/users/pkinerd/following{/other_user}",
2026-07-26T11:55:51.7987914Z                   "gists_url": "https://api.github.com/users/pkinerd/gists{/gist_id}",
2026-07-26T11:55:51.7988269Z                   "gravatar_id": "",
2026-07-26T11:55:51.7988551Z                   "html_url": "https://github.com/pkinerd",
2026-07-26T11:55:51.7988835Z                   "id": 169779439,
2026-07-26T11:55:51.7989068Z                   "login": "pkinerd",
2026-07-26T11:55:51.7989323Z                   "node_id": "U_kgDOCh6g7w",
2026-07-26T11:55:51.7990037Z                   "organizations_url": "https://api.github.com/users/pkinerd/orgs",
2026-07-26T11:55:51.7990542Z                   "received_events_url": "https://api.github.com/users/pkinerd/received_events",
2026-07-26T11:55:51.7991013Z                   "repos_url": "https://api.github.com/users/pkinerd/repos",
2026-07-26T11:55:51.7991346Z                   "site_admin": false,
2026-07-26T11:55:51.7991723Z                   "starred_url": "https://api.github.com/users/pkinerd/starred{/owner}{/repo}",
2026-07-26T11:55:51.7992239Z                   "subscriptions_url": "https://api.github.com/users/pkinerd/subscriptions",
2026-07-26T11:55:51.7992623Z                   "type": "User",
2026-07-26T11:55:51.7993071Z                   "url": "https://api.github.com/users/pkinerd",
2026-07-26T11:55:51.7993378Z                   "user_view_type": "public"
2026-07-26T11:55:51.7993617Z                 },
2026-07-26T11:55:51.7993809Z                 "private": false,
2026-07-26T11:55:51.7994168Z                 "pull_request_creation_policy": "all",
2026-07-26T11:55:51.7994604Z                 "pulls_url": "https://api.github.com/repos/pkinerd/ednsv/pulls{/number}",
2026-07-26T11:55:51.7994998Z                 "pushed_at": "2026-07-26T11:54:23Z",
2026-07-26T11:55:51.7995391Z                 "releases_url": "https://api.github.com/repos/pkinerd/ednsv/releases{/id}",
2026-07-26T11:55:51.7995772Z                 "size": 38419,
2026-07-26T11:55:51.7996042Z                 "squash_merge_commit_message": "COMMIT_MESSAGES",
2026-07-26T11:55:51.7996386Z                 "squash_merge_commit_title": "COMMIT_OR_PR_TITLE",
2026-07-26T11:55:51.7996728Z                 "ssh_url": "git@github.com:pkinerd/ednsv.git",
2026-07-26T11:55:51.7997036Z                 "stargazers_count": 0,
2026-07-26T11:55:51.7997404Z                 "stargazers_url": "https://api.github.com/repos/pkinerd/ednsv/stargazers",
2026-07-26T11:55:51.7997916Z                 "statuses_url": "https://api.github.com/repos/pkinerd/ednsv/statuses/{sha}",
2026-07-26T11:55:51.7998428Z                 "subscribers_url": "https://api.github.com/repos/pkinerd/ednsv/subscribers",
2026-07-26T11:55:51.7998947Z                 "subscription_url": "https://api.github.com/repos/pkinerd/ednsv/subscription",
2026-07-26T11:55:51.7999380Z                 "svn_url": "https://github.com/pkinerd/ednsv",
2026-07-26T11:55:51.8000038Z                 "tags_url": "https://api.github.com/repos/pkinerd/ednsv/tags",
2026-07-26T11:55:51.8000467Z                 "teams_url": "https://api.github.com/repos/pkinerd/ednsv/teams",
2026-07-26T11:55:51.8000805Z                 "topics": [],
2026-07-26T11:55:51.8001137Z                 "trees_url": "https://api.github.com/repos/pkinerd/ednsv/git/trees{/sha}",
2026-07-26T11:55:51.8001537Z                 "updated_at": "2026-07-24T14:18:46Z",
2026-07-26T11:55:51.8001981Z                 "url": "https://api.github.com/repos/pkinerd/ednsv",
2026-07-26T11:55:51.8002320Z                 "use_squash_pr_title_as_default": false,
2026-07-26T11:55:51.8002605Z                 "visibility": "public",
2026-07-26T11:55:51.8002853Z                 "watchers": 0,
2026-07-26T11:55:51.8003072Z                 "watchers_count": 0,
2026-07-26T11:55:51.8003332Z                 "web_commit_signoff_required": false
2026-07-26T11:55:51.8003589Z               },
2026-07-26T11:55:51.8003819Z               "sha": "0907a58f50a6c98d23ae466ed31c3a0c15264622",
2026-07-26T11:55:51.8004099Z               "user": {
2026-07-26T11:55:51.8004410Z                 "avatar_url": "https://avatars.githubusercontent.com/u/169779439?v=4",
2026-07-26T11:55:51.8004880Z                 "events_url": "https://api.github.com/users/pkinerd/events{/privacy}",
2026-07-26T11:55:51.8005442Z                 "followers_url": "https://api.github.com/users/pkinerd/followers",
2026-07-26T11:55:51.8005929Z                 "following_url": "https://api.github.com/users/pkinerd/following{/other_user}",
2026-07-26T11:55:51.8006415Z                 "gists_url": "https://api.github.com/users/pkinerd/gists{/gist_id}",
2026-07-26T11:55:51.8006767Z                 "gravatar_id": "",
2026-07-26T11:55:51.8007032Z                 "html_url": "https://github.com/pkinerd",
2026-07-26T11:55:51.8007308Z                 "id": 169779439,
2026-07-26T11:55:51.8007533Z                 "login": "pkinerd",
2026-07-26T11:55:51.8007775Z                 "node_id": "U_kgDOCh6g7w",
2026-07-26T11:55:51.8008162Z                 "organizations_url": "https://api.github.com/users/pkinerd/orgs",
2026-07-26T11:55:51.8008651Z                 "received_events_url": "https://api.github.com/users/pkinerd/received_events",
2026-07-26T11:55:51.8009114Z                 "repos_url": "https://api.github.com/users/pkinerd/repos",
2026-07-26T11:55:51.8009842Z                 "site_admin": false,
2026-07-26T11:55:51.8010239Z                 "starred_url": "https://api.github.com/users/pkinerd/starred{/owner}{/repo}",
2026-07-26T11:55:51.8010757Z                 "subscriptions_url": "https://api.github.com/users/pkinerd/subscriptions",
2026-07-26T11:55:51.8011263Z                 "type": "User",
2026-07-26T11:55:51.8011541Z                 "url": "https://api.github.com/users/pkinerd",
2026-07-26T11:55:51.8011846Z                 "user_view_type": "public"
2026-07-26T11:55:51.8012089Z               }
2026-07-26T11:55:51.8012263Z             },
2026-07-26T11:55:51.8026119Z             "body": "Four defects in the same family — file writes that assume they are the\nonly writer, and a read that destroys data when it fails.\n\n1. Fixed temp-file paths. Six write sites built their scratch file as\n   \"<target>.tmp\": ConfigService (config.json, revision bodies, the\n   history index), AuthService (users.json) and DiskCacheService (the\n   eleven merge-saved cache files, domain-results.json). The rename is\n   atomic, but the scratch path is shared state — two writers (two\n   replicas on one mount, a CLI run alongside the web service) truncate\n   and interleave into it, after which one rename publishes the mixture\n   and the other throws FileNotFoundException because the temp has\n   already been moved away. In ConfigService and AuthService that\n   exception escapes a save request as a 500.\n\n   Adds AtomicFile, which writes through a per-write unique temp name,\n   removes its scratch file when a write fails, and sweeps orphans left\n   by a killed process. The sweep is age-gated so it cannot delete a\n   temp belonging to an in-flight write. Concurrent writers still race\n   to publish and the last rename wins — the callers already assume\n   that — but the target is now always exactly one writer's complete\n   payload.\n\n   DiskCacheService.Clear and the startup load sweep the new names as\n   well as the legacy fixed one.\n\n2. ConfigService.LoadOrSeed overwrote a live config on a transient read\n   error. Any failure to read or parse an existing config.json fell\n   through to the seed path, which writes to disk — so a momentary I/O\n   error or sharing violation silently replaced the operator's saved\n   settings with env-var defaults and recorded that as a revision. It\n   now throws ConfigUnreadableException and the web host fails closed\n   with a clear message. An empty file still seeds, since there is\n   nothing to lose.\n\n3. CacheManager.ClearAllAsync deleted the cache files without holding\n   the flusher's lock. A flush that had already sampled the in-memory\n   caches would finish writing them out after the delete, so an admin\n   cache-clear reported success and the stale entries reappeared on\n   disk. The delete now runs under the same semaphore as the flush.\n\n4. CacheManager.FlushAsync bypassed all serialisation when no\n   background flusher exists (CLI runs), leaving concurrent saves free\n   to interleave read-modify-write on each cache file. It now takes a\n   local lock.\n\nAdds AtomicFileTests and CacheManagerClearTests, and extends\nConfigServiceTests and DiskCacheClearTests. The two concurrency tests\nwere verified to fail against the old fixed-name implementation.\n\nCo-Authored-By: Claude Opus 5 <noreply@anthropic.com>\nClaude-Session: https://claude.ai/code/session_01611PR4pvQSGB1t9K3hNAwE",
2026-07-26T11:55:51.8035866Z             "changed_files": 56,
2026-07-26T11:55:51.8036105Z             "closed_at": null,
2026-07-26T11:55:51.8036328Z             "comments": 0,
2026-07-26T11:55:51.8036695Z             "comments_url": "https://api.github.com/repos/pkinerd/ednsv/issues/28/comments",
2026-07-26T11:55:51.8037094Z             "commits": 26,
2026-07-26T11:55:51.8037490Z             "commits_url": "https://api.github.com/repos/pkinerd/ednsv/pulls/28/commits",
2026-07-26T11:55:51.8037989Z             "created_at": "2026-07-26T02:03:41Z",
2026-07-26T11:55:51.8038491Z             "deletions": 1098,
2026-07-26T11:55:51.8038900Z             "diff_url": "https://github.com/pkinerd/ednsv/pull/28.diff",
2026-07-26T11:55:51.8039798Z             "draft": false,
2026-07-26T11:55:51.8040176Z             "head": {
2026-07-26T11:55:51.8040589Z               "label": "pkinerd:claude/redis-dependency-removal-213elh",
2026-07-26T11:55:51.8055005Z               "ref": "claude/redis-dependency-removal-213elh",
2026-07-26T11:55:51.8055519Z               "repo": {
2026-07-26T11:55:51.8055755Z                 "allow_auto_merge": false,
2026-07-26T11:55:51.8056030Z                 "allow_forking": true,
2026-07-26T11:55:51.8056287Z                 "allow_merge_commit": true,
2026-07-26T11:55:51.8056551Z                 "allow_rebase_merge": true,
2026-07-26T11:55:51.8056804Z                 "allow_squash_merge": true,
2026-07-26T11:55:51.8057063Z                 "allow_update_branch": false,
2026-07-26T11:55:51.8057504Z                 "archive_url": "https://api.github.com/repos/pkinerd/ednsv/{archive_format}{/ref}",
2026-07-26T11:55:51.8057929Z                 "archived": false,
2026-07-26T11:55:51.8058320Z                 "assignees_url": "https://api.github.com/repos/pkinerd/ednsv/assignees{/user}",
2026-07-26T11:55:51.8058842Z                 "blobs_url": "https://api.github.com/repos/pkinerd/ednsv/git/blobs{/sha}",
2026-07-26T11:55:51.8059364Z                 "branches_url": "https://api.github.com/repos/pkinerd/ednsv/branches{/branch}",
2026-07-26T11:55:51.8060120Z                 "clone_url": "https://github.com/pkinerd/ednsv.git",
2026-07-26T11:55:51.8060659Z                 "collaborators_url": "https://api.github.com/repos/pkinerd/ednsv/collaborators{/collaborator}",
2026-07-26T11:55:51.8061260Z                 "comments_url": "https://api.github.com/repos/pkinerd/ednsv/comments{/number}",
2026-07-26T11:55:51.8061774Z                 "commits_url": "https://api.github.com/repos/pkinerd/ednsv/commits{/sha}",
2026-07-26T11:55:51.8062306Z                 "compare_url": "https://api.github.com/repos/pkinerd/ednsv/compare/{base}...{head}",
2026-07-26T11:55:51.8062877Z                 "contents_url": "https://api.github.com/repos/pkinerd/ednsv/contents/{+path}",
2026-07-26T11:55:51.8063404Z                 "contributors_url": "https://api.github.com/repos/pkinerd/ednsv/contributors",
2026-07-26T11:55:51.8063824Z                 "created_at": "2026-03-30T21:24:40Z",
2026-07-26T11:55:51.8064103Z                 "default_branch": "main",
2026-07-26T11:55:51.8064376Z                 "delete_branch_on_merge": false,
2026-07-26T11:55:51.8064776Z                 "deployments_url": "https://api.github.com/repos/pkinerd/ednsv/deployments",
2026-07-26T11:55:51.8065176Z                 "description": null,
2026-07-26T11:55:51.8065419Z                 "disabled": false,
2026-07-26T11:55:51.8065769Z                 "downloads_url": "https://api.github.com/repos/pkinerd/ednsv/downloads",
2026-07-26T11:55:51.8066241Z                 "events_url": "https://api.github.com/repos/pkinerd/ednsv/events",
2026-07-26T11:55:51.8066593Z                 "fork": false,
2026-07-26T11:55:51.8066816Z                 "forks": 0,
2026-07-26T11:55:51.8067032Z                 "forks_count": 0,
2026-07-26T11:55:51.8067350Z                 "forks_url": "https://api.github.com/repos/pkinerd/ednsv/forks",
2026-07-26T11:55:51.8067708Z                 "full_name": "pkinerd/ednsv",
2026-07-26T11:55:51.8068118Z                 "git_commits_url": "https://api.github.com/repos/pkinerd/ednsv/git/commits{/sha}",
2026-07-26T11:55:51.8068642Z                 "git_refs_url": "https://api.github.com/repos/pkinerd/ednsv/git/refs{/sha}",
2026-07-26T11:55:51.8069132Z                 "git_tags_url": "https://api.github.com/repos/pkinerd/ednsv/git/tags{/sha}",
2026-07-26T11:55:51.8069797Z                 "git_url": "git://github.com/pkinerd/ednsv.git",
2026-07-26T11:55:51.8070244Z                 "has_discussions": false,
2026-07-26T11:55:51.8070512Z                 "has_downloads": false,
2026-07-26T11:55:51.8070765Z                 "has_issues": true,
2026-07-26T11:55:51.8071001Z                 "has_pages": false,
2026-07-26T11:55:51.8071397Z                 "has_projects": true,
2026-07-26T11:55:51.8071652Z                 "has_pull_requests": true,
2026-07-26T11:55:51.8071909Z                 "has_wiki": true,
2026-07-26T11:55:51.8072138Z                 "homepage": null,
2026-07-26T11:55:51.8072563Z                 "hooks_url": "https://api.github.com/repos/pkinerd/ednsv/hooks",
2026-07-26T11:55:51.8072987Z                 "html_url": "https://github.com/pkinerd/ednsv",
2026-07-26T11:55:51.8073289Z                 "id": 1196602452,
2026-07-26T11:55:51.8073524Z                 "is_template": false,
2026-07-26T11:55:51.8073953Z                 "issue_comment_url": "https://api.github.com/repos/pkinerd/ednsv/issues/comments{/number}",
2026-07-26T11:55:51.8074565Z                 "issue_events_url": "https://api.github.com/repos/pkinerd/ednsv/issues/events{/number}",
2026-07-26T11:55:51.8075117Z                 "issues_url": "https://api.github.com/repos/pkinerd/ednsv/issues{/number}",
2026-07-26T11:55:51.8075629Z                 "keys_url": "https://api.github.com/repos/pkinerd/ednsv/keys{/key_id}",
2026-07-26T11:55:51.8076123Z                 "labels_url": "https://api.github.com/repos/pkinerd/ednsv/labels{/name}",
2026-07-26T11:55:51.8076498Z                 "language": "C#",
2026-07-26T11:55:51.8076841Z                 "languages_url": "https://api.github.com/repos/pkinerd/ednsv/languages",
2026-07-26T11:55:51.8077214Z                 "license": null,
2026-07-26T11:55:51.8077464Z                 "merge_commit_message": "PR_TITLE",
2026-07-26T11:55:51.8077760Z                 "merge_commit_title": "MERGE_MESSAGE",
2026-07-26T11:55:51.8078126Z                 "merges_url": "https://api.github.com/repos/pkinerd/ednsv/merges",
2026-07-26T11:55:51.8078632Z                 "milestones_url": "https://api.github.com/repos/pkinerd/ednsv/milestones{/number}",
2026-07-26T11:55:51.8079055Z                 "mirror_url": null,
2026-07-26T11:55:51.8079290Z                 "name": "ednsv",
2026-07-26T11:55:51.8079739Z                 "node_id": "R_kgDOR1K0VA",
2026-07-26T11:55:51.8080249Z                 "notifications_url": "https://api.github.com/repos/pkinerd/ednsv/notifications{?since,all,participating}",
2026-07-26T11:55:51.8080754Z                 "open_issues": 1,
2026-07-26T11:55:51.8080992Z                 "open_issues_count": 1,
2026-07-26T11:55:51.8081239Z                 "owner": {
2026-07-26T11:55:51.8081573Z                   "avatar_url": "https://avatars.githubusercontent.com/u/169779439?v=4",
2026-07-26T11:55:51.8082062Z                   "events_url": "https://api.github.com/users/pkinerd/events{/privacy}",
2026-07-26T11:55:51.8082561Z                   "followers_url": "https://api.github.com/users/pkinerd/followers",
2026-07-26T11:55:51.8083061Z                   "following_url": "https://api.github.com/users/pkinerd/following{/other_user}",
2026-07-26T11:55:51.8083560Z                   "gists_url": "https://api.github.com/users/pkinerd/gists{/gist_id}",
2026-07-26T11:55:51.8083922Z                   "gravatar_id": "",
2026-07-26T11:55:51.8084207Z                   "html_url": "https://github.com/pkinerd",
2026-07-26T11:55:51.8084496Z                   "id": 169779439,
2026-07-26T11:55:51.8084738Z                   "login": "pkinerd",
2026-07-26T11:55:51.8084992Z                   "node_id": "U_kgDOCh6g7w",
2026-07-26T11:55:51.8085356Z                   "organizations_url": "https://api.github.com/users/pkinerd/orgs",
2026-07-26T11:55:51.8085863Z                   "received_events_url": "https://api.github.com/users/pkinerd/received_events",
2026-07-26T11:55:51.8086331Z                   "repos_url": "https://api.github.com/users/pkinerd/repos",
2026-07-26T11:55:51.8086669Z                   "site_admin": false,
2026-07-26T11:55:51.8087041Z                   "starred_url": "https://api.github.com/users/pkinerd/starred{/owner}{/repo}",
2026-07-26T11:55:51.8087559Z                   "subscriptions_url": "https://api.github.com/users/pkinerd/subscriptions",
2026-07-26T11:55:51.8087946Z                   "type": "User",
2026-07-26T11:55:51.8088350Z                   "url": "https://api.github.com/users/pkinerd",
2026-07-26T11:55:51.8088658Z                   "user_view_type": "public"
2026-07-26T11:55:51.8088900Z                 },
2026-07-26T11:55:51.8089091Z                 "private": false,
2026-07-26T11:55:51.8089649Z                 "pull_request_creation_policy": "all",
2026-07-26T11:55:51.8090101Z                 "pulls_url": "https://api.github.com/repos/pkinerd/ednsv/pulls{/number}",
2026-07-26T11:55:51.8090504Z                 "pushed_at": "2026-07-26T11:54:23Z",
2026-07-26T11:55:51.8090899Z                 "releases_url": "https://api.github.com/repos/pkinerd/ednsv/releases{/id}",
2026-07-26T11:55:51.8091286Z                 "size": 38419,
2026-07-26T11:55:51.8091557Z                 "squash_merge_commit_message": "COMMIT_MESSAGES",
2026-07-26T11:55:51.8091902Z                 "squash_merge_commit_title": "COMMIT_OR_PR_TITLE",
2026-07-26T11:55:51.8092242Z                 "ssh_url": "git@github.com:pkinerd/ednsv.git",
2026-07-26T11:55:51.8092548Z                 "stargazers_count": 0,
2026-07-26T11:55:51.8092913Z                 "stargazers_url": "https://api.github.com/repos/pkinerd/ednsv/stargazers",
2026-07-26T11:55:51.8093421Z                 "statuses_url": "https://api.github.com/repos/pkinerd/ednsv/statuses/{sha}",
2026-07-26T11:55:51.8093938Z                 "subscribers_url": "https://api.github.com/repos/pkinerd/ednsv/subscribers",
2026-07-26T11:55:51.8094459Z                 "subscription_url": "https://api.github.com/repos/pkinerd/ednsv/subscription",
2026-07-26T11:55:51.8094895Z                 "svn_url": "https://github.com/pkinerd/ednsv",
2026-07-26T11:55:51.8095271Z                 "tags_url": "https://api.github.com/repos/pkinerd/ednsv/tags",
2026-07-26T11:55:51.8095697Z                 "teams_url": "https://api.github.com/repos/pkinerd/ednsv/teams",
2026-07-26T11:55:51.8096042Z                 "topics": [],
2026-07-26T11:55:51.8096380Z                 "trees_url": "https://api.github.com/repos/pkinerd/ednsv/git/trees{/sha}",
2026-07-26T11:55:51.8096780Z                 "updated_at": "2026-07-24T14:18:46Z",
2026-07-26T11:55:51.8097103Z                 "url": "https://api.github.com/repos/pkinerd/ednsv",
2026-07-26T11:55:51.8097441Z                 "use_squash_pr_title_as_default": false,
2026-07-26T11:55:51.8097731Z                 "visibility": "public",
2026-07-26T11:55:51.8097976Z                 "watchers": 0,
2026-07-26T11:55:51.8098199Z                 "watchers_count": 0,
2026-07-26T11:55:51.8098455Z                 "web_commit_signoff_required": false
2026-07-26T11:55:51.8098718Z               },
2026-07-26T11:55:51.8098951Z               "sha": "3ee3f5ef7a8cf327c6427880e2b1f49331048ee6",
2026-07-26T11:55:51.8099237Z               "user": {
2026-07-26T11:55:51.8099825Z                 "avatar_url": "https://avatars.githubusercontent.com/u/169779439?v=4",
2026-07-26T11:55:51.8100313Z                 "events_url": "https://api.github.com/users/pkinerd/events{/privacy}",
2026-07-26T11:55:51.8100773Z                 "followers_url": "https://api.github.com/users/pkinerd/followers",
2026-07-26T11:55:51.8101270Z                 "following_url": "https://api.github.com/users/pkinerd/following{/other_user}",
2026-07-26T11:55:51.8101762Z                 "gists_url": "https://api.github.com/users/pkinerd/gists{/gist_id}",
2026-07-26T11:55:51.8102116Z                 "gravatar_id": "",
2026-07-26T11:55:51.8102383Z                 "html_url": "https://github.com/pkinerd",
2026-07-26T11:55:51.8102664Z                 "id": 169779439,
2026-07-26T11:55:51.8102888Z                 "login": "pkinerd",
2026-07-26T11:55:51.8103136Z                 "node_id": "U_kgDOCh6g7w",
2026-07-26T11:55:51.8103488Z                 "organizations_url": "https://api.github.com/users/pkinerd/orgs",
2026-07-26T11:55:51.8103976Z                 "received_events_url": "https://api.github.com/users/pkinerd/received_events",
2026-07-26T11:55:51.8104438Z                 "repos_url": "https://api.github.com/users/pkinerd/repos",
2026-07-26T11:55:51.8104902Z                 "site_admin": false,
2026-07-26T11:55:51.8105269Z                 "starred_url": "https://api.github.com/users/pkinerd/starred{/owner}{/repo}",
2026-07-26T11:55:51.8105783Z                 "subscriptions_url": "https://api.github.com/users/pkinerd/subscriptions",
2026-07-26T11:55:51.8106340Z                 "type": "User",
2026-07-26T11:55:51.8106623Z                 "url": "https://api.github.com/users/pkinerd",
2026-07-26T11:55:51.8106932Z                 "user_view_type": "public"
2026-07-26T11:55:51.8107174Z               }
2026-07-26T11:55:51.8107349Z             },
2026-07-26T11:55:51.8107594Z             "html_url": "https://github.com/pkinerd/ednsv/pull/28",
2026-07-26T11:55:51.8107907Z             "id": 4134707627,
2026-07-26T11:55:51.8108220Z             "issue_url": "https://api.github.com/repos/pkinerd/ednsv/issues/28",
2026-07-26T11:55:51.8108575Z             "labels": [],
2026-07-26T11:55:51.8108783Z             "locked": false,
2026-07-26T11:55:51.8109015Z             "maintainer_can_modify": false,
2026-07-26T11:55:51.8109355Z             "merge_commit_sha": "4fc5648defcb9349074ed47f10c646df730f5d5d",
2026-07-26T11:55:51.8109923Z             "mergeable": null,
2026-07-26T11:55:51.8110159Z             "mergeable_state": "unknown",
2026-07-26T11:55:51.8110419Z             "merged": false,
2026-07-26T11:55:51.8110632Z             "merged_at": null,
2026-07-26T11:55:51.8110845Z             "merged_by": null,
2026-07-26T11:55:51.8111058Z             "milestone": null,
2026-07-26T11:55:51.8111295Z             "node_id": "PR_kwDOR1K0VM72cqGr",
2026-07-26T11:55:51.8111551Z             "number": 28,
2026-07-26T11:55:51.8111844Z             "patch_url": "https://github.com/pkinerd/ednsv/pull/28.patch",
2026-07-26T11:55:51.8112178Z             "rebaseable": null,
2026-07-26T11:55:51.8112411Z             "requested_reviewers": [],
2026-07-26T11:55:51.8112659Z             "requested_teams": [],
2026-07-26T11:55:51.8113076Z             "review_comment_url": "https://api.github.com/repos/pkinerd/ednsv/pulls/comments{/number}",
2026-07-26T11:55:51.8113517Z             "review_comments": 0,
2026-07-26T11:55:51.8113902Z             "review_comments_url": "https://api.github.com/repos/pkinerd/ednsv/pulls/28/comments",
2026-07-26T11:55:51.8114311Z             "state": "open",
2026-07-26T11:55:51.8114781Z             "statuses_url": "https://api.github.com/repos/pkinerd/ednsv/statuses/3ee3f5ef7a8cf327c6427880e2b1f49331048ee6",
2026-07-26T11:55:51.8115414Z             "title": "Fix unguarded concurrent file access in config, auth and disk cache",
2026-07-26T11:55:51.8115816Z             "updated_at": "2026-07-26T11:54:24Z",
2026-07-26T11:55:51.8116155Z             "url": "https://api.github.com/repos/pkinerd/ednsv/pulls/28",
2026-07-26T11:55:51.8116478Z             "user": {
2026-07-26T11:55:51.8116794Z               "avatar_url": "https://avatars.githubusercontent.com/u/169779439?v=4",
2026-07-26T11:55:51.8117266Z               "events_url": "https://api.github.com/users/pkinerd/events{/privacy}",
2026-07-26T11:55:51.8117733Z               "followers_url": "https://api.github.com/users/pkinerd/followers",
2026-07-26T11:55:51.8118217Z               "following_url": "https://api.github.com/users/pkinerd/following{/other_user}",
2026-07-26T11:55:51.8118709Z               "gists_url": "https://api.github.com/users/pkinerd/gists{/gist_id}",
2026-07-26T11:55:51.8119066Z               "gravatar_id": "",
2026-07-26T11:55:51.8119330Z               "html_url": "https://github.com/pkinerd",
2026-07-26T11:55:51.8119824Z               "id": 169779439,
2026-07-26T11:55:51.8120053Z               "login": "pkinerd",
2026-07-26T11:55:51.8120291Z               "node_id": "U_kgDOCh6g7w",
2026-07-26T11:55:51.8120642Z               "organizations_url": "https://api.github.com/users/pkinerd/orgs",
2026-07-26T11:55:51.8121133Z               "received_events_url": "https://api.github.com/users/pkinerd/received_events",
2026-07-26T11:55:51.8121593Z               "repos_url": "https://api.github.com/users/pkinerd/repos",
2026-07-26T11:55:51.8122059Z               "site_admin": false,
2026-07-26T11:55:51.8122421Z               "starred_url": "https://api.github.com/users/pkinerd/starred{/owner}{/repo}",
2026-07-26T11:55:51.8123026Z               "subscriptions_url": "https://api.github.com/users/pkinerd/subscriptions",
2026-07-26T11:55:51.8123410Z               "type": "User",
2026-07-26T11:55:51.8123672Z               "url": "https://api.github.com/users/pkinerd",
2026-07-26T11:55:51.8123969Z               "user_view_type": "public"
2026-07-26T11:55:51.8124204Z             }
2026-07-26T11:55:51.8124377Z           },
2026-07-26T11:55:51.8124560Z           "repository": {
2026-07-26T11:55:51.8124780Z             "allow_forking": true,
2026-07-26T11:55:51.8125160Z             "archive_url": "https://api.github.com/repos/pkinerd/ednsv/{archive_format}{/ref}",
2026-07-26T11:55:51.8125562Z             "archived": false,
2026-07-26T11:55:51.8125913Z             "assignees_url": "https://api.github.com/repos/pkinerd/ednsv/assignees{/user}",
2026-07-26T11:55:51.8126416Z             "blobs_url": "https://api.github.com/repos/pkinerd/ednsv/git/blobs{/sha}",
2026-07-26T11:55:51.8126910Z             "branches_url": "https://api.github.com/repos/pkinerd/ednsv/branches{/branch}",
2026-07-26T11:55:51.8127353Z             "clone_url": "https://github.com/pkinerd/ednsv.git",
2026-07-26T11:55:51.8127850Z             "collaborators_url": "https://api.github.com/repos/pkinerd/ednsv/collaborators{/collaborator}",
2026-07-26T11:55:51.8128427Z             "comments_url": "https://api.github.com/repos/pkinerd/ednsv/comments{/number}",
2026-07-26T11:55:51.8128918Z             "commits_url": "https://api.github.com/repos/pkinerd/ednsv/commits{/sha}",
2026-07-26T11:55:51.8129426Z             "compare_url": "https://api.github.com/repos/pkinerd/ednsv/compare/{base}...{head}",
2026-07-26T11:55:51.8130095Z             "contents_url": "https://api.github.com/repos/pkinerd/ednsv/contents/{+path}",
2026-07-26T11:55:51.8130609Z             "contributors_url": "https://api.github.com/repos/pkinerd/ednsv/contributors",
2026-07-26T11:55:51.8131016Z             "created_at": "2026-03-30T21:24:40Z",
2026-07-26T11:55:51.8131284Z             "default_branch": "main",
2026-07-26T11:55:51.8131652Z             "deployments_url": "https://api.github.com/repos/pkinerd/ednsv/deployments",
2026-07-26T11:55:51.8132037Z             "description": null,
2026-07-26T11:55:51.8132261Z             "disabled": false,
2026-07-26T11:55:51.8132591Z             "downloads_url": "https://api.github.com/repos/pkinerd/ednsv/downloads",
2026-07-26T11:55:51.8133052Z             "events_url": "https://api.github.com/repos/pkinerd/ednsv/events",
2026-07-26T11:55:51.8133401Z             "fork": false,
2026-07-26T11:55:51.8133611Z             "forks": 0,
2026-07-26T11:55:51.8133813Z             "forks_count": 0,
2026-07-26T11:55:51.8134120Z             "forks_url": "https://api.github.com/repos/pkinerd/ednsv/forks",
2026-07-26T11:55:51.8134497Z             "full_name": "pkinerd/ednsv",
2026-07-26T11:55:51.8134898Z             "git_commits_url": "https://api.github.com/repos/pkinerd/ednsv/git/commits{/sha}",
2026-07-26T11:55:51.8135413Z             "git_refs_url": "https://api.github.com/repos/pkinerd/ednsv/git/refs{/sha}",
2026-07-26T11:55:51.8135905Z             "git_tags_url": "https://api.github.com/repos/pkinerd/ednsv/git/tags{/sha}",
2026-07-26T11:55:51.8136319Z             "git_url": "git://github.com/pkinerd/ednsv.git",
2026-07-26T11:55:51.8136621Z             "has_discussions": false,
2026-07-26T11:55:51.8136867Z             "has_downloads": false,
2026-07-26T11:55:51.8137105Z             "has_issues": true,
2026-07-26T11:55:51.8137326Z             "has_pages": false,
2026-07-26T11:55:51.8137547Z             "has_projects": true,
2026-07-26T11:55:51.8137787Z             "has_pull_requests": true,
2026-07-26T11:55:51.8138025Z             "has_wiki": true,
2026-07-26T11:55:51.8138241Z             "homepage": null,
2026-07-26T11:55:51.8138548Z             "hooks_url": "https://api.github.com/repos/pkinerd/ednsv/hooks",
2026-07-26T11:55:51.8139054Z             "html_url": "https://github.com/pkinerd/ednsv",
2026-07-26T11:55:51.8139341Z             "id": 1196602452,
2026-07-26T11:55:51.8139800Z             "is_template": false,
2026-07-26T11:55:51.8140339Z             "issue_comment_url": "https://api.github.com/repos/pkinerd/ednsv/issues/comments{/number}",
2026-07-26T11:55:51.8140932Z             "issue_events_url": "https://api.github.com/repos/pkinerd/ednsv/issues/events{/number}",
2026-07-26T11:55:51.8141464Z             "issues_url": "https://api.github.com/repos/pkinerd/ednsv/issues{/number}",
2026-07-26T11:55:51.8141940Z             "keys_url": "https://api.github.com/repos/pkinerd/ednsv/keys{/key_id}",
2026-07-26T11:55:51.8142403Z             "labels_url": "https://api.github.com/repos/pkinerd/ednsv/labels{/name}",
2026-07-26T11:55:51.8142764Z             "language": "C#",
2026-07-26T11:55:51.8143090Z             "languages_url": "https://api.github.com/repos/pkinerd/ednsv/languages",
2026-07-26T11:55:51.8143456Z             "license": null,
2026-07-26T11:55:51.8143760Z             "merges_url": "https://api.github.com/repos/pkinerd/ednsv/merges",
2026-07-26T11:55:51.8144248Z             "milestones_url": "https://api.github.com/repos/pkinerd/ednsv/milestones{/number}",
2026-07-26T11:55:51.8144656Z             "mirror_url": null,
2026-07-26T11:55:51.8144872Z             "name": "ednsv",
2026-07-26T11:55:51.8145088Z             "node_id": "R_kgDOR1K0VA",
2026-07-26T11:55:51.8145563Z             "notifications_url": "https://api.github.com/repos/pkinerd/ednsv/notifications{?since,all,participating}",
2026-07-26T11:55:51.8146051Z             "open_issues": 1,
2026-07-26T11:55:51.8146272Z             "open_issues_count": 1,
2026-07-26T11:55:51.8146502Z             "owner": {
2026-07-26T11:55:51.8146814Z               "avatar_url": "https://avatars.githubusercontent.com/u/169779439?v=4",
2026-07-26T11:55:51.8147277Z               "events_url": "https://api.github.com/users/pkinerd/events{/privacy}",
2026-07-26T11:55:51.8147737Z               "followers_url": "https://api.github.com/users/pkinerd/followers",
2026-07-26T11:55:51.8148219Z               "following_url": "https://api.github.com/users/pkinerd/following{/other_user}",
2026-07-26T11:55:51.8148707Z               "gists_url": "https://api.github.com/users/pkinerd/gists{/gist_id}",
2026-07-26T11:55:51.8149056Z               "gravatar_id": "",
2026-07-26T11:55:51.8149314Z               "html_url": "https://github.com/pkinerd",
2026-07-26T11:55:51.8149721Z               "id": 169779439,
2026-07-26T11:55:51.8149942Z               "login": "pkinerd",
2026-07-26T11:55:51.8150179Z               "node_id": "U_kgDOCh6g7w",
2026-07-26T11:55:51.8150530Z               "organizations_url": "https://api.github.com/users/pkinerd/orgs",
2026-07-26T11:55:51.8151010Z               "received_events_url": "https://api.github.com/users/pkinerd/received_events",
2026-07-26T11:55:51.8151473Z               "repos_url": "https://api.github.com/users/pkinerd/repos",
2026-07-26T11:55:51.8151805Z               "site_admin": false,
2026-07-26T11:55:51.8152157Z               "starred_url": "https://api.github.com/users/pkinerd/starred{/owner}{/repo}",
2026-07-26T11:55:51.8152662Z               "subscriptions_url": "https://api.github.com/users/pkinerd/subscriptions",
2026-07-26T11:55:51.8153041Z               "type": "User",
2026-07-26T11:55:51.8153300Z               "url": "https://api.github.com/users/pkinerd",
2026-07-26T11:55:51.8153593Z               "user_view_type": "public"
2026-07-26T11:55:51.8153824Z             },
2026-07-26T11:55:51.8154005Z             "private": false,
2026-07-26T11:55:51.8154245Z             "pull_request_creation_policy": "all",
2026-07-26T11:55:51.8154626Z             "pulls_url": "https://api.github.com/repos/pkinerd/ednsv/pulls{/number}",
2026-07-26T11:55:51.8155010Z             "pushed_at": "2026-07-26T11:54:23Z",
2026-07-26T11:55:51.8155382Z             "releases_url": "https://api.github.com/repos/pkinerd/ednsv/releases{/id}",
2026-07-26T11:55:51.8155880Z             "size": 38419,
2026-07-26T11:55:51.8156125Z             "ssh_url": "git@github.com:pkinerd/ednsv.git",
2026-07-26T11:55:51.8156410Z             "stargazers_count": 0,
2026-07-26T11:55:51.8156853Z             "stargazers_url": "https://api.github.com/repos/pkinerd/ednsv/stargazers",
2026-07-26T11:55:51.8157349Z             "statuses_url": "https://api.github.com/repos/pkinerd/ednsv/statuses/{sha}",
2026-07-26T11:55:51.8157846Z             "subscribers_url": "https://api.github.com/repos/pkinerd/ednsv/subscribers",
2026-07-26T11:55:51.8158349Z             "subscription_url": "https://api.github.com/repos/pkinerd/ednsv/subscription",
2026-07-26T11:55:51.8158773Z             "svn_url": "https://github.com/pkinerd/ednsv",
2026-07-26T11:55:51.8159129Z             "tags_url": "https://api.github.com/repos/pkinerd/ednsv/tags",
2026-07-26T11:55:51.8159770Z             "teams_url": "https://api.github.com/repos/pkinerd/ednsv/teams",
2026-07-26T11:55:51.8160118Z             "topics": [],
2026-07-26T11:55:51.8160445Z             "trees_url": "https://api.github.com/repos/pkinerd/ednsv/git/trees{/sha}",
2026-07-26T11:55:51.8160822Z             "updated_at": "2026-07-24T14:18:46Z",
2026-07-26T11:55:51.8161135Z             "url": "https://api.github.com/repos/pkinerd/ednsv",
2026-07-26T11:55:51.8161448Z             "visibility": "public",
2026-07-26T11:55:51.8161683Z             "watchers": 0,
2026-07-26T11:55:51.8161893Z             "watchers_count": 0,
2026-07-26T11:55:51.8162136Z             "web_commit_signoff_required": false
2026-07-26T11:55:51.8162386Z           },
2026-07-26T11:55:51.8162561Z           "sender": {
2026-07-26T11:55:51.8162865Z             "avatar_url": "https://avatars.githubusercontent.com/u/169779439?v=4",
2026-07-26T11:55:51.8163328Z             "events_url": "https://api.github.com/users/pkinerd/events{/privacy}",
2026-07-26T11:55:51.8163777Z             "followers_url": "https://api.github.com/users/pkinerd/followers",
2026-07-26T11:55:51.8164258Z             "following_url": "https://api.github.com/users/pkinerd/following{/other_user}",
2026-07-26T11:55:51.8164743Z             "gists_url": "https://api.github.com/users/pkinerd/gists{/gist_id}",
2026-07-26T11:55:51.8165087Z             "gravatar_id": "",
2026-07-26T11:55:51.8165343Z             "html_url": "https://github.com/pkinerd",
2026-07-26T11:55:51.8165615Z             "id": 169779439,
2026-07-26T11:55:51.8165831Z             "login": "pkinerd",
2026-07-26T11:55:51.8166057Z             "node_id": "U_kgDOCh6g7w",
2026-07-26T11:55:51.8166396Z             "organizations_url": "https://api.github.com/users/pkinerd/orgs",
2026-07-26T11:55:51.8166873Z             "received_events_url": "https://api.github.com/users/pkinerd/received_events",
2026-07-26T11:55:51.8167325Z             "repos_url": "https://api.github.com/users/pkinerd/repos",
2026-07-26T11:55:51.8167647Z             "site_admin": false,
2026-07-26T11:55:51.8167993Z             "starred_url": "https://api.github.com/users/pkinerd/starred{/owner}{/repo}",
2026-07-26T11:55:51.8168493Z             "subscriptions_url": "https://api.github.com/users/pkinerd/subscriptions",
2026-07-26T11:55:51.8168865Z             "type": "User",
2026-07-26T11:55:51.8169122Z             "url": "https://api.github.com/users/pkinerd",
2026-07-26T11:55:51.8169419Z             "user_view_type": "public"
2026-07-26T11:55:51.8169774Z           }
2026-07-26T11:55:51.8169948Z         },
2026-07-26T11:55:51.8170126Z         "github_job": "docker",
2026-07-26T11:55:51.8170362Z         "github_ref": "refs/pull/28/merge",
2026-07-26T11:55:51.8170623Z         "github_ref_name": "28/merge",
2026-07-26T11:55:51.8170873Z         "github_ref_protected": "false",
2026-07-26T11:55:51.8171130Z         "github_ref_type": "branch",
2026-07-26T11:55:51.8171388Z         "github_repository": "pkinerd/ednsv",
2026-07-26T11:55:51.8171665Z         "github_repository_id": "1196602452",
2026-07-26T11:55:51.8171938Z         "github_repository_owner": "pkinerd",
2026-07-26T11:55:51.8172220Z         "github_repository_owner_id": "169779439",
2026-07-26T11:55:51.8172664Z         "github_run_attempt": "1",
2026-07-26T11:55:51.8172901Z         "github_run_id": "30201020166",
2026-07-26T11:55:51.8173145Z         "github_run_number": "221",
2026-07-26T11:55:51.8173385Z         "github_runner_arch": "X64",
2026-07-26T11:55:51.8173758Z         "github_runner_environment": "github-hosted",
2026-07-26T11:55:51.8174058Z         "github_runner_image_os": "ubuntu24",
2026-07-26T11:55:51.8174348Z         "github_runner_image_version": "20260720.247.2",
2026-07-26T11:55:51.8174667Z         "github_runner_name": "GitHub Actions 1000002193",
2026-07-26T11:55:51.8174955Z         "github_runner_os": "Linux",
2026-07-26T11:55:51.8175306Z         "github_runner_tracking_id": "github_8c750ed8-42c6-4565-9648-a4c1276fde0b",
2026-07-26T11:55:51.8175701Z         "github_server_url": "https://github.com",
2026-07-26T11:55:51.8175994Z         "github_triggering_actor": "pkinerd",
2026-07-26T11:55:51.8176258Z         "github_workflow": "CI",
2026-07-26T11:55:51.8176632Z         "github_workflow_ref": "pkinerd/ednsv/.github/workflows/ci.yml@refs/pull/28/merge",
2026-07-26T11:55:51.8177114Z         "github_workflow_sha": "97dc8a79b916b844588134bcc65f9acf6d737e89",
2026-07-26T11:55:51.8177457Z         "platform": "linux/amd64"
2026-07-26T11:55:51.8177692Z       }
2026-07-26T11:55:51.8177854Z     }
2026-07-26T11:55:51.8178012Z   },
2026-07-26T11:55:51.8178533Z   "buildx.build.ref": "builder-029c54b9-a838-43b2-90b1-1d0b98aa2156/builder-029c54b9-a838-43b2-90b1-1d0b98aa21560/gxxy78regzry8lb85v0dxquav",
2026-07-26T11:55:51.8179161Z   "containerimage.descriptor": {
2026-07-26T11:55:51.8179573Z     "mediaType": "application/vnd.oci.image.index.v1+json",
2026-07-26T11:55:51.8180029Z     "digest": "sha256:fa89e1801bf95918388c66b611bfb23840572e89b3cf9139740532318e67078c",
2026-07-26T11:55:51.8180417Z     "size": 856
2026-07-26T11:55:51.8180594Z   },
2026-07-26T11:55:51.8180963Z   "containerimage.digest": "sha256:fa89e1801bf95918388c66b611bfb23840572e89b3cf9139740532318e67078c",
2026-07-26T11:55:51.8181654Z   "image.name": "ghcr.io/pkinerd/ednsv:pr-28,ghcr.io/pkinerd/ednsv:latest-any,ghcr.io/pkinerd/ednsv:sha-97dc8a7"
2026-07-26T11:55:51.8182124Z }
2026-07-26T11:55:51.8182508Z ##[endgroup]
2026-07-26T11:55:51.8182855Z ##[group]Reference
2026-07-26T11:55:51.8183334Z builder-029c54b9-a838-43b2-90b1-1d0b98aa2156/builder-029c54b9-a838-43b2-90b1-1d0b98aa21560/gxxy78regzry8lb85v0dxquav
2026-07-26T11:55:51.8183982Z ##[endgroup]
2026-07-26T11:55:51.8184304Z ##[group]Check build summary support
2026-07-26T11:55:51.8184683Z Build summary supported!
2026-07-26T11:55:51.8185014Z ##[endgroup]
2026-07-26T11:55:51.8282911Z Node 20 is being deprecated. This workflow is running with Node 24 by default. If you need to temporarily use Node 20, you can set the ACTIONS_ALLOW_USE_UNSECURE_NODE_VERSION=true environment variable. For more information see: https://github.blog/changelog/2025-09-19-deprecation-of-node-20-on-github-actions-runners/
2026-07-26T11:55:51.8284141Z Post job cleanup.
2026-07-26T11:55:52.0678339Z ##[group]Generating build summary
2026-07-26T11:55:52.0683989Z exporting build record to /home/runner/work/_temp/docker-actions-toolkit-76LtlM/export
2026-07-26T11:55:52.0697877Z (node:3281) [DEP0040] DeprecationWarning: The `punycode` module is deprecated. Please use a userland alternative instead.
2026-07-26T11:55:52.0698998Z (Use `node --trace-deprecation ...` to show where the warning was created)
2026-07-26T11:55:52.2588702Z [command]/usr/bin/docker buildx history export --builder builder-029c54b9-a838-43b2-90b1-1d0b98aa2156 --output /home/runner/work/_temp/docker-actions-toolkit-76LtlM/export/pkinerd~ednsv~GXXY78.dockerbuild gxxy78regzry8lb85v0dxquav --finalize
2026-07-26T11:55:52.5107890Z Build record written to /home/runner/work/_temp/docker-actions-toolkit-76LtlM/export/pkinerd~ednsv~GXXY78.dockerbuild (57.09 KB)
2026-07-26T11:55:52.5134729Z Uploading pkinerd~ednsv~GXXY78.dockerbuild to blob storage
2026-07-26T11:55:52.6387886Z Beginning upload of artifact content to blob storage
2026-07-26T11:55:52.6474302Z (node:3281) [DEP0169] DeprecationWarning: `url.parse()` behavior is not standardized and prone to errors that have security implications. Use the WHATWG URL API instead. CVEs are not issued for `url.parse()` vulnerabilities.
2026-07-26T11:55:52.6483083Z Uploaded bytes 58457
2026-07-26T11:55:52.6779653Z Finished uploading artifact content to blob storage!
2026-07-26T11:55:52.6784644Z SHA256 hash of uploaded artifact is 8a223aa779a21f054a85a9682c8b9c028f2b4a2b3e8b49a20bb28435709f4f05
2026-07-26T11:55:52.6786342Z Finalizing artifact upload
2026-07-26T11:55:52.9845948Z Artifact successfully finalized (8631649565)
2026-07-26T11:55:52.9847772Z Artifact download URL: https://github.com/pkinerd/ednsv/actions/runs/30201020166/artifacts/8631649565
2026-07-26T11:55:52.9877611Z Writing summary
2026-07-26T11:55:52.9890436Z ##[endgroup]
2026-07-26T11:55:52.9891330Z ##[group]Removing temp folder /home/runner/work/_temp/docker-actions-toolkit-AgvPos
2026-07-26T11:55:52.9893578Z ##[endgroup]
2026-07-26T11:55:52.9894361Z ##[group]Post cache
2026-07-26T11:55:52.9895720Z State not set
2026-07-26T11:55:52.9896576Z ##[endgroup]
2026-07-26T11:55:53.0061848Z Node 20 is being deprecated. This workflow is running with Node 24 by default. If you need to temporarily use Node 20, you can set the ACTIONS_ALLOW_USE_UNSECURE_NODE_VERSION=true environment variable. For more information see: https://github.blog/changelog/2025-09-19-deprecation-of-node-20-on-github-actions-runners/
2026-07-26T11:55:53.0063079Z Post job cleanup.
2026-07-26T11:55:53.3256860Z ##[group]Logout from ghcr.io
2026-07-26T11:55:53.3279154Z (node:3426) [DEP0040] DeprecationWarning: The `punycode` module is deprecated. Please use a userland alternative instead.
2026-07-26T11:55:53.3280638Z (Use `node --trace-deprecation ...` to show where the warning was created)
2026-07-26T11:55:53.3330384Z [command]/usr/bin/docker logout ghcr.io
2026-07-26T11:55:53.3453379Z Removing login credentials for ghcr.io
2026-07-26T11:55:53.3482721Z ##[endgroup]
2026-07-26T11:55:53.3483723Z ##[group]Post cache
2026-07-26T11:55:53.3485009Z State not set
2026-07-26T11:55:53.3485879Z ##[endgroup]
2026-07-26T11:55:53.3681768Z Node 20 is being deprecated. This workflow is running with Node 24 by default. If you need to temporarily use Node 20, you can set the ACTIONS_ALLOW_USE_UNSECURE_NODE_VERSION=true environment variable. For more information see: https://github.blog/changelog/2025-09-19-deprecation-of-node-20-on-github-actions-runners/
2026-07-26T11:55:53.3683027Z Post job cleanup.
2026-07-26T11:55:53.6213456Z ##[group]Removing builder
2026-07-26T11:55:53.6220415Z (node:3446) [DEP0040] DeprecationWarning: The `punycode` module is deprecated. Please use a userland alternative instead.
2026-07-26T11:55:53.6221377Z (Use `node --trace-deprecation ...` to show where the warning was created)
2026-07-26T11:55:53.7384545Z [command]/usr/bin/docker buildx rm builder-029c54b9-a838-43b2-90b1-1d0b98aa2156
2026-07-26T11:55:54.4164804Z builder-029c54b9-a838-43b2-90b1-1d0b98aa2156 removed
2026-07-26T11:55:54.4208022Z ##[endgroup]
2026-07-26T11:55:54.4208764Z ##[group]Cleaning up certificates
2026-07-26T11:55:54.4211099Z ##[endgroup]
2026-07-26T11:55:54.4211635Z ##[group]Post cache
2026-07-26T11:55:54.4215010Z State not set
2026-07-26T11:55:54.4215517Z ##[endgroup]
2026-07-26T11:55:54.4383445Z Node 20 is being deprecated. This workflow is running with Node 24 by default. If you need to temporarily use Node 20, you can set the ACTIONS_ALLOW_USE_UNSECURE_NODE_VERSION=true environment variable. For more information see: https://github.blog/changelog/2025-09-19-deprecation-of-node-20-on-github-actions-runners/
2026-07-26T11:55:54.4384679Z Post job cleanup.
2026-07-26T11:55:54.5217109Z [command]/usr/bin/git version
2026-07-26T11:55:54.5259991Z git version 2.54.0
2026-07-26T11:55:54.5303601Z Temporarily overriding HOME='/home/runner/work/_temp/61136fa6-61fc-48f1-8a4e-ce854ed51555' before making global git config changes
2026-07-26T11:55:54.5304874Z Adding repository directory to the temporary git global config as a safe directory
2026-07-26T11:55:54.5309984Z [command]/usr/bin/git config --global --add safe.directory /home/runner/work/ednsv/ednsv
2026-07-26T11:55:54.5348433Z [command]/usr/bin/git config --local --name-only --get-regexp core\.sshCommand
2026-07-26T11:55:54.5384205Z [command]/usr/bin/git submodule foreach --recursive sh -c "git config --local --name-only --get-regexp 'core\.sshCommand' && git config --local --unset-all 'core.sshCommand' || :"
2026-07-26T11:55:54.5630436Z [command]/usr/bin/git config --local --name-only --get-regexp http\.https\:\/\/github\.com\/\.extraheader
2026-07-26T11:55:54.5660519Z http.https://github.com/.extraheader
2026-07-26T11:55:54.5673593Z [command]/usr/bin/git config --local --unset-all http.https://github.com/.extraheader
2026-07-26T11:55:54.5709045Z [command]/usr/bin/git submodule foreach --recursive sh -c "git config --local --name-only --get-regexp 'http\.https\:\/\/github\.com\/\.extraheader' && git config --local --unset-all 'http.https://github.com/.extraheader' || :"
2026-07-26T11:55:54.6021871Z [command]/usr/bin/git config --local --name-only --get-regexp ^includeIf\.gitdir:
2026-07-26T11:55:54.6071339Z [command]/usr/bin/git submodule foreach --recursive git config --local --show-origin --name-only --get-regexp remote.origin.url
2026-07-26T11:55:54.6447664Z Cleaning up orphan processes
2026-07-26T11:55:54.6829463Z ##[warning]Node.js 20 is deprecated. The following actions target Node.js 20 but are being forced to run on Node.js 24: actions/checkout@v4, docker/build-push-action@v6, docker/login-action@v3, docker/metadata-action@v5, docker/setup-buildx-action@v3. For more information see: https://github.blog/changelog/2025-09-19-deprecation-of-node-20-on-github-actions-runners/
