2026-07-31T04:25:07.8624031Z Current runner version: '2.336.0'
2026-07-31T04:25:07.8651246Z ##[group]Runner Image Provisioner
2026-07-31T04:25:07.8652266Z Hosted Compute Agent
2026-07-31T04:25:07.8652872Z Version: 20260707.563
2026-07-31T04:25:07.8653542Z Commit: 02667638d2b423fbc733a8e32a88b44996a3ba6e
2026-07-31T04:25:07.8654338Z Build Date: 2026-07-07T19:33:50Z
2026-07-31T04:25:07.8655013Z Worker ID: {400e6354-6acf-4561-bd95-bf44f55c9774}
2026-07-31T04:25:07.8655816Z Azure Region: westus
2026-07-31T04:25:07.8656385Z ##[endgroup]
2026-07-31T04:25:07.8658323Z ##[group]Operating System
2026-07-31T04:25:07.8659130Z Ubuntu
2026-07-31T04:25:07.8659651Z 24.04.4
2026-07-31T04:25:07.8660203Z LTS
2026-07-31T04:25:07.8660737Z ##[endgroup]
2026-07-31T04:25:07.8661290Z ##[group]Runner Image
2026-07-31T04:25:07.8661952Z Image: ubuntu-24.04
2026-07-31T04:25:07.8662529Z Version: 20260720.247.2
2026-07-31T04:25:07.8663848Z Included Software: https://github.com/actions/runner-images/blob/ubuntu24/20260720.247/images/ubuntu/Ubuntu2404-Readme.md
2026-07-31T04:25:07.8665482Z Image Release: https://github.com/actions/runner-images/releases/tag/ubuntu24%2F20260720.247
2026-07-31T04:25:07.8666530Z ##[endgroup]
2026-07-31T04:25:07.8667918Z ##[group]GITHUB_TOKEN Permissions
2026-07-31T04:25:07.8670112Z Contents: read
2026-07-31T04:25:07.8670735Z Metadata: read
2026-07-31T04:25:07.8671286Z Packages: write
2026-07-31T04:25:07.8671962Z ##[endgroup]
2026-07-31T04:25:07.8674177Z Secret source: Actions
2026-07-31T04:25:07.8675346Z Prepare workflow directory
2026-07-31T04:25:07.9277986Z Prepare all required actions
2026-07-31T04:25:07.9327711Z Getting action download info
2026-07-31T04:25:08.2682442Z Download action repository 'actions/checkout@v4' (SHA:11d5960a326750d5838078e36cf38b85af677262)
2026-07-31T04:25:08.7000705Z Download action repository 'docker/setup-buildx-action@v3' (SHA:8d2750c68a42422c14e847fe6c8ac0403b4cbd6f)
2026-07-31T04:25:09.4658893Z Download action repository 'docker/login-action@v3' (SHA:c94ce9fb468520275223c153574b00df6fe4bcc9)
2026-07-31T04:25:09.9659442Z Download action repository 'docker/metadata-action@v5' (SHA:c299e40c65443455700f0fdfc63efafe5b349051)
2026-07-31T04:25:10.5731574Z Download action repository 'docker/build-push-action@v6' (SHA:10e90e3645eae34f1e60eeb005ba3a3d33f178e8)
2026-07-31T04:25:11.4109572Z Complete job name: Build & Push Docker Image
2026-07-31T04:25:11.4832483Z Node 20 is being deprecated. This workflow is running with Node 24 by default. If you need to temporarily use Node 20, you can set the ACTIONS_ALLOW_USE_UNSECURE_NODE_VERSION=true environment variable. For more information see: https://github.blog/changelog/2025-09-19-deprecation-of-node-20-on-github-actions-runners/
2026-07-31T04:25:11.4841075Z ##[group]Run actions/checkout@v4
2026-07-31T04:25:11.4841574Z with:
2026-07-31T04:25:11.4841814Z   repository: pkinerd/ednsv
2026-07-31T04:25:11.4844652Z   token: ***
2026-07-31T04:25:11.4844869Z   ssh-strict: true
2026-07-31T04:25:11.4845080Z   ssh-user: git
2026-07-31T04:25:11.4845300Z   persist-credentials: true
2026-07-31T04:25:11.4845566Z   clean: true
2026-07-31T04:25:11.4845789Z   sparse-checkout-cone-mode: true
2026-07-31T04:25:11.4846062Z   fetch-depth: 1
2026-07-31T04:25:11.4846287Z   fetch-tags: false
2026-07-31T04:25:11.4846497Z   show-progress: true
2026-07-31T04:25:11.4846709Z   lfs: false
2026-07-31T04:25:11.4846946Z   submodules: false
2026-07-31T04:25:11.4847635Z   set-safe-directory: true
2026-07-31T04:25:11.4848036Z   allow-unsafe-pr-checkout: false
2026-07-31T04:25:11.4848630Z env:
2026-07-31T04:25:11.4848837Z   REGISTRY: ghcr.io
2026-07-31T04:25:11.4849073Z   IMAGE_NAME: pkinerd/ednsv
2026-07-31T04:25:11.4849314Z ##[endgroup]
2026-07-31T04:25:11.5935316Z Syncing repository: pkinerd/ednsv
2026-07-31T04:25:11.5937709Z ##[group]Getting Git version info
2026-07-31T04:25:11.5938378Z Working directory is '/home/runner/work/ednsv/ednsv'
2026-07-31T04:25:11.5939303Z [command]/usr/bin/git version
2026-07-31T04:25:11.6011192Z git version 2.54.0
2026-07-31T04:25:11.6069334Z ##[endgroup]
2026-07-31T04:25:11.6089014Z Temporarily overriding HOME='/home/runner/work/_temp/4d0f4df0-7ee4-418b-a173-b230e805574a' before making global git config changes
2026-07-31T04:25:11.6090726Z Adding repository directory to the temporary git global config as a safe directory
2026-07-31T04:25:11.6092968Z [command]/usr/bin/git config --global --add safe.directory /home/runner/work/ednsv/ednsv
2026-07-31T04:25:11.6158323Z Deleting the contents of '/home/runner/work/ednsv/ednsv'
2026-07-31T04:25:11.6161434Z ##[group]Initializing the repository
2026-07-31T04:25:11.6166427Z [command]/usr/bin/git init /home/runner/work/ednsv/ednsv
2026-07-31T04:25:11.6282539Z hint: Using 'master' as the name for the initial branch. This default branch name
2026-07-31T04:25:11.6288898Z hint: will change to "main" in Git 3.0. To configure the initial branch name
2026-07-31T04:25:11.6290742Z hint: to use in all of your new repositories, which will suppress this warning,
2026-07-31T04:25:11.6291898Z hint: call:
2026-07-31T04:25:11.6292664Z hint:
2026-07-31T04:25:11.6293543Z hint: 	git config --global init.defaultBranch <name>
2026-07-31T04:25:11.6294510Z hint:
2026-07-31T04:25:11.6295516Z hint: Names commonly chosen instead of 'master' are 'main', 'trunk' and
2026-07-31T04:25:11.6296950Z hint: 'development'. The just-created branch can be renamed via this command:
2026-07-31T04:25:11.6298691Z hint:
2026-07-31T04:25:11.6299456Z hint: 	git branch -m <name>
2026-07-31T04:25:11.6390571Z hint:
2026-07-31T04:25:11.6391522Z hint: Disable this message with "git config set advice.defaultBranchName false"
2026-07-31T04:25:11.6398347Z Initialized empty Git repository in /home/runner/work/ednsv/ednsv/.git/
2026-07-31T04:25:11.6400144Z [command]/usr/bin/git remote add origin https://github.com/pkinerd/ednsv
2026-07-31T04:25:11.6401484Z ##[endgroup]
2026-07-31T04:25:11.6402089Z ##[group]Disabling automatic garbage collection
2026-07-31T04:25:11.6402644Z [command]/usr/bin/git config --local gc.auto 0
2026-07-31T04:25:11.6419069Z ##[endgroup]
2026-07-31T04:25:11.6420414Z ##[group]Setting up auth
2026-07-31T04:25:11.6429614Z [command]/usr/bin/git config --local --name-only --get-regexp core\.sshCommand
2026-07-31T04:25:11.6475455Z [command]/usr/bin/git submodule foreach --recursive sh -c "git config --local --name-only --get-regexp 'core\.sshCommand' && git config --local --unset-all 'core.sshCommand' || :"
2026-07-31T04:25:11.6901541Z [command]/usr/bin/git config --local --name-only --get-regexp http\.https\:\/\/github\.com\/\.extraheader
2026-07-31T04:25:11.6941039Z [command]/usr/bin/git submodule foreach --recursive sh -c "git config --local --name-only --get-regexp 'http\.https\:\/\/github\.com\/\.extraheader' && git config --local --unset-all 'http.https://github.com/.extraheader' || :"
2026-07-31T04:25:11.7183810Z [command]/usr/bin/git config --local --name-only --get-regexp ^includeIf\.gitdir:
2026-07-31T04:25:11.7226529Z [command]/usr/bin/git submodule foreach --recursive git config --local --show-origin --name-only --get-regexp remote.origin.url
2026-07-31T04:25:11.7472145Z [command]/usr/bin/git config --local http.https://github.com/.extraheader AUTHORIZATION: basic ***
2026-07-31T04:25:11.7518283Z ##[endgroup]
2026-07-31T04:25:11.7520460Z ##[group]Fetching the repository
2026-07-31T04:25:11.7529747Z [command]/usr/bin/git -c protocol.version=2 fetch --no-tags --prune --no-recurse-submodules --depth=1 origin +75bce7d33d242cef76a390d2dfb398e76b7fea2b:refs/remotes/origin/main
2026-07-31T04:25:12.3987816Z From https://github.com/pkinerd/ednsv
2026-07-31T04:25:12.3988557Z  * [new ref]         75bce7d33d242cef76a390d2dfb398e76b7fea2b -> origin/main
2026-07-31T04:25:12.4027680Z ##[endgroup]
2026-07-31T04:25:12.4028469Z ##[group]Determining the checkout info
2026-07-31T04:25:12.4030112Z ##[endgroup]
2026-07-31T04:25:12.4036169Z [command]/usr/bin/git sparse-checkout disable
2026-07-31T04:25:12.4090837Z [command]/usr/bin/git config --local --unset-all extensions.worktreeConfig
2026-07-31T04:25:12.4130789Z ##[group]Checking out the ref
2026-07-31T04:25:12.4135232Z [command]/usr/bin/git checkout --progress --force -B main refs/remotes/origin/main
2026-07-31T04:25:12.4305078Z Switched to a new branch 'main'
2026-07-31T04:25:12.4306760Z branch 'main' set up to track 'origin/main'.
2026-07-31T04:25:12.4314594Z ##[endgroup]
2026-07-31T04:25:12.4363290Z [command]/usr/bin/git log -1 --format=%H
2026-07-31T04:25:12.4393059Z 75bce7d33d242cef76a390d2dfb398e76b7fea2b
2026-07-31T04:25:12.4637985Z ##[group]Run if [ "push" != "pull_request" ]; then
2026-07-31T04:25:12.4638486Z [36;1mif [ "push" != "pull_request" ]; then[0m
2026-07-31T04:25:12.4638828Z [36;1m  echo "push=true" >> "$GITHUB_OUTPUT"[0m
2026-07-31T04:25:12.4639142Z [36;1melif [ "" = "pkinerd/ednsv" ]; then[0m
2026-07-31T04:25:12.4639437Z [36;1m  echo "push=true" >> "$GITHUB_OUTPUT"[0m
2026-07-31T04:25:12.4639707Z [36;1melse[0m
2026-07-31T04:25:12.4639927Z [36;1m  echo "push=false" >> "$GITHUB_OUTPUT"[0m
2026-07-31T04:25:12.4640200Z [36;1mfi[0m
2026-07-31T04:25:12.4688765Z shell: /usr/bin/bash -e {0}
2026-07-31T04:25:12.4689097Z env:
2026-07-31T04:25:12.4689324Z   REGISTRY: ghcr.io
2026-07-31T04:25:12.4689562Z   IMAGE_NAME: pkinerd/ednsv
2026-07-31T04:25:12.4689814Z ##[endgroup]
2026-07-31T04:25:12.4893935Z Node 20 is being deprecated. This workflow is running with Node 24 by default. If you need to temporarily use Node 20, you can set the ACTIONS_ALLOW_USE_UNSECURE_NODE_VERSION=true environment variable. For more information see: https://github.blog/changelog/2025-09-19-deprecation-of-node-20-on-github-actions-runners/
2026-07-31T04:25:12.4895793Z ##[group]Run docker/setup-buildx-action@v3
2026-07-31T04:25:12.4896075Z with:
2026-07-31T04:25:12.4896276Z   driver: docker-container
2026-07-31T04:25:12.4896499Z   use: true
2026-07-31T04:25:12.4896686Z   keep-state: false
2026-07-31T04:25:12.4896891Z   cache-binary: true
2026-07-31T04:25:12.4897367Z   cleanup: true
2026-07-31T04:25:12.4897576Z   install: false
2026-07-31T04:25:12.4897765Z env:
2026-07-31T04:25:12.4897942Z   REGISTRY: ghcr.io
2026-07-31T04:25:12.4898155Z   IMAGE_NAME: pkinerd/ednsv
2026-07-31T04:25:12.4898398Z ##[endgroup]
2026-07-31T04:25:12.7750578Z (node:2277) [DEP0040] DeprecationWarning: The `punycode` module is deprecated. Please use a userland alternative instead.
2026-07-31T04:25:12.7751822Z (Use `node --trace-deprecation ...` to show where the warning was created)
2026-07-31T04:25:12.7822805Z ##[group]Docker info
2026-07-31T04:25:12.7853408Z [command]/usr/bin/docker version
2026-07-31T04:25:12.8937766Z Client: Docker Engine - Community
2026-07-31T04:25:12.8938639Z  Version:           28.0.4
2026-07-31T04:25:12.8939043Z  API version:       1.48
2026-07-31T04:25:12.8939416Z  Go version:        go1.23.7
2026-07-31T04:25:12.8941582Z  Git commit:        b8034c0
2026-07-31T04:25:12.8942489Z  Built:             Tue Mar 25 15:07:16 2025
2026-07-31T04:25:12.8943257Z  OS/Arch:           linux/amd64
2026-07-31T04:25:12.8944033Z  Context:           default
2026-07-31T04:25:12.8944306Z 
2026-07-31T04:25:12.8944459Z Server: Docker Engine - Community
2026-07-31T04:25:12.8945230Z  Engine:
2026-07-31T04:25:12.8945586Z   Version:          28.0.4
2026-07-31T04:25:12.8946181Z   API version:      1.48 (minimum version 1.24)
2026-07-31T04:25:12.8946678Z   Go version:       go1.23.7
2026-07-31T04:25:12.8947048Z   Git commit:       6430e49
2026-07-31T04:25:12.8947843Z   Built:            Tue Mar 25 15:07:16 2025
2026-07-31T04:25:12.8948293Z   OS/Arch:          linux/amd64
2026-07-31T04:25:12.8948831Z   Experimental:     false
2026-07-31T04:25:12.8949320Z  containerd:
2026-07-31T04:25:12.8949765Z   Version:          v2.2.6
2026-07-31T04:25:12.8950307Z   GitCommit:        11ce9d5f3c68c941867e82890e93e815c1304f1b
2026-07-31T04:25:12.8950816Z  runc:
2026-07-31T04:25:12.8951262Z   Version:          1.3.6
2026-07-31T04:25:12.8951544Z   GitCommit:        v1.3.6-0-g491b69ba
2026-07-31T04:25:12.8951907Z  docker-init:
2026-07-31T04:25:12.8952270Z   Version:          0.19.0
2026-07-31T04:25:12.8952643Z   GitCommit:        de40ad0
2026-07-31T04:25:12.8988744Z [command]/usr/bin/docker info
2026-07-31T04:25:13.1555195Z Client: Docker Engine - Community
2026-07-31T04:25:13.1556043Z  Version:    28.0.4
2026-07-31T04:25:13.1556305Z  Context:    default
2026-07-31T04:25:13.1556569Z  Debug Mode: false
2026-07-31T04:25:13.1556794Z  Plugins:
2026-07-31T04:25:13.1557024Z   buildx: Docker Buildx (Docker Inc.)
2026-07-31T04:25:13.1557734Z     Version:  v0.35.0
2026-07-31T04:25:13.1558214Z     Path:     /usr/libexec/docker/cli-plugins/docker-buildx
2026-07-31T04:25:13.1558858Z   compose: Docker Compose (Docker Inc.)
2026-07-31T04:25:13.1559371Z     Version:  v2.38.2
2026-07-31T04:25:13.1559879Z     Path:     /usr/libexec/docker/cli-plugins/docker-compose
2026-07-31T04:25:13.1560256Z 
2026-07-31T04:25:13.1560352Z Server:
2026-07-31T04:25:13.1560568Z  Containers: 0
2026-07-31T04:25:13.1560824Z   Running: 0
2026-07-31T04:25:13.1561098Z   Paused: 0
2026-07-31T04:25:13.1561317Z   Stopped: 0
2026-07-31T04:25:13.1561563Z  Images: 6
2026-07-31T04:25:13.1561789Z  Server Version: 28.0.4
2026-07-31T04:25:13.1562063Z  Storage Driver: overlay2
2026-07-31T04:25:13.1562353Z   Backing Filesystem: extfs
2026-07-31T04:25:13.1562688Z   Supports d_type: true
2026-07-31T04:25:13.1563348Z   Using metacopy: false
2026-07-31T04:25:13.1563630Z   Native Overlay Diff: false
2026-07-31T04:25:13.1563912Z   userxattr: false
2026-07-31T04:25:13.1564166Z  Logging Driver: json-file
2026-07-31T04:25:13.1564444Z  Cgroup Driver: systemd
2026-07-31T04:25:13.1564701Z  Cgroup Version: 2
2026-07-31T04:25:13.1564993Z  Plugins:
2026-07-31T04:25:13.1565268Z   Volume: local
2026-07-31T04:25:13.1565582Z   Network: bridge host ipvlan macvlan null overlay
2026-07-31T04:25:13.1566258Z   Log: awslogs fluentd gcplogs gelf journald json-file local splunk syslog
2026-07-31T04:25:13.1566713Z  Swarm: inactive
2026-07-31T04:25:13.1566983Z  Runtimes: io.containerd.runc.v2 runc
2026-07-31T04:25:13.1567834Z  Default Runtime: runc
2026-07-31T04:25:13.1568111Z  Init Binary: docker-init
2026-07-31T04:25:13.1568482Z  containerd version: 11ce9d5f3c68c941867e82890e93e815c1304f1b
2026-07-31T04:25:13.1568860Z  runc version: v1.3.6-0-g491b69ba
2026-07-31T04:25:13.1569124Z  init version: de40ad0
2026-07-31T04:25:13.1569345Z  Security Options:
2026-07-31T04:25:13.1569675Z   apparmor
2026-07-31T04:25:13.1569996Z   seccomp
2026-07-31T04:25:13.1570320Z    Profile: builtin
2026-07-31T04:25:13.1570646Z   cgroupns
2026-07-31T04:25:13.1570847Z  Kernel Version: 6.17.0-1020-azure
2026-07-31T04:25:13.1571114Z  Operating System: Ubuntu 24.04.4 LTS
2026-07-31T04:25:13.1571371Z  OSType: linux
2026-07-31T04:25:13.1571718Z  Architecture: x86_64
2026-07-31T04:25:13.1571951Z  CPUs: 4
2026-07-31T04:25:13.1572141Z  Total Memory: 15.61GiB
2026-07-31T04:25:13.1572360Z  Name: runnervmvrwv9
2026-07-31T04:25:13.1572597Z  ID: dce1e4a9-fc26-4218-aaf0-feee5194c8cb
2026-07-31T04:25:13.1572891Z  Docker Root Dir: /var/lib/docker
2026-07-31T04:25:13.1573134Z  Debug Mode: false
2026-07-31T04:25:13.1573355Z  Username: githubactions
2026-07-31T04:25:13.1573592Z  Experimental: false
2026-07-31T04:25:13.1573808Z  Insecure Registries:
2026-07-31T04:25:13.1577919Z   ::1/128
2026-07-31T04:25:13.1578280Z   127.0.0.0/8
2026-07-31T04:25:13.1578652Z  Live Restore Enabled: false
2026-07-31T04:25:13.1578902Z 
2026-07-31T04:25:13.1579416Z ##[endgroup]
2026-07-31T04:25:13.2393028Z ##[group]Buildx version
2026-07-31T04:25:13.2422017Z [command]/usr/bin/docker buildx version
2026-07-31T04:25:13.2983908Z github.com/docker/buildx v0.35.0 a319e5b15052cf6557ceb666eb8ff6e32380b782
2026-07-31T04:25:13.3016387Z ##[endgroup]
2026-07-31T04:25:13.3183936Z ##[group]Inspecting default docker context
2026-07-31T04:25:13.3349402Z [
2026-07-31T04:25:13.3349914Z   {
2026-07-31T04:25:13.3350241Z     "Name": "default",
2026-07-31T04:25:13.3350709Z     "Metadata": {},
2026-07-31T04:25:13.3351005Z     "Endpoints": {
2026-07-31T04:25:13.3351261Z       "docker": {
2026-07-31T04:25:13.3351572Z         "Host": "unix:///var/run/docker.sock",
2026-07-31T04:25:13.3351929Z         "SkipTLSVerify": false
2026-07-31T04:25:13.3352183Z       }
2026-07-31T04:25:13.3352374Z     },
2026-07-31T04:25:13.3352975Z     "TLSMaterial": {},
2026-07-31T04:25:13.3353218Z     "Storage": {
2026-07-31T04:25:13.3353504Z       "MetadataPath": "<IN MEMORY>",
2026-07-31T04:25:13.3353984Z       "TLSPath": "<IN MEMORY>"
2026-07-31T04:25:13.3354264Z     }
2026-07-31T04:25:13.3354447Z   }
2026-07-31T04:25:13.3354645Z ]
2026-07-31T04:25:13.3355371Z ##[endgroup]
2026-07-31T04:25:13.3355884Z ##[group]Creating a new builder instance
2026-07-31T04:25:13.4668486Z [command]/usr/bin/docker buildx create --name builder-c1ae3fed-7356-47a2-9d47-d0d9c80c2462 --driver docker-container --buildkitd-flags --allow-insecure-entitlement security.insecure --allow-insecure-entitlement network.host --use
2026-07-31T04:25:13.5299460Z builder-c1ae3fed-7356-47a2-9d47-d0d9c80c2462
2026-07-31T04:25:13.5335271Z ##[endgroup]
2026-07-31T04:25:13.5335766Z ##[group]Booting builder
2026-07-31T04:25:13.5378872Z [command]/usr/bin/docker buildx inspect --bootstrap --builder builder-c1ae3fed-7356-47a2-9d47-d0d9c80c2462
2026-07-31T04:25:13.5936675Z #1 [internal] booting buildkit
2026-07-31T04:25:13.7443909Z #1 pulling image moby/buildkit:buildx-stable-1
2026-07-31T04:25:16.6946023Z #1 pulling image moby/buildkit:buildx-stable-1 3.1s done
2026-07-31T04:25:16.8448130Z #1 creating container buildx_buildkit_builder-c1ae3fed-7356-47a2-9d47-d0d9c80c24620
2026-07-31T04:25:16.9828644Z #1 creating container buildx_buildkit_builder-c1ae3fed-7356-47a2-9d47-d0d9c80c24620 0.3s done
2026-07-31T04:25:16.9851419Z #1 DONE 3.4s
2026-07-31T04:25:17.0178922Z Name:          builder-c1ae3fed-7356-47a2-9d47-d0d9c80c2462
2026-07-31T04:25:17.0179783Z Driver:        docker-container
2026-07-31T04:25:17.0180401Z Last Activity: 2026-07-31 04:25:13 +0000 UTC
2026-07-31T04:25:17.0180755Z 
2026-07-31T04:25:17.0180881Z Nodes:
2026-07-31T04:25:17.0184463Z Name:                  builder-c1ae3fed-7356-47a2-9d47-d0d9c80c24620
2026-07-31T04:25:17.0185382Z Endpoint:              unix:///var/run/docker.sock
2026-07-31T04:25:17.0186020Z Status:                running
2026-07-31T04:25:17.0186885Z BuildKit daemon flags: --allow-insecure-entitlement security.insecure --allow-insecure-entitlement network.host
2026-07-31T04:25:17.0188059Z BuildKit version:      v0.31.2
2026-07-31T04:25:17.0188623Z Platforms:             linux/amd64, linux/amd64/v2, linux/amd64/v3, linux/386
2026-07-31T04:25:17.0189227Z Labels:
2026-07-31T04:25:17.0189662Z  org.mobyproject.buildkit.worker.executor:         oci
2026-07-31T04:25:17.0190399Z  org.mobyproject.buildkit.worker.hostname:         9f8397f1e323
2026-07-31T04:25:17.0191152Z  org.mobyproject.buildkit.worker.network:          host
2026-07-31T04:25:17.0191847Z  org.mobyproject.buildkit.worker.oci.process-mode: sandbox
2026-07-31T04:25:17.0192577Z  org.mobyproject.buildkit.worker.selinux.enabled:  false
2026-07-31T04:25:17.0193294Z  org.mobyproject.buildkit.worker.snapshotter:      overlayfs
2026-07-31T04:25:17.0193879Z GC Policy rule#0:
2026-07-31T04:25:17.0194222Z  All:            false
2026-07-31T04:25:17.0194803Z  Filters:        type==source.local type==exec.cachemount type==source.git.checkout
2026-07-31T04:25:17.0195515Z  Keep Duration:  48h0m0s
2026-07-31T04:25:17.0195881Z  Max Used Space: 488.3MiB
2026-07-31T04:25:17.0196247Z GC Policy rule#1:
2026-07-31T04:25:17.0196565Z  All:            false
2026-07-31T04:25:17.0197026Z  Keep Duration:  1440h0m0s
2026-07-31T04:25:17.0197908Z  Reserved Space: 9.313GiB
2026-07-31T04:25:17.0198381Z  Max Used Space: 93.13GiB
2026-07-31T04:25:17.0198795Z  Min Free Space: 27.01GiB
2026-07-31T04:25:17.0199189Z GC Policy rule#2:
2026-07-31T04:25:17.0199540Z  All:            false
2026-07-31T04:25:17.0199917Z  Reserved Space: 9.313GiB
2026-07-31T04:25:17.0200320Z  Max Used Space: 93.13GiB
2026-07-31T04:25:17.0200715Z  Min Free Space: 27.01GiB
2026-07-31T04:25:17.0201103Z GC Policy rule#3:
2026-07-31T04:25:17.0201506Z  All:            true
2026-07-31T04:25:17.0201918Z  Reserved Space: 9.313GiB
2026-07-31T04:25:17.0203157Z  Max Used Space: 93.13GiB
2026-07-31T04:25:17.0203624Z  Min Free Space: 27.01GiB
2026-07-31T04:25:17.0248820Z ##[endgroup]
2026-07-31T04:25:17.1178810Z ##[group]Inspect builder
2026-07-31T04:25:17.1180225Z {
2026-07-31T04:25:17.1180557Z   "nodes": [
2026-07-31T04:25:17.1181114Z     {
2026-07-31T04:25:17.1181589Z       "name": "builder-c1ae3fed-7356-47a2-9d47-d0d9c80c24620",
2026-07-31T04:25:17.1182903Z       "endpoint": "unix:///var/run/docker.sock",
2026-07-31T04:25:17.1183422Z       "status": "running",
2026-07-31T04:25:17.1184105Z       "buildkitd-flags": "--allow-insecure-entitlement security.insecure --allow-insecure-entitlement network.host",
2026-07-31T04:25:17.1184775Z       "buildkit": "v0.31.2",
2026-07-31T04:25:17.1185120Z       "platforms": "linux/amd64,linux/amd64/v2,linux/amd64/v3,linux/386",
2026-07-31T04:25:17.1185649Z       "features": {
2026-07-31T04:25:17.1185974Z         "Automatically load images to the Docker Engine image store": true,
2026-07-31T04:25:17.1186435Z         "Cache export": true,
2026-07-31T04:25:17.1186853Z         "Direct push": true,
2026-07-31T04:25:17.1187523Z         "Docker exporter": true,
2026-07-31T04:25:17.1187995Z         "Multi-platform build": true,
2026-07-31T04:25:17.1188423Z         "OCI exporter": true
2026-07-31T04:25:17.1189111Z       },
2026-07-31T04:25:17.1189377Z       "labels": {
2026-07-31T04:25:17.1189657Z         "org.mobyproject.buildkit.worker.executor": "oci",
2026-07-31T04:25:17.1190094Z         "org.mobyproject.buildkit.worker.hostname": "9f8397f1e323",
2026-07-31T04:25:17.1190694Z         "org.mobyproject.buildkit.worker.network": "host",
2026-07-31T04:25:17.1191144Z         "org.mobyproject.buildkit.worker.oci.process-mode": "sandbox",
2026-07-31T04:25:17.1191875Z         "org.mobyproject.buildkit.worker.selinux.enabled": "false",
2026-07-31T04:25:17.1192778Z         "org.mobyproject.buildkit.worker.snapshotter": "overlayfs"
2026-07-31T04:25:17.1193269Z       },
2026-07-31T04:25:17.1193458Z       "gcPolicy": [
2026-07-31T04:25:17.1193657Z         {
2026-07-31T04:25:17.1193837Z           "all": false,
2026-07-31T04:25:17.1194044Z           "filter": [
2026-07-31T04:25:17.1194410Z             "type==source.local type==exec.cachemount type==source.git.checkout"
2026-07-31T04:25:17.1194790Z           ],
2026-07-31T04:25:17.1194997Z           "keepDuration": "48h0m0s",
2026-07-31T04:25:17.1195296Z           "maxUsedSpace": "488.3MiB"
2026-07-31T04:25:17.1195534Z         },
2026-07-31T04:25:17.1195726Z         {
2026-07-31T04:25:17.1195899Z           "all": false,
2026-07-31T04:25:17.1196137Z           "keepDuration": "1440h0m0s",
2026-07-31T04:25:17.1196395Z           "reservedSpace": "9.313GiB",
2026-07-31T04:25:17.1196732Z           "maxUsedSpace": "93.13GiB",
2026-07-31T04:25:17.1196978Z           "minFreeSpace": "27.01GiB"
2026-07-31T04:25:17.1197685Z         },
2026-07-31T04:25:17.1197876Z         {
2026-07-31T04:25:17.1198048Z           "all": false,
2026-07-31T04:25:17.1198273Z           "reservedSpace": "9.313GiB",
2026-07-31T04:25:17.1198533Z           "maxUsedSpace": "93.13GiB",
2026-07-31T04:25:17.1198826Z           "minFreeSpace": "27.01GiB"
2026-07-31T04:25:17.1199098Z         },
2026-07-31T04:25:17.1199525Z         {
2026-07-31T04:25:17.1199796Z           "all": true,
2026-07-31T04:25:17.1200154Z           "reservedSpace": "9.313GiB",
2026-07-31T04:25:17.1200576Z           "maxUsedSpace": "93.13GiB",
2026-07-31T04:25:17.1200974Z           "minFreeSpace": "27.01GiB"
2026-07-31T04:25:17.1201436Z         }
2026-07-31T04:25:17.1201717Z       ]
2026-07-31T04:25:17.1202074Z     }
2026-07-31T04:25:17.1202363Z   ],
2026-07-31T04:25:17.1202801Z   "name": "builder-c1ae3fed-7356-47a2-9d47-d0d9c80c2462",
2026-07-31T04:25:17.1203415Z   "driver": "docker-container",
2026-07-31T04:25:17.1203910Z   "lastActivity": "2026-07-31T04:25:13.000Z"
2026-07-31T04:25:17.1204394Z }
2026-07-31T04:25:17.1205133Z ##[endgroup]
2026-07-31T04:25:17.1205766Z ##[group]BuildKit version
2026-07-31T04:25:17.1206308Z builder-c1ae3fed-7356-47a2-9d47-d0d9c80c24620: v0.31.2
2026-07-31T04:25:17.1207377Z ##[endgroup]
2026-07-31T04:25:17.1417050Z Node 20 is being deprecated. This workflow is running with Node 24 by default. If you need to temporarily use Node 20, you can set the ACTIONS_ALLOW_USE_UNSECURE_NODE_VERSION=true environment variable. For more information see: https://github.blog/changelog/2025-09-19-deprecation-of-node-20-on-github-actions-runners/
2026-07-31T04:25:17.1418999Z ##[group]Run docker/login-action@v3
2026-07-31T04:25:17.1419264Z with:
2026-07-31T04:25:17.1419461Z   registry: ghcr.io
2026-07-31T04:25:17.1419677Z   username: pkinerd
2026-07-31T04:25:17.1422454Z   password: ***
2026-07-31T04:25:17.1422676Z   logout: true
2026-07-31T04:25:17.1422866Z env:
2026-07-31T04:25:17.1423050Z   REGISTRY: ghcr.io
2026-07-31T04:25:17.1423267Z   IMAGE_NAME: pkinerd/ednsv
2026-07-31T04:25:17.1423503Z ##[endgroup]
2026-07-31T04:25:17.4752343Z Logging into ghcr.io...
2026-07-31T04:25:17.4778295Z (node:2755) [DEP0040] DeprecationWarning: The `punycode` module is deprecated. Please use a userland alternative instead.
2026-07-31T04:25:17.4779569Z (Use `node --trace-deprecation ...` to show where the warning was created)
2026-07-31T04:25:17.9730933Z Login Succeeded!
2026-07-31T04:25:17.9896980Z Node 20 is being deprecated. This workflow is running with Node 24 by default. If you need to temporarily use Node 20, you can set the ACTIONS_ALLOW_USE_UNSECURE_NODE_VERSION=true environment variable. For more information see: https://github.blog/changelog/2025-09-19-deprecation-of-node-20-on-github-actions-runners/
2026-07-31T04:25:17.9898891Z ##[group]Run docker/metadata-action@v5
2026-07-31T04:25:17.9899163Z with:
2026-07-31T04:25:17.9899366Z   images: ghcr.io/pkinerd/ednsv
2026-07-31T04:25:17.9900078Z   tags: type=ref,event=branch,prefix=branch-
type=ref,event=pr,prefix=pr-
type=sha,format=short,prefix=sha-
type=raw,value=latest,enable={{is_default_branch}}
type=raw,value=latest-any

2026-07-31T04:25:17.9900798Z   context: workflow
2026-07-31T04:25:17.9903440Z   github-token: ***
2026-07-31T04:25:17.9903637Z env:
2026-07-31T04:25:17.9903815Z   REGISTRY: ghcr.io
2026-07-31T04:25:17.9904024Z   IMAGE_NAME: pkinerd/ednsv
2026-07-31T04:25:17.9904270Z ##[endgroup]
2026-07-31T04:25:18.4038295Z (node:2775) [DEP0040] DeprecationWarning: The `punycode` module is deprecated. Please use a userland alternative instead.
2026-07-31T04:25:18.4040149Z (Use `node --trace-deprecation ...` to show where the warning was created)
2026-07-31T04:25:18.7914046Z ##[group]Context info
2026-07-31T04:25:18.7914678Z eventName: push
2026-07-31T04:25:18.7915417Z sha: 75bce7d33d242cef76a390d2dfb398e76b7fea2b
2026-07-31T04:25:18.7915923Z ref: refs/heads/main
2026-07-31T04:25:18.7916312Z workflow: CI
2026-07-31T04:25:18.7928380Z action: meta
2026-07-31T04:25:18.7928894Z actor: pkinerd
2026-07-31T04:25:18.7929503Z runNumber: 248
2026-07-31T04:25:18.7930118Z runId: 30604060357
2026-07-31T04:25:18.7930980Z commitDate: Fri Jul 31 2026 04:24:06 GMT+0000 (Coordinated Universal Time)
2026-07-31T04:25:18.7932041Z ##[endgroup]
2026-07-31T04:25:18.7932733Z ##[group]Processing images input
2026-07-31T04:25:18.7933231Z name=ghcr.io/pkinerd/ednsv,enable=true
2026-07-31T04:25:18.7934063Z ##[endgroup]
2026-07-31T04:25:18.7948816Z ##[group]Processing tags input
2026-07-31T04:25:18.7952664Z type=ref,event=branch,prefix=branch-,enable=true,priority=600
2026-07-31T04:25:18.7953455Z type=ref,event=pr,prefix=pr-,enable=true,priority=600
2026-07-31T04:25:18.7958452Z type=raw,value=latest,enable={{is_default_branch}},priority=200
2026-07-31T04:25:18.7959178Z type=raw,value=latest-any,enable=true,priority=200
2026-07-31T04:25:18.7959846Z type=sha,format=short,prefix=sha-,enable=true,priority=100
2026-07-31T04:25:18.7960911Z ##[endgroup]
2026-07-31T04:25:18.7961631Z ##[group]Processing flavor input
2026-07-31T04:25:18.7962096Z latest=auto
2026-07-31T04:25:18.7962415Z prefix=
2026-07-31T04:25:18.7962730Z prefixLatest=false
2026-07-31T04:25:18.7963079Z suffix=
2026-07-31T04:25:18.7963399Z suffixLatest=false
2026-07-31T04:25:18.7964159Z ##[endgroup]
2026-07-31T04:25:18.8040063Z ##[group]Docker image version
2026-07-31T04:25:18.8040525Z branch-main
2026-07-31T04:25:18.8041091Z ##[endgroup]
2026-07-31T04:25:18.8045812Z ##[group]Docker tags
2026-07-31T04:25:18.8047876Z ghcr.io/pkinerd/ednsv:branch-main
2026-07-31T04:25:18.8048806Z ghcr.io/pkinerd/ednsv:latest
2026-07-31T04:25:18.8049563Z ghcr.io/pkinerd/ednsv:latest-any
2026-07-31T04:25:18.8050290Z ghcr.io/pkinerd/ednsv:sha-75bce7d
2026-07-31T04:25:18.8051448Z ##[endgroup]
2026-07-31T04:25:18.8129959Z ##[group]Docker labels
2026-07-31T04:25:18.8130516Z org.opencontainers.image.created=2026-07-31T04:25:18.795Z
2026-07-31T04:25:18.8131255Z org.opencontainers.image.description=
2026-07-31T04:25:18.8131835Z org.opencontainers.image.licenses=
2026-07-31T04:25:18.8132558Z org.opencontainers.image.revision=75bce7d33d242cef76a390d2dfb398e76b7fea2b
2026-07-31T04:25:18.8133612Z org.opencontainers.image.source=https://github.com/pkinerd/ednsv
2026-07-31T04:25:18.8134304Z org.opencontainers.image.title=ednsv
2026-07-31T04:25:18.8134905Z org.opencontainers.image.url=https://github.com/pkinerd/ednsv
2026-07-31T04:25:18.8135550Z org.opencontainers.image.version=branch-main
2026-07-31T04:25:18.8136466Z ##[endgroup]
2026-07-31T04:25:18.8137779Z ##[group]Annotations
2026-07-31T04:25:18.8138361Z manifest:org.opencontainers.image.created=2026-07-31T04:25:18.795Z
2026-07-31T04:25:18.8139087Z manifest:org.opencontainers.image.description=
2026-07-31T04:25:18.8139741Z manifest:org.opencontainers.image.licenses=
2026-07-31T04:25:18.8140610Z manifest:org.opencontainers.image.revision=75bce7d33d242cef76a390d2dfb398e76b7fea2b
2026-07-31T04:25:18.8141661Z manifest:org.opencontainers.image.source=https://github.com/pkinerd/ednsv
2026-07-31T04:25:18.8142712Z manifest:org.opencontainers.image.title=ednsv
2026-07-31T04:25:18.8143640Z manifest:org.opencontainers.image.url=https://github.com/pkinerd/ednsv
2026-07-31T04:25:18.8144465Z manifest:org.opencontainers.image.version=branch-main
2026-07-31T04:25:18.8145280Z ##[endgroup]
2026-07-31T04:25:18.8145833Z ##[group]JSON output
2026-07-31T04:25:18.8146175Z {
2026-07-31T04:25:18.8146450Z   "tags": [
2026-07-31T04:25:18.8146791Z     "ghcr.io/pkinerd/ednsv:branch-main",
2026-07-31T04:25:18.8147489Z     "ghcr.io/pkinerd/ednsv:latest",
2026-07-31T04:25:18.8147932Z     "ghcr.io/pkinerd/ednsv:latest-any",
2026-07-31T04:25:18.8148414Z     "ghcr.io/pkinerd/ednsv:sha-75bce7d"
2026-07-31T04:25:18.8148816Z   ],
2026-07-31T04:25:18.8149093Z   "tag-names": [
2026-07-31T04:25:18.8149406Z     "branch-main",
2026-07-31T04:25:18.8149899Z     "latest",
2026-07-31T04:25:18.8150263Z     "latest-any",
2026-07-31T04:25:18.8150588Z     "sha-75bce7d"
2026-07-31T04:25:18.8150870Z   ],
2026-07-31T04:25:18.8151165Z   "labels": {
2026-07-31T04:25:18.8151628Z     "org.opencontainers.image.created": "2026-07-31T04:25:18.795Z",
2026-07-31T04:25:18.8152324Z     "org.opencontainers.image.description": "",
2026-07-31T04:25:18.8152932Z     "org.opencontainers.image.licenses": "",
2026-07-31T04:25:18.8153707Z     "org.opencontainers.image.revision": "75bce7d33d242cef76a390d2dfb398e76b7fea2b",
2026-07-31T04:25:18.8154646Z     "org.opencontainers.image.source": "https://github.com/pkinerd/ednsv",
2026-07-31T04:25:18.8155396Z     "org.opencontainers.image.title": "ednsv",
2026-07-31T04:25:18.8156084Z     "org.opencontainers.image.url": "https://github.com/pkinerd/ednsv",
2026-07-31T04:25:18.8156858Z     "org.opencontainers.image.version": "branch-main"
2026-07-31T04:25:18.8157588Z   },
2026-07-31T04:25:18.8157881Z   "annotations": [
2026-07-31T04:25:18.8158400Z     "manifest:org.opencontainers.image.created=2026-07-31T04:25:18.795Z",
2026-07-31T04:25:18.8159144Z     "manifest:org.opencontainers.image.description=",
2026-07-31T04:25:18.8159753Z     "manifest:org.opencontainers.image.licenses=",
2026-07-31T04:25:18.8160582Z     "manifest:org.opencontainers.image.revision=75bce7d33d242cef76a390d2dfb398e76b7fea2b",
2026-07-31T04:25:18.8161563Z     "manifest:org.opencontainers.image.source=https://github.com/pkinerd/ednsv",
2026-07-31T04:25:18.8162356Z     "manifest:org.opencontainers.image.title=ednsv",
2026-07-31T04:25:18.8163143Z     "manifest:org.opencontainers.image.url=https://github.com/pkinerd/ednsv",
2026-07-31T04:25:18.8164388Z     "manifest:org.opencontainers.image.version=branch-main"
2026-07-31T04:25:18.8164952Z   ]
2026-07-31T04:25:18.8165234Z }
2026-07-31T04:25:18.8165643Z ##[endgroup]
2026-07-31T04:25:18.8165988Z ##[group]Bake file definition (tags)
2026-07-31T04:25:18.8166233Z {
2026-07-31T04:25:18.8166401Z   "target": {
2026-07-31T04:25:18.8166608Z     "docker-metadata-action": {
2026-07-31T04:25:18.8166851Z       "tags": [
2026-07-31T04:25:18.8167342Z         "ghcr.io/pkinerd/ednsv:branch-main",
2026-07-31T04:25:18.8167750Z         "ghcr.io/pkinerd/ednsv:latest",
2026-07-31T04:25:18.8168040Z         "ghcr.io/pkinerd/ednsv:latest-any",
2026-07-31T04:25:18.8168319Z         "ghcr.io/pkinerd/ednsv:sha-75bce7d"
2026-07-31T04:25:18.8168568Z       ],
2026-07-31T04:25:18.8168740Z       "args": {
2026-07-31T04:25:18.8168974Z         "DOCKER_META_IMAGES": "ghcr.io/pkinerd/ednsv",
2026-07-31T04:25:18.8169288Z         "DOCKER_META_VERSION": "branch-main"
2026-07-31T04:25:18.8169539Z       }
2026-07-31T04:25:18.8169713Z     }
2026-07-31T04:25:18.8170078Z   }
2026-07-31T04:25:18.8170252Z }
2026-07-31T04:25:18.8170979Z ##[endgroup]
2026-07-31T04:25:18.8171655Z ##[group]Bake file definition (labels)
2026-07-31T04:25:18.8172062Z {
2026-07-31T04:25:18.8172331Z   "target": {
2026-07-31T04:25:18.8172736Z     "docker-metadata-action": {
2026-07-31T04:25:18.8173133Z       "labels": {
2026-07-31T04:25:18.8173715Z         "org.opencontainers.image.created": "2026-07-31T04:25:18.795Z",
2026-07-31T04:25:18.8174492Z         "org.opencontainers.image.description": "",
2026-07-31T04:25:18.8175148Z         "org.opencontainers.image.licenses": "",
2026-07-31T04:25:18.8175928Z         "org.opencontainers.image.revision": "75bce7d33d242cef76a390d2dfb398e76b7fea2b",
2026-07-31T04:25:18.8177061Z         "org.opencontainers.image.source": "https://github.com/pkinerd/ednsv",
2026-07-31T04:25:18.8178147Z         "org.opencontainers.image.title": "ednsv",
2026-07-31T04:25:18.8178891Z         "org.opencontainers.image.url": "https://github.com/pkinerd/ednsv",
2026-07-31T04:25:18.8179769Z         "org.opencontainers.image.version": "branch-main"
2026-07-31T04:25:18.8180346Z       }
2026-07-31T04:25:18.8180631Z     }
2026-07-31T04:25:18.8180932Z   }
2026-07-31T04:25:18.8181229Z }
2026-07-31T04:25:18.8181863Z ##[endgroup]
2026-07-31T04:25:18.8182603Z ##[group]Bake file definition (annotations)
2026-07-31T04:25:18.8183076Z {
2026-07-31T04:25:18.8183374Z   "target": {
2026-07-31T04:25:18.8183717Z     "docker-metadata-action": {
2026-07-31T04:25:18.8184169Z       "annotations": [
2026-07-31T04:25:18.8184774Z         "manifest:org.opencontainers.image.created=2026-07-31T04:25:18.795Z",
2026-07-31T04:25:18.8185644Z         "manifest:org.opencontainers.image.description=",
2026-07-31T04:25:18.8186384Z         "manifest:org.opencontainers.image.licenses=",
2026-07-31T04:25:18.8187614Z         "manifest:org.opencontainers.image.revision=75bce7d33d242cef76a390d2dfb398e76b7fea2b",
2026-07-31T04:25:18.8188881Z         "manifest:org.opencontainers.image.source=https://github.com/pkinerd/ednsv",
2026-07-31T04:25:18.8189846Z         "manifest:org.opencontainers.image.title=ednsv",
2026-07-31T04:25:18.8190750Z         "manifest:org.opencontainers.image.url=https://github.com/pkinerd/ednsv",
2026-07-31T04:25:18.8191692Z         "manifest:org.opencontainers.image.version=branch-main"
2026-07-31T04:25:18.8192364Z       ]
2026-07-31T04:25:18.8192685Z     }
2026-07-31T04:25:18.8192997Z   }
2026-07-31T04:25:18.8193313Z }
2026-07-31T04:25:18.8193951Z ##[endgroup]
2026-07-31T04:25:18.8394416Z Node 20 is being deprecated. This workflow is running with Node 24 by default. If you need to temporarily use Node 20, you can set the ACTIONS_ALLOW_USE_UNSECURE_NODE_VERSION=true environment variable. For more information see: https://github.blog/changelog/2025-09-19-deprecation-of-node-20-on-github-actions-runners/
2026-07-31T04:25:18.8395748Z ##[group]Run docker/build-push-action@v6
2026-07-31T04:25:18.8396027Z with:
2026-07-31T04:25:18.8396213Z   context: .
2026-07-31T04:25:18.8396604Z   file: ./Dockerfile
2026-07-31T04:25:18.8397030Z   build-args: SOURCE_COMMIT=75bce7d33d242cef76a390d2dfb398e76b7fea2b
SOURCE_BRANCH=main
SOURCE_PR=

2026-07-31T04:25:18.8397848Z   push: true
2026-07-31T04:25:18.8398387Z   tags: ghcr.io/pkinerd/ednsv:branch-main
ghcr.io/pkinerd/ednsv:latest
ghcr.io/pkinerd/ednsv:latest-any
ghcr.io/pkinerd/ednsv:sha-75bce7d
2026-07-31T04:25:18.8400475Z   labels: org.opencontainers.image.created=2026-07-31T04:25:18.795Z
org.opencontainers.image.description=
org.opencontainers.image.licenses=
org.opencontainers.image.revision=75bce7d33d242cef76a390d2dfb398e76b7fea2b
org.opencontainers.image.source=https://github.com/pkinerd/ednsv
org.opencontainers.image.title=ednsv
org.opencontainers.image.url=https://github.com/pkinerd/ednsv
org.opencontainers.image.version=branch-main
2026-07-31T04:25:18.8402143Z   cache-from: type=gha
2026-07-31T04:25:18.8402375Z   cache-to: type=gha,mode=max
2026-07-31T04:25:18.8402608Z   load: false
2026-07-31T04:25:18.8402795Z   no-cache: false
2026-07-31T04:25:18.8403000Z   pull: false
2026-07-31T04:25:18.8405681Z   github-token: ***
2026-07-31T04:25:18.8405887Z env:
2026-07-31T04:25:18.8406064Z   REGISTRY: ghcr.io
2026-07-31T04:25:18.8406269Z   IMAGE_NAME: pkinerd/ednsv
2026-07-31T04:25:18.8406534Z   DOCKER_METADATA_OUTPUT_VERSION: branch-main
2026-07-31T04:25:18.8407493Z   DOCKER_METADATA_OUTPUT_TAGS: ghcr.io/pkinerd/ednsv:branch-main
ghcr.io/pkinerd/ednsv:latest
ghcr.io/pkinerd/ednsv:latest-any
ghcr.io/pkinerd/ednsv:sha-75bce7d
2026-07-31T04:25:18.8408307Z   DOCKER_METADATA_OUTPUT_TAG_NAMES: branch-main
latest
latest-any
sha-75bce7d
2026-07-31T04:25:18.8410169Z   DOCKER_METADATA_OUTPUT_LABELS: org.opencontainers.image.created=2026-07-31T04:25:18.795Z
org.opencontainers.image.description=
org.opencontainers.image.licenses=
org.opencontainers.image.revision=75bce7d33d242cef76a390d2dfb398e76b7fea2b
org.opencontainers.image.source=https://github.com/pkinerd/ednsv
org.opencontainers.image.title=ednsv
org.opencontainers.image.url=https://github.com/pkinerd/ednsv
org.opencontainers.image.version=branch-main
2026-07-31T04:25:18.8413668Z   DOCKER_METADATA_OUTPUT_ANNOTATIONS: manifest:org.opencontainers.image.created=2026-07-31T04:25:18.795Z
manifest:org.opencontainers.image.description=
manifest:org.opencontainers.image.licenses=
manifest:org.opencontainers.image.revision=75bce7d33d242cef76a390d2dfb398e76b7fea2b
manifest:org.opencontainers.image.source=https://github.com/pkinerd/ednsv
manifest:org.opencontainers.image.title=ednsv
manifest:org.opencontainers.image.url=https://github.com/pkinerd/ednsv
manifest:org.opencontainers.image.version=branch-main
2026-07-31T04:25:18.8420217Z   DOCKER_METADATA_OUTPUT_JSON: {"tags":["ghcr.io/pkinerd/ednsv:branch-main","ghcr.io/pkinerd/ednsv:latest","ghcr.io/pkinerd/ednsv:latest-any","ghcr.io/pkinerd/ednsv:sha-75bce7d"],"tag-names":["branch-main","latest","latest-any","sha-75bce7d"],"labels":{"org.opencontainers.image.created":"2026-07-31T04:25:18.795Z","org.opencontainers.image.description":"","org.opencontainers.image.licenses":"","org.opencontainers.image.revision":"75bce7d33d242cef76a390d2dfb398e76b7fea2b","org.opencontainers.image.source":"https://github.com/pkinerd/ednsv","org.opencontainers.image.title":"ednsv","org.opencontainers.image.url":"https://github.com/pkinerd/ednsv","org.opencontainers.image.version":"branch-main"},"annotations":["manifest:org.opencontainers.image.created=2026-07-31T04:25:18.795Z","manifest:org.opencontainers.image.description=","manifest:org.opencontainers.image.licenses=","manifest:org.opencontainers.image.revision=75bce7d33d242cef76a390d2dfb398e76b7fea2b","manifest:org.opencontainers.image.source=https://github.com/pkinerd/ednsv","manifest:org.opencontainers.image.title=ednsv","manifest:org.opencontainers.image.url=https://github.com/pkinerd/ednsv","manifest:org.opencontainers.image.version=branch-main"]}
2026-07-31T04:25:18.8425098Z   DOCKER_METADATA_OUTPUT_BAKE_FILE_TAGS: /home/runner/work/_temp/docker-actions-toolkit-gnqXJR/docker-metadata-action-bake-tags.json
2026-07-31T04:25:18.8426151Z   DOCKER_METADATA_OUTPUT_BAKE_FILE_LABELS: /home/runner/work/_temp/docker-actions-toolkit-gnqXJR/docker-metadata-action-bake-labels.json
2026-07-31T04:25:18.8427408Z   DOCKER_METADATA_OUTPUT_BAKE_FILE_ANNOTATIONS: /home/runner/work/_temp/docker-actions-toolkit-gnqXJR/docker-metadata-action-bake-annotations.json
2026-07-31T04:25:18.8428359Z   DOCKER_METADATA_OUTPUT_BAKE_FILE: /home/runner/work/_temp/docker-actions-toolkit-gnqXJR/docker-metadata-action-bake.json
2026-07-31T04:25:18.8428910Z ##[endgroup]
2026-07-31T04:25:19.1016176Z (node:2787) [DEP0040] DeprecationWarning: The `punycode` module is deprecated. Please use a userland alternative instead.
2026-07-31T04:25:19.1018178Z (Use `node --trace-deprecation ...` to show where the warning was created)
2026-07-31T04:25:19.1040626Z ##[group]GitHub Actions runtime token ACs
2026-07-31T04:25:19.1050051Z refs/heads/main: read/write
2026-07-31T04:25:19.1051249Z ##[endgroup]
2026-07-31T04:25:19.1051950Z ##[group]Docker info
2026-07-31T04:25:19.1099858Z [command]/usr/bin/docker version
2026-07-31T04:25:19.1404529Z Client: Docker Engine - Community
2026-07-31T04:25:19.1405111Z  Version:           28.0.4
2026-07-31T04:25:19.1405579Z  API version:       1.48
2026-07-31T04:25:19.1406021Z  Go version:        go1.23.7
2026-07-31T04:25:19.1406408Z  Git commit:        b8034c0
2026-07-31T04:25:19.1406812Z  Built:             Tue Mar 25 15:07:16 2025
2026-07-31T04:25:19.1408259Z  OS/Arch:           linux/amd64
2026-07-31T04:25:19.1408689Z  Context:           default
2026-07-31T04:25:19.1409024Z 
2026-07-31T04:25:19.1409535Z Server: Docker Engine - Community
2026-07-31T04:25:19.1410129Z  Engine:
2026-07-31T04:25:19.1410627Z   Version:          28.0.4
2026-07-31T04:25:19.1411249Z   API version:      1.48 (minimum version 1.24)
2026-07-31T04:25:19.1411964Z   Go version:       go1.23.7
2026-07-31T04:25:19.1412566Z   Git commit:       6430e49
2026-07-31T04:25:19.1413189Z   Built:            Tue Mar 25 15:07:16 2025
2026-07-31T04:25:19.1413857Z   OS/Arch:          linux/amd64
2026-07-31T04:25:19.1414518Z   Experimental:     false
2026-07-31T04:25:19.1415565Z  containerd:
2026-07-31T04:25:19.1416119Z   Version:          v2.2.6
2026-07-31T04:25:19.1416845Z   GitCommit:        11ce9d5f3c68c941867e82890e93e815c1304f1b
2026-07-31T04:25:19.1417904Z  runc:
2026-07-31T04:25:19.1418425Z   Version:          1.3.6
2026-07-31T04:25:19.1419025Z   GitCommit:        v1.3.6-0-g491b69ba
2026-07-31T04:25:19.1419655Z  docker-init:
2026-07-31T04:25:19.1420194Z   Version:          0.19.0
2026-07-31T04:25:19.1420773Z   GitCommit:        de40ad0
2026-07-31T04:25:19.1474283Z [command]/usr/bin/docker info
2026-07-31T04:25:19.2137768Z Client: Docker Engine - Community
2026-07-31T04:25:19.2148549Z  Version:    28.0.4
2026-07-31T04:25:19.2148921Z  Context:    default
2026-07-31T04:25:19.2149258Z  Debug Mode: false
2026-07-31T04:25:19.2149581Z  Plugins:
2026-07-31T04:25:19.2149863Z   buildx: Docker Buildx (Docker Inc.)
2026-07-31T04:25:19.2150154Z     Version:  v0.35.0
2026-07-31T04:25:19.2150452Z     Path:     /usr/libexec/docker/cli-plugins/docker-buildx
2026-07-31T04:25:19.2150839Z   compose: Docker Compose (Docker Inc.)
2026-07-31T04:25:19.2151128Z     Version:  v2.38.2
2026-07-31T04:25:19.2151428Z     Path:     /usr/libexec/docker/cli-plugins/docker-compose
2026-07-31T04:25:19.2151689Z 
2026-07-31T04:25:19.2151771Z Server:
2026-07-31T04:25:19.2151952Z  Containers: 1
2026-07-31T04:25:19.2152148Z   Running: 1
2026-07-31T04:25:19.2152333Z   Paused: 0
2026-07-31T04:25:19.2152517Z   Stopped: 0
2026-07-31T04:25:19.2153638Z  Images: 7
2026-07-31T04:25:19.2153992Z  Server Version: 28.0.4
2026-07-31T04:25:19.2154242Z  Storage Driver: overlay2
2026-07-31T04:25:19.2154497Z   Backing Filesystem: extfs
2026-07-31T04:25:19.2154740Z   Supports d_type: true
2026-07-31T04:25:19.2154967Z   Using metacopy: false
2026-07-31T04:25:19.2155196Z   Native Overlay Diff: false
2026-07-31T04:25:19.2155439Z   userxattr: false
2026-07-31T04:25:19.2155654Z  Logging Driver: json-file
2026-07-31T04:25:19.2155891Z  Cgroup Driver: systemd
2026-07-31T04:25:19.2156279Z  Cgroup Version: 2
2026-07-31T04:25:19.2156479Z  Plugins:
2026-07-31T04:25:19.2156666Z   Volume: local
2026-07-31T04:25:19.2157897Z   Network: bridge host ipvlan macvlan null overlay
2026-07-31T04:25:19.2158691Z   Log: awslogs fluentd gcplogs gelf journald json-file local splunk syslog
2026-07-31T04:25:19.2159350Z  Swarm: inactive
2026-07-31T04:25:19.2159705Z  Runtimes: runc io.containerd.runc.v2
2026-07-31T04:25:19.2159991Z  Default Runtime: runc
2026-07-31T04:25:19.2160242Z  Init Binary: docker-init
2026-07-31T04:25:19.2160561Z  containerd version: 11ce9d5f3c68c941867e82890e93e815c1304f1b
2026-07-31T04:25:19.2160965Z  runc version: v1.3.6-0-g491b69ba
2026-07-31T04:25:19.2161255Z  init version: de40ad0
2026-07-31T04:25:19.2161500Z  Security Options:
2026-07-31T04:25:19.2161784Z   apparmor
2026-07-31T04:25:19.2162043Z   seccomp
2026-07-31T04:25:19.2162220Z    Profile: builtin
2026-07-31T04:25:19.2162415Z   cgroupns
2026-07-31T04:25:19.2162601Z  Kernel Version: 6.17.0-1020-azure
2026-07-31T04:25:19.2162883Z  Operating System: Ubuntu 24.04.4 LTS
2026-07-31T04:25:19.2163137Z  OSType: linux
2026-07-31T04:25:19.2163331Z  Architecture: x86_64
2026-07-31T04:25:19.2163531Z  CPUs: 4
2026-07-31T04:25:19.2163708Z  Total Memory: 15.61GiB
2026-07-31T04:25:19.2163919Z  Name: runnervmvrwv9
2026-07-31T04:25:19.2164149Z  ID: dce1e4a9-fc26-4218-aaf0-feee5194c8cb
2026-07-31T04:25:19.2164427Z  Docker Root Dir: /var/lib/docker
2026-07-31T04:25:19.2164663Z  Debug Mode: false
2026-07-31T04:25:19.2164871Z  Username: githubactions
2026-07-31T04:25:19.2165086Z  Experimental: false
2026-07-31T04:25:19.2165328Z  Insecure Registries:
2026-07-31T04:25:19.2165708Z   ::1/128
2026-07-31T04:25:19.2165984Z   127.0.0.0/8
2026-07-31T04:25:19.2166290Z  Live Restore Enabled: false
2026-07-31T04:25:19.2166540Z 
2026-07-31T04:25:19.2167250Z ##[endgroup]
2026-07-31T04:25:19.2167887Z ##[group]Proxy configuration
2026-07-31T04:25:19.2170659Z No proxy configuration found
2026-07-31T04:25:19.2171170Z ##[endgroup]
2026-07-31T04:25:19.2839690Z ##[group]Buildx version
2026-07-31T04:25:19.2863429Z [command]/usr/bin/docker buildx version
2026-07-31T04:25:19.3403873Z github.com/docker/buildx v0.35.0 a319e5b15052cf6557ceb666eb8ff6e32380b782
2026-07-31T04:25:19.3425123Z ##[endgroup]
2026-07-31T04:25:19.3440809Z ##[group]Builder info
2026-07-31T04:25:19.4463712Z {
2026-07-31T04:25:19.4464177Z   "nodes": [
2026-07-31T04:25:19.4464571Z     {
2026-07-31T04:25:19.4465064Z       "name": "builder-c1ae3fed-7356-47a2-9d47-d0d9c80c24620",
2026-07-31T04:25:19.4465785Z       "endpoint": "unix:///var/run/docker.sock",
2026-07-31T04:25:19.4466296Z       "status": "running",
2026-07-31T04:25:19.4466891Z       "buildkitd-flags": "--allow-insecure-entitlement security.insecure --allow-insecure-entitlement network.host",
2026-07-31T04:25:19.4468427Z       "buildkit": "v0.31.2",
2026-07-31T04:25:19.4468797Z       "platforms": "linux/amd64,linux/amd64/v2,linux/amd64/v3,linux/386",
2026-07-31T04:25:19.4469180Z       "features": {
2026-07-31T04:25:19.4469532Z         "Automatically load images to the Docker Engine image store": true,
2026-07-31T04:25:19.4469943Z         "Cache export": true,
2026-07-31T04:25:19.4470208Z         "Direct push": true,
2026-07-31T04:25:19.4470481Z         "Docker exporter": true,
2026-07-31T04:25:19.4470786Z         "Multi-platform build": true,
2026-07-31T04:25:19.4471061Z         "OCI exporter": true
2026-07-31T04:25:19.4471290Z       },
2026-07-31T04:25:19.4471478Z       "labels": {
2026-07-31T04:25:19.4472046Z         "org.mobyproject.buildkit.worker.executor": "oci",
2026-07-31T04:25:19.4472496Z         "org.mobyproject.buildkit.worker.hostname": "9f8397f1e323",
2026-07-31T04:25:19.4472929Z         "org.mobyproject.buildkit.worker.network": "host",
2026-07-31T04:25:19.4473373Z         "org.mobyproject.buildkit.worker.oci.process-mode": "sandbox",
2026-07-31T04:25:19.4473870Z         "org.mobyproject.buildkit.worker.selinux.enabled": "false",
2026-07-31T04:25:19.4474368Z         "org.mobyproject.buildkit.worker.snapshotter": "overlayfs"
2026-07-31T04:25:19.4474886Z       },
2026-07-31T04:25:19.4475073Z       "gcPolicy": [
2026-07-31T04:25:19.4475272Z         {
2026-07-31T04:25:19.4475455Z           "all": false,
2026-07-31T04:25:19.4475671Z           "filter": [
2026-07-31T04:25:19.4476007Z             "type==source.local type==exec.cachemount type==source.git.checkout"
2026-07-31T04:25:19.4476381Z           ],
2026-07-31T04:25:19.4476577Z           "keepDuration": "48h0m0s",
2026-07-31T04:25:19.4476873Z           "maxUsedSpace": "488.3MiB"
2026-07-31T04:25:19.4477441Z         },
2026-07-31T04:25:19.4477633Z         {
2026-07-31T04:25:19.4477811Z           "all": false,
2026-07-31T04:25:19.4478038Z           "keepDuration": "1440h0m0s",
2026-07-31T04:25:19.4478306Z           "reservedSpace": "9.313GiB",
2026-07-31T04:25:19.4478563Z           "maxUsedSpace": "93.13GiB",
2026-07-31T04:25:19.4478832Z           "minFreeSpace": "27.01GiB"
2026-07-31T04:25:19.4479067Z         },
2026-07-31T04:25:19.4479238Z         {
2026-07-31T04:25:19.4479421Z           "all": false,
2026-07-31T04:25:19.4479638Z           "reservedSpace": "9.313GiB",
2026-07-31T04:25:19.4479906Z           "maxUsedSpace": "93.13GiB",
2026-07-31T04:25:19.4480160Z           "minFreeSpace": "27.01GiB"
2026-07-31T04:25:19.4480385Z         },
2026-07-31T04:25:19.4480550Z         {
2026-07-31T04:25:19.4480718Z           "all": true,
2026-07-31T04:25:19.4480959Z           "reservedSpace": "9.313GiB",
2026-07-31T04:25:19.4481203Z           "maxUsedSpace": "93.13GiB",
2026-07-31T04:25:19.4481453Z           "minFreeSpace": "27.01GiB"
2026-07-31T04:25:19.4481676Z         }
2026-07-31T04:25:19.4481857Z       ]
2026-07-31T04:25:19.4482021Z     }
2026-07-31T04:25:19.4482180Z   ],
2026-07-31T04:25:19.4482417Z   "name": "builder-c1ae3fed-7356-47a2-9d47-d0d9c80c2462",
2026-07-31T04:25:19.4482741Z   "driver": "docker-container",
2026-07-31T04:25:19.4483002Z   "lastActivity": "2026-07-31T04:25:13.000Z"
2026-07-31T04:25:19.4483264Z }
2026-07-31T04:25:19.4483675Z ##[endgroup]
2026-07-31T04:25:19.6301333Z [command]/usr/bin/docker buildx build --build-arg SOURCE_COMMIT=75bce7d33d242cef76a390d2dfb398e76b7fea2b --build-arg SOURCE_BRANCH=main --build-arg SOURCE_PR= --cache-from type=gha --cache-to type=gha,mode=max --file ./Dockerfile --iidfile /home/runner/work/_temp/docker-actions-toolkit-0fXND2/build-iidfile-201b3856d0.txt --label org.opencontainers.image.created=2026-07-31T04:25:18.795Z --label org.opencontainers.image.description= --label org.opencontainers.image.licenses= --label org.opencontainers.image.revision=75bce7d33d242cef76a390d2dfb398e76b7fea2b --label org.opencontainers.image.source=https://github.com/pkinerd/ednsv --label org.opencontainers.image.title=ednsv --label org.opencontainers.image.url=https://github.com/pkinerd/ednsv --label org.opencontainers.image.version=branch-main --attest type=provenance,mode=max,builder-id=https://github.com/pkinerd/ednsv/actions/runs/30604060357/attempts/1 --tag ghcr.io/pkinerd/ednsv:branch-main --tag ghcr.io/pkinerd/ednsv:latest --tag ghcr.io/pkinerd/ednsv:latest-any --tag ghcr.io/pkinerd/ednsv:sha-75bce7d --metadata-file /home/runner/work/_temp/docker-actions-toolkit-0fXND2/build-metadata-ef5e43a69d.json --push .
2026-07-31T04:25:19.9127006Z #0 building with "builder-c1ae3fed-7356-47a2-9d47-d0d9c80c2462" instance using docker-container driver
2026-07-31T04:25:19.9128455Z 
2026-07-31T04:25:19.9128758Z #1 [internal] load build definition from Dockerfile
2026-07-31T04:25:19.9129597Z #1 transferring dockerfile: 1.62kB done
2026-07-31T04:25:19.9130256Z #1 DONE 0.0s
2026-07-31T04:25:19.9131007Z 
2026-07-31T04:25:19.9131629Z #2 resolve image config for docker-image://docker.io/docker/dockerfile:1.7
2026-07-31T04:25:20.1462649Z #2 ...
2026-07-31T04:25:20.1462895Z 
2026-07-31T04:25:20.1463191Z #3 [auth] docker/dockerfile:pull token for registry-1.docker.io
2026-07-31T04:25:20.1463713Z #3 DONE 0.0s
2026-07-31T04:25:20.2952763Z 
2026-07-31T04:25:20.2953630Z #2 resolve image config for docker-image://docker.io/docker/dockerfile:1.7
2026-07-31T04:25:20.6133410Z #2 DONE 0.9s
2026-07-31T04:25:20.7444655Z 
2026-07-31T04:25:20.7447104Z #4 docker-image://docker.io/docker/dockerfile:1.7@sha256:a57df69d0ea827fb7266491f2813635de6f17269be881f696fbfdf2d83dda33e
2026-07-31T04:25:20.7449129Z #4 resolve docker.io/docker/dockerfile:1.7@sha256:a57df69d0ea827fb7266491f2813635de6f17269be881f696fbfdf2d83dda33e done
2026-07-31T04:25:20.7450258Z #4 sha256:96918c57e42509b97f10c074d80672ecdbd3bb7dcd38c1bd95960cf291207416 11.98MB / 11.98MB 0.1s done
2026-07-31T04:25:20.9049561Z #4 extracting sha256:96918c57e42509b97f10c074d80672ecdbd3bb7dcd38c1bd95960cf291207416 0.1s done
2026-07-31T04:25:20.9050906Z #4 DONE 0.2s
2026-07-31T04:25:20.9051789Z 
2026-07-31T04:25:20.9052602Z #5 [internal] load metadata for mcr.microsoft.com/dotnet/aspnet:10.0
2026-07-31T04:25:21.0218286Z #5 ...
2026-07-31T04:25:21.0222632Z 
2026-07-31T04:25:21.0223061Z #6 [internal] load metadata for mcr.microsoft.com/dotnet/sdk:10.0
2026-07-31T04:25:21.0224769Z #6 DONE 0.1s
2026-07-31T04:25:21.2497504Z 
2026-07-31T04:25:21.2498469Z #5 [internal] load metadata for mcr.microsoft.com/dotnet/aspnet:10.0
2026-07-31T04:25:21.2499068Z #5 DONE 0.1s
2026-07-31T04:25:21.2499236Z 
2026-07-31T04:25:21.2499360Z #7 [internal] load .dockerignore
2026-07-31T04:25:21.2499815Z #7 transferring context: 249B done
2026-07-31T04:25:21.2500242Z #7 DONE 0.0s
2026-07-31T04:25:21.2500409Z 
2026-07-31T04:25:21.2500537Z #8 [internal] load build context
2026-07-31T04:25:21.2500871Z #8 DONE 0.0s
2026-07-31T04:25:21.2501022Z 
2026-07-31T04:25:21.2501610Z #9 [build 1/9] FROM mcr.microsoft.com/dotnet/sdk:10.0@sha256:ed034a8bf0b24ded0cbbac07e17825d8e9ebfe21e308191d0f7421eaf5ad4664
2026-07-31T04:25:21.2502879Z #9 resolve mcr.microsoft.com/dotnet/sdk:10.0@sha256:ed034a8bf0b24ded0cbbac07e17825d8e9ebfe21e308191d0f7421eaf5ad4664 done
2026-07-31T04:25:21.2503674Z #9 DONE 0.0s
2026-07-31T04:25:21.2503821Z 
2026-07-31T04:25:21.2504396Z #10 [runtime 1/3] FROM mcr.microsoft.com/dotnet/aspnet:10.0@sha256:1fa23fc4872d95fd71c2833ebe65d7e84a43b2d51a31d119516852f13d9505a7
2026-07-31T04:25:21.2505672Z #10 resolve mcr.microsoft.com/dotnet/aspnet:10.0@sha256:1fa23fc4872d95fd71c2833ebe65d7e84a43b2d51a31d119516852f13d9505a7 done
2026-07-31T04:25:21.2506472Z #10 DONE 0.0s
2026-07-31T04:25:21.2506623Z 
2026-07-31T04:25:21.2506829Z #11 importing cache manifest from gha:14389227014033339598
2026-07-31T04:25:21.6214797Z #11 DONE 0.5s
2026-07-31T04:25:21.7409635Z 
2026-07-31T04:25:21.7411011Z #8 [internal] load build context
2026-07-31T04:25:21.7413670Z #8 transferring context: 971.43kB 0.0s done
2026-07-31T04:25:21.7414522Z #8 DONE 0.0s
2026-07-31T04:25:21.7414892Z 
2026-07-31T04:25:21.7415929Z #10 [runtime 1/3] FROM mcr.microsoft.com/dotnet/aspnet:10.0@sha256:1fa23fc4872d95fd71c2833ebe65d7e84a43b2d51a31d119516852f13d9505a7
2026-07-31T04:25:21.7417754Z #10 sha256:0287f08f0ac044b026b08b63a9ce1f57fffd69363f315a0c30a3dbf61b70efc2 155B / 155B 0.0s done
2026-07-31T04:25:21.7419256Z #10 sha256:7090f4cc64dfe013b79ca3453fb62301f7a9c635d0e4a06e6a9440f794e0c421 3.57kB / 3.57kB 0.0s done
2026-07-31T04:25:21.7421000Z #10 sha256:2579678c60073aab2b43b66cd005500226891c1dcb09017f813d272868855c93 12.73MB / 12.73MB 0.1s done
2026-07-31T04:25:21.8445670Z #10 sha256:edf564afb68fae053e8536d2b24e46f40090b6653def00f8df93cc708160f699 16.78MB / 16.78MB 0.1s done
2026-07-31T04:25:21.8447833Z #10 sha256:8e782b788f5dc97515127876fe0f833c7a7a3fbf397653ef3fb09a59f2224236 33.55MB / 36.60MB 0.2s
2026-07-31T04:25:21.9671776Z #10 sha256:8e782b788f5dc97515127876fe0f833c7a7a3fbf397653ef3fb09a59f2224236 36.60MB / 36.60MB 0.2s done
2026-07-31T04:25:21.9674653Z #10 sha256:ca2678b20700c15185707964d9211b1a6406196114bf675f568b6025d37b3888 29.74MB / 29.74MB 0.2s done
2026-07-31T04:25:21.9675684Z #10 extracting sha256:ca2678b20700c15185707964d9211b1a6406196114bf675f568b6025d37b3888
2026-07-31T04:25:22.6574153Z #10 ...
2026-07-31T04:25:22.6577842Z 
2026-07-31T04:25:22.6578859Z #9 [build 1/9] FROM mcr.microsoft.com/dotnet/sdk:10.0@sha256:ed034a8bf0b24ded0cbbac07e17825d8e9ebfe21e308191d0f7421eaf5ad4664
2026-07-31T04:25:22.6579918Z #9 sha256:8527f9bfc4711c48d4dbc4c10ce21337bc93c0a305a5f9e116f754f5754ecbb0 496B / 496B 0.0s done
2026-07-31T04:25:22.6581052Z #9 sha256:6973830c09c3da5aeeabb0c5638bc3617879816fd70de6af2625449f467f8ec0 18.05MB / 18.05MB 0.1s done
2026-07-31T04:25:22.6581748Z #9 sha256:d4555ae6a451011811d13a9b24114d2a04d3a3afb7d428597812ff4bf18c8e45 185.25MB / 185.25MB 0.7s done
2026-07-31T04:25:22.6582419Z #9 sha256:5cece633748fe30407f0c3bb9b383840cdf5de70801f8293ce2ed7d62f24c443 26.24MB / 26.24MB 0.1s done
2026-07-31T04:25:22.6582883Z #9 DONE 0.9s
2026-07-31T04:25:22.6803317Z 
2026-07-31T04:25:22.6804896Z #10 [runtime 1/3] FROM mcr.microsoft.com/dotnet/aspnet:10.0@sha256:1fa23fc4872d95fd71c2833ebe65d7e84a43b2d51a31d119516852f13d9505a7
2026-07-31T04:25:22.6806856Z #10 extracting sha256:ca2678b20700c15185707964d9211b1a6406196114bf675f568b6025d37b3888 0.8s done
2026-07-31T04:25:22.6807784Z #10 DONE 1.1s
2026-07-31T04:25:22.8305727Z 
2026-07-31T04:25:22.8308085Z #10 [runtime 1/3] FROM mcr.microsoft.com/dotnet/aspnet:10.0@sha256:1fa23fc4872d95fd71c2833ebe65d7e84a43b2d51a31d119516852f13d9505a7
2026-07-31T04:25:22.8310458Z #10 extracting sha256:edf564afb68fae053e8536d2b24e46f40090b6653def00f8df93cc708160f699
2026-07-31T04:25:23.0473605Z #10 extracting sha256:edf564afb68fae053e8536d2b24e46f40090b6653def00f8df93cc708160f699 0.4s done
2026-07-31T04:25:23.0475146Z #10 DONE 1.4s
2026-07-31T04:25:23.2036997Z 
2026-07-31T04:25:23.2040233Z #10 [runtime 1/3] FROM mcr.microsoft.com/dotnet/aspnet:10.0@sha256:1fa23fc4872d95fd71c2833ebe65d7e84a43b2d51a31d119516852f13d9505a7
2026-07-31T04:25:23.2041723Z #10 extracting sha256:7090f4cc64dfe013b79ca3453fb62301f7a9c635d0e4a06e6a9440f794e0c421 done
2026-07-31T04:25:23.2042845Z #10 extracting sha256:8e782b788f5dc97515127876fe0f833c7a7a3fbf397653ef3fb09a59f2224236
2026-07-31T04:25:23.4413459Z #10 extracting sha256:8e782b788f5dc97515127876fe0f833c7a7a3fbf397653ef3fb09a59f2224236 0.4s done
2026-07-31T04:25:23.4414508Z #10 DONE 1.8s
2026-07-31T04:25:23.5792418Z 
2026-07-31T04:25:23.5793559Z #10 [runtime 1/3] FROM mcr.microsoft.com/dotnet/aspnet:10.0@sha256:1fa23fc4872d95fd71c2833ebe65d7e84a43b2d51a31d119516852f13d9505a7
2026-07-31T04:25:23.5795165Z #10 extracting sha256:0287f08f0ac044b026b08b63a9ce1f57fffd69363f315a0c30a3dbf61b70efc2 done
2026-07-31T04:25:23.5796348Z #10 extracting sha256:2579678c60073aab2b43b66cd005500226891c1dcb09017f813d272868855c93 0.1s done
2026-07-31T04:25:23.5797618Z #10 DONE 2.0s
2026-07-31T04:25:23.7295070Z 
2026-07-31T04:25:23.7296912Z #9 [build 1/9] FROM mcr.microsoft.com/dotnet/sdk:10.0@sha256:ed034a8bf0b24ded0cbbac07e17825d8e9ebfe21e308191d0f7421eaf5ad4664
2026-07-31T04:25:23.7298434Z #9 extracting sha256:5cece633748fe30407f0c3bb9b383840cdf5de70801f8293ce2ed7d62f24c443
2026-07-31T04:25:24.0079889Z #9 ...
2026-07-31T04:25:24.0080275Z 
2026-07-31T04:25:24.0081008Z #12 [runtime 2/3] WORKDIR /app
2026-07-31T04:25:24.0081499Z #12 DONE 0.4s
2026-07-31T04:25:24.1587936Z 
2026-07-31T04:25:24.1589530Z #9 [build 1/9] FROM mcr.microsoft.com/dotnet/sdk:10.0@sha256:ed034a8bf0b24ded0cbbac07e17825d8e9ebfe21e308191d0f7421eaf5ad4664
2026-07-31T04:25:24.3946110Z #9 extracting sha256:5cece633748fe30407f0c3bb9b383840cdf5de70801f8293ce2ed7d62f24c443 0.8s done
2026-07-31T04:25:24.3947544Z #9 DONE 1.7s
2026-07-31T04:25:24.5453802Z 
2026-07-31T04:25:24.5454814Z #9 [build 1/9] FROM mcr.microsoft.com/dotnet/sdk:10.0@sha256:ed034a8bf0b24ded0cbbac07e17825d8e9ebfe21e308191d0f7421eaf5ad4664
2026-07-31T04:25:24.5456166Z #9 extracting sha256:d4555ae6a451011811d13a9b24114d2a04d3a3afb7d428597812ff4bf18c8e45
2026-07-31T04:25:27.0246933Z #9 extracting sha256:d4555ae6a451011811d13a9b24114d2a04d3a3afb7d428597812ff4bf18c8e45 2.6s done
2026-07-31T04:25:27.0248043Z #9 DONE 4.3s
2026-07-31T04:25:27.1826143Z 
2026-07-31T04:25:27.1828699Z #9 [build 1/9] FROM mcr.microsoft.com/dotnet/sdk:10.0@sha256:ed034a8bf0b24ded0cbbac07e17825d8e9ebfe21e308191d0f7421eaf5ad4664
2026-07-31T04:25:27.1830048Z #9 extracting sha256:8527f9bfc4711c48d4dbc4c10ce21337bc93c0a305a5f9e116f754f5754ecbb0 done
2026-07-31T04:25:27.1831115Z #9 extracting sha256:6973830c09c3da5aeeabb0c5638bc3617879816fd70de6af2625449f467f8ec0
2026-07-31T04:25:27.3109446Z #9 extracting sha256:6973830c09c3da5aeeabb0c5638bc3617879816fd70de6af2625449f467f8ec0 0.3s done
2026-07-31T04:25:27.3110428Z #9 DONE 4.6s
2026-07-31T04:25:27.4626228Z 
2026-07-31T04:25:27.4626688Z #13 [build 2/9] WORKDIR /src
2026-07-31T04:25:28.6194517Z #13 DONE 1.3s
2026-07-31T04:25:28.8015709Z 
2026-07-31T04:25:28.8016302Z #14 [build 3/9] COPY global.json ./
2026-07-31T04:25:28.8016930Z #14 DONE 0.0s
2026-07-31T04:25:28.8017519Z 
2026-07-31T04:25:28.8018244Z #15 [build 4/9] COPY src/Ednsv.Core/Ednsv.Core.csproj src/Ednsv.Core/
2026-07-31T04:25:28.8019038Z #15 DONE 0.0s
2026-07-31T04:25:28.8019196Z 
2026-07-31T04:25:28.8019436Z #16 [build 5/9] COPY src/Ednsv.Web/Ednsv.Web.csproj src/Ednsv.Web/
2026-07-31T04:25:28.8019943Z #16 DONE 0.0s
2026-07-31T04:25:28.8020101Z 
2026-07-31T04:25:28.8020337Z #17 [build 6/9] RUN dotnet restore src/Ednsv.Web/Ednsv.Web.csproj
2026-07-31T04:25:29.4239235Z #17 0.773   Determining projects to restore...
2026-07-31T04:25:31.2943547Z #17 2.643   Restored /src/src/Ednsv.Core/Ednsv.Core.csproj (in 1.41 sec).
2026-07-31T04:25:31.4041953Z #17 2.647   Restored /src/src/Ednsv.Web/Ednsv.Web.csproj (in 1.43 sec).
2026-07-31T04:25:31.4043232Z #17 DONE 2.7s
2026-07-31T04:25:31.4043481Z 
2026-07-31T04:25:31.4044008Z #18 [build 7/9] COPY src/Ednsv.Core/ src/Ednsv.Core/
2026-07-31T04:25:31.4044583Z #18 DONE 0.0s
2026-07-31T04:25:31.4044761Z 
2026-07-31T04:25:31.4045120Z #19 [build 8/9] COPY src/Ednsv.Web/ src/Ednsv.Web/
2026-07-31T04:25:31.4045503Z #19 DONE 0.0s
2026-07-31T04:25:31.5557329Z 
2026-07-31T04:25:31.5559684Z #20 [build 9/9] RUN dotnet publish src/Ednsv.Web/Ednsv.Web.csproj         --configuration Release         --no-restore         --output /app/publish         /p:UseAppHost=false         /p:SourceRevisionId="75bce7d33d242cef76a390d2dfb398e76b7fea2b"         /p:SourceBranch="main"         /p:SourcePullRequest=""
2026-07-31T04:25:36.7036064Z #20 5.299   Ednsv.Core -> /src/src/Ednsv.Core/bin/Release/net10.0/Ednsv.Core.dll
2026-07-31T04:25:39.6348333Z #20 8.229   Ednsv.Web -> /src/src/Ednsv.Web/bin/Release/net10.0/Ednsv.Web.dll
2026-07-31T04:25:39.8992042Z #20 8.494   Ednsv.Web -> /app/publish/
2026-07-31T04:25:40.0124796Z #20 DONE 8.6s
2026-07-31T04:25:40.0125976Z 
2026-07-31T04:25:40.0127667Z #21 [runtime 3/3] COPY --from=build /app/publish ./
2026-07-31T04:25:40.0128574Z #21 DONE 0.0s
2026-07-31T04:25:40.1652299Z 
2026-07-31T04:25:40.1652921Z #22 exporting to image
2026-07-31T04:25:40.1653601Z #22 exporting layers
2026-07-31T04:25:40.2088804Z #22 exporting layers 0.2s done
2026-07-31T04:25:40.3840846Z #22 exporting manifest sha256:e3e1bfce88f4730f89d5e836844f93dfe1962942127569e3a02f9ffbae581b00 done
2026-07-31T04:25:40.3842332Z #22 exporting config sha256:140d39dec1687be4dbee0b38340a8b52fce9f9cf3b9d5ab8d7129201a65e3d63 done
2026-07-31T04:25:40.3843679Z #22 exporting attestation manifest sha256:e0fcb4df3789f01375acc049164ef9a6da920706e5d013d4735848dda16c4aeb done
2026-07-31T04:25:40.3845001Z #22 exporting manifest list sha256:0a871c03de89216c2a714462358e94b38be19c885525807d54929a1c69727e1e done
2026-07-31T04:25:40.3846301Z #22 pushing layers
2026-07-31T04:25:40.5506316Z #22 ...
2026-07-31T04:25:40.5506891Z 
2026-07-31T04:25:40.5507573Z #23 [auth] pkinerd/ednsv:pull,push token for ghcr.io
2026-07-31T04:25:40.5508326Z #23 DONE 0.0s
2026-07-31T04:25:40.7004885Z 
2026-07-31T04:25:40.7005651Z #24 exporting to GitHub Actions Cache
2026-07-31T04:25:40.7006211Z #24 preparing build cache for export
2026-07-31T04:25:42.4652433Z #24 preparing build cache for export 2.2s done
2026-07-31T04:25:42.4653296Z #24 sending cache export
2026-07-31T04:25:42.7033442Z #24 writing layer sha256:0287f08f0ac044b026b08b63a9ce1f57fffd69363f315a0c30a3dbf61b70efc2
2026-07-31T04:25:43.0922963Z #24 writing layer sha256:0287f08f0ac044b026b08b63a9ce1f57fffd69363f315a0c30a3dbf61b70efc2 0.5s done
2026-07-31T04:25:43.3230508Z #24 writing layer sha256:04febe7dff0e15950be7a3b735b74c2393718dd9d3f9d062a5cfc2a0ccca0b4c
2026-07-31T04:25:43.7356039Z #24 writing layer sha256:04febe7dff0e15950be7a3b735b74c2393718dd9d3f9d062a5cfc2a0ccca0b4c 0.5s done
2026-07-31T04:25:43.7357968Z #24 writing layer sha256:2579678c60073aab2b43b66cd005500226891c1dcb09017f813d272868855c93
2026-07-31T04:25:45.8726027Z #24 writing layer sha256:2579678c60073aab2b43b66cd005500226891c1dcb09017f813d272868855c93 2.1s done
2026-07-31T04:25:46.0921542Z #24 writing layer sha256:3dc44f899b751344fff0bc127821fc2f972f803231145083bf1b08b0e9180d43
2026-07-31T04:25:46.6644040Z #24 writing layer sha256:3dc44f899b751344fff0bc127821fc2f972f803231145083bf1b08b0e9180d43 0.7s done
2026-07-31T04:25:46.8955213Z #24 ...
2026-07-31T04:25:46.8955507Z 
2026-07-31T04:25:46.8955641Z #22 exporting to image
2026-07-31T04:25:46.8955979Z #22 pushing layers 0.3s done
2026-07-31T04:25:46.8956870Z #22 pushing manifest for ghcr.io/pkinerd/ednsv:branch-main@sha256:0a871c03de89216c2a714462358e94b38be19c885525807d54929a1c69727e1e 1.4s done
2026-07-31T04:25:46.8958479Z #22 pushing manifest for ghcr.io/pkinerd/ednsv:latest@sha256:0a871c03de89216c2a714462358e94b38be19c885525807d54929a1c69727e1e 0.7s done
2026-07-31T04:25:46.8959868Z #22 pushing manifest for ghcr.io/pkinerd/ednsv:latest-any@sha256:0a871c03de89216c2a714462358e94b38be19c885525807d54929a1c69727e1e 0.8s done
2026-07-31T04:25:46.8961256Z #22 pushing manifest for ghcr.io/pkinerd/ednsv:sha-75bce7d@sha256:0a871c03de89216c2a714462358e94b38be19c885525807d54929a1c69727e1e 0.6s done
2026-07-31T04:25:46.8962134Z #22 DONE 6.7s
2026-07-31T04:25:46.8962274Z 
2026-07-31T04:25:46.8962423Z #24 exporting to GitHub Actions Cache
2026-07-31T04:25:46.8962987Z #24 writing layer sha256:4e40d8c06d2dd5a082288f1a42b36697bfb01464ff41f1136eb66e4b77a251dd
2026-07-31T04:25:47.2521601Z #24 writing layer sha256:4e40d8c06d2dd5a082288f1a42b36697bfb01464ff41f1136eb66e4b77a251dd 0.5s done
2026-07-31T04:25:47.4827588Z #24 writing layer sha256:5cece633748fe30407f0c3bb9b383840cdf5de70801f8293ce2ed7d62f24c443
2026-07-31T04:25:51.0190511Z #24 writing layer sha256:5cece633748fe30407f0c3bb9b383840cdf5de70801f8293ce2ed7d62f24c443 3.7s done
2026-07-31T04:25:51.2519953Z #24 writing layer sha256:66a7cf24c60a7d5adb9b033d07fcfa82280881e79748831121df323747da941e
2026-07-31T04:25:51.7358149Z #24 writing layer sha256:66a7cf24c60a7d5adb9b033d07fcfa82280881e79748831121df323747da941e 0.6s done
2026-07-31T04:25:51.9747498Z #24 writing layer sha256:6973830c09c3da5aeeabb0c5638bc3617879816fd70de6af2625449f467f8ec0
2026-07-31T04:25:54.4684914Z #24 writing layer sha256:6973830c09c3da5aeeabb0c5638bc3617879816fd70de6af2625449f467f8ec0 2.6s done
2026-07-31T04:25:54.6980711Z #24 writing layer sha256:7090f4cc64dfe013b79ca3453fb62301f7a9c635d0e4a06e6a9440f794e0c421
2026-07-31T04:25:55.0247794Z #24 writing layer sha256:7090f4cc64dfe013b79ca3453fb62301f7a9c635d0e4a06e6a9440f794e0c421 0.5s done
2026-07-31T04:25:55.2532674Z #24 writing layer sha256:8527f9bfc4711c48d4dbc4c10ce21337bc93c0a305a5f9e116f754f5754ecbb0
2026-07-31T04:25:55.5920411Z #24 writing layer sha256:8527f9bfc4711c48d4dbc4c10ce21337bc93c0a305a5f9e116f754f5754ecbb0 0.5s done
2026-07-31T04:25:55.8211271Z #24 writing layer sha256:8e782b788f5dc97515127876fe0f833c7a7a3fbf397653ef3fb09a59f2224236
2026-07-31T04:25:59.9520482Z #24 writing layer sha256:8e782b788f5dc97515127876fe0f833c7a7a3fbf397653ef3fb09a59f2224236 4.3s done
2026-07-31T04:26:00.1818486Z #24 writing layer sha256:948b357afbe669fa316bfd167e3ff92d5e9320411b1dd5d4d02632715a010e2e
2026-07-31T04:26:00.5201787Z #24 writing layer sha256:948b357afbe669fa316bfd167e3ff92d5e9320411b1dd5d4d02632715a010e2e 0.5s done
2026-07-31T04:26:00.7503501Z #24 writing layer sha256:b220878a06ea9a9ae43a897d62729266d799f855fad880391e7d0eff88652c34
2026-07-31T04:26:01.9151381Z #24 writing layer sha256:b220878a06ea9a9ae43a897d62729266d799f855fad880391e7d0eff88652c34 1.3s done
2026-07-31T04:26:02.1474900Z #24 writing layer sha256:ca2678b20700c15185707964d9211b1a6406196114bf675f568b6025d37b3888
2026-07-31T04:26:05.5702352Z #24 writing layer sha256:ca2678b20700c15185707964d9211b1a6406196114bf675f568b6025d37b3888 3.6s done
2026-07-31T04:26:05.8004817Z #24 writing layer sha256:d0d9111d3fafd700e9cbc02249cbb85d82d47d986c77b9c81a91eeb17a141340
2026-07-31T04:26:05.9333430Z #24 writing layer sha256:d0d9111d3fafd700e9cbc02249cbb85d82d47d986c77b9c81a91eeb17a141340 0.3s done
2026-07-31T04:26:06.1624121Z #24 writing layer sha256:d4555ae6a451011811d13a9b24114d2a04d3a3afb7d428597812ff4bf18c8e45
2026-07-31T04:26:23.9671485Z #24 writing layer sha256:d4555ae6a451011811d13a9b24114d2a04d3a3afb7d428597812ff4bf18c8e45 18.0s done
2026-07-31T04:26:24.1975180Z #24 writing layer sha256:d7bad420de78a0c79aace1e1372b402b79da806a61ba7ca2acfc6d6837a65ee9
2026-07-31T04:26:25.1024869Z #24 writing layer sha256:d7bad420de78a0c79aace1e1372b402b79da806a61ba7ca2acfc6d6837a65ee9 1.1s done
2026-07-31T04:26:25.3334418Z #24 writing layer sha256:edf564afb68fae053e8536d2b24e46f40090b6653def00f8df93cc708160f699
2026-07-31T04:26:27.2725476Z #24 writing layer sha256:edf564afb68fae053e8536d2b24e46f40090b6653def00f8df93cc708160f699 2.1s done
2026-07-31T04:26:27.5036151Z #24 writing layer sha256:ee7e35e7457d996a96c449dc08233ca22868662fe48943c17b6b8b32372c1b1a
2026-07-31T04:26:34.3062741Z #24 writing layer sha256:ee7e35e7457d996a96c449dc08233ca22868662fe48943c17b6b8b32372c1b1a 7.0s done
2026-07-31T04:26:34.5355552Z #24 writing layer sha256:fbddd2304d5f58a0e9945d1c3c16276670147ea9b6f3db250e029a017f4a2420
2026-07-31T04:26:34.6590785Z #24 writing layer sha256:fbddd2304d5f58a0e9945d1c3c16276670147ea9b6f3db250e029a017f4a2420 0.3s done
2026-07-31T04:26:35.1066078Z #24 sending cache export 52.6s done
2026-07-31T04:26:35.1069918Z #24 DONE 54.9s
2026-07-31T04:26:35.1401705Z 
2026-07-31T04:26:35.1402226Z #25 resolving provenance for metadata file
2026-07-31T04:26:35.1402758Z #25 DONE 0.0s
2026-07-31T04:26:35.1498843Z ##[group]ImageID
2026-07-31T04:26:35.1499681Z sha256:0a871c03de89216c2a714462358e94b38be19c885525807d54929a1c69727e1e
2026-07-31T04:26:35.1501414Z ##[endgroup]
2026-07-31T04:26:35.1502278Z ##[group]Digest
2026-07-31T04:26:35.1503017Z sha256:0a871c03de89216c2a714462358e94b38be19c885525807d54929a1c69727e1e
2026-07-31T04:26:35.1504059Z ##[endgroup]
2026-07-31T04:26:35.1504647Z ##[group]Metadata
2026-07-31T04:26:35.1505098Z {
2026-07-31T04:26:35.1505415Z   "buildx.build.provenance": {
2026-07-31T04:26:35.1505828Z     "builder": {
2026-07-31T04:26:35.1506550Z       "id": "https://github.com/pkinerd/ednsv/actions/runs/30604060357/attempts/1"
2026-07-31T04:26:35.1507548Z     },
2026-07-31T04:26:35.1508001Z     "buildType": "https://mobyproject.org/buildkit@v1",
2026-07-31T04:26:35.1508474Z     "materials": [
2026-07-31T04:26:35.1508693Z       {
2026-07-31T04:26:35.1508931Z         "uri": "pkg:docker/docker/dockerfile@1.7",
2026-07-31T04:26:35.1509230Z         "digest": {
2026-07-31T04:26:35.1509591Z           "sha256": "a57df69d0ea827fb7266491f2813635de6f17269be881f696fbfdf2d83dda33e"
2026-07-31T04:26:35.1510079Z         }
2026-07-31T04:26:35.1510348Z       },
2026-07-31T04:26:35.1510615Z       {
2026-07-31T04:26:35.1511186Z         "uri": "pkg:docker/mcr.microsoft.com/dotnet/aspnet@10.0?platform=linux%2Famd64",
2026-07-31T04:26:35.1511990Z         "digest": {
2026-07-31T04:26:35.1512473Z           "sha256": "1fa23fc4872d95fd71c2833ebe65d7e84a43b2d51a31d119516852f13d9505a7"
2026-07-31T04:26:35.1512857Z         }
2026-07-31T04:26:35.1513024Z       },
2026-07-31T04:26:35.1513185Z       {
2026-07-31T04:26:35.1513483Z         "uri": "pkg:docker/mcr.microsoft.com/dotnet/sdk@10.0?platform=linux%2Famd64",
2026-07-31T04:26:35.1513873Z         "digest": {
2026-07-31T04:26:35.1514732Z           "sha256": "ed034a8bf0b24ded0cbbac07e17825d8e9ebfe21e308191d0f7421eaf5ad4664"
2026-07-31T04:26:35.1515395Z         }
2026-07-31T04:26:35.1515660Z       }
2026-07-31T04:26:35.1515920Z     ],
2026-07-31T04:26:35.1516197Z     "invocation": {
2026-07-31T04:26:35.1516524Z       "configSource": {
2026-07-31T04:26:35.1516927Z         "entryPoint": "Dockerfile"
2026-07-31T04:26:35.1519302Z       },
2026-07-31T04:26:35.1520604Z       "parameters": {
2026-07-31T04:26:35.1520973Z         "frontend": "gateway.v0",
2026-07-31T04:26:35.1521367Z         "args": {
2026-07-31T04:26:35.1522097Z           "build-arg:SOURCE_BRANCH": "main",
2026-07-31T04:26:35.1522592Z           "build-arg:SOURCE_COMMIT": "75bce7d33d242cef76a390d2dfb398e76b7fea2b",
2026-07-31T04:26:35.1523005Z           "build-arg:SOURCE_PR": "",
2026-07-31T04:26:35.1523280Z           "cmdline": "docker/dockerfile:1.7",
2026-07-31T04:26:35.1523648Z           "label:org.opencontainers.image.created": "2026-07-31T04:25:18.795Z",
2026-07-31T04:26:35.1524092Z           "label:org.opencontainers.image.description": "",
2026-07-31T04:26:35.1524466Z           "label:org.opencontainers.image.licenses": "",
2026-07-31T04:26:35.1524949Z           "label:org.opencontainers.image.revision": "75bce7d33d242cef76a390d2dfb398e76b7fea2b",
2026-07-31T04:26:35.1525581Z           "label:org.opencontainers.image.source": "https://github.com/pkinerd/ednsv",
2026-07-31T04:26:35.1526040Z           "label:org.opencontainers.image.title": "ednsv",
2026-07-31T04:26:35.1526467Z           "label:org.opencontainers.image.url": "https://github.com/pkinerd/ednsv",
2026-07-31T04:26:35.1526979Z           "label:org.opencontainers.image.version": "branch-main",
2026-07-31T04:26:35.1528745Z           "source": "docker/dockerfile:1.7"
2026-07-31T04:26:35.1529257Z         },
2026-07-31T04:26:35.1529587Z         "locals": [
2026-07-31T04:26:35.1529940Z           {
2026-07-31T04:26:35.1530277Z             "name": "context"
2026-07-31T04:26:35.1530684Z           },
2026-07-31T04:26:35.1531003Z           {
2026-07-31T04:26:35.1531351Z             "name": "dockerfile"
2026-07-31T04:26:35.1531787Z           }
2026-07-31T04:26:35.1532122Z         ],
2026-07-31T04:26:35.1532449Z         "root": {
2026-07-31T04:26:35.1532746Z           "configSource": {
2026-07-31T04:26:35.1532983Z             "path": "Dockerfile"
2026-07-31T04:26:35.1533210Z           },
2026-07-31T04:26:35.1533387Z           "request": {
2026-07-31T04:26:35.1533606Z             "args": {
2026-07-31T04:26:35.1533848Z               "build-arg:SOURCE_BRANCH": "main",
2026-07-31T04:26:35.1534242Z               "build-arg:SOURCE_COMMIT": "75bce7d33d242cef76a390d2dfb398e76b7fea2b",
2026-07-31T04:26:35.1534627Z               "build-arg:SOURCE_PR": "",
2026-07-31T04:26:35.1535020Z               "label:org.opencontainers.image.created": "2026-07-31T04:25:18.795Z",
2026-07-31T04:26:35.1535465Z               "label:org.opencontainers.image.description": "",
2026-07-31T04:26:35.1535839Z               "label:org.opencontainers.image.licenses": "",
2026-07-31T04:26:35.1536325Z               "label:org.opencontainers.image.revision": "75bce7d33d242cef76a390d2dfb398e76b7fea2b",
2026-07-31T04:26:35.1536919Z               "label:org.opencontainers.image.source": "https://github.com/pkinerd/ednsv",
2026-07-31T04:26:35.1537819Z               "label:org.opencontainers.image.title": "ednsv",
2026-07-31T04:26:35.1538376Z               "label:org.opencontainers.image.url": "https://github.com/pkinerd/ednsv",
2026-07-31T04:26:35.1538937Z               "label:org.opencontainers.image.version": "branch-main",
2026-07-31T04:26:35.1539334Z               "vcs:localdir:context": ".",
2026-07-31T04:26:35.1539631Z               "vcs:localdir:dockerfile": ".",
2026-07-31T04:26:35.1539999Z               "vcs:revision": "75bce7d33d242cef76a390d2dfb398e76b7fea2b",
2026-07-31T04:26:35.1540401Z               "vcs:source": "https://github.com/pkinerd/ednsv"
2026-07-31T04:26:35.1540738Z             }
2026-07-31T04:26:35.1540935Z           }
2026-07-31T04:26:35.1541106Z         },
2026-07-31T04:26:35.1541316Z         "compatibilityVersion": 30
2026-07-31T04:26:35.1541799Z       },
2026-07-31T04:26:35.1542004Z       "environment": {
2026-07-31T04:26:35.1542242Z         "github_actor": "pkinerd",
2026-07-31T04:26:35.1542503Z         "github_actor_id": "169779439",
2026-07-31T04:26:35.1542780Z         "github_event_name": "push",
2026-07-31T04:26:35.1543047Z         "github_event_payload": {
2026-07-31T04:26:35.1543421Z           "after": "75bce7d33d242cef76a390d2dfb398e76b7fea2b",
2026-07-31T04:26:35.1543780Z           "base_ref": null,
2026-07-31T04:26:35.1544246Z           "before": "5f0802beeb402503cc257d552100de7707ed3651",
2026-07-31T04:26:35.1544564Z           "commits": [
2026-07-31T04:26:35.1544772Z             {
2026-07-31T04:26:35.1544971Z               "author": {
2026-07-31T04:26:35.1545208Z                 "email": "noreply@anthropic.com",
2026-07-31T04:26:35.1545515Z                 "name": "Claude",
2026-07-31T04:26:35.1545763Z                 "username": "claude"
2026-07-31T04:26:35.1545986Z               },
2026-07-31T04:26:35.1546199Z               "committer": {
2026-07-31T04:26:35.1546454Z                 "email": "noreply@anthropic.com",
2026-07-31T04:26:35.1546732Z                 "name": "Claude",
2026-07-31T04:26:35.1546970Z                 "username": "claude"
2026-07-31T04:26:35.1547669Z               },
2026-07-31T04:26:35.1547904Z               "distinct": false,
2026-07-31T04:26:35.1548206Z               "id": "73bacb2ef8ae32123e9d802c7564596e28320b7c",
2026-07-31T04:26:35.1554289Z               "message": "Target net10.0 and move every package onto its current release\n\n.NET 8 reaches end of support on 10 November 2026, so the runtime had to move\nbefore then; .NET 10 is the LTS that replaces it, supported to November 2028.\n\nThe five project files retarget together, since a solution cannot straddle two\ntarget frameworks without multi-targeting every library. A global.json pins the\nSDK feature band so CI, a dev box and the container agree on which SDK builds\nthis, and the Dockerfile copies it in for the same reason — otherwise the image\nsilently builds on whatever band its base tag happens to ship.\n\nTwo package references are deleted rather than bumped. System.Text.Json was\npinned at 10.0.5 to pull a newer serializer than net8.0 carried; on net10.0 it\nis in the shared framework, where an explicit reference can only pin something\nolder than the runtime's own. Microsoft.Extensions.Logging.Console is likewise\npart of Microsoft.AspNetCore.App, so the console formatter run-web.sh selects is\navailable without it.\n\nThe .claude session-start hook installed dotnet-sdk-8.0 and gated on a version\nstarting \"8.\" — left alone, every Claude Code web session would come up with an\nSDK that cannot build the repository it was opened for.\n\nCo-Authored-By: Claude Opus 5 <noreply@anthropic.com>\nClaude-Session: https://claude.ai/code/session_016pbZnikthqk94Ai5MCCxbT",
2026-07-31T04:26:35.1559782Z               "timestamp": "2026-07-30T05:40:32Z",
2026-07-31T04:26:35.1560153Z               "tree_id": "2cd75da8a2d4b9ec9073fb073a855c929465690f",
2026-07-31T04:26:35.1560693Z               "url": "https://github.com/pkinerd/ednsv/commit/73bacb2ef8ae32123e9d802c7564596e28320b7c"
2026-07-31T04:26:35.1561162Z             },
2026-07-31T04:26:35.1561360Z             {
2026-07-31T04:26:35.1561544Z               "author": {
2026-07-31T04:26:35.1561802Z                 "email": "noreply@anthropic.com",
2026-07-31T04:26:35.1562079Z                 "name": "Claude",
2026-07-31T04:26:35.1562332Z                 "username": "claude"
2026-07-31T04:26:35.1562589Z               },
2026-07-31T04:26:35.1562800Z               "committer": {
2026-07-31T04:26:35.1563056Z                 "email": "noreply@anthropic.com",
2026-07-31T04:26:35.1563340Z                 "name": "Claude",
2026-07-31T04:26:35.1563584Z                 "username": "claude"
2026-07-31T04:26:35.1563808Z               },
2026-07-31T04:26:35.1564019Z               "distinct": false,
2026-07-31T04:26:35.1564312Z               "id": "03df1b2640d4d566eb5eee82b3df56f14eccf8cc",
2026-07-31T04:26:35.1571715Z               "message": "Move the CLI onto the released System.CommandLine API\n\nThe CLI was on 2.0.0-beta4, whose parser API was reshaped before 2.0 shipped.\nMost of the change is mechanical — AddAlias became Aliases, a default-value\nlambda became DefaultValueFactory, GetValueForOption became GetValue,\nFindResultFor became GetResult, and invocation now goes through the ParseResult\nrather than the command.\n\nOne part is not mechanical, and is why every one of the 31 declarations is\nrewritten rather than the six that failed to compile. Option<T> now takes a name\nfollowed by aliases, so `new Option<bool>(\"--axfr\", \"Enable zone transfer…\")`\nstill builds, but registers that whole sentence as an alias and leaves the\noption with no description. It is the one API break in this migration that the\ncompiler cannot see.\n\nSetHandler bound at most eight options as lambda parameters, so the remaining\ntwenty-odd were read by parsing args a second time inside the handler. SetAction\nreceives the ParseResult, so that second parse and the comment apologising for\nit are both gone and every option is now read the same way.\n\nVerified against the pre-upgrade binary: --help is byte-identical but for\nSpectre-independent cosmetics (System.CommandLine no longer prints \"[default:\nTrue]\" for a boolean flag, and orders --version after --help), all 36 option and\nalias spellings still parse, and a full run over example.com returns the same\n35 pass / 4 warning verdict across all 87 checks.\n\nCo-Authored-By: Claude Opus 5 <noreply@anthropic.com>\nClaude-Session: https://claude.ai/code/session_016pbZnikthqk94Ai5MCCxbT",
2026-07-31T04:26:35.1579014Z               "timestamp": "2026-07-30T05:40:45Z",
2026-07-31T04:26:35.1579351Z               "tree_id": "226e0b9061ea76e4618e2e1b343f3b016edaa726",
2026-07-31T04:26:35.1579848Z               "url": "https://github.com/pkinerd/ednsv/commit/03df1b2640d4d566eb5eee82b3df56f14eccf8cc"
2026-07-31T04:26:35.1580282Z             },
2026-07-31T04:26:35.1580466Z             {
2026-07-31T04:26:35.1580649Z               "author": {
2026-07-31T04:26:35.1580905Z                 "email": "noreply@anthropic.com",
2026-07-31T04:26:35.1581186Z                 "name": "Claude",
2026-07-31T04:26:35.1581419Z                 "username": "claude"
2026-07-31T04:26:35.1581649Z               },
2026-07-31T04:26:35.1581841Z               "committer": {
2026-07-31T04:26:35.1582079Z                 "email": "noreply@anthropic.com",
2026-07-31T04:26:35.1582348Z                 "name": "Claude",
2026-07-31T04:26:35.1582616Z                 "username": "claude"
2026-07-31T04:26:35.1582845Z               },
2026-07-31T04:26:35.1583033Z               "distinct": false,
2026-07-31T04:26:35.1583307Z               "id": "7a9464f2118c37da3feab54bd5941e8cbc90cb13",
2026-07-31T04:26:35.1589522Z               "message": "Carry the Swagger security requirement across the OpenAPI 2.x break\n\nSwashbuckle 10 is the first release that runs on .NET 10, and it brings\nMicrosoft.OpenApi 2.x, which moved the model types out of the .Models namespace\nand removed OpenApiSecurityScheme.Reference. A reference to a named scheme is\nnow its own type, and AddSecurityRequirement takes a factory so the reference\nhas a document to resolve against.\n\nThe failure mode if this is got wrong is quiet: inlining a fresh scheme instead\nof referencing the registered \"Bearer\" definition compiles and produces a\ndocument that still validates, but Swagger UI stops attaching the Authorization\nheader and every \"Try it out\" comes back 401. Checked by diffing the generated\ndocument against the pre-upgrade build — same 23 paths, same operations, same\nschemas, and the global security block still reads [{\"Bearer\": []}]. The only\nchange is the emitted spec revision, 3.0.1 to 3.0.4.\n\nAddEndpointsApiExplorer stays. It is redundant for ASP.NET Core's own AddOpenApi\nfrom .NET 9 on, but Swashbuckle's generator is built on ApiExplorer, and dropping\nit leaves SwaggerGenerator with no constructible dependency — the container fails\nvalidation at startup and every endpoint goes down with it.\n\nCo-Authored-By: Claude Opus 5 <noreply@anthropic.com>\nClaude-Session: https://claude.ai/code/session_016pbZnikthqk94Ai5MCCxbT",
2026-07-31T04:26:35.1597755Z               "timestamp": "2026-07-30T05:41:01Z",
2026-07-31T04:26:35.1598346Z               "tree_id": "8973f626e3e3d41d250f0118acfcedc8636b707a",
2026-07-31T04:26:35.1599250Z               "url": "https://github.com/pkinerd/ednsv/commit/7a9464f2118c37da3feab54bd5941e8cbc90cb13"
2026-07-31T04:26:35.1600294Z             },
2026-07-31T04:26:35.1600603Z             {
2026-07-31T04:26:35.1600915Z               "author": {
2026-07-31T04:26:35.1601330Z                 "email": "noreply@anthropic.com",
2026-07-31T04:26:35.1601816Z                 "name": "Claude",
2026-07-31T04:26:35.1602232Z                 "username": "claude"
2026-07-31T04:26:35.1602639Z               },
2026-07-31T04:26:35.1602970Z               "committer": {
2026-07-31T04:26:35.1603406Z                 "email": "noreply@anthropic.com",
2026-07-31T04:26:35.1603885Z                 "name": "Claude",
2026-07-31T04:26:35.1604295Z                 "username": "claude"
2026-07-31T04:26:35.1604708Z               },
2026-07-31T04:26:35.1605042Z               "distinct": false,
2026-07-31T04:26:35.1605526Z               "id": "03c71c8a26e08dc1ef8db08716327142f4b0dd28",
2026-07-31T04:26:35.1613168Z               "message": "Disambiguate the call sites Redis 3.x and the xUnit analyzer flagged\n\nStackExchange.Redis 3.0 is an IO-core rewrite that keeps the API, but two new\noverloads change what an existing call binds to. A three-argument StringSetAsync\nnow resolves to the overload taking the library's own Expiration type, which has\nno conversion from TimeSpan?, and RedisValue converts implicitly to both string\nand a byte span, leaving JsonSerializer.Deserialize ambiguous. Both are pinned\nback to what they resolved to before — When.Always was the old default, and the\nstring overload is what the JSON payload was already going through.\n\nThe two Assert.Single calls are the xUnit 2.9 analyzer's point: filtering with\nWhere first means a failure reports \"the sequence had 2 elements\" instead of\nnaming the predicate that did not match once.\n\nCo-Authored-By: Claude Opus 5 <noreply@anthropic.com>\nClaude-Session: https://claude.ai/code/session_016pbZnikthqk94Ai5MCCxbT",
2026-07-31T04:26:35.1619284Z               "timestamp": "2026-07-30T05:41:01Z",
2026-07-31T04:26:35.1619909Z               "tree_id": "5d420396e1fd0f0590efa90080bb60f512c75b44",
2026-07-31T04:26:35.1620780Z               "url": "https://github.com/pkinerd/ednsv/commit/03c71c8a26e08dc1ef8db08716327142f4b0dd28"
2026-07-31T04:26:35.1621528Z             },
2026-07-31T04:26:35.1621821Z             {
2026-07-31T04:26:35.1622131Z               "author": {
2026-07-31T04:26:35.1622541Z                 "email": "noreply@anthropic.com",
2026-07-31T04:26:35.1623018Z                 "name": "Claude",
2026-07-31T04:26:35.1623424Z                 "username": "claude"
2026-07-31T04:26:35.1623811Z               },
2026-07-31T04:26:35.1624112Z               "committer": {
2026-07-31T04:26:35.1624500Z                 "email": "noreply@anthropic.com",
2026-07-31T04:26:35.1624943Z                 "name": "Claude",
2026-07-31T04:26:35.1625328Z                 "username": "claude"
2026-07-31T04:26:35.1625726Z               },
2026-07-31T04:26:35.1626047Z               "distinct": false,
2026-07-31T04:26:35.1626519Z               "id": "c26f279576161c5df45c8e880a1b05ff19e6a6b0",
2026-07-31T04:26:35.1632513Z               "message": "Load certificates through the APIs that replaced the obsolete constructor\n\nX509Certificate2(byte[]) is obsolete from .NET 9: it sniffed the encoding, and\nguessing at a certificate's format from its bytes is what the replacement APIs\nexist to stop. The three SMTP call sites all hold DER — RawData, or base64 of\nit, read back out of the probe cache — so they take X509CertificateLoader.\n\nThe BIMI one does not. It holds the text of a PEM block, which the loader does\nnot read, so it takes CreateFromPem instead. Sending those bytes to the loader\nwould have compiled and then failed on every VMC.\n\nCo-Authored-By: Claude Opus 5 <noreply@anthropic.com>\nClaude-Session: https://claude.ai/code/session_016pbZnikthqk94Ai5MCCxbT",
2026-07-31T04:26:35.1638806Z               "timestamp": "2026-07-30T05:41:14Z",
2026-07-31T04:26:35.1639370Z               "tree_id": "8a4dd536c070f9642c49966a8865f81252ab373d",
2026-07-31T04:26:35.1640074Z               "url": "https://github.com/pkinerd/ednsv/commit/c26f279576161c5df45c8e880a1b05ff19e6a6b0"
2026-07-31T04:26:35.1640771Z             },
2026-07-31T04:26:35.1640955Z             {
2026-07-31T04:26:35.1641142Z               "author": {
2026-07-31T04:26:35.1641408Z                 "email": "noreply@anthropic.com",
2026-07-31T04:26:35.1641691Z                 "name": "Claude",
2026-07-31T04:26:35.1641925Z                 "username": "claude"
2026-07-31T04:26:35.1642154Z               },
2026-07-31T04:26:35.1642341Z               "committer": {
2026-07-31T04:26:35.1642589Z                 "email": "noreply@anthropic.com",
2026-07-31T04:26:35.1642859Z                 "name": "Claude",
2026-07-31T04:26:35.1643084Z                 "username": "claude"
2026-07-31T04:26:35.1643339Z               },
2026-07-31T04:26:35.1643527Z               "distinct": false,
2026-07-31T04:26:35.1643803Z               "id": "7f5444cf1951552f3aa769a0e9c5e565630439ab",
2026-07-31T04:26:35.1647857Z               "message": "Update the docs and the one comment the runtime bump made untrue\n\nThe version table in the architecture doc listed pinned package versions, so it\ngoes stale with the upgrade rather than merely reading oddly; StackExchange.Redis\nwas missing from it and is added while the table is being corrected.\n\nProbeCache's key index was explained as a workaround for MemoryCache not being\nenumerable on .NET 8, and both the comment and the caching doc said so.\nMemoryCache has exposed Keys since .NET 9, so that reason has expired — but the\nindex is not removable, because republishing an entry into the shared tier needs\nthe expiry it is holding and Keys yields keys alone. Both places now say what\nactually keeps it there.\n\nCo-Authored-By: Claude Opus 5 <noreply@anthropic.com>\nClaude-Session: https://claude.ai/code/session_016pbZnikthqk94Ai5MCCxbT",
2026-07-31T04:26:35.1650883Z               "timestamp": "2026-07-30T05:41:14Z",
2026-07-31T04:26:35.1651219Z               "tree_id": "880a0c4504c4ecff4d5fd3456ae9fbcd18254f25",
2026-07-31T04:26:35.1651743Z               "url": "https://github.com/pkinerd/ednsv/commit/7f5444cf1951552f3aa769a0e9c5e565630439ab"
2026-07-31T04:26:35.1652181Z             },
2026-07-31T04:26:35.1652356Z             {
2026-07-31T04:26:35.1652537Z               "author": {
2026-07-31T04:26:35.1652775Z                 "email": "noreply@anthropic.com",
2026-07-31T04:26:35.1653049Z                 "name": "Claude",
2026-07-31T04:26:35.1653283Z                 "username": "claude"
2026-07-31T04:26:35.1653510Z               },
2026-07-31T04:26:35.1653702Z               "committer": {
2026-07-31T04:26:35.1653943Z                 "email": "noreply@anthropic.com",
2026-07-31T04:26:35.1654209Z                 "name": "Claude",
2026-07-31T04:26:35.1654440Z                 "username": "claude"
2026-07-31T04:26:35.1654663Z               },
2026-07-31T04:26:35.1654848Z               "distinct": false,
2026-07-31T04:26:35.1655122Z               "id": "fe15866e031609bd970c2266799ab8e98dd21c18",
2026-07-31T04:26:35.1661418Z               "message": "Give a session the setup and the context it needs to work here\n\nThe session-start hook installed the SDK and stopped, which left the Redis-backed\ntests self-skipping in every web session — 52 of them on this commit, all logging\nthat they skipped, all counted as a pass. That is the same silent hole the CI\nworkflow grew a service container to close, so the hook now provisions a server\non 6380 the same way. It stays best-effort: running without Redis is supported,\nso nothing here may fail a session opened only to read code.\n\nThe SDK check is left keyed on \"10.\" rather than made into a comparison, because\nwith global.json pinning the band an older SDK makes `dotnet --version` fail\nrather than report an older number — a .NET 8 box therefore takes the install\npath exactly as an empty one does. That is worth a comment, since it looks like\na bug otherwise.\n\nCLAUDE.md is new. It carries the things this repository will not tell you until\nthey have already cost you an hour: that a bare `dotnet test` under-reports, that\nthe web service deliberately refuses to start network-exposed without auth, that\nSpectre.Console renders nothing when stdout is not a terminal, that CI parses\nthe CLI's summary table with a regex, and that images carry provenance rather\nthan versions. Architecture stays in docs/ where it was.\n\nCo-Authored-By: Claude Opus 5 <noreply@anthropic.com>\nClaude-Session: https://claude.ai/code/session_016pbZnikthqk94Ai5MCCxbT",
2026-07-31T04:26:35.1666655Z               "timestamp": "2026-07-30T05:48:45Z",
2026-07-31T04:26:35.1666987Z               "tree_id": "63058478f96f1d3ac9ea0628da1adda6752fb177",
2026-07-31T04:26:35.1667769Z               "url": "https://github.com/pkinerd/ednsv/commit/fe15866e031609bd970c2266799ab8e98dd21c18"
2026-07-31T04:26:35.1668205Z             },
2026-07-31T04:26:35.1668381Z             {
2026-07-31T04:26:35.1668557Z               "author": {
2026-07-31T04:26:35.1668833Z                 "email": "169779439+pkinerd@users.noreply.github.com",
2026-07-31T04:26:35.1669154Z                 "name": "pkinerd",
2026-07-31T04:26:35.1669405Z                 "username": "pkinerd"
2026-07-31T04:26:35.1669633Z               },
2026-07-31T04:26:35.1669819Z               "committer": {
2026-07-31T04:26:35.1670054Z                 "email": "noreply@github.com",
2026-07-31T04:26:35.1670319Z                 "name": "GitHub",
2026-07-31T04:26:35.1670554Z                 "username": "web-flow"
2026-07-31T04:26:35.1670785Z               },
2026-07-31T04:26:35.1670969Z               "distinct": true,
2026-07-31T04:26:35.1671238Z               "id": "75bce7d33d242cef76a390d2dfb398e76b7fea2b",
2026-07-31T04:26:35.1671768Z               "message": "Merge pull request #31 from pkinerd/claude/dotnet-upgrade-fbswqw\n\nUpgrade to .NET 10 LTS",
2026-07-31T04:26:35.1672278Z               "timestamp": "2026-07-31T14:24:06+10:00",
2026-07-31T04:26:35.1672605Z               "tree_id": "63058478f96f1d3ac9ea0628da1adda6752fb177",
2026-07-31T04:26:35.1673094Z               "url": "https://github.com/pkinerd/ednsv/commit/75bce7d33d242cef76a390d2dfb398e76b7fea2b"
2026-07-31T04:26:35.1673525Z             }
2026-07-31T04:26:35.1673701Z           ],
2026-07-31T04:26:35.1674030Z           "compare": "https://github.com/pkinerd/ednsv/compare/5f0802beeb40...75bce7d33d24",
2026-07-31T04:26:35.1674439Z           "created": false,
2026-07-31T04:26:35.1674656Z           "deleted": false,
2026-07-31T04:26:35.1674870Z           "forced": false,
2026-07-31T04:26:35.1675078Z           "head_commit": {
2026-07-31T04:26:35.1675284Z             "author": {
2026-07-31T04:26:35.1675553Z               "email": "169779439+pkinerd@users.noreply.github.com",
2026-07-31T04:26:35.1675869Z               "name": "pkinerd",
2026-07-31T04:26:35.1676103Z               "username": "pkinerd"
2026-07-31T04:26:35.1676331Z             },
2026-07-31T04:26:35.1676512Z             "committer": {
2026-07-31T04:26:35.1676804Z               "email": "noreply@github.com",
2026-07-31T04:26:35.1677278Z               "name": "GitHub",
2026-07-31T04:26:35.1677545Z               "username": "web-flow"
2026-07-31T04:26:35.1677777Z             },
2026-07-31T04:26:35.1677963Z             "distinct": true,
2026-07-31T04:26:35.1678227Z             "id": "75bce7d33d242cef76a390d2dfb398e76b7fea2b",
2026-07-31T04:26:35.1678744Z             "message": "Merge pull request #31 from pkinerd/claude/dotnet-upgrade-fbswqw\n\nUpgrade to .NET 10 LTS",
2026-07-31T04:26:35.1679249Z             "timestamp": "2026-07-31T14:24:06+10:00",
2026-07-31T04:26:35.1679823Z             "tree_id": "63058478f96f1d3ac9ea0628da1adda6752fb177",
2026-07-31T04:26:35.1680321Z             "url": "https://github.com/pkinerd/ednsv/commit/75bce7d33d242cef76a390d2dfb398e76b7fea2b"
2026-07-31T04:26:35.1680751Z           },
2026-07-31T04:26:35.1680923Z           "pusher": {
2026-07-31T04:26:35.1681181Z             "email": "169779439+pkinerd@users.noreply.github.com",
2026-07-31T04:26:35.1681499Z             "name": "pkinerd"
2026-07-31T04:26:35.1681700Z           },
2026-07-31T04:26:35.1681882Z           "ref": "refs/heads/main",
2026-07-31T04:26:35.1682249Z           "repository": {
2026-07-31T04:26:35.1682468Z             "allow_forking": true,
2026-07-31T04:26:35.1682849Z             "archive_url": "https://api.github.com/repos/pkinerd/ednsv/{archive_format}{/ref}",
2026-07-31T04:26:35.1683267Z             "archived": false,
2026-07-31T04:26:35.1683625Z             "assignees_url": "https://api.github.com/repos/pkinerd/ednsv/assignees{/user}",
2026-07-31T04:26:35.1684138Z             "blobs_url": "https://api.github.com/repos/pkinerd/ednsv/git/blobs{/sha}",
2026-07-31T04:26:35.1684644Z             "branches_url": "https://api.github.com/repos/pkinerd/ednsv/branches{/branch}",
2026-07-31T04:26:35.1685086Z             "clone_url": "https://github.com/pkinerd/ednsv.git",
2026-07-31T04:26:35.1685590Z             "collaborators_url": "https://api.github.com/repos/pkinerd/ednsv/collaborators{/collaborator}",
2026-07-31T04:26:35.1686179Z             "comments_url": "https://api.github.com/repos/pkinerd/ednsv/comments{/number}",
2026-07-31T04:26:35.1686689Z             "commits_url": "https://api.github.com/repos/pkinerd/ednsv/commits{/sha}",
2026-07-31T04:26:35.1687492Z             "compare_url": "https://api.github.com/repos/pkinerd/ednsv/compare/{base}...{head}",
2026-07-31T04:26:35.1688052Z             "contents_url": "https://api.github.com/repos/pkinerd/ednsv/contents/{+path}",
2026-07-31T04:26:35.1688579Z             "contributors_url": "https://api.github.com/repos/pkinerd/ednsv/contributors",
2026-07-31T04:26:35.1688983Z             "created_at": 1774905880,
2026-07-31T04:26:35.1689231Z             "default_branch": "main",
2026-07-31T04:26:35.1689603Z             "deployments_url": "https://api.github.com/repos/pkinerd/ednsv/deployments",
2026-07-31T04:26:35.1689997Z             "description": null,
2026-07-31T04:26:35.1690228Z             "disabled": false,
2026-07-31T04:26:35.1690574Z             "downloads_url": "https://api.github.com/repos/pkinerd/ednsv/downloads",
2026-07-31T04:26:35.1691051Z             "events_url": "https://api.github.com/repos/pkinerd/ednsv/events",
2026-07-31T04:26:35.1691414Z             "fork": false,
2026-07-31T04:26:35.1691628Z             "forks": 0,
2026-07-31T04:26:35.1691835Z             "forks_count": 0,
2026-07-31T04:26:35.1692148Z             "forks_url": "https://api.github.com/repos/pkinerd/ednsv/forks",
2026-07-31T04:26:35.1692507Z             "full_name": "pkinerd/ednsv",
2026-07-31T04:26:35.1692922Z             "git_commits_url": "https://api.github.com/repos/pkinerd/ednsv/git/commits{/sha}",
2026-07-31T04:26:35.1693453Z             "git_refs_url": "https://api.github.com/repos/pkinerd/ednsv/git/refs{/sha}",
2026-07-31T04:26:35.1693947Z             "git_tags_url": "https://api.github.com/repos/pkinerd/ednsv/git/tags{/sha}",
2026-07-31T04:26:35.1694366Z             "git_url": "git://github.com/pkinerd/ednsv.git",
2026-07-31T04:26:35.1694669Z             "has_discussions": false,
2026-07-31T04:26:35.1694920Z             "has_downloads": true,
2026-07-31T04:26:35.1695177Z             "has_issues": true,
2026-07-31T04:26:35.1695408Z             "has_pages": false,
2026-07-31T04:26:35.1695635Z             "has_projects": true,
2026-07-31T04:26:35.1695877Z             "has_pull_requests": true,
2026-07-31T04:26:35.1696122Z             "has_wiki": true,
2026-07-31T04:26:35.1696342Z             "homepage": null,
2026-07-31T04:26:35.1696655Z             "hooks_url": "https://api.github.com/repos/pkinerd/ednsv/hooks",
2026-07-31T04:26:35.1697445Z             "html_url": "https://github.com/pkinerd/ednsv",
2026-07-31T04:26:35.1697966Z             "id": 1196602452,
2026-07-31T04:26:35.1698309Z             "is_template": false,
2026-07-31T04:26:35.1698735Z             "issue_comment_url": "https://api.github.com/repos/pkinerd/ednsv/issues/comments{/number}",
2026-07-31T04:26:35.1699453Z             "issue_events_url": "https://api.github.com/repos/pkinerd/ednsv/issues/events{/number}",
2026-07-31T04:26:35.1700103Z             "issues_url": "https://api.github.com/repos/pkinerd/ednsv/issues{/number}",
2026-07-31T04:26:35.1701215Z             "keys_url": "https://api.github.com/repos/pkinerd/ednsv/keys{/key_id}",
2026-07-31T04:26:35.1701808Z             "labels_url": "https://api.github.com/repos/pkinerd/ednsv/labels{/name}",
2026-07-31T04:26:35.1702311Z             "language": "C#",
2026-07-31T04:26:35.1715487Z             "languages_url": "https://api.github.com/repos/pkinerd/ednsv/languages",
2026-07-31T04:26:35.1716008Z             "license": null,
2026-07-31T04:26:35.1716275Z             "master_branch": "main",
2026-07-31T04:26:35.1716641Z             "merges_url": "https://api.github.com/repos/pkinerd/ednsv/merges",
2026-07-31T04:26:35.1717528Z             "milestones_url": "https://api.github.com/repos/pkinerd/ednsv/milestones{/number}",
2026-07-31T04:26:35.1717996Z             "mirror_url": null,
2026-07-31T04:26:35.1718239Z             "name": "ednsv",
2026-07-31T04:26:35.1718485Z             "node_id": "R_kgDOR1K0VA",
2026-07-31T04:26:35.1719018Z             "notifications_url": "https://api.github.com/repos/pkinerd/ednsv/notifications{?since,all,participating}",
2026-07-31T04:26:35.1719545Z             "open_issues": 0,
2026-07-31T04:26:35.1719784Z             "open_issues_count": 0,
2026-07-31T04:26:35.1720024Z             "owner": {
2026-07-31T04:26:35.1720356Z               "avatar_url": "https://avatars.githubusercontent.com/u/169779439?v=4",
2026-07-31T04:26:35.1720804Z               "email": "169779439+pkinerd@users.noreply.github.com",
2026-07-31T04:26:35.1721239Z               "events_url": "https://api.github.com/users/pkinerd/events{/privacy}",
2026-07-31T04:26:35.1721709Z               "followers_url": "https://api.github.com/users/pkinerd/followers",
2026-07-31T04:26:35.1722210Z               "following_url": "https://api.github.com/users/pkinerd/following{/other_user}",
2026-07-31T04:26:35.1722708Z               "gists_url": "https://api.github.com/users/pkinerd/gists{/gist_id}",
2026-07-31T04:26:35.1723072Z               "gravatar_id": "",
2026-07-31T04:26:35.1723342Z               "html_url": "https://github.com/pkinerd",
2026-07-31T04:26:35.1723637Z               "id": 169779439,
2026-07-31T04:26:35.1723870Z               "login": "pkinerd",
2026-07-31T04:26:35.1724107Z               "name": "pkinerd",
2026-07-31T04:26:35.1724344Z               "node_id": "U_kgDOCh6g7w",
2026-07-31T04:26:35.1724702Z               "organizations_url": "https://api.github.com/users/pkinerd/orgs",
2026-07-31T04:26:35.1725203Z               "received_events_url": "https://api.github.com/users/pkinerd/received_events",
2026-07-31T04:26:35.1725672Z               "repos_url": "https://api.github.com/users/pkinerd/repos",
2026-07-31T04:26:35.1726006Z               "site_admin": false,
2026-07-31T04:26:35.1726383Z               "starred_url": "https://api.github.com/users/pkinerd/starred{/owner}{/repo}",
2026-07-31T04:26:35.1726907Z               "subscriptions_url": "https://api.github.com/users/pkinerd/subscriptions",
2026-07-31T04:26:35.1727714Z               "type": "User",
2026-07-31T04:26:35.1728180Z               "url": "https://api.github.com/users/pkinerd",
2026-07-31T04:26:35.1728532Z               "user_view_type": "public"
2026-07-31T04:26:35.1728780Z             },
2026-07-31T04:26:35.1728977Z             "private": false,
2026-07-31T04:26:35.1729235Z             "pull_request_creation_policy": "all",
2026-07-31T04:26:35.1729638Z             "pulls_url": "https://api.github.com/repos/pkinerd/ednsv/pulls{/number}",
2026-07-31T04:26:35.1730027Z             "pushed_at": 1785471846,
2026-07-31T04:26:35.1730669Z             "releases_url": "https://api.github.com/repos/pkinerd/ednsv/releases{/id}",
2026-07-31T04:26:35.1731066Z             "size": 46998,
2026-07-31T04:26:35.1731327Z             "ssh_url": "git@github.com:pkinerd/ednsv.git",
2026-07-31T04:26:35.1731633Z             "stargazers": 0,
2026-07-31T04:26:35.1731860Z             "stargazers_count": 0,
2026-07-31T04:26:35.1732219Z             "stargazers_url": "https://api.github.com/repos/pkinerd/ednsv/stargazers",
2026-07-31T04:26:35.1732858Z             "statuses_url": "https://api.github.com/repos/pkinerd/ednsv/statuses/{sha}",
2026-07-31T04:26:35.1733371Z             "subscribers_url": "https://api.github.com/repos/pkinerd/ednsv/subscribers",
2026-07-31T04:26:35.1733890Z             "subscription_url": "https://api.github.com/repos/pkinerd/ednsv/subscription",
2026-07-31T04:26:35.1734331Z             "svn_url": "https://github.com/pkinerd/ednsv",
2026-07-31T04:26:35.1734702Z             "tags_url": "https://api.github.com/repos/pkinerd/ednsv/tags",
2026-07-31T04:26:35.1735134Z             "teams_url": "https://api.github.com/repos/pkinerd/ednsv/teams",
2026-07-31T04:26:35.1735485Z             "topics": [],
2026-07-31T04:26:35.1735815Z             "trees_url": "https://api.github.com/repos/pkinerd/ednsv/git/trees{/sha}",
2026-07-31T04:26:35.1736208Z             "updated_at": "2026-07-29T03:29:56Z",
2026-07-31T04:26:35.1736530Z             "url": "https://api.github.com/repos/pkinerd/ednsv",
2026-07-31T04:26:35.1736851Z             "visibility": "public",
2026-07-31T04:26:35.1737373Z             "watchers": 0,
2026-07-31T04:26:35.1737621Z             "watchers_count": 0,
2026-07-31T04:26:35.1737879Z             "web_commit_signoff_required": false
2026-07-31T04:26:35.1738143Z           },
2026-07-31T04:26:35.1738321Z           "sender": {
2026-07-31T04:26:35.1738649Z             "avatar_url": "https://avatars.githubusercontent.com/u/169779439?v=4",
2026-07-31T04:26:35.1739136Z             "events_url": "https://api.github.com/users/pkinerd/events{/privacy}",
2026-07-31T04:26:35.1739602Z             "followers_url": "https://api.github.com/users/pkinerd/followers",
2026-07-31T04:26:35.1740096Z             "following_url": "https://api.github.com/users/pkinerd/following{/other_user}",
2026-07-31T04:26:35.1740589Z             "gists_url": "https://api.github.com/users/pkinerd/gists{/gist_id}",
2026-07-31T04:26:35.1740945Z             "gravatar_id": "",
2026-07-31T04:26:35.1741207Z             "html_url": "https://github.com/pkinerd",
2026-07-31T04:26:35.1741490Z             "id": 169779439,
2026-07-31T04:26:35.1741709Z             "login": "pkinerd",
2026-07-31T04:26:35.1741947Z             "node_id": "U_kgDOCh6g7w",
2026-07-31T04:26:35.1742294Z             "organizations_url": "https://api.github.com/users/pkinerd/orgs",
2026-07-31T04:26:35.1742779Z             "received_events_url": "https://api.github.com/users/pkinerd/received_events",
2026-07-31T04:26:35.1743242Z             "repos_url": "https://api.github.com/users/pkinerd/repos",
2026-07-31T04:26:35.1743574Z             "site_admin": false,
2026-07-31T04:26:35.1743932Z             "starred_url": "https://api.github.com/users/pkinerd/starred{/owner}{/repo}",
2026-07-31T04:26:35.1744442Z             "subscriptions_url": "https://api.github.com/users/pkinerd/subscriptions",
2026-07-31T04:26:35.1744829Z             "type": "User",
2026-07-31T04:26:35.1745102Z             "url": "https://api.github.com/users/pkinerd",
2026-07-31T04:26:35.1745397Z             "user_view_type": "public"
2026-07-31T04:26:35.1745638Z           }
2026-07-31T04:26:35.1745815Z         },
2026-07-31T04:26:35.1745998Z         "github_job": "docker",
2026-07-31T04:26:35.1746238Z         "github_ref": "refs/heads/main",
2026-07-31T04:26:35.1746499Z         "github_ref_name": "main",
2026-07-31T04:26:35.1746744Z         "github_ref_protected": "false",
2026-07-31T04:26:35.1746999Z         "github_ref_type": "branch",
2026-07-31T04:26:35.1747517Z         "github_repository": "pkinerd/ednsv",
2026-07-31T04:26:35.1747962Z         "github_repository_id": "1196602452",
2026-07-31T04:26:35.1748244Z         "github_repository_owner": "pkinerd",
2026-07-31T04:26:35.1748531Z         "github_repository_owner_id": "169779439",
2026-07-31T04:26:35.1748812Z         "github_run_attempt": "1",
2026-07-31T04:26:35.1749054Z         "github_run_id": "30604060357",
2026-07-31T04:26:35.1749303Z         "github_run_number": "248",
2026-07-31T04:26:35.1749543Z         "github_runner_arch": "X64",
2026-07-31T04:26:35.1749822Z         "github_runner_environment": "github-hosted",
2026-07-31T04:26:35.1750294Z         "github_runner_image_os": "ubuntu24",
2026-07-31T04:26:35.1750589Z         "github_runner_image_version": "20260720.247.2",
2026-07-31T04:26:35.1750914Z         "github_runner_name": "GitHub Actions 1000002302",
2026-07-31T04:26:35.1751229Z         "github_runner_os": "Linux",
2026-07-31T04:26:35.1751601Z         "github_runner_tracking_id": "github_b46f010d-706d-46be-8378-56b13cd1ee09",
2026-07-31T04:26:35.1752037Z         "github_server_url": "https://github.com",
2026-07-31T04:26:35.1752341Z         "github_triggering_actor": "pkinerd",
2026-07-31T04:26:35.1752610Z         "github_workflow": "CI",
2026-07-31T04:26:35.1752974Z         "github_workflow_ref": "pkinerd/ednsv/.github/workflows/ci.yml@refs/heads/main",
2026-07-31T04:26:35.1753458Z         "github_workflow_sha": "75bce7d33d242cef76a390d2dfb398e76b7fea2b",
2026-07-31T04:26:35.1753811Z         "platform": "linux/amd64"
2026-07-31T04:26:35.1754036Z       }
2026-07-31T04:26:35.1754198Z     }
2026-07-31T04:26:35.1754363Z   },
2026-07-31T04:26:35.1754908Z   "buildx.build.ref": "builder-c1ae3fed-7356-47a2-9d47-d0d9c80c2462/builder-c1ae3fed-7356-47a2-9d47-d0d9c80c24620/jvkt397qge0t0ycdjstvutg75",
2026-07-31T04:26:35.1755555Z   "containerimage.descriptor": {
2026-07-31T04:26:35.1755864Z     "mediaType": "application/vnd.oci.image.index.v1+json",
2026-07-31T04:26:35.1756320Z     "digest": "sha256:0a871c03de89216c2a714462358e94b38be19c885525807d54929a1c69727e1e",
2026-07-31T04:26:35.1756715Z     "size": 856
2026-07-31T04:26:35.1756896Z   },
2026-07-31T04:26:35.1757574Z   "containerimage.digest": "sha256:0a871c03de89216c2a714462358e94b38be19c885525807d54929a1c69727e1e",
2026-07-31T04:26:35.1758419Z   "image.name": "ghcr.io/pkinerd/ednsv:branch-main,ghcr.io/pkinerd/ednsv:latest,ghcr.io/pkinerd/ednsv:latest-any,ghcr.io/pkinerd/ednsv:sha-75bce7d"
2026-07-31T04:26:35.1759038Z }
2026-07-31T04:26:35.1759433Z ##[endgroup]
2026-07-31T04:26:35.1759784Z ##[group]Reference
2026-07-31T04:26:35.1760310Z builder-c1ae3fed-7356-47a2-9d47-d0d9c80c2462/builder-c1ae3fed-7356-47a2-9d47-d0d9c80c24620/jvkt397qge0t0ycdjstvutg75
2026-07-31T04:26:35.1760979Z ##[endgroup]
2026-07-31T04:26:35.1761300Z ##[group]Check build summary support
2026-07-31T04:26:35.1761681Z Build summary supported!
2026-07-31T04:26:35.1762020Z ##[endgroup]
2026-07-31T04:26:35.1862646Z Node 20 is being deprecated. This workflow is running with Node 24 by default. If you need to temporarily use Node 20, you can set the ACTIONS_ALLOW_USE_UNSECURE_NODE_VERSION=true environment variable. For more information see: https://github.blog/changelog/2025-09-19-deprecation-of-node-20-on-github-actions-runners/
2026-07-31T04:26:35.1863930Z Post job cleanup.
2026-07-31T04:26:35.4481796Z ##[group]Generating build summary
2026-07-31T04:26:35.4486900Z exporting build record to /home/runner/work/_temp/docker-actions-toolkit-4zi4KQ/export
2026-07-31T04:26:35.4502232Z (node:3342) [DEP0040] DeprecationWarning: The `punycode` module is deprecated. Please use a userland alternative instead.
2026-07-31T04:26:35.4503291Z (Use `node --trace-deprecation ...` to show where the warning was created)
2026-07-31T04:26:35.6558836Z [command]/usr/bin/docker buildx history export --builder builder-c1ae3fed-7356-47a2-9d47-d0d9c80c2462 --output /home/runner/work/_temp/docker-actions-toolkit-4zi4KQ/export/pkinerd~ednsv~JVKT39.dockerbuild jvkt397qge0t0ycdjstvutg75 --finalize
2026-07-31T04:26:35.9947546Z Build record written to /home/runner/work/_temp/docker-actions-toolkit-4zi4KQ/export/pkinerd~ednsv~JVKT39.dockerbuild (74.02 KB)
2026-07-31T04:26:35.9980718Z Uploading pkinerd~ednsv~JVKT39.dockerbuild to blob storage
2026-07-31T04:26:36.3065726Z Beginning upload of artifact content to blob storage
2026-07-31T04:26:36.3157731Z (node:3342) [DEP0169] DeprecationWarning: `url.parse()` behavior is not standardized and prone to errors that have security implications. Use the WHATWG URL API instead. CVEs are not issued for `url.parse()` vulnerabilities.
2026-07-31T04:26:36.3167673Z Uploaded bytes 65536
2026-07-31T04:26:36.3180932Z Uploaded bytes 75797
2026-07-31T04:26:36.7466915Z Finished uploading artifact content to blob storage!
2026-07-31T04:26:36.7472212Z SHA256 hash of uploaded artifact is b8fff44e2eb23f1825e7bb77aae08108d43f0b5156dbc9f8412d7b945102d686
2026-07-31T04:26:36.7473988Z Finalizing artifact upload
2026-07-31T04:26:37.0916569Z Artifact successfully finalized (8782983838)
2026-07-31T04:26:37.0918300Z Artifact download URL: https://github.com/pkinerd/ednsv/actions/runs/30604060357/artifacts/8782983838
2026-07-31T04:26:37.0950698Z Writing summary
2026-07-31T04:26:37.0964892Z ##[endgroup]
2026-07-31T04:26:37.0965821Z ##[group]Removing temp folder /home/runner/work/_temp/docker-actions-toolkit-0fXND2
2026-07-31T04:26:37.0968188Z ##[endgroup]
2026-07-31T04:26:37.0968887Z ##[group]Post cache
2026-07-31T04:26:37.0970470Z State not set
2026-07-31T04:26:37.0971131Z ##[endgroup]
2026-07-31T04:26:37.1124660Z Node 20 is being deprecated. This workflow is running with Node 24 by default. If you need to temporarily use Node 20, you can set the ACTIONS_ALLOW_USE_UNSECURE_NODE_VERSION=true environment variable. For more information see: https://github.blog/changelog/2025-09-19-deprecation-of-node-20-on-github-actions-runners/
2026-07-31T04:26:37.1125950Z Post job cleanup.
2026-07-31T04:26:37.4395818Z ##[group]Logout from ghcr.io
2026-07-31T04:26:37.4421483Z (node:3493) [DEP0040] DeprecationWarning: The `punycode` module is deprecated. Please use a userland alternative instead.
2026-07-31T04:26:37.4422622Z (Use `node --trace-deprecation ...` to show where the warning was created)
2026-07-31T04:26:37.4449464Z [command]/usr/bin/docker logout ghcr.io
2026-07-31T04:26:37.4610299Z Removing login credentials for ghcr.io
2026-07-31T04:26:37.4639958Z ##[endgroup]
2026-07-31T04:26:37.4640956Z ##[group]Post cache
2026-07-31T04:26:37.4642093Z State not set
2026-07-31T04:26:37.4643070Z ##[endgroup]
2026-07-31T04:26:37.4893159Z Node 20 is being deprecated. This workflow is running with Node 24 by default. If you need to temporarily use Node 20, you can set the ACTIONS_ALLOW_USE_UNSECURE_NODE_VERSION=true environment variable. For more information see: https://github.blog/changelog/2025-09-19-deprecation-of-node-20-on-github-actions-runners/
2026-07-31T04:26:37.4895365Z Post job cleanup.
2026-07-31T04:26:37.7647064Z ##[group]Removing builder
2026-07-31T04:26:37.7654929Z (node:3513) [DEP0040] DeprecationWarning: The `punycode` module is deprecated. Please use a userland alternative instead.
2026-07-31T04:26:37.7656467Z (Use `node --trace-deprecation ...` to show where the warning was created)
2026-07-31T04:26:37.9073713Z [command]/usr/bin/docker buildx rm builder-c1ae3fed-7356-47a2-9d47-d0d9c80c2462
2026-07-31T04:26:38.6221821Z builder-c1ae3fed-7356-47a2-9d47-d0d9c80c2462 removed
2026-07-31T04:26:38.6271418Z ##[endgroup]
2026-07-31T04:26:38.6272277Z ##[group]Cleaning up certificates
2026-07-31T04:26:38.6273146Z ##[endgroup]
2026-07-31T04:26:38.6273814Z ##[group]Post cache
2026-07-31T04:26:38.6274264Z State not set
2026-07-31T04:26:38.6274963Z ##[endgroup]
2026-07-31T04:26:38.6460714Z Node 20 is being deprecated. This workflow is running with Node 24 by default. If you need to temporarily use Node 20, you can set the ACTIONS_ALLOW_USE_UNSECURE_NODE_VERSION=true environment variable. For more information see: https://github.blog/changelog/2025-09-19-deprecation-of-node-20-on-github-actions-runners/
2026-07-31T04:26:38.6462004Z Post job cleanup.
2026-07-31T04:26:38.7354738Z [command]/usr/bin/git version
2026-07-31T04:26:38.7406115Z git version 2.54.0
2026-07-31T04:26:38.7455301Z Temporarily overriding HOME='/home/runner/work/_temp/219e5d54-155e-49e2-97fe-465eceb0b7fe' before making global git config changes
2026-07-31T04:26:38.7456486Z Adding repository directory to the temporary git global config as a safe directory
2026-07-31T04:26:38.7463154Z [command]/usr/bin/git config --global --add safe.directory /home/runner/work/ednsv/ednsv
2026-07-31T04:26:38.7513303Z [command]/usr/bin/git config --local --name-only --get-regexp core\.sshCommand
2026-07-31T04:26:38.7559206Z [command]/usr/bin/git submodule foreach --recursive sh -c "git config --local --name-only --get-regexp 'core\.sshCommand' && git config --local --unset-all 'core.sshCommand' || :"
2026-07-31T04:26:38.7838678Z [command]/usr/bin/git config --local --name-only --get-regexp http\.https\:\/\/github\.com\/\.extraheader
2026-07-31T04:26:38.7873589Z http.https://github.com/.extraheader
2026-07-31T04:26:38.7888258Z [command]/usr/bin/git config --local --unset-all http.https://github.com/.extraheader
2026-07-31T04:26:38.7948298Z [command]/usr/bin/git submodule foreach --recursive sh -c "git config --local --name-only --get-regexp 'http\.https\:\/\/github\.com\/\.extraheader' && git config --local --unset-all 'http.https://github.com/.extraheader' || :"
2026-07-31T04:26:38.8245502Z [command]/usr/bin/git config --local --name-only --get-regexp ^includeIf\.gitdir:
2026-07-31T04:26:38.8295007Z [command]/usr/bin/git submodule foreach --recursive git config --local --show-origin --name-only --get-regexp remote.origin.url
2026-07-31T04:26:38.8750573Z Cleaning up orphan processes
2026-07-31T04:26:38.9095701Z ##[warning]Node.js 20 is deprecated. The following actions target Node.js 20 but are being forced to run on Node.js 24: actions/checkout@v4, docker/build-push-action@v6, docker/login-action@v3, docker/metadata-action@v5, docker/setup-buildx-action@v3. For more information see: https://github.blog/changelog/2025-09-19-deprecation-of-node-20-on-github-actions-runners/
