2026-07-24T13:17:46.0013053Z Current runner version: '2.336.0'
2026-07-24T13:17:46.0039304Z ##[group]Runner Image Provisioner
2026-07-24T13:17:46.0040244Z Hosted Compute Agent
2026-07-24T13:17:46.0040820Z Version: 20260707.563
2026-07-24T13:17:46.0041424Z Commit: 02667638d2b423fbc733a8e32a88b44996a3ba6e
2026-07-24T13:17:46.0042195Z Build Date: 2026-07-07T19:33:50Z
2026-07-24T13:17:46.0042888Z Worker ID: {65a2da32-c308-43ef-9742-25361225e5f8}
2026-07-24T13:17:46.0043637Z Azure Region: westus
2026-07-24T13:17:46.0044430Z ##[endgroup]
2026-07-24T13:17:46.0046343Z ##[group]Operating System
2026-07-24T13:17:46.0047053Z Ubuntu
2026-07-24T13:17:46.0047638Z 24.04.4
2026-07-24T13:17:46.0048123Z LTS
2026-07-24T13:17:46.0048683Z ##[endgroup]
2026-07-24T13:17:46.0049214Z ##[group]Runner Image
2026-07-24T13:17:46.0049842Z Image: ubuntu-24.04
2026-07-24T13:17:46.0050441Z Version: 20260720.247.2
2026-07-24T13:17:46.0051742Z Included Software: https://github.com/actions/runner-images/blob/ubuntu24/20260720.247/images/ubuntu/Ubuntu2404-Readme.md
2026-07-24T13:17:46.0053310Z Image Release: https://github.com/actions/runner-images/releases/tag/ubuntu24%2F20260720.247
2026-07-24T13:17:46.0054476Z ##[endgroup]
2026-07-24T13:17:46.0055691Z ##[group]GITHUB_TOKEN Permissions
2026-07-24T13:17:46.0057708Z Contents: read
2026-07-24T13:17:46.0058315Z Metadata: read
2026-07-24T13:17:46.0058852Z Packages: write
2026-07-24T13:17:46.0059474Z ##[endgroup]
2026-07-24T13:17:46.0061602Z Secret source: Actions
2026-07-24T13:17:46.0062681Z Prepare workflow directory
2026-07-24T13:17:46.0603231Z Prepare all required actions
2026-07-24T13:17:46.0647399Z Getting action download info
2026-07-24T13:17:46.4117041Z Download action repository 'actions/checkout@v4' (SHA:11d5960a326750d5838078e36cf38b85af677262)
2026-07-24T13:17:46.8336592Z Download action repository 'docker/setup-buildx-action@v3' (SHA:8d2750c68a42422c14e847fe6c8ac0403b4cbd6f)
2026-07-24T13:17:47.3723425Z Download action repository 'docker/login-action@v3' (SHA:c94ce9fb468520275223c153574b00df6fe4bcc9)
2026-07-24T13:17:47.9147835Z Download action repository 'docker/metadata-action@v5' (SHA:c299e40c65443455700f0fdfc63efafe5b349051)
2026-07-24T13:17:48.5691272Z Download action repository 'docker/build-push-action@v6' (SHA:10e90e3645eae34f1e60eeb005ba3a3d33f178e8)
2026-07-24T13:17:49.2822918Z Complete job name: Build & Push Docker Image
2026-07-24T13:17:49.3627263Z Node 20 is being deprecated. This workflow is running with Node 24 by default. If you need to temporarily use Node 20, you can set the ACTIONS_ALLOW_USE_UNSECURE_NODE_VERSION=true environment variable. For more information see: https://github.blog/changelog/2025-09-19-deprecation-of-node-20-on-github-actions-runners/
2026-07-24T13:17:49.3635835Z ##[group]Run actions/checkout@v4
2026-07-24T13:17:49.3636313Z with:
2026-07-24T13:17:49.3636538Z   repository: pkinerd/ednsv
2026-07-24T13:17:49.3639232Z   token: ***
2026-07-24T13:17:49.3639438Z   ssh-strict: true
2026-07-24T13:17:49.3639643Z   ssh-user: git
2026-07-24T13:17:49.3639854Z   persist-credentials: true
2026-07-24T13:17:49.3640104Z   clean: true
2026-07-24T13:17:49.3640325Z   sparse-checkout-cone-mode: true
2026-07-24T13:17:49.3640593Z   fetch-depth: 1
2026-07-24T13:17:49.3640801Z   fetch-tags: false
2026-07-24T13:17:49.3641007Z   show-progress: true
2026-07-24T13:17:49.3641211Z   lfs: false
2026-07-24T13:17:49.3641450Z   submodules: false
2026-07-24T13:17:49.3641670Z   set-safe-directory: true
2026-07-24T13:17:49.3641916Z   allow-unsafe-pr-checkout: false
2026-07-24T13:17:49.3642377Z env:
2026-07-24T13:17:49.3642567Z   REGISTRY: ghcr.io
2026-07-24T13:17:49.3642791Z   IMAGE_NAME: pkinerd/ednsv
2026-07-24T13:17:49.3643015Z ##[endgroup]
2026-07-24T13:17:49.4670466Z Syncing repository: pkinerd/ednsv
2026-07-24T13:17:49.4671927Z ##[group]Getting Git version info
2026-07-24T13:17:49.4672303Z Working directory is '/home/runner/work/ednsv/ednsv'
2026-07-24T13:17:49.4695518Z [command]/usr/bin/git version
2026-07-24T13:17:49.4816968Z git version 2.54.0
2026-07-24T13:17:49.4846303Z ##[endgroup]
2026-07-24T13:17:49.4862439Z Temporarily overriding HOME='/home/runner/work/_temp/739c5044-62b6-4a6d-8dc8-575e40384034' before making global git config changes
2026-07-24T13:17:49.4864484Z Adding repository directory to the temporary git global config as a safe directory
2026-07-24T13:17:49.4868892Z [command]/usr/bin/git config --global --add safe.directory /home/runner/work/ednsv/ednsv
2026-07-24T13:17:49.4924020Z Deleting the contents of '/home/runner/work/ednsv/ednsv'
2026-07-24T13:17:49.4928871Z ##[group]Initializing the repository
2026-07-24T13:17:49.4934085Z [command]/usr/bin/git init /home/runner/work/ednsv/ednsv
2026-07-24T13:17:49.5044944Z hint: Using 'master' as the name for the initial branch. This default branch name
2026-07-24T13:17:49.5046034Z hint: will change to "main" in Git 3.0. To configure the initial branch name
2026-07-24T13:17:49.5046697Z hint: to use in all of your new repositories, which will suppress this warning,
2026-07-24T13:17:49.5047167Z hint: call:
2026-07-24T13:17:49.5047365Z hint:
2026-07-24T13:17:49.5047701Z hint: 	git config --global init.defaultBranch <name>
2026-07-24T13:17:49.5048051Z hint:
2026-07-24T13:17:49.5048377Z hint: Names commonly chosen instead of 'master' are 'main', 'trunk' and
2026-07-24T13:17:49.5048945Z hint: 'development'. The just-created branch can be renamed via this command:
2026-07-24T13:17:49.5049394Z hint:
2026-07-24T13:17:49.5049610Z hint: 	git branch -m <name>
2026-07-24T13:17:49.5049864Z hint:
2026-07-24T13:17:49.5050214Z hint: Disable this message with "git config set advice.defaultBranchName false"
2026-07-24T13:17:49.5055838Z Initialized empty Git repository in /home/runner/work/ednsv/ednsv/.git/
2026-07-24T13:17:49.5067966Z [command]/usr/bin/git remote add origin https://github.com/pkinerd/ednsv
2026-07-24T13:17:49.5115158Z ##[endgroup]
2026-07-24T13:17:49.5115740Z ##[group]Disabling automatic garbage collection
2026-07-24T13:17:49.5120621Z [command]/usr/bin/git config --local gc.auto 0
2026-07-24T13:17:49.5152152Z ##[endgroup]
2026-07-24T13:17:49.5152815Z ##[group]Setting up auth
2026-07-24T13:17:49.5161253Z [command]/usr/bin/git config --local --name-only --get-regexp core\.sshCommand
2026-07-24T13:17:49.5238575Z [command]/usr/bin/git submodule foreach --recursive sh -c "git config --local --name-only --get-regexp 'core\.sshCommand' && git config --local --unset-all 'core.sshCommand' || :"
2026-07-24T13:17:49.5640708Z [command]/usr/bin/git config --local --name-only --get-regexp http\.https\:\/\/github\.com\/\.extraheader
2026-07-24T13:17:49.5686333Z [command]/usr/bin/git submodule foreach --recursive sh -c "git config --local --name-only --get-regexp 'http\.https\:\/\/github\.com\/\.extraheader' && git config --local --unset-all 'http.https://github.com/.extraheader' || :"
2026-07-24T13:17:49.5922297Z [command]/usr/bin/git config --local --name-only --get-regexp ^includeIf\.gitdir:
2026-07-24T13:17:49.5963117Z [command]/usr/bin/git submodule foreach --recursive git config --local --show-origin --name-only --get-regexp remote.origin.url
2026-07-24T13:17:49.6197978Z [command]/usr/bin/git config --local http.https://github.com/.extraheader AUTHORIZATION: basic ***
2026-07-24T13:17:49.6239946Z ##[endgroup]
2026-07-24T13:17:49.6240528Z ##[group]Fetching the repository
2026-07-24T13:17:49.6250205Z [command]/usr/bin/git -c protocol.version=2 fetch --no-tags --prune --no-recurse-submodules --depth=1 origin +bf59af29cfb2f2950007619e326c8c5ecae25537:refs/remotes/pull/27/merge
2026-07-24T13:17:50.2375761Z From https://github.com/pkinerd/ednsv
2026-07-24T13:17:50.2376711Z  * [new ref]         bf59af29cfb2f2950007619e326c8c5ecae25537 -> pull/27/merge
2026-07-24T13:17:50.2414996Z ##[endgroup]
2026-07-24T13:17:50.2415556Z ##[group]Determining the checkout info
2026-07-24T13:17:50.2424510Z ##[endgroup]
2026-07-24T13:17:50.2426761Z [command]/usr/bin/git sparse-checkout disable
2026-07-24T13:17:50.2488224Z [command]/usr/bin/git config --local --unset-all extensions.worktreeConfig
2026-07-24T13:17:50.2523329Z ##[group]Checking out the ref
2026-07-24T13:17:50.2528442Z [command]/usr/bin/git checkout --progress --force refs/remotes/pull/27/merge
2026-07-24T13:17:50.2661624Z Note: switching to 'refs/remotes/pull/27/merge'.
2026-07-24T13:17:50.2662475Z 
2026-07-24T13:17:50.2663398Z You are in 'detached HEAD' state. You can look around, make experimental
2026-07-24T13:17:50.2664753Z changes and commit them, and you can discard any commits you make in this
2026-07-24T13:17:50.2665800Z state without impacting any branches by switching back to a branch.
2026-07-24T13:17:50.2666423Z 
2026-07-24T13:17:50.2666797Z If you want to create a new branch to retain commits you create, you may
2026-07-24T13:17:50.2667647Z do so (now or later) by using -c with the switch command. Example:
2026-07-24T13:17:50.2668136Z 
2026-07-24T13:17:50.2668337Z   git switch -c <new-branch-name>
2026-07-24T13:17:50.2668681Z 
2026-07-24T13:17:50.2668872Z Or undo this operation with:
2026-07-24T13:17:50.2669187Z 
2026-07-24T13:17:50.2669343Z   git switch -
2026-07-24T13:17:50.2669609Z 
2026-07-24T13:17:50.2669998Z Turn off this advice by setting config variable advice.detachedHead to false
2026-07-24T13:17:50.2670612Z 
2026-07-24T13:17:50.2671236Z HEAD is now at bf59af2 Merge cd9555bb3f9736a5d951592dee12895203da3570 into 820c0019085f5073eb31d9822b29a158ec3c4826
2026-07-24T13:17:50.2696536Z ##[endgroup]
2026-07-24T13:17:50.2809543Z [command]/usr/bin/git log -1 --format=%H
2026-07-24T13:17:50.2851792Z bf59af29cfb2f2950007619e326c8c5ecae25537
2026-07-24T13:17:50.3138485Z ##[group]Run if [ "pull_request" != "pull_request" ]; then
2026-07-24T13:17:50.3139020Z [36;1mif [ "pull_request" != "pull_request" ]; then[0m
2026-07-24T13:17:50.3139386Z [36;1m  echo "push=true" >> "$GITHUB_OUTPUT"[0m
2026-07-24T13:17:50.3139749Z [36;1melif [ "pkinerd/ednsv" = "pkinerd/ednsv" ]; then[0m
2026-07-24T13:17:50.3140097Z [36;1m  echo "push=true" >> "$GITHUB_OUTPUT"[0m
2026-07-24T13:17:50.3140382Z [36;1melse[0m
2026-07-24T13:17:50.3140607Z [36;1m  echo "push=false" >> "$GITHUB_OUTPUT"[0m
2026-07-24T13:17:50.3140899Z [36;1mfi[0m
2026-07-24T13:17:50.3190039Z shell: /usr/bin/bash -e {0}
2026-07-24T13:17:50.3190343Z env:
2026-07-24T13:17:50.3190541Z   REGISTRY: ghcr.io
2026-07-24T13:17:50.3190780Z   IMAGE_NAME: pkinerd/ednsv
2026-07-24T13:17:50.3191024Z ##[endgroup]
2026-07-24T13:17:50.3402829Z Node 20 is being deprecated. This workflow is running with Node 24 by default. If you need to temporarily use Node 20, you can set the ACTIONS_ALLOW_USE_UNSECURE_NODE_VERSION=true environment variable. For more information see: https://github.blog/changelog/2025-09-19-deprecation-of-node-20-on-github-actions-runners/
2026-07-24T13:17:50.3405007Z ##[group]Run docker/setup-buildx-action@v3
2026-07-24T13:17:50.3405308Z with:
2026-07-24T13:17:50.3405512Z   driver: docker-container
2026-07-24T13:17:50.3405742Z   use: true
2026-07-24T13:17:50.3405957Z   keep-state: false
2026-07-24T13:17:50.3406168Z   cache-binary: true
2026-07-24T13:17:50.3406379Z   cleanup: true
2026-07-24T13:17:50.3406574Z   install: false
2026-07-24T13:17:50.3406766Z env:
2026-07-24T13:17:50.3406945Z   REGISTRY: ghcr.io
2026-07-24T13:17:50.3407181Z   IMAGE_NAME: pkinerd/ednsv
2026-07-24T13:17:50.3407411Z ##[endgroup]
2026-07-24T13:17:50.6141929Z (node:2260) [DEP0040] DeprecationWarning: The `punycode` module is deprecated. Please use a userland alternative instead.
2026-07-24T13:17:50.6143459Z (Use `node --trace-deprecation ...` to show where the warning was created)
2026-07-24T13:17:50.6222565Z ##[group]Docker info
2026-07-24T13:17:50.6255185Z [command]/usr/bin/docker version
2026-07-24T13:17:50.7571289Z Client: Docker Engine - Community
2026-07-24T13:17:50.7573078Z  Version:           28.0.4
2026-07-24T13:17:50.7573496Z  API version:       1.48
2026-07-24T13:17:50.7573887Z  Go version:        go1.23.7
2026-07-24T13:17:50.7574586Z  Git commit:        b8034c0
2026-07-24T13:17:50.7575158Z  Built:             Tue Mar 25 15:07:16 2025
2026-07-24T13:17:50.7575679Z  OS/Arch:           linux/amd64
2026-07-24T13:17:50.7576156Z  Context:           default
2026-07-24T13:17:50.7576485Z 
2026-07-24T13:17:50.7576846Z Server: Docker Engine - Community
2026-07-24T13:17:50.7577931Z  Engine:
2026-07-24T13:17:50.7578245Z   Version:          28.0.4
2026-07-24T13:17:50.7578731Z   API version:      1.48 (minimum version 1.24)
2026-07-24T13:17:50.7579253Z   Go version:       go1.23.7
2026-07-24T13:17:50.7579643Z   Git commit:       6430e49
2026-07-24T13:17:50.7580044Z   Built:            Tue Mar 25 15:07:16 2025
2026-07-24T13:17:50.7580514Z   OS/Arch:          linux/amd64
2026-07-24T13:17:50.7580933Z   Experimental:     false
2026-07-24T13:17:50.7581321Z  containerd:
2026-07-24T13:17:50.7581653Z   Version:          v2.2.6
2026-07-24T13:17:50.7582152Z   GitCommit:        11ce9d5f3c68c941867e82890e93e815c1304f1b
2026-07-24T13:17:50.7582686Z  runc:
2026-07-24T13:17:50.7582992Z   Version:          1.3.6
2026-07-24T13:17:50.7583384Z   GitCommit:        v1.3.6-0-g491b69ba
2026-07-24T13:17:50.7583841Z  docker-init:
2026-07-24T13:17:50.7584383Z   Version:          0.19.0
2026-07-24T13:17:50.7584779Z   GitCommit:        de40ad0
2026-07-24T13:17:50.7619910Z [command]/usr/bin/docker info
2026-07-24T13:17:51.0800638Z Client: Docker Engine - Community
2026-07-24T13:17:51.0801259Z  Version:    28.0.4
2026-07-24T13:17:51.0801639Z  Context:    default
2026-07-24T13:17:51.0802058Z  Debug Mode: false
2026-07-24T13:17:51.0802417Z  Plugins:
2026-07-24T13:17:51.0802789Z   buildx: Docker Buildx (Docker Inc.)
2026-07-24T13:17:51.0803268Z     Version:  v0.35.0
2026-07-24T13:17:51.0803806Z     Path:     /usr/libexec/docker/cli-plugins/docker-buildx
2026-07-24T13:17:51.0804734Z   compose: Docker Compose (Docker Inc.)
2026-07-24T13:17:51.0805225Z     Version:  v2.38.2
2026-07-24T13:17:51.0805733Z     Path:     /usr/libexec/docker/cli-plugins/docker-compose
2026-07-24T13:17:51.0806210Z 
2026-07-24T13:17:51.0806367Z Server:
2026-07-24T13:17:51.0806682Z  Containers: 0
2026-07-24T13:17:51.0807044Z   Running: 0
2026-07-24T13:17:51.0807409Z   Paused: 0
2026-07-24T13:17:51.0807762Z   Stopped: 0
2026-07-24T13:17:51.0808113Z  Images: 6
2026-07-24T13:17:51.0808462Z  Server Version: 28.0.4
2026-07-24T13:17:51.0808910Z  Storage Driver: overlay2
2026-07-24T13:17:51.0809341Z   Backing Filesystem: extfs
2026-07-24T13:17:51.0809768Z   Supports d_type: true
2026-07-24T13:17:51.0810727Z   Using metacopy: false
2026-07-24T13:17:51.0811227Z   Native Overlay Diff: false
2026-07-24T13:17:51.0811750Z   userxattr: false
2026-07-24T13:17:51.0812139Z  Logging Driver: json-file
2026-07-24T13:17:51.0812566Z  Cgroup Driver: systemd
2026-07-24T13:17:51.0812961Z  Cgroup Version: 2
2026-07-24T13:17:51.0813318Z  Plugins:
2026-07-24T13:17:51.0813703Z   Volume: local
2026-07-24T13:17:51.0815587Z   Network: bridge host ipvlan macvlan null overlay
2026-07-24T13:17:51.0816397Z   Log: awslogs fluentd gcplogs gelf journald json-file local splunk syslog
2026-07-24T13:17:51.0817125Z  Swarm: inactive
2026-07-24T13:17:51.0817545Z  Runtimes: io.containerd.runc.v2 runc
2026-07-24T13:17:51.0818046Z  Default Runtime: runc
2026-07-24T13:17:51.0818461Z  Init Binary: docker-init
2026-07-24T13:17:51.0818993Z  containerd version: 11ce9d5f3c68c941867e82890e93e815c1304f1b
2026-07-24T13:17:51.0819656Z  runc version: v1.3.6-0-g491b69ba
2026-07-24T13:17:51.0820132Z  init version: de40ad0
2026-07-24T13:17:51.0820525Z  Security Options:
2026-07-24T13:17:51.0820869Z   apparmor
2026-07-24T13:17:51.0821188Z   seccomp
2026-07-24T13:17:51.0821572Z    Profile: builtin
2026-07-24T13:17:51.0821947Z   cgroupns
2026-07-24T13:17:51.0822304Z  Kernel Version: 6.17.0-1020-azure
2026-07-24T13:17:51.0822801Z  Operating System: Ubuntu 24.04.4 LTS
2026-07-24T13:17:51.0823269Z  OSType: linux
2026-07-24T13:17:51.0823637Z  Architecture: x86_64
2026-07-24T13:17:51.0824029Z  CPUs: 4
2026-07-24T13:17:51.0824684Z  Total Memory: 15.61GiB
2026-07-24T13:17:51.0825087Z  Name: runnervmvrwv9
2026-07-24T13:17:51.0825525Z  ID: dce1e4a9-fc26-4218-aaf0-feee5194c8cb
2026-07-24T13:17:51.0826122Z  Docker Root Dir: /var/lib/docker
2026-07-24T13:17:51.0826585Z  Debug Mode: false
2026-07-24T13:17:51.0826968Z  Username: githubactions
2026-07-24T13:17:51.0827387Z  Experimental: false
2026-07-24T13:17:51.0828144Z  Insecure Registries:
2026-07-24T13:17:51.0832817Z   ::1/128
2026-07-24T13:17:51.0833212Z   127.0.0.0/8
2026-07-24T13:17:51.0833612Z  Live Restore Enabled: false
2026-07-24T13:17:51.0833939Z 
2026-07-24T13:17:51.0835060Z ##[endgroup]
2026-07-24T13:17:51.2287389Z ##[group]Buildx version
2026-07-24T13:17:51.2326721Z [command]/usr/bin/docker buildx version
2026-07-24T13:17:51.3039373Z github.com/docker/buildx v0.35.0 a319e5b15052cf6557ceb666eb8ff6e32380b782
2026-07-24T13:17:51.3077164Z ##[endgroup]
2026-07-24T13:17:51.3288425Z ##[group]Inspecting default docker context
2026-07-24T13:17:51.3475828Z [
2026-07-24T13:17:51.3476325Z   {
2026-07-24T13:17:51.3476672Z     "Name": "default",
2026-07-24T13:17:51.3477155Z     "Metadata": {},
2026-07-24T13:17:51.3477555Z     "Endpoints": {
2026-07-24T13:17:51.3477911Z       "docker": {
2026-07-24T13:17:51.3478316Z         "Host": "unix:///var/run/docker.sock",
2026-07-24T13:17:51.3478840Z         "SkipTLSVerify": false
2026-07-24T13:17:51.3479313Z       }
2026-07-24T13:17:51.3479654Z     },
2026-07-24T13:17:51.3480050Z     "TLSMaterial": {},
2026-07-24T13:17:51.3480444Z     "Storage": {
2026-07-24T13:17:51.3480880Z       "MetadataPath": "<IN MEMORY>",
2026-07-24T13:17:51.3481407Z       "TLSPath": "<IN MEMORY>"
2026-07-24T13:17:51.3481845Z     }
2026-07-24T13:17:51.3482140Z   }
2026-07-24T13:17:51.3482451Z ]
2026-07-24T13:17:51.3483352Z ##[endgroup]
2026-07-24T13:17:51.3484116Z ##[group]Creating a new builder instance
2026-07-24T13:17:51.5060178Z [command]/usr/bin/docker buildx create --name builder-e7a4837e-df5e-4480-90c1-9cc3aeca8edb --driver docker-container --buildkitd-flags --allow-insecure-entitlement security.insecure --allow-insecure-entitlement network.host --use
2026-07-24T13:17:51.6149866Z builder-e7a4837e-df5e-4480-90c1-9cc3aeca8edb
2026-07-24T13:17:51.6188086Z ##[endgroup]
2026-07-24T13:17:51.6188792Z ##[group]Booting builder
2026-07-24T13:17:51.6231069Z [command]/usr/bin/docker buildx inspect --bootstrap --builder builder-e7a4837e-df5e-4480-90c1-9cc3aeca8edb
2026-07-24T13:17:51.6898547Z #1 [internal] booting buildkit
2026-07-24T13:17:51.8405712Z #1 pulling image moby/buildkit:buildx-stable-1
2026-07-24T13:17:56.7181631Z #1 pulling image moby/buildkit:buildx-stable-1 5.0s done
2026-07-24T13:17:56.8682453Z #1 creating container buildx_buildkit_builder-e7a4837e-df5e-4480-90c1-9cc3aeca8edb0
2026-07-24T13:17:57.0643333Z #1 creating container buildx_buildkit_builder-e7a4837e-df5e-4480-90c1-9cc3aeca8edb0 0.3s done
2026-07-24T13:17:57.0666421Z #1 DONE 5.4s
2026-07-24T13:17:57.1142582Z Name:          builder-e7a4837e-df5e-4480-90c1-9cc3aeca8edb
2026-07-24T13:17:57.1143893Z Driver:        docker-container
2026-07-24T13:17:57.1145335Z Last Activity: 2026-07-24 13:17:51 +0000 UTC
2026-07-24T13:17:57.1146527Z 
2026-07-24T13:17:57.1147549Z Nodes:
2026-07-24T13:17:57.1148514Z Name:                  builder-e7a4837e-df5e-4480-90c1-9cc3aeca8edb0
2026-07-24T13:17:57.1149210Z Endpoint:              unix:///var/run/docker.sock
2026-07-24T13:17:57.1149831Z Status:                running
2026-07-24T13:17:57.1150850Z BuildKit daemon flags: --allow-insecure-entitlement security.insecure --allow-insecure-entitlement network.host
2026-07-24T13:17:57.1151901Z BuildKit version:      v0.31.2
2026-07-24T13:17:57.1152532Z Platforms:             linux/amd64, linux/amd64/v2, linux/amd64/v3, linux/386
2026-07-24T13:17:57.1153183Z Labels:
2026-07-24T13:17:57.1153645Z  org.mobyproject.buildkit.worker.executor:         oci
2026-07-24T13:17:57.1154665Z  org.mobyproject.buildkit.worker.hostname:         4d4efde2c4ab
2026-07-24T13:17:57.1155468Z  org.mobyproject.buildkit.worker.network:          host
2026-07-24T13:17:57.1156232Z  org.mobyproject.buildkit.worker.oci.process-mode: sandbox
2026-07-24T13:17:57.1157023Z  org.mobyproject.buildkit.worker.selinux.enabled:  false
2026-07-24T13:17:57.1157792Z  org.mobyproject.buildkit.worker.snapshotter:      overlayfs
2026-07-24T13:17:57.1158420Z GC Policy rule#0:
2026-07-24T13:17:57.1158774Z  All:            false
2026-07-24T13:17:57.1159812Z  Filters:        type==source.local type==exec.cachemount type==source.git.checkout
2026-07-24T13:17:57.1160572Z  Keep Duration:  48h0m0s
2026-07-24T13:17:57.1161065Z  Max Used Space: 488.3MiB
2026-07-24T13:17:57.1161592Z GC Policy rule#1:
2026-07-24T13:17:57.1162016Z  All:            false
2026-07-24T13:17:57.1165094Z  Keep Duration:  1440h0m0s
2026-07-24T13:17:57.1166251Z  Reserved Space: 9.313GiB
2026-07-24T13:17:57.1171360Z  Max Used Space: 93.13GiB
2026-07-24T13:17:57.1188767Z  Min Free Space: 27.01GiB
2026-07-24T13:17:57.1207367Z GC Policy rule#2:
2026-07-24T13:17:57.1211059Z  All:            false
2026-07-24T13:17:57.1213020Z  Reserved Space: 9.313GiB
2026-07-24T13:17:57.1213905Z  Max Used Space: 93.13GiB
2026-07-24T13:17:57.1216234Z  Min Free Space: 27.01GiB
2026-07-24T13:17:57.1216978Z GC Policy rule#3:
2026-07-24T13:17:57.1217636Z  All:            true
2026-07-24T13:17:57.1218339Z  Reserved Space: 9.313GiB
2026-07-24T13:17:57.1219083Z  Max Used Space: 93.13GiB
2026-07-24T13:17:57.1219850Z  Min Free Space: 27.01GiB
2026-07-24T13:17:57.1221991Z ##[endgroup]
2026-07-24T13:17:57.2164486Z ##[group]Inspect builder
2026-07-24T13:17:57.2166958Z {
2026-07-24T13:17:57.2167363Z   "nodes": [
2026-07-24T13:17:57.2167740Z     {
2026-07-24T13:17:57.2168059Z       "name": "builder-e7a4837e-df5e-4480-90c1-9cc3aeca8edb0",
2026-07-24T13:17:57.2168521Z       "endpoint": "unix:///var/run/docker.sock",
2026-07-24T13:17:57.2168945Z       "status": "running",
2026-07-24T13:17:57.2169887Z       "buildkitd-flags": "--allow-insecure-entitlement security.insecure --allow-insecure-entitlement network.host",
2026-07-24T13:17:57.2170811Z       "buildkit": "v0.31.2",
2026-07-24T13:17:57.2171150Z       "platforms": "linux/amd64,linux/amd64/v2,linux/amd64/v3,linux/386",
2026-07-24T13:17:57.2171517Z       "features": {
2026-07-24T13:17:57.2171829Z         "Automatically load images to the Docker Engine image store": true,
2026-07-24T13:17:57.2172218Z         "Cache export": true,
2026-07-24T13:17:57.2172525Z         "Direct push": true,
2026-07-24T13:17:57.2172896Z         "Docker exporter": true,
2026-07-24T13:17:57.2173151Z         "Multi-platform build": true,
2026-07-24T13:17:57.2173410Z         "OCI exporter": true
2026-07-24T13:17:57.2173903Z       },
2026-07-24T13:17:57.2174091Z       "labels": {
2026-07-24T13:17:57.2174746Z         "org.mobyproject.buildkit.worker.executor": "oci",
2026-07-24T13:17:57.2175161Z         "org.mobyproject.buildkit.worker.hostname": "4d4efde2c4ab",
2026-07-24T13:17:57.2175569Z         "org.mobyproject.buildkit.worker.network": "host",
2026-07-24T13:17:57.2175987Z         "org.mobyproject.buildkit.worker.oci.process-mode": "sandbox",
2026-07-24T13:17:57.2176443Z         "org.mobyproject.buildkit.worker.selinux.enabled": "false",
2026-07-24T13:17:57.2176899Z         "org.mobyproject.buildkit.worker.snapshotter": "overlayfs"
2026-07-24T13:17:57.2177235Z       },
2026-07-24T13:17:57.2177531Z       "gcPolicy": [
2026-07-24T13:17:57.2177767Z         {
2026-07-24T13:17:57.2177945Z           "all": false,
2026-07-24T13:17:57.2178159Z           "filter": [
2026-07-24T13:17:57.2178502Z             "type==source.local type==exec.cachemount type==source.git.checkout"
2026-07-24T13:17:57.2178867Z           ],
2026-07-24T13:17:57.2179071Z           "keepDuration": "48h0m0s",
2026-07-24T13:17:57.2179330Z           "maxUsedSpace": "488.3MiB"
2026-07-24T13:17:57.2179560Z         },
2026-07-24T13:17:57.2179722Z         {
2026-07-24T13:17:57.2179923Z           "all": false,
2026-07-24T13:17:57.2180163Z           "keepDuration": "1440h0m0s",
2026-07-24T13:17:57.2180423Z           "reservedSpace": "9.313GiB",
2026-07-24T13:17:57.2180676Z           "maxUsedSpace": "93.13GiB",
2026-07-24T13:17:57.2180925Z           "minFreeSpace": "27.01GiB"
2026-07-24T13:17:57.2181198Z         },
2026-07-24T13:17:57.2181368Z         {
2026-07-24T13:17:57.2181577Z           "all": false,
2026-07-24T13:17:57.2181817Z           "reservedSpace": "9.313GiB",
2026-07-24T13:17:57.2182111Z           "maxUsedSpace": "93.13GiB",
2026-07-24T13:17:57.2182628Z           "minFreeSpace": "27.01GiB"
2026-07-24T13:17:57.2182902Z         },
2026-07-24T13:17:57.2183070Z         {
2026-07-24T13:17:57.2183267Z           "all": true,
2026-07-24T13:17:57.2183514Z           "reservedSpace": "9.313GiB",
2026-07-24T13:17:57.2183789Z           "maxUsedSpace": "93.13GiB",
2026-07-24T13:17:57.2184037Z           "minFreeSpace": "27.01GiB"
2026-07-24T13:17:57.2184716Z         }
2026-07-24T13:17:57.2184932Z       ]
2026-07-24T13:17:57.2185101Z     }
2026-07-24T13:17:57.2185261Z   ],
2026-07-24T13:17:57.2185525Z   "name": "builder-e7a4837e-df5e-4480-90c1-9cc3aeca8edb",
2026-07-24T13:17:57.2185859Z   "driver": "docker-container",
2026-07-24T13:17:57.2186140Z   "lastActivity": "2026-07-24T13:17:51.000Z"
2026-07-24T13:17:57.2186413Z }
2026-07-24T13:17:57.2186900Z ##[endgroup]
2026-07-24T13:17:57.2187253Z ##[group]BuildKit version
2026-07-24T13:17:57.2187560Z builder-e7a4837e-df5e-4480-90c1-9cc3aeca8edb0: v0.31.2
2026-07-24T13:17:57.2188047Z ##[endgroup]
2026-07-24T13:17:57.2389077Z Node 20 is being deprecated. This workflow is running with Node 24 by default. If you need to temporarily use Node 20, you can set the ACTIONS_ALLOW_USE_UNSECURE_NODE_VERSION=true environment variable. For more information see: https://github.blog/changelog/2025-09-19-deprecation-of-node-20-on-github-actions-runners/
2026-07-24T13:17:57.2390394Z ##[group]Run docker/login-action@v3
2026-07-24T13:17:57.2390643Z with:
2026-07-24T13:17:57.2390827Z   registry: ghcr.io
2026-07-24T13:17:57.2391032Z   username: pkinerd
2026-07-24T13:17:57.2393648Z   password: ***
2026-07-24T13:17:57.2393856Z   logout: true
2026-07-24T13:17:57.2394047Z env:
2026-07-24T13:17:57.2394435Z   REGISTRY: ghcr.io
2026-07-24T13:17:57.2394653Z   IMAGE_NAME: pkinerd/ednsv
2026-07-24T13:17:57.2394879Z ##[endgroup]
2026-07-24T13:17:57.5636489Z Logging into ghcr.io...
2026-07-24T13:17:57.5660465Z (node:2741) [DEP0040] DeprecationWarning: The `punycode` module is deprecated. Please use a userland alternative instead.
2026-07-24T13:17:57.5661559Z (Use `node --trace-deprecation ...` to show where the warning was created)
2026-07-24T13:17:58.0751049Z Login Succeeded!
2026-07-24T13:17:58.0915568Z Node 20 is being deprecated. This workflow is running with Node 24 by default. If you need to temporarily use Node 20, you can set the ACTIONS_ALLOW_USE_UNSECURE_NODE_VERSION=true environment variable. For more information see: https://github.blog/changelog/2025-09-19-deprecation-of-node-20-on-github-actions-runners/
2026-07-24T13:17:58.0916903Z ##[group]Run docker/metadata-action@v5
2026-07-24T13:17:58.0917173Z with:
2026-07-24T13:17:58.0917374Z   images: ghcr.io/pkinerd/ednsv
2026-07-24T13:17:58.0918087Z   tags: type=ref,event=branch,prefix=branch-
type=ref,event=pr,prefix=pr-
type=sha,format=short,prefix=sha-
type=raw,value=latest,enable={{is_default_branch}}
type=raw,value=latest-any

2026-07-24T13:17:58.0918812Z   context: workflow
2026-07-24T13:17:58.0921346Z   github-token: ***
2026-07-24T13:17:58.0921553Z env:
2026-07-24T13:17:58.0921735Z   REGISTRY: ghcr.io
2026-07-24T13:17:58.0921963Z   IMAGE_NAME: pkinerd/ednsv
2026-07-24T13:17:58.0922194Z ##[endgroup]
2026-07-24T13:17:58.4951519Z (node:2762) [DEP0040] DeprecationWarning: The `punycode` module is deprecated. Please use a userland alternative instead.
2026-07-24T13:17:58.4952718Z (Use `node --trace-deprecation ...` to show where the warning was created)
2026-07-24T13:17:59.4009619Z ##[group]Context info
2026-07-24T13:17:59.4010167Z eventName: pull_request
2026-07-24T13:17:59.4010555Z sha: bf59af29cfb2f2950007619e326c8c5ecae25537
2026-07-24T13:17:59.4010978Z ref: refs/pull/27/merge
2026-07-24T13:17:59.4011384Z workflow: CI
2026-07-24T13:17:59.4011890Z action: meta
2026-07-24T13:17:59.4012393Z actor: pkinerd
2026-07-24T13:17:59.4012842Z runNumber: 206
2026-07-24T13:17:59.4013238Z runId: 30096265334
2026-07-24T13:17:59.4013679Z commitDate: Fri Jul 24 2026 13:16:53 GMT+0000 (Coordinated Universal Time)
2026-07-24T13:17:59.4014673Z ##[endgroup]
2026-07-24T13:17:59.4020832Z ##[group]Processing images input
2026-07-24T13:17:59.4021766Z name=ghcr.io/pkinerd/ednsv,enable=true
2026-07-24T13:17:59.4022558Z ##[endgroup]
2026-07-24T13:17:59.4041160Z ##[group]Processing tags input
2026-07-24T13:17:59.4042206Z type=ref,event=branch,prefix=branch-,enable=true,priority=600
2026-07-24T13:17:59.4043391Z type=ref,event=pr,prefix=pr-,enable=true,priority=600
2026-07-24T13:17:59.4044614Z type=raw,value=latest,enable={{is_default_branch}},priority=200
2026-07-24T13:17:59.4045107Z type=raw,value=latest-any,enable=true,priority=200
2026-07-24T13:17:59.4045657Z type=sha,format=short,prefix=sha-,enable=true,priority=100
2026-07-24T13:17:59.4046278Z ##[endgroup]
2026-07-24T13:17:59.4046663Z ##[group]Processing flavor input
2026-07-24T13:17:59.4046932Z latest=auto
2026-07-24T13:17:59.4047132Z prefix=
2026-07-24T13:17:59.4047332Z prefixLatest=false
2026-07-24T13:17:59.4047531Z suffix=
2026-07-24T13:17:59.4047708Z suffixLatest=false
2026-07-24T13:17:59.4048048Z ##[endgroup]
2026-07-24T13:17:59.4122050Z ##[group]Docker image version
2026-07-24T13:17:59.4122506Z pr-27
2026-07-24T13:17:59.4123042Z ##[endgroup]
2026-07-24T13:17:59.4127705Z ##[group]Docker tags
2026-07-24T13:17:59.4128093Z ghcr.io/pkinerd/ednsv:pr-27
2026-07-24T13:17:59.4128498Z ghcr.io/pkinerd/ednsv:latest-any
2026-07-24T13:17:59.4128803Z ghcr.io/pkinerd/ednsv:sha-bf59af2
2026-07-24T13:17:59.4129226Z ##[endgroup]
2026-07-24T13:17:59.4206037Z ##[group]Docker labels
2026-07-24T13:17:59.4206694Z org.opencontainers.image.created=2026-07-24T13:17:59.404Z
2026-07-24T13:17:59.4207528Z org.opencontainers.image.description=
2026-07-24T13:17:59.4208149Z org.opencontainers.image.licenses=
2026-07-24T13:17:59.4209089Z org.opencontainers.image.revision=bf59af29cfb2f2950007619e326c8c5ecae25537
2026-07-24T13:17:59.4210223Z org.opencontainers.image.source=https://github.com/pkinerd/ednsv
2026-07-24T13:17:59.4211068Z org.opencontainers.image.title=ednsv
2026-07-24T13:17:59.4211843Z org.opencontainers.image.url=https://github.com/pkinerd/ednsv
2026-07-24T13:17:59.4212642Z org.opencontainers.image.version=pr-27
2026-07-24T13:17:59.4213704Z ##[endgroup]
2026-07-24T13:17:59.4214711Z ##[group]Annotations
2026-07-24T13:17:59.4215791Z manifest:org.opencontainers.image.created=2026-07-24T13:17:59.404Z
2026-07-24T13:17:59.4216783Z manifest:org.opencontainers.image.description=
2026-07-24T13:17:59.4217595Z manifest:org.opencontainers.image.licenses=
2026-07-24T13:17:59.4218661Z manifest:org.opencontainers.image.revision=bf59af29cfb2f2950007619e326c8c5ecae25537
2026-07-24T13:17:59.4220011Z manifest:org.opencontainers.image.source=https://github.com/pkinerd/ednsv
2026-07-24T13:17:59.4221053Z manifest:org.opencontainers.image.title=ednsv
2026-07-24T13:17:59.4222035Z manifest:org.opencontainers.image.url=https://github.com/pkinerd/ednsv
2026-07-24T13:17:59.4223078Z manifest:org.opencontainers.image.version=pr-27
2026-07-24T13:17:59.4224114Z ##[endgroup]
2026-07-24T13:17:59.4224997Z ##[group]JSON output
2026-07-24T13:17:59.4225364Z {
2026-07-24T13:17:59.4225643Z   "tags": [
2026-07-24T13:17:59.4225969Z     "ghcr.io/pkinerd/ednsv:pr-27",
2026-07-24T13:17:59.4226453Z     "ghcr.io/pkinerd/ednsv:latest-any",
2026-07-24T13:17:59.4226955Z     "ghcr.io/pkinerd/ednsv:sha-bf59af2"
2026-07-24T13:17:59.4227401Z   ],
2026-07-24T13:17:59.4227687Z   "tag-names": [
2026-07-24T13:17:59.4228005Z     "pr-27",
2026-07-24T13:17:59.4228334Z     "latest-any",
2026-07-24T13:17:59.4228700Z     "sha-bf59af2"
2026-07-24T13:17:59.4229023Z   ],
2026-07-24T13:17:59.4229322Z   "labels": {
2026-07-24T13:17:59.4229793Z     "org.opencontainers.image.created": "2026-07-24T13:17:59.404Z",
2026-07-24T13:17:59.4230478Z     "org.opencontainers.image.description": "",
2026-07-24T13:17:59.4231063Z     "org.opencontainers.image.licenses": "",
2026-07-24T13:17:59.4231820Z     "org.opencontainers.image.revision": "bf59af29cfb2f2950007619e326c8c5ecae25537",
2026-07-24T13:17:59.4232768Z     "org.opencontainers.image.source": "https://github.com/pkinerd/ednsv",
2026-07-24T13:17:59.4233514Z     "org.opencontainers.image.title": "ednsv",
2026-07-24T13:17:59.4234439Z     "org.opencontainers.image.url": "https://github.com/pkinerd/ednsv",
2026-07-24T13:17:59.4235412Z     "org.opencontainers.image.version": "pr-27"
2026-07-24T13:17:59.4235887Z   },
2026-07-24T13:17:59.4236199Z   "annotations": [
2026-07-24T13:17:59.4236724Z     "manifest:org.opencontainers.image.created=2026-07-24T13:17:59.404Z",
2026-07-24T13:17:59.4237456Z     "manifest:org.opencontainers.image.description=",
2026-07-24T13:17:59.4238032Z     "manifest:org.opencontainers.image.licenses=",
2026-07-24T13:17:59.4238532Z     "manifest:org.opencontainers.image.revision=bf59af29cfb2f2950007619e326c8c5ecae25537",
2026-07-24T13:17:59.4239144Z     "manifest:org.opencontainers.image.source=https://github.com/pkinerd/ednsv",
2026-07-24T13:17:59.4239623Z     "manifest:org.opencontainers.image.title=ednsv",
2026-07-24T13:17:59.4240058Z     "manifest:org.opencontainers.image.url=https://github.com/pkinerd/ednsv",
2026-07-24T13:17:59.4240508Z     "manifest:org.opencontainers.image.version=pr-27"
2026-07-24T13:17:59.4240815Z   ]
2026-07-24T13:17:59.4241014Z }
2026-07-24T13:17:59.4241410Z ##[endgroup]
2026-07-24T13:17:59.4241774Z ##[group]Bake file definition (tags)
2026-07-24T13:17:59.4242020Z {
2026-07-24T13:17:59.4242187Z   "target": {
2026-07-24T13:17:59.4242389Z     "docker-metadata-action": {
2026-07-24T13:17:59.4242645Z       "tags": [
2026-07-24T13:17:59.4242881Z         "ghcr.io/pkinerd/ednsv:pr-27",
2026-07-24T13:17:59.4243159Z         "ghcr.io/pkinerd/ednsv:latest-any",
2026-07-24T13:17:59.4243485Z         "ghcr.io/pkinerd/ednsv:sha-bf59af2"
2026-07-24T13:17:59.4243760Z       ],
2026-07-24T13:17:59.4243931Z       "args": {
2026-07-24T13:17:59.4244342Z         "DOCKER_META_IMAGES": "ghcr.io/pkinerd/ednsv",
2026-07-24T13:17:59.4244861Z         "DOCKER_META_VERSION": "pr-27"
2026-07-24T13:17:59.4245137Z       }
2026-07-24T13:17:59.4245303Z     }
2026-07-24T13:17:59.4245469Z   }
2026-07-24T13:17:59.4245631Z }
2026-07-24T13:17:59.4245968Z ##[endgroup]
2026-07-24T13:17:59.4246451Z ##[group]Bake file definition (labels)
2026-07-24T13:17:59.4246732Z {
2026-07-24T13:17:59.4246958Z   "target": {
2026-07-24T13:17:59.4247386Z     "docker-metadata-action": {
2026-07-24T13:17:59.4247653Z       "labels": {
2026-07-24T13:17:59.4247959Z         "org.opencontainers.image.created": "2026-07-24T13:17:59.404Z",
2026-07-24T13:17:59.4248403Z         "org.opencontainers.image.description": "",
2026-07-24T13:17:59.4248763Z         "org.opencontainers.image.licenses": "",
2026-07-24T13:17:59.4249223Z         "org.opencontainers.image.revision": "bf59af29cfb2f2950007619e326c8c5ecae25537",
2026-07-24T13:17:59.4249812Z         "org.opencontainers.image.source": "https://github.com/pkinerd/ednsv",
2026-07-24T13:17:59.4250259Z         "org.opencontainers.image.title": "ednsv",
2026-07-24T13:17:59.4250697Z         "org.opencontainers.image.url": "https://github.com/pkinerd/ednsv",
2026-07-24T13:17:59.4251131Z         "org.opencontainers.image.version": "pr-27"
2026-07-24T13:17:59.4251448Z       }
2026-07-24T13:17:59.4251639Z     }
2026-07-24T13:17:59.4251832Z   }
2026-07-24T13:17:59.4251994Z }
2026-07-24T13:17:59.4252341Z ##[endgroup]
2026-07-24T13:17:59.4252718Z ##[group]Bake file definition (annotations)
2026-07-24T13:17:59.4252999Z {
2026-07-24T13:17:59.4253161Z   "target": {
2026-07-24T13:17:59.4253358Z     "docker-metadata-action": {
2026-07-24T13:17:59.4253620Z       "annotations": [
2026-07-24T13:17:59.4253969Z         "manifest:org.opencontainers.image.created=2026-07-24T13:17:59.404Z",
2026-07-24T13:17:59.4254582Z         "manifest:org.opencontainers.image.description=",
2026-07-24T13:17:59.4254940Z         "manifest:org.opencontainers.image.licenses=",
2026-07-24T13:17:59.4255433Z         "manifest:org.opencontainers.image.revision=bf59af29cfb2f2950007619e326c8c5ecae25537",
2026-07-24T13:17:59.4256073Z         "manifest:org.opencontainers.image.source=https://github.com/pkinerd/ednsv",
2026-07-24T13:17:59.4256572Z         "manifest:org.opencontainers.image.title=ednsv",
2026-07-24T13:17:59.4257054Z         "manifest:org.opencontainers.image.url=https://github.com/pkinerd/ednsv",
2026-07-24T13:17:59.4257713Z         "manifest:org.opencontainers.image.version=pr-27"
2026-07-24T13:17:59.4258034Z       ]
2026-07-24T13:17:59.4258220Z     }
2026-07-24T13:17:59.4258388Z   }
2026-07-24T13:17:59.4258572Z }
2026-07-24T13:17:59.4258945Z ##[endgroup]
2026-07-24T13:17:59.4434126Z Node 20 is being deprecated. This workflow is running with Node 24 by default. If you need to temporarily use Node 20, you can set the ACTIONS_ALLOW_USE_UNSECURE_NODE_VERSION=true environment variable. For more information see: https://github.blog/changelog/2025-09-19-deprecation-of-node-20-on-github-actions-runners/
2026-07-24T13:17:59.4435850Z ##[group]Run docker/build-push-action@v6
2026-07-24T13:17:59.4436128Z with:
2026-07-24T13:17:59.4436310Z   context: .
2026-07-24T13:17:59.4436498Z   file: ./Dockerfile
2026-07-24T13:17:59.4436699Z   push: true
2026-07-24T13:17:59.4437108Z   tags: ghcr.io/pkinerd/ednsv:pr-27
ghcr.io/pkinerd/ednsv:latest-any
ghcr.io/pkinerd/ednsv:sha-bf59af2
2026-07-24T13:17:59.4439006Z   labels: org.opencontainers.image.created=2026-07-24T13:17:59.404Z
org.opencontainers.image.description=
org.opencontainers.image.licenses=
org.opencontainers.image.revision=bf59af29cfb2f2950007619e326c8c5ecae25537
org.opencontainers.image.source=https://github.com/pkinerd/ednsv
org.opencontainers.image.title=ednsv
org.opencontainers.image.url=https://github.com/pkinerd/ednsv
org.opencontainers.image.version=pr-27
2026-07-24T13:17:59.4440655Z   cache-from: type=gha
2026-07-24T13:17:59.4440884Z   cache-to: type=gha,mode=max
2026-07-24T13:17:59.4441117Z   load: false
2026-07-24T13:17:59.4441308Z   no-cache: false
2026-07-24T13:17:59.4441501Z   pull: false
2026-07-24T13:17:59.4443999Z   github-token: ***
2026-07-24T13:17:59.4444354Z env:
2026-07-24T13:17:59.4444539Z   REGISTRY: ghcr.io
2026-07-24T13:17:59.4444752Z   IMAGE_NAME: pkinerd/ednsv
2026-07-24T13:17:59.4445004Z   DOCKER_METADATA_OUTPUT_VERSION: pr-27
2026-07-24T13:17:59.4445571Z   DOCKER_METADATA_OUTPUT_TAGS: ghcr.io/pkinerd/ednsv:pr-27
ghcr.io/pkinerd/ednsv:latest-any
ghcr.io/pkinerd/ednsv:sha-bf59af2
2026-07-24T13:17:59.4446211Z   DOCKER_METADATA_OUTPUT_TAG_NAMES: pr-27
latest-any
sha-bf59af2
2026-07-24T13:17:59.4448046Z   DOCKER_METADATA_OUTPUT_LABELS: org.opencontainers.image.created=2026-07-24T13:17:59.404Z
org.opencontainers.image.description=
org.opencontainers.image.licenses=
org.opencontainers.image.revision=bf59af29cfb2f2950007619e326c8c5ecae25537
org.opencontainers.image.source=https://github.com/pkinerd/ednsv
org.opencontainers.image.title=ednsv
org.opencontainers.image.url=https://github.com/pkinerd/ednsv
org.opencontainers.image.version=pr-27
2026-07-24T13:17:59.4451499Z   DOCKER_METADATA_OUTPUT_ANNOTATIONS: manifest:org.opencontainers.image.created=2026-07-24T13:17:59.404Z
manifest:org.opencontainers.image.description=
manifest:org.opencontainers.image.licenses=
manifest:org.opencontainers.image.revision=bf59af29cfb2f2950007619e326c8c5ecae25537
manifest:org.opencontainers.image.source=https://github.com/pkinerd/ednsv
manifest:org.opencontainers.image.title=ednsv
manifest:org.opencontainers.image.url=https://github.com/pkinerd/ednsv
manifest:org.opencontainers.image.version=pr-27
2026-07-24T13:17:59.4457748Z   DOCKER_METADATA_OUTPUT_JSON: {"tags":["ghcr.io/pkinerd/ednsv:pr-27","ghcr.io/pkinerd/ednsv:latest-any","ghcr.io/pkinerd/ednsv:sha-bf59af2"],"tag-names":["pr-27","latest-any","sha-bf59af2"],"labels":{"org.opencontainers.image.created":"2026-07-24T13:17:59.404Z","org.opencontainers.image.description":"","org.opencontainers.image.licenses":"","org.opencontainers.image.revision":"bf59af29cfb2f2950007619e326c8c5ecae25537","org.opencontainers.image.source":"https://github.com/pkinerd/ednsv","org.opencontainers.image.title":"ednsv","org.opencontainers.image.url":"https://github.com/pkinerd/ednsv","org.opencontainers.image.version":"pr-27"},"annotations":["manifest:org.opencontainers.image.created=2026-07-24T13:17:59.404Z","manifest:org.opencontainers.image.description=","manifest:org.opencontainers.image.licenses=","manifest:org.opencontainers.image.revision=bf59af29cfb2f2950007619e326c8c5ecae25537","manifest:org.opencontainers.image.source=https://github.com/pkinerd/ednsv","manifest:org.opencontainers.image.title=ednsv","manifest:org.opencontainers.image.url=https://github.com/pkinerd/ednsv","manifest:org.opencontainers.image.version=pr-27"]}
2026-07-24T13:17:59.4462536Z   DOCKER_METADATA_OUTPUT_BAKE_FILE_TAGS: /home/runner/work/_temp/docker-actions-toolkit-YpnSTb/docker-metadata-action-bake-tags.json
2026-07-24T13:17:59.4463473Z   DOCKER_METADATA_OUTPUT_BAKE_FILE_LABELS: /home/runner/work/_temp/docker-actions-toolkit-YpnSTb/docker-metadata-action-bake-labels.json
2026-07-24T13:17:59.4464605Z   DOCKER_METADATA_OUTPUT_BAKE_FILE_ANNOTATIONS: /home/runner/work/_temp/docker-actions-toolkit-YpnSTb/docker-metadata-action-bake-annotations.json
2026-07-24T13:17:59.4465542Z   DOCKER_METADATA_OUTPUT_BAKE_FILE: /home/runner/work/_temp/docker-actions-toolkit-YpnSTb/docker-metadata-action-bake.json
2026-07-24T13:17:59.4466093Z ##[endgroup]
2026-07-24T13:17:59.6983312Z (node:2774) [DEP0040] DeprecationWarning: The `punycode` module is deprecated. Please use a userland alternative instead.
2026-07-24T13:17:59.6984117Z (Use `node --trace-deprecation ...` to show where the warning was created)
2026-07-24T13:17:59.7004428Z ##[group]GitHub Actions runtime token ACs
2026-07-24T13:17:59.7012671Z refs/pull/27/merge: read/write
2026-07-24T13:17:59.7013007Z refs/heads/main: read
2026-07-24T13:17:59.7014767Z ##[endgroup]
2026-07-24T13:17:59.7015362Z ##[group]Docker info
2026-07-24T13:17:59.7065443Z [command]/usr/bin/docker version
2026-07-24T13:17:59.7285029Z Client: Docker Engine - Community
2026-07-24T13:17:59.7286047Z  Version:           28.0.4
2026-07-24T13:17:59.7286970Z  API version:       1.48
2026-07-24T13:17:59.7287623Z  Go version:        go1.23.7
2026-07-24T13:17:59.7288167Z  Git commit:        b8034c0
2026-07-24T13:17:59.7288755Z  Built:             Tue Mar 25 15:07:16 2025
2026-07-24T13:17:59.7289412Z  OS/Arch:           linux/amd64
2026-07-24T13:17:59.7290002Z  Context:           default
2026-07-24T13:17:59.7290276Z 
2026-07-24T13:17:59.7290503Z Server: Docker Engine - Community
2026-07-24T13:17:59.7291117Z  Engine:
2026-07-24T13:17:59.7291536Z   Version:          28.0.4
2026-07-24T13:17:59.7292159Z   API version:      1.48 (minimum version 1.24)
2026-07-24T13:17:59.7292926Z   Go version:       go1.23.7
2026-07-24T13:17:59.7324749Z   Git commit:       6430e49
2026-07-24T13:17:59.7325227Z   Built:            Tue Mar 25 15:07:16 2025
2026-07-24T13:17:59.7325710Z   OS/Arch:          linux/amd64
2026-07-24T13:17:59.7326149Z   Experimental:     false
2026-07-24T13:17:59.7326541Z  containerd:
2026-07-24T13:17:59.7326880Z   Version:          v2.2.6
2026-07-24T13:17:59.7327378Z   GitCommit:        11ce9d5f3c68c941867e82890e93e815c1304f1b
2026-07-24T13:17:59.7327920Z  runc:
2026-07-24T13:17:59.7328234Z   Version:          1.3.6
2026-07-24T13:17:59.7328633Z   GitCommit:        v1.3.6-0-g491b69ba
2026-07-24T13:17:59.7329070Z  docker-init:
2026-07-24T13:17:59.7329420Z   Version:          0.19.0
2026-07-24T13:17:59.7329805Z   GitCommit:        de40ad0
2026-07-24T13:17:59.7353217Z [command]/usr/bin/docker info
2026-07-24T13:17:59.7945539Z Client: Docker Engine - Community
2026-07-24T13:17:59.7948003Z  Version:    28.0.4
2026-07-24T13:17:59.7948289Z  Context:    default
2026-07-24T13:17:59.7948518Z  Debug Mode: false
2026-07-24T13:17:59.7948729Z  Plugins:
2026-07-24T13:17:59.7948945Z   buildx: Docker Buildx (Docker Inc.)
2026-07-24T13:17:59.7949216Z     Version:  v0.35.0
2026-07-24T13:17:59.7949501Z     Path:     /usr/libexec/docker/cli-plugins/docker-buildx
2026-07-24T13:17:59.7949846Z   compose: Docker Compose (Docker Inc.)
2026-07-24T13:17:59.7950112Z     Version:  v2.38.2
2026-07-24T13:17:59.7950391Z     Path:     /usr/libexec/docker/cli-plugins/docker-compose
2026-07-24T13:17:59.7950639Z 
2026-07-24T13:17:59.7950714Z Server:
2026-07-24T13:17:59.7950902Z  Containers: 1
2026-07-24T13:17:59.7951104Z   Running: 1
2026-07-24T13:17:59.7951287Z   Paused: 0
2026-07-24T13:17:59.7951923Z   Stopped: 0
2026-07-24T13:17:59.7952108Z  Images: 7
2026-07-24T13:17:59.7952298Z  Server Version: 28.0.4
2026-07-24T13:17:59.7952529Z  Storage Driver: overlay2
2026-07-24T13:17:59.7952765Z   Backing Filesystem: extfs
2026-07-24T13:17:59.7953003Z   Supports d_type: true
2026-07-24T13:17:59.7953401Z   Using metacopy: false
2026-07-24T13:17:59.7953633Z   Native Overlay Diff: false
2026-07-24T13:17:59.7953869Z   userxattr: false
2026-07-24T13:17:59.7954083Z  Logging Driver: json-file
2026-07-24T13:17:59.7954631Z  Cgroup Driver: systemd
2026-07-24T13:17:59.7954849Z  Cgroup Version: 2
2026-07-24T13:17:59.7955051Z  Plugins:
2026-07-24T13:17:59.7955243Z   Volume: local
2026-07-24T13:17:59.7955529Z   Network: bridge host ipvlan macvlan null overlay
2026-07-24T13:17:59.7955962Z   Log: awslogs fluentd gcplogs gelf journald json-file local splunk syslog
2026-07-24T13:17:59.7956349Z  Swarm: inactive
2026-07-24T13:17:59.7956573Z  Runtimes: io.containerd.runc.v2 runc
2026-07-24T13:17:59.7956844Z  Default Runtime: runc
2026-07-24T13:17:59.7957073Z  Init Binary: docker-init
2026-07-24T13:17:59.7957370Z  containerd version: 11ce9d5f3c68c941867e82890e93e815c1304f1b
2026-07-24T13:17:59.7957714Z  runc version: v1.3.6-0-g491b69ba
2026-07-24T13:17:59.7957961Z  init version: de40ad0
2026-07-24T13:17:59.7958178Z  Security Options:
2026-07-24T13:17:59.7958381Z   apparmor
2026-07-24T13:17:59.7958556Z   seccomp
2026-07-24T13:17:59.7958733Z    Profile: builtin
2026-07-24T13:17:59.7958929Z   cgroupns
2026-07-24T13:17:59.7959174Z  Kernel Version: 6.17.0-1020-azure
2026-07-24T13:17:59.7959630Z  Operating System: Ubuntu 24.04.4 LTS
2026-07-24T13:17:59.7959956Z  OSType: linux
2026-07-24T13:17:59.7960159Z  Architecture: x86_64
2026-07-24T13:17:59.7960367Z  CPUs: 4
2026-07-24T13:17:59.7960550Z  Total Memory: 15.61GiB
2026-07-24T13:17:59.7960882Z  Name: runnervmvrwv9
2026-07-24T13:17:59.7961131Z  ID: dce1e4a9-fc26-4218-aaf0-feee5194c8cb
2026-07-24T13:17:59.7961416Z  Docker Root Dir: /var/lib/docker
2026-07-24T13:17:59.7961659Z  Debug Mode: false
2026-07-24T13:17:59.7961868Z  Username: githubactions
2026-07-24T13:17:59.7962092Z  Experimental: false
2026-07-24T13:17:59.7962303Z  Insecure Registries:
2026-07-24T13:17:59.7962538Z   ::1/128
2026-07-24T13:17:59.7962714Z   127.0.0.0/8
2026-07-24T13:17:59.7962916Z  Live Restore Enabled: false
2026-07-24T13:17:59.7963064Z 
2026-07-24T13:17:59.7965681Z ##[endgroup]
2026-07-24T13:17:59.7966317Z ##[group]Proxy configuration
2026-07-24T13:17:59.7969060Z No proxy configuration found
2026-07-24T13:17:59.7969667Z ##[endgroup]
2026-07-24T13:17:59.8600308Z ##[group]Buildx version
2026-07-24T13:17:59.8626479Z [command]/usr/bin/docker buildx version
2026-07-24T13:17:59.9242658Z github.com/docker/buildx v0.35.0 a319e5b15052cf6557ceb666eb8ff6e32380b782
2026-07-24T13:17:59.9277002Z ##[endgroup]
2026-07-24T13:17:59.9277411Z ##[group]Builder info
2026-07-24T13:18:00.0348567Z {
2026-07-24T13:18:00.0349359Z   "nodes": [
2026-07-24T13:18:00.0349958Z     {
2026-07-24T13:18:00.0350498Z       "name": "builder-e7a4837e-df5e-4480-90c1-9cc3aeca8edb0",
2026-07-24T13:18:00.0351198Z       "endpoint": "unix:///var/run/docker.sock",
2026-07-24T13:18:00.0351718Z       "status": "running",
2026-07-24T13:18:00.0352616Z       "buildkitd-flags": "--allow-insecure-entitlement security.insecure --allow-insecure-entitlement network.host",
2026-07-24T13:18:00.0353560Z       "buildkit": "v0.31.2",
2026-07-24T13:18:00.0354109Z       "platforms": "linux/amd64,linux/amd64/v2,linux/amd64/v3,linux/386",
2026-07-24T13:18:00.0354918Z       "features": {
2026-07-24T13:18:00.0355256Z         "Automatically load images to the Docker Engine image store": true,
2026-07-24T13:18:00.0355678Z         "Cache export": true,
2026-07-24T13:18:00.0355953Z         "Direct push": true,
2026-07-24T13:18:00.0356193Z         "Docker exporter": true,
2026-07-24T13:18:00.0356451Z         "Multi-platform build": true,
2026-07-24T13:18:00.0356709Z         "OCI exporter": true
2026-07-24T13:18:00.0356923Z       },
2026-07-24T13:18:00.0357095Z       "labels": {
2026-07-24T13:18:00.0357660Z         "org.mobyproject.buildkit.worker.executor": "oci",
2026-07-24T13:18:00.0358078Z         "org.mobyproject.buildkit.worker.hostname": "4d4efde2c4ab",
2026-07-24T13:18:00.0358486Z         "org.mobyproject.buildkit.worker.network": "host",
2026-07-24T13:18:00.0359032Z         "org.mobyproject.buildkit.worker.oci.process-mode": "sandbox",
2026-07-24T13:18:00.0359535Z         "org.mobyproject.buildkit.worker.selinux.enabled": "false",
2026-07-24T13:18:00.0359968Z         "org.mobyproject.buildkit.worker.snapshotter": "overlayfs"
2026-07-24T13:18:00.0360296Z       },
2026-07-24T13:18:00.0360474Z       "gcPolicy": [
2026-07-24T13:18:00.0360664Z         {
2026-07-24T13:18:00.0360838Z           "all": false,
2026-07-24T13:18:00.0361042Z           "filter": [
2026-07-24T13:18:00.0361366Z             "type==source.local type==exec.cachemount type==source.git.checkout"
2026-07-24T13:18:00.0361726Z           ],
2026-07-24T13:18:00.0361958Z           "keepDuration": "48h0m0s",
2026-07-24T13:18:00.0362218Z           "maxUsedSpace": "488.3MiB"
2026-07-24T13:18:00.0362454Z         },
2026-07-24T13:18:00.0362624Z         {
2026-07-24T13:18:00.0362795Z           "all": false,
2026-07-24T13:18:00.0363012Z           "keepDuration": "1440h0m0s",
2026-07-24T13:18:00.0363272Z           "reservedSpace": "9.313GiB",
2026-07-24T13:18:00.0363542Z           "maxUsedSpace": "93.13GiB",
2026-07-24T13:18:00.0363793Z           "minFreeSpace": "27.01GiB"
2026-07-24T13:18:00.0364041Z         },
2026-07-24T13:18:00.0364571Z         {
2026-07-24T13:18:00.0364768Z           "all": false,
2026-07-24T13:18:00.0364988Z           "reservedSpace": "9.313GiB",
2026-07-24T13:18:00.0365241Z           "maxUsedSpace": "93.13GiB",
2026-07-24T13:18:00.0365486Z           "minFreeSpace": "27.01GiB"
2026-07-24T13:18:00.0365714Z         },
2026-07-24T13:18:00.0365883Z         {
2026-07-24T13:18:00.0366053Z           "all": true,
2026-07-24T13:18:00.0366263Z           "reservedSpace": "9.313GiB",
2026-07-24T13:18:00.0366539Z           "maxUsedSpace": "93.13GiB",
2026-07-24T13:18:00.0366820Z           "minFreeSpace": "27.01GiB"
2026-07-24T13:18:00.0367053Z         }
2026-07-24T13:18:00.0367221Z       ]
2026-07-24T13:18:00.0367401Z     }
2026-07-24T13:18:00.0367562Z   ],
2026-07-24T13:18:00.0367804Z   "name": "builder-e7a4837e-df5e-4480-90c1-9cc3aeca8edb",
2026-07-24T13:18:00.0368147Z   "driver": "docker-container",
2026-07-24T13:18:00.0368407Z   "lastActivity": "2026-07-24T13:17:51.000Z"
2026-07-24T13:18:00.0368660Z }
2026-07-24T13:18:00.0369050Z ##[endgroup]
2026-07-24T13:18:00.2014460Z [command]/usr/bin/docker buildx build --cache-from type=gha --cache-to type=gha,mode=max --file ./Dockerfile --iidfile /home/runner/work/_temp/docker-actions-toolkit-5V518h/build-iidfile-ba5023a452.txt --label org.opencontainers.image.created=2026-07-24T13:17:59.404Z --label org.opencontainers.image.description= --label org.opencontainers.image.licenses= --label org.opencontainers.image.revision=bf59af29cfb2f2950007619e326c8c5ecae25537 --label org.opencontainers.image.source=https://github.com/pkinerd/ednsv --label org.opencontainers.image.title=ednsv --label org.opencontainers.image.url=https://github.com/pkinerd/ednsv --label org.opencontainers.image.version=pr-27 --attest type=provenance,mode=max,builder-id=https://github.com/pkinerd/ednsv/actions/runs/30096265334/attempts/1 --tag ghcr.io/pkinerd/ednsv:pr-27 --tag ghcr.io/pkinerd/ednsv:latest-any --tag ghcr.io/pkinerd/ednsv:sha-bf59af2 --metadata-file /home/runner/work/_temp/docker-actions-toolkit-5V518h/build-metadata-263d6e3454.json --push .
2026-07-24T13:18:00.3531789Z #0 building with "builder-e7a4837e-df5e-4480-90c1-9cc3aeca8edb" instance using docker-container driver
2026-07-24T13:18:00.3532451Z 
2026-07-24T13:18:00.3532865Z #1 [internal] load build definition from Dockerfile
2026-07-24T13:18:00.5290666Z #1 transferring dockerfile: 827B 0.0s done
2026-07-24T13:18:00.5291751Z #1 DONE 0.0s
2026-07-24T13:18:00.5292260Z 
2026-07-24T13:18:00.5292833Z #2 resolve image config for docker-image://docker.io/docker/dockerfile:1.7
2026-07-24T13:18:00.7694563Z #2 ...
2026-07-24T13:18:00.7694914Z 
2026-07-24T13:18:00.7695197Z #3 [auth] docker/dockerfile:pull token for registry-1.docker.io
2026-07-24T13:18:00.7695680Z #3 DONE 0.0s
2026-07-24T13:18:00.9192881Z 
2026-07-24T13:18:00.9194760Z #2 resolve image config for docker-image://docker.io/docker/dockerfile:1.7
2026-07-24T13:18:01.2724537Z #2 DONE 0.9s
2026-07-24T13:18:01.4030870Z 
2026-07-24T13:18:01.4033690Z #4 docker-image://docker.io/docker/dockerfile:1.7@sha256:a57df69d0ea827fb7266491f2813635de6f17269be881f696fbfdf2d83dda33e
2026-07-24T13:18:01.4035780Z #4 resolve docker.io/docker/dockerfile:1.7@sha256:a57df69d0ea827fb7266491f2813635de6f17269be881f696fbfdf2d83dda33e done
2026-07-24T13:18:01.4037114Z #4 sha256:96918c57e42509b97f10c074d80672ecdbd3bb7dcd38c1bd95960cf291207416 11.98MB / 11.98MB 0.1s done
2026-07-24T13:18:01.5040768Z #4 extracting sha256:96918c57e42509b97f10c074d80672ecdbd3bb7dcd38c1bd95960cf291207416 0.1s done
2026-07-24T13:18:01.5041980Z #4 DONE 0.2s
2026-07-24T13:18:01.6492320Z 
2026-07-24T13:18:01.6493253Z #5 [internal] load metadata for mcr.microsoft.com/dotnet/sdk:8.0
2026-07-24T13:18:01.6493910Z #5 DONE 0.1s
2026-07-24T13:18:01.6494109Z 
2026-07-24T13:18:01.6494667Z #6 [internal] load metadata for mcr.microsoft.com/dotnet/aspnet:8.0
2026-07-24T13:18:01.8875582Z #6 DONE 0.1s
2026-07-24T13:18:01.8875873Z 
2026-07-24T13:18:01.8876065Z #7 [internal] load .dockerignore
2026-07-24T13:18:01.8876630Z #7 transferring context: 249B done
2026-07-24T13:18:01.8877127Z #7 DONE 0.0s
2026-07-24T13:18:01.8877344Z 
2026-07-24T13:18:01.8877523Z #8 [internal] load build context
2026-07-24T13:18:01.8877994Z #8 DONE 0.0s
2026-07-24T13:18:01.8878213Z 
2026-07-24T13:18:01.8878988Z #9 [build 1/8] FROM mcr.microsoft.com/dotnet/sdk:8.0@sha256:89ce6291bde9acdf59594e79fb8277c6d84c46e4b1f5bf126a4f18766e4bd597
2026-07-24T13:18:01.8880824Z #9 resolve mcr.microsoft.com/dotnet/sdk:8.0@sha256:89ce6291bde9acdf59594e79fb8277c6d84c46e4b1f5bf126a4f18766e4bd597 done
2026-07-24T13:18:01.8882120Z #9 DONE 0.0s
2026-07-24T13:18:01.8882365Z 
2026-07-24T13:18:01.8883019Z #10 [runtime 1/3] FROM mcr.microsoft.com/dotnet/aspnet:8.0@sha256:9822a6201c64c9f38b8a190832a7ae21cd30150d509b3ea170fd83b4f4e6166a
2026-07-24T13:18:01.8884568Z #10 resolve mcr.microsoft.com/dotnet/aspnet:8.0@sha256:9822a6201c64c9f38b8a190832a7ae21cd30150d509b3ea170fd83b4f4e6166a done
2026-07-24T13:18:01.8885399Z #10 DONE 0.0s
2026-07-24T13:18:01.8885557Z 
2026-07-24T13:18:01.8885763Z #11 importing cache manifest from gha:17730286947719869682
2026-07-24T13:18:02.2497724Z #11 DONE 0.5s
2026-07-24T13:18:02.4302227Z 
2026-07-24T13:18:02.4302851Z #8 [internal] load build context
2026-07-24T13:18:02.4303579Z #8 transferring context: 814.30kB 0.0s done
2026-07-24T13:18:02.4304520Z #8 DONE 0.0s
2026-07-24T13:18:02.4304827Z 
2026-07-24T13:18:02.4305029Z #12 [build 2/8] WORKDIR /src
2026-07-24T13:18:02.4305480Z #12 CACHED
2026-07-24T13:18:02.4305628Z 
2026-07-24T13:18:02.4305895Z #13 [build 3/8] COPY src/Ednsv.Core/Ednsv.Core.csproj src/Ednsv.Core/
2026-07-24T13:18:02.4306444Z #13 CACHED
2026-07-24T13:18:02.4306598Z 
2026-07-24T13:18:02.4306835Z #14 [build 4/8] COPY src/Ednsv.Web/Ednsv.Web.csproj src/Ednsv.Web/
2026-07-24T13:18:02.4307308Z #14 CACHED
2026-07-24T13:18:02.4307448Z 
2026-07-24T13:18:02.4307689Z #15 [build 5/8] RUN dotnet restore src/Ednsv.Web/Ednsv.Web.csproj
2026-07-24T13:18:02.5121876Z #15 CACHED
2026-07-24T13:18:02.6636980Z 
2026-07-24T13:18:02.6637683Z #15 [build 5/8] RUN dotnet restore src/Ednsv.Web/Ednsv.Web.csproj
2026-07-24T13:18:02.6656820Z #15 sha256:ce2c57129a410f21f57267ecac2abd3ee7a9d09910bdb87562a28c267c3939d9 0B / 74.96MB 0.2s
2026-07-24T13:18:02.8039037Z #15 sha256:211371f29f7c4fca7eb7a209f41f8321ed68dd15ab2594c8f8566a2c0c1457da 0B / 456B 0.2s
2026-07-24T13:18:02.8040274Z #15 sha256:a8149a111a6fb6479dbd4fc7d6ad0bebbdaba37313113f74813b465baf1959c0 437B / 437B 0.3s done
2026-07-24T13:18:02.8041966Z #15 sha256:527e962643720863df9b6d7e1029f629eb5f4ae8ec95166afd6bb178bbbbe997 0B / 93B 0.2s
2026-07-24T13:18:02.9546964Z #15 sha256:211371f29f7c4fca7eb7a209f41f8321ed68dd15ab2594c8f8566a2c0c1457da 456B / 456B 0.3s done
2026-07-24T13:18:02.9548381Z #15 sha256:527e962643720863df9b6d7e1029f629eb5f4ae8ec95166afd6bb178bbbbe997 93B / 93B 0.3s done
2026-07-24T13:18:02.9549256Z #15 sha256:4a1adfe703f2293ec5cde3dd610e571357be78d64c0d3de84e96ca94d8439dbf 0B / 17.06MB 0.2s
2026-07-24T13:18:03.1046684Z #15 sha256:669b654f76f36f76f7e9ee1d5a81a55def35a6aab072f561e6417db52da31b7a 0B / 2.69kB 0.2s
2026-07-24T13:18:03.1048752Z #15 sha256:b0d7d832459327548cd7a8510001f16e317e0620d38b30d75a6ba9c5b1a1482d 0B / 177.89MB 0.2s
2026-07-24T13:18:03.2465882Z #15 sha256:669b654f76f36f76f7e9ee1d5a81a55def35a6aab072f561e6417db52da31b7a 2.69kB / 2.69kB 0.4s done
2026-07-24T13:18:03.3968735Z #15 sha256:f643d834db55faad1eb60e02f90129bbc582d5780c4ab56e4f2c610a7f5b9583 0B / 31.09MB 0.2s
2026-07-24T13:18:03.6974145Z #15 sha256:4a1adfe703f2293ec5cde3dd610e571357be78d64c0d3de84e96ca94d8439dbf 1.05MB / 17.06MB 0.8s
2026-07-24T13:18:03.9969668Z #15 sha256:4a1adfe703f2293ec5cde3dd610e571357be78d64c0d3de84e96ca94d8439dbf 2.10MB / 17.06MB 1.1s
2026-07-24T13:18:04.1469683Z #15 sha256:ce2c57129a410f21f57267ecac2abd3ee7a9d09910bdb87562a28c267c3939d9 5.24MB / 74.96MB 1.5s
2026-07-24T13:18:04.1470870Z #15 sha256:4a1adfe703f2293ec5cde3dd610e571357be78d64c0d3de84e96ca94d8439dbf 4.19MB / 17.06MB 1.2s
2026-07-24T13:18:04.2974167Z #15 sha256:4a1adfe703f2293ec5cde3dd610e571357be78d64c0d3de84e96ca94d8439dbf 5.24MB / 17.06MB 1.4s
2026-07-24T13:18:04.4469173Z #15 sha256:ce2c57129a410f21f57267ecac2abd3ee7a9d09910bdb87562a28c267c3939d9 9.44MB / 74.96MB 1.8s
2026-07-24T13:18:04.4470634Z #15 sha256:4a1adfe703f2293ec5cde3dd610e571357be78d64c0d3de84e96ca94d8439dbf 7.34MB / 17.06MB 1.5s
2026-07-24T13:18:04.4471549Z #15 sha256:f643d834db55faad1eb60e02f90129bbc582d5780c4ab56e4f2c610a7f5b9583 2.10MB / 31.09MB 1.2s
2026-07-24T13:18:04.5969412Z #15 sha256:4a1adfe703f2293ec5cde3dd610e571357be78d64c0d3de84e96ca94d8439dbf 10.49MB / 17.06MB 1.7s
2026-07-24T13:18:04.7471155Z #15 sha256:ce2c57129a410f21f57267ecac2abd3ee7a9d09910bdb87562a28c267c3939d9 14.68MB / 74.96MB 2.1s
2026-07-24T13:18:04.7472593Z #15 sha256:4a1adfe703f2293ec5cde3dd610e571357be78d64c0d3de84e96ca94d8439dbf 17.06MB / 17.06MB 1.9s done
2026-07-24T13:18:04.7473923Z #15 sha256:f643d834db55faad1eb60e02f90129bbc582d5780c4ab56e4f2c610a7f5b9583 5.24MB / 31.09MB 1.5s
2026-07-24T13:18:04.8970544Z #15 sha256:b0d7d832459327548cd7a8510001f16e317e0620d38b30d75a6ba9c5b1a1482d 9.44MB / 177.89MB 2.0s
2026-07-24T13:18:04.8972156Z #15 sha256:f643d834db55faad1eb60e02f90129bbc582d5780c4ab56e4f2c610a7f5b9583 8.39MB / 31.09MB 1.7s
2026-07-24T13:18:04.8973312Z #15 sha256:e1832c1b48a6042dc2be559908683ef9dae2586a8d8e47c9c9fbc48c6aa03c2e 0B / 11.10MB 0.2s
2026-07-24T13:18:05.0476242Z #15 sha256:ce2c57129a410f21f57267ecac2abd3ee7a9d09910bdb87562a28c267c3939d9 19.92MB / 74.96MB 2.4s
2026-07-24T13:18:05.1970002Z #15 sha256:f643d834db55faad1eb60e02f90129bbc582d5780c4ab56e4f2c610a7f5b9583 14.68MB / 31.09MB 2.0s
2026-07-24T13:18:05.3485788Z #15 sha256:ce2c57129a410f21f57267ecac2abd3ee7a9d09910bdb87562a28c267c3939d9 24.12MB / 74.96MB 2.7s
2026-07-24T13:18:05.3486984Z #15 sha256:f643d834db55faad1eb60e02f90129bbc582d5780c4ab56e4f2c610a7f5b9583 18.87MB / 31.09MB 2.1s
2026-07-24T13:18:05.4976525Z #15 sha256:b0d7d832459327548cd7a8510001f16e317e0620d38b30d75a6ba9c5b1a1482d 22.02MB / 177.89MB 2.6s
2026-07-24T13:18:05.4978003Z #15 sha256:f643d834db55faad1eb60e02f90129bbc582d5780c4ab56e4f2c610a7f5b9583 24.12MB / 31.09MB 2.3s
2026-07-24T13:18:05.6480133Z #15 sha256:ce2c57129a410f21f57267ecac2abd3ee7a9d09910bdb87562a28c267c3939d9 29.36MB / 74.96MB 3.0s
2026-07-24T13:18:05.6481161Z #15 sha256:f643d834db55faad1eb60e02f90129bbc582d5780c4ab56e4f2c610a7f5b9583 29.36MB / 31.09MB 2.4s
2026-07-24T13:18:05.6481950Z #15 sha256:e1832c1b48a6042dc2be559908683ef9dae2586a8d8e47c9c9fbc48c6aa03c2e 1.05MB / 11.10MB 0.9s
2026-07-24T13:18:05.8118805Z #15 sha256:b0d7d832459327548cd7a8510001f16e317e0620d38b30d75a6ba9c5b1a1482d 34.60MB / 177.89MB 3.0s
2026-07-24T13:18:05.8119926Z #15 sha256:f643d834db55faad1eb60e02f90129bbc582d5780c4ab56e4f2c610a7f5b9583 31.09MB / 31.09MB 2.5s done
2026-07-24T13:18:05.9687092Z #15 sha256:ce2c57129a410f21f57267ecac2abd3ee7a9d09910bdb87562a28c267c3939d9 36.70MB / 74.96MB 3.5s
2026-07-24T13:18:05.9688648Z #15 sha256:e1832c1b48a6042dc2be559908683ef9dae2586a8d8e47c9c9fbc48c6aa03c2e 2.10MB / 11.10MB 1.2s
2026-07-24T13:18:05.9689799Z #15 sha256:0e5539ed2775bdbdae40e349b882518e23f72473c3c0ee9b36fbe3b48430ff6d 0B / 164B 0.2s
2026-07-24T13:18:06.1117158Z #15 sha256:b0d7d832459327548cd7a8510001f16e317e0620d38b30d75a6ba9c5b1a1482d 45.09MB / 177.89MB 3.3s
2026-07-24T13:18:06.1118422Z #15 sha256:e1832c1b48a6042dc2be559908683ef9dae2586a8d8e47c9c9fbc48c6aa03c2e 3.15MB / 11.10MB 1.4s
2026-07-24T13:18:06.1119400Z #15 sha256:0e5539ed2775bdbdae40e349b882518e23f72473c3c0ee9b36fbe3b48430ff6d 164B / 164B 0.3s done
2026-07-24T13:18:06.2616184Z #15 sha256:e1832c1b48a6042dc2be559908683ef9dae2586a8d8e47c9c9fbc48c6aa03c2e 4.19MB / 11.10MB 1.5s
2026-07-24T13:18:06.2617674Z #15 sha256:369e46e487316155d09f898ec50c02180d49f7ac3f9a3f6069b0d21d80557714 0B / 32.26MB 0.2s
2026-07-24T13:18:06.4119623Z #15 sha256:ce2c57129a410f21f57267ecac2abd3ee7a9d09910bdb87562a28c267c3939d9 40.89MB / 74.96MB 3.8s
2026-07-24T13:18:06.4120768Z #15 sha256:e1832c1b48a6042dc2be559908683ef9dae2586a8d8e47c9c9fbc48c6aa03c2e 5.24MB / 11.10MB 1.7s
2026-07-24T13:18:06.5613336Z #15 sha256:b0d7d832459327548cd7a8510001f16e317e0620d38b30d75a6ba9c5b1a1482d 54.53MB / 177.89MB 3.8s
2026-07-24T13:18:06.5615183Z #15 sha256:e1832c1b48a6042dc2be559908683ef9dae2586a8d8e47c9c9fbc48c6aa03c2e 8.39MB / 11.10MB 1.8s
2026-07-24T13:18:06.6787176Z #15 sha256:ce2c57129a410f21f57267ecac2abd3ee7a9d09910bdb87562a28c267c3939d9 46.14MB / 74.96MB 4.1s
2026-07-24T13:18:06.6788520Z #15 sha256:e1832c1b48a6042dc2be559908683ef9dae2586a8d8e47c9c9fbc48c6aa03c2e 11.10MB / 11.10MB 2.0s done
2026-07-24T13:18:06.7809469Z #15 sha256:33ab927dd0b40e0e12b1c744ea555a3d4bd3d5134535dfbda2d86ee99a868ea0 3.33kB / 3.33kB 0.1s done
2026-07-24T13:18:06.9082332Z #15 sha256:ce2c57129a410f21f57267ecac2abd3ee7a9d09910bdb87562a28c267c3939d9 51.38MB / 74.96MB 4.4s
2026-07-24T13:18:06.9083592Z #15 sha256:5cc52b0eabac9e33649ff857181545e129e3763895cd0c30a82ef5a4f532659f 1.05MB / 18.74MB 0.2s
2026-07-24T13:18:07.0115945Z #15 sha256:b0d7d832459327548cd7a8510001f16e317e0620d38b30d75a6ba9c5b1a1482d 66.06MB / 177.89MB 4.2s
2026-07-24T13:18:07.1620721Z #15 sha256:5cc52b0eabac9e33649ff857181545e129e3763895cd0c30a82ef5a4f532659f 9.44MB / 18.74MB 0.3s
2026-07-24T13:18:07.2646583Z #15 sha256:ce2c57129a410f21f57267ecac2abd3ee7a9d09910bdb87562a28c267c3939d9 55.57MB / 74.96MB 4.7s
2026-07-24T13:18:07.2648176Z #15 sha256:369e46e487316155d09f898ec50c02180d49f7ac3f9a3f6069b0d21d80557714 2.10MB / 32.26MB 1.2s
2026-07-24T13:18:07.2649793Z #15 sha256:5cc52b0eabac9e33649ff857181545e129e3763895cd0c30a82ef5a4f532659f 18.74MB / 18.74MB 0.5s done
2026-07-24T13:18:07.5310001Z #15 sha256:ce2c57129a410f21f57267ecac2abd3ee7a9d09910bdb87562a28c267c3939d9 60.82MB / 74.96MB 5.0s
2026-07-24T13:18:07.5311003Z #15 sha256:b0d7d832459327548cd7a8510001f16e317e0620d38b30d75a6ba9c5b1a1482d 76.55MB / 177.89MB 4.7s
2026-07-24T13:18:07.5311843Z #15 sha256:369e46e487316155d09f898ec50c02180d49f7ac3f9a3f6069b0d21d80557714 5.24MB / 32.26MB 1.5s
2026-07-24T13:18:07.5312650Z #15 sha256:68629629b516c3cd6f5e71ffbe18e32afb1ae5b4926c92d058c0f11ef1fd58a3 1.05MB / 28.24MB 0.2s
2026-07-24T13:18:07.6816074Z #15 sha256:369e46e487316155d09f898ec50c02180d49f7ac3f9a3f6069b0d21d80557714 7.34MB / 32.26MB 1.7s
2026-07-24T13:18:07.6817450Z #15 sha256:68629629b516c3cd6f5e71ffbe18e32afb1ae5b4926c92d058c0f11ef1fd58a3 5.24MB / 28.24MB 0.3s
2026-07-24T13:18:07.8320024Z #15 sha256:ce2c57129a410f21f57267ecac2abd3ee7a9d09910bdb87562a28c267c3939d9 65.01MB / 74.96MB 5.3s
2026-07-24T13:18:07.8321357Z #15 sha256:369e46e487316155d09f898ec50c02180d49f7ac3f9a3f6069b0d21d80557714 10.49MB / 32.26MB 1.8s
2026-07-24T13:18:07.8322383Z #15 sha256:68629629b516c3cd6f5e71ffbe18e32afb1ae5b4926c92d058c0f11ef1fd58a3 9.44MB / 28.24MB 0.5s
2026-07-24T13:18:07.9829581Z #15 sha256:b0d7d832459327548cd7a8510001f16e317e0620d38b30d75a6ba9c5b1a1482d 89.13MB / 177.89MB 5.1s
2026-07-24T13:18:07.9831281Z #15 sha256:369e46e487316155d09f898ec50c02180d49f7ac3f9a3f6069b0d21d80557714 13.63MB / 32.26MB 2.0s
2026-07-24T13:18:07.9833024Z #15 sha256:68629629b516c3cd6f5e71ffbe18e32afb1ae5b4926c92d058c0f11ef1fd58a3 13.63MB / 28.24MB 0.6s
2026-07-24T13:18:08.1358461Z #15 sha256:ce2c57129a410f21f57267ecac2abd3ee7a9d09910bdb87562a28c267c3939d9 70.25MB / 74.96MB 5.6s
2026-07-24T13:18:08.1360199Z #15 sha256:369e46e487316155d09f898ec50c02180d49f7ac3f9a3f6069b0d21d80557714 17.83MB / 32.26MB 2.1s
2026-07-24T13:18:08.1361786Z #15 sha256:68629629b516c3cd6f5e71ffbe18e32afb1ae5b4926c92d058c0f11ef1fd58a3 17.83MB / 28.24MB 0.8s
2026-07-24T13:18:08.2807434Z #15 sha256:369e46e487316155d09f898ec50c02180d49f7ac3f9a3f6069b0d21d80557714 22.02MB / 32.26MB 2.3s
2026-07-24T13:18:08.2810402Z #15 sha256:68629629b516c3cd6f5e71ffbe18e32afb1ae5b4926c92d058c0f11ef1fd58a3 28.24MB / 28.24MB 0.9s done
2026-07-24T13:18:08.2811906Z #15 extracting sha256:68629629b516c3cd6f5e71ffbe18e32afb1ae5b4926c92d058c0f11ef1fd58a3
2026-07-24T13:18:08.4309470Z #15 sha256:b0d7d832459327548cd7a8510001f16e317e0620d38b30d75a6ba9c5b1a1482d 101.71MB / 177.89MB 5.6s
2026-07-24T13:18:08.4311125Z #15 sha256:369e46e487316155d09f898ec50c02180d49f7ac3f9a3f6069b0d21d80557714 26.21MB / 32.26MB 2.4s
2026-07-24T13:18:08.5812695Z #15 sha256:ce2c57129a410f21f57267ecac2abd3ee7a9d09910bdb87562a28c267c3939d9 74.96MB / 74.96MB 6.0s done
2026-07-24T13:18:08.5815037Z #15 sha256:369e46e487316155d09f898ec50c02180d49f7ac3f9a3f6069b0d21d80557714 30.41MB / 32.26MB 2.6s
2026-07-24T13:18:08.8109689Z #15 sha256:b0d7d832459327548cd7a8510001f16e317e0620d38b30d75a6ba9c5b1a1482d 112.20MB / 177.89MB 6.0s
2026-07-24T13:18:08.8113051Z #15 sha256:369e46e487316155d09f898ec50c02180d49f7ac3f9a3f6069b0d21d80557714 32.26MB / 32.26MB 2.6s done
2026-07-24T13:18:09.1111419Z #15 extracting sha256:68629629b516c3cd6f5e71ffbe18e32afb1ae5b4926c92d058c0f11ef1fd58a3 0.8s done
2026-07-24T13:18:09.1112594Z #15 extracting sha256:5cc52b0eabac9e33649ff857181545e129e3763895cd0c30a82ef5a4f532659f
2026-07-24T13:18:09.2288802Z #15 extracting sha256:5cc52b0eabac9e33649ff857181545e129e3763895cd0c30a82ef5a4f532659f 0.3s done
2026-07-24T13:18:09.4112083Z #15 sha256:b0d7d832459327548cd7a8510001f16e317e0620d38b30d75a6ba9c5b1a1482d 124.78MB / 177.89MB 6.5s
2026-07-24T13:18:09.4113320Z #15 extracting sha256:33ab927dd0b40e0e12b1c744ea555a3d4bd3d5134535dfbda2d86ee99a868ea0 done
2026-07-24T13:18:09.4116773Z #15 extracting sha256:369e46e487316155d09f898ec50c02180d49f7ac3f9a3f6069b0d21d80557714
2026-07-24T13:18:09.7111309Z #15 sha256:b0d7d832459327548cd7a8510001f16e317e0620d38b30d75a6ba9c5b1a1482d 137.36MB / 177.89MB 6.9s
2026-07-24T13:18:09.7113625Z #15 extracting sha256:369e46e487316155d09f898ec50c02180d49f7ac3f9a3f6069b0d21d80557714 0.4s done
2026-07-24T13:18:09.7115269Z #15 extracting sha256:0e5539ed2775bdbdae40e349b882518e23f72473c3c0ee9b36fbe3b48430ff6d done
2026-07-24T13:18:09.7116854Z #15 extracting sha256:e1832c1b48a6042dc2be559908683ef9dae2586a8d8e47c9c9fbc48c6aa03c2e
2026-07-24T13:18:09.8610560Z #15 extracting sha256:e1832c1b48a6042dc2be559908683ef9dae2586a8d8e47c9c9fbc48c6aa03c2e 0.1s done
2026-07-24T13:18:09.8613781Z #15 extracting sha256:f643d834db55faad1eb60e02f90129bbc582d5780c4ab56e4f2c610a7f5b9583
2026-07-24T13:18:10.1611072Z #15 sha256:b0d7d832459327548cd7a8510001f16e317e0620d38b30d75a6ba9c5b1a1482d 149.95MB / 177.89MB 7.4s
2026-07-24T13:18:10.4618091Z #15 extracting sha256:f643d834db55faad1eb60e02f90129bbc582d5780c4ab56e4f2c610a7f5b9583 0.7s done
2026-07-24T13:18:10.6112705Z #15 sha256:b0d7d832459327548cd7a8510001f16e317e0620d38b30d75a6ba9c5b1a1482d 162.53MB / 177.89MB 7.8s
2026-07-24T13:18:11.0618802Z #15 sha256:b0d7d832459327548cd7a8510001f16e317e0620d38b30d75a6ba9c5b1a1482d 175.11MB / 177.89MB 8.3s
2026-07-24T13:18:11.4359855Z #15 sha256:b0d7d832459327548cd7a8510001f16e317e0620d38b30d75a6ba9c5b1a1482d 177.89MB / 177.89MB 8.5s done
2026-07-24T13:18:11.4360626Z #15 extracting sha256:b0d7d832459327548cd7a8510001f16e317e0620d38b30d75a6ba9c5b1a1482d
2026-07-24T13:18:13.8727076Z #15 extracting sha256:b0d7d832459327548cd7a8510001f16e317e0620d38b30d75a6ba9c5b1a1482d 2.6s done
2026-07-24T13:18:13.8728195Z #15 DONE 11.6s
2026-07-24T13:18:14.0301558Z 
2026-07-24T13:18:14.0302921Z #15 [build 5/8] RUN dotnet restore src/Ednsv.Web/Ednsv.Web.csproj
2026-07-24T13:18:14.0304963Z #15 extracting sha256:669b654f76f36f76f7e9ee1d5a81a55def35a6aab072f561e6417db52da31b7a done
2026-07-24T13:18:14.0306214Z #15 extracting sha256:4a1adfe703f2293ec5cde3dd610e571357be78d64c0d3de84e96ca94d8439dbf
2026-07-24T13:18:14.1459194Z #15 extracting sha256:4a1adfe703f2293ec5cde3dd610e571357be78d64c0d3de84e96ca94d8439dbf 0.3s done
2026-07-24T13:18:14.1460530Z #15 DONE 11.9s
2026-07-24T13:18:14.3094211Z 
2026-07-24T13:18:14.3095891Z #15 [build 5/8] RUN dotnet restore src/Ednsv.Web/Ednsv.Web.csproj
2026-07-24T13:18:14.3096856Z #15 extracting sha256:527e962643720863df9b6d7e1029f629eb5f4ae8ec95166afd6bb178bbbbe997 done
2026-07-24T13:18:14.3097966Z #15 extracting sha256:a8149a111a6fb6479dbd4fc7d6ad0bebbdaba37313113f74813b465baf1959c0 done
2026-07-24T13:18:14.3099116Z #15 extracting sha256:211371f29f7c4fca7eb7a209f41f8321ed68dd15ab2594c8f8566a2c0c1457da done
2026-07-24T13:18:14.3100150Z #15 extracting sha256:ce2c57129a410f21f57267ecac2abd3ee7a9d09910bdb87562a28c267c3939d9
2026-07-24T13:18:14.8777902Z #15 extracting sha256:ce2c57129a410f21f57267ecac2abd3ee7a9d09910bdb87562a28c267c3939d9 0.7s done
2026-07-24T13:18:14.8778722Z #15 DONE 12.6s
2026-07-24T13:18:15.0284470Z 
2026-07-24T13:18:15.0285353Z #16 [build 6/8] COPY src/Ednsv.Core/ src/Ednsv.Core/
2026-07-24T13:18:17.0912073Z #16 DONE 2.2s
2026-07-24T13:18:17.2540100Z 
2026-07-24T13:18:17.2540949Z #17 [build 7/8] COPY src/Ednsv.Web/ src/Ednsv.Web/
2026-07-24T13:18:17.2541633Z #17 DONE 0.0s
2026-07-24T13:18:17.2541807Z 
2026-07-24T13:18:17.2542603Z #18 [build 8/8] RUN dotnet publish src/Ednsv.Web/Ednsv.Web.csproj         --configuration Release         --no-restore         --output /app/publish         /p:UseAppHost=false
2026-07-24T13:18:22.2234015Z #18 5.120   Ednsv.Core -> /src/src/Ednsv.Core/bin/Release/net8.0/Ednsv.Core.dll
2026-07-24T13:18:24.1335044Z #18 7.030   Ednsv.Web -> /src/src/Ednsv.Web/bin/Release/net8.0/Ednsv.Web.dll
2026-07-24T13:18:24.2831249Z #18 7.098   Ednsv.Web -> /app/publish/
2026-07-24T13:18:24.2831810Z #18 DONE 7.2s
2026-07-24T13:18:24.4113741Z 
2026-07-24T13:18:24.4114545Z #19 [runtime 2/3] WORKDIR /app
2026-07-24T13:18:24.4114944Z #19 CACHED
2026-07-24T13:18:24.5632013Z 
2026-07-24T13:18:24.5632610Z #19 [runtime 2/3] WORKDIR /app
2026-07-24T13:18:24.5652383Z #19 sha256:bdfb1b7be15f0038506cb2710b7f14f953d0fe0b5f6f7b8d1d91b1f840367f0b 0B / 93B 0.2s
2026-07-24T13:18:24.7025212Z #19 sha256:bdfb1b7be15f0038506cb2710b7f14f953d0fe0b5f6f7b8d1d91b1f840367f0b 93B / 93B 0.3s done
2026-07-24T13:18:24.7026393Z #19 DONE 0.4s
2026-07-24T13:18:24.8766447Z 
2026-07-24T13:18:24.8766972Z #19 [runtime 2/3] WORKDIR /app
2026-07-24T13:18:24.8767790Z #19 extracting sha256:bdfb1b7be15f0038506cb2710b7f14f953d0fe0b5f6f7b8d1d91b1f840367f0b done
2026-07-24T13:18:24.8768623Z #19 DONE 0.4s
2026-07-24T13:18:24.8768801Z 
2026-07-24T13:18:24.8769015Z #20 [runtime 3/3] COPY --from=build /app/publish ./
2026-07-24T13:18:24.8769501Z #20 DONE 0.0s
2026-07-24T13:18:24.8769676Z 
2026-07-24T13:18:24.8769819Z #21 exporting to image
2026-07-24T13:18:24.8770177Z #21 exporting layers
2026-07-24T13:18:24.9549009Z #21 exporting layers 0.2s done
2026-07-24T13:18:25.1199716Z #21 exporting manifest sha256:70875a03eea8116d85f13ad08de9ff3f4aa99762b468ee361432e1850c919897 done
2026-07-24T13:18:25.1202593Z #21 exporting config sha256:5c04539e5d3e92a68d5cd5f7c2f8481c72b8eb0033bda97c49151779e14a8ebb done
2026-07-24T13:18:25.1205164Z #21 exporting attestation manifest sha256:54908f1cd659392d3bed8ca00b1b12c2118165efef065132050da872cdaecb2b done
2026-07-24T13:18:25.1206759Z #21 exporting manifest list sha256:b3f41886b38fe59717776f10954a035b0f4410a55ed400e1f7636c346cbcdf76 done
2026-07-24T13:18:25.1207766Z #21 pushing layers
2026-07-24T13:18:25.2703375Z #21 ...
2026-07-24T13:18:25.2706985Z 
2026-07-24T13:18:25.2707308Z #22 [auth] pkinerd/ednsv:pull,push token for ghcr.io
2026-07-24T13:18:25.2707837Z #22 DONE 0.0s
2026-07-24T13:18:25.4206694Z 
2026-07-24T13:18:25.4207482Z #23 exporting to GitHub Actions Cache
2026-07-24T13:18:25.4208021Z #23 preparing build cache for export
2026-07-24T13:18:25.5706216Z #23 preparing build cache for export 0.6s done
2026-07-24T13:18:25.5706868Z #23 sending cache export
2026-07-24T13:18:26.5043218Z #23 writing layer sha256:8f63fa996ec53c9e780acca9bafa7052b608262ac2998df9d429ef9de23996f8
2026-07-24T13:18:27.9424849Z #23 writing layer sha256:8f63fa996ec53c9e780acca9bafa7052b608262ac2998df9d429ef9de23996f8 1.4s done
2026-07-24T13:18:28.1799647Z #23 writing layer sha256:993e8b39ddfa8b668b5a2190ae888340aa5f6067077a7b61f890958820b68b47
2026-07-24T13:18:29.1390955Z #23 writing layer sha256:993e8b39ddfa8b668b5a2190ae888340aa5f6067077a7b61f890958820b68b47 1.1s done
2026-07-24T13:18:29.3784489Z #23 writing layer sha256:a3b1cb123979f246f21bc2f92f56e090daf47744aa64da82a886791e0548dd0e
2026-07-24T13:18:29.8499874Z #23 writing layer sha256:a3b1cb123979f246f21bc2f92f56e090daf47744aa64da82a886791e0548dd0e 0.6s done
2026-07-24T13:18:30.2179420Z #23 writing layer sha256:c34863fe43b41956b2c7d832b896f0e114b28ed2cd81ce9516119f9a659711df
2026-07-24T13:18:30.6771174Z #23 writing layer sha256:c34863fe43b41956b2c7d832b896f0e114b28ed2cd81ce9516119f9a659711df 0.5s done
2026-07-24T13:18:31.4469431Z #23 sending cache export 5.9s done
2026-07-24T13:18:31.4470013Z #23 DONE 6.5s
2026-07-24T13:18:31.4470189Z 
2026-07-24T13:18:31.4470308Z #21 exporting to image
2026-07-24T13:18:31.4470628Z #21 pushing layers 0.7s done
2026-07-24T13:18:31.4471446Z #21 pushing manifest for ghcr.io/pkinerd/ednsv:pr-27@sha256:b3f41886b38fe59717776f10954a035b0f4410a55ed400e1f7636c346cbcdf76 3.4s done
2026-07-24T13:18:31.4472760Z #21 pushing manifest for ghcr.io/pkinerd/ednsv:latest-any@sha256:b3f41886b38fe59717776f10954a035b0f4410a55ed400e1f7636c346cbcdf76
2026-07-24T13:18:32.0129355Z #21 pushing manifest for ghcr.io/pkinerd/ednsv:latest-any@sha256:b3f41886b38fe59717776f10954a035b0f4410a55ed400e1f7636c346cbcdf76 0.8s done
2026-07-24T13:18:32.6671529Z #21 pushing layers 0.7s done
2026-07-24T13:18:32.6672779Z #21 pushing manifest for ghcr.io/pkinerd/ednsv:sha-bf59af2@sha256:b3f41886b38fe59717776f10954a035b0f4410a55ed400e1f7636c346cbcdf76
2026-07-24T13:18:33.4320113Z #21 pushing manifest for ghcr.io/pkinerd/ednsv:sha-bf59af2@sha256:b3f41886b38fe59717776f10954a035b0f4410a55ed400e1f7636c346cbcdf76 0.8s done
2026-07-24T13:18:33.4321267Z #21 DONE 8.7s
2026-07-24T13:18:33.4577068Z 
2026-07-24T13:18:33.4577515Z #24 resolving provenance for metadata file
2026-07-24T13:18:33.4577970Z #24 DONE 0.0s
2026-07-24T13:18:33.4664727Z ##[group]ImageID
2026-07-24T13:18:33.4665119Z sha256:b3f41886b38fe59717776f10954a035b0f4410a55ed400e1f7636c346cbcdf76
2026-07-24T13:18:33.4666377Z ##[endgroup]
2026-07-24T13:18:33.4667089Z ##[group]Digest
2026-07-24T13:18:33.4667636Z sha256:b3f41886b38fe59717776f10954a035b0f4410a55ed400e1f7636c346cbcdf76
2026-07-24T13:18:33.4668710Z ##[endgroup]
2026-07-24T13:18:33.4669342Z ##[group]Metadata
2026-07-24T13:18:33.4673197Z {
2026-07-24T13:18:33.4673589Z   "buildx.build.provenance": {
2026-07-24T13:18:33.4674431Z     "builder": {
2026-07-24T13:18:33.4675200Z       "id": "https://github.com/pkinerd/ednsv/actions/runs/30096265334/attempts/1"
2026-07-24T13:18:33.4675861Z     },
2026-07-24T13:18:33.4676296Z     "buildType": "https://mobyproject.org/buildkit@v1",
2026-07-24T13:18:33.4676864Z     "materials": [
2026-07-24T13:18:33.4677265Z       {
2026-07-24T13:18:33.4677655Z         "uri": "pkg:docker/docker/dockerfile@1.7",
2026-07-24T13:18:33.4678237Z         "digest": {
2026-07-24T13:18:33.4678864Z           "sha256": "a57df69d0ea827fb7266491f2813635de6f17269be881f696fbfdf2d83dda33e"
2026-07-24T13:18:33.4679643Z         }
2026-07-24T13:18:33.4679954Z       },
2026-07-24T13:18:33.4680404Z       {
2026-07-24T13:18:33.4681366Z         "uri": "pkg:docker/mcr.microsoft.com/dotnet/aspnet@8.0?platform=linux%2Famd64",
2026-07-24T13:18:33.4682610Z         "digest": {
2026-07-24T13:18:33.4683318Z           "sha256": "9822a6201c64c9f38b8a190832a7ae21cd30150d509b3ea170fd83b4f4e6166a"
2026-07-24T13:18:33.4684469Z         }
2026-07-24T13:18:33.4684936Z       },
2026-07-24T13:18:33.4685375Z       {
2026-07-24T13:18:33.4686386Z         "uri": "pkg:docker/mcr.microsoft.com/dotnet/sdk@8.0?platform=linux%2Famd64",
2026-07-24T13:18:33.4687333Z         "digest": {
2026-07-24T13:18:33.4688055Z           "sha256": "89ce6291bde9acdf59594e79fb8277c6d84c46e4b1f5bf126a4f18766e4bd597"
2026-07-24T13:18:33.4688952Z         }
2026-07-24T13:18:33.4689346Z       }
2026-07-24T13:18:33.4689751Z     ],
2026-07-24T13:18:33.4690196Z     "invocation": {
2026-07-24T13:18:33.4690718Z       "configSource": {
2026-07-24T13:18:33.4691269Z         "entryPoint": "Dockerfile"
2026-07-24T13:18:33.4691898Z       },
2026-07-24T13:18:33.4692358Z       "parameters": {
2026-07-24T13:18:33.4692796Z         "frontend": "gateway.v0",
2026-07-24T13:18:33.4693252Z         "args": {
2026-07-24T13:18:33.4693701Z           "cmdline": "docker/dockerfile:1.7",
2026-07-24T13:18:33.4694953Z           "label:org.opencontainers.image.created": "2026-07-24T13:17:59.404Z",
2026-07-24T13:18:33.4695810Z           "label:org.opencontainers.image.description": "",
2026-07-24T13:18:33.4696414Z           "label:org.opencontainers.image.licenses": "",
2026-07-24T13:18:33.4697202Z           "label:org.opencontainers.image.revision": "bf59af29cfb2f2950007619e326c8c5ecae25537",
2026-07-24T13:18:33.4698142Z           "label:org.opencontainers.image.source": "https://github.com/pkinerd/ednsv",
2026-07-24T13:18:33.4698845Z           "label:org.opencontainers.image.title": "ednsv",
2026-07-24T13:18:33.4699506Z           "label:org.opencontainers.image.url": "https://github.com/pkinerd/ednsv",
2026-07-24T13:18:33.4700201Z           "label:org.opencontainers.image.version": "pr-27",
2026-07-24T13:18:33.4700700Z           "source": "docker/dockerfile:1.7"
2026-07-24T13:18:33.4701108Z         },
2026-07-24T13:18:33.4701399Z         "locals": [
2026-07-24T13:18:33.4701687Z           {
2026-07-24T13:18:33.4701962Z             "name": "context"
2026-07-24T13:18:33.4702305Z           },
2026-07-24T13:18:33.4702584Z           {
2026-07-24T13:18:33.4702874Z             "name": "dockerfile"
2026-07-24T13:18:33.4703240Z           }
2026-07-24T13:18:33.4703500Z         ],
2026-07-24T13:18:33.4703774Z         "root": {
2026-07-24T13:18:33.4704105Z           "configSource": {
2026-07-24T13:18:33.4704731Z             "path": "Dockerfile"
2026-07-24T13:18:33.4705127Z           },
2026-07-24T13:18:33.4705422Z           "request": {
2026-07-24T13:18:33.4705759Z             "args": {
2026-07-24T13:18:33.4706299Z               "label:org.opencontainers.image.created": "2026-07-24T13:17:59.404Z",
2026-07-24T13:18:33.4707065Z               "label:org.opencontainers.image.description": "",
2026-07-24T13:18:33.4707716Z               "label:org.opencontainers.image.licenses": "",
2026-07-24T13:18:33.4708546Z               "label:org.opencontainers.image.revision": "bf59af29cfb2f2950007619e326c8c5ecae25537",
2026-07-24T13:18:33.4709638Z               "label:org.opencontainers.image.source": "https://github.com/pkinerd/ednsv",
2026-07-24T13:18:33.4710421Z               "label:org.opencontainers.image.title": "ednsv",
2026-07-24T13:18:33.4711158Z               "label:org.opencontainers.image.url": "https://github.com/pkinerd/ednsv",
2026-07-24T13:18:33.4711956Z               "label:org.opencontainers.image.version": "pr-27",
2026-07-24T13:18:33.4712546Z               "vcs:localdir:context": ".",
2026-07-24T13:18:33.4713048Z               "vcs:localdir:dockerfile": ".",
2026-07-24T13:18:33.4713583Z               "vcs:revision": "bf59af29cfb2f2950007619e326c8c5ecae25537",
2026-07-24T13:18:33.4714486Z               "vcs:source": "https://github.com/pkinerd/ednsv"
2026-07-24T13:18:33.4715001Z             }
2026-07-24T13:18:33.4715276Z           }
2026-07-24T13:18:33.4715554Z         },
2026-07-24T13:18:33.4715876Z         "compatibilityVersion": 30
2026-07-24T13:18:33.4716618Z       },
2026-07-24T13:18:33.4716925Z       "environment": {
2026-07-24T13:18:33.4717339Z         "github_actor": "pkinerd",
2026-07-24T13:18:33.4717809Z         "github_actor_id": "169779439",
2026-07-24T13:18:33.4718296Z         "github_event_name": "pull_request",
2026-07-24T13:18:33.4718924Z         "github_event_payload": {
2026-07-24T13:18:33.4719325Z           "action": "synchronize",
2026-07-24T13:18:33.4719926Z           "after": "cd9555bb3f9736a5d951592dee12895203da3570",
2026-07-24T13:18:33.4720631Z           "before": "9f46286e606a1e946ac1174b6624379be87cf1d3",
2026-07-24T13:18:33.4721206Z           "number": 27,
2026-07-24T13:18:33.4721602Z           "pull_request": {
2026-07-24T13:18:33.4721993Z             "_links": {
2026-07-24T13:18:33.4722352Z               "comments": {
2026-07-24T13:18:33.4722947Z                 "href": "https://api.github.com/repos/pkinerd/ednsv/issues/27/comments"
2026-07-24T13:18:33.4723630Z               },
2026-07-24T13:18:33.4723944Z               "commits": {
2026-07-24T13:18:33.4724893Z                 "href": "https://api.github.com/repos/pkinerd/ednsv/pulls/27/commits"
2026-07-24T13:18:33.4725599Z               },
2026-07-24T13:18:33.4725961Z               "html": {
2026-07-24T13:18:33.4726461Z                 "href": "https://github.com/pkinerd/ednsv/pull/27"
2026-07-24T13:18:33.4727054Z               },
2026-07-24T13:18:33.4727365Z               "issue": {
2026-07-24T13:18:33.4727879Z                 "href": "https://api.github.com/repos/pkinerd/ednsv/issues/27"
2026-07-24T13:18:33.4728514Z               },
2026-07-24T13:18:33.4728823Z               "review_comment": {
2026-07-24T13:18:33.4729408Z                 "href": "https://api.github.com/repos/pkinerd/ednsv/pulls/comments{/number}"
2026-07-24T13:18:33.4730061Z               },
2026-07-24T13:18:33.4730385Z               "review_comments": {
2026-07-24T13:18:33.4731130Z                 "href": "https://api.github.com/repos/pkinerd/ednsv/pulls/27/comments"
2026-07-24T13:18:33.4731937Z               },
2026-07-24T13:18:33.4732340Z               "self": {
2026-07-24T13:18:33.4732935Z                 "href": "https://api.github.com/repos/pkinerd/ednsv/pulls/27"
2026-07-24T13:18:33.4733575Z               },
2026-07-24T13:18:33.4733909Z               "statuses": {
2026-07-24T13:18:33.4735003Z                 "href": "https://api.github.com/repos/pkinerd/ednsv/statuses/cd9555bb3f9736a5d951592dee12895203da3570"
2026-07-24T13:18:33.4736018Z               }
2026-07-24T13:18:33.4736354Z             },
2026-07-24T13:18:33.4736710Z             "active_lock_reason": null,
2026-07-24T13:18:33.4737171Z             "additions": 108,
2026-07-24T13:18:33.4737588Z             "assignee": null,
2026-07-24T13:18:33.4738029Z             "assignees": [],
2026-07-24T13:18:33.4738462Z             "author_association": "OWNER",
2026-07-24T13:18:33.4738943Z             "auto_merge": null,
2026-07-24T13:18:33.4739356Z             "base": {
2026-07-24T13:18:33.4739743Z               "label": "pkinerd:main",
2026-07-24T13:18:33.4740204Z               "ref": "main",
2026-07-24T13:18:33.4740600Z               "repo": {
2026-07-24T13:18:33.4740994Z                 "allow_auto_merge": false,
2026-07-24T13:18:33.4741460Z                 "allow_forking": true,
2026-07-24T13:18:33.4741960Z                 "allow_merge_commit": true,
2026-07-24T13:18:33.4742456Z                 "allow_rebase_merge": true,
2026-07-24T13:18:33.4742944Z                 "allow_squash_merge": true,
2026-07-24T13:18:33.4743471Z                 "allow_update_branch": false,
2026-07-24T13:18:33.4744595Z                 "archive_url": "https://api.github.com/repos/pkinerd/ednsv/{archive_format}{/ref}",
2026-07-24T13:18:33.4745411Z                 "archived": false,
2026-07-24T13:18:33.4746140Z                 "assignees_url": "https://api.github.com/repos/pkinerd/ednsv/assignees{/user}",
2026-07-24T13:18:33.4747198Z                 "blobs_url": "https://api.github.com/repos/pkinerd/ednsv/git/blobs{/sha}",
2026-07-24T13:18:33.4748225Z                 "branches_url": "https://api.github.com/repos/pkinerd/ednsv/branches{/branch}",
2026-07-24T13:18:33.4749351Z                 "clone_url": "https://github.com/pkinerd/ednsv.git",
2026-07-24T13:18:33.4750496Z                 "collaborators_url": "https://api.github.com/repos/pkinerd/ednsv/collaborators{/collaborator}",
2026-07-24T13:18:33.4751712Z                 "comments_url": "https://api.github.com/repos/pkinerd/ednsv/comments{/number}",
2026-07-24T13:18:33.4752712Z                 "commits_url": "https://api.github.com/repos/pkinerd/ednsv/commits{/sha}",
2026-07-24T13:18:33.4753750Z                 "compare_url": "https://api.github.com/repos/pkinerd/ednsv/compare/{base}...{head}",
2026-07-24T13:18:33.4755075Z                 "contents_url": "https://api.github.com/repos/pkinerd/ednsv/contents/{+path}",
2026-07-24T13:18:33.4756141Z                 "contributors_url": "https://api.github.com/repos/pkinerd/ednsv/contributors",
2026-07-24T13:18:33.4756957Z                 "created_at": "2026-03-30T21:24:40Z",
2026-07-24T13:18:33.4757483Z                 "default_branch": "main",
2026-07-24T13:18:33.4757992Z                 "delete_branch_on_merge": false,
2026-07-24T13:18:33.4758776Z                 "deployments_url": "https://api.github.com/repos/pkinerd/ednsv/deployments",
2026-07-24T13:18:33.4759558Z                 "description": null,
2026-07-24T13:18:33.4760050Z                 "disabled": false,
2026-07-24T13:18:33.4760737Z                 "downloads_url": "https://api.github.com/repos/pkinerd/ednsv/downloads",
2026-07-24T13:18:33.4761655Z                 "events_url": "https://api.github.com/repos/pkinerd/ednsv/events",
2026-07-24T13:18:33.4762353Z                 "fork": false,
2026-07-24T13:18:33.4762766Z                 "forks": 0,
2026-07-24T13:18:33.4763179Z                 "forks_count": 0,
2026-07-24T13:18:33.4763813Z                 "forks_url": "https://api.github.com/repos/pkinerd/ednsv/forks",
2026-07-24T13:18:33.4764700Z                 "full_name": "pkinerd/ednsv",
2026-07-24T13:18:33.4765528Z                 "git_commits_url": "https://api.github.com/repos/pkinerd/ednsv/git/commits{/sha}",
2026-07-24T13:18:33.4766566Z                 "git_refs_url": "https://api.github.com/repos/pkinerd/ednsv/git/refs{/sha}",
2026-07-24T13:18:33.4767579Z                 "git_tags_url": "https://api.github.com/repos/pkinerd/ednsv/git/tags{/sha}",
2026-07-24T13:18:33.4768403Z                 "git_url": "git://github.com/pkinerd/ednsv.git",
2026-07-24T13:18:33.4769011Z                 "has_discussions": false,
2026-07-24T13:18:33.4769491Z                 "has_downloads": false,
2026-07-24T13:18:33.4769990Z                 "has_issues": true,
2026-07-24T13:18:33.4770438Z                 "has_pages": false,
2026-07-24T13:18:33.4770921Z                 "has_projects": true,
2026-07-24T13:18:33.4771444Z                 "has_pull_requests": true,
2026-07-24T13:18:33.4772007Z                 "has_wiki": true,
2026-07-24T13:18:33.4772400Z                 "homepage": null,
2026-07-24T13:18:33.4772977Z                 "hooks_url": "https://api.github.com/repos/pkinerd/ednsv/hooks",
2026-07-24T13:18:33.4773734Z                 "html_url": "https://github.com/pkinerd/ednsv",
2026-07-24T13:18:33.4774492Z                 "id": 1196602452,
2026-07-24T13:18:33.4774893Z                 "is_template": false,
2026-07-24T13:18:33.4775684Z                 "issue_comment_url": "https://api.github.com/repos/pkinerd/ednsv/issues/comments{/number}",
2026-07-24T13:18:33.4776823Z                 "issue_events_url": "https://api.github.com/repos/pkinerd/ednsv/issues/events{/number}",
2026-07-24T13:18:33.4777976Z                 "issues_url": "https://api.github.com/repos/pkinerd/ednsv/issues{/number}",
2026-07-24T13:18:33.4778790Z                 "keys_url": "https://api.github.com/repos/pkinerd/ednsv/keys{/key_id}",
2026-07-24T13:18:33.4779336Z                 "labels_url": "https://api.github.com/repos/pkinerd/ednsv/labels{/name}",
2026-07-24T13:18:33.4779724Z                 "language": "C#",
2026-07-24T13:18:33.4780077Z                 "languages_url": "https://api.github.com/repos/pkinerd/ednsv/languages",
2026-07-24T13:18:33.4780675Z                 "license": null,
2026-07-24T13:18:33.4780936Z                 "merge_commit_message": "PR_TITLE",
2026-07-24T13:18:33.4781245Z                 "merge_commit_title": "MERGE_MESSAGE",
2026-07-24T13:18:33.4781735Z                 "merges_url": "https://api.github.com/repos/pkinerd/ednsv/merges",
2026-07-24T13:18:33.4782266Z                 "milestones_url": "https://api.github.com/repos/pkinerd/ednsv/milestones{/number}",
2026-07-24T13:18:33.4782700Z                 "mirror_url": null,
2026-07-24T13:18:33.4782948Z                 "name": "ednsv",
2026-07-24T13:18:33.4783190Z                 "node_id": "R_kgDOR1K0VA",
2026-07-24T13:18:33.4783710Z                 "notifications_url": "https://api.github.com/repos/pkinerd/ednsv/notifications{?since,all,participating}",
2026-07-24T13:18:33.4784579Z                 "open_issues": 1,
2026-07-24T13:18:33.4784882Z                 "open_issues_count": 1,
2026-07-24T13:18:33.4785134Z                 "owner": {
2026-07-24T13:18:33.4785479Z                   "avatar_url": "https://avatars.githubusercontent.com/u/169779439?v=4",
2026-07-24T13:18:33.4785979Z                   "events_url": "https://api.github.com/users/pkinerd/events{/privacy}",
2026-07-24T13:18:33.4786462Z                   "followers_url": "https://api.github.com/users/pkinerd/followers",
2026-07-24T13:18:33.4787009Z                   "following_url": "https://api.github.com/users/pkinerd/following{/other_user}",
2026-07-24T13:18:33.4787518Z                   "gists_url": "https://api.github.com/users/pkinerd/gists{/gist_id}",
2026-07-24T13:18:33.4788018Z                   "gravatar_id": "",
2026-07-24T13:18:33.4788466Z                   "html_url": "https://github.com/pkinerd",
2026-07-24T13:18:33.4788938Z                   "id": 169779439,
2026-07-24T13:18:33.4789278Z                   "login": "pkinerd",
2026-07-24T13:18:33.4789683Z                   "node_id": "U_kgDOCh6g7w",
2026-07-24T13:18:33.4790148Z                   "organizations_url": "https://api.github.com/users/pkinerd/orgs",
2026-07-24T13:18:33.4790740Z                   "received_events_url": "https://api.github.com/users/pkinerd/received_events",
2026-07-24T13:18:33.4806415Z                   "repos_url": "https://api.github.com/users/pkinerd/repos",
2026-07-24T13:18:33.4807015Z                   "site_admin": false,
2026-07-24T13:18:33.4807883Z                   "starred_url": "https://api.github.com/users/pkinerd/starred{/owner}{/repo}",
2026-07-24T13:18:33.4808620Z                   "subscriptions_url": "https://api.github.com/users/pkinerd/subscriptions",
2026-07-24T13:18:33.4809059Z                   "type": "User",
2026-07-24T13:18:33.4809359Z                   "url": "https://api.github.com/users/pkinerd",
2026-07-24T13:18:33.4809709Z                   "user_view_type": "public"
2026-07-24T13:18:33.4809970Z                 },
2026-07-24T13:18:33.4810172Z                 "private": false,
2026-07-24T13:18:33.4810449Z                 "pull_request_creation_policy": "all",
2026-07-24T13:18:33.4810881Z                 "pulls_url": "https://api.github.com/repos/pkinerd/ednsv/pulls{/number}",
2026-07-24T13:18:33.4811320Z                 "pushed_at": "2026-07-24T13:16:50Z",
2026-07-24T13:18:33.4811749Z                 "releases_url": "https://api.github.com/repos/pkinerd/ednsv/releases{/id}",
2026-07-24T13:18:33.4812159Z                 "size": 32155,
2026-07-24T13:18:33.4812446Z                 "squash_merge_commit_message": "COMMIT_MESSAGES",
2026-07-24T13:18:33.4812806Z                 "squash_merge_commit_title": "COMMIT_OR_PR_TITLE",
2026-07-24T13:18:33.4813159Z                 "ssh_url": "git@github.com:pkinerd/ednsv.git",
2026-07-24T13:18:33.4813470Z                 "stargazers_count": 0,
2026-07-24T13:18:33.4813855Z                 "stargazers_url": "https://api.github.com/repos/pkinerd/ednsv/stargazers",
2026-07-24T13:18:33.4814912Z                 "statuses_url": "https://api.github.com/repos/pkinerd/ednsv/statuses/{sha}",
2026-07-24T13:18:33.4815764Z                 "subscribers_url": "https://api.github.com/repos/pkinerd/ednsv/subscribers",
2026-07-24T13:18:33.4816443Z                 "subscription_url": "https://api.github.com/repos/pkinerd/ednsv/subscription",
2026-07-24T13:18:33.4817145Z                 "svn_url": "https://github.com/pkinerd/ednsv",
2026-07-24T13:18:33.4817586Z                 "tags_url": "https://api.github.com/repos/pkinerd/ednsv/tags",
2026-07-24T13:18:33.4818037Z                 "teams_url": "https://api.github.com/repos/pkinerd/ednsv/teams",
2026-07-24T13:18:33.4818705Z                 "topics": [],
2026-07-24T13:18:33.4819082Z                 "trees_url": "https://api.github.com/repos/pkinerd/ednsv/git/trees{/sha}",
2026-07-24T13:18:33.4819642Z                 "updated_at": "2026-07-24T12:42:16Z",
2026-07-24T13:18:33.4819983Z                 "url": "https://api.github.com/repos/pkinerd/ednsv",
2026-07-24T13:18:33.4820336Z                 "use_squash_pr_title_as_default": false,
2026-07-24T13:18:33.4820628Z                 "visibility": "public",
2026-07-24T13:18:33.4820892Z                 "watchers": 0,
2026-07-24T13:18:33.4821122Z                 "watchers_count": 0,
2026-07-24T13:18:33.4821389Z                 "web_commit_signoff_required": false
2026-07-24T13:18:33.4821657Z               },
2026-07-24T13:18:33.4821900Z               "sha": "820c0019085f5073eb31d9822b29a158ec3c4826",
2026-07-24T13:18:33.4822194Z               "user": {
2026-07-24T13:18:33.4822522Z                 "avatar_url": "https://avatars.githubusercontent.com/u/169779439?v=4",
2026-07-24T13:18:33.4823014Z                 "events_url": "https://api.github.com/users/pkinerd/events{/privacy}",
2026-07-24T13:18:33.4823489Z                 "followers_url": "https://api.github.com/users/pkinerd/followers",
2026-07-24T13:18:33.4823996Z                 "following_url": "https://api.github.com/users/pkinerd/following{/other_user}",
2026-07-24T13:18:33.4825005Z                 "gists_url": "https://api.github.com/users/pkinerd/gists{/gist_id}",
2026-07-24T13:18:33.4825396Z                 "gravatar_id": "",
2026-07-24T13:18:33.4825678Z                 "html_url": "https://github.com/pkinerd",
2026-07-24T13:18:33.4825971Z                 "id": 169779439,
2026-07-24T13:18:33.4826207Z                 "login": "pkinerd",
2026-07-24T13:18:33.4826462Z                 "node_id": "U_kgDOCh6g7w",
2026-07-24T13:18:33.4826886Z                 "organizations_url": "https://api.github.com/users/pkinerd/orgs",
2026-07-24T13:18:33.4827405Z                 "received_events_url": "https://api.github.com/users/pkinerd/received_events",
2026-07-24T13:18:33.4827889Z                 "repos_url": "https://api.github.com/users/pkinerd/repos",
2026-07-24T13:18:33.4828235Z                 "site_admin": false,
2026-07-24T13:18:33.4828615Z                 "starred_url": "https://api.github.com/users/pkinerd/starred{/owner}{/repo}",
2026-07-24T13:18:33.4829142Z                 "subscriptions_url": "https://api.github.com/users/pkinerd/subscriptions",
2026-07-24T13:18:33.4829538Z                 "type": "User",
2026-07-24T13:18:33.4829816Z                 "url": "https://api.github.com/users/pkinerd",
2026-07-24T13:18:33.4830125Z                 "user_view_type": "public"
2026-07-24T13:18:33.4830367Z               }
2026-07-24T13:18:33.4830543Z             },
2026-07-24T13:18:33.4840631Z             "body": "## Summary\nThis PR enhances the web UI with better messaging and navigation, improves the config history system to handle legacy data formats, and refines several UI elements for better usability.\n\n## Key Changes\n\n### UI/UX Improvements\n- **Toast message system**: Replaced inline error messages with fixed-position toast notifications that don't cause layout shifts. Added manual dismiss buttons and differentiated auto-dismiss behavior (success messages auto-clear after 4s; warnings/errors persist until dismissed).\n- **Floating scroll navigation**: Added fixed scroll-to-top and scroll-to-bottom buttons in the bottom-right corner for easier navigation on the long config page, with responsive positioning on mobile.\n- **Collapsible sections**: Converted the \"Per-domain DKIM selectors\" panel to a collapsible `<details>` element with a dynamic hint showing the count of configured domains.\n- **External link indicators**: Added subtle \"↗\" icons to external links (API docs) across all pages with proper accessibility attributes.\n- **Navigation labels**: Renamed \"Tokens\" to \"Access Tokens\" for clarity across all pages.\n\n### Config History Migration\n- **Legacy format support**: Added backward compatibility for pre-split config history files where revision bodies were embedded inline in `config-history.json`. The system now:\n  - Reads legacy inline bodies on load\n  - Automatically externalizes them to individual `config-rev-{id}.json` files\n  - Collapses the index to the body-less format after successful migration\n  - Ensures `GetRevision()` can find all revisions regardless of storage format\n- **Robust migration**: Uses best-effort approach with retry logic; skips collapsing the index if any body fails to externalize, preventing data loss.\n\n### Implementation Details\n- Toast messages use CSS animations (`msgIn` keyframe) for smooth entrance and are positioned with `position: fixed` to prevent reflow.\n- Scroll navigation buttons are circular with hover effects and use `aria-hidden=\"true\"` since they're supplementary controls.\n- History migration normalizes domain lists and DKIM selectors during externalization to maintain data consistency.\n- Added comprehensive test coverage for legacy history migration with verification that both old and new formats work correctly.\n\nhttps://claude.ai/code/session_015QvoXY3GYdRayQzh6a6JPv",
2026-07-24T13:18:33.4851457Z             "changed_files": 5,
2026-07-24T13:18:33.4851707Z             "closed_at": null,
2026-07-24T13:18:33.4851935Z             "comments": 0,
2026-07-24T13:18:33.4852318Z             "comments_url": "https://api.github.com/repos/pkinerd/ednsv/issues/27/comments",
2026-07-24T13:18:33.4852736Z             "commits": 3,
2026-07-24T13:18:33.4853090Z             "commits_url": "https://api.github.com/repos/pkinerd/ednsv/pulls/27/commits",
2026-07-24T13:18:33.4853505Z             "created_at": "2026-07-24T13:00:52Z",
2026-07-24T13:18:33.4853788Z             "deletions": 25,
2026-07-24T13:18:33.4854104Z             "diff_url": "https://github.com/pkinerd/ednsv/pull/27.diff",
2026-07-24T13:18:33.4854723Z             "draft": false,
2026-07-24T13:18:33.4854938Z             "head": {
2026-07-24T13:18:33.4855212Z               "label": "pkinerd:claude/redis-caching-verify-45k9yk",
2026-07-24T13:18:33.4855577Z               "ref": "claude/redis-caching-verify-45k9yk",
2026-07-24T13:18:33.4855869Z               "repo": {
2026-07-24T13:18:33.4856083Z                 "allow_auto_merge": false,
2026-07-24T13:18:33.4856345Z                 "allow_forking": true,
2026-07-24T13:18:33.4856599Z                 "allow_merge_commit": true,
2026-07-24T13:18:33.4856862Z                 "allow_rebase_merge": true,
2026-07-24T13:18:33.4857129Z                 "allow_squash_merge": true,
2026-07-24T13:18:33.4857400Z                 "allow_update_branch": false,
2026-07-24T13:18:33.4857833Z                 "archive_url": "https://api.github.com/repos/pkinerd/ednsv/{archive_format}{/ref}",
2026-07-24T13:18:33.4858267Z                 "archived": false,
2026-07-24T13:18:33.4858651Z                 "assignees_url": "https://api.github.com/repos/pkinerd/ednsv/assignees{/user}",
2026-07-24T13:18:33.4859183Z                 "blobs_url": "https://api.github.com/repos/pkinerd/ednsv/git/blobs{/sha}",
2026-07-24T13:18:33.4859714Z                 "branches_url": "https://api.github.com/repos/pkinerd/ednsv/branches{/branch}",
2026-07-24T13:18:33.4860175Z                 "clone_url": "https://github.com/pkinerd/ednsv.git",
2026-07-24T13:18:33.4860717Z                 "collaborators_url": "https://api.github.com/repos/pkinerd/ednsv/collaborators{/collaborator}",
2026-07-24T13:18:33.4861325Z                 "comments_url": "https://api.github.com/repos/pkinerd/ednsv/comments{/number}",
2026-07-24T13:18:33.4862040Z                 "commits_url": "https://api.github.com/repos/pkinerd/ednsv/commits{/sha}",
2026-07-24T13:18:33.4862585Z                 "compare_url": "https://api.github.com/repos/pkinerd/ednsv/compare/{base}...{head}",
2026-07-24T13:18:33.4863243Z                 "contents_url": "https://api.github.com/repos/pkinerd/ednsv/contents/{+path}",
2026-07-24T13:18:33.4863788Z                 "contributors_url": "https://api.github.com/repos/pkinerd/ednsv/contributors",
2026-07-24T13:18:33.4864472Z                 "created_at": "2026-03-30T21:24:40Z",
2026-07-24T13:18:33.4864776Z                 "default_branch": "main",
2026-07-24T13:18:33.4865052Z                 "delete_branch_on_merge": false,
2026-07-24T13:18:33.4865465Z                 "deployments_url": "https://api.github.com/repos/pkinerd/ednsv/deployments",
2026-07-24T13:18:33.4865867Z                 "description": null,
2026-07-24T13:18:33.4866114Z                 "disabled": false,
2026-07-24T13:18:33.4866473Z                 "downloads_url": "https://api.github.com/repos/pkinerd/ednsv/downloads",
2026-07-24T13:18:33.4866976Z                 "events_url": "https://api.github.com/repos/pkinerd/ednsv/events",
2026-07-24T13:18:33.4867342Z                 "fork": false,
2026-07-24T13:18:33.4867571Z                 "forks": 0,
2026-07-24T13:18:33.4867790Z                 "forks_count": 0,
2026-07-24T13:18:33.4868121Z                 "forks_url": "https://api.github.com/repos/pkinerd/ednsv/forks",
2026-07-24T13:18:33.4868488Z                 "full_name": "pkinerd/ednsv",
2026-07-24T13:18:33.4868910Z                 "git_commits_url": "https://api.github.com/repos/pkinerd/ednsv/git/commits{/sha}",
2026-07-24T13:18:33.4869452Z                 "git_refs_url": "https://api.github.com/repos/pkinerd/ednsv/git/refs{/sha}",
2026-07-24T13:18:33.4869964Z                 "git_tags_url": "https://api.github.com/repos/pkinerd/ednsv/git/tags{/sha}",
2026-07-24T13:18:33.4870395Z                 "git_url": "git://github.com/pkinerd/ednsv.git",
2026-07-24T13:18:33.4870715Z                 "has_discussions": false,
2026-07-24T13:18:33.4870975Z                 "has_downloads": false,
2026-07-24T13:18:33.4871230Z                 "has_issues": true,
2026-07-24T13:18:33.4871469Z                 "has_pages": false,
2026-07-24T13:18:33.4871714Z                 "has_projects": true,
2026-07-24T13:18:33.4871968Z                 "has_pull_requests": true,
2026-07-24T13:18:33.4872222Z                 "has_wiki": true,
2026-07-24T13:18:33.4872455Z                 "homepage": null,
2026-07-24T13:18:33.4872775Z                 "hooks_url": "https://api.github.com/repos/pkinerd/ednsv/hooks",
2026-07-24T13:18:33.4873193Z                 "html_url": "https://github.com/pkinerd/ednsv",
2026-07-24T13:18:33.4873510Z                 "id": 1196602452,
2026-07-24T13:18:33.4873750Z                 "is_template": false,
2026-07-24T13:18:33.4874469Z                 "issue_comment_url": "https://api.github.com/repos/pkinerd/ednsv/issues/comments{/number}",
2026-07-24T13:18:33.4875121Z                 "issue_events_url": "https://api.github.com/repos/pkinerd/ednsv/issues/events{/number}",
2026-07-24T13:18:33.4875685Z                 "issues_url": "https://api.github.com/repos/pkinerd/ednsv/issues{/number}",
2026-07-24T13:18:33.4876190Z                 "keys_url": "https://api.github.com/repos/pkinerd/ednsv/keys{/key_id}",
2026-07-24T13:18:33.4876695Z                 "labels_url": "https://api.github.com/repos/pkinerd/ednsv/labels{/name}",
2026-07-24T13:18:33.4877081Z                 "language": "C#",
2026-07-24T13:18:33.4877429Z                 "languages_url": "https://api.github.com/repos/pkinerd/ednsv/languages",
2026-07-24T13:18:33.4877818Z                 "license": null,
2026-07-24T13:18:33.4878075Z                 "merge_commit_message": "PR_TITLE",
2026-07-24T13:18:33.4878384Z                 "merge_commit_title": "MERGE_MESSAGE",
2026-07-24T13:18:33.4878761Z                 "merges_url": "https://api.github.com/repos/pkinerd/ednsv/merges",
2026-07-24T13:18:33.4879432Z                 "milestones_url": "https://api.github.com/repos/pkinerd/ednsv/milestones{/number}",
2026-07-24T13:18:33.4879860Z                 "mirror_url": null,
2026-07-24T13:18:33.4880097Z                 "name": "ednsv",
2026-07-24T13:18:33.4880437Z                 "node_id": "R_kgDOR1K0VA",
2026-07-24T13:18:33.4880958Z                 "notifications_url": "https://api.github.com/repos/pkinerd/ednsv/notifications{?since,all,participating}",
2026-07-24T13:18:33.4881483Z                 "open_issues": 1,
2026-07-24T13:18:33.4881719Z                 "open_issues_count": 1,
2026-07-24T13:18:33.4881964Z                 "owner": {
2026-07-24T13:18:33.4882302Z                   "avatar_url": "https://avatars.githubusercontent.com/u/169779439?v=4",
2026-07-24T13:18:33.4882795Z                   "events_url": "https://api.github.com/users/pkinerd/events{/privacy}",
2026-07-24T13:18:33.4883273Z                   "followers_url": "https://api.github.com/users/pkinerd/followers",
2026-07-24T13:18:33.4883785Z                   "following_url": "https://api.github.com/users/pkinerd/following{/other_user}",
2026-07-24T13:18:33.4884628Z                   "gists_url": "https://api.github.com/users/pkinerd/gists{/gist_id}",
2026-07-24T13:18:33.4885048Z                   "gravatar_id": "",
2026-07-24T13:18:33.4885344Z                   "html_url": "https://github.com/pkinerd",
2026-07-24T13:18:33.4885634Z                   "id": 169779439,
2026-07-24T13:18:33.4885872Z                   "login": "pkinerd",
2026-07-24T13:18:33.4886136Z                   "node_id": "U_kgDOCh6g7w",
2026-07-24T13:18:33.4886502Z                   "organizations_url": "https://api.github.com/users/pkinerd/orgs",
2026-07-24T13:18:33.4887018Z                   "received_events_url": "https://api.github.com/users/pkinerd/received_events",
2026-07-24T13:18:33.4887495Z                   "repos_url": "https://api.github.com/users/pkinerd/repos",
2026-07-24T13:18:33.4887838Z                   "site_admin": false,
2026-07-24T13:18:33.4888224Z                   "starred_url": "https://api.github.com/users/pkinerd/starred{/owner}{/repo}",
2026-07-24T13:18:33.4888754Z                   "subscriptions_url": "https://api.github.com/users/pkinerd/subscriptions",
2026-07-24T13:18:33.4889149Z                   "type": "User",
2026-07-24T13:18:33.4889428Z                   "url": "https://api.github.com/users/pkinerd",
2026-07-24T13:18:33.4889740Z                   "user_view_type": "public"
2026-07-24T13:18:33.4889986Z                 },
2026-07-24T13:18:33.4890177Z                 "private": false,
2026-07-24T13:18:33.4890438Z                 "pull_request_creation_policy": "all",
2026-07-24T13:18:33.4890837Z                 "pulls_url": "https://api.github.com/repos/pkinerd/ednsv/pulls{/number}",
2026-07-24T13:18:33.4891240Z                 "pushed_at": "2026-07-24T13:16:50Z",
2026-07-24T13:18:33.4891636Z                 "releases_url": "https://api.github.com/repos/pkinerd/ednsv/releases{/id}",
2026-07-24T13:18:33.4892024Z                 "size": 32155,
2026-07-24T13:18:33.4892298Z                 "squash_merge_commit_message": "COMMIT_MESSAGES",
2026-07-24T13:18:33.4892654Z                 "squash_merge_commit_title": "COMMIT_OR_PR_TITLE",
2026-07-24T13:18:33.4892998Z                 "ssh_url": "git@github.com:pkinerd/ednsv.git",
2026-07-24T13:18:33.4893305Z                 "stargazers_count": 0,
2026-07-24T13:18:33.4893683Z                 "stargazers_url": "https://api.github.com/repos/pkinerd/ednsv/stargazers",
2026-07-24T13:18:33.4894462Z                 "statuses_url": "https://api.github.com/repos/pkinerd/ednsv/statuses/{sha}",
2026-07-24T13:18:33.4894998Z                 "subscribers_url": "https://api.github.com/repos/pkinerd/ednsv/subscribers",
2026-07-24T13:18:33.4895534Z                 "subscription_url": "https://api.github.com/repos/pkinerd/ednsv/subscription",
2026-07-24T13:18:33.4895986Z                 "svn_url": "https://github.com/pkinerd/ednsv",
2026-07-24T13:18:33.4896370Z                 "tags_url": "https://api.github.com/repos/pkinerd/ednsv/tags",
2026-07-24T13:18:33.4896972Z                 "teams_url": "https://api.github.com/repos/pkinerd/ednsv/teams",
2026-07-24T13:18:33.4897328Z                 "topics": [],
2026-07-24T13:18:33.4897806Z                 "trees_url": "https://api.github.com/repos/pkinerd/ednsv/git/trees{/sha}",
2026-07-24T13:18:33.4898214Z                 "updated_at": "2026-07-24T12:42:16Z",
2026-07-24T13:18:33.4898544Z                 "url": "https://api.github.com/repos/pkinerd/ednsv",
2026-07-24T13:18:33.4898896Z                 "use_squash_pr_title_as_default": false,
2026-07-24T13:18:33.4899190Z                 "visibility": "public",
2026-07-24T13:18:33.4899451Z                 "watchers": 0,
2026-07-24T13:18:33.4899683Z                 "watchers_count": 0,
2026-07-24T13:18:33.4899950Z                 "web_commit_signoff_required": false
2026-07-24T13:18:33.4900218Z               },
2026-07-24T13:18:33.4900455Z               "sha": "cd9555bb3f9736a5d951592dee12895203da3570",
2026-07-24T13:18:33.4900750Z               "user": {
2026-07-24T13:18:33.4901083Z                 "avatar_url": "https://avatars.githubusercontent.com/u/169779439?v=4",
2026-07-24T13:18:33.4901580Z                 "events_url": "https://api.github.com/users/pkinerd/events{/privacy}",
2026-07-24T13:18:33.4902064Z                 "followers_url": "https://api.github.com/users/pkinerd/followers",
2026-07-24T13:18:33.4902575Z                 "following_url": "https://api.github.com/users/pkinerd/following{/other_user}",
2026-07-24T13:18:33.4903079Z                 "gists_url": "https://api.github.com/users/pkinerd/gists{/gist_id}",
2026-07-24T13:18:33.4903453Z                 "gravatar_id": "",
2026-07-24T13:18:33.4903731Z                 "html_url": "https://github.com/pkinerd",
2026-07-24T13:18:33.4904016Z                 "id": 169779439,
2026-07-24T13:18:33.4904533Z                 "login": "pkinerd",
2026-07-24T13:18:33.4904799Z                 "node_id": "U_kgDOCh6g7w",
2026-07-24T13:18:33.4905180Z                 "organizations_url": "https://api.github.com/users/pkinerd/orgs",
2026-07-24T13:18:33.4905696Z                 "received_events_url": "https://api.github.com/users/pkinerd/received_events",
2026-07-24T13:18:33.4906172Z                 "repos_url": "https://api.github.com/users/pkinerd/repos",
2026-07-24T13:18:33.4906512Z                 "site_admin": false,
2026-07-24T13:18:33.4906899Z                 "starred_url": "https://api.github.com/users/pkinerd/starred{/owner}{/repo}",
2026-07-24T13:18:33.4907423Z                 "subscriptions_url": "https://api.github.com/users/pkinerd/subscriptions",
2026-07-24T13:18:33.4907816Z                 "type": "User",
2026-07-24T13:18:33.4908086Z                 "url": "https://api.github.com/users/pkinerd",
2026-07-24T13:18:33.4908393Z                 "user_view_type": "public"
2026-07-24T13:18:33.4908638Z               }
2026-07-24T13:18:33.4908817Z             },
2026-07-24T13:18:33.4909067Z             "html_url": "https://github.com/pkinerd/ednsv/pull/27",
2026-07-24T13:18:33.4909384Z             "id": 4124864814,
2026-07-24T13:18:33.4909715Z             "issue_url": "https://api.github.com/repos/pkinerd/ednsv/issues/27",
2026-07-24T13:18:33.4910074Z             "labels": [],
2026-07-24T13:18:33.4910289Z             "locked": false,
2026-07-24T13:18:33.4910524Z             "maintainer_can_modify": false,
2026-07-24T13:18:33.4910867Z             "merge_commit_sha": "9ad50c76e7cc7c969fd3e68343a4c57257a91d56",
2026-07-24T13:18:33.4911211Z             "mergeable": null,
2026-07-24T13:18:33.4911442Z             "mergeable_state": "unknown",
2026-07-24T13:18:33.4911693Z             "merged": false,
2026-07-24T13:18:33.4911913Z             "merged_at": null,
2026-07-24T13:18:33.4912135Z             "merged_by": null,
2026-07-24T13:18:33.4912358Z             "milestone": null,
2026-07-24T13:18:33.4912601Z             "node_id": "PR_kwDOR1K0VM713HEu",
2026-07-24T13:18:33.4912866Z             "number": 27,
2026-07-24T13:18:33.4913165Z             "patch_url": "https://github.com/pkinerd/ednsv/pull/27.patch",
2026-07-24T13:18:33.4913652Z             "rebaseable": null,
2026-07-24T13:18:33.4913890Z             "requested_reviewers": [],
2026-07-24T13:18:33.4914361Z             "requested_teams": [],
2026-07-24T13:18:33.4914940Z             "review_comment_url": "https://api.github.com/repos/pkinerd/ednsv/pulls/comments{/number}",
2026-07-24T13:18:33.4915401Z             "review_comments": 0,
2026-07-24T13:18:33.4915807Z             "review_comments_url": "https://api.github.com/repos/pkinerd/ednsv/pulls/27/comments",
2026-07-24T13:18:33.4916236Z             "state": "open",
2026-07-24T13:18:33.4916715Z             "statuses_url": "https://api.github.com/repos/pkinerd/ednsv/statuses/cd9555bb3f9736a5d951592dee12895203da3570",
2026-07-24T13:18:33.4917433Z             "title": "Improve UI/UX: toast messages, scroll nav, collapsible sections, and history migration",
2026-07-24T13:18:33.4917907Z             "updated_at": "2026-07-24T13:16:52Z",
2026-07-24T13:18:33.4918265Z             "url": "https://api.github.com/repos/pkinerd/ednsv/pulls/27",
2026-07-24T13:18:33.4918604Z             "user": {
2026-07-24T13:18:33.4918930Z               "avatar_url": "https://avatars.githubusercontent.com/u/169779439?v=4",
2026-07-24T13:18:33.4919420Z               "events_url": "https://api.github.com/users/pkinerd/events{/privacy}",
2026-07-24T13:18:33.4919953Z               "followers_url": "https://api.github.com/users/pkinerd/followers",
2026-07-24T13:18:33.4920456Z               "following_url": "https://api.github.com/users/pkinerd/following{/other_user}",
2026-07-24T13:18:33.4920956Z               "gists_url": "https://api.github.com/users/pkinerd/gists{/gist_id}",
2026-07-24T13:18:33.4921320Z               "gravatar_id": "",
2026-07-24T13:18:33.4921587Z               "html_url": "https://github.com/pkinerd",
2026-07-24T13:18:33.4921875Z               "id": 169779439,
2026-07-24T13:18:33.4922096Z               "login": "pkinerd",
2026-07-24T13:18:33.4922336Z               "node_id": "U_kgDOCh6g7w",
2026-07-24T13:18:33.4922689Z               "organizations_url": "https://api.github.com/users/pkinerd/orgs",
2026-07-24T13:18:33.4923198Z               "received_events_url": "https://api.github.com/users/pkinerd/received_events",
2026-07-24T13:18:33.4923674Z               "repos_url": "https://api.github.com/users/pkinerd/repos",
2026-07-24T13:18:33.4924028Z               "site_admin": false,
2026-07-24T13:18:33.4924820Z               "starred_url": "https://api.github.com/users/pkinerd/starred{/owner}{/repo}",
2026-07-24T13:18:33.4925368Z               "subscriptions_url": "https://api.github.com/users/pkinerd/subscriptions",
2026-07-24T13:18:33.4925763Z               "type": "User",
2026-07-24T13:18:33.4926032Z               "url": "https://api.github.com/users/pkinerd",
2026-07-24T13:18:33.4926336Z               "user_view_type": "public"
2026-07-24T13:18:33.4926577Z             }
2026-07-24T13:18:33.4926755Z           },
2026-07-24T13:18:33.4926939Z           "repository": {
2026-07-24T13:18:33.4927161Z             "allow_forking": true,
2026-07-24T13:18:33.4927571Z             "archive_url": "https://api.github.com/repos/pkinerd/ednsv/{archive_format}{/ref}",
2026-07-24T13:18:33.4927994Z             "archived": false,
2026-07-24T13:18:33.4928361Z             "assignees_url": "https://api.github.com/repos/pkinerd/ednsv/assignees{/user}",
2026-07-24T13:18:33.4928893Z             "blobs_url": "https://api.github.com/repos/pkinerd/ednsv/git/blobs{/sha}",
2026-07-24T13:18:33.4929412Z             "branches_url": "https://api.github.com/repos/pkinerd/ednsv/branches{/branch}",
2026-07-24T13:18:33.4929865Z             "clone_url": "https://github.com/pkinerd/ednsv.git",
2026-07-24T13:18:33.4930383Z             "collaborators_url": "https://api.github.com/repos/pkinerd/ednsv/collaborators{/collaborator}",
2026-07-24T13:18:33.4930986Z             "comments_url": "https://api.github.com/repos/pkinerd/ednsv/comments{/number}",
2026-07-24T13:18:33.4931501Z             "commits_url": "https://api.github.com/repos/pkinerd/ednsv/commits{/sha}",
2026-07-24T13:18:33.4932172Z             "compare_url": "https://api.github.com/repos/pkinerd/ednsv/compare/{base}...{head}",
2026-07-24T13:18:33.4932715Z             "contents_url": "https://api.github.com/repos/pkinerd/ednsv/contents/{+path}",
2026-07-24T13:18:33.4933349Z             "contributors_url": "https://api.github.com/repos/pkinerd/ednsv/contributors",
2026-07-24T13:18:33.4933773Z             "created_at": "2026-03-30T21:24:40Z",
2026-07-24T13:18:33.4934053Z             "default_branch": "main",
2026-07-24T13:18:33.4934701Z             "deployments_url": "https://api.github.com/repos/pkinerd/ednsv/deployments",
2026-07-24T13:18:33.4935112Z             "description": null,
2026-07-24T13:18:33.4935341Z             "disabled": false,
2026-07-24T13:18:33.4935686Z             "downloads_url": "https://api.github.com/repos/pkinerd/ednsv/downloads",
2026-07-24T13:18:33.4936171Z             "events_url": "https://api.github.com/repos/pkinerd/ednsv/events",
2026-07-24T13:18:33.4936530Z             "fork": false,
2026-07-24T13:18:33.4936749Z             "forks": 0,
2026-07-24T13:18:33.4936960Z             "forks_count": 0,
2026-07-24T13:18:33.4937276Z             "forks_url": "https://api.github.com/repos/pkinerd/ednsv/forks",
2026-07-24T13:18:33.4937636Z             "full_name": "pkinerd/ednsv",
2026-07-24T13:18:33.4938043Z             "git_commits_url": "https://api.github.com/repos/pkinerd/ednsv/git/commits{/sha}",
2026-07-24T13:18:33.4938576Z             "git_refs_url": "https://api.github.com/repos/pkinerd/ednsv/git/refs{/sha}",
2026-07-24T13:18:33.4939080Z             "git_tags_url": "https://api.github.com/repos/pkinerd/ednsv/git/tags{/sha}",
2026-07-24T13:18:33.4939505Z             "git_url": "git://github.com/pkinerd/ednsv.git",
2026-07-24T13:18:33.4939813Z             "has_discussions": false,
2026-07-24T13:18:33.4940063Z             "has_downloads": false,
2026-07-24T13:18:33.4940302Z             "has_issues": true,
2026-07-24T13:18:33.4940529Z             "has_pages": false,
2026-07-24T13:18:33.4940760Z             "has_projects": true,
2026-07-24T13:18:33.4941013Z             "has_pull_requests": true,
2026-07-24T13:18:33.4941264Z             "has_wiki": true,
2026-07-24T13:18:33.4941484Z             "homepage": null,
2026-07-24T13:18:33.4941801Z             "hooks_url": "https://api.github.com/repos/pkinerd/ednsv/hooks",
2026-07-24T13:18:33.4942207Z             "html_url": "https://github.com/pkinerd/ednsv",
2026-07-24T13:18:33.4942504Z             "id": 1196602452,
2026-07-24T13:18:33.4942722Z             "is_template": false,
2026-07-24T13:18:33.4943133Z             "issue_comment_url": "https://api.github.com/repos/pkinerd/ednsv/issues/comments{/number}",
2026-07-24T13:18:33.4943753Z             "issue_events_url": "https://api.github.com/repos/pkinerd/ednsv/issues/events{/number}",
2026-07-24T13:18:33.4944573Z             "issues_url": "https://api.github.com/repos/pkinerd/ednsv/issues{/number}",
2026-07-24T13:18:33.4945096Z             "keys_url": "https://api.github.com/repos/pkinerd/ednsv/keys{/key_id}",
2026-07-24T13:18:33.4945598Z             "labels_url": "https://api.github.com/repos/pkinerd/ednsv/labels{/name}",
2026-07-24T13:18:33.4946006Z             "language": "C#",
2026-07-24T13:18:33.4946351Z             "languages_url": "https://api.github.com/repos/pkinerd/ednsv/languages",
2026-07-24T13:18:33.4946727Z             "license": null,
2026-07-24T13:18:33.4947063Z             "merges_url": "https://api.github.com/repos/pkinerd/ednsv/merges",
2026-07-24T13:18:33.4947581Z             "milestones_url": "https://api.github.com/repos/pkinerd/ednsv/milestones{/number}",
2026-07-24T13:18:33.4948003Z             "mirror_url": null,
2026-07-24T13:18:33.4948234Z             "name": "ednsv",
2026-07-24T13:18:33.4948464Z             "node_id": "R_kgDOR1K0VA",
2026-07-24T13:18:33.4948970Z             "notifications_url": "https://api.github.com/repos/pkinerd/ednsv/notifications{?since,all,participating}",
2026-07-24T13:18:33.4949485Z             "open_issues": 1,
2026-07-24T13:18:33.4949722Z             "open_issues_count": 1,
2026-07-24T13:18:33.4950147Z             "owner": {
2026-07-24T13:18:33.4950474Z               "avatar_url": "https://avatars.githubusercontent.com/u/169779439?v=4",
2026-07-24T13:18:33.4950963Z               "events_url": "https://api.github.com/users/pkinerd/events{/privacy}",
2026-07-24T13:18:33.4951537Z               "followers_url": "https://api.github.com/users/pkinerd/followers",
2026-07-24T13:18:33.4952051Z               "following_url": "https://api.github.com/users/pkinerd/following{/other_user}",
2026-07-24T13:18:33.4952554Z               "gists_url": "https://api.github.com/users/pkinerd/gists{/gist_id}",
2026-07-24T13:18:33.4952918Z               "gravatar_id": "",
2026-07-24T13:18:33.4953185Z               "html_url": "https://github.com/pkinerd",
2026-07-24T13:18:33.4953469Z               "id": 169779439,
2026-07-24T13:18:33.4953696Z               "login": "pkinerd",
2026-07-24T13:18:33.4953939Z               "node_id": "U_kgDOCh6g7w",
2026-07-24T13:18:33.4954531Z               "organizations_url": "https://api.github.com/users/pkinerd/orgs",
2026-07-24T13:18:33.4955052Z               "received_events_url": "https://api.github.com/users/pkinerd/received_events",
2026-07-24T13:18:33.4955526Z               "repos_url": "https://api.github.com/users/pkinerd/repos",
2026-07-24T13:18:33.4955869Z               "site_admin": false,
2026-07-24T13:18:33.4956242Z               "starred_url": "https://api.github.com/users/pkinerd/starred{/owner}{/repo}",
2026-07-24T13:18:33.4956765Z               "subscriptions_url": "https://api.github.com/users/pkinerd/subscriptions",
2026-07-24T13:18:33.4957160Z               "type": "User",
2026-07-24T13:18:33.4957431Z               "url": "https://api.github.com/users/pkinerd",
2026-07-24T13:18:33.4957739Z               "user_view_type": "public"
2026-07-24T13:18:33.4957980Z             },
2026-07-24T13:18:33.4958171Z             "private": false,
2026-07-24T13:18:33.4958423Z             "pull_request_creation_policy": "all",
2026-07-24T13:18:33.4958826Z             "pulls_url": "https://api.github.com/repos/pkinerd/ednsv/pulls{/number}",
2026-07-24T13:18:33.4959228Z             "pushed_at": "2026-07-24T13:16:50Z",
2026-07-24T13:18:33.4959617Z             "releases_url": "https://api.github.com/repos/pkinerd/ednsv/releases{/id}",
2026-07-24T13:18:33.4960008Z             "size": 32155,
2026-07-24T13:18:33.4960267Z             "ssh_url": "git@github.com:pkinerd/ednsv.git",
2026-07-24T13:18:33.4960570Z             "stargazers_count": 0,
2026-07-24T13:18:33.4960932Z             "stargazers_url": "https://api.github.com/repos/pkinerd/ednsv/stargazers",
2026-07-24T13:18:33.4961437Z             "statuses_url": "https://api.github.com/repos/pkinerd/ednsv/statuses/{sha}",
2026-07-24T13:18:33.4961957Z             "subscribers_url": "https://api.github.com/repos/pkinerd/ednsv/subscribers",
2026-07-24T13:18:33.4962489Z             "subscription_url": "https://api.github.com/repos/pkinerd/ednsv/subscription",
2026-07-24T13:18:33.4962933Z             "svn_url": "https://github.com/pkinerd/ednsv",
2026-07-24T13:18:33.4963313Z             "tags_url": "https://api.github.com/repos/pkinerd/ednsv/tags",
2026-07-24T13:18:33.4963751Z             "teams_url": "https://api.github.com/repos/pkinerd/ednsv/teams",
2026-07-24T13:18:33.4964102Z             "topics": [],
2026-07-24T13:18:33.4964685Z             "trees_url": "https://api.github.com/repos/pkinerd/ednsv/git/trees{/sha}",
2026-07-24T13:18:33.4965088Z             "updated_at": "2026-07-24T12:42:16Z",
2026-07-24T13:18:33.4965412Z             "url": "https://api.github.com/repos/pkinerd/ednsv",
2026-07-24T13:18:33.4965732Z             "visibility": "public",
2026-07-24T13:18:33.4965982Z             "watchers": 0,
2026-07-24T13:18:33.4966202Z             "watchers_count": 0,
2026-07-24T13:18:33.4966455Z             "web_commit_signoff_required": false
2026-07-24T13:18:33.4966719Z           },
2026-07-24T13:18:33.4966901Z           "sender": {
2026-07-24T13:18:33.4967216Z             "avatar_url": "https://avatars.githubusercontent.com/u/169779439?v=4",
2026-07-24T13:18:33.4967830Z             "events_url": "https://api.github.com/users/pkinerd/events{/privacy}",
2026-07-24T13:18:33.4968294Z             "followers_url": "https://api.github.com/users/pkinerd/followers",
2026-07-24T13:18:33.4968887Z             "following_url": "https://api.github.com/users/pkinerd/following{/other_user}",
2026-07-24T13:18:33.4969388Z             "gists_url": "https://api.github.com/users/pkinerd/gists{/gist_id}",
2026-07-24T13:18:33.4969745Z             "gravatar_id": "",
2026-07-24T13:18:33.4970002Z             "html_url": "https://github.com/pkinerd",
2026-07-24T13:18:33.4970279Z             "id": 169779439,
2026-07-24T13:18:33.4970498Z             "login": "pkinerd",
2026-07-24T13:18:33.4970737Z             "node_id": "U_kgDOCh6g7w",
2026-07-24T13:18:33.4971091Z             "organizations_url": "https://api.github.com/users/pkinerd/orgs",
2026-07-24T13:18:33.4971589Z             "received_events_url": "https://api.github.com/users/pkinerd/received_events",
2026-07-24T13:18:33.4972061Z             "repos_url": "https://api.github.com/users/pkinerd/repos",
2026-07-24T13:18:33.4972396Z             "site_admin": false,
2026-07-24T13:18:33.4972753Z             "starred_url": "https://api.github.com/users/pkinerd/starred{/owner}{/repo}",
2026-07-24T13:18:33.4973269Z             "subscriptions_url": "https://api.github.com/users/pkinerd/subscriptions",
2026-07-24T13:18:33.4973657Z             "type": "User",
2026-07-24T13:18:33.4973913Z             "url": "https://api.github.com/users/pkinerd",
2026-07-24T13:18:33.4974464Z             "user_view_type": "public"
2026-07-24T13:18:33.4974713Z           }
2026-07-24T13:18:33.4974886Z         },
2026-07-24T13:18:33.4975070Z         "github_job": "docker",
2026-07-24T13:18:33.4975312Z         "github_ref": "refs/pull/27/merge",
2026-07-24T13:18:33.4975581Z         "github_ref_name": "27/merge",
2026-07-24T13:18:33.4975839Z         "github_ref_protected": "false",
2026-07-24T13:18:33.4976100Z         "github_ref_type": "branch",
2026-07-24T13:18:33.4976373Z         "github_repository": "pkinerd/ednsv",
2026-07-24T13:18:33.4976657Z         "github_repository_id": "1196602452",
2026-07-24T13:18:33.4976943Z         "github_repository_owner": "pkinerd",
2026-07-24T13:18:33.4977235Z         "github_repository_owner_id": "169779439",
2026-07-24T13:18:33.4977521Z         "github_run_attempt": "1",
2026-07-24T13:18:33.4977771Z         "github_run_id": "30096265334",
2026-07-24T13:18:33.4978031Z         "github_run_number": "206",
2026-07-24T13:18:33.4978280Z         "github_runner_arch": "X64",
2026-07-24T13:18:33.4978566Z         "github_runner_environment": "github-hosted",
2026-07-24T13:18:33.4978882Z         "github_runner_image_os": "ubuntu24",
2026-07-24T13:18:33.4979184Z         "github_runner_image_version": "20260720.247.2",
2026-07-24T13:18:33.4979518Z         "github_runner_name": "GitHub Actions 1000002134",
2026-07-24T13:18:33.4979817Z         "github_runner_os": "Linux",
2026-07-24T13:18:33.4980180Z         "github_runner_tracking_id": "github_a05e5dea-f30c-4fa8-a2b9-0f42b93333d8",
2026-07-24T13:18:33.4980607Z         "github_server_url": "https://github.com",
2026-07-24T13:18:33.4980905Z         "github_triggering_actor": "pkinerd",
2026-07-24T13:18:33.4981173Z         "github_workflow": "CI",
2026-07-24T13:18:33.4981558Z         "github_workflow_ref": "pkinerd/ednsv/.github/workflows/ci.yml@refs/pull/27/merge",
2026-07-24T13:18:33.4982062Z         "github_workflow_sha": "bf59af29cfb2f2950007619e326c8c5ecae25537",
2026-07-24T13:18:33.4982425Z         "platform": "linux/amd64"
2026-07-24T13:18:33.4982651Z       }
2026-07-24T13:18:33.4982816Z     }
2026-07-24T13:18:33.4982975Z   },
2026-07-24T13:18:33.4983531Z   "buildx.build.ref": "builder-e7a4837e-df5e-4480-90c1-9cc3aeca8edb/builder-e7a4837e-df5e-4480-90c1-9cc3aeca8edb0/m7fz142f7qho3wjqszghyl163",
2026-07-24T13:18:33.4984438Z   "containerimage.descriptor": {
2026-07-24T13:18:33.4984783Z     "mediaType": "application/vnd.oci.image.index.v1+json",
2026-07-24T13:18:33.4985383Z     "digest": "sha256:b3f41886b38fe59717776f10954a035b0f4410a55ed400e1f7636c346cbcdf76",
2026-07-24T13:18:33.4985784Z     "size": 856
2026-07-24T13:18:33.4985964Z   },
2026-07-24T13:18:33.4986450Z   "containerimage.digest": "sha256:b3f41886b38fe59717776f10954a035b0f4410a55ed400e1f7636c346cbcdf76",
2026-07-24T13:18:33.4987170Z   "image.name": "ghcr.io/pkinerd/ednsv:pr-27,ghcr.io/pkinerd/ednsv:latest-any,ghcr.io/pkinerd/ednsv:sha-bf59af2"
2026-07-24T13:18:33.4987660Z }
2026-07-24T13:18:33.4988053Z ##[endgroup]
2026-07-24T13:18:33.4988413Z ##[group]Reference
2026-07-24T13:18:33.4988911Z builder-e7a4837e-df5e-4480-90c1-9cc3aeca8edb/builder-e7a4837e-df5e-4480-90c1-9cc3aeca8edb0/m7fz142f7qho3wjqszghyl163
2026-07-24T13:18:33.4989587Z ##[endgroup]
2026-07-24T13:18:33.4989915Z ##[group]Check build summary support
2026-07-24T13:18:33.4990301Z Build summary supported!
2026-07-24T13:18:33.4990636Z ##[endgroup]
2026-07-24T13:18:33.5088653Z Node 20 is being deprecated. This workflow is running with Node 24 by default. If you need to temporarily use Node 20, you can set the ACTIONS_ALLOW_USE_UNSECURE_NODE_VERSION=true environment variable. For more information see: https://github.blog/changelog/2025-09-19-deprecation-of-node-20-on-github-actions-runners/
2026-07-24T13:18:33.5089966Z Post job cleanup.
2026-07-24T13:18:33.7691933Z ##[group]Generating build summary
2026-07-24T13:18:33.7698367Z exporting build record to /home/runner/work/_temp/docker-actions-toolkit-PflCoZ/export
2026-07-24T13:18:33.7713106Z (node:3272) [DEP0040] DeprecationWarning: The `punycode` module is deprecated. Please use a userland alternative instead.
2026-07-24T13:18:33.7714646Z (Use `node --trace-deprecation ...` to show where the warning was created)
2026-07-24T13:18:33.9610420Z [command]/usr/bin/docker buildx history export --builder builder-e7a4837e-df5e-4480-90c1-9cc3aeca8edb --output /home/runner/work/_temp/docker-actions-toolkit-PflCoZ/export/pkinerd~ednsv~M7FZ14.dockerbuild m7fz142f7qho3wjqszghyl163 --finalize
2026-07-24T13:18:34.2333105Z Build record written to /home/runner/work/_temp/docker-actions-toolkit-PflCoZ/export/pkinerd~ednsv~M7FZ14.dockerbuild (58.55 KB)
2026-07-24T13:18:34.2357793Z Uploading pkinerd~ednsv~M7FZ14.dockerbuild to blob storage
2026-07-24T13:18:34.5685162Z Beginning upload of artifact content to blob storage
2026-07-24T13:18:34.5776877Z (node:3272) [DEP0169] DeprecationWarning: `url.parse()` behavior is not standardized and prone to errors that have security implications. Use the WHATWG URL API instead. CVEs are not issued for `url.parse()` vulnerabilities.
2026-07-24T13:18:34.5786527Z Uploaded bytes 59960
2026-07-24T13:18:35.0049348Z Finished uploading artifact content to blob storage!
2026-07-24T13:18:35.0054360Z SHA256 hash of uploaded artifact is bc84159fd01a26dc28b2ade7e0e5eef201e61f2a22a1c6a8386f0a9787a4f366
2026-07-24T13:18:35.0072569Z Finalizing artifact upload
2026-07-24T13:18:35.4096198Z Artifact successfully finalized (8597742048)
2026-07-24T13:18:35.4097926Z Artifact download URL: https://github.com/pkinerd/ednsv/actions/runs/30096265334/artifacts/8597742048
2026-07-24T13:18:35.4128224Z Writing summary
2026-07-24T13:18:35.4143515Z ##[endgroup]
2026-07-24T13:18:35.4144783Z ##[group]Removing temp folder /home/runner/work/_temp/docker-actions-toolkit-5V518h
2026-07-24T13:18:35.4146578Z ##[endgroup]
2026-07-24T13:18:35.4147446Z ##[group]Post cache
2026-07-24T13:18:35.4149415Z State not set
2026-07-24T13:18:35.4150062Z ##[endgroup]
2026-07-24T13:18:35.4312387Z Node 20 is being deprecated. This workflow is running with Node 24 by default. If you need to temporarily use Node 20, you can set the ACTIONS_ALLOW_USE_UNSECURE_NODE_VERSION=true environment variable. For more information see: https://github.blog/changelog/2025-09-19-deprecation-of-node-20-on-github-actions-runners/
2026-07-24T13:18:35.4313669Z Post job cleanup.
2026-07-24T13:18:35.7733960Z ##[group]Logout from ghcr.io
2026-07-24T13:18:35.7759533Z (node:3422) [DEP0040] DeprecationWarning: The `punycode` module is deprecated. Please use a userland alternative instead.
2026-07-24T13:18:35.7760987Z (Use `node --trace-deprecation ...` to show where the warning was created)
2026-07-24T13:18:35.7787478Z [command]/usr/bin/docker logout ghcr.io
2026-07-24T13:18:35.7971826Z Removing login credentials for ghcr.io
2026-07-24T13:18:35.7999959Z ##[endgroup]
2026-07-24T13:18:35.8000672Z ##[group]Post cache
2026-07-24T13:18:35.8001766Z State not set
2026-07-24T13:18:35.8002512Z ##[endgroup]
2026-07-24T13:18:35.8255725Z Node 20 is being deprecated. This workflow is running with Node 24 by default. If you need to temporarily use Node 20, you can set the ACTIONS_ALLOW_USE_UNSECURE_NODE_VERSION=true environment variable. For more information see: https://github.blog/changelog/2025-09-19-deprecation-of-node-20-on-github-actions-runners/
2026-07-24T13:18:35.8258061Z Post job cleanup.
2026-07-24T13:18:36.0895399Z ##[group]Removing builder
2026-07-24T13:18:36.0902345Z (node:3442) [DEP0040] DeprecationWarning: The `punycode` module is deprecated. Please use a userland alternative instead.
2026-07-24T13:18:36.0903336Z (Use `node --trace-deprecation ...` to show where the warning was created)
2026-07-24T13:18:36.2110740Z [command]/usr/bin/docker buildx rm builder-e7a4837e-df5e-4480-90c1-9cc3aeca8edb
2026-07-24T13:18:36.9473191Z builder-e7a4837e-df5e-4480-90c1-9cc3aeca8edb removed
2026-07-24T13:18:36.9513256Z ##[endgroup]
2026-07-24T13:18:36.9513955Z ##[group]Cleaning up certificates
2026-07-24T13:18:36.9516695Z ##[endgroup]
2026-07-24T13:18:36.9517511Z ##[group]Post cache
2026-07-24T13:18:36.9519883Z State not set
2026-07-24T13:18:36.9520464Z ##[endgroup]
2026-07-24T13:18:36.9797939Z Node 20 is being deprecated. This workflow is running with Node 24 by default. If you need to temporarily use Node 20, you can set the ACTIONS_ALLOW_USE_UNSECURE_NODE_VERSION=true environment variable. For more information see: https://github.blog/changelog/2025-09-19-deprecation-of-node-20-on-github-actions-runners/
2026-07-24T13:18:36.9800318Z Post job cleanup.
2026-07-24T13:18:37.0770513Z [command]/usr/bin/git version
2026-07-24T13:18:37.0824631Z git version 2.54.0
2026-07-24T13:18:37.0871456Z Temporarily overriding HOME='/home/runner/work/_temp/cd65b48d-17d7-4eef-92d1-aff635ebb606' before making global git config changes
2026-07-24T13:18:37.0873192Z Adding repository directory to the temporary git global config as a safe directory
2026-07-24T13:18:37.0878469Z [command]/usr/bin/git config --global --add safe.directory /home/runner/work/ednsv/ednsv
2026-07-24T13:18:37.0928828Z [command]/usr/bin/git config --local --name-only --get-regexp core\.sshCommand
2026-07-24T13:18:37.0989352Z [command]/usr/bin/git submodule foreach --recursive sh -c "git config --local --name-only --get-regexp 'core\.sshCommand' && git config --local --unset-all 'core.sshCommand' || :"
2026-07-24T13:18:37.1260862Z [command]/usr/bin/git config --local --name-only --get-regexp http\.https\:\/\/github\.com\/\.extraheader
2026-07-24T13:18:37.1335259Z http.https://github.com/.extraheader
2026-07-24T13:18:37.1363654Z [command]/usr/bin/git config --local --unset-all http.https://github.com/.extraheader
2026-07-24T13:18:37.1416209Z [command]/usr/bin/git submodule foreach --recursive sh -c "git config --local --name-only --get-regexp 'http\.https\:\/\/github\.com\/\.extraheader' && git config --local --unset-all 'http.https://github.com/.extraheader' || :"
2026-07-24T13:18:37.1683808Z [command]/usr/bin/git config --local --name-only --get-regexp ^includeIf\.gitdir:
2026-07-24T13:18:37.1729900Z [command]/usr/bin/git submodule foreach --recursive git config --local --show-origin --name-only --get-regexp remote.origin.url
2026-07-24T13:18:37.2156498Z Cleaning up orphan processes
2026-07-24T13:18:37.2560350Z ##[warning]Node.js 20 is deprecated. The following actions target Node.js 20 but are being forced to run on Node.js 24: actions/checkout@v4, docker/build-push-action@v6, docker/login-action@v3, docker/metadata-action@v5, docker/setup-buildx-action@v3. For more information see: https://github.blog/changelog/2025-09-19-deprecation-of-node-20-on-github-actions-runners/
