2026-07-24T14:17:48.3134926Z Current runner version: '2.336.0'
2026-07-24T14:17:48.3151099Z ##[group]Runner Image Provisioner
2026-07-24T14:17:48.3151696Z Hosted Compute Agent
2026-07-24T14:17:48.3152164Z Version: 20260707.563
2026-07-24T14:17:48.3152591Z Commit: 02667638d2b423fbc733a8e32a88b44996a3ba6e
2026-07-24T14:17:48.3153075Z Build Date: 2026-07-07T19:33:50Z
2026-07-24T14:17:48.3153557Z Worker ID: {5580396d-a354-44c1-a4d2-cd3e61e0b111}
2026-07-24T14:17:48.3154082Z Azure Region: centralus
2026-07-24T14:17:48.3154482Z ##[endgroup]
2026-07-24T14:17:48.3155279Z ##[group]Operating System
2026-07-24T14:17:48.3155690Z Ubuntu
2026-07-24T14:17:48.3156034Z 24.04.4
2026-07-24T14:17:48.3156365Z LTS
2026-07-24T14:17:48.3156685Z ##[endgroup]
2026-07-24T14:17:48.3157275Z ##[group]Runner Image
2026-07-24T14:17:48.3157688Z Image: ubuntu-24.04
2026-07-24T14:17:48.3158070Z Version: 20260720.247.2
2026-07-24T14:17:48.3158916Z Included Software: https://github.com/actions/runner-images/blob/ubuntu24/20260720.247/images/ubuntu/Ubuntu2404-Readme.md
2026-07-24T14:17:48.3159901Z Image Release: https://github.com/actions/runner-images/releases/tag/ubuntu24%2F20260720.247
2026-07-24T14:17:48.3160529Z ##[endgroup]
2026-07-24T14:17:48.3161309Z ##[group]GITHUB_TOKEN Permissions
2026-07-24T14:17:48.3162720Z Contents: read
2026-07-24T14:17:48.3163098Z Metadata: read
2026-07-24T14:17:48.3163473Z Packages: write
2026-07-24T14:17:48.3163855Z ##[endgroup]
2026-07-24T14:17:48.3165234Z Secret source: Actions
2026-07-24T14:17:48.3165886Z Prepare workflow directory
2026-07-24T14:17:48.3575209Z Prepare all required actions
2026-07-24T14:17:48.3616649Z Getting action download info
2026-07-24T14:17:48.5939534Z Download action repository 'actions/checkout@v4' (SHA:11d5960a326750d5838078e36cf38b85af677262)
2026-07-24T14:17:49.8561635Z Download action repository 'docker/setup-buildx-action@v3' (SHA:8d2750c68a42422c14e847fe6c8ac0403b4cbd6f)
2026-07-24T14:17:50.5249143Z Download action repository 'docker/login-action@v3' (SHA:c94ce9fb468520275223c153574b00df6fe4bcc9)
2026-07-24T14:17:51.1700759Z Download action repository 'docker/metadata-action@v5' (SHA:c299e40c65443455700f0fdfc63efafe5b349051)
2026-07-24T14:17:51.8869889Z Download action repository 'docker/build-push-action@v6' (SHA:10e90e3645eae34f1e60eeb005ba3a3d33f178e8)
2026-07-24T14:17:52.6164454Z Complete job name: Build & Push Docker Image
2026-07-24T14:17:52.6636468Z Node 20 is being deprecated. This workflow is running with Node 24 by default. If you need to temporarily use Node 20, you can set the ACTIONS_ALLOW_USE_UNSECURE_NODE_VERSION=true environment variable. For more information see: https://github.blog/changelog/2025-09-19-deprecation-of-node-20-on-github-actions-runners/
2026-07-24T14:17:52.6642430Z ##[group]Run actions/checkout@v4
2026-07-24T14:17:52.6642828Z with:
2026-07-24T14:17:52.6643046Z   repository: pkinerd/ednsv
2026-07-24T14:17:52.6644786Z   token: ***
2026-07-24T14:17:52.6644992Z   ssh-strict: true
2026-07-24T14:17:52.6645217Z   ssh-user: git
2026-07-24T14:17:52.6645466Z   persist-credentials: true
2026-07-24T14:17:52.6645711Z   clean: true
2026-07-24T14:17:52.6645938Z   sparse-checkout-cone-mode: true
2026-07-24T14:17:52.6646208Z   fetch-depth: 1
2026-07-24T14:17:52.6646431Z   fetch-tags: false
2026-07-24T14:17:52.6646648Z   show-progress: true
2026-07-24T14:17:52.6646858Z   lfs: false
2026-07-24T14:17:52.6647418Z   submodules: false
2026-07-24T14:17:52.6647685Z   set-safe-directory: true
2026-07-24T14:17:52.6647948Z   allow-unsafe-pr-checkout: false
2026-07-24T14:17:52.6648349Z env:
2026-07-24T14:17:52.6648545Z   REGISTRY: ghcr.io
2026-07-24T14:17:52.6648743Z   IMAGE_NAME: pkinerd/ednsv
2026-07-24T14:17:52.6648991Z ##[endgroup]
2026-07-24T14:17:52.7455081Z Syncing repository: pkinerd/ednsv
2026-07-24T14:17:52.7456491Z ##[group]Getting Git version info
2026-07-24T14:17:52.7456896Z Working directory is '/home/runner/work/ednsv/ednsv'
2026-07-24T14:17:52.7457840Z [command]/usr/bin/git version
2026-07-24T14:17:52.7924066Z git version 2.54.0
2026-07-24T14:17:52.7942572Z ##[endgroup]
2026-07-24T14:17:52.7953204Z Temporarily overriding HOME='/home/runner/work/_temp/68215d9f-169d-41f7-b7fb-6f437530c6b8' before making global git config changes
2026-07-24T14:17:52.7957549Z Adding repository directory to the temporary git global config as a safe directory
2026-07-24T14:17:52.7958204Z [command]/usr/bin/git config --global --add safe.directory /home/runner/work/ednsv/ednsv
2026-07-24T14:17:52.7986059Z Deleting the contents of '/home/runner/work/ednsv/ednsv'
2026-07-24T14:17:52.7989683Z ##[group]Initializing the repository
2026-07-24T14:17:52.7992100Z [command]/usr/bin/git init /home/runner/work/ednsv/ednsv
2026-07-24T14:17:53.2013132Z hint: Using 'master' as the name for the initial branch. This default branch name
2026-07-24T14:17:53.2013981Z hint: will change to "main" in Git 3.0. To configure the initial branch name
2026-07-24T14:17:53.2015719Z hint: to use in all of your new repositories, which will suppress this warning,
2026-07-24T14:17:53.2016322Z hint: call:
2026-07-24T14:17:53.2016607Z hint:
2026-07-24T14:17:53.2017405Z hint: 	git config --global init.defaultBranch <name>
2026-07-24T14:17:53.2017791Z hint:
2026-07-24T14:17:53.2018164Z hint: Names commonly chosen instead of 'master' are 'main', 'trunk' and
2026-07-24T14:17:53.2018793Z hint: 'development'. The just-created branch can be renamed via this command:
2026-07-24T14:17:53.2019298Z hint:
2026-07-24T14:17:53.2019626Z hint: 	git branch -m <name>
2026-07-24T14:17:53.2019980Z hint:
2026-07-24T14:17:53.2020413Z hint: Disable this message with "git config set advice.defaultBranchName false"
2026-07-24T14:17:53.2021098Z Initialized empty Git repository in /home/runner/work/ednsv/ednsv/.git/
2026-07-24T14:17:53.2025428Z [command]/usr/bin/git remote add origin https://github.com/pkinerd/ednsv
2026-07-24T14:17:53.2053541Z ##[endgroup]
2026-07-24T14:17:53.2054200Z ##[group]Disabling automatic garbage collection
2026-07-24T14:17:53.2056352Z [command]/usr/bin/git config --local gc.auto 0
2026-07-24T14:17:53.2081539Z ##[endgroup]
2026-07-24T14:17:53.2082266Z ##[group]Setting up auth
2026-07-24T14:17:53.2087953Z [command]/usr/bin/git config --local --name-only --get-regexp core\.sshCommand
2026-07-24T14:17:53.2115892Z [command]/usr/bin/git submodule foreach --recursive sh -c "git config --local --name-only --get-regexp 'core\.sshCommand' && git config --local --unset-all 'core.sshCommand' || :"
2026-07-24T14:17:53.4083634Z [command]/usr/bin/git config --local --name-only --get-regexp http\.https\:\/\/github\.com\/\.extraheader
2026-07-24T14:17:53.4106616Z [command]/usr/bin/git submodule foreach --recursive sh -c "git config --local --name-only --get-regexp 'http\.https\:\/\/github\.com\/\.extraheader' && git config --local --unset-all 'http.https://github.com/.extraheader' || :"
2026-07-24T14:17:53.4251821Z [command]/usr/bin/git config --local --name-only --get-regexp ^includeIf\.gitdir:
2026-07-24T14:17:53.4274501Z [command]/usr/bin/git submodule foreach --recursive git config --local --show-origin --name-only --get-regexp remote.origin.url
2026-07-24T14:17:53.4414253Z [command]/usr/bin/git config --local http.https://github.com/.extraheader AUTHORIZATION: basic ***
2026-07-24T14:17:53.4715958Z ##[endgroup]
2026-07-24T14:17:53.4716455Z ##[group]Fetching the repository
2026-07-24T14:17:53.4722559Z [command]/usr/bin/git -c protocol.version=2 fetch --no-tags --prune --no-recurse-submodules --depth=1 origin +0907a58f50a6c98d23ae466ed31c3a0c15264622:refs/remotes/origin/main
2026-07-24T14:17:54.1702059Z From https://github.com/pkinerd/ednsv
2026-07-24T14:17:54.1702930Z  * [new ref]         0907a58f50a6c98d23ae466ed31c3a0c15264622 -> origin/main
2026-07-24T14:17:54.1721688Z ##[endgroup]
2026-07-24T14:17:54.1722513Z ##[group]Determining the checkout info
2026-07-24T14:17:54.1724802Z ##[endgroup]
2026-07-24T14:17:54.1730353Z [command]/usr/bin/git sparse-checkout disable
2026-07-24T14:17:54.2065827Z [command]/usr/bin/git config --local --unset-all extensions.worktreeConfig
2026-07-24T14:17:54.2094567Z ##[group]Checking out the ref
2026-07-24T14:17:54.2097556Z [command]/usr/bin/git checkout --progress --force -B main refs/remotes/origin/main
2026-07-24T14:17:54.2173972Z Switched to a new branch 'main'
2026-07-24T14:17:54.2182288Z branch 'main' set up to track 'origin/main'.
2026-07-24T14:17:54.2183369Z ##[endgroup]
2026-07-24T14:17:54.2203628Z [command]/usr/bin/git log -1 --format=%H
2026-07-24T14:17:54.2220686Z 0907a58f50a6c98d23ae466ed31c3a0c15264622
2026-07-24T14:17:54.2382807Z ##[group]Run if [ "push" != "pull_request" ]; then
2026-07-24T14:17:54.2383284Z [36;1mif [ "push" != "pull_request" ]; then[0m
2026-07-24T14:17:54.2383604Z [36;1m  echo "push=true" >> "$GITHUB_OUTPUT"[0m
2026-07-24T14:17:54.2383883Z [36;1melif [ "" = "pkinerd/ednsv" ]; then[0m
2026-07-24T14:17:54.2384166Z [36;1m  echo "push=true" >> "$GITHUB_OUTPUT"[0m
2026-07-24T14:17:54.2384422Z [36;1melse[0m
2026-07-24T14:17:54.2384675Z [36;1m  echo "push=false" >> "$GITHUB_OUTPUT"[0m
2026-07-24T14:17:54.2384922Z [36;1mfi[0m
2026-07-24T14:17:54.2411685Z shell: /usr/bin/bash -e {0}
2026-07-24T14:17:54.2411982Z env:
2026-07-24T14:17:54.2412224Z   REGISTRY: ghcr.io
2026-07-24T14:17:54.2412518Z   IMAGE_NAME: pkinerd/ednsv
2026-07-24T14:17:54.2412753Z ##[endgroup]
2026-07-24T14:17:54.2548059Z Node 20 is being deprecated. This workflow is running with Node 24 by default. If you need to temporarily use Node 20, you can set the ACTIONS_ALLOW_USE_UNSECURE_NODE_VERSION=true environment variable. For more information see: https://github.blog/changelog/2025-09-19-deprecation-of-node-20-on-github-actions-runners/
2026-07-24T14:17:54.2549579Z ##[group]Run docker/setup-buildx-action@v3
2026-07-24T14:17:54.2549896Z with:
2026-07-24T14:17:54.2550164Z   driver: docker-container
2026-07-24T14:17:54.2550419Z   use: true
2026-07-24T14:17:54.2550661Z   keep-state: false
2026-07-24T14:17:54.2550895Z   cache-binary: true
2026-07-24T14:17:54.2551117Z   cleanup: true
2026-07-24T14:17:54.2551317Z   install: false
2026-07-24T14:17:54.2551547Z env:
2026-07-24T14:17:54.2551768Z   REGISTRY: ghcr.io
2026-07-24T14:17:54.2551999Z   IMAGE_NAME: pkinerd/ednsv
2026-07-24T14:17:54.2552257Z ##[endgroup]
2026-07-24T14:17:54.4273884Z (node:2068) [DEP0040] DeprecationWarning: The `punycode` module is deprecated. Please use a userland alternative instead.
2026-07-24T14:17:54.4274813Z (Use `node --trace-deprecation ...` to show where the warning was created)
2026-07-24T14:17:54.4338156Z ##[group]Docker info
2026-07-24T14:17:54.4348619Z [command]/usr/bin/docker version
2026-07-24T14:17:54.6855411Z Client: Docker Engine - Community
2026-07-24T14:17:54.6856452Z  Version:           28.0.4
2026-07-24T14:17:54.6857044Z  API version:       1.48
2026-07-24T14:17:54.6857456Z  Go version:        go1.23.7
2026-07-24T14:17:54.6857819Z  Git commit:        b8034c0
2026-07-24T14:17:54.6858252Z  Built:             Tue Mar 25 15:07:16 2025
2026-07-24T14:17:54.6859129Z  OS/Arch:           linux/amd64
2026-07-24T14:17:54.6859535Z  Context:           default
2026-07-24T14:17:54.6859774Z 
2026-07-24T14:17:54.6860009Z Server: Docker Engine - Community
2026-07-24T14:17:54.6860323Z  Engine:
2026-07-24T14:17:54.6860567Z   Version:          28.0.4
2026-07-24T14:17:54.6860964Z   API version:      1.48 (minimum version 1.24)
2026-07-24T14:17:54.6861399Z   Go version:       go1.23.7
2026-07-24T14:17:54.6861779Z   Git commit:       6430e49
2026-07-24T14:17:54.6862165Z   Built:            Tue Mar 25 15:07:16 2025
2026-07-24T14:17:54.6862563Z   OS/Arch:          linux/amd64
2026-07-24T14:17:54.6862928Z   Experimental:     false
2026-07-24T14:17:54.6863386Z  containerd:
2026-07-24T14:17:54.6863763Z   Version:          v2.2.6
2026-07-24T14:17:54.6864227Z   GitCommit:        11ce9d5f3c68c941867e82890e93e815c1304f1b
2026-07-24T14:17:54.6864628Z  runc:
2026-07-24T14:17:54.6864916Z   Version:          1.3.6
2026-07-24T14:17:54.6865345Z   GitCommit:        v1.3.6-0-g491b69ba
2026-07-24T14:17:54.6865759Z  docker-init:
2026-07-24T14:17:54.6866111Z   Version:          0.19.0
2026-07-24T14:17:54.6866480Z   GitCommit:        de40ad0
2026-07-24T14:17:54.6881518Z [command]/usr/bin/docker info
2026-07-24T14:17:56.1608541Z Client: Docker Engine - Community
2026-07-24T14:17:56.1609224Z  Version:    28.0.4
2026-07-24T14:17:56.1609460Z  Context:    default
2026-07-24T14:17:56.1609694Z  Debug Mode: false
2026-07-24T14:17:56.1609915Z  Plugins:
2026-07-24T14:17:56.1610151Z   buildx: Docker Buildx (Docker Inc.)
2026-07-24T14:17:56.1610380Z     Version:  v0.35.0
2026-07-24T14:17:56.1610663Z     Path:     /usr/libexec/docker/cli-plugins/docker-buildx
2026-07-24T14:17:56.1611010Z   compose: Docker Compose (Docker Inc.)
2026-07-24T14:17:56.1611258Z     Version:  v2.38.2
2026-07-24T14:17:56.1611545Z     Path:     /usr/libexec/docker/cli-plugins/docker-compose
2026-07-24T14:17:56.1611755Z 
2026-07-24T14:17:56.1611828Z Server:
2026-07-24T14:17:56.1612027Z  Containers: 0
2026-07-24T14:17:56.1612223Z   Running: 0
2026-07-24T14:17:56.1612726Z   Paused: 0
2026-07-24T14:17:56.1613010Z   Stopped: 0
2026-07-24T14:17:56.1613246Z  Images: 6
2026-07-24T14:17:56.1613510Z  Server Version: 28.0.4
2026-07-24T14:17:56.1613851Z  Storage Driver: overlay2
2026-07-24T14:17:56.1614177Z   Backing Filesystem: extfs
2026-07-24T14:17:56.1614485Z   Supports d_type: true
2026-07-24T14:17:56.1614990Z   Using metacopy: false
2026-07-24T14:17:56.1615285Z   Native Overlay Diff: false
2026-07-24T14:17:56.1615568Z   userxattr: false
2026-07-24T14:17:56.1615811Z  Logging Driver: json-file
2026-07-24T14:17:56.1616145Z  Cgroup Driver: systemd
2026-07-24T14:17:56.1616414Z  Cgroup Version: 2
2026-07-24T14:17:56.1616640Z  Plugins:
2026-07-24T14:17:56.1616863Z   Volume: local
2026-07-24T14:17:56.1617486Z   Network: bridge host ipvlan macvlan null overlay
2026-07-24T14:17:56.1618029Z   Log: awslogs fluentd gcplogs gelf journald json-file local splunk syslog
2026-07-24T14:17:56.1618432Z  Swarm: inactive
2026-07-24T14:17:56.1618684Z  Runtimes: io.containerd.runc.v2 runc
2026-07-24T14:17:56.1619007Z  Default Runtime: runc
2026-07-24T14:17:56.1619299Z  Init Binary: docker-init
2026-07-24T14:17:56.1619719Z  containerd version: 11ce9d5f3c68c941867e82890e93e815c1304f1b
2026-07-24T14:17:56.1620083Z  runc version: v1.3.6-0-g491b69ba
2026-07-24T14:17:56.1620369Z  init version: de40ad0
2026-07-24T14:17:56.1620622Z  Security Options:
2026-07-24T14:17:56.1620873Z   apparmor
2026-07-24T14:17:56.1621121Z   seccomp
2026-07-24T14:17:56.1621420Z    Profile: builtin
2026-07-24T14:17:56.1621682Z   cgroupns
2026-07-24T14:17:56.1621944Z  Kernel Version: 6.17.0-1020-azure
2026-07-24T14:17:56.1622269Z  Operating System: Ubuntu 24.04.4 LTS
2026-07-24T14:17:56.1622576Z  OSType: linux
2026-07-24T14:17:56.1622845Z  Architecture: x86_64
2026-07-24T14:17:56.1623093Z  CPUs: 4
2026-07-24T14:17:56.1623306Z  Total Memory: 15.61GiB
2026-07-24T14:17:56.1623600Z  Name: runnervmvrwv9
2026-07-24T14:17:56.1623866Z  ID: dce1e4a9-fc26-4218-aaf0-feee5194c8cb
2026-07-24T14:17:56.1624190Z  Docker Root Dir: /var/lib/docker
2026-07-24T14:17:56.1624506Z  Debug Mode: false
2026-07-24T14:17:56.1624772Z  Username: githubactions
2026-07-24T14:17:56.1625071Z  Experimental: false
2026-07-24T14:17:56.1625333Z  Insecure Registries:
2026-07-24T14:17:56.1630128Z   ::1/128
2026-07-24T14:17:56.1630435Z   127.0.0.0/8
2026-07-24T14:17:56.1630726Z  Live Restore Enabled: false
2026-07-24T14:17:56.1630884Z 
2026-07-24T14:17:56.1631396Z ##[endgroup]
2026-07-24T14:17:56.2038308Z ##[group]Buildx version
2026-07-24T14:17:56.2057912Z [command]/usr/bin/docker buildx version
2026-07-24T14:17:56.2413048Z github.com/docker/buildx v0.35.0 a319e5b15052cf6557ceb666eb8ff6e32380b782
2026-07-24T14:17:56.2428700Z ##[endgroup]
2026-07-24T14:17:56.2538101Z ##[group]Inspecting default docker context
2026-07-24T14:17:56.2649466Z [
2026-07-24T14:17:56.2650278Z   {
2026-07-24T14:17:56.2650693Z     "Name": "default",
2026-07-24T14:17:56.2651259Z     "Metadata": {},
2026-07-24T14:17:56.2651683Z     "Endpoints": {
2026-07-24T14:17:56.2652074Z       "docker": {
2026-07-24T14:17:56.2652598Z         "Host": "unix:///var/run/docker.sock",
2026-07-24T14:17:56.2653199Z         "SkipTLSVerify": false
2026-07-24T14:17:56.2653524Z       }
2026-07-24T14:17:56.2653860Z     },
2026-07-24T14:17:56.2654328Z     "TLSMaterial": {},
2026-07-24T14:17:56.2654567Z     "Storage": {
2026-07-24T14:17:56.2654792Z       "MetadataPath": "<IN MEMORY>",
2026-07-24T14:17:56.2655056Z       "TLSPath": "<IN MEMORY>"
2026-07-24T14:17:56.2655336Z     }
2026-07-24T14:17:56.2655606Z   }
2026-07-24T14:17:56.2655812Z ]
2026-07-24T14:17:56.2656385Z ##[endgroup]
2026-07-24T14:17:56.2656918Z ##[group]Creating a new builder instance
2026-07-24T14:17:56.3692734Z [command]/usr/bin/docker buildx create --name builder-884363a2-a40d-4ab7-b8de-31632c2adb83 --driver docker-container --buildkitd-flags --allow-insecure-entitlement security.insecure --allow-insecure-entitlement network.host --use
2026-07-24T14:17:56.5345267Z builder-884363a2-a40d-4ab7-b8de-31632c2adb83
2026-07-24T14:17:56.5358084Z ##[endgroup]
2026-07-24T14:17:56.5358708Z ##[group]Booting builder
2026-07-24T14:17:56.5392756Z [command]/usr/bin/docker buildx inspect --bootstrap --builder builder-884363a2-a40d-4ab7-b8de-31632c2adb83
2026-07-24T14:17:56.5818327Z #1 [internal] booting buildkit
2026-07-24T14:17:56.7324601Z #1 pulling image moby/buildkit:buildx-stable-1
2026-07-24T14:18:03.7799758Z #1 pulling image moby/buildkit:buildx-stable-1 7.2s done
2026-07-24T14:18:03.9302915Z #1 creating container buildx_buildkit_builder-884363a2-a40d-4ab7-b8de-31632c2adb830
2026-07-24T14:18:04.7778805Z #1 creating container buildx_buildkit_builder-884363a2-a40d-4ab7-b8de-31632c2adb830 1.0s done
2026-07-24T14:18:04.7792242Z #1 DONE 8.2s
2026-07-24T14:18:04.8039079Z Name:          builder-884363a2-a40d-4ab7-b8de-31632c2adb83
2026-07-24T14:18:04.8050353Z Driver:        docker-container
2026-07-24T14:18:04.8052473Z Last Activity: 2026-07-24 14:17:56 +0000 UTC
2026-07-24T14:18:04.8052972Z 
2026-07-24T14:18:04.8053262Z Nodes:
2026-07-24T14:18:04.8053999Z Name:                  builder-884363a2-a40d-4ab7-b8de-31632c2adb830
2026-07-24T14:18:04.8054742Z Endpoint:              unix:///var/run/docker.sock
2026-07-24T14:18:04.8055316Z Status:                running
2026-07-24T14:18:04.8056039Z BuildKit daemon flags: --allow-insecure-entitlement security.insecure --allow-insecure-entitlement network.host
2026-07-24T14:18:04.8057556Z BuildKit version:      v0.31.2
2026-07-24T14:18:04.8058154Z Platforms:             linux/amd64, linux/amd64/v2, linux/amd64/v3, linux/amd64/v4, linux/386
2026-07-24T14:18:04.8058772Z Labels:
2026-07-24T14:18:04.8059269Z  org.mobyproject.buildkit.worker.executor:         oci
2026-07-24T14:18:04.8059869Z  org.mobyproject.buildkit.worker.hostname:         3a324eebbf8c
2026-07-24T14:18:04.8060538Z  org.mobyproject.buildkit.worker.network:          host
2026-07-24T14:18:04.8061446Z  org.mobyproject.buildkit.worker.oci.process-mode: sandbox
2026-07-24T14:18:04.8062083Z  org.mobyproject.buildkit.worker.selinux.enabled:  false
2026-07-24T14:18:04.8062742Z  org.mobyproject.buildkit.worker.snapshotter:      overlayfs
2026-07-24T14:18:04.8063444Z GC Policy rule#0:
2026-07-24T14:18:04.8063856Z  All:            false
2026-07-24T14:18:04.8064485Z  Filters:        type==source.local type==exec.cachemount type==source.git.checkout
2026-07-24T14:18:04.8065151Z  Keep Duration:  48h0m0s
2026-07-24T14:18:04.8065702Z  Max Used Space: 488.3MiB
2026-07-24T14:18:04.8066126Z GC Policy rule#1:
2026-07-24T14:18:04.8066523Z  All:            false
2026-07-24T14:18:04.8066932Z  Keep Duration:  1440h0m0s
2026-07-24T14:18:04.8067641Z  Reserved Space: 9.313GiB
2026-07-24T14:18:04.8068100Z  Max Used Space: 93.13GiB
2026-07-24T14:18:04.8068541Z  Min Free Space: 27.01GiB
2026-07-24T14:18:04.8068995Z GC Policy rule#2:
2026-07-24T14:18:04.8069404Z  All:            false
2026-07-24T14:18:04.8069812Z  Reserved Space: 9.313GiB
2026-07-24T14:18:04.8070235Z  Max Used Space: 93.13GiB
2026-07-24T14:18:04.8070706Z  Min Free Space: 27.01GiB
2026-07-24T14:18:04.8071151Z GC Policy rule#3:
2026-07-24T14:18:04.8071549Z  All:            true
2026-07-24T14:18:04.8071963Z  Reserved Space: 9.313GiB
2026-07-24T14:18:04.8072470Z  Max Used Space: 93.13GiB
2026-07-24T14:18:04.8072941Z  Min Free Space: 27.01GiB
2026-07-24T14:18:04.8084373Z ##[endgroup]
2026-07-24T14:18:04.8744148Z ##[group]Inspect builder
2026-07-24T14:18:04.8748619Z {
2026-07-24T14:18:04.8749099Z   "nodes": [
2026-07-24T14:18:04.8749585Z     {
2026-07-24T14:18:04.8749990Z       "name": "builder-884363a2-a40d-4ab7-b8de-31632c2adb830",
2026-07-24T14:18:04.8750451Z       "endpoint": "unix:///var/run/docker.sock",
2026-07-24T14:18:04.8750833Z       "status": "running",
2026-07-24T14:18:04.8751468Z       "buildkitd-flags": "--allow-insecure-entitlement security.insecure --allow-insecure-entitlement network.host",
2026-07-24T14:18:04.8752526Z       "buildkit": "v0.31.2",
2026-07-24T14:18:04.8753077Z       "platforms": "linux/amd64,linux/amd64/v2,linux/amd64/v3,linux/amd64/v4,linux/386",
2026-07-24T14:18:04.8753620Z       "features": {
2026-07-24T14:18:04.8754007Z         "Automatically load images to the Docker Engine image store": true,
2026-07-24T14:18:04.8754597Z         "Cache export": true,
2026-07-24T14:18:04.8755388Z         "Direct push": true,
2026-07-24T14:18:04.8755811Z         "Docker exporter": true,
2026-07-24T14:18:04.8756368Z         "Multi-platform build": true,
2026-07-24T14:18:04.8758035Z         "OCI exporter": true
2026-07-24T14:18:04.8758397Z       },
2026-07-24T14:18:04.8758708Z       "labels": {
2026-07-24T14:18:04.8758998Z         "org.mobyproject.buildkit.worker.executor": "oci",
2026-07-24T14:18:04.8759432Z         "org.mobyproject.buildkit.worker.hostname": "3a324eebbf8c",
2026-07-24T14:18:04.8759801Z         "org.mobyproject.buildkit.worker.network": "host",
2026-07-24T14:18:04.8760251Z         "org.mobyproject.buildkit.worker.oci.process-mode": "sandbox",
2026-07-24T14:18:04.8760839Z         "org.mobyproject.buildkit.worker.selinux.enabled": "false",
2026-07-24T14:18:04.8761322Z         "org.mobyproject.buildkit.worker.snapshotter": "overlayfs"
2026-07-24T14:18:04.8761724Z       },
2026-07-24T14:18:04.8761998Z       "gcPolicy": [
2026-07-24T14:18:04.8762267Z         {
2026-07-24T14:18:04.8762561Z           "all": false,
2026-07-24T14:18:04.8762846Z           "filter": [
2026-07-24T14:18:04.8763262Z             "type==source.local type==exec.cachemount type==source.git.checkout"
2026-07-24T14:18:04.8763687Z           ],
2026-07-24T14:18:04.8763962Z           "keepDuration": "48h0m0s",
2026-07-24T14:18:04.8764231Z           "maxUsedSpace": "488.3MiB"
2026-07-24T14:18:04.8764512Z         },
2026-07-24T14:18:04.8764717Z         {
2026-07-24T14:18:04.8764933Z           "all": false,
2026-07-24T14:18:04.8765164Z           "keepDuration": "1440h0m0s",
2026-07-24T14:18:04.8765463Z           "reservedSpace": "9.313GiB",
2026-07-24T14:18:04.8765931Z           "maxUsedSpace": "93.13GiB",
2026-07-24T14:18:04.8766266Z           "minFreeSpace": "27.01GiB"
2026-07-24T14:18:04.8766805Z         },
2026-07-24T14:18:04.8767345Z         {
2026-07-24T14:18:04.8767655Z           "all": false,
2026-07-24T14:18:04.8768101Z           "reservedSpace": "9.313GiB",
2026-07-24T14:18:04.8768542Z           "maxUsedSpace": "93.13GiB",
2026-07-24T14:18:04.8768962Z           "minFreeSpace": "27.01GiB"
2026-07-24T14:18:04.8769436Z         },
2026-07-24T14:18:04.8769769Z         {
2026-07-24T14:18:04.8770143Z           "all": true,
2026-07-24T14:18:04.8770550Z           "reservedSpace": "9.313GiB",
2026-07-24T14:18:04.8770987Z           "maxUsedSpace": "93.13GiB",
2026-07-24T14:18:04.8771429Z           "minFreeSpace": "27.01GiB"
2026-07-24T14:18:04.8771747Z         }
2026-07-24T14:18:04.8772026Z       ]
2026-07-24T14:18:04.8772333Z     }
2026-07-24T14:18:04.8772587Z   ],
2026-07-24T14:18:04.8772929Z   "name": "builder-884363a2-a40d-4ab7-b8de-31632c2adb83",
2026-07-24T14:18:04.8773371Z   "driver": "docker-container",
2026-07-24T14:18:04.8773755Z   "lastActivity": "2026-07-24T14:17:56.000Z"
2026-07-24T14:18:04.8774125Z }
2026-07-24T14:18:04.8774741Z ##[endgroup]
2026-07-24T14:18:04.8775260Z ##[group]BuildKit version
2026-07-24T14:18:04.8775678Z builder-884363a2-a40d-4ab7-b8de-31632c2adb830: v0.31.2
2026-07-24T14:18:04.8776289Z ##[endgroup]
2026-07-24T14:18:04.8892237Z Node 20 is being deprecated. This workflow is running with Node 24 by default. If you need to temporarily use Node 20, you can set the ACTIONS_ALLOW_USE_UNSECURE_NODE_VERSION=true environment variable. For more information see: https://github.blog/changelog/2025-09-19-deprecation-of-node-20-on-github-actions-runners/
2026-07-24T14:18:04.8893467Z ##[group]Run docker/login-action@v3
2026-07-24T14:18:04.8893788Z with:
2026-07-24T14:18:04.8894015Z   registry: ghcr.io
2026-07-24T14:18:04.8894251Z   username: pkinerd
2026-07-24T14:18:04.8896302Z   password: ***
2026-07-24T14:18:04.8896535Z   logout: true
2026-07-24T14:18:04.8896769Z env:
2026-07-24T14:18:04.8896991Z   REGISTRY: ghcr.io
2026-07-24T14:18:04.8897413Z   IMAGE_NAME: pkinerd/ednsv
2026-07-24T14:18:04.8897738Z ##[endgroup]
2026-07-24T14:18:05.1109585Z Logging into ghcr.io...
2026-07-24T14:18:05.1125283Z (node:2548) [DEP0040] DeprecationWarning: The `punycode` module is deprecated. Please use a userland alternative instead.
2026-07-24T14:18:05.1126021Z (Use `node --trace-deprecation ...` to show where the warning was created)
2026-07-24T14:18:05.5388413Z Login Succeeded!
2026-07-24T14:18:05.5505129Z Node 20 is being deprecated. This workflow is running with Node 24 by default. If you need to temporarily use Node 20, you can set the ACTIONS_ALLOW_USE_UNSECURE_NODE_VERSION=true environment variable. For more information see: https://github.blog/changelog/2025-09-19-deprecation-of-node-20-on-github-actions-runners/
2026-07-24T14:18:05.5506220Z ##[group]Run docker/metadata-action@v5
2026-07-24T14:18:05.5506491Z with:
2026-07-24T14:18:05.5506713Z   images: ghcr.io/pkinerd/ednsv
2026-07-24T14:18:05.5507649Z   tags: type=ref,event=branch,prefix=branch-
type=ref,event=pr,prefix=pr-
type=sha,format=short,prefix=sha-
type=raw,value=latest,enable={{is_default_branch}}
type=raw,value=latest-any

2026-07-24T14:18:05.5508264Z   context: workflow
2026-07-24T14:18:05.5510311Z   github-token: ***
2026-07-24T14:18:05.5510569Z env:
2026-07-24T14:18:05.5510799Z   REGISTRY: ghcr.io
2026-07-24T14:18:05.5511052Z   IMAGE_NAME: pkinerd/ednsv
2026-07-24T14:18:05.5511312Z ##[endgroup]
2026-07-24T14:18:05.8173497Z (node:2568) [DEP0040] DeprecationWarning: The `punycode` module is deprecated. Please use a userland alternative instead.
2026-07-24T14:18:05.8174106Z (Use `node --trace-deprecation ...` to show where the warning was created)
2026-07-24T14:18:06.1910899Z ##[group]Context info
2026-07-24T14:18:06.1911328Z eventName: push
2026-07-24T14:18:06.1911630Z sha: 0907a58f50a6c98d23ae466ed31c3a0c15264622
2026-07-24T14:18:06.1911933Z ref: refs/heads/main
2026-07-24T14:18:06.1912159Z workflow: CI
2026-07-24T14:18:06.1912406Z action: meta
2026-07-24T14:18:06.1912655Z actor: pkinerd
2026-07-24T14:18:06.1912973Z runNumber: 211
2026-07-24T14:18:06.1913214Z runId: 30100361132
2026-07-24T14:18:06.1913607Z commitDate: Fri Jul 24 2026 14:17:01 GMT+0000 (Coordinated Universal Time)
2026-07-24T14:18:06.1914336Z ##[endgroup]
2026-07-24T14:18:06.1919902Z ##[group]Processing images input
2026-07-24T14:18:06.1920363Z name=ghcr.io/pkinerd/ednsv,enable=true
2026-07-24T14:18:06.1920903Z ##[endgroup]
2026-07-24T14:18:06.1937746Z ##[group]Processing tags input
2026-07-24T14:18:06.1938512Z type=ref,event=branch,prefix=branch-,enable=true,priority=600
2026-07-24T14:18:06.1939017Z type=ref,event=pr,prefix=pr-,enable=true,priority=600
2026-07-24T14:18:06.1939484Z type=raw,value=latest,enable={{is_default_branch}},priority=200
2026-07-24T14:18:06.1940041Z type=raw,value=latest-any,enable=true,priority=200
2026-07-24T14:18:06.1940575Z type=sha,format=short,prefix=sha-,enable=true,priority=100
2026-07-24T14:18:06.1941268Z ##[endgroup]
2026-07-24T14:18:06.1941628Z ##[group]Processing flavor input
2026-07-24T14:18:06.1941880Z latest=auto
2026-07-24T14:18:06.1942083Z prefix=
2026-07-24T14:18:06.1942293Z prefixLatest=false
2026-07-24T14:18:06.1942503Z suffix=
2026-07-24T14:18:06.1942725Z suffixLatest=false
2026-07-24T14:18:06.1943077Z ##[endgroup]
2026-07-24T14:18:06.1995221Z ##[group]Docker image version
2026-07-24T14:18:06.1995643Z branch-main
2026-07-24T14:18:06.1996402Z ##[endgroup]
2026-07-24T14:18:06.1999662Z ##[group]Docker tags
2026-07-24T14:18:06.2000081Z ghcr.io/pkinerd/ednsv:branch-main
2026-07-24T14:18:06.2000427Z ghcr.io/pkinerd/ednsv:latest
2026-07-24T14:18:06.2000848Z ghcr.io/pkinerd/ednsv:latest-any
2026-07-24T14:18:06.2001188Z ghcr.io/pkinerd/ednsv:sha-0907a58
2026-07-24T14:18:06.2001781Z ##[endgroup]
2026-07-24T14:18:06.2052987Z ##[group]Docker labels
2026-07-24T14:18:06.2053588Z org.opencontainers.image.created=2026-07-24T14:18:06.193Z
2026-07-24T14:18:06.2053997Z org.opencontainers.image.description=
2026-07-24T14:18:06.2054491Z org.opencontainers.image.licenses=
2026-07-24T14:18:06.2055013Z org.opencontainers.image.revision=0907a58f50a6c98d23ae466ed31c3a0c15264622
2026-07-24T14:18:06.2055635Z org.opencontainers.image.source=https://github.com/pkinerd/ednsv
2026-07-24T14:18:06.2056216Z org.opencontainers.image.title=ednsv
2026-07-24T14:18:06.2056679Z org.opencontainers.image.url=https://github.com/pkinerd/ednsv
2026-07-24T14:18:06.2057394Z org.opencontainers.image.version=branch-main
2026-07-24T14:18:06.2058158Z ##[endgroup]
2026-07-24T14:18:06.2059207Z ##[group]Annotations
2026-07-24T14:18:06.2059647Z manifest:org.opencontainers.image.created=2026-07-24T14:18:06.193Z
2026-07-24T14:18:06.2060137Z manifest:org.opencontainers.image.description=
2026-07-24T14:18:06.2060645Z manifest:org.opencontainers.image.licenses=
2026-07-24T14:18:06.2061174Z manifest:org.opencontainers.image.revision=0907a58f50a6c98d23ae466ed31c3a0c15264622
2026-07-24T14:18:06.2061877Z manifest:org.opencontainers.image.source=https://github.com/pkinerd/ednsv
2026-07-24T14:18:06.2062382Z manifest:org.opencontainers.image.title=ednsv
2026-07-24T14:18:06.2062876Z manifest:org.opencontainers.image.url=https://github.com/pkinerd/ednsv
2026-07-24T14:18:06.2063445Z manifest:org.opencontainers.image.version=branch-main
2026-07-24T14:18:06.2064054Z ##[endgroup]
2026-07-24T14:18:06.2064600Z ##[group]JSON output
2026-07-24T14:18:06.2064943Z {
2026-07-24T14:18:06.2065224Z   "tags": [
2026-07-24T14:18:06.2065577Z     "ghcr.io/pkinerd/ednsv:branch-main",
2026-07-24T14:18:06.2065954Z     "ghcr.io/pkinerd/ednsv:latest",
2026-07-24T14:18:06.2066411Z     "ghcr.io/pkinerd/ednsv:latest-any",
2026-07-24T14:18:06.2066787Z     "ghcr.io/pkinerd/ednsv:sha-0907a58"
2026-07-24T14:18:06.2067358Z   ],
2026-07-24T14:18:06.2067657Z   "tag-names": [
2026-07-24T14:18:06.2067990Z     "branch-main",
2026-07-24T14:18:06.2068290Z     "latest",
2026-07-24T14:18:06.2068587Z     "latest-any",
2026-07-24T14:18:06.2068866Z     "sha-0907a58"
2026-07-24T14:18:06.2069162Z   ],
2026-07-24T14:18:06.2069475Z   "labels": {
2026-07-24T14:18:06.2069952Z     "org.opencontainers.image.created": "2026-07-24T14:18:06.193Z",
2026-07-24T14:18:06.2070428Z     "org.opencontainers.image.description": "",
2026-07-24T14:18:06.2070841Z     "org.opencontainers.image.licenses": "",
2026-07-24T14:18:06.2071414Z     "org.opencontainers.image.revision": "0907a58f50a6c98d23ae466ed31c3a0c15264622",
2026-07-24T14:18:06.2071986Z     "org.opencontainers.image.source": "https://github.com/pkinerd/ednsv",
2026-07-24T14:18:06.2072591Z     "org.opencontainers.image.title": "ednsv",
2026-07-24T14:18:06.2073141Z     "org.opencontainers.image.url": "https://github.com/pkinerd/ednsv",
2026-07-24T14:18:06.2073654Z     "org.opencontainers.image.version": "branch-main"
2026-07-24T14:18:06.2074038Z   },
2026-07-24T14:18:06.2074297Z   "annotations": [
2026-07-24T14:18:06.2074719Z     "manifest:org.opencontainers.image.created=2026-07-24T14:18:06.193Z",
2026-07-24T14:18:06.2075223Z     "manifest:org.opencontainers.image.description=",
2026-07-24T14:18:06.2075619Z     "manifest:org.opencontainers.image.licenses=",
2026-07-24T14:18:06.2076107Z     "manifest:org.opencontainers.image.revision=0907a58f50a6c98d23ae466ed31c3a0c15264622",
2026-07-24T14:18:06.2076698Z     "manifest:org.opencontainers.image.source=https://github.com/pkinerd/ednsv",
2026-07-24T14:18:06.2078693Z     "manifest:org.opencontainers.image.title=ednsv",
2026-07-24T14:18:06.2079493Z     "manifest:org.opencontainers.image.url=https://github.com/pkinerd/ednsv",
2026-07-24T14:18:06.2080270Z     "manifest:org.opencontainers.image.version=branch-main"
2026-07-24T14:18:06.2080675Z   ]
2026-07-24T14:18:06.2080972Z }
2026-07-24T14:18:06.2081488Z ##[endgroup]
2026-07-24T14:18:06.2082099Z ##[group]Bake file definition (tags)
2026-07-24T14:18:06.2082380Z {
2026-07-24T14:18:06.2082710Z   "target": {
2026-07-24T14:18:06.2083014Z     "docker-metadata-action": {
2026-07-24T14:18:06.2083324Z       "tags": [
2026-07-24T14:18:06.2083603Z         "ghcr.io/pkinerd/ednsv:branch-main",
2026-07-24T14:18:06.2083925Z         "ghcr.io/pkinerd/ednsv:latest",
2026-07-24T14:18:06.2084270Z         "ghcr.io/pkinerd/ednsv:latest-any",
2026-07-24T14:18:06.2084697Z         "ghcr.io/pkinerd/ednsv:sha-0907a58"
2026-07-24T14:18:06.2085093Z       ],
2026-07-24T14:18:06.2085456Z       "args": {
2026-07-24T14:18:06.2085834Z         "DOCKER_META_IMAGES": "ghcr.io/pkinerd/ednsv",
2026-07-24T14:18:06.2086307Z         "DOCKER_META_VERSION": "branch-main"
2026-07-24T14:18:06.2086712Z       }
2026-07-24T14:18:06.2087014Z     }
2026-07-24T14:18:06.2087714Z   }
2026-07-24T14:18:06.2088006Z }
2026-07-24T14:18:06.2088548Z ##[endgroup]
2026-07-24T14:18:06.2089206Z ##[group]Bake file definition (labels)
2026-07-24T14:18:06.2089602Z {
2026-07-24T14:18:06.2089913Z   "target": {
2026-07-24T14:18:06.2090185Z     "docker-metadata-action": {
2026-07-24T14:18:06.2090580Z       "labels": {
2026-07-24T14:18:06.2090926Z         "org.opencontainers.image.created": "2026-07-24T14:18:06.193Z",
2026-07-24T14:18:06.2091469Z         "org.opencontainers.image.description": "",
2026-07-24T14:18:06.2092071Z         "org.opencontainers.image.licenses": "",
2026-07-24T14:18:06.2092739Z         "org.opencontainers.image.revision": "0907a58f50a6c98d23ae466ed31c3a0c15264622",
2026-07-24T14:18:06.2093585Z         "org.opencontainers.image.source": "https://github.com/pkinerd/ednsv",
2026-07-24T14:18:06.2094204Z         "org.opencontainers.image.title": "ednsv",
2026-07-24T14:18:06.2094764Z         "org.opencontainers.image.url": "https://github.com/pkinerd/ednsv",
2026-07-24T14:18:06.2095422Z         "org.opencontainers.image.version": "branch-main"
2026-07-24T14:18:06.2095860Z       }
2026-07-24T14:18:06.2096633Z     }
2026-07-24T14:18:06.2097017Z   }
2026-07-24T14:18:06.2097569Z }
2026-07-24T14:18:06.2098275Z ##[endgroup]
2026-07-24T14:18:06.2098918Z ##[group]Bake file definition (annotations)
2026-07-24T14:18:06.2099350Z {
2026-07-24T14:18:06.2099652Z   "target": {
2026-07-24T14:18:06.2099973Z     "docker-metadata-action": {
2026-07-24T14:18:06.2100374Z       "annotations": [
2026-07-24T14:18:06.2100898Z         "manifest:org.opencontainers.image.created=2026-07-24T14:18:06.193Z",
2026-07-24T14:18:06.2101521Z         "manifest:org.opencontainers.image.description=",
2026-07-24T14:18:06.2102054Z         "manifest:org.opencontainers.image.licenses=",
2026-07-24T14:18:06.2102711Z         "manifest:org.opencontainers.image.revision=0907a58f50a6c98d23ae466ed31c3a0c15264622",
2026-07-24T14:18:06.2103517Z         "manifest:org.opencontainers.image.source=https://github.com/pkinerd/ednsv",
2026-07-24T14:18:06.2104202Z         "manifest:org.opencontainers.image.title=ednsv",
2026-07-24T14:18:06.2104860Z         "manifest:org.opencontainers.image.url=https://github.com/pkinerd/ednsv",
2026-07-24T14:18:06.2105509Z         "manifest:org.opencontainers.image.version=branch-main"
2026-07-24T14:18:06.2105991Z       ]
2026-07-24T14:18:06.2106330Z     }
2026-07-24T14:18:06.2106616Z   }
2026-07-24T14:18:06.2106932Z }
2026-07-24T14:18:06.2107774Z ##[endgroup]
2026-07-24T14:18:06.2224687Z Node 20 is being deprecated. This workflow is running with Node 24 by default. If you need to temporarily use Node 20, you can set the ACTIONS_ALLOW_USE_UNSECURE_NODE_VERSION=true environment variable. For more information see: https://github.blog/changelog/2025-09-19-deprecation-of-node-20-on-github-actions-runners/
2026-07-24T14:18:06.2225961Z ##[group]Run docker/build-push-action@v6
2026-07-24T14:18:06.2226269Z with:
2026-07-24T14:18:06.2226637Z   context: .
2026-07-24T14:18:06.2226843Z   file: ./Dockerfile
2026-07-24T14:18:06.2227303Z   push: true
2026-07-24T14:18:06.2227782Z   tags: ghcr.io/pkinerd/ednsv:branch-main
ghcr.io/pkinerd/ednsv:latest
ghcr.io/pkinerd/ednsv:latest-any
ghcr.io/pkinerd/ednsv:sha-0907a58
2026-07-24T14:18:06.2229436Z   labels: org.opencontainers.image.created=2026-07-24T14:18:06.193Z
org.opencontainers.image.description=
org.opencontainers.image.licenses=
org.opencontainers.image.revision=0907a58f50a6c98d23ae466ed31c3a0c15264622
org.opencontainers.image.source=https://github.com/pkinerd/ednsv
org.opencontainers.image.title=ednsv
org.opencontainers.image.url=https://github.com/pkinerd/ednsv
org.opencontainers.image.version=branch-main
2026-07-24T14:18:06.2230721Z   cache-from: type=gha
2026-07-24T14:18:06.2230990Z   cache-to: type=gha,mode=max
2026-07-24T14:18:06.2231255Z   load: false
2026-07-24T14:18:06.2231471Z   no-cache: false
2026-07-24T14:18:06.2231755Z   pull: false
2026-07-24T14:18:06.2233695Z   github-token: ***
2026-07-24T14:18:06.2234221Z env:
2026-07-24T14:18:06.2234502Z   REGISTRY: ghcr.io
2026-07-24T14:18:06.2234742Z   IMAGE_NAME: pkinerd/ednsv
2026-07-24T14:18:06.2235051Z   DOCKER_METADATA_OUTPUT_VERSION: branch-main
2026-07-24T14:18:06.2235642Z   DOCKER_METADATA_OUTPUT_TAGS: ghcr.io/pkinerd/ednsv:branch-main
ghcr.io/pkinerd/ednsv:latest
ghcr.io/pkinerd/ednsv:latest-any
ghcr.io/pkinerd/ednsv:sha-0907a58
2026-07-24T14:18:06.2236280Z   DOCKER_METADATA_OUTPUT_TAG_NAMES: branch-main
latest
latest-any
sha-0907a58
2026-07-24T14:18:06.2237912Z   DOCKER_METADATA_OUTPUT_LABELS: org.opencontainers.image.created=2026-07-24T14:18:06.193Z
org.opencontainers.image.description=
org.opencontainers.image.licenses=
org.opencontainers.image.revision=0907a58f50a6c98d23ae466ed31c3a0c15264622
org.opencontainers.image.source=https://github.com/pkinerd/ednsv
org.opencontainers.image.title=ednsv
org.opencontainers.image.url=https://github.com/pkinerd/ednsv
org.opencontainers.image.version=branch-main
2026-07-24T14:18:06.2240551Z   DOCKER_METADATA_OUTPUT_ANNOTATIONS: manifest:org.opencontainers.image.created=2026-07-24T14:18:06.193Z
manifest:org.opencontainers.image.description=
manifest:org.opencontainers.image.licenses=
manifest:org.opencontainers.image.revision=0907a58f50a6c98d23ae466ed31c3a0c15264622
manifest:org.opencontainers.image.source=https://github.com/pkinerd/ednsv
manifest:org.opencontainers.image.title=ednsv
manifest:org.opencontainers.image.url=https://github.com/pkinerd/ednsv
manifest:org.opencontainers.image.version=branch-main
2026-07-24T14:18:06.2245128Z   DOCKER_METADATA_OUTPUT_JSON: {"tags":["ghcr.io/pkinerd/ednsv:branch-main","ghcr.io/pkinerd/ednsv:latest","ghcr.io/pkinerd/ednsv:latest-any","ghcr.io/pkinerd/ednsv:sha-0907a58"],"tag-names":["branch-main","latest","latest-any","sha-0907a58"],"labels":{"org.opencontainers.image.created":"2026-07-24T14:18:06.193Z","org.opencontainers.image.description":"","org.opencontainers.image.licenses":"","org.opencontainers.image.revision":"0907a58f50a6c98d23ae466ed31c3a0c15264622","org.opencontainers.image.source":"https://github.com/pkinerd/ednsv","org.opencontainers.image.title":"ednsv","org.opencontainers.image.url":"https://github.com/pkinerd/ednsv","org.opencontainers.image.version":"branch-main"},"annotations":["manifest:org.opencontainers.image.created=2026-07-24T14:18:06.193Z","manifest:org.opencontainers.image.description=","manifest:org.opencontainers.image.licenses=","manifest:org.opencontainers.image.revision=0907a58f50a6c98d23ae466ed31c3a0c15264622","manifest:org.opencontainers.image.source=https://github.com/pkinerd/ednsv","manifest:org.opencontainers.image.title=ednsv","manifest:org.opencontainers.image.url=https://github.com/pkinerd/ednsv","manifest:org.opencontainers.image.version=branch-main"]}
2026-07-24T14:18:06.2248753Z   DOCKER_METADATA_OUTPUT_BAKE_FILE_TAGS: /home/runner/work/_temp/docker-actions-toolkit-QcLEPr/docker-metadata-action-bake-tags.json
2026-07-24T14:18:06.2249518Z   DOCKER_METADATA_OUTPUT_BAKE_FILE_LABELS: /home/runner/work/_temp/docker-actions-toolkit-QcLEPr/docker-metadata-action-bake-labels.json
2026-07-24T14:18:06.2250414Z   DOCKER_METADATA_OUTPUT_BAKE_FILE_ANNOTATIONS: /home/runner/work/_temp/docker-actions-toolkit-QcLEPr/docker-metadata-action-bake-annotations.json
2026-07-24T14:18:06.2251196Z   DOCKER_METADATA_OUTPUT_BAKE_FILE: /home/runner/work/_temp/docker-actions-toolkit-QcLEPr/docker-metadata-action-bake.json
2026-07-24T14:18:06.2251694Z ##[endgroup]
2026-07-24T14:18:06.3960816Z (node:2580) [DEP0040] DeprecationWarning: The `punycode` module is deprecated. Please use a userland alternative instead.
2026-07-24T14:18:06.3961345Z (Use `node --trace-deprecation ...` to show where the warning was created)
2026-07-24T14:18:06.3974587Z ##[group]GitHub Actions runtime token ACs
2026-07-24T14:18:06.3980186Z refs/heads/main: read/write
2026-07-24T14:18:06.3980793Z ##[endgroup]
2026-07-24T14:18:06.3981362Z ##[group]Docker info
2026-07-24T14:18:06.4029493Z [command]/usr/bin/docker version
2026-07-24T14:18:06.4187598Z Client: Docker Engine - Community
2026-07-24T14:18:06.4192948Z  Version:           28.0.4
2026-07-24T14:18:06.4193530Z  API version:       1.48
2026-07-24T14:18:06.4193970Z  Go version:        go1.23.7
2026-07-24T14:18:06.4194277Z  Git commit:        b8034c0
2026-07-24T14:18:06.4194679Z  Built:             Tue Mar 25 15:07:16 2025
2026-07-24T14:18:06.4195084Z  OS/Arch:           linux/amd64
2026-07-24T14:18:06.4195406Z  Context:           default
2026-07-24T14:18:06.4195683Z 
2026-07-24T14:18:06.4195808Z Server: Docker Engine - Community
2026-07-24T14:18:06.4196167Z  Engine:
2026-07-24T14:18:06.4196504Z   Version:          28.0.4
2026-07-24T14:18:06.4196863Z   API version:      1.48 (minimum version 1.24)
2026-07-24T14:18:06.4197776Z   Go version:       go1.23.7
2026-07-24T14:18:06.4198218Z   Git commit:       6430e49
2026-07-24T14:18:06.4198557Z   Built:            Tue Mar 25 15:07:16 2025
2026-07-24T14:18:06.4198964Z   OS/Arch:          linux/amd64
2026-07-24T14:18:06.4199324Z   Experimental:     false
2026-07-24T14:18:06.4199627Z  containerd:
2026-07-24T14:18:06.4199975Z   Version:          v2.2.6
2026-07-24T14:18:06.4200343Z   GitCommit:        11ce9d5f3c68c941867e82890e93e815c1304f1b
2026-07-24T14:18:06.4200707Z  runc:
2026-07-24T14:18:06.4200995Z   Version:          1.3.6
2026-07-24T14:18:06.4201399Z   GitCommit:        v1.3.6-0-g491b69ba
2026-07-24T14:18:06.4201774Z  docker-init:
2026-07-24T14:18:06.4202048Z   Version:          0.19.0
2026-07-24T14:18:06.4202329Z   GitCommit:        de40ad0
2026-07-24T14:18:06.4239481Z [command]/usr/bin/docker info
2026-07-24T14:18:06.4789352Z Client: Docker Engine - Community
2026-07-24T14:18:06.4798661Z  Version:    28.0.4
2026-07-24T14:18:06.4799154Z  Context:    default
2026-07-24T14:18:06.4799476Z  Debug Mode: false
2026-07-24T14:18:06.4799923Z  Plugins:
2026-07-24T14:18:06.4800324Z   buildx: Docker Buildx (Docker Inc.)
2026-07-24T14:18:06.4800699Z     Version:  v0.35.0
2026-07-24T14:18:06.4801115Z     Path:     /usr/libexec/docker/cli-plugins/docker-buildx
2026-07-24T14:18:06.4801554Z   compose: Docker Compose (Docker Inc.)
2026-07-24T14:18:06.4801939Z     Version:  v2.38.2
2026-07-24T14:18:06.4802320Z     Path:     /usr/libexec/docker/cli-plugins/docker-compose
2026-07-24T14:18:06.4802631Z 
2026-07-24T14:18:06.4802760Z Server:
2026-07-24T14:18:06.4802980Z  Containers: 1
2026-07-24T14:18:06.4803238Z   Running: 1
2026-07-24T14:18:06.4803539Z   Paused: 0
2026-07-24T14:18:06.4803847Z   Stopped: 0
2026-07-24T14:18:06.4804101Z  Images: 7
2026-07-24T14:18:06.4804354Z  Server Version: 28.0.4
2026-07-24T14:18:06.4804909Z  Storage Driver: overlay2
2026-07-24T14:18:06.4806226Z   Backing Filesystem: extfs
2026-07-24T14:18:06.4807243Z   Supports d_type: true
2026-07-24T14:18:06.4807838Z   Using metacopy: false
2026-07-24T14:18:06.4808448Z   Native Overlay Diff: false
2026-07-24T14:18:06.4808795Z   userxattr: false
2026-07-24T14:18:06.4809061Z  Logging Driver: json-file
2026-07-24T14:18:06.4809483Z  Cgroup Driver: systemd
2026-07-24T14:18:06.4809783Z  Cgroup Version: 2
2026-07-24T14:18:06.4810074Z  Plugins:
2026-07-24T14:18:06.4810537Z   Volume: local
2026-07-24T14:18:06.4810854Z   Network: bridge host ipvlan macvlan null overlay
2026-07-24T14:18:06.4811380Z   Log: awslogs fluentd gcplogs gelf journald json-file local splunk syslog
2026-07-24T14:18:06.4811822Z  Swarm: inactive
2026-07-24T14:18:06.4812115Z  Runtimes: runc io.containerd.runc.v2
2026-07-24T14:18:06.4812493Z  Default Runtime: runc
2026-07-24T14:18:06.4812789Z  Init Binary: docker-init
2026-07-24T14:18:06.4813197Z  containerd version: 11ce9d5f3c68c941867e82890e93e815c1304f1b
2026-07-24T14:18:06.4813639Z  runc version: v1.3.6-0-g491b69ba
2026-07-24T14:18:06.4813980Z  init version: de40ad0
2026-07-24T14:18:06.4814295Z  Security Options:
2026-07-24T14:18:06.4814574Z   apparmor
2026-07-24T14:18:06.4814853Z   seccomp
2026-07-24T14:18:06.4815157Z    Profile: builtin
2026-07-24T14:18:06.4815427Z   cgroupns
2026-07-24T14:18:06.4815716Z  Kernel Version: 6.17.0-1020-azure
2026-07-24T14:18:06.4816079Z  Operating System: Ubuntu 24.04.4 LTS
2026-07-24T14:18:06.4816441Z  OSType: linux
2026-07-24T14:18:06.4816738Z  Architecture: x86_64
2026-07-24T14:18:06.4817022Z  CPUs: 4
2026-07-24T14:18:06.4817516Z  Total Memory: 15.61GiB
2026-07-24T14:18:06.4817857Z  Name: runnervmvrwv9
2026-07-24T14:18:06.4818168Z  ID: dce1e4a9-fc26-4218-aaf0-feee5194c8cb
2026-07-24T14:18:06.4818553Z  Docker Root Dir: /var/lib/docker
2026-07-24T14:18:06.4818885Z  Debug Mode: false
2026-07-24T14:18:06.4819178Z  Username: githubactions
2026-07-24T14:18:06.4819502Z  Experimental: false
2026-07-24T14:18:06.4819794Z  Insecure Registries:
2026-07-24T14:18:06.4820142Z   ::1/128
2026-07-24T14:18:06.4820429Z   127.0.0.0/8
2026-07-24T14:18:06.4820709Z  Live Restore Enabled: false
2026-07-24T14:18:06.4820909Z 
2026-07-24T14:18:06.4821466Z ##[endgroup]
2026-07-24T14:18:06.4822073Z ##[group]Proxy configuration
2026-07-24T14:18:06.4822512Z No proxy configuration found
2026-07-24T14:18:06.4823051Z ##[endgroup]
2026-07-24T14:18:06.5224184Z ##[group]Buildx version
2026-07-24T14:18:06.5239393Z [command]/usr/bin/docker buildx version
2026-07-24T14:18:06.5584723Z github.com/docker/buildx v0.35.0 a319e5b15052cf6557ceb666eb8ff6e32380b782
2026-07-24T14:18:06.5599417Z ##[endgroup]
2026-07-24T14:18:06.5600130Z ##[group]Builder info
2026-07-24T14:18:06.6242899Z {
2026-07-24T14:18:06.6243618Z   "nodes": [
2026-07-24T14:18:06.6244084Z     {
2026-07-24T14:18:06.6244725Z       "name": "builder-884363a2-a40d-4ab7-b8de-31632c2adb830",
2026-07-24T14:18:06.6245448Z       "endpoint": "unix:///var/run/docker.sock",
2026-07-24T14:18:06.6245923Z       "status": "running",
2026-07-24T14:18:06.6246719Z       "buildkitd-flags": "--allow-insecure-entitlement security.insecure --allow-insecure-entitlement network.host",
2026-07-24T14:18:06.6247662Z       "buildkit": "v0.31.2",
2026-07-24T14:18:06.6248333Z       "platforms": "linux/amd64,linux/amd64/v2,linux/amd64/v3,linux/amd64/v4,linux/386",
2026-07-24T14:18:06.6249022Z       "features": {
2026-07-24T14:18:06.6249587Z         "Automatically load images to the Docker Engine image store": true,
2026-07-24T14:18:06.6250222Z         "Cache export": true,
2026-07-24T14:18:06.6250673Z         "Direct push": true,
2026-07-24T14:18:06.6251070Z         "Docker exporter": true,
2026-07-24T14:18:06.6251582Z         "Multi-platform build": true,
2026-07-24T14:18:06.6252075Z         "OCI exporter": true
2026-07-24T14:18:06.6252511Z       },
2026-07-24T14:18:06.6252916Z       "labels": {
2026-07-24T14:18:06.6253437Z         "org.mobyproject.buildkit.worker.executor": "oci",
2026-07-24T14:18:06.6254294Z         "org.mobyproject.buildkit.worker.hostname": "3a324eebbf8c",
2026-07-24T14:18:06.6255054Z         "org.mobyproject.buildkit.worker.network": "host",
2026-07-24T14:18:06.6255646Z         "org.mobyproject.buildkit.worker.oci.process-mode": "sandbox",
2026-07-24T14:18:06.6264512Z         "org.mobyproject.buildkit.worker.selinux.enabled": "false",
2026-07-24T14:18:06.6265363Z         "org.mobyproject.buildkit.worker.snapshotter": "overlayfs"
2026-07-24T14:18:06.6266057Z       },
2026-07-24T14:18:06.6266720Z       "gcPolicy": [
2026-07-24T14:18:06.6267634Z         {
2026-07-24T14:18:06.6267854Z           "all": false,
2026-07-24T14:18:06.6268131Z           "filter": [
2026-07-24T14:18:06.6268469Z             "type==source.local type==exec.cachemount type==source.git.checkout"
2026-07-24T14:18:06.6268798Z           ],
2026-07-24T14:18:06.6269020Z           "keepDuration": "48h0m0s",
2026-07-24T14:18:06.6269251Z           "maxUsedSpace": "488.3MiB"
2026-07-24T14:18:06.6269463Z         },
2026-07-24T14:18:06.6269669Z         {
2026-07-24T14:18:06.6269854Z           "all": false,
2026-07-24T14:18:06.6270129Z           "keepDuration": "1440h0m0s",
2026-07-24T14:18:06.6270381Z           "reservedSpace": "9.313GiB",
2026-07-24T14:18:06.6270604Z           "maxUsedSpace": "93.13GiB",
2026-07-24T14:18:06.6270864Z           "minFreeSpace": "27.01GiB"
2026-07-24T14:18:06.6271078Z         },
2026-07-24T14:18:06.6271259Z         {
2026-07-24T14:18:06.6271436Z           "all": false,
2026-07-24T14:18:06.6271654Z           "reservedSpace": "9.313GiB",
2026-07-24T14:18:06.6271917Z           "maxUsedSpace": "93.13GiB",
2026-07-24T14:18:06.6272136Z           "minFreeSpace": "27.01GiB"
2026-07-24T14:18:06.6272400Z         },
2026-07-24T14:18:06.6272584Z         {
2026-07-24T14:18:06.6272790Z           "all": true,
2026-07-24T14:18:06.6273119Z           "reservedSpace": "9.313GiB",
2026-07-24T14:18:06.6273371Z           "maxUsedSpace": "93.13GiB",
2026-07-24T14:18:06.6273593Z           "minFreeSpace": "27.01GiB"
2026-07-24T14:18:06.6273838Z         }
2026-07-24T14:18:06.6274070Z       ]
2026-07-24T14:18:06.6274287Z     }
2026-07-24T14:18:06.6274472Z   ],
2026-07-24T14:18:06.6274732Z   "name": "builder-884363a2-a40d-4ab7-b8de-31632c2adb83",
2026-07-24T14:18:06.6275055Z   "driver": "docker-container",
2026-07-24T14:18:06.6275327Z   "lastActivity": "2026-07-24T14:17:56.000Z"
2026-07-24T14:18:06.6275560Z }
2026-07-24T14:18:06.6275990Z ##[endgroup]
2026-07-24T14:18:06.7352594Z [command]/usr/bin/docker buildx build --cache-from type=gha --cache-to type=gha,mode=max --file ./Dockerfile --iidfile /home/runner/work/_temp/docker-actions-toolkit-Vyb44o/build-iidfile-d17d820a4e.txt --label org.opencontainers.image.created=2026-07-24T14:18:06.193Z --label org.opencontainers.image.description= --label org.opencontainers.image.licenses= --label org.opencontainers.image.revision=0907a58f50a6c98d23ae466ed31c3a0c15264622 --label org.opencontainers.image.source=https://github.com/pkinerd/ednsv --label org.opencontainers.image.title=ednsv --label org.opencontainers.image.url=https://github.com/pkinerd/ednsv --label org.opencontainers.image.version=branch-main --attest type=provenance,mode=max,builder-id=https://github.com/pkinerd/ednsv/actions/runs/30100361132/attempts/1 --tag ghcr.io/pkinerd/ednsv:branch-main --tag ghcr.io/pkinerd/ednsv:latest --tag ghcr.io/pkinerd/ednsv:latest-any --tag ghcr.io/pkinerd/ednsv:sha-0907a58 --metadata-file /home/runner/work/_temp/docker-actions-toolkit-Vyb44o/build-metadata-ed85eaf33f.json --push .
2026-07-24T14:18:07.2289139Z #0 building with "builder-884363a2-a40d-4ab7-b8de-31632c2adb83" instance using docker-container driver
2026-07-24T14:18:07.2289794Z 
2026-07-24T14:18:07.2289937Z #1 [internal] load build definition from Dockerfile
2026-07-24T14:18:07.2290223Z #1 transferring dockerfile: 827B done
2026-07-24T14:18:07.2290451Z #1 DONE 0.0s
2026-07-24T14:18:07.2290672Z 
2026-07-24T14:18:07.2290813Z #2 [auth] docker/dockerfile:pull token for registry-1.docker.io
2026-07-24T14:18:07.3794781Z #2 DONE 0.0s
2026-07-24T14:18:07.3794942Z 
2026-07-24T14:18:07.3795409Z #3 resolve image config for docker-image://docker.io/docker/dockerfile:1.7
2026-07-24T14:18:08.0972803Z #3 DONE 1.0s
2026-07-24T14:18:08.2652688Z 
2026-07-24T14:18:08.2653462Z #4 docker-image://docker.io/docker/dockerfile:1.7@sha256:a57df69d0ea827fb7266491f2813635de6f17269be881f696fbfdf2d83dda33e
2026-07-24T14:18:08.2654220Z #4 resolve docker.io/docker/dockerfile:1.7@sha256:a57df69d0ea827fb7266491f2813635de6f17269be881f696fbfdf2d83dda33e done
2026-07-24T14:18:08.2675893Z #4 sha256:96918c57e42509b97f10c074d80672ecdbd3bb7dcd38c1bd95960cf291207416 1.05MB / 11.98MB 0.2s
2026-07-24T14:18:08.4175909Z #4 sha256:96918c57e42509b97f10c074d80672ecdbd3bb7dcd38c1bd95960cf291207416 11.98MB / 11.98MB 0.3s
2026-07-24T14:18:08.5901046Z #4 sha256:96918c57e42509b97f10c074d80672ecdbd3bb7dcd38c1bd95960cf291207416 11.98MB / 11.98MB 0.3s done
2026-07-24T14:18:08.5901836Z #4 extracting sha256:96918c57e42509b97f10c074d80672ecdbd3bb7dcd38c1bd95960cf291207416 0.1s done
2026-07-24T14:18:08.7404606Z #4 DONE 0.5s
2026-07-24T14:18:08.7642584Z 
2026-07-24T14:18:08.7643311Z #5 [internal] load metadata for mcr.microsoft.com/dotnet/aspnet:8.0
2026-07-24T14:18:09.5335001Z #5 ...
2026-07-24T14:18:09.5335318Z 
2026-07-24T14:18:09.5335551Z #6 [internal] load metadata for mcr.microsoft.com/dotnet/sdk:8.0
2026-07-24T14:18:09.5336130Z #6 DONE 0.8s
2026-07-24T14:18:09.6963400Z 
2026-07-24T14:18:09.6964146Z #5 [internal] load metadata for mcr.microsoft.com/dotnet/aspnet:8.0
2026-07-24T14:18:09.6964681Z #5 DONE 0.8s
2026-07-24T14:18:09.6964843Z 
2026-07-24T14:18:09.6964942Z #7 [internal] load .dockerignore
2026-07-24T14:18:09.8381054Z #7 transferring context:
2026-07-24T14:18:09.9938007Z #7 transferring context: 249B done
2026-07-24T14:18:09.9938607Z #7 DONE 0.3s
2026-07-24T14:18:10.1256937Z 
2026-07-24T14:18:10.1259340Z #8 importing cache manifest from gha:8891464200818586990
2026-07-24T14:18:10.2665097Z #8 ...
2026-07-24T14:18:10.2665357Z 
2026-07-24T14:18:10.2665475Z #9 [internal] load build context
2026-07-24T14:18:10.2665722Z #9 DONE 0.0s
2026-07-24T14:18:10.3844368Z 
2026-07-24T14:18:10.3845072Z #10 [runtime 1/3] FROM mcr.microsoft.com/dotnet/aspnet:8.0@sha256:9822a6201c64c9f38b8a190832a7ae21cd30150d509b3ea170fd83b4f4e6166a
2026-07-24T14:18:10.3846186Z #10 resolve mcr.microsoft.com/dotnet/aspnet:8.0@sha256:9822a6201c64c9f38b8a190832a7ae21cd30150d509b3ea170fd83b4f4e6166a 0.1s done
2026-07-24T14:18:10.3847026Z #10 DONE 0.1s
2026-07-24T14:18:10.3847450Z 
2026-07-24T14:18:10.3847878Z #11 [build 1/8] FROM mcr.microsoft.com/dotnet/sdk:8.0@sha256:89ce6291bde9acdf59594e79fb8277c6d84c46e4b1f5bf126a4f18766e4bd597
2026-07-24T14:18:10.3849007Z #11 resolve mcr.microsoft.com/dotnet/sdk:8.0@sha256:89ce6291bde9acdf59594e79fb8277c6d84c46e4b1f5bf126a4f18766e4bd597 done
2026-07-24T14:18:10.3849458Z #11 DONE 0.1s
2026-07-24T14:18:10.3849561Z 
2026-07-24T14:18:10.3849704Z #8 importing cache manifest from gha:8891464200818586990
2026-07-24T14:18:10.3850003Z #8 DONE 0.3s
2026-07-24T14:18:10.5356234Z 
2026-07-24T14:18:10.5356707Z #9 [internal] load build context
2026-07-24T14:18:11.1185994Z #9 transferring context: 826.28kB 0.0s done
2026-07-24T14:18:11.1186348Z #9 DONE 0.6s
2026-07-24T14:18:11.1186558Z 
2026-07-24T14:18:11.1186686Z #12 [build 2/8] WORKDIR /src
2026-07-24T14:18:11.1186916Z #12 CACHED
2026-07-24T14:18:11.1187020Z 
2026-07-24T14:18:11.1187450Z #13 [build 3/8] COPY src/Ednsv.Core/Ednsv.Core.csproj src/Ednsv.Core/
2026-07-24T14:18:11.1187801Z #13 CACHED
2026-07-24T14:18:11.1187894Z 
2026-07-24T14:18:11.1188063Z #14 [build 4/8] COPY src/Ednsv.Web/Ednsv.Web.csproj src/Ednsv.Web/
2026-07-24T14:18:11.1188375Z #14 CACHED
2026-07-24T14:18:11.1188465Z 
2026-07-24T14:18:11.1188623Z #15 [build 5/8] RUN dotnet restore src/Ednsv.Web/Ednsv.Web.csproj
2026-07-24T14:18:11.3933972Z #15 CACHED
2026-07-24T14:18:11.5526651Z 
2026-07-24T14:18:11.5527434Z #15 [build 5/8] RUN dotnet restore src/Ednsv.Web/Ednsv.Web.csproj
2026-07-24T14:18:11.5559160Z #15 sha256:ce2c57129a410f21f57267ecac2abd3ee7a9d09910bdb87562a28c267c3939d9 0B / 74.96MB 0.2s
2026-07-24T14:18:11.7062597Z #15 sha256:211371f29f7c4fca7eb7a209f41f8321ed68dd15ab2594c8f8566a2c0c1457da 456B / 456B 0.2s done
2026-07-24T14:18:11.7063272Z #15 sha256:527e962643720863df9b6d7e1029f629eb5f4ae8ec95166afd6bb178bbbbe997 93B / 93B 0.2s done
2026-07-24T14:18:11.7063777Z #15 sha256:a8149a111a6fb6479dbd4fc7d6ad0bebbdaba37313113f74813b465baf1959c0 437B / 437B 0.2s done
2026-07-24T14:18:11.8558169Z #15 sha256:4a1adfe703f2293ec5cde3dd610e571357be78d64c0d3de84e96ca94d8439dbf 0B / 17.06MB 0.2s
2026-07-24T14:18:11.8558936Z #15 sha256:669b654f76f36f76f7e9ee1d5a81a55def35a6aab072f561e6417db52da31b7a 0B / 2.69kB 0.2s
2026-07-24T14:18:11.8559846Z #15 sha256:b0d7d832459327548cd7a8510001f16e317e0620d38b30d75a6ba9c5b1a1482d 0B / 177.89MB 0.2s
2026-07-24T14:18:12.0055953Z #15 sha256:669b654f76f36f76f7e9ee1d5a81a55def35a6aab072f561e6417db52da31b7a 2.69kB / 2.69kB 0.4s done
2026-07-24T14:18:12.1560981Z #15 sha256:ce2c57129a410f21f57267ecac2abd3ee7a9d09910bdb87562a28c267c3939d9 8.39MB / 74.96MB 0.8s
2026-07-24T14:18:12.1561822Z #15 sha256:4a1adfe703f2293ec5cde3dd610e571357be78d64c0d3de84e96ca94d8439dbf 1.05MB / 17.06MB 0.5s
2026-07-24T14:18:12.1562434Z #15 sha256:f643d834db55faad1eb60e02f90129bbc582d5780c4ab56e4f2c610a7f5b9583 0B / 31.09MB 0.2s
2026-07-24T14:18:12.3058853Z #15 sha256:4a1adfe703f2293ec5cde3dd610e571357be78d64c0d3de84e96ca94d8439dbf 3.15MB / 17.06MB 0.6s
2026-07-24T14:18:12.4556197Z #15 sha256:ce2c57129a410f21f57267ecac2abd3ee7a9d09910bdb87562a28c267c3939d9 14.68MB / 74.96MB 1.1s
2026-07-24T14:18:12.4556937Z #15 sha256:4a1adfe703f2293ec5cde3dd610e571357be78d64c0d3de84e96ca94d8439dbf 8.39MB / 17.06MB 0.8s
2026-07-24T14:18:12.4557729Z #15 sha256:b0d7d832459327548cd7a8510001f16e317e0620d38b30d75a6ba9c5b1a1482d 14.68MB / 177.89MB 0.8s
2026-07-24T14:18:12.5558008Z #15 sha256:4a1adfe703f2293ec5cde3dd610e571357be78d64c0d3de84e96ca94d8439dbf 15.73MB / 17.06MB 0.9s
2026-07-24T14:18:12.5558679Z #15 sha256:b0d7d832459327548cd7a8510001f16e317e0620d38b30d75a6ba9c5b1a1482d 24.12MB / 177.89MB 0.9s
2026-07-24T14:18:12.5559304Z #15 sha256:f643d834db55faad1eb60e02f90129bbc582d5780c4ab56e4f2c610a7f5b9583 4.19MB / 31.09MB 0.6s
2026-07-24T14:18:12.7048621Z #15 sha256:ce2c57129a410f21f57267ecac2abd3ee7a9d09910bdb87562a28c267c3939d9 18.87MB / 74.96MB 1.2s
2026-07-24T14:18:12.7049197Z #15 sha256:4a1adfe703f2293ec5cde3dd610e571357be78d64c0d3de84e96ca94d8439dbf 17.06MB / 17.06MB 1.0s done
2026-07-24T14:18:12.7049795Z #15 sha256:f643d834db55faad1eb60e02f90129bbc582d5780c4ab56e4f2c610a7f5b9583 10.49MB / 31.09MB 0.8s
2026-07-24T14:18:12.8547517Z #15 sha256:ce2c57129a410f21f57267ecac2abd3ee7a9d09910bdb87562a28c267c3939d9 24.12MB / 74.96MB 1.4s
2026-07-24T14:18:12.8548301Z #15 sha256:b0d7d832459327548cd7a8510001f16e317e0620d38b30d75a6ba9c5b1a1482d 38.80MB / 177.89MB 1.2s
2026-07-24T14:18:12.8548870Z #15 sha256:f643d834db55faad1eb60e02f90129bbc582d5780c4ab56e4f2c610a7f5b9583 20.97MB / 31.09MB 0.9s
2026-07-24T14:18:12.8549379Z #15 sha256:e1832c1b48a6042dc2be559908683ef9dae2586a8d8e47c9c9fbc48c6aa03c2e 0B / 11.10MB 0.2s
2026-07-24T14:18:13.0053289Z #15 sha256:ce2c57129a410f21f57267ecac2abd3ee7a9d09910bdb87562a28c267c3939d9 28.31MB / 74.96MB 1.5s
2026-07-24T14:18:13.0054198Z #15 sha256:f643d834db55faad1eb60e02f90129bbc582d5780c4ab56e4f2c610a7f5b9583 31.09MB / 31.09MB 1.1s
2026-07-24T14:18:13.1550375Z #15 sha256:ce2c57129a410f21f57267ecac2abd3ee7a9d09910bdb87562a28c267c3939d9 32.51MB / 74.96MB 1.7s
2026-07-24T14:18:13.1550999Z #15 sha256:b0d7d832459327548cd7a8510001f16e317e0620d38b30d75a6ba9c5b1a1482d 58.72MB / 177.89MB 1.5s
2026-07-24T14:18:13.1551841Z #15 sha256:e1832c1b48a6042dc2be559908683ef9dae2586a8d8e47c9c9fbc48c6aa03c2e 1.05MB / 11.10MB 0.5s
2026-07-24T14:18:13.3105133Z #15 sha256:ce2c57129a410f21f57267ecac2abd3ee7a9d09910bdb87562a28c267c3939d9 36.70MB / 74.96MB 1.8s
2026-07-24T14:18:13.3105745Z #15 sha256:f643d834db55faad1eb60e02f90129bbc582d5780c4ab56e4f2c610a7f5b9583 31.09MB / 31.09MB 1.2s done
2026-07-24T14:18:13.3106443Z #15 sha256:e1832c1b48a6042dc2be559908683ef9dae2586a8d8e47c9c9fbc48c6aa03c2e 5.24MB / 11.10MB 0.6s
2026-07-24T14:18:13.4605141Z #15 sha256:ce2c57129a410f21f57267ecac2abd3ee7a9d09910bdb87562a28c267c3939d9 41.94MB / 74.96MB 2.0s
2026-07-24T14:18:13.4605781Z #15 sha256:b0d7d832459327548cd7a8510001f16e317e0620d38b30d75a6ba9c5b1a1482d 76.55MB / 177.89MB 1.8s
2026-07-24T14:18:13.4606303Z #15 sha256:e1832c1b48a6042dc2be559908683ef9dae2586a8d8e47c9c9fbc48c6aa03c2e 11.10MB / 11.10MB 0.8s
2026-07-24T14:18:13.4606885Z #15 sha256:0e5539ed2775bdbdae40e349b882518e23f72473c3c0ee9b36fbe3b48430ff6d 164B / 164B 0.2s
2026-07-24T14:18:13.6232243Z #15 sha256:ce2c57129a410f21f57267ecac2abd3ee7a9d09910bdb87562a28c267c3939d9 47.19MB / 74.96MB 2.1s
2026-07-24T14:18:13.6234371Z #15 sha256:e1832c1b48a6042dc2be559908683ef9dae2586a8d8e47c9c9fbc48c6aa03c2e 11.10MB / 11.10MB 0.9s done
2026-07-24T14:18:13.6235132Z #15 sha256:0e5539ed2775bdbdae40e349b882518e23f72473c3c0ee9b36fbe3b48430ff6d 164B / 164B 0.2s done
2026-07-24T14:18:13.8008063Z #15 sha256:ce2c57129a410f21f57267ecac2abd3ee7a9d09910bdb87562a28c267c3939d9 51.38MB / 74.96MB 2.3s
2026-07-24T14:18:13.8008627Z #15 sha256:b0d7d832459327548cd7a8510001f16e317e0620d38b30d75a6ba9c5b1a1482d 96.47MB / 177.89MB 2.1s
2026-07-24T14:18:13.8009092Z #15 sha256:369e46e487316155d09f898ec50c02180d49f7ac3f9a3f6069b0d21d80557714 0B / 32.26MB 0.2s
2026-07-24T14:18:13.8009614Z #15 sha256:33ab927dd0b40e0e12b1c744ea555a3d4bd3d5134535dfbda2d86ee99a868ea0 3.33kB / 3.33kB 0.1s done
2026-07-24T14:18:13.9510031Z #15 sha256:ce2c57129a410f21f57267ecac2abd3ee7a9d09910bdb87562a28c267c3939d9 55.57MB / 74.96MB 2.4s
2026-07-24T14:18:13.9511045Z #15 sha256:5cc52b0eabac9e33649ff857181545e129e3763895cd0c30a82ef5a4f532659f 5.24MB / 18.74MB 0.2s
2026-07-24T14:18:14.1010076Z #15 sha256:ce2c57129a410f21f57267ecac2abd3ee7a9d09910bdb87562a28c267c3939d9 59.77MB / 74.96MB 2.6s
2026-07-24T14:18:14.1010851Z #15 sha256:b0d7d832459327548cd7a8510001f16e317e0620d38b30d75a6ba9c5b1a1482d 112.20MB / 177.89MB 2.4s
2026-07-24T14:18:14.1011426Z #15 sha256:5cc52b0eabac9e33649ff857181545e129e3763895cd0c30a82ef5a4f532659f 18.74MB / 18.74MB 0.3s
2026-07-24T14:18:14.2511828Z #15 sha256:369e46e487316155d09f898ec50c02180d49f7ac3f9a3f6069b0d21d80557714 3.15MB / 32.26MB 0.6s
2026-07-24T14:18:14.4055239Z #15 sha256:ce2c57129a410f21f57267ecac2abd3ee7a9d09910bdb87562a28c267c3939d9 71.30MB / 74.96MB 3.0s
2026-07-24T14:18:14.4055942Z #15 sha256:b0d7d832459327548cd7a8510001f16e317e0620d38b30d75a6ba9c5b1a1482d 128.97MB / 177.89MB 2.7s
2026-07-24T14:18:14.4056431Z #15 sha256:369e46e487316155d09f898ec50c02180d49f7ac3f9a3f6069b0d21d80557714 6.29MB / 32.26MB 0.8s
2026-07-24T14:18:14.5560837Z #15 sha256:b0d7d832459327548cd7a8510001f16e317e0620d38b30d75a6ba9c5b1a1482d 138.41MB / 177.89MB 2.9s
2026-07-24T14:18:14.5561626Z #15 sha256:369e46e487316155d09f898ec50c02180d49f7ac3f9a3f6069b0d21d80557714 15.73MB / 32.26MB 0.9s
2026-07-24T14:18:14.5562358Z #15 sha256:5cc52b0eabac9e33649ff857181545e129e3763895cd0c30a82ef5a4f532659f 18.74MB / 18.74MB 0.6s done
2026-07-24T14:18:14.7053465Z #15 sha256:b0d7d832459327548cd7a8510001f16e317e0620d38b30d75a6ba9c5b1a1482d 147.85MB / 177.89MB 3.0s
2026-07-24T14:18:14.7054206Z #15 sha256:369e46e487316155d09f898ec50c02180d49f7ac3f9a3f6069b0d21d80557714 25.17MB / 32.26MB 1.1s
2026-07-24T14:18:14.7055021Z #15 sha256:68629629b516c3cd6f5e71ffbe18e32afb1ae5b4926c92d058c0f11ef1fd58a3 4.19MB / 28.24MB 0.2s
2026-07-24T14:18:14.8556576Z #15 sha256:369e46e487316155d09f898ec50c02180d49f7ac3f9a3f6069b0d21d80557714 32.26MB / 32.26MB 1.2s
2026-07-24T14:18:14.8559715Z #15 sha256:68629629b516c3cd6f5e71ffbe18e32afb1ae5b4926c92d058c0f11ef1fd58a3 13.63MB / 28.24MB 0.3s
2026-07-24T14:18:15.0058920Z #15 sha256:b0d7d832459327548cd7a8510001f16e317e0620d38b30d75a6ba9c5b1a1482d 164.63MB / 177.89MB 3.3s
2026-07-24T14:18:15.0059553Z #15 sha256:68629629b516c3cd6f5e71ffbe18e32afb1ae5b4926c92d058c0f11ef1fd58a3 25.17MB / 28.24MB 0.5s
2026-07-24T14:18:15.1557898Z #15 sha256:b0d7d832459327548cd7a8510001f16e317e0620d38b30d75a6ba9c5b1a1482d 175.11MB / 177.89MB 3.5s
2026-07-24T14:18:15.1558963Z #15 sha256:68629629b516c3cd6f5e71ffbe18e32afb1ae5b4926c92d058c0f11ef1fd58a3 28.24MB / 28.24MB 0.6s
2026-07-24T14:18:16.1841884Z #15 sha256:68629629b516c3cd6f5e71ffbe18e32afb1ae5b4926c92d058c0f11ef1fd58a3 28.24MB / 28.24MB 1.6s done
2026-07-24T14:18:16.2997238Z #15 sha256:ce2c57129a410f21f57267ecac2abd3ee7a9d09910bdb87562a28c267c3939d9 74.96MB / 74.96MB 4.9s done
2026-07-24T14:18:16.2998436Z #15 sha256:b0d7d832459327548cd7a8510001f16e317e0620d38b30d75a6ba9c5b1a1482d 177.89MB / 177.89MB 4.7s done
2026-07-24T14:18:16.2999289Z #15 sha256:369e46e487316155d09f898ec50c02180d49f7ac3f9a3f6069b0d21d80557714 32.26MB / 32.26MB 2.7s done
2026-07-24T14:18:16.3000414Z #15 extracting sha256:68629629b516c3cd6f5e71ffbe18e32afb1ae5b4926c92d058c0f11ef1fd58a3
2026-07-24T14:18:16.9623533Z #15 extracting sha256:68629629b516c3cd6f5e71ffbe18e32afb1ae5b4926c92d058c0f11ef1fd58a3 0.7s done
2026-07-24T14:18:16.9624229Z #15 DONE 6.0s
2026-07-24T14:18:17.1128587Z 
2026-07-24T14:18:17.1129434Z #15 [build 5/8] RUN dotnet restore src/Ednsv.Web/Ednsv.Web.csproj
2026-07-24T14:18:17.1129925Z #15 extracting sha256:5cc52b0eabac9e33649ff857181545e129e3763895cd0c30a82ef5a4f532659f
2026-07-24T14:18:17.2026054Z #15 extracting sha256:5cc52b0eabac9e33649ff857181545e129e3763895cd0c30a82ef5a4f532659f 0.2s done
2026-07-24T14:18:17.2026583Z #15 DONE 6.2s
2026-07-24T14:18:17.3601646Z 
2026-07-24T14:18:17.3603101Z #15 [build 5/8] RUN dotnet restore src/Ednsv.Web/Ednsv.Web.csproj
2026-07-24T14:18:17.3603727Z #15 extracting sha256:33ab927dd0b40e0e12b1c744ea555a3d4bd3d5134535dfbda2d86ee99a868ea0 done
2026-07-24T14:18:17.7188709Z #15 extracting sha256:369e46e487316155d09f898ec50c02180d49f7ac3f9a3f6069b0d21d80557714
2026-07-24T14:18:17.7189274Z #15 extracting sha256:369e46e487316155d09f898ec50c02180d49f7ac3f9a3f6069b0d21d80557714 0.5s done
2026-07-24T14:18:17.7189721Z #15 DONE 6.7s
2026-07-24T14:18:17.8385520Z 
2026-07-24T14:18:17.8387003Z #15 [build 5/8] RUN dotnet restore src/Ednsv.Web/Ednsv.Web.csproj
2026-07-24T14:18:17.8387901Z #15 extracting sha256:0e5539ed2775bdbdae40e349b882518e23f72473c3c0ee9b36fbe3b48430ff6d 0.1s done
2026-07-24T14:18:17.8388562Z #15 DONE 6.8s
2026-07-24T14:18:17.9893843Z 
2026-07-24T14:18:17.9894499Z #15 [build 5/8] RUN dotnet restore src/Ednsv.Web/Ednsv.Web.csproj
2026-07-24T14:18:17.9895122Z #15 extracting sha256:e1832c1b48a6042dc2be559908683ef9dae2586a8d8e47c9c9fbc48c6aa03c2e
2026-07-24T14:18:18.1809494Z #15 extracting sha256:e1832c1b48a6042dc2be559908683ef9dae2586a8d8e47c9c9fbc48c6aa03c2e 0.3s done
2026-07-24T14:18:18.1810103Z #15 DONE 7.2s
2026-07-24T14:18:18.3314036Z 
2026-07-24T14:18:18.3314711Z #15 [build 5/8] RUN dotnet restore src/Ednsv.Web/Ednsv.Web.csproj
2026-07-24T14:18:18.3315406Z #15 extracting sha256:f643d834db55faad1eb60e02f90129bbc582d5780c4ab56e4f2c610a7f5b9583
2026-07-24T14:18:18.6943296Z #15 extracting sha256:f643d834db55faad1eb60e02f90129bbc582d5780c4ab56e4f2c610a7f5b9583 0.5s done
2026-07-24T14:18:18.6943787Z #15 DONE 7.7s
2026-07-24T14:18:18.8448041Z 
2026-07-24T14:18:18.8448594Z #15 [build 5/8] RUN dotnet restore src/Ednsv.Web/Ednsv.Web.csproj
2026-07-24T14:18:18.8449440Z #15 extracting sha256:b0d7d832459327548cd7a8510001f16e317e0620d38b30d75a6ba9c5b1a1482d
2026-07-24T14:18:20.7188397Z #15 extracting sha256:b0d7d832459327548cd7a8510001f16e317e0620d38b30d75a6ba9c5b1a1482d 2.0s done
2026-07-24T14:18:20.7189093Z #15 DONE 9.7s
2026-07-24T14:18:20.8774877Z 
2026-07-24T14:18:20.8775571Z #15 [build 5/8] RUN dotnet restore src/Ednsv.Web/Ednsv.Web.csproj
2026-07-24T14:18:20.8776221Z #15 extracting sha256:669b654f76f36f76f7e9ee1d5a81a55def35a6aab072f561e6417db52da31b7a done
2026-07-24T14:18:21.2925656Z #15 extracting sha256:4a1adfe703f2293ec5cde3dd610e571357be78d64c0d3de84e96ca94d8439dbf
2026-07-24T14:18:21.2926587Z #15 extracting sha256:4a1adfe703f2293ec5cde3dd610e571357be78d64c0d3de84e96ca94d8439dbf 0.6s done
2026-07-24T14:18:21.2927266Z #15 DONE 10.3s
2026-07-24T14:18:21.4429248Z 
2026-07-24T14:18:21.4429760Z #15 [build 5/8] RUN dotnet restore src/Ednsv.Web/Ednsv.Web.csproj
2026-07-24T14:18:21.4430265Z #15 extracting sha256:527e962643720863df9b6d7e1029f629eb5f4ae8ec95166afd6bb178bbbbe997
2026-07-24T14:18:21.5120569Z #15 extracting sha256:527e962643720863df9b6d7e1029f629eb5f4ae8ec95166afd6bb178bbbbe997 0.2s done
2026-07-24T14:18:21.5121260Z #15 DONE 10.5s
2026-07-24T14:18:21.6722551Z 
2026-07-24T14:18:21.6723370Z #15 [build 5/8] RUN dotnet restore src/Ednsv.Web/Ednsv.Web.csproj
2026-07-24T14:18:21.6723907Z #15 extracting sha256:a8149a111a6fb6479dbd4fc7d6ad0bebbdaba37313113f74813b465baf1959c0 done
2026-07-24T14:18:21.6724458Z #15 extracting sha256:211371f29f7c4fca7eb7a209f41f8321ed68dd15ab2594c8f8566a2c0c1457da done
2026-07-24T14:18:21.6725043Z #15 extracting sha256:ce2c57129a410f21f57267ecac2abd3ee7a9d09910bdb87562a28c267c3939d9
2026-07-24T14:18:22.0072037Z #15 extracting sha256:ce2c57129a410f21f57267ecac2abd3ee7a9d09910bdb87562a28c267c3939d9 0.5s done
2026-07-24T14:18:22.0072829Z #15 DONE 11.0s
2026-07-24T14:18:22.1587250Z 
2026-07-24T14:18:22.1587752Z #16 [build 6/8] COPY src/Ednsv.Core/ src/Ednsv.Core/
2026-07-24T14:18:28.1685052Z #16 DONE 6.2s
2026-07-24T14:18:28.3434161Z 
2026-07-24T14:18:28.3434796Z #17 [build 7/8] COPY src/Ednsv.Web/ src/Ednsv.Web/
2026-07-24T14:18:28.5636382Z #17 DONE 0.1s
2026-07-24T14:18:28.5636777Z 
2026-07-24T14:18:28.5637843Z #18 [build 8/8] RUN dotnet publish src/Ednsv.Web/Ednsv.Web.csproj         --configuration Release         --no-restore         --output /app/publish         /p:UseAppHost=false
2026-07-24T14:18:31.9262331Z #18 3.513   Ednsv.Core -> /src/src/Ednsv.Core/bin/Release/net8.0/Ednsv.Core.dll
2026-07-24T14:18:33.1338420Z #18 4.721   Ednsv.Web -> /src/src/Ednsv.Web/bin/Release/net8.0/Ednsv.Web.dll
2026-07-24T14:18:33.3173228Z #18 4.754   Ednsv.Web -> /app/publish/
2026-07-24T14:18:33.4655655Z #18 DONE 5.1s
2026-07-24T14:18:33.6230094Z 
2026-07-24T14:18:33.6230372Z #19 [runtime 2/3] WORKDIR /app
2026-07-24T14:18:33.7832816Z #19 CACHED
2026-07-24T14:18:33.9326801Z 
2026-07-24T14:18:33.9327432Z #19 [runtime 2/3] WORKDIR /app
2026-07-24T14:18:33.9328039Z #19 sha256:bdfb1b7be15f0038506cb2710b7f14f953d0fe0b5f6f7b8d1d91b1f840367f0b 93B / 93B 0.1s done
2026-07-24T14:18:33.9328432Z #19 DONE 0.5s
2026-07-24T14:18:34.0530200Z 
2026-07-24T14:18:34.0530810Z #19 [runtime 2/3] WORKDIR /app
2026-07-24T14:18:34.0531484Z #19 extracting sha256:bdfb1b7be15f0038506cb2710b7f14f953d0fe0b5f6f7b8d1d91b1f840367f0b
2026-07-24T14:18:34.2966302Z #19 extracting sha256:bdfb1b7be15f0038506cb2710b7f14f953d0fe0b5f6f7b8d1d91b1f840367f0b 0.2s done
2026-07-24T14:18:34.4985031Z #19 DONE 0.7s
2026-07-24T14:18:34.4985163Z 
2026-07-24T14:18:34.4985419Z #20 [runtime 3/3] COPY --from=build /app/publish ./
2026-07-24T14:18:34.5855294Z #20 DONE 0.2s
2026-07-24T14:18:34.7378674Z 
2026-07-24T14:18:34.7379240Z #21 exporting to image
2026-07-24T14:18:34.7379725Z #21 exporting layers
2026-07-24T14:18:34.9646458Z #21 exporting layers 0.4s done
2026-07-24T14:18:35.1085257Z #21 exporting manifest sha256:08b1b91a45c00f60d570fcdd11e089cae807dee7a773896a352720fb3b7d46f9 done
2026-07-24T14:18:35.1086922Z #21 exporting config sha256:3a1d1c62c8083d7aa2f85e86692d28f85b67363a5a5067fe5c3133aeeb00b275 0.0s done
2026-07-24T14:18:35.1088183Z #21 exporting attestation manifest sha256:75ad01b343311b0a1e3b14ea757f3056f2e939869620018b4808736b6506acdd done
2026-07-24T14:18:35.1089109Z #21 exporting manifest list sha256:d996dfad78167229dedb960f2a47743147e9ae266f9bcf06ebaac5897ed8bcd6 done
2026-07-24T14:18:35.1090572Z #21 pushing layers
2026-07-24T14:18:35.2588618Z #21 ...
2026-07-24T14:18:35.2588865Z 
2026-07-24T14:18:35.2589026Z #22 [auth] pkinerd/ednsv:pull,push token for ghcr.io
2026-07-24T14:18:35.2589331Z #22 DONE 0.0s
2026-07-24T14:18:35.4087012Z 
2026-07-24T14:18:35.4087575Z #23 exporting to GitHub Actions Cache
2026-07-24T14:18:35.4087912Z #23 preparing build cache for export
2026-07-24T14:18:36.3994028Z #23 preparing build cache for export 1.4s done
2026-07-24T14:18:36.4007797Z #23 sending cache export
2026-07-24T14:18:36.5203941Z #23 writing layer sha256:15b4968800e55fb14a525e2210d845436d12aec5bd46e24ec7b978336644a4e8
2026-07-24T14:18:36.9587585Z #23 writing layer sha256:15b4968800e55fb14a525e2210d845436d12aec5bd46e24ec7b978336644a4e8 0.4s done
2026-07-24T14:18:37.3962305Z #23 writing layer sha256:746b802f91dc314a4f1c91d372a33f021e7614cd5240f7781e1010afa7570f59
2026-07-24T14:18:37.6337041Z #23 writing layer sha256:746b802f91dc314a4f1c91d372a33f021e7614cd5240f7781e1010afa7570f59 0.2s done
2026-07-24T14:18:37.8529678Z #23 writing layer sha256:c42cdf583ed6cad7026651c7678b02ce3c130a83fd80d4dea923801df6d4602c
2026-07-24T14:18:38.7086952Z #23 writing layer sha256:c42cdf583ed6cad7026651c7678b02ce3c130a83fd80d4dea923801df6d4602c 0.9s done
2026-07-24T14:18:38.9464101Z #23 writing layer sha256:dfd7216d04c96b88b120696217b7a6648d4d970797857cdf7fa7f4b2755da809
2026-07-24T14:18:39.4328287Z #23 writing layer sha256:dfd7216d04c96b88b120696217b7a6648d4d970797857cdf7fa7f4b2755da809 0.6s done
2026-07-24T14:18:39.8652718Z #23 sending cache export 3.5s done
2026-07-24T14:18:39.8653050Z #23 DONE 4.9s
2026-07-24T14:18:39.8653271Z 
2026-07-24T14:18:39.8653393Z #21 exporting to image
2026-07-24T14:18:39.8653863Z #21 pushing manifest for ghcr.io/pkinerd/ednsv:branch-main@sha256:d996dfad78167229dedb960f2a47743147e9ae266f9bcf06ebaac5897ed8bcd6 1.2s done
2026-07-24T14:18:39.8654568Z #21 pushing manifest for ghcr.io/pkinerd/ednsv:latest@sha256:d996dfad78167229dedb960f2a47743147e9ae266f9bcf06ebaac5897ed8bcd6 0.6s done
2026-07-24T14:18:39.8655271Z #21 pushing manifest for ghcr.io/pkinerd/ednsv:latest-any@sha256:d996dfad78167229dedb960f2a47743147e9ae266f9bcf06ebaac5897ed8bcd6 0.5s done
2026-07-24T14:18:40.1596152Z #21 pushing layers 0.5s done
2026-07-24T14:18:40.1596864Z #21 pushing manifest for ghcr.io/pkinerd/ednsv:sha-0907a58@sha256:d996dfad78167229dedb960f2a47743147e9ae266f9bcf06ebaac5897ed8bcd6
2026-07-24T14:18:40.6592729Z #21 pushing manifest for ghcr.io/pkinerd/ednsv:sha-0907a58@sha256:d996dfad78167229dedb960f2a47743147e9ae266f9bcf06ebaac5897ed8bcd6 0.5s done
2026-07-24T14:18:40.6594311Z #21 DONE 6.1s
2026-07-24T14:18:42.3069436Z 
2026-07-24T14:18:42.3071007Z #24 resolving provenance for metadata file
2026-07-24T14:18:42.3134219Z #24 DONE 0.0s
2026-07-24T14:18:42.3195637Z ##[group]ImageID
2026-07-24T14:18:42.3196181Z sha256:d996dfad78167229dedb960f2a47743147e9ae266f9bcf06ebaac5897ed8bcd6
2026-07-24T14:18:42.3196788Z ##[endgroup]
2026-07-24T14:18:42.3197348Z ##[group]Digest
2026-07-24T14:18:42.3197818Z sha256:d996dfad78167229dedb960f2a47743147e9ae266f9bcf06ebaac5897ed8bcd6
2026-07-24T14:18:42.3198835Z ##[endgroup]
2026-07-24T14:18:42.3199322Z ##[group]Metadata
2026-07-24T14:18:42.3199620Z {
2026-07-24T14:18:42.3210348Z   "buildx.build.provenance": {
2026-07-24T14:18:42.3210849Z     "builder": {
2026-07-24T14:18:42.3211266Z       "id": "https://github.com/pkinerd/ednsv/actions/runs/30100361132/attempts/1"
2026-07-24T14:18:42.3211792Z     },
2026-07-24T14:18:42.3212265Z     "buildType": "https://mobyproject.org/buildkit@v1",
2026-07-24T14:18:42.3212606Z     "materials": [
2026-07-24T14:18:42.3212882Z       {
2026-07-24T14:18:42.3213175Z         "uri": "pkg:docker/docker/dockerfile@1.7",
2026-07-24T14:18:42.3213552Z         "digest": {
2026-07-24T14:18:42.3213958Z           "sha256": "a57df69d0ea827fb7266491f2813635de6f17269be881f696fbfdf2d83dda33e"
2026-07-24T14:18:42.3214410Z         }
2026-07-24T14:18:42.3214773Z       },
2026-07-24T14:18:42.3215046Z       {
2026-07-24T14:18:42.3215500Z         "uri": "pkg:docker/mcr.microsoft.com/dotnet/aspnet@8.0?platform=linux%2Famd64",
2026-07-24T14:18:42.3215967Z         "digest": {
2026-07-24T14:18:42.3216341Z           "sha256": "9822a6201c64c9f38b8a190832a7ae21cd30150d509b3ea170fd83b4f4e6166a"
2026-07-24T14:18:42.3216763Z         }
2026-07-24T14:18:42.3217014Z       },
2026-07-24T14:18:42.3217389Z       {
2026-07-24T14:18:42.3217763Z         "uri": "pkg:docker/mcr.microsoft.com/dotnet/sdk@8.0?platform=linux%2Famd64",
2026-07-24T14:18:42.3218188Z         "digest": {
2026-07-24T14:18:42.3218618Z           "sha256": "89ce6291bde9acdf59594e79fb8277c6d84c46e4b1f5bf126a4f18766e4bd597"
2026-07-24T14:18:42.3219054Z         }
2026-07-24T14:18:42.3219262Z       }
2026-07-24T14:18:42.3219458Z     ],
2026-07-24T14:18:42.3219732Z     "invocation": {
2026-07-24T14:18:42.3219985Z       "configSource": {
2026-07-24T14:18:42.3220553Z         "entryPoint": "Dockerfile"
2026-07-24T14:18:42.3220863Z       },
2026-07-24T14:18:42.3221097Z       "parameters": {
2026-07-24T14:18:42.3221371Z         "frontend": "gateway.v0",
2026-07-24T14:18:42.3221644Z         "args": {
2026-07-24T14:18:42.3221947Z           "cmdline": "docker/dockerfile:1.7",
2026-07-24T14:18:42.3222336Z           "label:org.opencontainers.image.created": "2026-07-24T14:18:06.193Z",
2026-07-24T14:18:42.3222759Z           "label:org.opencontainers.image.description": "",
2026-07-24T14:18:42.3223271Z           "label:org.opencontainers.image.licenses": "",
2026-07-24T14:18:42.3223658Z           "label:org.opencontainers.image.revision": "0907a58f50a6c98d23ae466ed31c3a0c15264622",
2026-07-24T14:18:42.3224194Z           "label:org.opencontainers.image.source": "https://github.com/pkinerd/ednsv",
2026-07-24T14:18:42.3224580Z           "label:org.opencontainers.image.title": "ednsv",
2026-07-24T14:18:42.3224934Z           "label:org.opencontainers.image.url": "https://github.com/pkinerd/ednsv",
2026-07-24T14:18:42.3225438Z           "label:org.opencontainers.image.version": "branch-main",
2026-07-24T14:18:42.3225742Z           "source": "docker/dockerfile:1.7"
2026-07-24T14:18:42.3225987Z         },
2026-07-24T14:18:42.3226228Z         "locals": [
2026-07-24T14:18:42.3226521Z           {
2026-07-24T14:18:42.3226853Z             "name": "context"
2026-07-24T14:18:42.3227332Z           },
2026-07-24T14:18:42.3227583Z           {
2026-07-24T14:18:42.3227942Z             "name": "dockerfile"
2026-07-24T14:18:42.3228235Z           }
2026-07-24T14:18:42.3228479Z         ],
2026-07-24T14:18:42.3228765Z         "root": {
2026-07-24T14:18:42.3229021Z           "configSource": {
2026-07-24T14:18:42.3229364Z             "path": "Dockerfile"
2026-07-24T14:18:42.3229650Z           },
2026-07-24T14:18:42.3229920Z           "request": {
2026-07-24T14:18:42.3230189Z             "args": {
2026-07-24T14:18:42.3230562Z               "label:org.opencontainers.image.created": "2026-07-24T14:18:06.193Z",
2026-07-24T14:18:42.3231098Z               "label:org.opencontainers.image.description": "",
2026-07-24T14:18:42.3231555Z               "label:org.opencontainers.image.licenses": "",
2026-07-24T14:18:42.3232013Z               "label:org.opencontainers.image.revision": "0907a58f50a6c98d23ae466ed31c3a0c15264622",
2026-07-24T14:18:42.3232607Z               "label:org.opencontainers.image.source": "https://github.com/pkinerd/ednsv",
2026-07-24T14:18:42.3233080Z               "label:org.opencontainers.image.title": "ednsv",
2026-07-24T14:18:42.3233531Z               "label:org.opencontainers.image.url": "https://github.com/pkinerd/ednsv",
2026-07-24T14:18:42.3234038Z               "label:org.opencontainers.image.version": "branch-main",
2026-07-24T14:18:42.3234407Z               "vcs:localdir:context": ".",
2026-07-24T14:18:42.3234715Z               "vcs:localdir:dockerfile": ".",
2026-07-24T14:18:42.3235090Z               "vcs:revision": "0907a58f50a6c98d23ae466ed31c3a0c15264622",
2026-07-24T14:18:42.3235513Z               "vcs:source": "https://github.com/pkinerd/ednsv"
2026-07-24T14:18:42.3235870Z             }
2026-07-24T14:18:42.3236107Z           }
2026-07-24T14:18:42.3236347Z         },
2026-07-24T14:18:42.3236643Z         "compatibilityVersion": 30
2026-07-24T14:18:42.3236962Z       },
2026-07-24T14:18:42.3237888Z       "environment": {
2026-07-24T14:18:42.3238172Z         "github_actor": "pkinerd",
2026-07-24T14:18:42.3238529Z         "github_actor_id": "169779439",
2026-07-24T14:18:42.3238841Z         "github_event_name": "push",
2026-07-24T14:18:42.3239173Z         "github_event_payload": {
2026-07-24T14:18:42.3239492Z           "after": "0907a58f50a6c98d23ae466ed31c3a0c15264622",
2026-07-24T14:18:42.3239866Z           "base_ref": null,
2026-07-24T14:18:42.3240187Z           "before": "820c0019085f5073eb31d9822b29a158ec3c4826",
2026-07-24T14:18:42.3240520Z           "commits": [
2026-07-24T14:18:42.3240799Z             {
2026-07-24T14:18:42.3241043Z               "author": {
2026-07-24T14:18:42.3241479Z                 "email": "noreply@anthropic.com",
2026-07-24T14:18:42.3241798Z                 "name": "Claude",
2026-07-24T14:18:42.3242087Z                 "username": "claude"
2026-07-24T14:18:42.3242425Z               },
2026-07-24T14:18:42.3242677Z               "committer": {
2026-07-24T14:18:42.3242970Z                 "email": "noreply@anthropic.com",
2026-07-24T14:18:42.3243302Z                 "name": "Claude",
2026-07-24T14:18:42.3243583Z                 "username": "claude"
2026-07-24T14:18:42.3243993Z               },
2026-07-24T14:18:42.3244244Z               "distinct": false,
2026-07-24T14:18:42.3244560Z               "id": "95ef2091e1e133dd697f671fbe9e559b0b38ee4a",
2026-07-24T14:18:42.3249121Z               "message": "Fix legacy config-revision 404 + config UI polish\n\nBackend\n- ConfigService now migrates pre-split revision history on load. Revisions\n  saved before the history-storage split (bodies embedded inline in\n  config-history.json, no per-revision files) 404'd because GetRevision only\n  looked for config-rev-{id}.json. LoadHistory externalises each inline body to\n  its own file and collapses the index to the body-less format — one-time,\n  idempotent, and skipped if any body fails to write so nothing is lost.\n- Regression test covers listing + loading legacy inline revisions and the\n  index rewrite.\n\nConfig UI\n- Messages are now a fixed overlay toast instead of an in-flow block, so\n  showing/hiding no longer reflows the page (fixes the \"jumpy\" feel). Success\n  auto-dismisses after 4s; warnings/errors persist until dismissed or replaced\n  and gain a close control.\n- Per-domain DKIM selectors panel is now collapsible (open by default) with a\n  live entry-count hint.\n- Added spacing below the form action buttons so they no longer butt against\n  the Maintenance section.\n- Added floating scroll-to-top / scroll-to-bottom controls for the long page.\n- Nav: \"API docs\" -> \"API\" with a new-tab indicator; \"Tokens\" -> \"Access\n  Tokens\" across the validator, tokens and config pages.\n\nCo-Authored-By: Claude Opus 4.8 <noreply@anthropic.com>\nClaude-Session: https://claude.ai/code/session_015QvoXY3GYdRayQzh6a6JPv",
2026-07-24T14:18:42.3253298Z               "timestamp": "2026-07-24T12:59:32Z",
2026-07-24T14:18:42.3253615Z               "tree_id": "a75962277122336c9258d2aff2a8c7547a44e466",
2026-07-24T14:18:42.3254035Z               "url": "https://github.com/pkinerd/ednsv/commit/95ef2091e1e133dd697f671fbe9e559b0b38ee4a"
2026-07-24T14:18:42.3254443Z             },
2026-07-24T14:18:42.3254656Z             {
2026-07-24T14:18:42.3254884Z               "author": {
2026-07-24T14:18:42.3255142Z                 "email": "noreply@anthropic.com",
2026-07-24T14:18:42.3255418Z                 "name": "Claude",
2026-07-24T14:18:42.3255694Z                 "username": "claude"
2026-07-24T14:18:42.3255934Z               },
2026-07-24T14:18:42.3256164Z               "committer": {
2026-07-24T14:18:42.3256443Z                 "email": "noreply@anthropic.com",
2026-07-24T14:18:42.3256760Z                 "name": "Claude",
2026-07-24T14:18:42.3257281Z                 "username": "claude"
2026-07-24T14:18:42.3257544Z               },
2026-07-24T14:18:42.3257783Z               "distinct": false,
2026-07-24T14:18:42.3258074Z               "id": "9f46286e606a1e946ac1174b6624379be87cf1d3",
2026-07-24T14:18:42.3259483Z               "message": "Make the API new-tab arrow indicator clearly visible\n\nThe ↗ indicator was rendered at 0.72em with 0.75 opacity, making it very\nfaint. Render it at full opacity and 0.9em (inheriting the bright accent\ncolour) so the \"opens in a new tab\" cue is legible.\n\nCo-Authored-By: Claude Opus 4.8 <noreply@anthropic.com>\nClaude-Session: https://claude.ai/code/session_015QvoXY3GYdRayQzh6a6JPv",
2026-07-24T14:18:42.3260536Z               "timestamp": "2026-07-24T13:09:20Z",
2026-07-24T14:18:42.3260870Z               "tree_id": "e6f7ea0f2c09928008cf70e79a99918b82c72557",
2026-07-24T14:18:42.3261394Z               "url": "https://github.com/pkinerd/ednsv/commit/9f46286e606a1e946ac1174b6624379be87cf1d3"
2026-07-24T14:18:42.3261762Z             },
2026-07-24T14:18:42.3261977Z             {
2026-07-24T14:18:42.3262187Z               "author": {
2026-07-24T14:18:42.3262442Z                 "email": "noreply@anthropic.com",
2026-07-24T14:18:42.3262735Z                 "name": "Claude",
2026-07-24T14:18:42.3263076Z                 "username": "claude"
2026-07-24T14:18:42.3263508Z               },
2026-07-24T14:18:42.3263858Z               "committer": {
2026-07-24T14:18:42.3264278Z                 "email": "noreply@anthropic.com",
2026-07-24T14:18:42.3264647Z                 "name": "Claude",
2026-07-24T14:18:42.3264943Z                 "username": "claude"
2026-07-24T14:18:42.3265275Z               },
2026-07-24T14:18:42.3265543Z               "distinct": false,
2026-07-24T14:18:42.3265878Z               "id": "cd9555bb3f9736a5d951592dee12895203da3570",
2026-07-24T14:18:42.3270006Z               "message": "Filter revision history to revisions with an existing body file\n\nReplace the pre-split inline-body migration with a simpler read filter, per\ndeployment reality: on the one deployed instance the legacy inline bodies were\nalready dropped when config-history.json was first rewritten body-less, so the\nolder revisions are unrecoverable and only their metadata remains.\n\nListRevisions now returns only revisions whose config-rev-{id}.json exists, so\nthe picker never offers a revision whose body is gone (which loaded as a 404).\nGetRevision already returns null for a missing body; the filter keeps the UI\nfrom ever reaching that path.\n\nTest updated to assert an orphaned revision (metadata without a body file) is\nexcluded from the listing while the rest still load.\n\nCo-Authored-By: Claude Opus 4.8 <noreply@anthropic.com>\nClaude-Session: https://claude.ai/code/session_015QvoXY3GYdRayQzh6a6JPv",
2026-07-24T14:18:42.3272369Z               "timestamp": "2026-07-24T13:16:49Z",
2026-07-24T14:18:42.3272717Z               "tree_id": "f0be6169cdf22cc61004c7138f0e7c48a98af8da",
2026-07-24T14:18:42.3273165Z               "url": "https://github.com/pkinerd/ednsv/commit/cd9555bb3f9736a5d951592dee12895203da3570"
2026-07-24T14:18:42.3273588Z             },
2026-07-24T14:18:42.3273832Z             {
2026-07-24T14:18:42.3274043Z               "author": {
2026-07-24T14:18:42.3274307Z                 "email": "noreply@anthropic.com",
2026-07-24T14:18:42.3274574Z                 "name": "Claude",
2026-07-24T14:18:42.3274805Z                 "username": "claude"
2026-07-24T14:18:42.3275099Z               },
2026-07-24T14:18:42.3275319Z               "committer": {
2026-07-24T14:18:42.3275570Z                 "email": "noreply@anthropic.com",
2026-07-24T14:18:42.3275844Z                 "name": "Claude",
2026-07-24T14:18:42.3276082Z                 "username": "claude"
2026-07-24T14:18:42.3276345Z               },
2026-07-24T14:18:42.3276564Z               "distinct": false,
2026-07-24T14:18:42.3276825Z               "id": "ac01757f7bdf553b0665421f4c28193a242be25a",
2026-07-24T14:18:42.3281953Z               "message": "Fix encrypted keyring decryption + clean up plaintext keys on startup\n\nTwo related data-protection keyring fixes for distributed (Redis) mode where\nthe ring lives on a shared mount and can be encrypted at rest:\n\n- Decryptor activation: DataProtection instantiates the IXmlDecryptor named in\n  an encrypted key via its own activator, which in some hosting paths runs\n  without the DI container and calls a parameterless constructor. SecretXmlDecryptor\n  only had a (DataProtectionSecret) constructor, so activation threw\n  MissingMethodException — every encrypted key became ineligible and SSO 500'd.\n  Add a parameterless constructor that recovers an ambient secret published at\n  startup. End-to-end test protects then unprotects across a simulated restart\n  with the secret absent from DI, forcing the activator/ambient path.\n\n- Plaintext cleanup: when DataProtection:KeyEncryptionSecret is configured,\n  remove any unencrypted key files at startup so the next key request writes a\n  fresh encrypted key. DP only encrypts newly generated keys and never\n  re-encrypts an existing plaintext key, so otherwise a plaintext key lingers on\n  the shared mount until it expires. Dropping keys only invalidates active OIDC\n  sessions (users re-authenticate); the token cookie is not data-protected.\n\nCo-Authored-By: Claude Opus 4.8 <noreply@anthropic.com>\nClaude-Session: https://claude.ai/code/session_015QvoXY3GYdRayQzh6a6JPv",
2026-07-24T14:18:42.3285795Z               "timestamp": "2026-07-24T13:29:47Z",
2026-07-24T14:18:42.3286164Z               "tree_id": "d2d0342d6da47445f90af6f8037cdc79ff1a478a",
2026-07-24T14:18:42.3286599Z               "url": "https://github.com/pkinerd/ednsv/commit/ac01757f7bdf553b0665421f4c28193a242be25a"
2026-07-24T14:18:42.3286976Z             },
2026-07-24T14:18:42.3287302Z             {
2026-07-24T14:18:42.3287559Z               "author": {
2026-07-24T14:18:42.3287805Z                 "email": "noreply@anthropic.com",
2026-07-24T14:18:42.3288074Z                 "name": "Claude",
2026-07-24T14:18:42.3288335Z                 "username": "claude"
2026-07-24T14:18:42.3288577Z               },
2026-07-24T14:18:42.3288815Z               "committer": {
2026-07-24T14:18:42.3289067Z                 "email": "noreply@anthropic.com",
2026-07-24T14:18:42.3289327Z                 "name": "Claude",
2026-07-24T14:18:42.3289596Z                 "username": "claude"
2026-07-24T14:18:42.3289838Z               },
2026-07-24T14:18:42.3290075Z               "distinct": false,
2026-07-24T14:18:42.3290376Z               "id": "5acc7b292efd7b621c4fe85f6ecdd6add37239ce",
2026-07-24T14:18:42.3293889Z               "message": "Clear the shared Redis L2 on cache-clear; fix Maintenance warning layout\n\nCache clear in distributed mode was ineffective: ClearAllAsync wiped only the\ncalling pod's in-memory L1 and the on-disk cache, leaving the shared Redis L2\n(cache:* keys) intact — so the cleared pod refilled from stale L2 entries at\nonce and other pods kept their own L1. It looked like a no-op cluster-wide.\n\n- RedisConnection.DeleteKeysByPrefixAsync scans and deletes keys by prefix via\n  SCAN (no admin mode; never FLUSHDB, so jobs and beacons survive).\n- CacheManager takes the Redis handle and, on ClearAllAsync, also clears the\n  shared probe-cache L2 (cache:). Other replicas' L1 still expires on its own TTL.\n- Maintenance copy updated to describe memory + disk + shared Redis accurately.\n\nUI: the Maintenance warning box had gone askew because the toast redesign made\n.msg a flexbox, so this static .msg.warn block laid its text and the inline\n<strong> out as separate flex items. Scope the flex/overlay styling to\n#messages .msg so the standalone warning flows as normal inline text again.\n\nCo-Authored-By: Claude Opus 4.8 <noreply@anthropic.com>\nClaude-Session: https://claude.ai/code/session_015QvoXY3GYdRayQzh6a6JPv",
2026-07-24T14:18:42.3296874Z               "timestamp": "2026-07-24T13:34:15Z",
2026-07-24T14:18:42.3297306Z               "tree_id": "5576200e4449385a44e28d49fbae9a16572a547d",
2026-07-24T14:18:42.3297762Z               "url": "https://github.com/pkinerd/ednsv/commit/5acc7b292efd7b621c4fe85f6ecdd6add37239ce"
2026-07-24T14:18:42.3298113Z             },
2026-07-24T14:18:42.3298304Z             {
2026-07-24T14:18:42.3298509Z               "author": {
2026-07-24T14:18:42.3298758Z                 "email": "noreply@anthropic.com",
2026-07-24T14:18:42.3299027Z                 "name": "Claude",
2026-07-24T14:18:42.3299250Z                 "username": "claude"
2026-07-24T14:18:42.3299465Z               },
2026-07-24T14:18:42.3299691Z               "committer": {
2026-07-24T14:18:42.3299930Z                 "email": "noreply@anthropic.com",
2026-07-24T14:18:42.3300193Z                 "name": "Claude",
2026-07-24T14:18:42.3300645Z                 "username": "claude"
2026-07-24T14:18:42.3300860Z               },
2026-07-24T14:18:42.3301091Z               "distinct": false,
2026-07-24T14:18:42.3301359Z               "id": "74c787e6097a50aa93291d048a448ca567b27fb2",
2026-07-24T14:18:42.3302507Z               "message": "Tighten the API new-tab arrow spacing\n\nRemove the literal space between \"API\" and the ↗ indicator and reduce the\n.ext margin from 0.2rem to 0.05rem so the arrow sits snug against the label.\n\nCo-Authored-By: Claude Opus 4.8 <noreply@anthropic.com>\nClaude-Session: https://claude.ai/code/session_015QvoXY3GYdRayQzh6a6JPv",
2026-07-24T14:18:42.3303418Z               "timestamp": "2026-07-24T13:37:58Z",
2026-07-24T14:18:42.3303696Z               "tree_id": "78145921284783014316cbbe09e3461125b68d7e",
2026-07-24T14:18:42.3304151Z               "url": "https://github.com/pkinerd/ednsv/commit/74c787e6097a50aa93291d048a448ca567b27fb2"
2026-07-24T14:18:42.3304520Z             },
2026-07-24T14:18:42.3304711Z             {
2026-07-24T14:18:42.3304930Z               "author": {
2026-07-24T14:18:42.3305164Z                 "email": "noreply@anthropic.com",
2026-07-24T14:18:42.3305451Z                 "name": "Claude",
2026-07-24T14:18:42.3305697Z                 "username": "claude"
2026-07-24T14:18:42.3305924Z               },
2026-07-24T14:18:42.3306140Z               "committer": {
2026-07-24T14:18:42.3306375Z                 "email": "noreply@anthropic.com",
2026-07-24T14:18:42.3306610Z                 "name": "Claude",
2026-07-24T14:18:42.3306867Z                 "username": "claude"
2026-07-24T14:18:42.3307410Z               },
2026-07-24T14:18:42.3307625Z               "distinct": false,
2026-07-24T14:18:42.3307891Z               "id": "305d6054afad49629a23e669aed0c456bfefdae2",
2026-07-24T14:18:42.3310456Z               "message": "Clean up expired data-protection keys at startup\n\nDataProtection generates a new key ~every 90 days but never removes expired\nones, so on a long-lived shared mount old key-*.xml files accumulate.\n\n- DataProtectionKeyring.RemoveStaleKeys deletes key files whose <expirationDate>\n  is older than a retention window; keys that are unexpired (incl. the active\n  key), expired but within the window, or have no parseable expiry are kept.\n- Startup wires it up via DataProtection:KeyRetentionDays (default 30), floored\n  at the max OIDC session lifetime + 1 day so a key that could still unprotect a\n  live session cookie is never deleted regardless of the configured value. Runs\n  before the provider reads the ring, so DP never references a removed key.\n- Tests cover long-expired vs recent/active/undated keys and malformed/missing\n  inputs. horizontal-scaling.md documents the setting and housekeeping.\n\nCo-Authored-By: Claude Opus 4.8 <noreply@anthropic.com>\nClaude-Session: https://claude.ai/code/session_015QvoXY3GYdRayQzh6a6JPv",
2026-07-24T14:18:42.3313116Z               "timestamp": "2026-07-24T13:50:37Z",
2026-07-24T14:18:42.3313389Z               "tree_id": "d7ed11c49405dbc60e0ea169480b719493dc19f7",
2026-07-24T14:18:42.3313799Z               "url": "https://github.com/pkinerd/ednsv/commit/305d6054afad49629a23e669aed0c456bfefdae2"
2026-07-24T14:18:42.3314145Z             },
2026-07-24T14:18:42.3314335Z             {
2026-07-24T14:18:42.3314557Z               "author": {
2026-07-24T14:18:42.3314818Z                 "email": "169779439+pkinerd@users.noreply.github.com",
2026-07-24T14:18:42.3315108Z                 "name": "pkinerd",
2026-07-24T14:18:42.3315345Z                 "username": "pkinerd"
2026-07-24T14:18:42.3315616Z               },
2026-07-24T14:18:42.3315854Z               "committer": {
2026-07-24T14:18:42.3316087Z                 "email": "noreply@github.com",
2026-07-24T14:18:42.3316334Z                 "name": "GitHub",
2026-07-24T14:18:42.3316583Z                 "username": "web-flow"
2026-07-24T14:18:42.3316813Z               },
2026-07-24T14:18:42.3317041Z               "distinct": true,
2026-07-24T14:18:42.3317475Z               "id": "0907a58f50a6c98d23ae466ed31c3a0c15264622",
2026-07-24T14:18:42.3318035Z               "message": "Merge pull request #27 from pkinerd/claude/redis-caching-verify-45k9yk\n\nImprove UI/UX: toast messages, scroll nav, collapsible sections, and history migration",
2026-07-24T14:18:42.3318690Z               "timestamp": "2026-07-25T00:17:01+10:00",
2026-07-24T14:18:42.3318984Z               "tree_id": "d7ed11c49405dbc60e0ea169480b719493dc19f7",
2026-07-24T14:18:42.3319390Z               "url": "https://github.com/pkinerd/ednsv/commit/0907a58f50a6c98d23ae466ed31c3a0c15264622"
2026-07-24T14:18:42.3319751Z             }
2026-07-24T14:18:42.3319945Z           ],
2026-07-24T14:18:42.3320242Z           "compare": "https://github.com/pkinerd/ednsv/compare/820c0019085f...0907a58f50a6",
2026-07-24T14:18:42.3320668Z           "created": false,
2026-07-24T14:18:42.3320884Z           "deleted": false,
2026-07-24T14:18:42.3321102Z           "forced": false,
2026-07-24T14:18:42.3321320Z           "head_commit": {
2026-07-24T14:18:42.3321539Z             "author": {
2026-07-24T14:18:42.3321940Z               "email": "169779439+pkinerd@users.noreply.github.com",
2026-07-24T14:18:42.3322215Z               "name": "pkinerd",
2026-07-24T14:18:42.3322474Z               "username": "pkinerd"
2026-07-24T14:18:42.3322696Z             },
2026-07-24T14:18:42.3322894Z             "committer": {
2026-07-24T14:18:42.3323152Z               "email": "noreply@github.com",
2026-07-24T14:18:42.3323395Z               "name": "GitHub",
2026-07-24T14:18:42.3323627Z               "username": "web-flow"
2026-07-24T14:18:42.3323852Z             },
2026-07-24T14:18:42.3324040Z             "distinct": true,
2026-07-24T14:18:42.3324315Z             "id": "0907a58f50a6c98d23ae466ed31c3a0c15264622",
2026-07-24T14:18:42.3324885Z             "message": "Merge pull request #27 from pkinerd/claude/redis-caching-verify-45k9yk\n\nImprove UI/UX: toast messages, scroll nav, collapsible sections, and history migration",
2026-07-24T14:18:42.3325489Z             "timestamp": "2026-07-25T00:17:01+10:00",
2026-07-24T14:18:42.3325879Z             "tree_id": "d7ed11c49405dbc60e0ea169480b719493dc19f7",
2026-07-24T14:18:42.3326253Z             "url": "https://github.com/pkinerd/ednsv/commit/0907a58f50a6c98d23ae466ed31c3a0c15264622"
2026-07-24T14:18:42.3326624Z           },
2026-07-24T14:18:42.3326827Z           "pusher": {
2026-07-24T14:18:42.3327199Z             "email": "169779439+pkinerd@users.noreply.github.com",
2026-07-24T14:18:42.3327573Z             "name": "pkinerd"
2026-07-24T14:18:42.3327794Z           },
2026-07-24T14:18:42.3328012Z           "ref": "refs/heads/main",
2026-07-24T14:18:42.3328263Z           "repository": {
2026-07-24T14:18:42.3328469Z             "allow_forking": true,
2026-07-24T14:18:42.3328822Z             "archive_url": "https://api.github.com/repos/pkinerd/ednsv/{archive_format}{/ref}",
2026-07-24T14:18:42.3329174Z             "archived": false,
2026-07-24T14:18:42.3329492Z             "assignees_url": "https://api.github.com/repos/pkinerd/ednsv/assignees{/user}",
2026-07-24T14:18:42.3329922Z             "blobs_url": "https://api.github.com/repos/pkinerd/ednsv/git/blobs{/sha}",
2026-07-24T14:18:42.3330335Z             "branches_url": "https://api.github.com/repos/pkinerd/ednsv/branches{/branch}",
2026-07-24T14:18:42.3330729Z             "clone_url": "https://github.com/pkinerd/ednsv.git",
2026-07-24T14:18:42.3419575Z             "collaborators_url": "https://api.github.com/repos/pkinerd/ednsv/collaborators{/collaborator}",
2026-07-24T14:18:42.3420018Z             "comments_url": "https://api.github.com/repos/pkinerd/ednsv/comments{/number}",
2026-07-24T14:18:42.3420368Z             "commits_url": "https://api.github.com/repos/pkinerd/ednsv/commits{/sha}",
2026-07-24T14:18:42.3420723Z             "compare_url": "https://api.github.com/repos/pkinerd/ednsv/compare/{base}...{head}",
2026-07-24T14:18:42.3421104Z             "contents_url": "https://api.github.com/repos/pkinerd/ednsv/contents/{+path}",
2026-07-24T14:18:42.3421455Z             "contributors_url": "https://api.github.com/repos/pkinerd/ednsv/contributors",
2026-07-24T14:18:42.3421719Z             "created_at": 1774905880,
2026-07-24T14:18:42.3421885Z             "default_branch": "main",
2026-07-24T14:18:42.3422130Z             "deployments_url": "https://api.github.com/repos/pkinerd/ednsv/deployments",
2026-07-24T14:18:42.3422544Z             "description": null,
2026-07-24T14:18:42.3422714Z             "disabled": false,
2026-07-24T14:18:42.3422939Z             "downloads_url": "https://api.github.com/repos/pkinerd/ednsv/downloads",
2026-07-24T14:18:42.3423243Z             "events_url": "https://api.github.com/repos/pkinerd/ednsv/events",
2026-07-24T14:18:42.3423473Z             "fork": false,
2026-07-24T14:18:42.3423619Z             "forks": 0,
2026-07-24T14:18:42.3423759Z             "forks_count": 0,
2026-07-24T14:18:42.3424593Z             "forks_url": "https://api.github.com/repos/pkinerd/ednsv/forks",
2026-07-24T14:18:42.3424905Z             "full_name": "pkinerd/ednsv",
2026-07-24T14:18:42.3425173Z             "git_commits_url": "https://api.github.com/repos/pkinerd/ednsv/git/commits{/sha}",
2026-07-24T14:18:42.3425501Z             "git_refs_url": "https://api.github.com/repos/pkinerd/ednsv/git/refs{/sha}",
2026-07-24T14:18:42.3425829Z             "git_tags_url": "https://api.github.com/repos/pkinerd/ednsv/git/tags{/sha}",
2026-07-24T14:18:42.3426109Z             "git_url": "git://github.com/pkinerd/ednsv.git",
2026-07-24T14:18:42.3426312Z             "has_discussions": false,
2026-07-24T14:18:42.3426478Z             "has_downloads": true,
2026-07-24T14:18:42.3426639Z             "has_issues": true,
2026-07-24T14:18:42.3426801Z             "has_pages": false,
2026-07-24T14:18:42.3426961Z             "has_projects": true,
2026-07-24T14:18:42.3427282Z             "has_pull_requests": true,
2026-07-24T14:18:42.3427505Z             "has_wiki": true,
2026-07-24T14:18:42.3427656Z             "homepage": null,
2026-07-24T14:18:42.3427862Z             "hooks_url": "https://api.github.com/repos/pkinerd/ednsv/hooks",
2026-07-24T14:18:42.3428129Z             "html_url": "https://github.com/pkinerd/ednsv",
2026-07-24T14:18:42.3428321Z             "id": 1196602452,
2026-07-24T14:18:42.3428473Z             "is_template": false,
2026-07-24T14:18:42.3428750Z             "issue_comment_url": "https://api.github.com/repos/pkinerd/ednsv/issues/comments{/number}",
2026-07-24T14:18:42.3429137Z             "issue_events_url": "https://api.github.com/repos/pkinerd/ednsv/issues/events{/number}",
2026-07-24T14:18:42.3429545Z             "issues_url": "https://api.github.com/repos/pkinerd/ednsv/issues{/number}",
2026-07-24T14:18:42.3429911Z             "keys_url": "https://api.github.com/repos/pkinerd/ednsv/keys{/key_id}",
2026-07-24T14:18:42.3430224Z             "labels_url": "https://api.github.com/repos/pkinerd/ednsv/labels{/name}",
2026-07-24T14:18:42.3430480Z             "language": "C#",
2026-07-24T14:18:42.3430719Z             "languages_url": "https://api.github.com/repos/pkinerd/ednsv/languages",
2026-07-24T14:18:42.3430971Z             "license": null,
2026-07-24T14:18:42.3431132Z             "master_branch": "main",
2026-07-24T14:18:42.3431361Z             "merges_url": "https://api.github.com/repos/pkinerd/ednsv/merges",
2026-07-24T14:18:42.3431694Z             "milestones_url": "https://api.github.com/repos/pkinerd/ednsv/milestones{/number}",
2026-07-24T14:18:42.3431964Z             "mirror_url": null,
2026-07-24T14:18:42.3432119Z             "name": "ednsv",
2026-07-24T14:18:42.3432273Z             "node_id": "R_kgDOR1K0VA",
2026-07-24T14:18:42.3432597Z             "notifications_url": "https://api.github.com/repos/pkinerd/ednsv/notifications{?since,all,participating}",
2026-07-24T14:18:42.3432936Z             "open_issues": 0,
2026-07-24T14:18:42.3433098Z             "open_issues_count": 0,
2026-07-24T14:18:42.3433258Z             "owner": {
2026-07-24T14:18:42.3433475Z               "avatar_url": "https://avatars.githubusercontent.com/u/169779439?v=4",
2026-07-24T14:18:42.3433768Z               "email": "169779439+pkinerd@users.noreply.github.com",
2026-07-24T14:18:42.3434045Z               "events_url": "https://api.github.com/users/pkinerd/events{/privacy}",
2026-07-24T14:18:42.3434358Z               "followers_url": "https://api.github.com/users/pkinerd/followers",
2026-07-24T14:18:42.3434766Z               "following_url": "https://api.github.com/users/pkinerd/following{/other_user}",
2026-07-24T14:18:42.3435095Z               "gists_url": "https://api.github.com/users/pkinerd/gists{/gist_id}",
2026-07-24T14:18:42.3435346Z               "gravatar_id": "",
2026-07-24T14:18:42.3435538Z               "html_url": "https://github.com/pkinerd",
2026-07-24T14:18:42.3435732Z               "id": 169779439,
2026-07-24T14:18:42.3435882Z               "login": "pkinerd",
2026-07-24T14:18:42.3436041Z               "name": "pkinerd",
2026-07-24T14:18:42.3436259Z               "node_id": "U_kgDOCh6g7w",
2026-07-24T14:18:42.3436488Z               "organizations_url": "https://api.github.com/users/pkinerd/orgs",
2026-07-24T14:18:42.3436817Z               "received_events_url": "https://api.github.com/users/pkinerd/received_events",
2026-07-24T14:18:42.3437315Z               "repos_url": "https://api.github.com/users/pkinerd/repos",
2026-07-24T14:18:42.3437555Z               "site_admin": false,
2026-07-24T14:18:42.3437794Z               "starred_url": "https://api.github.com/users/pkinerd/starred{/owner}{/repo}",
2026-07-24T14:18:42.3438128Z               "subscriptions_url": "https://api.github.com/users/pkinerd/subscriptions",
2026-07-24T14:18:42.3438381Z               "type": "User",
2026-07-24T14:18:42.3438564Z               "url": "https://api.github.com/users/pkinerd",
2026-07-24T14:18:42.3438768Z               "user_view_type": "public"
2026-07-24T14:18:42.3438930Z             },
2026-07-24T14:18:42.3439062Z             "private": false,
2026-07-24T14:18:42.3439226Z             "pull_request_creation_policy": "all",
2026-07-24T14:18:42.3439474Z             "pulls_url": "https://api.github.com/repos/pkinerd/ednsv/pulls{/number}",
2026-07-24T14:18:42.3439721Z             "pushed_at": 1784902621,
2026-07-24T14:18:42.3439953Z             "releases_url": "https://api.github.com/repos/pkinerd/ednsv/releases{/id}",
2026-07-24T14:18:42.3440207Z             "size": 34013,
2026-07-24T14:18:42.3440381Z             "ssh_url": "git@github.com:pkinerd/ednsv.git",
2026-07-24T14:18:42.3440578Z             "stargazers": 0,
2026-07-24T14:18:42.3440732Z             "stargazers_count": 0,
2026-07-24T14:18:42.3440959Z             "stargazers_url": "https://api.github.com/repos/pkinerd/ednsv/stargazers",
2026-07-24T14:18:42.3441283Z             "statuses_url": "https://api.github.com/repos/pkinerd/ednsv/statuses/{sha}",
2026-07-24T14:18:42.3441613Z             "subscribers_url": "https://api.github.com/repos/pkinerd/ednsv/subscribers",
2026-07-24T14:18:42.3441949Z             "subscription_url": "https://api.github.com/repos/pkinerd/ednsv/subscription",
2026-07-24T14:18:42.3442232Z             "svn_url": "https://github.com/pkinerd/ednsv",
2026-07-24T14:18:42.3442482Z             "tags_url": "https://api.github.com/repos/pkinerd/ednsv/tags",
2026-07-24T14:18:42.3442762Z             "teams_url": "https://api.github.com/repos/pkinerd/ednsv/teams",
2026-07-24T14:18:42.3442985Z             "topics": [],
2026-07-24T14:18:42.3443202Z             "trees_url": "https://api.github.com/repos/pkinerd/ednsv/git/trees{/sha}",
2026-07-24T14:18:42.3443473Z             "updated_at": "2026-07-24T12:42:16Z",
2026-07-24T14:18:42.3443684Z             "url": "https://api.github.com/repos/pkinerd/ednsv",
2026-07-24T14:18:42.3443892Z             "visibility": "public",
2026-07-24T14:18:42.3444048Z             "watchers": 0,
2026-07-24T14:18:42.3444194Z             "watchers_count": 0,
2026-07-24T14:18:42.3444360Z             "web_commit_signoff_required": false
2026-07-24T14:18:42.3444534Z           },
2026-07-24T14:18:42.3444658Z           "sender": {
2026-07-24T14:18:42.3444867Z             "avatar_url": "https://avatars.githubusercontent.com/u/169779439?v=4",
2026-07-24T14:18:42.3445177Z             "events_url": "https://api.github.com/users/pkinerd/events{/privacy}",
2026-07-24T14:18:42.3445470Z             "followers_url": "https://api.github.com/users/pkinerd/followers",
2026-07-24T14:18:42.3445792Z             "following_url": "https://api.github.com/users/pkinerd/following{/other_user}",
2026-07-24T14:18:42.3446175Z             "gists_url": "https://api.github.com/users/pkinerd/gists{/gist_id}",
2026-07-24T14:18:42.3446408Z             "gravatar_id": "",
2026-07-24T14:18:42.3446589Z             "html_url": "https://github.com/pkinerd",
2026-07-24T14:18:42.3446777Z             "id": 169779439,
2026-07-24T14:18:42.3446939Z             "login": "pkinerd",
2026-07-24T14:18:42.3447333Z             "node_id": "U_kgDOCh6g7w",
2026-07-24T14:18:42.3447577Z             "organizations_url": "https://api.github.com/users/pkinerd/orgs",
2026-07-24T14:18:42.3447975Z             "received_events_url": "https://api.github.com/users/pkinerd/received_events",
2026-07-24T14:18:42.3448288Z             "repos_url": "https://api.github.com/users/pkinerd/repos",
2026-07-24T14:18:42.3448533Z             "site_admin": false,
2026-07-24T14:18:42.3448788Z             "starred_url": "https://api.github.com/users/pkinerd/starred{/owner}{/repo}",
2026-07-24T14:18:42.3449144Z             "subscriptions_url": "https://api.github.com/users/pkinerd/subscriptions",
2026-07-24T14:18:42.3449427Z             "type": "User",
2026-07-24T14:18:42.3449633Z             "url": "https://api.github.com/users/pkinerd",
2026-07-24T14:18:42.3449858Z             "user_view_type": "public"
2026-07-24T14:18:42.3450042Z           }
2026-07-24T14:18:42.3450188Z         },
2026-07-24T14:18:42.3450343Z         "github_job": "docker",
2026-07-24T14:18:42.3450531Z         "github_ref": "refs/heads/main",
2026-07-24T14:18:42.3450725Z         "github_ref_name": "main",
2026-07-24T14:18:42.3450914Z         "github_ref_protected": "false",
2026-07-24T14:18:42.3451105Z         "github_ref_type": "branch",
2026-07-24T14:18:42.3451284Z         "github_repository": "pkinerd/ednsv",
2026-07-24T14:18:42.3451478Z         "github_repository_id": "1196602452",
2026-07-24T14:18:42.3451666Z         "github_repository_owner": "pkinerd",
2026-07-24T14:18:42.3451873Z         "github_repository_owner_id": "169779439",
2026-07-24T14:18:42.3452071Z         "github_run_attempt": "1",
2026-07-24T14:18:42.3452244Z         "github_run_id": "30100361132",
2026-07-24T14:18:42.3452443Z         "github_run_number": "211",
2026-07-24T14:18:42.3452645Z         "github_runner_arch": "X64",
2026-07-24T14:18:42.3452843Z         "github_runner_environment": "github-hosted",
2026-07-24T14:18:42.3453052Z         "github_runner_image_os": "ubuntu24",
2026-07-24T14:18:42.3453249Z         "github_runner_image_version": "20260720.247.2",
2026-07-24T14:18:42.3453478Z         "github_runner_name": "GitHub Actions 1000002153",
2026-07-24T14:18:42.3453681Z         "github_runner_os": "Linux",
2026-07-24T14:18:42.3453920Z         "github_runner_tracking_id": "github_05b683bc-8a6f-4e07-94f3-61b014b4ae5e",
2026-07-24T14:18:42.3454199Z         "github_server_url": "https://github.com",
2026-07-24T14:18:42.3454415Z         "github_triggering_actor": "pkinerd",
2026-07-24T14:18:42.3454595Z         "github_workflow": "CI",
2026-07-24T14:18:42.3454838Z         "github_workflow_ref": "pkinerd/ednsv/.github/workflows/ci.yml@refs/heads/main",
2026-07-24T14:18:42.3455153Z         "github_workflow_sha": "0907a58f50a6c98d23ae466ed31c3a0c15264622",
2026-07-24T14:18:42.3455387Z         "platform": "linux/amd64"
2026-07-24T14:18:42.3455544Z       }
2026-07-24T14:18:42.3455656Z     }
2026-07-24T14:18:42.3455767Z   },
2026-07-24T14:18:42.3456123Z   "buildx.build.ref": "builder-884363a2-a40d-4ab7-b8de-31632c2adb83/builder-884363a2-a40d-4ab7-b8de-31632c2adb830/ddsou3ghjkjid67ru836gxdbx",
2026-07-24T14:18:42.3456546Z   "containerimage.descriptor": {
2026-07-24T14:18:42.3456764Z     "mediaType": "application/vnd.oci.image.index.v1+json",
2026-07-24T14:18:42.3457187Z     "digest": "sha256:d996dfad78167229dedb960f2a47743147e9ae266f9bcf06ebaac5897ed8bcd6",
2026-07-24T14:18:42.3457475Z     "size": 856
2026-07-24T14:18:42.3457619Z   },
2026-07-24T14:18:42.3457892Z   "containerimage.digest": "sha256:d996dfad78167229dedb960f2a47743147e9ae266f9bcf06ebaac5897ed8bcd6",
2026-07-24T14:18:42.3458516Z   "image.name": "ghcr.io/pkinerd/ednsv:branch-main,ghcr.io/pkinerd/ednsv:latest,ghcr.io/pkinerd/ednsv:latest-any,ghcr.io/pkinerd/ednsv:sha-0907a58"
2026-07-24T14:18:42.3458917Z }
2026-07-24T14:18:42.3459263Z ##[endgroup]
2026-07-24T14:18:42.3459520Z ##[group]Reference
2026-07-24T14:18:42.3459871Z builder-884363a2-a40d-4ab7-b8de-31632c2adb83/builder-884363a2-a40d-4ab7-b8de-31632c2adb830/ddsou3ghjkjid67ru836gxdbx
2026-07-24T14:18:42.3460356Z ##[endgroup]
2026-07-24T14:18:42.3460599Z ##[group]Check build summary support
2026-07-24T14:18:42.3460976Z Build summary supported!
2026-07-24T14:18:42.3461239Z ##[endgroup]
2026-07-24T14:18:42.3530922Z Node 20 is being deprecated. This workflow is running with Node 24 by default. If you need to temporarily use Node 20, you can set the ACTIONS_ALLOW_USE_UNSECURE_NODE_VERSION=true environment variable. For more information see: https://github.blog/changelog/2025-09-19-deprecation-of-node-20-on-github-actions-runners/
2026-07-24T14:18:42.3531859Z Post job cleanup.
2026-07-24T14:18:42.5107564Z ##[group]Generating build summary
2026-07-24T14:18:42.5110561Z exporting build record to /home/runner/work/_temp/docker-actions-toolkit-rE1WYx/export
2026-07-24T14:18:42.5118887Z (node:3072) [DEP0040] DeprecationWarning: The `punycode` module is deprecated. Please use a userland alternative instead.
2026-07-24T14:18:42.5119333Z (Use `node --trace-deprecation ...` to show where the warning was created)
2026-07-24T14:18:42.6530691Z [command]/usr/bin/docker buildx history export --builder builder-884363a2-a40d-4ab7-b8de-31632c2adb83 --output /home/runner/work/_temp/docker-actions-toolkit-rE1WYx/export/pkinerd~ednsv~DDSOU3.dockerbuild ddsou3ghjkjid67ru836gxdbx --finalize
2026-07-24T14:18:43.0485814Z Build record written to /home/runner/work/_temp/docker-actions-toolkit-rE1WYx/export/pkinerd~ednsv~DDSOU3.dockerbuild (64.38 KB)
2026-07-24T14:18:43.0504525Z Uploading pkinerd~ednsv~DDSOU3.dockerbuild to blob storage
2026-07-24T14:18:43.2511145Z Beginning upload of artifact content to blob storage
2026-07-24T14:18:43.2572547Z (node:3072) [DEP0169] DeprecationWarning: `url.parse()` behavior is not standardized and prone to errors that have security implications. Use the WHATWG URL API instead. CVEs are not issued for `url.parse()` vulnerabilities.
2026-07-24T14:18:43.2580221Z Uploaded bytes 65536
2026-07-24T14:18:43.2581905Z Uploaded bytes 65926
2026-07-24T14:18:43.4359658Z Finished uploading artifact content to blob storage!
2026-07-24T14:18:43.4362821Z SHA256 hash of uploaded artifact is d97f5a56e50200ca234b2868773ff139fef14d6f6aafc95a8c9ce4ff60a6ed95
2026-07-24T14:18:43.4364501Z Finalizing artifact upload
2026-07-24T14:18:43.7008610Z Artifact successfully finalized (8599366557)
2026-07-24T14:18:43.7009446Z Artifact download URL: https://github.com/pkinerd/ednsv/actions/runs/30100361132/artifacts/8599366557
2026-07-24T14:18:43.7031339Z Writing summary
2026-07-24T14:18:43.7046627Z ##[endgroup]
2026-07-24T14:18:43.7047580Z ##[group]Removing temp folder /home/runner/work/_temp/docker-actions-toolkit-Vyb44o
2026-07-24T14:18:43.7048108Z ##[endgroup]
2026-07-24T14:18:43.7048417Z ##[group]Post cache
2026-07-24T14:18:43.7048615Z State not set
2026-07-24T14:18:43.7048884Z ##[endgroup]
2026-07-24T14:18:43.7145528Z Node 20 is being deprecated. This workflow is running with Node 24 by default. If you need to temporarily use Node 20, you can set the ACTIONS_ALLOW_USE_UNSECURE_NODE_VERSION=true environment variable. For more information see: https://github.blog/changelog/2025-09-19-deprecation-of-node-20-on-github-actions-runners/
2026-07-24T14:18:43.7146438Z Post job cleanup.
2026-07-24T14:18:43.9175435Z ##[group]Logout from ghcr.io
2026-07-24T14:18:43.9189977Z (node:3220) [DEP0040] DeprecationWarning: The `punycode` module is deprecated. Please use a userland alternative instead.
2026-07-24T14:18:43.9190666Z (Use `node --trace-deprecation ...` to show where the warning was created)
2026-07-24T14:18:43.9205093Z [command]/usr/bin/docker logout ghcr.io
2026-07-24T14:18:43.9329376Z Removing login credentials for ghcr.io
2026-07-24T14:18:43.9350958Z ##[endgroup]
2026-07-24T14:18:43.9351624Z ##[group]Post cache
2026-07-24T14:18:43.9351957Z State not set
2026-07-24T14:18:43.9352584Z ##[endgroup]
2026-07-24T14:18:43.9487491Z Node 20 is being deprecated. This workflow is running with Node 24 by default. If you need to temporarily use Node 20, you can set the ACTIONS_ALLOW_USE_UNSECURE_NODE_VERSION=true environment variable. For more information see: https://github.blog/changelog/2025-09-19-deprecation-of-node-20-on-github-actions-runners/
2026-07-24T14:18:43.9488592Z Post job cleanup.
2026-07-24T14:18:44.1180048Z ##[group]Removing builder
2026-07-24T14:18:44.1184146Z (node:3241) [DEP0040] DeprecationWarning: The `punycode` module is deprecated. Please use a userland alternative instead.
2026-07-24T14:18:44.1184628Z (Use `node --trace-deprecation ...` to show where the warning was created)
2026-07-24T14:18:44.1986993Z [command]/usr/bin/docker buildx rm builder-884363a2-a40d-4ab7-b8de-31632c2adb83
2026-07-24T14:18:44.6973643Z builder-884363a2-a40d-4ab7-b8de-31632c2adb83 removed
2026-07-24T14:18:44.6995280Z ##[endgroup]
2026-07-24T14:18:44.6995689Z ##[group]Cleaning up certificates
2026-07-24T14:18:44.7018314Z ##[endgroup]
2026-07-24T14:18:44.7018817Z ##[group]Post cache
2026-07-24T14:18:44.7019095Z State not set
2026-07-24T14:18:44.7019545Z ##[endgroup]
2026-07-24T14:18:44.7116203Z Node 20 is being deprecated. This workflow is running with Node 24 by default. If you need to temporarily use Node 20, you can set the ACTIONS_ALLOW_USE_UNSECURE_NODE_VERSION=true environment variable. For more information see: https://github.blog/changelog/2025-09-19-deprecation-of-node-20-on-github-actions-runners/
2026-07-24T14:18:44.7117879Z Post job cleanup.
2026-07-24T14:18:44.7764741Z [command]/usr/bin/git version
2026-07-24T14:18:44.7792937Z git version 2.54.0
2026-07-24T14:18:44.7816319Z Temporarily overriding HOME='/home/runner/work/_temp/259495c1-db79-4ed3-84f8-85af29c41e6a' before making global git config changes
2026-07-24T14:18:44.7817374Z Adding repository directory to the temporary git global config as a safe directory
2026-07-24T14:18:44.7820265Z [command]/usr/bin/git config --global --add safe.directory /home/runner/work/ednsv/ednsv
2026-07-24T14:18:44.7846635Z [command]/usr/bin/git config --local --name-only --get-regexp core\.sshCommand
2026-07-24T14:18:44.7870666Z [command]/usr/bin/git submodule foreach --recursive sh -c "git config --local --name-only --get-regexp 'core\.sshCommand' && git config --local --unset-all 'core.sshCommand' || :"
2026-07-24T14:18:44.8032428Z [command]/usr/bin/git config --local --name-only --get-regexp http\.https\:\/\/github\.com\/\.extraheader
2026-07-24T14:18:44.8047813Z http.https://github.com/.extraheader
2026-07-24T14:18:44.8051149Z [command]/usr/bin/git config --local --unset-all http.https://github.com/.extraheader
2026-07-24T14:18:44.8079560Z [command]/usr/bin/git submodule foreach --recursive sh -c "git config --local --name-only --get-regexp 'http\.https\:\/\/github\.com\/\.extraheader' && git config --local --unset-all 'http.https://github.com/.extraheader' || :"
2026-07-24T14:18:44.8280630Z [command]/usr/bin/git config --local --name-only --get-regexp ^includeIf\.gitdir:
2026-07-24T14:18:44.8316067Z [command]/usr/bin/git submodule foreach --recursive git config --local --show-origin --name-only --get-regexp remote.origin.url
2026-07-24T14:18:44.8609416Z Cleaning up orphan processes
2026-07-24T14:18:44.8822621Z ##[warning]Node.js 20 is deprecated. The following actions target Node.js 20 but are being forced to run on Node.js 24: actions/checkout@v4, docker/build-push-action@v6, docker/login-action@v3, docker/metadata-action@v5, docker/setup-buildx-action@v3. For more information see: https://github.blog/changelog/2025-09-19-deprecation-of-node-20-on-github-actions-runners/
