2026-07-26T23:18:45.6800402Z Current runner version: '2.336.0'
2026-07-26T23:18:45.6825949Z ##[group]Runner Image Provisioner
2026-07-26T23:18:45.6826804Z Hosted Compute Agent
2026-07-26T23:18:45.6827918Z Version: 20260707.563
2026-07-26T23:18:45.6828570Z Commit: 02667638d2b423fbc733a8e32a88b44996a3ba6e
2026-07-26T23:18:45.6829351Z Build Date: 2026-07-07T19:33:50Z
2026-07-26T23:18:45.6830054Z Worker ID: {665c5d07-97a7-4de3-a0b2-a2340f85c103}
2026-07-26T23:18:45.6830760Z Azure Region: westus2
2026-07-26T23:18:45.6831410Z ##[endgroup]
2026-07-26T23:18:45.6833198Z ##[group]Operating System
2026-07-26T23:18:45.6833848Z Ubuntu
2026-07-26T23:18:45.6834481Z 24.04.4
2026-07-26T23:18:45.6834994Z LTS
2026-07-26T23:18:45.6835583Z ##[endgroup]
2026-07-26T23:18:45.6836156Z ##[group]Runner Image
2026-07-26T23:18:45.6836751Z Image: ubuntu-24.04
2026-07-26T23:18:45.6837642Z Version: 20260720.247.2
2026-07-26T23:18:45.6838904Z Included Software: https://github.com/actions/runner-images/blob/ubuntu24/20260720.247/images/ubuntu/Ubuntu2404-Readme.md
2026-07-26T23:18:45.6840531Z Image Release: https://github.com/actions/runner-images/releases/tag/ubuntu24%2F20260720.247
2026-07-26T23:18:45.6841480Z ##[endgroup]
2026-07-26T23:18:45.6842731Z ##[group]GITHUB_TOKEN Permissions
2026-07-26T23:18:45.6844593Z Contents: read
2026-07-26T23:18:45.6845324Z Metadata: read
2026-07-26T23:18:45.6845891Z Packages: write
2026-07-26T23:18:45.6846457Z ##[endgroup]
2026-07-26T23:18:45.6849017Z Secret source: Actions
2026-07-26T23:18:45.6850121Z Prepare workflow directory
2026-07-26T23:18:45.7429346Z Prepare all required actions
2026-07-26T23:18:45.7471849Z Getting action download info
2026-07-26T23:18:46.0974256Z Download action repository 'actions/checkout@v4' (SHA:11d5960a326750d5838078e36cf38b85af677262)
2026-07-26T23:18:46.3838284Z Download action repository 'docker/setup-buildx-action@v3' (SHA:8d2750c68a42422c14e847fe6c8ac0403b4cbd6f)
2026-07-26T23:18:46.6515867Z Download action repository 'docker/login-action@v3' (SHA:c94ce9fb468520275223c153574b00df6fe4bcc9)
2026-07-26T23:18:46.9174096Z Download action repository 'docker/metadata-action@v5' (SHA:c299e40c65443455700f0fdfc63efafe5b349051)
2026-07-26T23:18:47.2312954Z Download action repository 'docker/build-push-action@v6' (SHA:10e90e3645eae34f1e60eeb005ba3a3d33f178e8)
2026-07-26T23:18:47.5743053Z Complete job name: Build & Push Docker Image
2026-07-26T23:18:47.6554123Z Node 20 is being deprecated. This workflow is running with Node 24 by default. If you need to temporarily use Node 20, you can set the ACTIONS_ALLOW_USE_UNSECURE_NODE_VERSION=true environment variable. For more information see: https://github.blog/changelog/2025-09-19-deprecation-of-node-20-on-github-actions-runners/
2026-07-26T23:18:47.6567676Z ##[group]Run actions/checkout@v4
2026-07-26T23:18:47.6568630Z with:
2026-07-26T23:18:47.6569062Z   repository: pkinerd/ednsv
2026-07-26T23:18:47.6574187Z   token: ***
2026-07-26T23:18:47.6574801Z   ssh-strict: true
2026-07-26T23:18:47.6575245Z   ssh-user: git
2026-07-26T23:18:47.6575726Z   persist-credentials: true
2026-07-26T23:18:47.6576287Z   clean: true
2026-07-26T23:18:47.6576770Z   sparse-checkout-cone-mode: true
2026-07-26T23:18:47.6577628Z   fetch-depth: 1
2026-07-26T23:18:47.6578082Z   fetch-tags: false
2026-07-26T23:18:47.6578533Z   show-progress: true
2026-07-26T23:18:47.6578997Z   lfs: false
2026-07-26T23:18:47.6579499Z   submodules: false
2026-07-26T23:18:47.6580004Z   set-safe-directory: true
2026-07-26T23:18:47.6580569Z   allow-unsafe-pr-checkout: false
2026-07-26T23:18:47.6581586Z env:
2026-07-26T23:18:47.6582007Z   REGISTRY: ghcr.io
2026-07-26T23:18:47.6582636Z   IMAGE_NAME: pkinerd/ednsv
2026-07-26T23:18:47.6583136Z ##[endgroup]
2026-07-26T23:18:47.7727997Z Syncing repository: pkinerd/ednsv
2026-07-26T23:18:47.7730545Z ##[group]Getting Git version info
2026-07-26T23:18:47.7731310Z Working directory is '/home/runner/work/ednsv/ednsv'
2026-07-26T23:18:47.7732416Z [command]/usr/bin/git version
2026-07-26T23:18:47.7823296Z git version 2.54.0
2026-07-26T23:18:47.7879492Z ##[endgroup]
2026-07-26T23:18:47.7897737Z Temporarily overriding HOME='/home/runner/work/_temp/c1c527be-f87a-4eb6-9046-1602d0850b4b' before making global git config changes
2026-07-26T23:18:47.7900176Z Adding repository directory to the temporary git global config as a safe directory
2026-07-26T23:18:47.7904903Z [command]/usr/bin/git config --global --add safe.directory /home/runner/work/ednsv/ednsv
2026-07-26T23:18:47.7977604Z Deleting the contents of '/home/runner/work/ednsv/ednsv'
2026-07-26T23:18:47.7986713Z ##[group]Initializing the repository
2026-07-26T23:18:47.8009676Z [command]/usr/bin/git init /home/runner/work/ednsv/ednsv
2026-07-26T23:18:47.8148024Z hint: Using 'master' as the name for the initial branch. This default branch name
2026-07-26T23:18:47.8148962Z hint: will change to "main" in Git 3.0. To configure the initial branch name
2026-07-26T23:18:47.8149647Z hint: to use in all of your new repositories, which will suppress this warning,
2026-07-26T23:18:47.8150217Z hint: call:
2026-07-26T23:18:47.8150464Z hint:
2026-07-26T23:18:47.8151012Z hint: 	git config --global init.defaultBranch <name>
2026-07-26T23:18:47.8151429Z hint:
2026-07-26T23:18:47.8151790Z hint: Names commonly chosen instead of 'master' are 'main', 'trunk' and
2026-07-26T23:18:47.8152529Z hint: 'development'. The just-created branch can be renamed via this command:
2026-07-26T23:18:47.8153064Z hint:
2026-07-26T23:18:47.8153450Z hint: 	git branch -m <name>
2026-07-26T23:18:47.8153772Z hint:
2026-07-26T23:18:47.8154165Z hint: Disable this message with "git config set advice.defaultBranchName false"
2026-07-26T23:18:47.8155218Z Initialized empty Git repository in /home/runner/work/ednsv/ednsv/.git/
2026-07-26T23:18:47.8167635Z [command]/usr/bin/git remote add origin https://github.com/pkinerd/ednsv
2026-07-26T23:18:47.8222163Z ##[endgroup]
2026-07-26T23:18:47.8223240Z ##[group]Disabling automatic garbage collection
2026-07-26T23:18:47.8224259Z [command]/usr/bin/git config --local gc.auto 0
2026-07-26T23:18:47.8257184Z ##[endgroup]
2026-07-26T23:18:47.8257753Z ##[group]Setting up auth
2026-07-26T23:18:47.8265611Z [command]/usr/bin/git config --local --name-only --get-regexp core\.sshCommand
2026-07-26T23:18:47.8306782Z [command]/usr/bin/git submodule foreach --recursive sh -c "git config --local --name-only --get-regexp 'core\.sshCommand' && git config --local --unset-all 'core.sshCommand' || :"
2026-07-26T23:18:47.8712734Z [command]/usr/bin/git config --local --name-only --get-regexp http\.https\:\/\/github\.com\/\.extraheader
2026-07-26T23:18:47.8773865Z [command]/usr/bin/git submodule foreach --recursive sh -c "git config --local --name-only --get-regexp 'http\.https\:\/\/github\.com\/\.extraheader' && git config --local --unset-all 'http.https://github.com/.extraheader' || :"
2026-07-26T23:18:47.9010472Z [command]/usr/bin/git config --local --name-only --get-regexp ^includeIf\.gitdir:
2026-07-26T23:18:47.9048105Z [command]/usr/bin/git submodule foreach --recursive git config --local --show-origin --name-only --get-regexp remote.origin.url
2026-07-26T23:18:47.9279218Z [command]/usr/bin/git config --local http.https://github.com/.extraheader AUTHORIZATION: basic ***
2026-07-26T23:18:47.9319343Z ##[endgroup]
2026-07-26T23:18:47.9328541Z ##[group]Fetching the repository
2026-07-26T23:18:47.9329690Z [command]/usr/bin/git -c protocol.version=2 fetch --no-tags --prune --no-recurse-submodules --depth=1 origin +bf20121a2ddebf7389ff1290178d96cf5e784a48:refs/remotes/pull/28/merge
2026-07-26T23:18:48.5315158Z From https://github.com/pkinerd/ednsv
2026-07-26T23:18:48.5317249Z  * [new ref]         bf20121a2ddebf7389ff1290178d96cf5e784a48 -> pull/28/merge
2026-07-26T23:18:48.5355288Z ##[endgroup]
2026-07-26T23:18:48.5356155Z ##[group]Determining the checkout info
2026-07-26T23:18:48.5359201Z ##[endgroup]
2026-07-26T23:18:48.5365398Z [command]/usr/bin/git sparse-checkout disable
2026-07-26T23:18:48.5435347Z [command]/usr/bin/git config --local --unset-all extensions.worktreeConfig
2026-07-26T23:18:48.5470950Z ##[group]Checking out the ref
2026-07-26T23:18:48.5475411Z [command]/usr/bin/git checkout --progress --force refs/remotes/pull/28/merge
2026-07-26T23:18:48.5631721Z Note: switching to 'refs/remotes/pull/28/merge'.
2026-07-26T23:18:48.5632296Z 
2026-07-26T23:18:48.5632702Z You are in 'detached HEAD' state. You can look around, make experimental
2026-07-26T23:18:48.5633620Z changes and commit them, and you can discard any commits you make in this
2026-07-26T23:18:48.5634517Z state without impacting any branches by switching back to a branch.
2026-07-26T23:18:48.5635084Z 
2026-07-26T23:18:48.5635477Z If you want to create a new branch to retain commits you create, you may
2026-07-26T23:18:48.5636277Z do so (now or later) by using -c with the switch command. Example:
2026-07-26T23:18:48.5636605Z 
2026-07-26T23:18:48.5636750Z   git switch -c <new-branch-name>
2026-07-26T23:18:48.5636973Z 
2026-07-26T23:18:48.5637389Z Or undo this operation with:
2026-07-26T23:18:48.5637694Z 
2026-07-26T23:18:48.5637820Z   git switch -
2026-07-26T23:18:48.5638000Z 
2026-07-26T23:18:48.5638296Z Turn off this advice by setting config variable advice.detachedHead to false
2026-07-26T23:18:48.5638658Z 
2026-07-26T23:18:48.5639038Z HEAD is now at bf20121 Merge f3a0287fd5b39e0c41e35ee6586f8c9c0ef8225d into 0907a58f50a6c98d23ae466ed31c3a0c15264622
2026-07-26T23:18:48.5640938Z ##[endgroup]
2026-07-26T23:18:48.5689810Z [command]/usr/bin/git log -1 --format=%H
2026-07-26T23:18:48.5718347Z bf20121a2ddebf7389ff1290178d96cf5e784a48
2026-07-26T23:18:48.5963338Z ##[group]Run if [ "pull_request" != "pull_request" ]; then
2026-07-26T23:18:48.5963948Z [36;1mif [ "pull_request" != "pull_request" ]; then[0m
2026-07-26T23:18:48.5964352Z [36;1m  echo "push=true" >> "$GITHUB_OUTPUT"[0m
2026-07-26T23:18:48.5964755Z [36;1melif [ "pkinerd/ednsv" = "pkinerd/ednsv" ]; then[0m
2026-07-26T23:18:48.5965162Z [36;1m  echo "push=true" >> "$GITHUB_OUTPUT"[0m
2026-07-26T23:18:48.5965496Z [36;1melse[0m
2026-07-26T23:18:48.5965771Z [36;1m  echo "push=false" >> "$GITHUB_OUTPUT"[0m
2026-07-26T23:18:48.5966101Z [36;1mfi[0m
2026-07-26T23:18:48.6012923Z shell: /usr/bin/bash -e {0}
2026-07-26T23:18:48.6013264Z env:
2026-07-26T23:18:48.6013500Z   REGISTRY: ghcr.io
2026-07-26T23:18:48.6013771Z   IMAGE_NAME: pkinerd/ednsv
2026-07-26T23:18:48.6014048Z ##[endgroup]
2026-07-26T23:18:48.6214206Z Node 20 is being deprecated. This workflow is running with Node 24 by default. If you need to temporarily use Node 20, you can set the ACTIONS_ALLOW_USE_UNSECURE_NODE_VERSION=true environment variable. For more information see: https://github.blog/changelog/2025-09-19-deprecation-of-node-20-on-github-actions-runners/
2026-07-26T23:18:48.6216051Z ##[group]Run docker/setup-buildx-action@v3
2026-07-26T23:18:48.6216388Z with:
2026-07-26T23:18:48.6216649Z   driver: docker-container
2026-07-26T23:18:48.6216922Z   use: true
2026-07-26T23:18:48.6217442Z   keep-state: false
2026-07-26T23:18:48.6217712Z   cache-binary: true
2026-07-26T23:18:48.6217966Z   cleanup: true
2026-07-26T23:18:48.6218202Z   install: false
2026-07-26T23:18:48.6218433Z env:
2026-07-26T23:18:48.6218653Z   REGISTRY: ghcr.io
2026-07-26T23:18:48.6218921Z   IMAGE_NAME: pkinerd/ednsv
2026-07-26T23:18:48.6219190Z ##[endgroup]
2026-07-26T23:18:48.8746481Z (node:2237) [DEP0040] DeprecationWarning: The `punycode` module is deprecated. Please use a userland alternative instead.
2026-07-26T23:18:48.8748387Z (Use `node --trace-deprecation ...` to show where the warning was created)
2026-07-26T23:18:48.8801955Z ##[group]Docker info
2026-07-26T23:18:48.8831474Z [command]/usr/bin/docker version
2026-07-26T23:18:49.0152060Z Client: Docker Engine - Community
2026-07-26T23:18:49.0178144Z  Version:           28.0.4
2026-07-26T23:18:49.0195678Z  API version:       1.48
2026-07-26T23:18:49.0196461Z  Go version:        go1.23.7
2026-07-26T23:18:49.0197376Z  Git commit:        b8034c0
2026-07-26T23:18:49.0198143Z  Built:             Tue Mar 25 15:07:16 2025
2026-07-26T23:18:49.0198704Z  OS/Arch:           linux/amd64
2026-07-26T23:18:49.0199378Z  Context:           default
2026-07-26T23:18:49.0199740Z 
2026-07-26T23:18:49.0200144Z Server: Docker Engine - Community
2026-07-26T23:18:49.0201473Z  Engine:
2026-07-26T23:18:49.0202078Z   Version:          28.0.4
2026-07-26T23:18:49.0202873Z   API version:      1.48 (minimum version 1.24)
2026-07-26T23:18:49.0203571Z   Go version:       go1.23.7
2026-07-26T23:18:49.0204213Z   Git commit:       6430e49
2026-07-26T23:18:49.0204842Z   Built:            Tue Mar 25 15:07:16 2025
2026-07-26T23:18:49.0205395Z   OS/Arch:          linux/amd64
2026-07-26T23:18:49.0206008Z   Experimental:     false
2026-07-26T23:18:49.0206561Z  containerd:
2026-07-26T23:18:49.0207255Z   Version:          v2.2.6
2026-07-26T23:18:49.0207873Z   GitCommit:        11ce9d5f3c68c941867e82890e93e815c1304f1b
2026-07-26T23:18:49.0208444Z  runc:
2026-07-26T23:18:49.0208894Z   Version:          1.3.6
2026-07-26T23:18:49.0209370Z   GitCommit:        v1.3.6-0-g491b69ba
2026-07-26T23:18:49.0209882Z  docker-init:
2026-07-26T23:18:49.0210317Z   Version:          0.19.0
2026-07-26T23:18:49.0210794Z   GitCommit:        de40ad0
2026-07-26T23:18:49.0212181Z [command]/usr/bin/docker info
2026-07-26T23:18:49.3720757Z Client: Docker Engine - Community
2026-07-26T23:18:49.3733392Z  Version:    28.0.4
2026-07-26T23:18:49.3733937Z  Context:    default
2026-07-26T23:18:49.3734485Z  Debug Mode: false
2026-07-26T23:18:49.3734966Z  Plugins:
2026-07-26T23:18:49.3735474Z   buildx: Docker Buildx (Docker Inc.)
2026-07-26T23:18:49.3735981Z     Version:  v0.35.0
2026-07-26T23:18:49.3736368Z     Path:     /usr/libexec/docker/cli-plugins/docker-buildx
2026-07-26T23:18:49.3736788Z   compose: Docker Compose (Docker Inc.)
2026-07-26T23:18:49.3737500Z     Version:  v2.38.2
2026-07-26T23:18:49.3738108Z     Path:     /usr/libexec/docker/cli-plugins/docker-compose
2026-07-26T23:18:49.3738574Z 
2026-07-26T23:18:49.3738753Z Server:
2026-07-26T23:18:49.3739135Z  Containers: 0
2026-07-26T23:18:49.3739509Z   Running: 0
2026-07-26T23:18:49.3739884Z   Paused: 0
2026-07-26T23:18:49.3740279Z   Stopped: 0
2026-07-26T23:18:49.3740734Z  Images: 6
2026-07-26T23:18:49.3741143Z  Server Version: 28.0.4
2026-07-26T23:18:49.3741670Z  Storage Driver: overlay2
2026-07-26T23:18:49.3742170Z   Backing Filesystem: extfs
2026-07-26T23:18:49.3742631Z   Supports d_type: true
2026-07-26T23:18:49.3743660Z   Using metacopy: false
2026-07-26T23:18:49.3744241Z   Native Overlay Diff: false
2026-07-26T23:18:49.3744830Z   userxattr: false
2026-07-26T23:18:49.3745339Z  Logging Driver: json-file
2026-07-26T23:18:49.3745843Z  Cgroup Driver: systemd
2026-07-26T23:18:49.3746353Z  Cgroup Version: 2
2026-07-26T23:18:49.3746764Z  Plugins:
2026-07-26T23:18:49.3747476Z   Volume: local
2026-07-26T23:18:49.3748093Z   Network: bridge host ipvlan macvlan null overlay
2026-07-26T23:18:49.3749030Z   Log: awslogs fluentd gcplogs gelf journald json-file local splunk syslog
2026-07-26T23:18:49.3749904Z  Swarm: inactive
2026-07-26T23:18:49.3750469Z  Runtimes: io.containerd.runc.v2 runc
2026-07-26T23:18:49.3751177Z  Default Runtime: runc
2026-07-26T23:18:49.3751725Z  Init Binary: docker-init
2026-07-26T23:18:49.3752446Z  containerd version: 11ce9d5f3c68c941867e82890e93e815c1304f1b
2026-07-26T23:18:49.3753275Z  runc version: v1.3.6-0-g491b69ba
2026-07-26T23:18:49.3753915Z  init version: de40ad0
2026-07-26T23:18:49.3754449Z  Security Options:
2026-07-26T23:18:49.3754958Z   apparmor
2026-07-26T23:18:49.3755423Z   seccomp
2026-07-26T23:18:49.3755868Z    Profile: builtin
2026-07-26T23:18:49.3756350Z   cgroupns
2026-07-26T23:18:49.3756859Z  Kernel Version: 6.17.0-1020-azure
2026-07-26T23:18:49.3757762Z  Operating System: Ubuntu 24.04.4 LTS
2026-07-26T23:18:49.3758586Z  OSType: linux
2026-07-26T23:18:49.3759115Z  Architecture: x86_64
2026-07-26T23:18:49.3759621Z  CPUs: 4
2026-07-26T23:18:49.3760049Z  Total Memory: 15.62GiB
2026-07-26T23:18:49.3760552Z  Name: runnervmvrwv9
2026-07-26T23:18:49.3761110Z  ID: dce1e4a9-fc26-4218-aaf0-feee5194c8cb
2026-07-26T23:18:49.3761736Z  Docker Root Dir: /var/lib/docker
2026-07-26T23:18:49.3762333Z  Debug Mode: false
2026-07-26T23:18:49.3762810Z  Username: githubactions
2026-07-26T23:18:49.3763314Z  Experimental: false
2026-07-26T23:18:49.3764191Z  Insecure Registries:
2026-07-26T23:18:49.3771200Z   ::1/128
2026-07-26T23:18:49.3771700Z   127.0.0.0/8
2026-07-26T23:18:49.3772190Z  Live Restore Enabled: false
2026-07-26T23:18:49.3772598Z 
2026-07-26T23:18:49.3773405Z ##[endgroup]
2026-07-26T23:18:49.4930416Z ##[group]Buildx version
2026-07-26T23:18:49.4959311Z [command]/usr/bin/docker buildx version
2026-07-26T23:18:49.5588487Z github.com/docker/buildx v0.35.0 a319e5b15052cf6557ceb666eb8ff6e32380b782
2026-07-26T23:18:49.5614697Z ##[endgroup]
2026-07-26T23:18:49.5783900Z ##[group]Inspecting default docker context
2026-07-26T23:18:49.5967602Z [
2026-07-26T23:18:49.5968108Z   {
2026-07-26T23:18:49.5968502Z     "Name": "default",
2026-07-26T23:18:49.5969019Z     "Metadata": {},
2026-07-26T23:18:49.5969543Z     "Endpoints": {
2026-07-26T23:18:49.5970012Z       "docker": {
2026-07-26T23:18:49.5970557Z         "Host": "unix:///var/run/docker.sock",
2026-07-26T23:18:49.5971205Z         "SkipTLSVerify": false
2026-07-26T23:18:49.5971837Z       }
2026-07-26T23:18:49.5972243Z     },
2026-07-26T23:18:49.5972708Z     "TLSMaterial": {},
2026-07-26T23:18:49.5973225Z     "Storage": {
2026-07-26T23:18:49.5973728Z       "MetadataPath": "<IN MEMORY>",
2026-07-26T23:18:49.5974329Z       "TLSPath": "<IN MEMORY>"
2026-07-26T23:18:49.5974836Z     }
2026-07-26T23:18:49.5975270Z   }
2026-07-26T23:18:49.5975661Z ]
2026-07-26T23:18:49.5976629Z ##[endgroup]
2026-07-26T23:18:49.5977792Z ##[group]Creating a new builder instance
2026-07-26T23:18:49.7394190Z [command]/usr/bin/docker buildx create --name builder-80787558-c42a-472c-aee2-0a15d61e2f0a --driver docker-container --buildkitd-flags --allow-insecure-entitlement security.insecure --allow-insecure-entitlement network.host --use
2026-07-26T23:18:49.8396671Z builder-80787558-c42a-472c-aee2-0a15d61e2f0a
2026-07-26T23:18:49.8432003Z ##[endgroup]
2026-07-26T23:18:49.8433453Z ##[group]Booting builder
2026-07-26T23:18:49.8494535Z [command]/usr/bin/docker buildx inspect --bootstrap --builder builder-80787558-c42a-472c-aee2-0a15d61e2f0a
2026-07-26T23:18:49.9092416Z #1 [internal] booting buildkit
2026-07-26T23:18:50.0596917Z #1 pulling image moby/buildkit:buildx-stable-1
2026-07-26T23:18:55.4491891Z #1 pulling image moby/buildkit:buildx-stable-1 5.5s done
2026-07-26T23:18:55.6027531Z #1 creating container buildx_buildkit_builder-80787558-c42a-472c-aee2-0a15d61e2f0a0
2026-07-26T23:18:55.8715686Z #1 creating container buildx_buildkit_builder-80787558-c42a-472c-aee2-0a15d61e2f0a0 0.4s done
2026-07-26T23:18:55.8783112Z #1 DONE 6.0s
2026-07-26T23:18:55.9223659Z Name:          builder-80787558-c42a-472c-aee2-0a15d61e2f0a
2026-07-26T23:18:55.9224254Z Driver:        docker-container
2026-07-26T23:18:55.9224627Z Last Activity: 2026-07-26 23:18:49 +0000 UTC
2026-07-26T23:18:55.9225013Z 
2026-07-26T23:18:55.9225210Z Nodes:
2026-07-26T23:18:55.9228143Z Name:                  builder-80787558-c42a-472c-aee2-0a15d61e2f0a0
2026-07-26T23:18:55.9228888Z Endpoint:              unix:///var/run/docker.sock
2026-07-26T23:18:55.9229502Z Status:                running
2026-07-26T23:18:55.9230396Z BuildKit daemon flags: --allow-insecure-entitlement security.insecure --allow-insecure-entitlement network.host
2026-07-26T23:18:55.9231077Z BuildKit version:      v0.31.2
2026-07-26T23:18:55.9231472Z Platforms:             linux/amd64, linux/amd64/v2, linux/amd64/v3, linux/386
2026-07-26T23:18:55.9231881Z Labels:
2026-07-26T23:18:55.9232172Z  org.mobyproject.buildkit.worker.executor:         oci
2026-07-26T23:18:55.9232650Z  org.mobyproject.buildkit.worker.hostname:         eeddfc9112ec
2026-07-26T23:18:55.9233112Z  org.mobyproject.buildkit.worker.network:          host
2026-07-26T23:18:55.9233546Z  org.mobyproject.buildkit.worker.oci.process-mode: sandbox
2026-07-26T23:18:55.9233968Z  org.mobyproject.buildkit.worker.selinux.enabled:  false
2026-07-26T23:18:55.9234387Z  org.mobyproject.buildkit.worker.snapshotter:      overlayfs
2026-07-26T23:18:55.9235021Z GC Policy rule#0:
2026-07-26T23:18:55.9235548Z  All:            false
2026-07-26T23:18:55.9236681Z  Filters:        type==source.local type==exec.cachemount type==source.git.checkout
2026-07-26T23:18:55.9237686Z  Keep Duration:  48h0m0s
2026-07-26T23:18:55.9238016Z  Max Used Space: 488.3MiB
2026-07-26T23:18:55.9238293Z GC Policy rule#1:
2026-07-26T23:18:55.9238524Z  All:            false
2026-07-26T23:18:55.9238809Z  Keep Duration:  1440h0m0s
2026-07-26T23:18:55.9239059Z  Reserved Space: 9.313GiB
2026-07-26T23:18:55.9239286Z  Max Used Space: 93.13GiB
2026-07-26T23:18:55.9239501Z  Min Free Space: 27.01GiB
2026-07-26T23:18:55.9239711Z GC Policy rule#2:
2026-07-26T23:18:55.9239930Z  All:            false
2026-07-26T23:18:55.9240150Z  Reserved Space: 9.313GiB
2026-07-26T23:18:55.9240378Z  Max Used Space: 93.13GiB
2026-07-26T23:18:55.9240598Z  Min Free Space: 27.01GiB
2026-07-26T23:18:55.9240811Z GC Policy rule#3:
2026-07-26T23:18:55.9241011Z  All:            true
2026-07-26T23:18:55.9241223Z  Reserved Space: 9.313GiB
2026-07-26T23:18:55.9241578Z  Max Used Space: 93.13GiB
2026-07-26T23:18:55.9241819Z  Min Free Space: 27.01GiB
2026-07-26T23:18:55.9290913Z ##[endgroup]
2026-07-26T23:18:56.0255402Z ##[group]Inspect builder
2026-07-26T23:18:56.0259408Z {
2026-07-26T23:18:56.0260177Z   "nodes": [
2026-07-26T23:18:56.0261000Z     {
2026-07-26T23:18:56.0261614Z       "name": "builder-80787558-c42a-472c-aee2-0a15d61e2f0a0",
2026-07-26T23:18:56.0262196Z       "endpoint": "unix:///var/run/docker.sock",
2026-07-26T23:18:56.0262639Z       "status": "running",
2026-07-26T23:18:56.0263305Z       "buildkitd-flags": "--allow-insecure-entitlement security.insecure --allow-insecure-entitlement network.host",
2026-07-26T23:18:56.0263983Z       "buildkit": "v0.31.2",
2026-07-26T23:18:56.0264441Z       "platforms": "linux/amd64,linux/amd64/v2,linux/amd64/v3,linux/386",
2026-07-26T23:18:56.0265039Z       "features": {
2026-07-26T23:18:56.0265491Z         "Automatically load images to the Docker Engine image store": true,
2026-07-26T23:18:56.0266077Z         "Cache export": true,
2026-07-26T23:18:56.0266541Z         "Direct push": true,
2026-07-26T23:18:56.0267406Z         "Docker exporter": true,
2026-07-26T23:18:56.0268082Z         "Multi-platform build": true,
2026-07-26T23:18:56.0268538Z         "OCI exporter": true
2026-07-26T23:18:56.0269215Z       },
2026-07-26T23:18:56.0269430Z       "labels": {
2026-07-26T23:18:56.0269733Z         "org.mobyproject.buildkit.worker.executor": "oci",
2026-07-26T23:18:56.0270174Z         "org.mobyproject.buildkit.worker.hostname": "eeddfc9112ec",
2026-07-26T23:18:56.0270582Z         "org.mobyproject.buildkit.worker.network": "host",
2026-07-26T23:18:56.0270999Z         "org.mobyproject.buildkit.worker.oci.process-mode": "sandbox",
2026-07-26T23:18:56.0271444Z         "org.mobyproject.buildkit.worker.selinux.enabled": "false",
2026-07-26T23:18:56.0271887Z         "org.mobyproject.buildkit.worker.snapshotter": "overlayfs"
2026-07-26T23:18:56.0272317Z       },
2026-07-26T23:18:56.0272516Z       "gcPolicy": [
2026-07-26T23:18:56.0272732Z         {
2026-07-26T23:18:56.0272927Z           "all": false,
2026-07-26T23:18:56.0273152Z           "filter": [
2026-07-26T23:18:56.0273500Z             "type==source.local type==exec.cachemount type==source.git.checkout"
2026-07-26T23:18:56.0273897Z           ],
2026-07-26T23:18:56.0274118Z           "keepDuration": "48h0m0s",
2026-07-26T23:18:56.0274393Z           "maxUsedSpace": "488.3MiB"
2026-07-26T23:18:56.0274621Z         },
2026-07-26T23:18:56.0274809Z         {
2026-07-26T23:18:56.0274978Z           "all": false,
2026-07-26T23:18:56.0275213Z           "keepDuration": "1440h0m0s",
2026-07-26T23:18:56.0275469Z           "reservedSpace": "9.313GiB",
2026-07-26T23:18:56.0275743Z           "maxUsedSpace": "93.13GiB",
2026-07-26T23:18:56.0275989Z           "minFreeSpace": "27.01GiB"
2026-07-26T23:18:56.0276246Z         },
2026-07-26T23:18:56.0276416Z         {
2026-07-26T23:18:56.0276608Z           "all": false,
2026-07-26T23:18:56.0276820Z           "reservedSpace": "9.313GiB",
2026-07-26T23:18:56.0277345Z           "maxUsedSpace": "93.13GiB",
2026-07-26T23:18:56.0277851Z           "minFreeSpace": "27.01GiB"
2026-07-26T23:18:56.0278116Z         },
2026-07-26T23:18:56.0278290Z         {
2026-07-26T23:18:56.0278494Z           "all": true,
2026-07-26T23:18:56.0278738Z           "reservedSpace": "9.313GiB",
2026-07-26T23:18:56.0278996Z           "maxUsedSpace": "93.13GiB",
2026-07-26T23:18:56.0279239Z           "minFreeSpace": "27.01GiB"
2026-07-26T23:18:56.0279462Z         }
2026-07-26T23:18:56.0279626Z       ]
2026-07-26T23:18:56.0279809Z     }
2026-07-26T23:18:56.0279972Z   ],
2026-07-26T23:18:56.0280201Z   "name": "builder-80787558-c42a-472c-aee2-0a15d61e2f0a",
2026-07-26T23:18:56.0280522Z   "driver": "docker-container",
2026-07-26T23:18:56.0280783Z   "lastActivity": "2026-07-26T23:18:49.000Z"
2026-07-26T23:18:56.0281052Z }
2026-07-26T23:18:56.0281485Z ##[endgroup]
2026-07-26T23:18:56.0281888Z ##[group]BuildKit version
2026-07-26T23:18:56.0282212Z builder-80787558-c42a-472c-aee2-0a15d61e2f0a0: v0.31.2
2026-07-26T23:18:56.0282707Z ##[endgroup]
2026-07-26T23:18:56.0491731Z Node 20 is being deprecated. This workflow is running with Node 24 by default. If you need to temporarily use Node 20, you can set the ACTIONS_ALLOW_USE_UNSECURE_NODE_VERSION=true environment variable. For more information see: https://github.blog/changelog/2025-09-19-deprecation-of-node-20-on-github-actions-runners/
2026-07-26T23:18:56.0493043Z ##[group]Run docker/login-action@v3
2026-07-26T23:18:56.0493301Z with:
2026-07-26T23:18:56.0493491Z   registry: ghcr.io
2026-07-26T23:18:56.0493696Z   username: pkinerd
2026-07-26T23:18:56.0496290Z   password: ***
2026-07-26T23:18:56.0496500Z   logout: true
2026-07-26T23:18:56.0496682Z env:
2026-07-26T23:18:56.0496851Z   REGISTRY: ghcr.io
2026-07-26T23:18:56.0497328Z   IMAGE_NAME: pkinerd/ednsv
2026-07-26T23:18:56.0497568Z ##[endgroup]
2026-07-26T23:18:56.3672816Z Logging into ghcr.io...
2026-07-26T23:18:56.3697949Z (node:2725) [DEP0040] DeprecationWarning: The `punycode` module is deprecated. Please use a userland alternative instead.
2026-07-26T23:18:56.3699686Z (Use `node --trace-deprecation ...` to show where the warning was created)
2026-07-26T23:18:56.8222266Z Login Succeeded!
2026-07-26T23:18:56.8383821Z Node 20 is being deprecated. This workflow is running with Node 24 by default. If you need to temporarily use Node 20, you can set the ACTIONS_ALLOW_USE_UNSECURE_NODE_VERSION=true environment variable. For more information see: https://github.blog/changelog/2025-09-19-deprecation-of-node-20-on-github-actions-runners/
2026-07-26T23:18:56.8385117Z ##[group]Run docker/metadata-action@v5
2026-07-26T23:18:56.8385381Z with:
2026-07-26T23:18:56.8385582Z   images: ghcr.io/pkinerd/ednsv
2026-07-26T23:18:56.8386281Z   tags: type=ref,event=branch,prefix=branch-
type=ref,event=pr,prefix=pr-
type=sha,format=short,prefix=sha-
type=raw,value=latest,enable={{is_default_branch}}
type=raw,value=latest-any

2026-07-26T23:18:56.8387274Z   context: workflow
2026-07-26T23:18:56.8389911Z   github-token: ***
2026-07-26T23:18:56.8390120Z env:
2026-07-26T23:18:56.8390299Z   REGISTRY: ghcr.io
2026-07-26T23:18:56.8390522Z   IMAGE_NAME: pkinerd/ednsv
2026-07-26T23:18:56.8390748Z ##[endgroup]
2026-07-26T23:18:57.2246824Z (node:2746) [DEP0040] DeprecationWarning: The `punycode` module is deprecated. Please use a userland alternative instead.
2026-07-26T23:18:57.2248756Z (Use `node --trace-deprecation ...` to show where the warning was created)
2026-07-26T23:18:58.2907861Z ##[group]Context info
2026-07-26T23:18:58.2908201Z eventName: pull_request
2026-07-26T23:18:58.2908536Z sha: bf20121a2ddebf7389ff1290178d96cf5e784a48
2026-07-26T23:18:58.2908920Z ref: refs/pull/28/merge
2026-07-26T23:18:58.2909198Z workflow: CI
2026-07-26T23:18:58.2909433Z action: meta
2026-07-26T23:18:58.2909763Z actor: pkinerd
2026-07-26T23:18:58.2910078Z runNumber: 230
2026-07-26T23:18:58.2910318Z runId: 30224943921
2026-07-26T23:18:58.2910714Z commitDate: Sun Jul 26 2026 23:17:52 GMT+0000 (Coordinated Universal Time)
2026-07-26T23:18:58.2911533Z ##[endgroup]
2026-07-26T23:18:58.2917857Z ##[group]Processing images input
2026-07-26T23:18:58.2919085Z name=ghcr.io/pkinerd/ednsv,enable=true
2026-07-26T23:18:58.2919842Z ##[endgroup]
2026-07-26T23:18:58.2934781Z ##[group]Processing tags input
2026-07-26T23:18:58.2935956Z type=ref,event=branch,prefix=branch-,enable=true,priority=600
2026-07-26T23:18:58.2936853Z type=ref,event=pr,prefix=pr-,enable=true,priority=600
2026-07-26T23:18:58.2938099Z type=raw,value=latest,enable={{is_default_branch}},priority=200
2026-07-26T23:18:58.2938816Z type=raw,value=latest-any,enable=true,priority=200
2026-07-26T23:18:58.2939539Z type=sha,format=short,prefix=sha-,enable=true,priority=100
2026-07-26T23:18:58.2940376Z ##[endgroup]
2026-07-26T23:18:58.2940801Z ##[group]Processing flavor input
2026-07-26T23:18:58.2941057Z latest=auto
2026-07-26T23:18:58.2941242Z prefix=
2026-07-26T23:18:58.2941426Z prefixLatest=false
2026-07-26T23:18:58.2941625Z suffix=
2026-07-26T23:18:58.2941799Z suffixLatest=false
2026-07-26T23:18:58.2942144Z ##[endgroup]
2026-07-26T23:18:58.3013902Z ##[group]Docker image version
2026-07-26T23:18:58.3014327Z pr-28
2026-07-26T23:18:58.3014867Z ##[endgroup]
2026-07-26T23:18:58.3019247Z ##[group]Docker tags
2026-07-26T23:18:58.3019678Z ghcr.io/pkinerd/ednsv:pr-28
2026-07-26T23:18:58.3020438Z ghcr.io/pkinerd/ednsv:latest-any
2026-07-26T23:18:58.3021001Z ghcr.io/pkinerd/ednsv:sha-bf20121
2026-07-26T23:18:58.3021818Z ##[endgroup]
2026-07-26T23:18:58.3096667Z ##[group]Docker labels
2026-07-26T23:18:58.3097463Z org.opencontainers.image.created=2026-07-26T23:18:58.293Z
2026-07-26T23:18:58.3098059Z org.opencontainers.image.description=
2026-07-26T23:18:58.3098376Z org.opencontainers.image.licenses=
2026-07-26T23:18:58.3098782Z org.opencontainers.image.revision=bf20121a2ddebf7389ff1290178d96cf5e784a48
2026-07-26T23:18:58.3099311Z org.opencontainers.image.source=https://github.com/pkinerd/ednsv
2026-07-26T23:18:58.3099702Z org.opencontainers.image.title=ednsv
2026-07-26T23:18:58.3100052Z org.opencontainers.image.url=https://github.com/pkinerd/ednsv
2026-07-26T23:18:58.3100422Z org.opencontainers.image.version=pr-28
2026-07-26T23:18:58.3102903Z ##[endgroup]
2026-07-26T23:18:58.3103761Z ##[group]Annotations
2026-07-26T23:18:58.3104695Z manifest:org.opencontainers.image.created=2026-07-26T23:18:58.293Z
2026-07-26T23:18:58.3105516Z manifest:org.opencontainers.image.description=
2026-07-26T23:18:58.3106163Z manifest:org.opencontainers.image.licenses=
2026-07-26T23:18:58.3107318Z manifest:org.opencontainers.image.revision=bf20121a2ddebf7389ff1290178d96cf5e784a48
2026-07-26T23:18:58.3108397Z manifest:org.opencontainers.image.source=https://github.com/pkinerd/ednsv
2026-07-26T23:18:58.3109245Z manifest:org.opencontainers.image.title=ednsv
2026-07-26T23:18:58.3110036Z manifest:org.opencontainers.image.url=https://github.com/pkinerd/ednsv
2026-07-26T23:18:58.3110868Z manifest:org.opencontainers.image.version=pr-28
2026-07-26T23:18:58.3111772Z ##[endgroup]
2026-07-26T23:18:58.3112380Z ##[group]JSON output
2026-07-26T23:18:58.3112743Z {
2026-07-26T23:18:58.3113030Z   "tags": [
2026-07-26T23:18:58.3113379Z     "ghcr.io/pkinerd/ednsv:pr-28",
2026-07-26T23:18:58.3113840Z     "ghcr.io/pkinerd/ednsv:latest-any",
2026-07-26T23:18:58.3114386Z     "ghcr.io/pkinerd/ednsv:sha-bf20121"
2026-07-26T23:18:58.3114857Z   ],
2026-07-26T23:18:58.3115173Z   "tag-names": [
2026-07-26T23:18:58.3115524Z     "pr-28",
2026-07-26T23:18:58.3115865Z     "latest-any",
2026-07-26T23:18:58.3116220Z     "sha-bf20121"
2026-07-26T23:18:58.3116560Z   ],
2026-07-26T23:18:58.3116860Z   "labels": {
2026-07-26T23:18:58.3117614Z     "org.opencontainers.image.created": "2026-07-26T23:18:58.293Z",
2026-07-26T23:18:58.3118568Z     "org.opencontainers.image.description": "",
2026-07-26T23:18:58.3119233Z     "org.opencontainers.image.licenses": "",
2026-07-26T23:18:58.3120063Z     "org.opencontainers.image.revision": "bf20121a2ddebf7389ff1290178d96cf5e784a48",
2026-07-26T23:18:58.3121117Z     "org.opencontainers.image.source": "https://github.com/pkinerd/ednsv",
2026-07-26T23:18:58.3121945Z     "org.opencontainers.image.title": "ednsv",
2026-07-26T23:18:58.3122996Z     "org.opencontainers.image.url": "https://github.com/pkinerd/ednsv",
2026-07-26T23:18:58.3123812Z     "org.opencontainers.image.version": "pr-28"
2026-07-26T23:18:58.3124353Z   },
2026-07-26T23:18:58.3124671Z   "annotations": [
2026-07-26T23:18:58.3125256Z     "manifest:org.opencontainers.image.created=2026-07-26T23:18:58.293Z",
2026-07-26T23:18:58.3126072Z     "manifest:org.opencontainers.image.description=",
2026-07-26T23:18:58.3126741Z     "manifest:org.opencontainers.image.licenses=",
2026-07-26T23:18:58.3127863Z     "manifest:org.opencontainers.image.revision=bf20121a2ddebf7389ff1290178d96cf5e784a48",
2026-07-26T23:18:58.3128983Z     "manifest:org.opencontainers.image.source=https://github.com/pkinerd/ednsv",
2026-07-26T23:18:58.3129708Z     "manifest:org.opencontainers.image.title=ednsv",
2026-07-26T23:18:58.3130390Z     "manifest:org.opencontainers.image.url=https://github.com/pkinerd/ednsv",
2026-07-26T23:18:58.3131097Z     "manifest:org.opencontainers.image.version=pr-28"
2026-07-26T23:18:58.3131566Z   ]
2026-07-26T23:18:58.3131819Z }
2026-07-26T23:18:58.3132359Z ##[endgroup]
2026-07-26T23:18:58.3133138Z ##[group]Bake file definition (tags)
2026-07-26T23:18:58.3133555Z {
2026-07-26T23:18:58.3133839Z   "target": {
2026-07-26T23:18:58.3134181Z     "docker-metadata-action": {
2026-07-26T23:18:58.3134581Z       "tags": [
2026-07-26T23:18:58.3135002Z         "ghcr.io/pkinerd/ednsv:pr-28",
2026-07-26T23:18:58.3135471Z         "ghcr.io/pkinerd/ednsv:latest-any",
2026-07-26T23:18:58.3136016Z         "ghcr.io/pkinerd/ednsv:sha-bf20121"
2026-07-26T23:18:58.3136379Z       ],
2026-07-26T23:18:58.3136620Z       "args": {
2026-07-26T23:18:58.3137280Z         "DOCKER_META_IMAGES": "ghcr.io/pkinerd/ednsv",
2026-07-26T23:18:58.3137877Z         "DOCKER_META_VERSION": "pr-28"
2026-07-26T23:18:58.3138268Z       }
2026-07-26T23:18:58.3138515Z     }
2026-07-26T23:18:58.3138758Z   }
2026-07-26T23:18:58.3139010Z }
2026-07-26T23:18:58.3139651Z ##[endgroup]
2026-07-26T23:18:58.3140431Z ##[group]Bake file definition (labels)
2026-07-26T23:18:58.3140906Z {
2026-07-26T23:18:58.3141183Z   "target": {
2026-07-26T23:18:58.3141792Z     "docker-metadata-action": {
2026-07-26T23:18:58.3142235Z       "labels": {
2026-07-26T23:18:58.3142767Z         "org.opencontainers.image.created": "2026-07-26T23:18:58.293Z",
2026-07-26T23:18:58.3143459Z         "org.opencontainers.image.description": "",
2026-07-26T23:18:58.3144080Z         "org.opencontainers.image.licenses": "",
2026-07-26T23:18:58.3144847Z         "org.opencontainers.image.revision": "bf20121a2ddebf7389ff1290178d96cf5e784a48",
2026-07-26T23:18:58.3145862Z         "org.opencontainers.image.source": "https://github.com/pkinerd/ednsv",
2026-07-26T23:18:58.3146671Z         "org.opencontainers.image.title": "ednsv",
2026-07-26T23:18:58.3147657Z         "org.opencontainers.image.url": "https://github.com/pkinerd/ednsv",
2026-07-26T23:18:58.3148378Z         "org.opencontainers.image.version": "pr-28"
2026-07-26T23:18:58.3148886Z       }
2026-07-26T23:18:58.3149187Z     }
2026-07-26T23:18:58.3149467Z   }
2026-07-26T23:18:58.3149724Z }
2026-07-26T23:18:58.3150246Z ##[endgroup]
2026-07-26T23:18:58.3150868Z ##[group]Bake file definition (annotations)
2026-07-26T23:18:58.3151309Z {
2026-07-26T23:18:58.3151567Z   "target": {
2026-07-26T23:18:58.3151881Z     "docker-metadata-action": {
2026-07-26T23:18:58.3152250Z       "annotations": [
2026-07-26T23:18:58.3152757Z         "manifest:org.opencontainers.image.created=2026-07-26T23:18:58.293Z",
2026-07-26T23:18:58.3153500Z         "manifest:org.opencontainers.image.description=",
2026-07-26T23:18:58.3154227Z         "manifest:org.opencontainers.image.licenses=",
2026-07-26T23:18:58.3155187Z         "manifest:org.opencontainers.image.revision=bf20121a2ddebf7389ff1290178d96cf5e784a48",
2026-07-26T23:18:58.3156298Z         "manifest:org.opencontainers.image.source=https://github.com/pkinerd/ednsv",
2026-07-26T23:18:58.3157332Z         "manifest:org.opencontainers.image.title=ednsv",
2026-07-26T23:18:58.3158147Z         "manifest:org.opencontainers.image.url=https://github.com/pkinerd/ednsv",
2026-07-26T23:18:58.3159281Z         "manifest:org.opencontainers.image.version=pr-28"
2026-07-26T23:18:58.3159878Z       ]
2026-07-26T23:18:58.3160183Z     }
2026-07-26T23:18:58.3160459Z   }
2026-07-26T23:18:58.3160757Z }
2026-07-26T23:18:58.3161381Z ##[endgroup]
2026-07-26T23:18:58.3330848Z Node 20 is being deprecated. This workflow is running with Node 24 by default. If you need to temporarily use Node 20, you can set the ACTIONS_ALLOW_USE_UNSECURE_NODE_VERSION=true environment variable. For more information see: https://github.blog/changelog/2025-09-19-deprecation-of-node-20-on-github-actions-runners/
2026-07-26T23:18:58.3332127Z ##[group]Run docker/build-push-action@v6
2026-07-26T23:18:58.3332392Z with:
2026-07-26T23:18:58.3332572Z   context: .
2026-07-26T23:18:58.3332754Z   file: ./Dockerfile
2026-07-26T23:18:58.3332954Z   push: true
2026-07-26T23:18:58.3333356Z   tags: ghcr.io/pkinerd/ednsv:pr-28
ghcr.io/pkinerd/ednsv:latest-any
ghcr.io/pkinerd/ednsv:sha-bf20121
2026-07-26T23:18:58.3335224Z   labels: org.opencontainers.image.created=2026-07-26T23:18:58.293Z
org.opencontainers.image.description=
org.opencontainers.image.licenses=
org.opencontainers.image.revision=bf20121a2ddebf7389ff1290178d96cf5e784a48
org.opencontainers.image.source=https://github.com/pkinerd/ednsv
org.opencontainers.image.title=ednsv
org.opencontainers.image.url=https://github.com/pkinerd/ednsv
org.opencontainers.image.version=pr-28
2026-07-26T23:18:58.3336871Z   cache-from: type=gha
2026-07-26T23:18:58.3337392Z   cache-to: type=gha,mode=max
2026-07-26T23:18:58.3337647Z   load: false
2026-07-26T23:18:58.3337838Z   no-cache: false
2026-07-26T23:18:58.3338028Z   pull: false
2026-07-26T23:18:58.3340509Z   github-token: ***
2026-07-26T23:18:58.3340793Z env:
2026-07-26T23:18:58.3340971Z   REGISTRY: ghcr.io
2026-07-26T23:18:58.3341173Z   IMAGE_NAME: pkinerd/ednsv
2026-07-26T23:18:58.3341413Z   DOCKER_METADATA_OUTPUT_VERSION: pr-28
2026-07-26T23:18:58.3341952Z   DOCKER_METADATA_OUTPUT_TAGS: ghcr.io/pkinerd/ednsv:pr-28
ghcr.io/pkinerd/ednsv:latest-any
ghcr.io/pkinerd/ednsv:sha-bf20121
2026-07-26T23:18:58.3342567Z   DOCKER_METADATA_OUTPUT_TAG_NAMES: pr-28
latest-any
sha-bf20121
2026-07-26T23:18:58.3344340Z   DOCKER_METADATA_OUTPUT_LABELS: org.opencontainers.image.created=2026-07-26T23:18:58.293Z
org.opencontainers.image.description=
org.opencontainers.image.licenses=
org.opencontainers.image.revision=bf20121a2ddebf7389ff1290178d96cf5e784a48
org.opencontainers.image.source=https://github.com/pkinerd/ednsv
org.opencontainers.image.title=ednsv
org.opencontainers.image.url=https://github.com/pkinerd/ednsv
org.opencontainers.image.version=pr-28
2026-07-26T23:18:58.3348155Z   DOCKER_METADATA_OUTPUT_ANNOTATIONS: manifest:org.opencontainers.image.created=2026-07-26T23:18:58.293Z
manifest:org.opencontainers.image.description=
manifest:org.opencontainers.image.licenses=
manifest:org.opencontainers.image.revision=bf20121a2ddebf7389ff1290178d96cf5e784a48
manifest:org.opencontainers.image.source=https://github.com/pkinerd/ednsv
manifest:org.opencontainers.image.title=ednsv
manifest:org.opencontainers.image.url=https://github.com/pkinerd/ednsv
manifest:org.opencontainers.image.version=pr-28
2026-07-26T23:18:58.3354140Z   DOCKER_METADATA_OUTPUT_JSON: {"tags":["ghcr.io/pkinerd/ednsv:pr-28","ghcr.io/pkinerd/ednsv:latest-any","ghcr.io/pkinerd/ednsv:sha-bf20121"],"tag-names":["pr-28","latest-any","sha-bf20121"],"labels":{"org.opencontainers.image.created":"2026-07-26T23:18:58.293Z","org.opencontainers.image.description":"","org.opencontainers.image.licenses":"","org.opencontainers.image.revision":"bf20121a2ddebf7389ff1290178d96cf5e784a48","org.opencontainers.image.source":"https://github.com/pkinerd/ednsv","org.opencontainers.image.title":"ednsv","org.opencontainers.image.url":"https://github.com/pkinerd/ednsv","org.opencontainers.image.version":"pr-28"},"annotations":["manifest:org.opencontainers.image.created=2026-07-26T23:18:58.293Z","manifest:org.opencontainers.image.description=","manifest:org.opencontainers.image.licenses=","manifest:org.opencontainers.image.revision=bf20121a2ddebf7389ff1290178d96cf5e784a48","manifest:org.opencontainers.image.source=https://github.com/pkinerd/ednsv","manifest:org.opencontainers.image.title=ednsv","manifest:org.opencontainers.image.url=https://github.com/pkinerd/ednsv","manifest:org.opencontainers.image.version=pr-28"]}
2026-07-26T23:18:58.3359147Z   DOCKER_METADATA_OUTPUT_BAKE_FILE_TAGS: /home/runner/work/_temp/docker-actions-toolkit-NRFzHq/docker-metadata-action-bake-tags.json
2026-07-26T23:18:58.3360072Z   DOCKER_METADATA_OUTPUT_BAKE_FILE_LABELS: /home/runner/work/_temp/docker-actions-toolkit-NRFzHq/docker-metadata-action-bake-labels.json
2026-07-26T23:18:58.3361034Z   DOCKER_METADATA_OUTPUT_BAKE_FILE_ANNOTATIONS: /home/runner/work/_temp/docker-actions-toolkit-NRFzHq/docker-metadata-action-bake-annotations.json
2026-07-26T23:18:58.3361956Z   DOCKER_METADATA_OUTPUT_BAKE_FILE: /home/runner/work/_temp/docker-actions-toolkit-NRFzHq/docker-metadata-action-bake.json
2026-07-26T23:18:58.3362498Z ##[endgroup]
2026-07-26T23:18:58.5831365Z (node:2759) [DEP0040] DeprecationWarning: The `punycode` module is deprecated. Please use a userland alternative instead.
2026-07-26T23:18:58.5832330Z (Use `node --trace-deprecation ...` to show where the warning was created)
2026-07-26T23:18:58.5851194Z ##[group]GitHub Actions runtime token ACs
2026-07-26T23:18:58.5858834Z refs/pull/28/merge: read/write
2026-07-26T23:18:58.5859224Z refs/heads/main: read
2026-07-26T23:18:58.5860179Z ##[endgroup]
2026-07-26T23:18:58.5860613Z ##[group]Docker info
2026-07-26T23:18:58.5912846Z [command]/usr/bin/docker version
2026-07-26T23:18:58.6128875Z Client: Docker Engine - Community
2026-07-26T23:18:58.6137919Z  Version:           28.0.4
2026-07-26T23:18:58.6138700Z  API version:       1.48
2026-07-26T23:18:58.6139187Z  Go version:        go1.23.7
2026-07-26T23:18:58.6139609Z  Git commit:        b8034c0
2026-07-26T23:18:58.6140170Z  Built:             Tue Mar 25 15:07:16 2025
2026-07-26T23:18:58.6141087Z  OS/Arch:           linux/amd64
2026-07-26T23:18:58.6141664Z  Context:           default
2026-07-26T23:18:58.6141983Z 
2026-07-26T23:18:58.6142362Z Server: Docker Engine - Community
2026-07-26T23:18:58.6142944Z  Engine:
2026-07-26T23:18:58.6143389Z   Version:          28.0.4
2026-07-26T23:18:58.6144055Z   API version:      1.48 (minimum version 1.24)
2026-07-26T23:18:58.6144694Z   Go version:       go1.23.7
2026-07-26T23:18:58.6145205Z   Git commit:       6430e49
2026-07-26T23:18:58.6145897Z   Built:            Tue Mar 25 15:07:16 2025
2026-07-26T23:18:58.6146508Z   OS/Arch:          linux/amd64
2026-07-26T23:18:58.6147315Z   Experimental:     false
2026-07-26T23:18:58.6147865Z  containerd:
2026-07-26T23:18:58.6148312Z   Version:          v2.2.6
2026-07-26T23:18:58.6168946Z   GitCommit:        11ce9d5f3c68c941867e82890e93e815c1304f1b
2026-07-26T23:18:58.6169572Z  runc:
2026-07-26T23:18:58.6169871Z   Version:          1.3.6
2026-07-26T23:18:58.6170256Z   GitCommit:        v1.3.6-0-g491b69ba
2026-07-26T23:18:58.6170683Z  docker-init:
2026-07-26T23:18:58.6171018Z   Version:          0.19.0
2026-07-26T23:18:58.6171378Z   GitCommit:        de40ad0
2026-07-26T23:18:58.6183656Z [command]/usr/bin/docker info
2026-07-26T23:18:58.6782425Z Client: Docker Engine - Community
2026-07-26T23:18:58.6783562Z  Version:    28.0.4
2026-07-26T23:18:58.6799760Z  Context:    default
2026-07-26T23:18:58.6800511Z  Debug Mode: false
2026-07-26T23:18:58.6801175Z  Plugins:
2026-07-26T23:18:58.6801802Z   buildx: Docker Buildx (Docker Inc.)
2026-07-26T23:18:58.6802286Z     Version:  v0.35.0
2026-07-26T23:18:58.6802773Z     Path:     /usr/libexec/docker/cli-plugins/docker-buildx
2026-07-26T23:18:58.6803355Z   compose: Docker Compose (Docker Inc.)
2026-07-26T23:18:58.6803827Z     Version:  v2.38.2
2026-07-26T23:18:58.6804262Z     Path:     /usr/libexec/docker/cli-plugins/docker-compose
2026-07-26T23:18:58.6804645Z 
2026-07-26T23:18:58.6804762Z Server:
2026-07-26T23:18:58.6805064Z  Containers: 1
2026-07-26T23:18:58.6805397Z   Running: 1
2026-07-26T23:18:58.6805726Z   Paused: 0
2026-07-26T23:18:58.6806722Z   Stopped: 0
2026-07-26T23:18:58.6807423Z  Images: 7
2026-07-26T23:18:58.6807767Z  Server Version: 28.0.4
2026-07-26T23:18:58.6808199Z  Storage Driver: overlay2
2026-07-26T23:18:58.6808644Z   Backing Filesystem: extfs
2026-07-26T23:18:58.6809073Z   Supports d_type: true
2026-07-26T23:18:58.6809980Z   Using metacopy: false
2026-07-26T23:18:58.6810506Z   Native Overlay Diff: false
2026-07-26T23:18:58.6810975Z   userxattr: false
2026-07-26T23:18:58.6811424Z  Logging Driver: json-file
2026-07-26T23:18:58.6811896Z  Cgroup Driver: systemd
2026-07-26T23:18:58.6812331Z  Cgroup Version: 2
2026-07-26T23:18:58.6812678Z  Plugins:
2026-07-26T23:18:58.6813001Z   Volume: local
2026-07-26T23:18:58.6813432Z   Network: bridge host ipvlan macvlan null overlay
2026-07-26T23:18:58.6814235Z   Log: awslogs fluentd gcplogs gelf journald json-file local splunk syslog
2026-07-26T23:18:58.6814863Z  Swarm: inactive
2026-07-26T23:18:58.6815253Z  Runtimes: io.containerd.runc.v2 runc
2026-07-26T23:18:58.6815747Z  Default Runtime: runc
2026-07-26T23:18:58.6816167Z  Init Binary: docker-init
2026-07-26T23:18:58.6816764Z  containerd version: 11ce9d5f3c68c941867e82890e93e815c1304f1b
2026-07-26T23:18:58.6817680Z  runc version: v1.3.6-0-g491b69ba
2026-07-26T23:18:58.6818139Z  init version: de40ad0
2026-07-26T23:18:58.6818552Z  Security Options:
2026-07-26T23:18:58.6818916Z   apparmor
2026-07-26T23:18:58.6819240Z   seccomp
2026-07-26T23:18:58.6819568Z    Profile: builtin
2026-07-26T23:18:58.6819933Z   cgroupns
2026-07-26T23:18:58.6820284Z  Kernel Version: 6.17.0-1020-azure
2026-07-26T23:18:58.6820775Z  Operating System: Ubuntu 24.04.4 LTS
2026-07-26T23:18:58.6821254Z  OSType: linux
2026-07-26T23:18:58.6821623Z  Architecture: x86_64
2026-07-26T23:18:58.6822000Z  CPUs: 4
2026-07-26T23:18:58.6822339Z  Total Memory: 15.62GiB
2026-07-26T23:18:58.6822733Z  Name: runnervmvrwv9
2026-07-26T23:18:58.6823148Z  ID: dce1e4a9-fc26-4218-aaf0-feee5194c8cb
2026-07-26T23:18:58.6823673Z  Docker Root Dir: /var/lib/docker
2026-07-26T23:18:58.6824169Z  Debug Mode: false
2026-07-26T23:18:58.6824572Z  Username: githubactions
2026-07-26T23:18:58.6824980Z  Experimental: false
2026-07-26T23:18:58.6825373Z  Insecure Registries:
2026-07-26T23:18:58.6825793Z   ::1/128
2026-07-26T23:18:58.6826105Z   127.0.0.0/8
2026-07-26T23:18:58.6826481Z  Live Restore Enabled: false
2026-07-26T23:18:58.6826764Z 
2026-07-26T23:18:58.6827568Z ##[endgroup]
2026-07-26T23:18:58.6828287Z ##[group]Proxy configuration
2026-07-26T23:18:58.6828741Z No proxy configuration found
2026-07-26T23:18:58.6829419Z ##[endgroup]
2026-07-26T23:18:58.7395364Z ##[group]Buildx version
2026-07-26T23:18:58.7419531Z [command]/usr/bin/docker buildx version
2026-07-26T23:18:58.8025117Z github.com/docker/buildx v0.35.0 a319e5b15052cf6557ceb666eb8ff6e32380b782
2026-07-26T23:18:58.8056743Z ##[endgroup]
2026-07-26T23:18:58.8057590Z ##[group]Builder info
2026-07-26T23:18:58.8957808Z {
2026-07-26T23:18:58.8968124Z   "nodes": [
2026-07-26T23:18:58.8968469Z     {
2026-07-26T23:18:58.8968903Z       "name": "builder-80787558-c42a-472c-aee2-0a15d61e2f0a0",
2026-07-26T23:18:58.8969478Z       "endpoint": "unix:///var/run/docker.sock",
2026-07-26T23:18:58.8969791Z       "status": "running",
2026-07-26T23:18:58.8970330Z       "buildkitd-flags": "--allow-insecure-entitlement security.insecure --allow-insecure-entitlement network.host",
2026-07-26T23:18:58.8970871Z       "buildkit": "v0.31.2",
2026-07-26T23:18:58.8971212Z       "platforms": "linux/amd64,linux/amd64/v2,linux/amd64/v3,linux/386",
2026-07-26T23:18:58.8971589Z       "features": {
2026-07-26T23:18:58.8971922Z         "Automatically load images to the Docker Engine image store": true,
2026-07-26T23:18:58.8972296Z         "Cache export": true,
2026-07-26T23:18:58.8972535Z         "Direct push": true,
2026-07-26T23:18:58.8972786Z         "Docker exporter": true,
2026-07-26T23:18:58.8973039Z         "Multi-platform build": true,
2026-07-26T23:18:58.8973312Z         "OCI exporter": true
2026-07-26T23:18:58.8973530Z       },
2026-07-26T23:18:58.8973704Z       "labels": {
2026-07-26T23:18:58.8974235Z         "org.mobyproject.buildkit.worker.executor": "oci",
2026-07-26T23:18:58.8974647Z         "org.mobyproject.buildkit.worker.hostname": "eeddfc9112ec",
2026-07-26T23:18:58.8975049Z         "org.mobyproject.buildkit.worker.network": "host",
2026-07-26T23:18:58.8975608Z         "org.mobyproject.buildkit.worker.oci.process-mode": "sandbox",
2026-07-26T23:18:58.8976117Z         "org.mobyproject.buildkit.worker.selinux.enabled": "false",
2026-07-26T23:18:58.8976563Z         "org.mobyproject.buildkit.worker.snapshotter": "overlayfs"
2026-07-26T23:18:58.8976890Z       },
2026-07-26T23:18:58.8977363Z       "gcPolicy": [
2026-07-26T23:18:58.8977687Z         {
2026-07-26T23:18:58.8977870Z           "all": false,
2026-07-26T23:18:58.8978077Z           "filter": [
2026-07-26T23:18:58.8978403Z             "type==source.local type==exec.cachemount type==source.git.checkout"
2026-07-26T23:18:58.8978768Z           ],
2026-07-26T23:18:58.8978982Z           "keepDuration": "48h0m0s",
2026-07-26T23:18:58.8979257Z           "maxUsedSpace": "488.3MiB"
2026-07-26T23:18:58.8979502Z         },
2026-07-26T23:18:58.8979672Z         {
2026-07-26T23:18:58.8979840Z           "all": false,
2026-07-26T23:18:58.8980081Z           "keepDuration": "1440h0m0s",
2026-07-26T23:18:58.8980344Z           "reservedSpace": "9.313GiB",
2026-07-26T23:18:58.8980595Z           "maxUsedSpace": "93.13GiB",
2026-07-26T23:18:58.8980838Z           "minFreeSpace": "27.01GiB"
2026-07-26T23:18:58.8981066Z         },
2026-07-26T23:18:58.8981230Z         {
2026-07-26T23:18:58.8981399Z           "all": false,
2026-07-26T23:18:58.8981608Z           "reservedSpace": "9.313GiB",
2026-07-26T23:18:58.8981871Z           "maxUsedSpace": "93.13GiB",
2026-07-26T23:18:58.8982127Z           "minFreeSpace": "27.01GiB"
2026-07-26T23:18:58.8982346Z         },
2026-07-26T23:18:58.8982506Z         {
2026-07-26T23:18:58.8982670Z           "all": true,
2026-07-26T23:18:58.8982873Z           "reservedSpace": "9.313GiB",
2026-07-26T23:18:58.8983127Z           "maxUsedSpace": "93.13GiB",
2026-07-26T23:18:58.8983373Z           "minFreeSpace": "27.01GiB"
2026-07-26T23:18:58.8983592Z         }
2026-07-26T23:18:58.8983762Z       ]
2026-07-26T23:18:58.8983924Z     }
2026-07-26T23:18:58.8984082Z   ],
2026-07-26T23:18:58.8984320Z   "name": "builder-80787558-c42a-472c-aee2-0a15d61e2f0a",
2026-07-26T23:18:58.8984641Z   "driver": "docker-container",
2026-07-26T23:18:58.8984915Z   "lastActivity": "2026-07-26T23:18:49.000Z"
2026-07-26T23:18:58.8985163Z }
2026-07-26T23:18:58.8985580Z ##[endgroup]
2026-07-26T23:18:59.0587712Z [command]/usr/bin/docker buildx build --cache-from type=gha --cache-to type=gha,mode=max --file ./Dockerfile --iidfile /home/runner/work/_temp/docker-actions-toolkit-zWMrUQ/build-iidfile-1d01f86791.txt --label org.opencontainers.image.created=2026-07-26T23:18:58.293Z --label org.opencontainers.image.description= --label org.opencontainers.image.licenses= --label org.opencontainers.image.revision=bf20121a2ddebf7389ff1290178d96cf5e784a48 --label org.opencontainers.image.source=https://github.com/pkinerd/ednsv --label org.opencontainers.image.title=ednsv --label org.opencontainers.image.url=https://github.com/pkinerd/ednsv --label org.opencontainers.image.version=pr-28 --attest type=provenance,mode=max,builder-id=https://github.com/pkinerd/ednsv/actions/runs/30224943921/attempts/1 --tag ghcr.io/pkinerd/ednsv:pr-28 --tag ghcr.io/pkinerd/ednsv:latest-any --tag ghcr.io/pkinerd/ednsv:sha-bf20121 --metadata-file /home/runner/work/_temp/docker-actions-toolkit-zWMrUQ/build-metadata-5a3eff6b6d.json --push .
2026-07-26T23:18:59.2000907Z #0 building with "builder-80787558-c42a-472c-aee2-0a15d61e2f0a" instance using docker-container driver
2026-07-26T23:18:59.2001598Z 
2026-07-26T23:18:59.2001814Z #1 [internal] load build definition from Dockerfile
2026-07-26T23:18:59.2002274Z #1 DONE 0.0s
2026-07-26T23:18:59.3846580Z 
2026-07-26T23:18:59.3847547Z #1 [internal] load build definition from Dockerfile
2026-07-26T23:18:59.3848191Z #1 transferring dockerfile: 827B 0.0s done
2026-07-26T23:18:59.3848959Z #1 DONE 0.0s
2026-07-26T23:18:59.3849115Z 
2026-07-26T23:18:59.3849410Z #2 resolve image config for docker-image://docker.io/docker/dockerfile:1.7
2026-07-26T23:18:59.6089041Z #2 ...
2026-07-26T23:18:59.6089291Z 
2026-07-26T23:18:59.6089927Z #3 [auth] docker/dockerfile:pull token for registry-1.docker.io
2026-07-26T23:18:59.6090556Z #3 DONE 0.0s
2026-07-26T23:18:59.7594369Z 
2026-07-26T23:18:59.7595142Z #2 resolve image config for docker-image://docker.io/docker/dockerfile:1.7
2026-07-26T23:19:00.1701820Z #2 DONE 0.9s
2026-07-26T23:19:00.3332194Z 
2026-07-26T23:19:00.3333003Z #4 docker-image://docker.io/docker/dockerfile:1.7@sha256:a57df69d0ea827fb7266491f2813635de6f17269be881f696fbfdf2d83dda33e
2026-07-26T23:19:00.3333957Z #4 resolve docker.io/docker/dockerfile:1.7@sha256:a57df69d0ea827fb7266491f2813635de6f17269be881f696fbfdf2d83dda33e done
2026-07-26T23:19:00.3376661Z #4 sha256:96918c57e42509b97f10c074d80672ecdbd3bb7dcd38c1bd95960cf291207416 1.05MB / 11.98MB 0.2s
2026-07-26T23:19:00.4871893Z #4 sha256:96918c57e42509b97f10c074d80672ecdbd3bb7dcd38c1bd95960cf291207416 11.98MB / 11.98MB 0.2s done
2026-07-26T23:19:00.4872799Z #4 extracting sha256:96918c57e42509b97f10c074d80672ecdbd3bb7dcd38c1bd95960cf291207416 0.1s done
2026-07-26T23:19:00.4873371Z #4 DONE 0.3s
2026-07-26T23:19:00.6811494Z 
2026-07-26T23:19:00.6812433Z #5 [internal] load metadata for mcr.microsoft.com/dotnet/aspnet:8.0
2026-07-26T23:19:00.6813184Z #5 DONE 0.1s
2026-07-26T23:19:00.6813342Z 
2026-07-26T23:19:00.6813524Z #6 [internal] load metadata for mcr.microsoft.com/dotnet/sdk:8.0
2026-07-26T23:19:00.8930305Z #6 DONE 0.1s
2026-07-26T23:19:00.8930627Z 
2026-07-26T23:19:00.8930785Z #7 [internal] load .dockerignore
2026-07-26T23:19:00.8931140Z #7 transferring context: 249B done
2026-07-26T23:19:00.8931459Z #7 DONE 0.0s
2026-07-26T23:19:00.8931601Z 
2026-07-26T23:19:00.8931716Z #8 [internal] load build context
2026-07-26T23:19:00.8932012Z #8 DONE 0.0s
2026-07-26T23:19:00.8932146Z 
2026-07-26T23:19:00.8932690Z #9 [runtime 1/3] FROM mcr.microsoft.com/dotnet/aspnet:8.0@sha256:8f6a307ae32fb393a4b4bcde0a81f0ce3f0a715de0e5575df71f3030448f2dde
2026-07-26T23:19:00.8933882Z #9 resolve mcr.microsoft.com/dotnet/aspnet:8.0@sha256:8f6a307ae32fb393a4b4bcde0a81f0ce3f0a715de0e5575df71f3030448f2dde done
2026-07-26T23:19:00.8934634Z #9 DONE 0.0s
2026-07-26T23:19:00.8934780Z 
2026-07-26T23:19:00.8935284Z #10 [build 1/8] FROM mcr.microsoft.com/dotnet/sdk:8.0@sha256:3c0edbfe1549dd93fb789dc96299a40df865ad7bffefcaf38e8c05940686d641
2026-07-26T23:19:00.8936440Z #10 resolve mcr.microsoft.com/dotnet/sdk:8.0@sha256:3c0edbfe1549dd93fb789dc96299a40df865ad7bffefcaf38e8c05940686d641 done
2026-07-26T23:19:00.8937541Z #10 DONE 0.0s
2026-07-26T23:19:00.8937691Z 
2026-07-26T23:19:00.8937878Z #11 importing cache manifest from gha:7463057352621544662
2026-07-26T23:19:01.2528929Z #11 DONE 0.5s
2026-07-26T23:19:01.4346189Z 
2026-07-26T23:19:01.4346618Z #8 [internal] load build context
2026-07-26T23:19:01.4347285Z #8 transferring context: 938.69kB 0.0s done
2026-07-26T23:19:01.4347813Z #8 DONE 0.0s
2026-07-26T23:19:01.4348023Z 
2026-07-26T23:19:01.4348338Z #12 [build 3/8] COPY src/Ednsv.Core/Ednsv.Core.csproj src/Ednsv.Core/
2026-07-26T23:19:01.4348989Z #12 CACHED
2026-07-26T23:19:01.4349171Z 
2026-07-26T23:19:01.4349485Z #13 [build 4/8] COPY src/Ednsv.Web/Ednsv.Web.csproj src/Ednsv.Web/
2026-07-26T23:19:01.4350086Z #13 CACHED
2026-07-26T23:19:01.4350264Z 
2026-07-26T23:19:01.4350423Z #14 [build 2/8] WORKDIR /src
2026-07-26T23:19:01.4350825Z #14 CACHED
2026-07-26T23:19:01.4351000Z 
2026-07-26T23:19:01.4351287Z #15 [build 5/8] RUN dotnet restore src/Ednsv.Web/Ednsv.Web.csproj
2026-07-26T23:19:01.5236816Z #15 CACHED
2026-07-26T23:19:01.6746825Z 
2026-07-26T23:19:01.6747440Z #15 [build 5/8] RUN dotnet restore src/Ednsv.Web/Ednsv.Web.csproj
2026-07-26T23:19:01.6783696Z #15 sha256:7c7616ad766245be8807f1899bc25fa05f61c48f8079fa36c964d481853af380 0B / 74.96MB 0.2s
2026-07-26T23:19:01.8179660Z #15 sha256:89f057fbd63d49c61fb415af2773f20380c76d858a5dc95dcdcd0ac198854624 0B / 456B 0.2s
2026-07-26T23:19:01.8181218Z #15 sha256:704a261d6a0df1be6f054161284fc14ac0eaa21ceb629676ee3d0dd8ec908988 0B / 438B 0.2s
2026-07-26T23:19:01.8182095Z #15 sha256:4d015ec68eada998a41dff557e9be9876100aacfd3adb78c32cccfb1faac8a40 92B / 92B 0.3s done
2026-07-26T23:19:01.9690412Z #15 sha256:89f057fbd63d49c61fb415af2773f20380c76d858a5dc95dcdcd0ac198854624 456B / 456B 0.3s done
2026-07-26T23:19:01.9691368Z #15 sha256:704a261d6a0df1be6f054161284fc14ac0eaa21ceb629676ee3d0dd8ec908988 438B / 438B 0.3s done
2026-07-26T23:19:01.9692259Z #15 sha256:aaea65f9d3756e15614c6efe86e2006b8fe74af0af07faefdcb6e6001dd705fc 0B / 17.06MB 0.2s
2026-07-26T23:19:02.1154047Z #15 sha256:ed43dda998e1a0c05efeddc9a24048ad8349ce02697b4db3061250e466b3a059 2.70kB / 2.70kB 0.3s done
2026-07-26T23:19:02.1155238Z #15 sha256:34eabb9d45bfc2a02673ee3778040c44b0f3b59facbbf51f9c367482821ce92f 0B / 177.89MB 0.2s
2026-07-26T23:19:02.2664986Z #15 sha256:0aa6db834649082ea8d86f41789fce403a69c18bcec5994ceaf0ed4474563c7d 0B / 31.09MB 0.2s
2026-07-26T23:19:02.7160010Z #15 sha256:aaea65f9d3756e15614c6efe86e2006b8fe74af0af07faefdcb6e6001dd705fc 1.05MB / 17.06MB 0.8s
2026-07-26T23:19:02.8662625Z #15 sha256:aaea65f9d3756e15614c6efe86e2006b8fe74af0af07faefdcb6e6001dd705fc 2.10MB / 17.06MB 0.9s
2026-07-26T23:19:03.0159863Z #15 sha256:7c7616ad766245be8807f1899bc25fa05f61c48f8079fa36c964d481853af380 5.24MB / 74.96MB 1.4s
2026-07-26T23:19:03.0161943Z #15 sha256:aaea65f9d3756e15614c6efe86e2006b8fe74af0af07faefdcb6e6001dd705fc 3.15MB / 17.06MB 1.1s
2026-07-26T23:19:03.1658283Z #15 sha256:aaea65f9d3756e15614c6efe86e2006b8fe74af0af07faefdcb6e6001dd705fc 5.24MB / 17.06MB 1.2s
2026-07-26T23:19:03.1659080Z #15 sha256:0aa6db834649082ea8d86f41789fce403a69c18bcec5994ceaf0ed4474563c7d 2.10MB / 31.09MB 1.1s
2026-07-26T23:19:03.3159274Z #15 sha256:7c7616ad766245be8807f1899bc25fa05f61c48f8079fa36c964d481853af380 10.49MB / 74.96MB 1.7s
2026-07-26T23:19:03.3160732Z #15 sha256:aaea65f9d3756e15614c6efe86e2006b8fe74af0af07faefdcb6e6001dd705fc 7.34MB / 17.06MB 1.4s
2026-07-26T23:19:03.3161864Z #15 sha256:0aa6db834649082ea8d86f41789fce403a69c18bcec5994ceaf0ed4474563c7d 4.19MB / 31.09MB 1.2s
2026-07-26T23:19:03.4666002Z #15 sha256:7c7616ad766245be8807f1899bc25fa05f61c48f8079fa36c964d481853af380 14.68MB / 74.96MB 1.8s
2026-07-26T23:19:03.4667565Z #15 sha256:aaea65f9d3756e15614c6efe86e2006b8fe74af0af07faefdcb6e6001dd705fc 9.44MB / 17.06MB 1.5s
2026-07-26T23:19:03.4668852Z #15 sha256:0aa6db834649082ea8d86f41789fce403a69c18bcec5994ceaf0ed4474563c7d 6.29MB / 31.09MB 1.4s
2026-07-26T23:19:03.6165295Z #15 sha256:7c7616ad766245be8807f1899bc25fa05f61c48f8079fa36c964d481853af380 18.87MB / 74.96MB 2.0s
2026-07-26T23:19:03.6166761Z #15 sha256:aaea65f9d3756e15614c6efe86e2006b8fe74af0af07faefdcb6e6001dd705fc 11.53MB / 17.06MB 1.7s
2026-07-26T23:19:03.6167987Z #15 sha256:0aa6db834649082ea8d86f41789fce403a69c18bcec5994ceaf0ed4474563c7d 9.44MB / 31.09MB 1.5s
2026-07-26T23:19:03.7657215Z #15 sha256:7c7616ad766245be8807f1899bc25fa05f61c48f8079fa36c964d481853af380 23.07MB / 74.96MB 2.1s
2026-07-26T23:19:03.7658865Z #15 sha256:aaea65f9d3756e15614c6efe86e2006b8fe74af0af07faefdcb6e6001dd705fc 14.68MB / 17.06MB 1.8s
2026-07-26T23:19:03.7660082Z #15 sha256:34eabb9d45bfc2a02673ee3778040c44b0f3b59facbbf51f9c367482821ce92f 9.44MB / 177.89MB 1.8s
2026-07-26T23:19:03.7660993Z #15 sha256:0aa6db834649082ea8d86f41789fce403a69c18bcec5994ceaf0ed4474563c7d 13.63MB / 31.09MB 1.7s
2026-07-26T23:19:03.9166043Z #15 sha256:7c7616ad766245be8807f1899bc25fa05f61c48f8079fa36c964d481853af380 31.46MB / 74.96MB 2.3s
2026-07-26T23:19:03.9170069Z #15 sha256:aaea65f9d3756e15614c6efe86e2006b8fe74af0af07faefdcb6e6001dd705fc 17.06MB / 17.06MB 2.0s done
2026-07-26T23:19:03.9171449Z #15 sha256:0aa6db834649082ea8d86f41789fce403a69c18bcec5994ceaf0ed4474563c7d 17.83MB / 31.09MB 1.8s
2026-07-26T23:19:04.0654378Z #15 sha256:7c7616ad766245be8807f1899bc25fa05f61c48f8079fa36c964d481853af380 35.65MB / 74.96MB 2.4s
2026-07-26T23:19:04.0655724Z #15 sha256:0aa6db834649082ea8d86f41789fce403a69c18bcec5994ceaf0ed4474563c7d 22.02MB / 31.09MB 2.0s
2026-07-26T23:19:04.0657507Z #15 sha256:993b1a5b9814eb890928e53aa844227cd48d62a552cce9d9723401d3f323d7df 1.05MB / 11.10MB 0.2s
2026-07-26T23:19:04.2160550Z #15 sha256:7c7616ad766245be8807f1899bc25fa05f61c48f8079fa36c964d481853af380 44.04MB / 74.96MB 2.6s
2026-07-26T23:19:04.2161858Z #15 sha256:0aa6db834649082ea8d86f41789fce403a69c18bcec5994ceaf0ed4474563c7d 30.41MB / 31.09MB 2.1s
2026-07-26T23:19:04.2162661Z #15 sha256:993b1a5b9814eb890928e53aa844227cd48d62a552cce9d9723401d3f323d7df 3.15MB / 11.10MB 0.3s
2026-07-26T23:19:04.3780325Z #15 sha256:7c7616ad766245be8807f1899bc25fa05f61c48f8079fa36c964d481853af380 56.62MB / 74.96MB 2.9s
2026-07-26T23:19:04.3781677Z #15 sha256:0aa6db834649082ea8d86f41789fce403a69c18bcec5994ceaf0ed4474563c7d 31.09MB / 31.09MB 2.2s done
2026-07-26T23:19:04.3782616Z #15 sha256:993b1a5b9814eb890928e53aa844227cd48d62a552cce9d9723401d3f323d7df 5.24MB / 11.10MB 0.5s
2026-07-26T23:19:04.5280325Z #15 sha256:7c7616ad766245be8807f1899bc25fa05f61c48f8079fa36c964d481853af380 65.01MB / 74.96MB 3.0s
2026-07-26T23:19:04.5281731Z #15 sha256:34eabb9d45bfc2a02673ee3778040c44b0f3b59facbbf51f9c367482821ce92f 19.92MB / 177.89MB 2.6s
2026-07-26T23:19:04.5282988Z #15 sha256:993b1a5b9814eb890928e53aa844227cd48d62a552cce9d9723401d3f323d7df 8.39MB / 11.10MB 0.6s
2026-07-26T23:19:04.5284266Z #15 sha256:b450eb4b61483e158bba71e0972774dca3356aaccf083b4de394756826786dc3 0B / 166B 0.2s
2026-07-26T23:19:04.6474544Z #15 sha256:993b1a5b9814eb890928e53aa844227cd48d62a552cce9d9723401d3f323d7df 11.10MB / 11.10MB 0.8s done
2026-07-26T23:19:04.6476058Z #15 sha256:b450eb4b61483e158bba71e0972774dca3356aaccf083b4de394756826786dc3 166B / 166B 0.3s done
2026-07-26T23:19:04.7911880Z #15 sha256:7c7616ad766245be8807f1899bc25fa05f61c48f8079fa36c964d481853af380 74.96MB / 74.96MB 3.3s done
2026-07-26T23:19:04.7913156Z #15 sha256:77e3e8465ccd88a7ab4380ed823b77769274a8d0cd50332315a6e6884eeb185b 0B / 32.26MB 0.2s
2026-07-26T23:19:04.9359361Z #15 sha256:4afec8b5a48bb14028a2111abd144794fb4f088154db49009be3c5833f922deb 3.34kB / 3.34kB 0.3s done
2026-07-26T23:19:05.0866333Z #15 sha256:bcbf93830adb69dda1050c229181e9d0bbcd138e40c83062cfd41f7a8d79b4c7 0B / 18.74MB 0.2s
2026-07-26T23:19:05.0867715Z #15 sha256:597c6c618d36213af657a6a8444a5d87801f9a219682b206ad21ccb8f3e57bbd 0B / 28.23MB 0.2s
2026-07-26T23:19:05.2366538Z #15 sha256:34eabb9d45bfc2a02673ee3778040c44b0f3b59facbbf51f9c367482821ce92f 31.46MB / 177.89MB 3.3s
2026-07-26T23:19:05.5368163Z #15 sha256:77e3e8465ccd88a7ab4380ed823b77769274a8d0cd50332315a6e6884eeb185b 2.10MB / 32.26MB 0.9s
2026-07-26T23:19:05.6867899Z #15 sha256:77e3e8465ccd88a7ab4380ed823b77769274a8d0cd50332315a6e6884eeb185b 4.19MB / 32.26MB 1.1s
2026-07-26T23:19:05.8368866Z #15 sha256:77e3e8465ccd88a7ab4380ed823b77769274a8d0cd50332315a6e6884eeb185b 6.29MB / 32.26MB 1.2s
2026-07-26T23:19:05.8370810Z #15 sha256:bcbf93830adb69dda1050c229181e9d0bbcd138e40c83062cfd41f7a8d79b4c7 1.05MB / 18.74MB 0.9s
2026-07-26T23:19:05.8372438Z #15 sha256:597c6c618d36213af657a6a8444a5d87801f9a219682b206ad21ccb8f3e57bbd 2.10MB / 28.23MB 0.9s
2026-07-26T23:19:05.9871094Z #15 sha256:34eabb9d45bfc2a02673ee3778040c44b0f3b59facbbf51f9c367482821ce92f 41.94MB / 177.89MB 4.1s
2026-07-26T23:19:05.9872221Z #15 sha256:77e3e8465ccd88a7ab4380ed823b77769274a8d0cd50332315a6e6884eeb185b 9.44MB / 32.26MB 1.4s
2026-07-26T23:19:05.9873227Z #15 sha256:597c6c618d36213af657a6a8444a5d87801f9a219682b206ad21ccb8f3e57bbd 4.19MB / 28.23MB 1.1s
2026-07-26T23:19:06.1369408Z #15 sha256:77e3e8465ccd88a7ab4380ed823b77769274a8d0cd50332315a6e6884eeb185b 13.63MB / 32.26MB 1.5s
2026-07-26T23:19:06.1370500Z #15 sha256:bcbf93830adb69dda1050c229181e9d0bbcd138e40c83062cfd41f7a8d79b4c7 2.10MB / 18.74MB 1.2s
2026-07-26T23:19:06.1371571Z #15 sha256:597c6c618d36213af657a6a8444a5d87801f9a219682b206ad21ccb8f3e57bbd 6.29MB / 28.23MB 1.2s
2026-07-26T23:19:06.2866412Z #15 sha256:77e3e8465ccd88a7ab4380ed823b77769274a8d0cd50332315a6e6884eeb185b 18.87MB / 32.26MB 1.7s
2026-07-26T23:19:06.2867769Z #15 sha256:bcbf93830adb69dda1050c229181e9d0bbcd138e40c83062cfd41f7a8d79b4c7 4.19MB / 18.74MB 1.4s
2026-07-26T23:19:06.2868820Z #15 sha256:597c6c618d36213af657a6a8444a5d87801f9a219682b206ad21ccb8f3e57bbd 9.44MB / 28.23MB 1.4s
2026-07-26T23:19:06.4363992Z #15 sha256:77e3e8465ccd88a7ab4380ed823b77769274a8d0cd50332315a6e6884eeb185b 23.07MB / 32.26MB 1.8s
2026-07-26T23:19:06.4366523Z #15 sha256:bcbf93830adb69dda1050c229181e9d0bbcd138e40c83062cfd41f7a8d79b4c7 6.29MB / 18.74MB 1.5s
2026-07-26T23:19:06.4367920Z #15 sha256:597c6c618d36213af657a6a8444a5d87801f9a219682b206ad21ccb8f3e57bbd 13.63MB / 28.23MB 1.5s
2026-07-26T23:19:06.5861652Z #15 sha256:34eabb9d45bfc2a02673ee3778040c44b0f3b59facbbf51f9c367482821ce92f 51.38MB / 177.89MB 4.7s
2026-07-26T23:19:06.5863066Z #15 sha256:77e3e8465ccd88a7ab4380ed823b77769274a8d0cd50332315a6e6884eeb185b 28.31MB / 32.26MB 2.0s
2026-07-26T23:19:06.5864276Z #15 sha256:bcbf93830adb69dda1050c229181e9d0bbcd138e40c83062cfd41f7a8d79b4c7 9.44MB / 18.74MB 1.7s
2026-07-26T23:19:06.5865305Z #15 sha256:597c6c618d36213af657a6a8444a5d87801f9a219682b206ad21ccb8f3e57bbd 17.83MB / 28.23MB 1.7s
2026-07-26T23:19:06.7370418Z #15 sha256:77e3e8465ccd88a7ab4380ed823b77769274a8d0cd50332315a6e6884eeb185b 32.26MB / 32.26MB 2.0s done
2026-07-26T23:19:06.7371781Z #15 sha256:bcbf93830adb69dda1050c229181e9d0bbcd138e40c83062cfd41f7a8d79b4c7 13.63MB / 18.74MB 1.8s
2026-07-26T23:19:06.7372683Z #15 sha256:597c6c618d36213af657a6a8444a5d87801f9a219682b206ad21ccb8f3e57bbd 22.02MB / 28.23MB 1.8s
2026-07-26T23:19:06.8864590Z #15 sha256:bcbf93830adb69dda1050c229181e9d0bbcd138e40c83062cfd41f7a8d79b4c7 18.74MB / 18.74MB 2.0s done
2026-07-26T23:19:06.8865948Z #15 sha256:597c6c618d36213af657a6a8444a5d87801f9a219682b206ad21ccb8f3e57bbd 26.21MB / 28.23MB 2.0s
2026-07-26T23:19:07.0915229Z #15 sha256:597c6c618d36213af657a6a8444a5d87801f9a219682b206ad21ccb8f3e57bbd 28.23MB / 28.23MB 2.0s done
2026-07-26T23:19:07.0916743Z #15 extracting sha256:597c6c618d36213af657a6a8444a5d87801f9a219682b206ad21ccb8f3e57bbd
2026-07-26T23:19:07.2416823Z #15 sha256:34eabb9d45bfc2a02673ee3778040c44b0f3b59facbbf51f9c367482821ce92f 61.87MB / 177.89MB 5.4s
2026-07-26T23:19:07.6576881Z #15 extracting sha256:597c6c618d36213af657a6a8444a5d87801f9a219682b206ad21ccb8f3e57bbd 0.7s done
2026-07-26T23:19:07.8415462Z #15 extracting sha256:bcbf93830adb69dda1050c229181e9d0bbcd138e40c83062cfd41f7a8d79b4c7
2026-07-26T23:19:07.8416600Z #15 sha256:34eabb9d45bfc2a02673ee3778040c44b0f3b59facbbf51f9c367482821ce92f 71.30MB / 177.89MB 6.0s
2026-07-26T23:19:07.9915755Z #15 extracting sha256:bcbf93830adb69dda1050c229181e9d0bbcd138e40c83062cfd41f7a8d79b4c7 0.3s done
2026-07-26T23:19:07.9917876Z #15 extracting sha256:4afec8b5a48bb14028a2111abd144794fb4f088154db49009be3c5833f922deb done
2026-07-26T23:19:07.9919409Z #15 extracting sha256:77e3e8465ccd88a7ab4380ed823b77769274a8d0cd50332315a6e6884eeb185b
2026-07-26T23:19:08.2545338Z #15 extracting sha256:77e3e8465ccd88a7ab4380ed823b77769274a8d0cd50332315a6e6884eeb185b 0.3s done
2026-07-26T23:19:08.3802500Z #15 extracting sha256:b450eb4b61483e158bba71e0972774dca3356aaccf083b4de394756826786dc3 done
2026-07-26T23:19:08.3803357Z #15 extracting sha256:993b1a5b9814eb890928e53aa844227cd48d62a552cce9d9723401d3f323d7df 0.1s done
2026-07-26T23:19:08.5917809Z #15 extracting sha256:0aa6db834649082ea8d86f41789fce403a69c18bcec5994ceaf0ed4474563c7d
2026-07-26T23:19:08.5919557Z #15 sha256:34eabb9d45bfc2a02673ee3778040c44b0f3b59facbbf51f9c367482821ce92f 81.79MB / 177.89MB 6.8s
2026-07-26T23:19:09.0317292Z #15 extracting sha256:0aa6db834649082ea8d86f41789fce403a69c18bcec5994ceaf0ed4474563c7d 0.7s done
2026-07-26T23:19:09.1919304Z #15 sha256:34eabb9d45bfc2a02673ee3778040c44b0f3b59facbbf51f9c367482821ce92f 91.23MB / 177.89MB 7.4s
2026-07-26T23:19:09.9425373Z #15 sha256:34eabb9d45bfc2a02673ee3778040c44b0f3b59facbbf51f9c367482821ce92f 101.71MB / 177.89MB 8.1s
2026-07-26T23:19:10.5422208Z #15 sha256:34eabb9d45bfc2a02673ee3778040c44b0f3b59facbbf51f9c367482821ce92f 111.15MB / 177.89MB 8.7s
2026-07-26T23:19:11.2926838Z #15 sha256:34eabb9d45bfc2a02673ee3778040c44b0f3b59facbbf51f9c367482821ce92f 121.63MB / 177.89MB 9.5s
2026-07-26T23:19:11.8917944Z #15 sha256:34eabb9d45bfc2a02673ee3778040c44b0f3b59facbbf51f9c367482821ce92f 131.07MB / 177.89MB 10.1s
2026-07-26T23:19:12.6418332Z #15 sha256:34eabb9d45bfc2a02673ee3778040c44b0f3b59facbbf51f9c367482821ce92f 141.56MB / 177.89MB 10.8s
2026-07-26T23:19:13.2419004Z #15 sha256:34eabb9d45bfc2a02673ee3778040c44b0f3b59facbbf51f9c367482821ce92f 150.99MB / 177.89MB 11.4s
2026-07-26T23:19:13.9927336Z #15 sha256:34eabb9d45bfc2a02673ee3778040c44b0f3b59facbbf51f9c367482821ce92f 161.48MB / 177.89MB 12.2s
2026-07-26T23:19:14.5918814Z #15 sha256:34eabb9d45bfc2a02673ee3778040c44b0f3b59facbbf51f9c367482821ce92f 170.92MB / 177.89MB 12.8s
2026-07-26T23:19:15.3620986Z #15 sha256:34eabb9d45bfc2a02673ee3778040c44b0f3b59facbbf51f9c367482821ce92f 177.89MB / 177.89MB 13.4s done
2026-07-26T23:19:15.3622680Z #15 extracting sha256:34eabb9d45bfc2a02673ee3778040c44b0f3b59facbbf51f9c367482821ce92f
2026-07-26T23:19:17.7025005Z #15 extracting sha256:34eabb9d45bfc2a02673ee3778040c44b0f3b59facbbf51f9c367482821ce92f 2.5s done
2026-07-26T23:19:17.7025871Z #15 DONE 16.4s
2026-07-26T23:19:17.8604920Z 
2026-07-26T23:19:17.8605555Z #15 [build 5/8] RUN dotnet restore src/Ednsv.Web/Ednsv.Web.csproj
2026-07-26T23:19:17.8606153Z #15 extracting sha256:ed43dda998e1a0c05efeddc9a24048ad8349ce02697b4db3061250e466b3a059 done
2026-07-26T23:19:17.8606794Z #15 extracting sha256:aaea65f9d3756e15614c6efe86e2006b8fe74af0af07faefdcb6e6001dd705fc
2026-07-26T23:19:17.9676161Z #15 extracting sha256:aaea65f9d3756e15614c6efe86e2006b8fe74af0af07faefdcb6e6001dd705fc 0.3s done
2026-07-26T23:19:17.9676795Z #15 DONE 16.7s
2026-07-26T23:19:18.1325887Z 
2026-07-26T23:19:18.1326534Z #15 [build 5/8] RUN dotnet restore src/Ednsv.Web/Ednsv.Web.csproj
2026-07-26T23:19:18.1328219Z #15 extracting sha256:4d015ec68eada998a41dff557e9be9876100aacfd3adb78c32cccfb1faac8a40 done
2026-07-26T23:19:18.1329341Z #15 extracting sha256:704a261d6a0df1be6f054161284fc14ac0eaa21ceb629676ee3d0dd8ec908988 done
2026-07-26T23:19:18.1330427Z #15 extracting sha256:89f057fbd63d49c61fb415af2773f20380c76d858a5dc95dcdcd0ac198854624 done
2026-07-26T23:19:18.1331733Z #15 extracting sha256:7c7616ad766245be8807f1899bc25fa05f61c48f8079fa36c964d481853af380
2026-07-26T23:19:18.6747972Z #15 extracting sha256:7c7616ad766245be8807f1899bc25fa05f61c48f8079fa36c964d481853af380 0.7s done
2026-07-26T23:19:18.6748881Z #15 DONE 17.4s
2026-07-26T23:19:18.8253390Z 
2026-07-26T23:19:18.8254201Z #16 [build 6/8] COPY src/Ednsv.Core/ src/Ednsv.Core/
2026-07-26T23:19:20.8665490Z #16 DONE 2.2s
2026-07-26T23:19:21.0671554Z 
2026-07-26T23:19:21.0672521Z #17 [build 7/8] COPY src/Ednsv.Web/ src/Ednsv.Web/
2026-07-26T23:19:21.0673344Z #17 DONE 0.0s
2026-07-26T23:19:21.0673720Z 
2026-07-26T23:19:21.0675031Z #18 [build 8/8] RUN dotnet publish src/Ednsv.Web/Ednsv.Web.csproj         --configuration Release         --no-restore         --output /app/publish         /p:UseAppHost=false
2026-07-26T23:19:26.0473771Z #18 5.131   Ednsv.Core -> /src/src/Ednsv.Core/bin/Release/net8.0/Ednsv.Core.dll
2026-07-26T23:19:27.9381165Z #18 7.022   Ednsv.Web -> /src/src/Ednsv.Web/bin/Release/net8.0/Ednsv.Web.dll
2026-07-26T23:19:28.0985068Z #18 7.100   Ednsv.Web -> /app/publish/
2026-07-26T23:19:28.0985657Z #18 DONE 7.2s
2026-07-26T23:19:28.2043151Z 
2026-07-26T23:19:28.2048910Z #19 [runtime 2/3] WORKDIR /app
2026-07-26T23:19:28.2049480Z #19 CACHED
2026-07-26T23:19:28.3101041Z 
2026-07-26T23:19:28.3101652Z #19 [runtime 2/3] WORKDIR /app
2026-07-26T23:19:28.3102360Z #19 sha256:30a13c38083b6617b9701d16db3db957591d7d40742407e7c85fdea6d9fc6bdb 93B / 93B 0.1s done
2026-07-26T23:19:28.3103347Z #19 extracting sha256:30a13c38083b6617b9701d16db3db957591d7d40742407e7c85fdea6d9fc6bdb done
2026-07-26T23:19:28.3103901Z #19 DONE 0.2s
2026-07-26T23:19:28.3104041Z 
2026-07-26T23:19:28.3104210Z #20 [runtime 3/3] COPY --from=build /app/publish ./
2026-07-26T23:19:28.3104580Z #20 DONE 0.0s
2026-07-26T23:19:28.4626609Z 
2026-07-26T23:19:28.4627043Z #21 exporting to image
2026-07-26T23:19:28.4627655Z #21 exporting layers
2026-07-26T23:19:28.5472506Z #21 exporting layers 0.2s done
2026-07-26T23:19:28.6652659Z #21 exporting manifest sha256:20d6c71fd560471caf8e70a6889247fe6f08b9043b2fb9a088cf61bd21da5efe done
2026-07-26T23:19:28.6662475Z #21 exporting config sha256:e7c15580bf945fcec3b394a22138708d477357bf70e314e8e250aac9613783fa done
2026-07-26T23:19:28.6664160Z #21 exporting attestation manifest sha256:73ae3cdf33368f052c45e09a2694d5b158ee0ae32c12ea85913b942ee33c0fdf done
2026-07-26T23:19:28.6664964Z #21 exporting manifest list sha256:db7387c490f7e9bc2c82973198fa8543952a3f65cdb3e2e1c59345eec6168374 done
2026-07-26T23:19:28.6665466Z #21 pushing layers
2026-07-26T23:19:28.8155781Z #21 ...
2026-07-26T23:19:28.8156073Z 
2026-07-26T23:19:28.8156638Z #22 [auth] pkinerd/ednsv:pull,push token for ghcr.io
2026-07-26T23:19:28.8157793Z #22 DONE 0.0s
2026-07-26T23:19:28.9652957Z 
2026-07-26T23:19:28.9653626Z #23 exporting to GitHub Actions Cache
2026-07-26T23:19:28.9654283Z #23 preparing build cache for export
2026-07-26T23:19:29.1646904Z #23 preparing build cache for export 0.6s done
2026-07-26T23:19:29.1647747Z #23 sending cache export
2026-07-26T23:19:29.3373533Z #23 writing layer sha256:14d166d234c7f827ade29ccb61e05b45a96b62cf8e6996d1bb48b1d87a051a48
2026-07-26T23:19:31.0173167Z #23 writing layer sha256:14d166d234c7f827ade29ccb61e05b45a96b62cf8e6996d1bb48b1d87a051a48 1.7s done
2026-07-26T23:19:31.2603756Z #23 writing layer sha256:44c2a9844690de797a2ea83b42b18a9515483426780300ad86b117070c8485da
2026-07-26T23:19:31.8640991Z #23 writing layer sha256:44c2a9844690de797a2ea83b42b18a9515483426780300ad86b117070c8485da 0.6s done
2026-07-26T23:19:32.1909582Z #23 writing layer sha256:64e5e35b8680bcfd0fcfdf21f22708f402dd93f56d3553dc252e43828335373e
2026-07-26T23:19:33.2126977Z #23 writing layer sha256:64e5e35b8680bcfd0fcfdf21f22708f402dd93f56d3553dc252e43828335373e 1.0s done
2026-07-26T23:19:33.3698590Z #23 ...
2026-07-26T23:19:33.3698837Z 
2026-07-26T23:19:33.3698999Z #21 exporting to image
2026-07-26T23:19:33.3699400Z #21 pushing layers 0.3s done
2026-07-26T23:19:33.3700122Z #21 pushing manifest for ghcr.io/pkinerd/ednsv:pr-28@sha256:db7387c490f7e9bc2c82973198fa8543952a3f65cdb3e2e1c59345eec6168374 1.3s done
2026-07-26T23:19:33.3701315Z #21 pushing manifest for ghcr.io/pkinerd/ednsv:latest-any@sha256:db7387c490f7e9bc2c82973198fa8543952a3f65cdb3e2e1c59345eec6168374 0.7s done
2026-07-26T23:19:33.3702493Z #21 pushing manifest for ghcr.io/pkinerd/ednsv:sha-bf20121@sha256:db7387c490f7e9bc2c82973198fa8543952a3f65cdb3e2e1c59345eec6168374 0.7s done
2026-07-26T23:19:33.3703227Z #21 DONE 5.1s
2026-07-26T23:19:33.5204995Z 
2026-07-26T23:19:33.5205519Z #23 exporting to GitHub Actions Cache
2026-07-26T23:19:33.9585850Z #23 writing layer sha256:d9f93da9772cd99584a962cd9d8d1c535239c108b214e2ad4c70999b8920f8bd
2026-07-26T23:19:34.6270339Z #23 writing layer sha256:d9f93da9772cd99584a962cd9d8d1c535239c108b214e2ad4c70999b8920f8bd 0.7s done
2026-07-26T23:19:35.1434715Z #23 sending cache export 6.0s done
2026-07-26T23:19:35.1435209Z #23 DONE 6.6s
2026-07-26T23:19:35.1737617Z 
2026-07-26T23:19:35.1738244Z #24 resolving provenance for metadata file
2026-07-26T23:19:35.1738584Z #24 DONE 0.0s
2026-07-26T23:19:35.1817598Z ##[group]ImageID
2026-07-26T23:19:35.1818184Z sha256:db7387c490f7e9bc2c82973198fa8543952a3f65cdb3e2e1c59345eec6168374
2026-07-26T23:19:35.1819095Z ##[endgroup]
2026-07-26T23:19:35.1819649Z ##[group]Digest
2026-07-26T23:19:35.1820215Z sha256:db7387c490f7e9bc2c82973198fa8543952a3f65cdb3e2e1c59345eec6168374
2026-07-26T23:19:35.1821077Z ##[endgroup]
2026-07-26T23:19:35.1821632Z ##[group]Metadata
2026-07-26T23:19:35.1824468Z {
2026-07-26T23:19:35.1824682Z   "buildx.build.provenance": {
2026-07-26T23:19:35.1825009Z     "builder": {
2026-07-26T23:19:35.1825505Z       "id": "https://github.com/pkinerd/ednsv/actions/runs/30224943921/attempts/1"
2026-07-26T23:19:35.1825939Z     },
2026-07-26T23:19:35.1826200Z     "buildType": "https://mobyproject.org/buildkit@v1",
2026-07-26T23:19:35.1826528Z     "materials": [
2026-07-26T23:19:35.1826720Z       {
2026-07-26T23:19:35.1826965Z         "uri": "pkg:docker/docker/dockerfile@1.7",
2026-07-26T23:19:35.1827675Z         "digest": {
2026-07-26T23:19:35.1828242Z           "sha256": "a57df69d0ea827fb7266491f2813635de6f17269be881f696fbfdf2d83dda33e"
2026-07-26T23:19:35.1828960Z         }
2026-07-26T23:19:35.1829136Z       },
2026-07-26T23:19:35.1829360Z       {
2026-07-26T23:19:35.1829993Z         "uri": "pkg:docker/mcr.microsoft.com/dotnet/aspnet@8.0?platform=linux%2Famd64",
2026-07-26T23:19:35.1830436Z         "digest": {
2026-07-26T23:19:35.1830813Z           "sha256": "8f6a307ae32fb393a4b4bcde0a81f0ce3f0a715de0e5575df71f3030448f2dde"
2026-07-26T23:19:35.1831243Z         }
2026-07-26T23:19:35.1831429Z       },
2026-07-26T23:19:35.1831757Z       {
2026-07-26T23:19:35.1832152Z         "uri": "pkg:docker/mcr.microsoft.com/dotnet/sdk@8.0?platform=linux%2Famd64",
2026-07-26T23:19:35.1832884Z         "digest": {
2026-07-26T23:19:35.1833604Z           "sha256": "3c0edbfe1549dd93fb789dc96299a40df865ad7bffefcaf38e8c05940686d641"
2026-07-26T23:19:35.1834351Z         }
2026-07-26T23:19:35.1834652Z       }
2026-07-26T23:19:35.1834936Z     ],
2026-07-26T23:19:35.1835246Z     "invocation": {
2026-07-26T23:19:35.1835607Z       "configSource": {
2026-07-26T23:19:35.1835999Z         "entryPoint": "Dockerfile"
2026-07-26T23:19:35.1836396Z       },
2026-07-26T23:19:35.1836688Z       "parameters": {
2026-07-26T23:19:35.1837309Z         "frontend": "gateway.v0",
2026-07-26T23:19:35.1837850Z         "args": {
2026-07-26T23:19:35.1838251Z           "cmdline": "docker/dockerfile:1.7",
2026-07-26T23:19:35.1838965Z           "label:org.opencontainers.image.created": "2026-07-26T23:18:58.293Z",
2026-07-26T23:19:35.1839773Z           "label:org.opencontainers.image.description": "",
2026-07-26T23:19:35.1840446Z           "label:org.opencontainers.image.licenses": "",
2026-07-26T23:19:35.1841277Z           "label:org.opencontainers.image.revision": "bf20121a2ddebf7389ff1290178d96cf5e784a48",
2026-07-26T23:19:35.1842282Z           "label:org.opencontainers.image.source": "https://github.com/pkinerd/ednsv",
2026-07-26T23:19:35.1843071Z           "label:org.opencontainers.image.title": "ednsv",
2026-07-26T23:19:35.1843831Z           "label:org.opencontainers.image.url": "https://github.com/pkinerd/ednsv",
2026-07-26T23:19:35.1844532Z           "label:org.opencontainers.image.version": "pr-28",
2026-07-26T23:19:35.1844865Z           "source": "docker/dockerfile:1.7"
2026-07-26T23:19:35.1845122Z         },
2026-07-26T23:19:35.1845303Z         "locals": [
2026-07-26T23:19:35.1845493Z           {
2026-07-26T23:19:35.1845675Z             "name": "context"
2026-07-26T23:19:35.1845892Z           },
2026-07-26T23:19:35.1846064Z           {
2026-07-26T23:19:35.1846242Z             "name": "dockerfile"
2026-07-26T23:19:35.1846460Z           }
2026-07-26T23:19:35.1846623Z         ],
2026-07-26T23:19:35.1846794Z         "root": {
2026-07-26T23:19:35.1846994Z           "configSource": {
2026-07-26T23:19:35.1847629Z             "path": "Dockerfile"
2026-07-26T23:19:35.1848041Z           },
2026-07-26T23:19:35.1848342Z           "request": {
2026-07-26T23:19:35.1848546Z             "args": {
2026-07-26T23:19:35.1848863Z               "label:org.opencontainers.image.created": "2026-07-26T23:18:58.293Z",
2026-07-26T23:19:35.1849314Z               "label:org.opencontainers.image.description": "",
2026-07-26T23:19:35.1849690Z               "label:org.opencontainers.image.licenses": "",
2026-07-26T23:19:35.1850177Z               "label:org.opencontainers.image.revision": "bf20121a2ddebf7389ff1290178d96cf5e784a48",
2026-07-26T23:19:35.1850767Z               "label:org.opencontainers.image.source": "https://github.com/pkinerd/ednsv",
2026-07-26T23:19:35.1851233Z               "label:org.opencontainers.image.title": "ednsv",
2026-07-26T23:19:35.1851670Z               "label:org.opencontainers.image.url": "https://github.com/pkinerd/ednsv",
2026-07-26T23:19:35.1852126Z               "label:org.opencontainers.image.version": "pr-28",
2026-07-26T23:19:35.1852449Z               "vcs:localdir:context": ".",
2026-07-26T23:19:35.1852722Z               "vcs:localdir:dockerfile": ".",
2026-07-26T23:19:35.1853068Z               "vcs:revision": "bf20121a2ddebf7389ff1290178d96cf5e784a48",
2026-07-26T23:19:35.1853636Z               "vcs:source": "https://github.com/pkinerd/ednsv"
2026-07-26T23:19:35.1853927Z             }
2026-07-26T23:19:35.1854099Z           }
2026-07-26T23:19:35.1854262Z         },
2026-07-26T23:19:35.1854565Z         "compatibilityVersion": 30
2026-07-26T23:19:35.1854801Z       },
2026-07-26T23:19:35.1854973Z       "environment": {
2026-07-26T23:19:35.1855185Z         "github_actor": "pkinerd",
2026-07-26T23:19:35.1855428Z         "github_actor_id": "169779439",
2026-07-26T23:19:35.1855694Z         "github_event_name": "pull_request",
2026-07-26T23:19:35.1855962Z         "github_event_payload": {
2026-07-26T23:19:35.1856205Z           "action": "synchronize",
2026-07-26T23:19:35.1856498Z           "after": "f3a0287fd5b39e0c41e35ee6586f8c9c0ef8225d",
2026-07-26T23:19:35.1856856Z           "before": "46521c1be21d2ef310945e40abbaccec86fe715d",
2026-07-26T23:19:35.1857781Z           "number": 28,
2026-07-26T23:19:35.1858123Z           "pull_request": {
2026-07-26T23:19:35.1858473Z             "_links": {
2026-07-26T23:19:35.1858824Z               "comments": {
2026-07-26T23:19:35.1859412Z                 "href": "https://api.github.com/repos/pkinerd/ednsv/issues/28/comments"
2026-07-26T23:19:35.1860053Z               },
2026-07-26T23:19:35.1860392Z               "commits": {
2026-07-26T23:19:35.1860881Z                 "href": "https://api.github.com/repos/pkinerd/ednsv/pulls/28/commits"
2026-07-26T23:19:35.1861326Z               },
2026-07-26T23:19:35.1861629Z               "html": {
2026-07-26T23:19:35.1862051Z                 "href": "https://github.com/pkinerd/ednsv/pull/28"
2026-07-26T23:19:35.1862538Z               },
2026-07-26T23:19:35.1862857Z               "issue": {
2026-07-26T23:19:35.1863388Z                 "href": "https://api.github.com/repos/pkinerd/ednsv/issues/28"
2026-07-26T23:19:35.1864012Z               },
2026-07-26T23:19:35.1864331Z               "review_comment": {
2026-07-26T23:19:35.1864925Z                 "href": "https://api.github.com/repos/pkinerd/ednsv/pulls/comments{/number}"
2026-07-26T23:19:35.1865562Z               },
2026-07-26T23:19:35.1865864Z               "review_comments": {
2026-07-26T23:19:35.1866439Z                 "href": "https://api.github.com/repos/pkinerd/ednsv/pulls/28/comments"
2026-07-26T23:19:35.1868108Z               },
2026-07-26T23:19:35.1868432Z               "self": {
2026-07-26T23:19:35.1869007Z                 "href": "https://api.github.com/repos/pkinerd/ednsv/pulls/28"
2026-07-26T23:19:35.1869569Z               },
2026-07-26T23:19:35.1869869Z               "statuses": {
2026-07-26T23:19:35.1870755Z                 "href": "https://api.github.com/repos/pkinerd/ednsv/statuses/f3a0287fd5b39e0c41e35ee6586f8c9c0ef8225d"
2026-07-26T23:19:35.1871681Z               }
2026-07-26T23:19:35.1872012Z             },
2026-07-26T23:19:35.1872365Z             "active_lock_reason": null,
2026-07-26T23:19:35.1872814Z             "additions": 9318,
2026-07-26T23:19:35.1873229Z             "assignee": null,
2026-07-26T23:19:35.1873636Z             "assignees": [],
2026-07-26T23:19:35.1874046Z             "author_association": "OWNER",
2026-07-26T23:19:35.1874493Z             "auto_merge": null,
2026-07-26T23:19:35.1874887Z             "base": {
2026-07-26T23:19:35.1875266Z               "label": "pkinerd:main",
2026-07-26T23:19:35.1875765Z               "ref": "main",
2026-07-26T23:19:35.1876159Z               "repo": {
2026-07-26T23:19:35.1876519Z                 "allow_auto_merge": false,
2026-07-26T23:19:35.1877200Z                 "allow_forking": true,
2026-07-26T23:19:35.1877616Z                 "allow_merge_commit": true,
2026-07-26T23:19:35.1878049Z                 "allow_rebase_merge": true,
2026-07-26T23:19:35.1878450Z                 "allow_squash_merge": true,
2026-07-26T23:19:35.1878936Z                 "allow_update_branch": false,
2026-07-26T23:19:35.1879661Z                 "archive_url": "https://api.github.com/repos/pkinerd/ednsv/{archive_format}{/ref}",
2026-07-26T23:19:35.1880516Z                 "archived": false,
2026-07-26T23:19:35.1881622Z                 "assignees_url": "https://api.github.com/repos/pkinerd/ednsv/assignees{/user}",
2026-07-26T23:19:35.1882655Z                 "blobs_url": "https://api.github.com/repos/pkinerd/ednsv/git/blobs{/sha}",
2026-07-26T23:19:35.1883828Z                 "branches_url": "https://api.github.com/repos/pkinerd/ednsv/branches{/branch}",
2026-07-26T23:19:35.1884794Z                 "clone_url": "https://github.com/pkinerd/ednsv.git",
2026-07-26T23:19:35.1885855Z                 "collaborators_url": "https://api.github.com/repos/pkinerd/ednsv/collaborators{/collaborator}",
2026-07-26T23:19:35.1887154Z                 "comments_url": "https://api.github.com/repos/pkinerd/ednsv/comments{/number}",
2026-07-26T23:19:35.1888194Z                 "commits_url": "https://api.github.com/repos/pkinerd/ednsv/commits{/sha}",
2026-07-26T23:19:35.1889199Z                 "compare_url": "https://api.github.com/repos/pkinerd/ednsv/compare/{base}...{head}",
2026-07-26T23:19:35.1890217Z                 "contents_url": "https://api.github.com/repos/pkinerd/ednsv/contents/{+path}",
2026-07-26T23:19:35.1891203Z                 "contributors_url": "https://api.github.com/repos/pkinerd/ednsv/contributors",
2026-07-26T23:19:35.1891956Z                 "created_at": "2026-03-30T21:24:40Z",
2026-07-26T23:19:35.1892489Z                 "default_branch": "main",
2026-07-26T23:19:35.1892978Z                 "delete_branch_on_merge": false,
2026-07-26T23:19:35.1893729Z                 "deployments_url": "https://api.github.com/repos/pkinerd/ednsv/deployments",
2026-07-26T23:19:35.1894479Z                 "description": null,
2026-07-26T23:19:35.1894917Z                 "disabled": false,
2026-07-26T23:19:35.1895575Z                 "downloads_url": "https://api.github.com/repos/pkinerd/ednsv/downloads",
2026-07-26T23:19:35.1896449Z                 "events_url": "https://api.github.com/repos/pkinerd/ednsv/events",
2026-07-26T23:19:35.1897326Z                 "fork": false,
2026-07-26T23:19:35.1897755Z                 "forks": 0,
2026-07-26T23:19:35.1898154Z                 "forks_count": 0,
2026-07-26T23:19:35.1898764Z                 "forks_url": "https://api.github.com/repos/pkinerd/ednsv/forks",
2026-07-26T23:19:35.1899434Z                 "full_name": "pkinerd/ednsv",
2026-07-26T23:19:35.1900220Z                 "git_commits_url": "https://api.github.com/repos/pkinerd/ednsv/git/commits{/sha}",
2026-07-26T23:19:35.1901206Z                 "git_refs_url": "https://api.github.com/repos/pkinerd/ednsv/git/refs{/sha}",
2026-07-26T23:19:35.1902148Z                 "git_tags_url": "https://api.github.com/repos/pkinerd/ednsv/git/tags{/sha}",
2026-07-26T23:19:35.1902952Z                 "git_url": "git://github.com/pkinerd/ednsv.git",
2026-07-26T23:19:35.1903516Z                 "has_discussions": false,
2026-07-26T23:19:35.1903978Z                 "has_downloads": false,
2026-07-26T23:19:35.1904428Z                 "has_issues": true,
2026-07-26T23:19:35.1904852Z                 "has_pages": false,
2026-07-26T23:19:35.1905319Z                 "has_projects": true,
2026-07-26T23:19:35.1905783Z                 "has_pull_requests": true,
2026-07-26T23:19:35.1906241Z                 "has_wiki": true,
2026-07-26T23:19:35.1906665Z                 "homepage": null,
2026-07-26T23:19:35.1907462Z                 "hooks_url": "https://api.github.com/repos/pkinerd/ednsv/hooks",
2026-07-26T23:19:35.1908219Z                 "html_url": "https://github.com/pkinerd/ednsv",
2026-07-26T23:19:35.1908773Z                 "id": 1196602452,
2026-07-26T23:19:35.1909205Z                 "is_template": false,
2026-07-26T23:19:35.1910022Z                 "issue_comment_url": "https://api.github.com/repos/pkinerd/ednsv/issues/comments{/number}",
2026-07-26T23:19:35.1911171Z                 "issue_events_url": "https://api.github.com/repos/pkinerd/ednsv/issues/events{/number}",
2026-07-26T23:19:35.1912205Z                 "issues_url": "https://api.github.com/repos/pkinerd/ednsv/issues{/number}",
2026-07-26T23:19:35.1913164Z                 "keys_url": "https://api.github.com/repos/pkinerd/ednsv/keys{/key_id}",
2026-07-26T23:19:35.1914293Z                 "labels_url": "https://api.github.com/repos/pkinerd/ednsv/labels{/name}",
2026-07-26T23:19:35.1915013Z                 "language": "C#",
2026-07-26T23:19:35.1915864Z                 "languages_url": "https://api.github.com/repos/pkinerd/ednsv/languages",
2026-07-26T23:19:35.1916598Z                 "license": null,
2026-07-26T23:19:35.1917310Z                 "merge_commit_message": "PR_TITLE",
2026-07-26T23:19:35.1917800Z                 "merge_commit_title": "MERGE_MESSAGE",
2026-07-26T23:19:35.1918431Z                 "merges_url": "https://api.github.com/repos/pkinerd/ednsv/merges",
2026-07-26T23:19:35.1919439Z                 "milestones_url": "https://api.github.com/repos/pkinerd/ednsv/milestones{/number}",
2026-07-26T23:19:35.1920229Z                 "mirror_url": null,
2026-07-26T23:19:35.1920666Z                 "name": "ednsv",
2026-07-26T23:19:35.1921128Z                 "node_id": "R_kgDOR1K0VA",
2026-07-26T23:19:35.1922153Z                 "notifications_url": "https://api.github.com/repos/pkinerd/ednsv/notifications{?since,all,participating}",
2026-07-26T23:19:35.1923224Z                 "open_issues": 1,
2026-07-26T23:19:35.1923667Z                 "open_issues_count": 1,
2026-07-26T23:19:35.1924087Z                 "owner": {
2026-07-26T23:19:35.1924699Z                   "avatar_url": "https://avatars.githubusercontent.com/u/169779439?v=4",
2026-07-26T23:19:35.1925583Z                   "events_url": "https://api.github.com/users/pkinerd/events{/privacy}",
2026-07-26T23:19:35.1926399Z                   "followers_url": "https://api.github.com/users/pkinerd/followers",
2026-07-26T23:19:35.1927611Z                   "following_url": "https://api.github.com/users/pkinerd/following{/other_user}",
2026-07-26T23:19:35.1928575Z                   "gists_url": "https://api.github.com/users/pkinerd/gists{/gist_id}",
2026-07-26T23:19:35.1929333Z                   "gravatar_id": "",
2026-07-26T23:19:35.1930028Z                   "html_url": "https://github.com/pkinerd",
2026-07-26T23:19:35.1930660Z                   "id": 169779439,
2026-07-26T23:19:35.1931156Z                   "login": "pkinerd",
2026-07-26T23:19:35.1931527Z                   "node_id": "U_kgDOCh6g7w",
2026-07-26T23:19:35.1932002Z                   "organizations_url": "https://api.github.com/users/pkinerd/orgs",
2026-07-26T23:19:35.1932697Z                   "received_events_url": "https://api.github.com/users/pkinerd/received_events",
2026-07-26T23:19:35.1947663Z                   "repos_url": "https://api.github.com/users/pkinerd/repos",
2026-07-26T23:19:35.1948376Z                   "site_admin": false,
2026-07-26T23:19:35.1949080Z                   "starred_url": "https://api.github.com/users/pkinerd/starred{/owner}{/repo}",
2026-07-26T23:19:35.1950037Z                   "subscriptions_url": "https://api.github.com/users/pkinerd/subscriptions",
2026-07-26T23:19:35.1950738Z                   "type": "User",
2026-07-26T23:19:35.1951240Z                   "url": "https://api.github.com/users/pkinerd",
2026-07-26T23:19:35.1951796Z                   "user_view_type": "public"
2026-07-26T23:19:35.1952231Z                 },
2026-07-26T23:19:35.1952563Z                 "private": false,
2026-07-26T23:19:35.1953021Z                 "pull_request_creation_policy": "all",
2026-07-26T23:19:35.1953722Z                 "pulls_url": "https://api.github.com/repos/pkinerd/ednsv/pulls{/number}",
2026-07-26T23:19:35.1954422Z                 "pushed_at": "2026-07-26T23:17:50Z",
2026-07-26T23:19:35.1955113Z                 "releases_url": "https://api.github.com/repos/pkinerd/ednsv/releases{/id}",
2026-07-26T23:19:35.1955794Z                 "size": 42703,
2026-07-26T23:19:35.1956262Z                 "squash_merge_commit_message": "COMMIT_MESSAGES",
2026-07-26T23:19:35.1956875Z                 "squash_merge_commit_title": "COMMIT_OR_PR_TITLE",
2026-07-26T23:19:35.1957716Z                 "ssh_url": "git@github.com:pkinerd/ednsv.git",
2026-07-26T23:19:35.1958493Z                 "stargazers_count": 0,
2026-07-26T23:19:35.1959153Z                 "stargazers_url": "https://api.github.com/repos/pkinerd/ednsv/stargazers",
2026-07-26T23:19:35.1960260Z                 "statuses_url": "https://api.github.com/repos/pkinerd/ednsv/statuses/{sha}",
2026-07-26T23:19:35.1961193Z                 "subscribers_url": "https://api.github.com/repos/pkinerd/ednsv/subscribers",
2026-07-26T23:19:35.1962144Z                 "subscription_url": "https://api.github.com/repos/pkinerd/ednsv/subscription",
2026-07-26T23:19:35.1962929Z                 "svn_url": "https://github.com/pkinerd/ednsv",
2026-07-26T23:19:35.1963642Z                 "tags_url": "https://api.github.com/repos/pkinerd/ednsv/tags",
2026-07-26T23:19:35.1964413Z                 "teams_url": "https://api.github.com/repos/pkinerd/ednsv/teams",
2026-07-26T23:19:35.1965030Z                 "topics": [],
2026-07-26T23:19:35.1965624Z                 "trees_url": "https://api.github.com/repos/pkinerd/ednsv/git/trees{/sha}",
2026-07-26T23:19:35.1966311Z                 "updated_at": "2026-07-24T14:18:46Z",
2026-07-26T23:19:35.1966857Z                 "url": "https://api.github.com/repos/pkinerd/ednsv",
2026-07-26T23:19:35.1967621Z                 "use_squash_pr_title_as_default": false,
2026-07-26T23:19:35.1968100Z                 "visibility": "public",
2026-07-26T23:19:35.1968497Z                 "watchers": 0,
2026-07-26T23:19:35.1968865Z                 "watchers_count": 0,
2026-07-26T23:19:35.1969287Z                 "web_commit_signoff_required": false
2026-07-26T23:19:35.1969716Z               },
2026-07-26T23:19:35.1970088Z               "sha": "0907a58f50a6c98d23ae466ed31c3a0c15264622",
2026-07-26T23:19:35.1970563Z               "user": {
2026-07-26T23:19:35.1971091Z                 "avatar_url": "https://avatars.githubusercontent.com/u/169779439?v=4",
2026-07-26T23:19:35.1971915Z                 "events_url": "https://api.github.com/users/pkinerd/events{/privacy}",
2026-07-26T23:19:35.1972703Z                 "followers_url": "https://api.github.com/users/pkinerd/followers",
2026-07-26T23:19:35.1973586Z                 "following_url": "https://api.github.com/users/pkinerd/following{/other_user}",
2026-07-26T23:19:35.1974420Z                 "gists_url": "https://api.github.com/users/pkinerd/gists{/gist_id}",
2026-07-26T23:19:35.1975096Z                 "gravatar_id": "",
2026-07-26T23:19:35.1975561Z                 "html_url": "https://github.com/pkinerd",
2026-07-26T23:19:35.1976058Z                 "id": 169779439,
2026-07-26T23:19:35.1976445Z                 "login": "pkinerd",
2026-07-26T23:19:35.1976861Z                 "node_id": "U_kgDOCh6g7w",
2026-07-26T23:19:35.1977716Z                 "organizations_url": "https://api.github.com/users/pkinerd/orgs",
2026-07-26T23:19:35.1978601Z                 "received_events_url": "https://api.github.com/users/pkinerd/received_events",
2026-07-26T23:19:35.1979435Z                 "repos_url": "https://api.github.com/users/pkinerd/repos",
2026-07-26T23:19:35.1980036Z                 "site_admin": false,
2026-07-26T23:19:35.1980687Z                 "starred_url": "https://api.github.com/users/pkinerd/starred{/owner}{/repo}",
2026-07-26T23:19:35.1981590Z                 "subscriptions_url": "https://api.github.com/users/pkinerd/subscriptions",
2026-07-26T23:19:35.1982285Z                 "type": "User",
2026-07-26T23:19:35.1982752Z                 "url": "https://api.github.com/users/pkinerd",
2026-07-26T23:19:35.1983290Z                 "user_view_type": "public"
2026-07-26T23:19:35.1983719Z               }
2026-07-26T23:19:35.1984019Z             },
2026-07-26T23:19:35.2000370Z             "body": "Four defects in the same family — file writes that assume they are the\nonly writer, and a read that destroys data when it fails.\n\n1. Fixed temp-file paths. Six write sites built their scratch file as\n   \"<target>.tmp\": ConfigService (config.json, revision bodies, the\n   history index), AuthService (users.json) and DiskCacheService (the\n   eleven merge-saved cache files, domain-results.json). The rename is\n   atomic, but the scratch path is shared state — two writers (two\n   replicas on one mount, a CLI run alongside the web service) truncate\n   and interleave into it, after which one rename publishes the mixture\n   and the other throws FileNotFoundException because the temp has\n   already been moved away. In ConfigService and AuthService that\n   exception escapes a save request as a 500.\n\n   Adds AtomicFile, which writes through a per-write unique temp name,\n   removes its scratch file when a write fails, and sweeps orphans left\n   by a killed process. The sweep is age-gated so it cannot delete a\n   temp belonging to an in-flight write. Concurrent writers still race\n   to publish and the last rename wins — the callers already assume\n   that — but the target is now always exactly one writer's complete\n   payload.\n\n   DiskCacheService.Clear and the startup load sweep the new names as\n   well as the legacy fixed one.\n\n2. ConfigService.LoadOrSeed overwrote a live config on a transient read\n   error. Any failure to read or parse an existing config.json fell\n   through to the seed path, which writes to disk — so a momentary I/O\n   error or sharing violation silently replaced the operator's saved\n   settings with env-var defaults and recorded that as a revision. It\n   now throws ConfigUnreadableException and the web host fails closed\n   with a clear message. An empty file still seeds, since there is\n   nothing to lose.\n\n3. CacheManager.ClearAllAsync deleted the cache files without holding\n   the flusher's lock. A flush that had already sampled the in-memory\n   caches would finish writing them out after the delete, so an admin\n   cache-clear reported success and the stale entries reappeared on\n   disk. The delete now runs under the same semaphore as the flush.\n\n4. CacheManager.FlushAsync bypassed all serialisation when no\n   background flusher exists (CLI runs), leaving concurrent saves free\n   to interleave read-modify-write on each cache file. It now takes a\n   local lock.\n\nAdds AtomicFileTests and CacheManagerClearTests, and extends\nConfigServiceTests and DiskCacheClearTests. The two concurrency tests\nwere verified to fail against the old fixed-name implementation.\n\nCo-Authored-By: Claude Opus 5 <noreply@anthropic.com>\nClaude-Session: https://claude.ai/code/session_01611PR4pvQSGB1t9K3hNAwE",
2026-07-26T23:19:35.2010154Z             "changed_files": 60,
2026-07-26T23:19:35.2010405Z             "closed_at": null,
2026-07-26T23:19:35.2010639Z             "comments": 0,
2026-07-26T23:19:35.2011020Z             "comments_url": "https://api.github.com/repos/pkinerd/ednsv/issues/28/comments",
2026-07-26T23:19:35.2011445Z             "commits": 35,
2026-07-26T23:19:35.2011805Z             "commits_url": "https://api.github.com/repos/pkinerd/ednsv/pulls/28/commits",
2026-07-26T23:19:35.2012220Z             "created_at": "2026-07-26T02:03:41Z",
2026-07-26T23:19:35.2012496Z             "deletions": 1119,
2026-07-26T23:19:35.2012807Z             "diff_url": "https://github.com/pkinerd/ednsv/pull/28.diff",
2026-07-26T23:19:35.2013169Z             "draft": false,
2026-07-26T23:19:35.2013383Z             "head": {
2026-07-26T23:19:35.2013673Z               "label": "pkinerd:claude/redis-dependency-removal-213elh",
2026-07-26T23:19:35.2014069Z               "ref": "claude/redis-dependency-removal-213elh",
2026-07-26T23:19:35.2014374Z               "repo": {
2026-07-26T23:19:35.2014591Z                 "allow_auto_merge": false,
2026-07-26T23:19:35.2014863Z                 "allow_forking": true,
2026-07-26T23:19:35.2015126Z                 "allow_merge_commit": true,
2026-07-26T23:19:35.2015399Z                 "allow_rebase_merge": true,
2026-07-26T23:19:35.2015662Z                 "allow_squash_merge": true,
2026-07-26T23:19:35.2015931Z                 "allow_update_branch": false,
2026-07-26T23:19:35.2016373Z                 "archive_url": "https://api.github.com/repos/pkinerd/ednsv/{archive_format}{/ref}",
2026-07-26T23:19:35.2016806Z                 "archived": false,
2026-07-26T23:19:35.2017574Z                 "assignees_url": "https://api.github.com/repos/pkinerd/ednsv/assignees{/user}",
2026-07-26T23:19:35.2018113Z                 "blobs_url": "https://api.github.com/repos/pkinerd/ednsv/git/blobs{/sha}",
2026-07-26T23:19:35.2018767Z                 "branches_url": "https://api.github.com/repos/pkinerd/ednsv/branches{/branch}",
2026-07-26T23:19:35.2019248Z                 "clone_url": "https://github.com/pkinerd/ednsv.git",
2026-07-26T23:19:35.2019795Z                 "collaborators_url": "https://api.github.com/repos/pkinerd/ednsv/collaborators{/collaborator}",
2026-07-26T23:19:35.2020409Z                 "comments_url": "https://api.github.com/repos/pkinerd/ednsv/comments{/number}",
2026-07-26T23:19:35.2020942Z                 "commits_url": "https://api.github.com/repos/pkinerd/ednsv/commits{/sha}",
2026-07-26T23:19:35.2021495Z                 "compare_url": "https://api.github.com/repos/pkinerd/ednsv/compare/{base}...{head}",
2026-07-26T23:19:35.2022064Z                 "contents_url": "https://api.github.com/repos/pkinerd/ednsv/contents/{+path}",
2026-07-26T23:19:35.2022614Z                 "contributors_url": "https://api.github.com/repos/pkinerd/ednsv/contributors",
2026-07-26T23:19:35.2023055Z                 "created_at": "2026-03-30T21:24:40Z",
2026-07-26T23:19:35.2023344Z                 "default_branch": "main",
2026-07-26T23:19:35.2023621Z                 "delete_branch_on_merge": false,
2026-07-26T23:19:35.2024031Z                 "deployments_url": "https://api.github.com/repos/pkinerd/ednsv/deployments",
2026-07-26T23:19:35.2024442Z                 "description": null,
2026-07-26T23:19:35.2024695Z                 "disabled": false,
2026-07-26T23:19:35.2025054Z                 "downloads_url": "https://api.github.com/repos/pkinerd/ednsv/downloads",
2026-07-26T23:19:35.2025550Z                 "events_url": "https://api.github.com/repos/pkinerd/ednsv/events",
2026-07-26T23:19:35.2025918Z                 "fork": false,
2026-07-26T23:19:35.2026150Z                 "forks": 0,
2026-07-26T23:19:35.2026377Z                 "forks_count": 0,
2026-07-26T23:19:35.2026711Z                 "forks_url": "https://api.github.com/repos/pkinerd/ednsv/forks",
2026-07-26T23:19:35.2027292Z                 "full_name": "pkinerd/ednsv",
2026-07-26T23:19:35.2027728Z                 "git_commits_url": "https://api.github.com/repos/pkinerd/ednsv/git/commits{/sha}",
2026-07-26T23:19:35.2028270Z                 "git_refs_url": "https://api.github.com/repos/pkinerd/ednsv/git/refs{/sha}",
2026-07-26T23:19:35.2028781Z                 "git_tags_url": "https://api.github.com/repos/pkinerd/ednsv/git/tags{/sha}",
2026-07-26T23:19:35.2029226Z                 "git_url": "git://github.com/pkinerd/ednsv.git",
2026-07-26T23:19:35.2029540Z                 "has_discussions": false,
2026-07-26T23:19:35.2029803Z                 "has_downloads": false,
2026-07-26T23:19:35.2030057Z                 "has_issues": true,
2026-07-26T23:19:35.2030299Z                 "has_pages": false,
2026-07-26T23:19:35.2030545Z                 "has_projects": true,
2026-07-26T23:19:35.2030809Z                 "has_pull_requests": true,
2026-07-26T23:19:35.2031065Z                 "has_wiki": true,
2026-07-26T23:19:35.2031303Z                 "homepage": null,
2026-07-26T23:19:35.2031633Z                 "hooks_url": "https://api.github.com/repos/pkinerd/ednsv/hooks",
2026-07-26T23:19:35.2032044Z                 "html_url": "https://github.com/pkinerd/ednsv",
2026-07-26T23:19:35.2032349Z                 "id": 1196602452,
2026-07-26T23:19:35.2032579Z                 "is_template": false,
2026-07-26T23:19:35.2033011Z                 "issue_comment_url": "https://api.github.com/repos/pkinerd/ednsv/issues/comments{/number}",
2026-07-26T23:19:35.2033634Z                 "issue_events_url": "https://api.github.com/repos/pkinerd/ednsv/issues/events{/number}",
2026-07-26T23:19:35.2034193Z                 "issues_url": "https://api.github.com/repos/pkinerd/ednsv/issues{/number}",
2026-07-26T23:19:35.2034699Z                 "keys_url": "https://api.github.com/repos/pkinerd/ednsv/keys{/key_id}",
2026-07-26T23:19:35.2035333Z                 "labels_url": "https://api.github.com/repos/pkinerd/ednsv/labels{/name}",
2026-07-26T23:19:35.2035721Z                 "language": "C#",
2026-07-26T23:19:35.2036170Z                 "languages_url": "https://api.github.com/repos/pkinerd/ednsv/languages",
2026-07-26T23:19:35.2036562Z                 "license": null,
2026-07-26T23:19:35.2036821Z                 "merge_commit_message": "PR_TITLE",
2026-07-26T23:19:35.2037353Z                 "merge_commit_title": "MERGE_MESSAGE",
2026-07-26T23:19:35.2037749Z                 "merges_url": "https://api.github.com/repos/pkinerd/ednsv/merges",
2026-07-26T23:19:35.2038275Z                 "milestones_url": "https://api.github.com/repos/pkinerd/ednsv/milestones{/number}",
2026-07-26T23:19:35.2038705Z                 "mirror_url": null,
2026-07-26T23:19:35.2038946Z                 "name": "ednsv",
2026-07-26T23:19:35.2039185Z                 "node_id": "R_kgDOR1K0VA",
2026-07-26T23:19:35.2039700Z                 "notifications_url": "https://api.github.com/repos/pkinerd/ednsv/notifications{?since,all,participating}",
2026-07-26T23:19:35.2040213Z                 "open_issues": 1,
2026-07-26T23:19:35.2040464Z                 "open_issues_count": 1,
2026-07-26T23:19:35.2040716Z                 "owner": {
2026-07-26T23:19:35.2041054Z                   "avatar_url": "https://avatars.githubusercontent.com/u/169779439?v=4",
2026-07-26T23:19:35.2041542Z                   "events_url": "https://api.github.com/users/pkinerd/events{/privacy}",
2026-07-26T23:19:35.2042014Z                   "followers_url": "https://api.github.com/users/pkinerd/followers",
2026-07-26T23:19:35.2042520Z                   "following_url": "https://api.github.com/users/pkinerd/following{/other_user}",
2026-07-26T23:19:35.2043032Z                   "gists_url": "https://api.github.com/users/pkinerd/gists{/gist_id}",
2026-07-26T23:19:35.2043410Z                   "gravatar_id": "",
2026-07-26T23:19:35.2043703Z                   "html_url": "https://github.com/pkinerd",
2026-07-26T23:19:35.2043996Z                   "id": 169779439,
2026-07-26T23:19:35.2044235Z                   "login": "pkinerd",
2026-07-26T23:19:35.2044490Z                   "node_id": "U_kgDOCh6g7w",
2026-07-26T23:19:35.2044862Z                   "organizations_url": "https://api.github.com/users/pkinerd/orgs",
2026-07-26T23:19:35.2045368Z                   "received_events_url": "https://api.github.com/users/pkinerd/received_events",
2026-07-26T23:19:35.2045852Z                   "repos_url": "https://api.github.com/users/pkinerd/repos",
2026-07-26T23:19:35.2046204Z                   "site_admin": false,
2026-07-26T23:19:35.2046588Z                   "starred_url": "https://api.github.com/users/pkinerd/starred{/owner}{/repo}",
2026-07-26T23:19:35.2047427Z                   "subscriptions_url": "https://api.github.com/users/pkinerd/subscriptions",
2026-07-26T23:19:35.2047854Z                   "type": "User",
2026-07-26T23:19:35.2048156Z                   "url": "https://api.github.com/users/pkinerd",
2026-07-26T23:19:35.2048511Z                   "user_view_type": "public"
2026-07-26T23:19:35.2048770Z                 },
2026-07-26T23:19:35.2048989Z                 "private": false,
2026-07-26T23:19:35.2049257Z                 "pull_request_creation_policy": "all",
2026-07-26T23:19:35.2049687Z                 "pulls_url": "https://api.github.com/repos/pkinerd/ednsv/pulls{/number}",
2026-07-26T23:19:35.2050093Z                 "pushed_at": "2026-07-26T23:17:50Z",
2026-07-26T23:19:35.2050493Z                 "releases_url": "https://api.github.com/repos/pkinerd/ednsv/releases{/id}",
2026-07-26T23:19:35.2050892Z                 "size": 42703,
2026-07-26T23:19:35.2051174Z                 "squash_merge_commit_message": "COMMIT_MESSAGES",
2026-07-26T23:19:35.2051527Z                 "squash_merge_commit_title": "COMMIT_OR_PR_TITLE",
2026-07-26T23:19:35.2051872Z                 "ssh_url": "git@github.com:pkinerd/ednsv.git",
2026-07-26T23:19:35.2052322Z                 "stargazers_count": 0,
2026-07-26T23:19:35.2052703Z                 "stargazers_url": "https://api.github.com/repos/pkinerd/ednsv/stargazers",
2026-07-26T23:19:35.2053235Z                 "statuses_url": "https://api.github.com/repos/pkinerd/ednsv/statuses/{sha}",
2026-07-26T23:19:35.2053879Z                 "subscribers_url": "https://api.github.com/repos/pkinerd/ednsv/subscribers",
2026-07-26T23:19:35.2054423Z                 "subscription_url": "https://api.github.com/repos/pkinerd/ednsv/subscription",
2026-07-26T23:19:35.2054869Z                 "svn_url": "https://github.com/pkinerd/ednsv",
2026-07-26T23:19:35.2055253Z                 "tags_url": "https://api.github.com/repos/pkinerd/ednsv/tags",
2026-07-26T23:19:35.2055695Z                 "teams_url": "https://api.github.com/repos/pkinerd/ednsv/teams",
2026-07-26T23:19:35.2056044Z                 "topics": [],
2026-07-26T23:19:35.2056392Z                 "trees_url": "https://api.github.com/repos/pkinerd/ednsv/git/trees{/sha}",
2026-07-26T23:19:35.2056799Z                 "updated_at": "2026-07-24T14:18:46Z",
2026-07-26T23:19:35.2057436Z                 "url": "https://api.github.com/repos/pkinerd/ednsv",
2026-07-26T23:19:35.2058034Z                 "use_squash_pr_title_as_default": false,
2026-07-26T23:19:35.2058371Z                 "visibility": "public",
2026-07-26T23:19:35.2058634Z                 "watchers": 0,
2026-07-26T23:19:35.2058864Z                 "watchers_count": 0,
2026-07-26T23:19:35.2059129Z                 "web_commit_signoff_required": false
2026-07-26T23:19:35.2059395Z               },
2026-07-26T23:19:35.2059637Z               "sha": "f3a0287fd5b39e0c41e35ee6586f8c9c0ef8225d",
2026-07-26T23:19:35.2059934Z               "user": {
2026-07-26T23:19:35.2060265Z                 "avatar_url": "https://avatars.githubusercontent.com/u/169779439?v=4",
2026-07-26T23:19:35.2060759Z                 "events_url": "https://api.github.com/users/pkinerd/events{/privacy}",
2026-07-26T23:19:35.2061240Z                 "followers_url": "https://api.github.com/users/pkinerd/followers",
2026-07-26T23:19:35.2061752Z                 "following_url": "https://api.github.com/users/pkinerd/following{/other_user}",
2026-07-26T23:19:35.2062252Z                 "gists_url": "https://api.github.com/users/pkinerd/gists{/gist_id}",
2026-07-26T23:19:35.2062617Z                 "gravatar_id": "",
2026-07-26T23:19:35.2062892Z                 "html_url": "https://github.com/pkinerd",
2026-07-26T23:19:35.2063186Z                 "id": 169779439,
2026-07-26T23:19:35.2063429Z                 "login": "pkinerd",
2026-07-26T23:19:35.2063682Z                 "node_id": "U_kgDOCh6g7w",
2026-07-26T23:19:35.2064048Z                 "organizations_url": "https://api.github.com/users/pkinerd/orgs",
2026-07-26T23:19:35.2064554Z                 "received_events_url": "https://api.github.com/users/pkinerd/received_events",
2026-07-26T23:19:35.2065029Z                 "repos_url": "https://api.github.com/users/pkinerd/repos",
2026-07-26T23:19:35.2065376Z                 "site_admin": false,
2026-07-26T23:19:35.2065763Z                 "starred_url": "https://api.github.com/users/pkinerd/starred{/owner}{/repo}",
2026-07-26T23:19:35.2066286Z                 "subscriptions_url": "https://api.github.com/users/pkinerd/subscriptions",
2026-07-26T23:19:35.2066683Z                 "type": "User",
2026-07-26T23:19:35.2067174Z                 "url": "https://api.github.com/users/pkinerd",
2026-07-26T23:19:35.2067515Z                 "user_view_type": "public"
2026-07-26T23:19:35.2067758Z               }
2026-07-26T23:19:35.2067938Z             },
2026-07-26T23:19:35.2068190Z             "html_url": "https://github.com/pkinerd/ednsv/pull/28",
2026-07-26T23:19:35.2068507Z             "id": 4134707627,
2026-07-26T23:19:35.2068827Z             "issue_url": "https://api.github.com/repos/pkinerd/ednsv/issues/28",
2026-07-26T23:19:35.2069181Z             "labels": [],
2026-07-26T23:19:35.2069392Z             "locked": false,
2026-07-26T23:19:35.2069624Z             "maintainer_can_modify": false,
2026-07-26T23:19:35.2070123Z             "merge_commit_sha": "bb36ac9b34d340822b61d7f864a81c2a7694de2a",
2026-07-26T23:19:35.2070473Z             "mergeable": null,
2026-07-26T23:19:35.2070708Z             "mergeable_state": "unknown",
2026-07-26T23:19:35.2071065Z             "merged": false,
2026-07-26T23:19:35.2071287Z             "merged_at": null,
2026-07-26T23:19:35.2071505Z             "merged_by": null,
2026-07-26T23:19:35.2071726Z             "milestone": null,
2026-07-26T23:19:35.2071967Z             "node_id": "PR_kwDOR1K0VM72cqGr",
2026-07-26T23:19:35.2072231Z             "number": 28,
2026-07-26T23:19:35.2072528Z             "patch_url": "https://github.com/pkinerd/ednsv/pull/28.patch",
2026-07-26T23:19:35.2072873Z             "rebaseable": null,
2026-07-26T23:19:35.2073114Z             "requested_reviewers": [],
2026-07-26T23:19:35.2073369Z             "requested_teams": [],
2026-07-26T23:19:35.2073792Z             "review_comment_url": "https://api.github.com/repos/pkinerd/ednsv/pulls/comments{/number}",
2026-07-26T23:19:35.2074245Z             "review_comments": 0,
2026-07-26T23:19:35.2074644Z             "review_comments_url": "https://api.github.com/repos/pkinerd/ednsv/pulls/28/comments",
2026-07-26T23:19:35.2075067Z             "state": "open",
2026-07-26T23:19:35.2075551Z             "statuses_url": "https://api.github.com/repos/pkinerd/ednsv/statuses/f3a0287fd5b39e0c41e35ee6586f8c9c0ef8225d",
2026-07-26T23:19:35.2076205Z             "title": "Fix unguarded concurrent file access in config, auth and disk cache",
2026-07-26T23:19:35.2076613Z             "updated_at": "2026-07-26T23:17:51Z",
2026-07-26T23:19:35.2076961Z             "url": "https://api.github.com/repos/pkinerd/ednsv/pulls/28",
2026-07-26T23:19:35.2077626Z             "user": {
2026-07-26T23:19:35.2077964Z               "avatar_url": "https://avatars.githubusercontent.com/u/169779439?v=4",
2026-07-26T23:19:35.2078468Z               "events_url": "https://api.github.com/users/pkinerd/events{/privacy}",
2026-07-26T23:19:35.2078951Z               "followers_url": "https://api.github.com/users/pkinerd/followers",
2026-07-26T23:19:35.2079450Z               "following_url": "https://api.github.com/users/pkinerd/following{/other_user}",
2026-07-26T23:19:35.2079958Z               "gists_url": "https://api.github.com/users/pkinerd/gists{/gist_id}",
2026-07-26T23:19:35.2080320Z               "gravatar_id": "",
2026-07-26T23:19:35.2080592Z               "html_url": "https://github.com/pkinerd",
2026-07-26T23:19:35.2080877Z               "id": 169779439,
2026-07-26T23:19:35.2081106Z               "login": "pkinerd",
2026-07-26T23:19:35.2081376Z               "node_id": "U_kgDOCh6g7w",
2026-07-26T23:19:35.2081737Z               "organizations_url": "https://api.github.com/users/pkinerd/orgs",
2026-07-26T23:19:35.2082232Z               "received_events_url": "https://api.github.com/users/pkinerd/received_events",
2026-07-26T23:19:35.2082702Z               "repos_url": "https://api.github.com/users/pkinerd/repos",
2026-07-26T23:19:35.2083042Z               "site_admin": false,
2026-07-26T23:19:35.2083410Z               "starred_url": "https://api.github.com/users/pkinerd/starred{/owner}{/repo}",
2026-07-26T23:19:35.2083928Z               "subscriptions_url": "https://api.github.com/users/pkinerd/subscriptions",
2026-07-26T23:19:35.2084330Z               "type": "User",
2026-07-26T23:19:35.2084604Z               "url": "https://api.github.com/users/pkinerd",
2026-07-26T23:19:35.2084938Z               "user_view_type": "public"
2026-07-26T23:19:35.2085182Z             }
2026-07-26T23:19:35.2085358Z           },
2026-07-26T23:19:35.2085540Z           "repository": {
2026-07-26T23:19:35.2085760Z             "allow_forking": true,
2026-07-26T23:19:35.2086151Z             "archive_url": "https://api.github.com/repos/pkinerd/ednsv/{archive_format}{/ref}",
2026-07-26T23:19:35.2086566Z             "archived": false,
2026-07-26T23:19:35.2086931Z             "assignees_url": "https://api.github.com/repos/pkinerd/ednsv/assignees{/user}",
2026-07-26T23:19:35.2087746Z             "blobs_url": "https://api.github.com/repos/pkinerd/ednsv/git/blobs{/sha}",
2026-07-26T23:19:35.2088276Z             "branches_url": "https://api.github.com/repos/pkinerd/ednsv/branches{/branch}",
2026-07-26T23:19:35.2088848Z             "clone_url": "https://github.com/pkinerd/ednsv.git",
2026-07-26T23:19:35.2089372Z             "collaborators_url": "https://api.github.com/repos/pkinerd/ednsv/collaborators{/collaborator}",
2026-07-26T23:19:35.2089964Z             "comments_url": "https://api.github.com/repos/pkinerd/ednsv/comments{/number}",
2026-07-26T23:19:35.2090476Z             "commits_url": "https://api.github.com/repos/pkinerd/ednsv/commits{/sha}",
2026-07-26T23:19:35.2091003Z             "compare_url": "https://api.github.com/repos/pkinerd/ednsv/compare/{base}...{head}",
2026-07-26T23:19:35.2091542Z             "contents_url": "https://api.github.com/repos/pkinerd/ednsv/contents/{+path}",
2026-07-26T23:19:35.2092067Z             "contributors_url": "https://api.github.com/repos/pkinerd/ednsv/contributors",
2026-07-26T23:19:35.2092487Z             "created_at": "2026-03-30T21:24:40Z",
2026-07-26T23:19:35.2092764Z             "default_branch": "main",
2026-07-26T23:19:35.2093144Z             "deployments_url": "https://api.github.com/repos/pkinerd/ednsv/deployments",
2026-07-26T23:19:35.2093538Z             "description": null,
2026-07-26T23:19:35.2093780Z             "disabled": false,
2026-07-26T23:19:35.2094121Z             "downloads_url": "https://api.github.com/repos/pkinerd/ednsv/downloads",
2026-07-26T23:19:35.2094595Z             "events_url": "https://api.github.com/repos/pkinerd/ednsv/events",
2026-07-26T23:19:35.2094953Z             "fork": false,
2026-07-26T23:19:35.2095170Z             "forks": 0,
2026-07-26T23:19:35.2095385Z             "forks_count": 0,
2026-07-26T23:19:35.2095712Z             "forks_url": "https://api.github.com/repos/pkinerd/ednsv/forks",
2026-07-26T23:19:35.2096074Z             "full_name": "pkinerd/ednsv",
2026-07-26T23:19:35.2096485Z             "git_commits_url": "https://api.github.com/repos/pkinerd/ednsv/git/commits{/sha}",
2026-07-26T23:19:35.2097273Z             "git_refs_url": "https://api.github.com/repos/pkinerd/ednsv/git/refs{/sha}",
2026-07-26T23:19:35.2097801Z             "git_tags_url": "https://api.github.com/repos/pkinerd/ednsv/git/tags{/sha}",
2026-07-26T23:19:35.2098228Z             "git_url": "git://github.com/pkinerd/ednsv.git",
2026-07-26T23:19:35.2098544Z             "has_discussions": false,
2026-07-26T23:19:35.2098800Z             "has_downloads": false,
2026-07-26T23:19:35.2099044Z             "has_issues": true,
2026-07-26T23:19:35.2099272Z             "has_pages": false,
2026-07-26T23:19:35.2099499Z             "has_projects": true,
2026-07-26T23:19:35.2099739Z             "has_pull_requests": true,
2026-07-26T23:19:35.2099984Z             "has_wiki": true,
2026-07-26T23:19:35.2100206Z             "homepage": null,
2026-07-26T23:19:35.2100519Z             "hooks_url": "https://api.github.com/repos/pkinerd/ednsv/hooks",
2026-07-26T23:19:35.2100920Z             "html_url": "https://github.com/pkinerd/ednsv",
2026-07-26T23:19:35.2101213Z             "id": 1196602452,
2026-07-26T23:19:35.2101429Z             "is_template": false,
2026-07-26T23:19:35.2101849Z             "issue_comment_url": "https://api.github.com/repos/pkinerd/ednsv/issues/comments{/number}",
2026-07-26T23:19:35.2102454Z             "issue_events_url": "https://api.github.com/repos/pkinerd/ednsv/issues/events{/number}",
2026-07-26T23:19:35.2103001Z             "issues_url": "https://api.github.com/repos/pkinerd/ednsv/issues{/number}",
2026-07-26T23:19:35.2103494Z             "keys_url": "https://api.github.com/repos/pkinerd/ednsv/keys{/key_id}",
2026-07-26T23:19:35.2103978Z             "labels_url": "https://api.github.com/repos/pkinerd/ednsv/labels{/name}",
2026-07-26T23:19:35.2104355Z             "language": "C#",
2026-07-26T23:19:35.2104695Z             "languages_url": "https://api.github.com/repos/pkinerd/ednsv/languages",
2026-07-26T23:19:35.2105207Z             "license": null,
2026-07-26T23:19:35.2105528Z             "merges_url": "https://api.github.com/repos/pkinerd/ednsv/merges",
2026-07-26T23:19:35.2106036Z             "milestones_url": "https://api.github.com/repos/pkinerd/ednsv/milestones{/number}",
2026-07-26T23:19:35.2106565Z             "mirror_url": null,
2026-07-26T23:19:35.2106798Z             "name": "ednsv",
2026-07-26T23:19:35.2107157Z             "node_id": "R_kgDOR1K0VA",
2026-07-26T23:19:35.2107658Z             "notifications_url": "https://api.github.com/repos/pkinerd/ednsv/notifications{?since,all,participating}",
2026-07-26T23:19:35.2108163Z             "open_issues": 1,
2026-07-26T23:19:35.2108394Z             "open_issues_count": 1,
2026-07-26T23:19:35.2108632Z             "owner": {
2026-07-26T23:19:35.2108953Z               "avatar_url": "https://avatars.githubusercontent.com/u/169779439?v=4",
2026-07-26T23:19:35.2109455Z               "events_url": "https://api.github.com/users/pkinerd/events{/privacy}",
2026-07-26T23:19:35.2109929Z               "followers_url": "https://api.github.com/users/pkinerd/followers",
2026-07-26T23:19:35.2110429Z               "following_url": "https://api.github.com/users/pkinerd/following{/other_user}",
2026-07-26T23:19:35.2110932Z               "gists_url": "https://api.github.com/users/pkinerd/gists{/gist_id}",
2026-07-26T23:19:35.2111291Z               "gravatar_id": "",
2026-07-26T23:19:35.2111557Z               "html_url": "https://github.com/pkinerd",
2026-07-26T23:19:35.2111838Z               "id": 169779439,
2026-07-26T23:19:35.2112061Z               "login": "pkinerd",
2026-07-26T23:19:35.2112298Z               "node_id": "U_kgDOCh6g7w",
2026-07-26T23:19:35.2112654Z               "organizations_url": "https://api.github.com/users/pkinerd/orgs",
2026-07-26T23:19:35.2113146Z               "received_events_url": "https://api.github.com/users/pkinerd/received_events",
2026-07-26T23:19:35.2113611Z               "repos_url": "https://api.github.com/users/pkinerd/repos",
2026-07-26T23:19:35.2113955Z               "site_admin": false,
2026-07-26T23:19:35.2114319Z               "starred_url": "https://api.github.com/users/pkinerd/starred{/owner}{/repo}",
2026-07-26T23:19:35.2114847Z               "subscriptions_url": "https://api.github.com/users/pkinerd/subscriptions",
2026-07-26T23:19:35.2115238Z               "type": "User",
2026-07-26T23:19:35.2115506Z               "url": "https://api.github.com/users/pkinerd",
2026-07-26T23:19:35.2115807Z               "user_view_type": "public"
2026-07-26T23:19:35.2116046Z             },
2026-07-26T23:19:35.2116232Z             "private": false,
2026-07-26T23:19:35.2116478Z             "pull_request_creation_policy": "all",
2026-07-26T23:19:35.2116870Z             "pulls_url": "https://api.github.com/repos/pkinerd/ednsv/pulls{/number}",
2026-07-26T23:19:35.2117508Z             "pushed_at": "2026-07-26T23:17:50Z",
2026-07-26T23:19:35.2117900Z             "releases_url": "https://api.github.com/repos/pkinerd/ednsv/releases{/id}",
2026-07-26T23:19:35.2118282Z             "size": 42703,
2026-07-26T23:19:35.2118539Z             "ssh_url": "git@github.com:pkinerd/ednsv.git",
2026-07-26T23:19:35.2118836Z             "stargazers_count": 0,
2026-07-26T23:19:35.2119196Z             "stargazers_url": "https://api.github.com/repos/pkinerd/ednsv/stargazers",
2026-07-26T23:19:35.2119707Z             "statuses_url": "https://api.github.com/repos/pkinerd/ednsv/statuses/{sha}",
2026-07-26T23:19:35.2120223Z             "subscribers_url": "https://api.github.com/repos/pkinerd/ednsv/subscribers",
2026-07-26T23:19:35.2120746Z             "subscription_url": "https://api.github.com/repos/pkinerd/ednsv/subscription",
2026-07-26T23:19:35.2121185Z             "svn_url": "https://github.com/pkinerd/ednsv",
2026-07-26T23:19:35.2121573Z             "tags_url": "https://api.github.com/repos/pkinerd/ednsv/tags",
2026-07-26T23:19:35.2122012Z             "teams_url": "https://api.github.com/repos/pkinerd/ednsv/teams",
2026-07-26T23:19:35.2122361Z             "topics": [],
2026-07-26T23:19:35.2122827Z             "trees_url": "https://api.github.com/repos/pkinerd/ednsv/git/trees{/sha}",
2026-07-26T23:19:35.2123221Z             "updated_at": "2026-07-24T14:18:46Z",
2026-07-26T23:19:35.2123570Z             "url": "https://api.github.com/repos/pkinerd/ednsv",
2026-07-26T23:19:35.2124043Z             "visibility": "public",
2026-07-26T23:19:35.2124293Z             "watchers": 0,
2026-07-26T23:19:35.2124515Z             "watchers_count": 0,
2026-07-26T23:19:35.2124766Z             "web_commit_signoff_required": false
2026-07-26T23:19:35.2125027Z           },
2026-07-26T23:19:35.2125208Z           "sender": {
2026-07-26T23:19:35.2125526Z             "avatar_url": "https://avatars.githubusercontent.com/u/169779439?v=4",
2026-07-26T23:19:35.2126005Z             "events_url": "https://api.github.com/users/pkinerd/events{/privacy}",
2026-07-26T23:19:35.2126466Z             "followers_url": "https://api.github.com/users/pkinerd/followers",
2026-07-26T23:19:35.2126957Z             "following_url": "https://api.github.com/users/pkinerd/following{/other_user}",
2026-07-26T23:19:35.2128024Z             "gists_url": "https://api.github.com/users/pkinerd/gists{/gist_id}",
2026-07-26T23:19:35.2128464Z             "gravatar_id": "",
2026-07-26T23:19:35.2128732Z             "html_url": "https://github.com/pkinerd",
2026-07-26T23:19:35.2129020Z             "id": 169779439,
2026-07-26T23:19:35.2129240Z             "login": "pkinerd",
2026-07-26T23:19:35.2129477Z             "node_id": "U_kgDOCh6g7w",
2026-07-26T23:19:35.2129828Z             "organizations_url": "https://api.github.com/users/pkinerd/orgs",
2026-07-26T23:19:35.2130323Z             "received_events_url": "https://api.github.com/users/pkinerd/received_events",
2026-07-26T23:19:35.2130791Z             "repos_url": "https://api.github.com/users/pkinerd/repos",
2026-07-26T23:19:35.2131140Z             "site_admin": false,
2026-07-26T23:19:35.2131506Z             "starred_url": "https://api.github.com/users/pkinerd/starred{/owner}{/repo}",
2026-07-26T23:19:35.2132026Z             "subscriptions_url": "https://api.github.com/users/pkinerd/subscriptions",
2026-07-26T23:19:35.2132418Z             "type": "User",
2026-07-26T23:19:35.2132681Z             "url": "https://api.github.com/users/pkinerd",
2026-07-26T23:19:35.2132989Z             "user_view_type": "public"
2026-07-26T23:19:35.2133230Z           }
2026-07-26T23:19:35.2133404Z         },
2026-07-26T23:19:35.2133588Z         "github_job": "docker",
2026-07-26T23:19:35.2133828Z         "github_ref": "refs/pull/28/merge",
2026-07-26T23:19:35.2134096Z         "github_ref_name": "28/merge",
2026-07-26T23:19:35.2134351Z         "github_ref_protected": "false",
2026-07-26T23:19:35.2134611Z         "github_ref_type": "branch",
2026-07-26T23:19:35.2134872Z         "github_repository": "pkinerd/ednsv",
2026-07-26T23:19:35.2135151Z         "github_repository_id": "1196602452",
2026-07-26T23:19:35.2135427Z         "github_repository_owner": "pkinerd",
2026-07-26T23:19:35.2135713Z         "github_repository_owner_id": "169779439",
2026-07-26T23:19:35.2136004Z         "github_run_attempt": "1",
2026-07-26T23:19:35.2136249Z         "github_run_id": "30224943921",
2026-07-26T23:19:35.2136502Z         "github_run_number": "230",
2026-07-26T23:19:35.2136745Z         "github_runner_arch": "X64",
2026-07-26T23:19:35.2137177Z         "github_runner_environment": "github-hosted",
2026-07-26T23:19:35.2137487Z         "github_runner_image_os": "ubuntu24",
2026-07-26T23:19:35.2137793Z         "github_runner_image_version": "20260720.247.2",
2026-07-26T23:19:35.2138170Z         "github_runner_name": "GitHub Actions 1000002229",
2026-07-26T23:19:35.2138469Z         "github_runner_os": "Linux",
2026-07-26T23:19:35.2138835Z         "github_runner_tracking_id": "github_77fbe702-ef43-439a-9c2e-a2851f753d83",
2026-07-26T23:19:35.2139248Z         "github_server_url": "https://github.com",
2026-07-26T23:19:35.2139551Z         "github_triggering_actor": "pkinerd",
2026-07-26T23:19:35.2139829Z         "github_workflow": "CI",
2026-07-26T23:19:35.2140212Z         "github_workflow_ref": "pkinerd/ednsv/.github/workflows/ci.yml@refs/pull/28/merge",
2026-07-26T23:19:35.2140874Z         "github_workflow_sha": "bf20121a2ddebf7389ff1290178d96cf5e784a48",
2026-07-26T23:19:35.2141232Z         "platform": "linux/amd64"
2026-07-26T23:19:35.2141462Z       }
2026-07-26T23:19:35.2141724Z     }
2026-07-26T23:19:35.2141889Z   },
2026-07-26T23:19:35.2142428Z   "buildx.build.ref": "builder-80787558-c42a-472c-aee2-0a15d61e2f0a/builder-80787558-c42a-472c-aee2-0a15d61e2f0a0/vdl059x3rhfcbbox2szb8d0il",
2026-07-26T23:19:35.2143066Z   "containerimage.descriptor": {
2026-07-26T23:19:35.2143376Z     "mediaType": "application/vnd.oci.image.index.v1+json",
2026-07-26T23:19:35.2143840Z     "digest": "sha256:db7387c490f7e9bc2c82973198fa8543952a3f65cdb3e2e1c59345eec6168374",
2026-07-26T23:19:35.2144242Z     "size": 856
2026-07-26T23:19:35.2144424Z   },
2026-07-26T23:19:35.2144800Z   "containerimage.digest": "sha256:db7387c490f7e9bc2c82973198fa8543952a3f65cdb3e2e1c59345eec6168374",
2026-07-26T23:19:35.2145509Z   "image.name": "ghcr.io/pkinerd/ednsv:pr-28,ghcr.io/pkinerd/ednsv:latest-any,ghcr.io/pkinerd/ednsv:sha-bf20121"
2026-07-26T23:19:35.2145989Z }
2026-07-26T23:19:35.2146381Z ##[endgroup]
2026-07-26T23:19:35.2146755Z ##[group]Reference
2026-07-26T23:19:35.2147406Z builder-80787558-c42a-472c-aee2-0a15d61e2f0a/builder-80787558-c42a-472c-aee2-0a15d61e2f0a0/vdl059x3rhfcbbox2szb8d0il
2026-07-26T23:19:35.2148068Z ##[endgroup]
2026-07-26T23:19:35.2148390Z ##[group]Check build summary support
2026-07-26T23:19:35.2148781Z Build summary supported!
2026-07-26T23:19:35.2149115Z ##[endgroup]
2026-07-26T23:19:35.2244972Z Node 20 is being deprecated. This workflow is running with Node 24 by default. If you need to temporarily use Node 20, you can set the ACTIONS_ALLOW_USE_UNSECURE_NODE_VERSION=true environment variable. For more information see: https://github.blog/changelog/2025-09-19-deprecation-of-node-20-on-github-actions-runners/
2026-07-26T23:19:35.2246240Z Post job cleanup.
2026-07-26T23:19:35.4596218Z ##[group]Generating build summary
2026-07-26T23:19:35.4601414Z exporting build record to /home/runner/work/_temp/docker-actions-toolkit-cJN4uu/export
2026-07-26T23:19:35.4614983Z (node:3282) [DEP0040] DeprecationWarning: The `punycode` module is deprecated. Please use a userland alternative instead.
2026-07-26T23:19:35.4615880Z (Use `node --trace-deprecation ...` to show where the warning was created)
2026-07-26T23:19:35.6601565Z [command]/usr/bin/docker buildx history export --builder builder-80787558-c42a-472c-aee2-0a15d61e2f0a --output /home/runner/work/_temp/docker-actions-toolkit-cJN4uu/export/pkinerd~ednsv~VDL059.dockerbuild vdl059x3rhfcbbox2szb8d0il --finalize
2026-07-26T23:19:35.9098068Z Build record written to /home/runner/work/_temp/docker-actions-toolkit-cJN4uu/export/pkinerd~ednsv~VDL059.dockerbuild (58.33 KB)
2026-07-26T23:19:35.9128701Z Uploading pkinerd~ednsv~VDL059.dockerbuild to blob storage
2026-07-26T23:19:36.2427469Z Beginning upload of artifact content to blob storage
2026-07-26T23:19:36.2515113Z (node:3282) [DEP0169] DeprecationWarning: `url.parse()` behavior is not standardized and prone to errors that have security implications. Use the WHATWG URL API instead. CVEs are not issued for `url.parse()` vulnerabilities.
2026-07-26T23:19:36.2523432Z Uploaded bytes 59727
2026-07-26T23:19:36.7034674Z Finished uploading artifact content to blob storage!
2026-07-26T23:19:36.7039955Z SHA256 hash of uploaded artifact is bb5b8cde3e57787923233885b0ccb3b8c713c4ca1a62bb8f09e79bc4f0ebed5e
2026-07-26T23:19:36.7041248Z Finalizing artifact upload
2026-07-26T23:19:37.0845632Z Artifact successfully finalized (8638297660)
2026-07-26T23:19:37.0847788Z Artifact download URL: https://github.com/pkinerd/ednsv/actions/runs/30224943921/artifacts/8638297660
2026-07-26T23:19:37.0878408Z Writing summary
2026-07-26T23:19:37.0891393Z ##[endgroup]
2026-07-26T23:19:37.0892297Z ##[group]Removing temp folder /home/runner/work/_temp/docker-actions-toolkit-zWMrUQ
2026-07-26T23:19:37.0894315Z ##[endgroup]
2026-07-26T23:19:37.0895307Z ##[group]Post cache
2026-07-26T23:19:37.0896629Z State not set
2026-07-26T23:19:37.0897634Z ##[endgroup]
2026-07-26T23:19:37.1049508Z Node 20 is being deprecated. This workflow is running with Node 24 by default. If you need to temporarily use Node 20, you can set the ACTIONS_ALLOW_USE_UNSECURE_NODE_VERSION=true environment variable. For more information see: https://github.blog/changelog/2025-09-19-deprecation-of-node-20-on-github-actions-runners/
2026-07-26T23:19:37.1050767Z Post job cleanup.
2026-07-26T23:19:37.4186383Z ##[group]Logout from ghcr.io
2026-07-26T23:19:37.4210507Z (node:3428) [DEP0040] DeprecationWarning: The `punycode` module is deprecated. Please use a userland alternative instead.
2026-07-26T23:19:37.4211715Z (Use `node --trace-deprecation ...` to show where the warning was created)
2026-07-26T23:19:37.4237842Z [command]/usr/bin/docker logout ghcr.io
2026-07-26T23:19:37.4382000Z Removing login credentials for ghcr.io
2026-07-26T23:19:37.4416340Z ##[endgroup]
2026-07-26T23:19:37.4417556Z ##[group]Post cache
2026-07-26T23:19:37.4419174Z State not set
2026-07-26T23:19:37.4420129Z ##[endgroup]
2026-07-26T23:19:37.4607753Z Node 20 is being deprecated. This workflow is running with Node 24 by default. If you need to temporarily use Node 20, you can set the ACTIONS_ALLOW_USE_UNSECURE_NODE_VERSION=true environment variable. For more information see: https://github.blog/changelog/2025-09-19-deprecation-of-node-20-on-github-actions-runners/
2026-07-26T23:19:37.4609972Z Post job cleanup.
2026-07-26T23:19:37.7226745Z ##[group]Removing builder
2026-07-26T23:19:37.7234495Z (node:3448) [DEP0040] DeprecationWarning: The `punycode` module is deprecated. Please use a userland alternative instead.
2026-07-26T23:19:37.7235795Z (Use `node --trace-deprecation ...` to show where the warning was created)
2026-07-26T23:19:37.8308116Z [command]/usr/bin/docker buildx rm builder-80787558-c42a-472c-aee2-0a15d61e2f0a
2026-07-26T23:19:38.5021219Z builder-80787558-c42a-472c-aee2-0a15d61e2f0a removed
2026-07-26T23:19:38.5068223Z ##[endgroup]
2026-07-26T23:19:38.5068931Z ##[group]Cleaning up certificates
2026-07-26T23:19:38.5071584Z ##[endgroup]
2026-07-26T23:19:38.5072356Z ##[group]Post cache
2026-07-26T23:19:38.5073854Z State not set
2026-07-26T23:19:38.5074734Z ##[endgroup]
2026-07-26T23:19:38.5291098Z Node 20 is being deprecated. This workflow is running with Node 24 by default. If you need to temporarily use Node 20, you can set the ACTIONS_ALLOW_USE_UNSECURE_NODE_VERSION=true environment variable. For more information see: https://github.blog/changelog/2025-09-19-deprecation-of-node-20-on-github-actions-runners/
2026-07-26T23:19:38.5293444Z Post job cleanup.
2026-07-26T23:19:38.6129887Z [command]/usr/bin/git version
2026-07-26T23:19:38.6173508Z git version 2.54.0
2026-07-26T23:19:38.6245070Z Temporarily overriding HOME='/home/runner/work/_temp/f871dca8-c787-41f3-821b-1743a57c5e1c' before making global git config changes
2026-07-26T23:19:38.6246438Z Adding repository directory to the temporary git global config as a safe directory
2026-07-26T23:19:38.6250924Z [command]/usr/bin/git config --global --add safe.directory /home/runner/work/ednsv/ednsv
2026-07-26T23:19:38.6293376Z [command]/usr/bin/git config --local --name-only --get-regexp core\.sshCommand
2026-07-26T23:19:38.6336655Z [command]/usr/bin/git submodule foreach --recursive sh -c "git config --local --name-only --get-regexp 'core\.sshCommand' && git config --local --unset-all 'core.sshCommand' || :"
2026-07-26T23:19:38.6597317Z [command]/usr/bin/git config --local --name-only --get-regexp http\.https\:\/\/github\.com\/\.extraheader
2026-07-26T23:19:38.6632823Z http.https://github.com/.extraheader
2026-07-26T23:19:38.6643907Z [command]/usr/bin/git config --local --unset-all http.https://github.com/.extraheader
2026-07-26T23:19:38.6681556Z [command]/usr/bin/git submodule foreach --recursive sh -c "git config --local --name-only --get-regexp 'http\.https\:\/\/github\.com\/\.extraheader' && git config --local --unset-all 'http.https://github.com/.extraheader' || :"
2026-07-26T23:19:38.6971209Z [command]/usr/bin/git config --local --name-only --get-regexp ^includeIf\.gitdir:
2026-07-26T23:19:38.7008871Z [command]/usr/bin/git submodule foreach --recursive git config --local --show-origin --name-only --get-regexp remote.origin.url
2026-07-26T23:19:38.7404063Z Cleaning up orphan processes
2026-07-26T23:19:38.7892656Z ##[warning]Node.js 20 is deprecated. The following actions target Node.js 20 but are being forced to run on Node.js 24: actions/checkout@v4, docker/build-push-action@v6, docker/login-action@v3, docker/metadata-action@v5, docker/setup-buildx-action@v3. For more information see: https://github.blog/changelog/2025-09-19-deprecation-of-node-20-on-github-actions-runners/
