2026-07-29T03:30:55.0515193Z Current runner version: '2.336.0'
2026-07-29T03:30:55.0541762Z ##[group]Runner Image Provisioner
2026-07-29T03:30:55.0542665Z Hosted Compute Agent
2026-07-29T03:30:55.0543320Z Version: 20260707.563
2026-07-29T03:30:55.0543993Z Commit: 02667638d2b423fbc733a8e32a88b44996a3ba6e
2026-07-29T03:30:55.0544697Z Build Date: 2026-07-07T19:33:50Z
2026-07-29T03:30:55.0545416Z Worker ID: {65b99426-c121-402c-9e6d-354b2ba1d41d}
2026-07-29T03:30:55.0546113Z Azure Region: eastus
2026-07-29T03:30:55.0547068Z ##[endgroup]
2026-07-29T03:30:55.0549439Z ##[group]Operating System
2026-07-29T03:30:55.0550093Z Ubuntu
2026-07-29T03:30:55.0550831Z 24.04.4
2026-07-29T03:30:55.0551333Z LTS
2026-07-29T03:30:55.0551847Z ##[endgroup]
2026-07-29T03:30:55.0552452Z ##[group]Runner Image
2026-07-29T03:30:55.0553068Z Image: ubuntu-24.04
2026-07-29T03:30:55.0553685Z Version: 20260720.247.2
2026-07-29T03:30:55.0554905Z Included Software: https://github.com/actions/runner-images/blob/ubuntu24/20260720.247/images/ubuntu/Ubuntu2404-Readme.md
2026-07-29T03:30:55.0556814Z Image Release: https://github.com/actions/runner-images/releases/tag/ubuntu24%2F20260720.247
2026-07-29T03:30:55.0557845Z ##[endgroup]
2026-07-29T03:30:55.0559089Z ##[group]GITHUB_TOKEN Permissions
2026-07-29T03:30:55.0561268Z Contents: read
2026-07-29T03:30:55.0561852Z Metadata: read
2026-07-29T03:30:55.0562541Z Packages: write
2026-07-29T03:30:55.0563093Z ##[endgroup]
2026-07-29T03:30:55.0565461Z Secret source: Actions
2026-07-29T03:30:55.0567100Z Prepare workflow directory
2026-07-29T03:30:55.1090997Z Prepare all required actions
2026-07-29T03:30:55.1140083Z Getting action download info
2026-07-29T03:30:55.3351608Z Download action repository 'actions/checkout@v4' (SHA:11d5960a326750d5838078e36cf38b85af677262)
2026-07-29T03:30:55.5507423Z Download action repository 'docker/setup-buildx-action@v3' (SHA:8d2750c68a42422c14e847fe6c8ac0403b4cbd6f)
2026-07-29T03:30:55.7371150Z Download action repository 'docker/login-action@v3' (SHA:c94ce9fb468520275223c153574b00df6fe4bcc9)
2026-07-29T03:30:55.9380315Z Download action repository 'docker/metadata-action@v5' (SHA:c299e40c65443455700f0fdfc63efafe5b349051)
2026-07-29T03:30:56.1858140Z Download action repository 'docker/build-push-action@v6' (SHA:10e90e3645eae34f1e60eeb005ba3a3d33f178e8)
2026-07-29T03:30:56.4716609Z Complete job name: Build & Push Docker Image
2026-07-29T03:30:56.5562044Z Node 20 is being deprecated. This workflow is running with Node 24 by default. If you need to temporarily use Node 20, you can set the ACTIONS_ALLOW_USE_UNSECURE_NODE_VERSION=true environment variable. For more information see: https://github.blog/changelog/2025-09-19-deprecation-of-node-20-on-github-actions-runners/
2026-07-29T03:30:56.5571165Z ##[group]Run actions/checkout@v4
2026-07-29T03:30:56.5571930Z with:
2026-07-29T03:30:56.5572364Z   repository: pkinerd/ednsv
2026-07-29T03:30:56.5576489Z   token: ***
2026-07-29T03:30:56.5576928Z   ssh-strict: true
2026-07-29T03:30:56.5577354Z   ssh-user: git
2026-07-29T03:30:56.5577790Z   persist-credentials: true
2026-07-29T03:30:56.5578293Z   clean: true
2026-07-29T03:30:56.5578718Z   sparse-checkout-cone-mode: true
2026-07-29T03:30:56.5579236Z   fetch-depth: 1
2026-07-29T03:30:56.5579663Z   fetch-tags: false
2026-07-29T03:30:56.5580107Z   show-progress: true
2026-07-29T03:30:56.5580553Z   lfs: false
2026-07-29T03:30:56.5580997Z   submodules: false
2026-07-29T03:30:56.5581443Z   set-safe-directory: true
2026-07-29T03:30:56.5581931Z   allow-unsafe-pr-checkout: false
2026-07-29T03:30:56.5582710Z env:
2026-07-29T03:30:56.5583112Z   REGISTRY: ghcr.io
2026-07-29T03:30:56.5583562Z   IMAGE_NAME: pkinerd/ednsv
2026-07-29T03:30:56.5584028Z ##[endgroup]
2026-07-29T03:30:56.6730020Z Syncing repository: pkinerd/ednsv
2026-07-29T03:30:56.6733087Z ##[group]Getting Git version info
2026-07-29T03:30:56.6734328Z Working directory is '/home/runner/work/ednsv/ednsv'
2026-07-29T03:30:56.6736112Z [command]/usr/bin/git version
2026-07-29T03:30:56.6737459Z git version 2.54.0
2026-07-29T03:30:56.6749997Z ##[endgroup]
2026-07-29T03:30:56.6763627Z Temporarily overriding HOME='/home/runner/work/_temp/ccfb384d-1912-4c06-9944-d8bfa53f2922' before making global git config changes
2026-07-29T03:30:56.6766967Z Adding repository directory to the temporary git global config as a safe directory
2026-07-29T03:30:56.6770293Z [command]/usr/bin/git config --global --add safe.directory /home/runner/work/ednsv/ednsv
2026-07-29T03:30:56.6828181Z Deleting the contents of '/home/runner/work/ednsv/ednsv'
2026-07-29T03:30:56.6832826Z ##[group]Initializing the repository
2026-07-29T03:30:56.6836763Z [command]/usr/bin/git init /home/runner/work/ednsv/ednsv
2026-07-29T03:30:56.6939071Z hint: Using 'master' as the name for the initial branch. This default branch name
2026-07-29T03:30:56.6940799Z hint: will change to "main" in Git 3.0. To configure the initial branch name
2026-07-29T03:30:56.6942361Z hint: to use in all of your new repositories, which will suppress this warning,
2026-07-29T03:30:56.6943584Z hint: call:
2026-07-29T03:30:56.6944252Z hint:
2026-07-29T03:30:56.6945133Z hint: 	git config --global init.defaultBranch <name>
2026-07-29T03:30:56.6946144Z hint:
2026-07-29T03:30:56.6947344Z hint: Names commonly chosen instead of 'master' are 'main', 'trunk' and
2026-07-29T03:30:56.6948893Z hint: 'development'. The just-created branch can be renamed via this command:
2026-07-29T03:30:56.6950166Z hint:
2026-07-29T03:30:56.6950825Z hint: 	git branch -m <name>
2026-07-29T03:30:56.6951566Z hint:
2026-07-29T03:30:56.6952546Z hint: Disable this message with "git config set advice.defaultBranchName false"
2026-07-29T03:30:56.6954417Z Initialized empty Git repository in /home/runner/work/ednsv/ednsv/.git/
2026-07-29T03:30:56.6962127Z [command]/usr/bin/git remote add origin https://github.com/pkinerd/ednsv
2026-07-29T03:30:56.7010991Z ##[endgroup]
2026-07-29T03:30:56.7012341Z ##[group]Disabling automatic garbage collection
2026-07-29T03:30:56.7016023Z [command]/usr/bin/git config --local gc.auto 0
2026-07-29T03:30:56.7054844Z ##[endgroup]
2026-07-29T03:30:56.7056578Z ##[group]Setting up auth
2026-07-29T03:30:56.7063270Z [command]/usr/bin/git config --local --name-only --get-regexp core\.sshCommand
2026-07-29T03:30:56.7105976Z [command]/usr/bin/git submodule foreach --recursive sh -c "git config --local --name-only --get-regexp 'core\.sshCommand' && git config --local --unset-all 'core.sshCommand' || :"
2026-07-29T03:30:56.7498202Z [command]/usr/bin/git config --local --name-only --get-regexp http\.https\:\/\/github\.com\/\.extraheader
2026-07-29T03:30:56.7536927Z [command]/usr/bin/git submodule foreach --recursive sh -c "git config --local --name-only --get-regexp 'http\.https\:\/\/github\.com\/\.extraheader' && git config --local --unset-all 'http.https://github.com/.extraheader' || :"
2026-07-29T03:30:56.7778877Z [command]/usr/bin/git config --local --name-only --get-regexp ^includeIf\.gitdir:
2026-07-29T03:30:56.7817997Z [command]/usr/bin/git submodule foreach --recursive git config --local --show-origin --name-only --get-regexp remote.origin.url
2026-07-29T03:30:56.8049936Z [command]/usr/bin/git config --local http.https://github.com/.extraheader AUTHORIZATION: basic ***
2026-07-29T03:30:56.8091661Z ##[endgroup]
2026-07-29T03:30:56.8092957Z ##[group]Fetching the repository
2026-07-29T03:30:56.8108493Z [command]/usr/bin/git -c protocol.version=2 fetch --no-tags --prune --no-recurse-submodules --depth=1 origin +5f0802beeb402503cc257d552100de7707ed3651:refs/remotes/origin/main
2026-07-29T03:30:57.1119687Z From https://github.com/pkinerd/ednsv
2026-07-29T03:30:57.1121130Z  * [new ref]         5f0802beeb402503cc257d552100de7707ed3651 -> origin/main
2026-07-29T03:30:57.1155066Z ##[endgroup]
2026-07-29T03:30:57.1157270Z ##[group]Determining the checkout info
2026-07-29T03:30:57.1159772Z ##[endgroup]
2026-07-29T03:30:57.1167635Z [command]/usr/bin/git sparse-checkout disable
2026-07-29T03:30:57.1230974Z [command]/usr/bin/git config --local --unset-all extensions.worktreeConfig
2026-07-29T03:30:57.1257757Z ##[group]Checking out the ref
2026-07-29T03:30:57.1260598Z [command]/usr/bin/git checkout --progress --force -B main refs/remotes/origin/main
2026-07-29T03:30:57.1421708Z Switched to a new branch 'main'
2026-07-29T03:30:57.1425262Z branch 'main' set up to track 'origin/main'.
2026-07-29T03:30:57.1445416Z ##[endgroup]
2026-07-29T03:30:57.1485931Z [command]/usr/bin/git log -1 --format=%H
2026-07-29T03:30:57.1516645Z 5f0802beeb402503cc257d552100de7707ed3651
2026-07-29T03:30:57.1802504Z ##[group]Run if [ "push" != "pull_request" ]; then
2026-07-29T03:30:57.1804248Z [36;1mif [ "push" != "pull_request" ]; then[0m
2026-07-29T03:30:57.1805799Z [36;1m  echo "push=true" >> "$GITHUB_OUTPUT"[0m
2026-07-29T03:30:57.1807620Z [36;1melif [ "" = "pkinerd/ednsv" ]; then[0m
2026-07-29T03:30:57.1809107Z [36;1m  echo "push=true" >> "$GITHUB_OUTPUT"[0m
2026-07-29T03:30:57.1810487Z [36;1melse[0m
2026-07-29T03:30:57.1811576Z [36;1m  echo "push=false" >> "$GITHUB_OUTPUT"[0m
2026-07-29T03:30:57.1812958Z [36;1mfi[0m
2026-07-29T03:30:57.1861994Z shell: /usr/bin/bash -e {0}
2026-07-29T03:30:57.1863196Z env:
2026-07-29T03:30:57.1864127Z   REGISTRY: ghcr.io
2026-07-29T03:30:57.1865174Z   IMAGE_NAME: pkinerd/ednsv
2026-07-29T03:30:57.1866527Z ##[endgroup]
2026-07-29T03:30:57.2192082Z Node 20 is being deprecated. This workflow is running with Node 24 by default. If you need to temporarily use Node 20, you can set the ACTIONS_ALLOW_USE_UNSECURE_NODE_VERSION=true environment variable. For more information see: https://github.blog/changelog/2025-09-19-deprecation-of-node-20-on-github-actions-runners/
2026-07-29T03:30:57.2198061Z ##[group]Run docker/setup-buildx-action@v3
2026-07-29T03:30:57.2199300Z with:
2026-07-29T03:30:57.2200160Z   driver: docker-container
2026-07-29T03:30:57.2201201Z   use: true
2026-07-29T03:30:57.2202056Z   keep-state: false
2026-07-29T03:30:57.2202987Z   cache-binary: true
2026-07-29T03:30:57.2203943Z   cleanup: true
2026-07-29T03:30:57.2204821Z   install: false
2026-07-29T03:30:57.2205693Z env:
2026-07-29T03:30:57.2206806Z   REGISTRY: ghcr.io
2026-07-29T03:30:57.2207774Z   IMAGE_NAME: pkinerd/ednsv
2026-07-29T03:30:57.2208809Z ##[endgroup]
2026-07-29T03:30:57.4904589Z (node:2234) [DEP0040] DeprecationWarning: The `punycode` module is deprecated. Please use a userland alternative instead.
2026-07-29T03:30:57.4910120Z (Use `node --trace-deprecation ...` to show where the warning was created)
2026-07-29T03:30:57.4960861Z ##[group]Docker info
2026-07-29T03:30:57.4990479Z [command]/usr/bin/docker version
2026-07-29T03:30:57.5993404Z Client: Docker Engine - Community
2026-07-29T03:30:57.5994759Z  Version:           28.0.4
2026-07-29T03:30:57.5996863Z  API version:       1.48
2026-07-29T03:30:57.5998636Z  Go version:        go1.23.7
2026-07-29T03:30:57.6000314Z  Git commit:        b8034c0
2026-07-29T03:30:57.6001630Z  Built:             Tue Mar 25 15:07:16 2025
2026-07-29T03:30:57.6002855Z  OS/Arch:           linux/amd64
2026-07-29T03:30:57.6003937Z  Context:           default
2026-07-29T03:30:57.6004597Z 
2026-07-29T03:30:57.6005055Z Server: Docker Engine - Community
2026-07-29T03:30:57.6006149Z  Engine:
2026-07-29T03:30:57.6007401Z   Version:          28.0.4
2026-07-29T03:30:57.6008808Z   API version:      1.48 (minimum version 1.24)
2026-07-29T03:30:57.6010098Z   Go version:       go1.23.7
2026-07-29T03:30:57.6011150Z   Git commit:       6430e49
2026-07-29T03:30:57.6012207Z   Built:            Tue Mar 25 15:07:16 2025
2026-07-29T03:30:57.6013863Z   OS/Arch:          linux/amd64
2026-07-29T03:30:57.6015528Z   Experimental:     false
2026-07-29T03:30:57.6017748Z  containerd:
2026-07-29T03:30:57.6019144Z   Version:          v2.2.6
2026-07-29T03:30:57.6021235Z   GitCommit:        11ce9d5f3c68c941867e82890e93e815c1304f1b
2026-07-29T03:30:57.6023591Z  runc:
2026-07-29T03:30:57.6027849Z   Version:          1.3.6
2026-07-29T03:30:57.6029583Z   GitCommit:        v1.3.6-0-g491b69ba
2026-07-29T03:30:57.6031215Z  docker-init:
2026-07-29T03:30:57.6032544Z   Version:          0.19.0
2026-07-29T03:30:57.6033984Z   GitCommit:        de40ad0
2026-07-29T03:30:57.6055805Z [command]/usr/bin/docker info
2026-07-29T03:30:59.9917794Z Client: Docker Engine - Community
2026-07-29T03:30:59.9919157Z  Version:    28.0.4
2026-07-29T03:30:59.9919608Z  Context:    default
2026-07-29T03:30:59.9920112Z  Debug Mode: false
2026-07-29T03:30:59.9920548Z  Plugins:
2026-07-29T03:30:59.9921001Z   buildx: Docker Buildx (Docker Inc.)
2026-07-29T03:30:59.9921573Z     Version:  v0.35.0
2026-07-29T03:30:59.9922158Z     Path:     /usr/libexec/docker/cli-plugins/docker-buildx
2026-07-29T03:30:59.9922876Z   compose: Docker Compose (Docker Inc.)
2026-07-29T03:30:59.9923395Z     Version:  v2.38.2
2026-07-29T03:30:59.9924006Z     Path:     /usr/libexec/docker/cli-plugins/docker-compose
2026-07-29T03:30:59.9924481Z 
2026-07-29T03:30:59.9924623Z Server:
2026-07-29T03:30:59.9924887Z  Containers: 0
2026-07-29T03:30:59.9925294Z   Running: 0
2026-07-29T03:30:59.9925688Z   Paused: 0
2026-07-29T03:30:59.9925943Z   Stopped: 0
2026-07-29T03:30:59.9926521Z  Images: 6
2026-07-29T03:30:59.9926879Z  Server Version: 28.0.4
2026-07-29T03:30:59.9927188Z  Storage Driver: overlay2
2026-07-29T03:30:59.9927524Z   Backing Filesystem: extfs
2026-07-29T03:30:59.9927995Z   Supports d_type: true
2026-07-29T03:30:59.9928559Z   Using metacopy: false
2026-07-29T03:30:59.9928968Z   Native Overlay Diff: false
2026-07-29T03:30:59.9929364Z   userxattr: false
2026-07-29T03:30:59.9929664Z  Logging Driver: json-file
2026-07-29T03:30:59.9929965Z  Cgroup Driver: systemd
2026-07-29T03:30:59.9930400Z  Cgroup Version: 2
2026-07-29T03:30:59.9930674Z  Plugins:
2026-07-29T03:30:59.9931180Z   Volume: local
2026-07-29T03:30:59.9931685Z   Network: bridge host ipvlan macvlan null overlay
2026-07-29T03:30:59.9932210Z   Log: awslogs fluentd gcplogs gelf journald json-file local splunk syslog
2026-07-29T03:30:59.9932794Z  Swarm: inactive
2026-07-29T03:30:59.9933099Z  Runtimes: io.containerd.runc.v2 runc
2026-07-29T03:30:59.9933437Z  Default Runtime: runc
2026-07-29T03:30:59.9933857Z  Init Binary: docker-init
2026-07-29T03:30:59.9934247Z  containerd version: 11ce9d5f3c68c941867e82890e93e815c1304f1b
2026-07-29T03:30:59.9934683Z  runc version: v1.3.6-0-g491b69ba
2026-07-29T03:30:59.9935148Z  init version: de40ad0
2026-07-29T03:30:59.9935438Z  Security Options:
2026-07-29T03:30:59.9935708Z   apparmor
2026-07-29T03:30:59.9935949Z   seccomp
2026-07-29T03:30:59.9936483Z    Profile: builtin
2026-07-29T03:30:59.9936762Z   cgroupns
2026-07-29T03:30:59.9937033Z  Kernel Version: 6.17.0-1020-azure
2026-07-29T03:30:59.9937834Z  Operating System: Ubuntu 24.04.4 LTS
2026-07-29T03:30:59.9938190Z  OSType: linux
2026-07-29T03:30:59.9938522Z  Architecture: x86_64
2026-07-29T03:30:59.9938964Z  CPUs: 4
2026-07-29T03:30:59.9939229Z  Total Memory: 15.61GiB
2026-07-29T03:30:59.9939522Z  Name: runnervmvrwv9
2026-07-29T03:30:59.9939952Z  ID: dce1e4a9-fc26-4218-aaf0-feee5194c8cb
2026-07-29T03:30:59.9940371Z  Docker Root Dir: /var/lib/docker
2026-07-29T03:30:59.9940698Z  Debug Mode: false
2026-07-29T03:30:59.9941050Z  Username: githubactions
2026-07-29T03:30:59.9941472Z  Experimental: false
2026-07-29T03:30:59.9941760Z  Insecure Registries:
2026-07-29T03:30:59.9947208Z   ::1/128
2026-07-29T03:30:59.9947687Z   127.0.0.0/8
2026-07-29T03:30:59.9948138Z  Live Restore Enabled: false
2026-07-29T03:30:59.9948490Z 
2026-07-29T03:30:59.9972572Z ##[endgroup]
2026-07-29T03:31:00.0745962Z ##[group]Buildx version
2026-07-29T03:31:00.0783851Z [command]/usr/bin/docker buildx version
2026-07-29T03:31:00.1298716Z github.com/docker/buildx v0.35.0 a319e5b15052cf6557ceb666eb8ff6e32380b782
2026-07-29T03:31:00.1330185Z ##[endgroup]
2026-07-29T03:31:00.1489117Z ##[group]Inspecting default docker context
2026-07-29T03:31:00.1650541Z [
2026-07-29T03:31:00.1650956Z   {
2026-07-29T03:31:00.1651207Z     "Name": "default",
2026-07-29T03:31:00.1651569Z     "Metadata": {},
2026-07-29T03:31:00.1651839Z     "Endpoints": {
2026-07-29T03:31:00.1652105Z       "docker": {
2026-07-29T03:31:00.1652406Z         "Host": "unix:///var/run/docker.sock",
2026-07-29T03:31:00.1652762Z         "SkipTLSVerify": false
2026-07-29T03:31:00.1653048Z       }
2026-07-29T03:31:00.1653262Z     },
2026-07-29T03:31:00.1653908Z     "TLSMaterial": {},
2026-07-29T03:31:00.1654184Z     "Storage": {
2026-07-29T03:31:00.1654462Z       "MetadataPath": "<IN MEMORY>",
2026-07-29T03:31:00.1654780Z       "TLSPath": "<IN MEMORY>"
2026-07-29T03:31:00.1655069Z     }
2026-07-29T03:31:00.1655285Z   }
2026-07-29T03:31:00.1655495Z ]
2026-07-29T03:31:00.1656180Z ##[endgroup]
2026-07-29T03:31:00.1656990Z ##[group]Creating a new builder instance
2026-07-29T03:31:00.2993920Z [command]/usr/bin/docker buildx create --name builder-7ab436c6-a061-40e6-aa21-07b9431b7604 --driver docker-container --buildkitd-flags --allow-insecure-entitlement security.insecure --allow-insecure-entitlement network.host --use
2026-07-29T03:31:00.3603196Z builder-7ab436c6-a061-40e6-aa21-07b9431b7604
2026-07-29T03:31:00.3639270Z ##[endgroup]
2026-07-29T03:31:00.3640549Z ##[group]Booting builder
2026-07-29T03:31:00.3685952Z [command]/usr/bin/docker buildx inspect --bootstrap --builder builder-7ab436c6-a061-40e6-aa21-07b9431b7604
2026-07-29T03:31:00.4216644Z #1 [internal] booting buildkit
2026-07-29T03:31:00.5726662Z #1 pulling image moby/buildkit:buildx-stable-1
2026-07-29T03:31:05.3483868Z #1 pulling image moby/buildkit:buildx-stable-1 4.9s done
2026-07-29T03:31:05.4992810Z #1 creating container buildx_buildkit_builder-7ab436c6-a061-40e6-aa21-07b9431b76040
2026-07-29T03:31:05.7901141Z #1 creating container buildx_buildkit_builder-7ab436c6-a061-40e6-aa21-07b9431b76040 0.4s done
2026-07-29T03:31:05.8067206Z #1 DONE 5.4s
2026-07-29T03:31:05.8461767Z Name:          builder-7ab436c6-a061-40e6-aa21-07b9431b7604
2026-07-29T03:31:05.8462527Z Driver:        docker-container
2026-07-29T03:31:05.8463053Z Last Activity: 2026-07-29 03:31:00 +0000 UTC
2026-07-29T03:31:05.8463453Z 
2026-07-29T03:31:05.8467461Z Nodes:
2026-07-29T03:31:05.8493145Z Name:                  builder-7ab436c6-a061-40e6-aa21-07b9431b76040
2026-07-29T03:31:05.8494214Z Endpoint:              unix:///var/run/docker.sock
2026-07-29T03:31:05.8498142Z Status:                running
2026-07-29T03:31:05.8518451Z BuildKit daemon flags: --allow-insecure-entitlement security.insecure --allow-insecure-entitlement network.host
2026-07-29T03:31:05.8519524Z BuildKit version:      v0.31.2
2026-07-29T03:31:05.8520369Z Platforms:             linux/amd64, linux/amd64/v2, linux/amd64/v3, linux/386
2026-07-29T03:31:05.8521002Z Labels:
2026-07-29T03:31:05.8521449Z  org.mobyproject.buildkit.worker.executor:         oci
2026-07-29T03:31:05.8522237Z  org.mobyproject.buildkit.worker.hostname:         a1609b3d3252
2026-07-29T03:31:05.8523012Z  org.mobyproject.buildkit.worker.network:          host
2026-07-29T03:31:05.8523747Z  org.mobyproject.buildkit.worker.oci.process-mode: sandbox
2026-07-29T03:31:05.8524505Z  org.mobyproject.buildkit.worker.selinux.enabled:  false
2026-07-29T03:31:05.8525264Z  org.mobyproject.buildkit.worker.snapshotter:      overlayfs
2026-07-29T03:31:05.8525883Z GC Policy rule#0:
2026-07-29T03:31:05.8526445Z  All:            false
2026-07-29T03:31:05.8527057Z  Filters:        type==source.local type==exec.cachemount type==source.git.checkout
2026-07-29T03:31:05.8527782Z  Keep Duration:  48h0m0s
2026-07-29T03:31:05.8528153Z  Max Used Space: 488.3MiB
2026-07-29T03:31:05.8528518Z GC Policy rule#1:
2026-07-29T03:31:05.8528892Z  All:            false
2026-07-29T03:31:05.8529247Z  Keep Duration:  1440h0m0s
2026-07-29T03:31:05.8529631Z  Reserved Space: 9.313GiB
2026-07-29T03:31:05.8529995Z  Max Used Space: 93.13GiB
2026-07-29T03:31:05.8530366Z  Min Free Space: 27.01GiB
2026-07-29T03:31:05.8530734Z GC Policy rule#2:
2026-07-29T03:31:05.8531058Z  All:            false
2026-07-29T03:31:05.8531408Z  Reserved Space: 9.313GiB
2026-07-29T03:31:05.8531782Z  Max Used Space: 93.13GiB
2026-07-29T03:31:05.8532151Z  Min Free Space: 27.01GiB
2026-07-29T03:31:05.8532512Z GC Policy rule#3:
2026-07-29T03:31:05.8532835Z  All:            true
2026-07-29T03:31:05.8533190Z  Reserved Space: 9.313GiB
2026-07-29T03:31:05.8533554Z  Max Used Space: 93.13GiB
2026-07-29T03:31:05.8533921Z  Min Free Space: 27.01GiB
2026-07-29T03:31:05.8534763Z ##[endgroup]
2026-07-29T03:31:05.9553281Z ##[group]Inspect builder
2026-07-29T03:31:05.9553823Z {
2026-07-29T03:31:05.9555217Z   "nodes": [
2026-07-29T03:31:05.9555611Z     {
2026-07-29T03:31:05.9556061Z       "name": "builder-7ab436c6-a061-40e6-aa21-07b9431b76040",
2026-07-29T03:31:05.9557111Z       "endpoint": "unix:///var/run/docker.sock",
2026-07-29T03:31:05.9557611Z       "status": "running",
2026-07-29T03:31:05.9558711Z       "buildkitd-flags": "--allow-insecure-entitlement security.insecure --allow-insecure-entitlement network.host",
2026-07-29T03:31:05.9560546Z       "buildkit": "v0.31.2",
2026-07-29T03:31:05.9561220Z       "platforms": "linux/amd64,linux/amd64/v2,linux/amd64/v3,linux/386",
2026-07-29T03:31:05.9561883Z       "features": {
2026-07-29T03:31:05.9564760Z         "Automatically load images to the Docker Engine image store": true,
2026-07-29T03:31:05.9565476Z         "Cache export": true,
2026-07-29T03:31:05.9565928Z         "Direct push": true,
2026-07-29T03:31:05.9569235Z         "Docker exporter": true,
2026-07-29T03:31:05.9569748Z         "Multi-platform build": true,
2026-07-29T03:31:05.9570098Z         "OCI exporter": true
2026-07-29T03:31:05.9571324Z       },
2026-07-29T03:31:05.9571698Z       "labels": {
2026-07-29T03:31:05.9572194Z         "org.mobyproject.buildkit.worker.executor": "oci",
2026-07-29T03:31:05.9572950Z         "org.mobyproject.buildkit.worker.hostname": "a1609b3d3252",
2026-07-29T03:31:05.9573494Z         "org.mobyproject.buildkit.worker.network": "host",
2026-07-29T03:31:05.9574137Z         "org.mobyproject.buildkit.worker.oci.process-mode": "sandbox",
2026-07-29T03:31:05.9574659Z         "org.mobyproject.buildkit.worker.selinux.enabled": "false",
2026-07-29T03:31:05.9575174Z         "org.mobyproject.buildkit.worker.snapshotter": "overlayfs"
2026-07-29T03:31:05.9575609Z       },
2026-07-29T03:31:05.9575807Z       "gcPolicy": [
2026-07-29T03:31:05.9576008Z         {
2026-07-29T03:31:05.9576405Z           "all": false,
2026-07-29T03:31:05.9576753Z           "filter": [
2026-07-29T03:31:05.9577122Z             "type==source.local type==exec.cachemount type==source.git.checkout"
2026-07-29T03:31:05.9577530Z           ],
2026-07-29T03:31:05.9577753Z           "keepDuration": "48h0m0s",
2026-07-29T03:31:05.9578009Z           "maxUsedSpace": "488.3MiB"
2026-07-29T03:31:05.9578239Z         },
2026-07-29T03:31:05.9578423Z         {
2026-07-29T03:31:05.9578613Z           "all": false,
2026-07-29T03:31:05.9578837Z           "keepDuration": "1440h0m0s",
2026-07-29T03:31:05.9579114Z           "reservedSpace": "9.313GiB",
2026-07-29T03:31:05.9579461Z           "maxUsedSpace": "93.13GiB",
2026-07-29T03:31:05.9579712Z           "minFreeSpace": "27.01GiB"
2026-07-29T03:31:05.9579988Z         },
2026-07-29T03:31:05.9580177Z         {
2026-07-29T03:31:05.9580368Z           "all": false,
2026-07-29T03:31:05.9580620Z           "reservedSpace": "9.313GiB",
2026-07-29T03:31:05.9580872Z           "maxUsedSpace": "93.13GiB",
2026-07-29T03:31:05.9581140Z           "minFreeSpace": "27.01GiB"
2026-07-29T03:31:05.9581394Z         },
2026-07-29T03:31:05.9581559Z         {
2026-07-29T03:31:05.9581747Z           "all": true,
2026-07-29T03:31:05.9581971Z           "reservedSpace": "9.313GiB",
2026-07-29T03:31:05.9582244Z           "maxUsedSpace": "93.13GiB",
2026-07-29T03:31:05.9582512Z           "minFreeSpace": "27.01GiB"
2026-07-29T03:31:05.9582762Z         }
2026-07-29T03:31:05.9582943Z       ]
2026-07-29T03:31:05.9583107Z     }
2026-07-29T03:31:05.9583293Z   ],
2026-07-29T03:31:05.9583548Z   "name": "builder-7ab436c6-a061-40e6-aa21-07b9431b7604",
2026-07-29T03:31:05.9583911Z   "driver": "docker-container",
2026-07-29T03:31:05.9584194Z   "lastActivity": "2026-07-29T03:31:00.000Z"
2026-07-29T03:31:05.9584472Z }
2026-07-29T03:31:05.9584968Z ##[endgroup]
2026-07-29T03:31:05.9585350Z ##[group]BuildKit version
2026-07-29T03:31:05.9585680Z builder-7ab436c6-a061-40e6-aa21-07b9431b76040: v0.31.2
2026-07-29T03:31:05.9586166Z ##[endgroup]
2026-07-29T03:31:05.9796095Z Node 20 is being deprecated. This workflow is running with Node 24 by default. If you need to temporarily use Node 20, you can set the ACTIONS_ALLOW_USE_UNSECURE_NODE_VERSION=true environment variable. For more information see: https://github.blog/changelog/2025-09-19-deprecation-of-node-20-on-github-actions-runners/
2026-07-29T03:31:05.9798000Z ##[group]Run docker/login-action@v3
2026-07-29T03:31:05.9798266Z with:
2026-07-29T03:31:05.9798453Z   registry: ghcr.io
2026-07-29T03:31:05.9798662Z   username: pkinerd
2026-07-29T03:31:05.9801441Z   password: ***
2026-07-29T03:31:05.9801674Z   logout: true
2026-07-29T03:31:05.9801857Z env:
2026-07-29T03:31:05.9802032Z   REGISTRY: ghcr.io
2026-07-29T03:31:05.9802239Z   IMAGE_NAME: pkinerd/ednsv
2026-07-29T03:31:05.9802467Z ##[endgroup]
2026-07-29T03:31:06.2971970Z Logging into ghcr.io...
2026-07-29T03:31:06.2997073Z (node:2743) [DEP0040] DeprecationWarning: The `punycode` module is deprecated. Please use a userland alternative instead.
2026-07-29T03:31:06.2998884Z (Use `node --trace-deprecation ...` to show where the warning was created)
2026-07-29T03:31:06.4416637Z Login Succeeded!
2026-07-29T03:31:06.4592801Z Node 20 is being deprecated. This workflow is running with Node 24 by default. If you need to temporarily use Node 20, you can set the ACTIONS_ALLOW_USE_UNSECURE_NODE_VERSION=true environment variable. For more information see: https://github.blog/changelog/2025-09-19-deprecation-of-node-20-on-github-actions-runners/
2026-07-29T03:31:06.4594124Z ##[group]Run docker/metadata-action@v5
2026-07-29T03:31:06.4594388Z with:
2026-07-29T03:31:06.4594578Z   images: ghcr.io/pkinerd/ednsv
2026-07-29T03:31:06.4595295Z   tags: type=ref,event=branch,prefix=branch-
type=ref,event=pr,prefix=pr-
type=sha,format=short,prefix=sha-
type=raw,value=latest,enable={{is_default_branch}}
type=raw,value=latest-any

2026-07-29T03:31:06.4596013Z   context: workflow
2026-07-29T03:31:06.4598816Z   github-token: ***
2026-07-29T03:31:06.4599022Z env:
2026-07-29T03:31:06.4599199Z   REGISTRY: ghcr.io
2026-07-29T03:31:06.4599406Z   IMAGE_NAME: pkinerd/ednsv
2026-07-29T03:31:06.4599641Z ##[endgroup]
2026-07-29T03:31:06.8586052Z (node:2763) [DEP0040] DeprecationWarning: The `punycode` module is deprecated. Please use a userland alternative instead.
2026-07-29T03:31:06.8587652Z (Use `node --trace-deprecation ...` to show where the warning was created)
2026-07-29T03:31:07.1160754Z ##[group]Context info
2026-07-29T03:31:07.1161187Z eventName: push
2026-07-29T03:31:07.1161581Z sha: 5f0802beeb402503cc257d552100de7707ed3651
2026-07-29T03:31:07.1162073Z ref: refs/heads/main
2026-07-29T03:31:07.1162422Z workflow: CI
2026-07-29T03:31:07.1162731Z action: meta
2026-07-29T03:31:07.1163049Z actor: pkinerd
2026-07-29T03:31:07.1163370Z runNumber: 245
2026-07-29T03:31:07.1163693Z runId: 30419723788
2026-07-29T03:31:07.1164229Z commitDate: Wed Jul 29 2026 03:29:47 GMT+0000 (Coordinated Universal Time)
2026-07-29T03:31:07.1165152Z ##[endgroup]
2026-07-29T03:31:07.1179592Z ##[group]Processing images input
2026-07-29T03:31:07.1180459Z name=ghcr.io/pkinerd/ednsv,enable=true
2026-07-29T03:31:07.1181574Z ##[endgroup]
2026-07-29T03:31:07.1200887Z ##[group]Processing tags input
2026-07-29T03:31:07.1202037Z type=ref,event=branch,prefix=branch-,enable=true,priority=600
2026-07-29T03:31:07.1203144Z type=ref,event=pr,prefix=pr-,enable=true,priority=600
2026-07-29T03:31:07.1204162Z type=raw,value=latest,enable={{is_default_branch}},priority=200
2026-07-29T03:31:07.1205149Z type=raw,value=latest-any,enable=true,priority=200
2026-07-29T03:31:07.1206064Z type=sha,format=short,prefix=sha-,enable=true,priority=100
2026-07-29T03:31:07.1207585Z ##[endgroup]
2026-07-29T03:31:07.1208552Z ##[group]Processing flavor input
2026-07-29T03:31:07.1209246Z latest=auto
2026-07-29T03:31:07.1209795Z prefix=
2026-07-29T03:31:07.1210396Z prefixLatest=false
2026-07-29T03:31:07.1211012Z suffix=
2026-07-29T03:31:07.1211603Z suffixLatest=false
2026-07-29T03:31:07.1212487Z ##[endgroup]
2026-07-29T03:31:07.1292504Z ##[group]Docker image version
2026-07-29T03:31:07.1293148Z branch-main
2026-07-29T03:31:07.1294430Z ##[endgroup]
2026-07-29T03:31:07.1298601Z ##[group]Docker tags
2026-07-29T03:31:07.1300400Z ghcr.io/pkinerd/ednsv:branch-main
2026-07-29T03:31:07.1301272Z ghcr.io/pkinerd/ednsv:latest
2026-07-29T03:31:07.1302119Z ghcr.io/pkinerd/ednsv:latest-any
2026-07-29T03:31:07.1302817Z ghcr.io/pkinerd/ednsv:sha-5f0802b
2026-07-29T03:31:07.1303892Z ##[endgroup]
2026-07-29T03:31:07.1384185Z ##[group]Docker labels
2026-07-29T03:31:07.1387303Z org.opencontainers.image.created=2026-07-29T03:31:07.119Z
2026-07-29T03:31:07.1388501Z org.opencontainers.image.description=
2026-07-29T03:31:07.1389642Z org.opencontainers.image.licenses=
2026-07-29T03:31:07.1390814Z org.opencontainers.image.revision=5f0802beeb402503cc257d552100de7707ed3651
2026-07-29T03:31:07.1393375Z org.opencontainers.image.source=https://github.com/pkinerd/ednsv
2026-07-29T03:31:07.1394504Z org.opencontainers.image.title=ednsv
2026-07-29T03:31:07.1395376Z org.opencontainers.image.url=https://github.com/pkinerd/ednsv
2026-07-29T03:31:07.1396738Z org.opencontainers.image.version=branch-main
2026-07-29T03:31:07.1397985Z ##[endgroup]
2026-07-29T03:31:07.1399376Z ##[group]Annotations
2026-07-29T03:31:07.1400311Z manifest:org.opencontainers.image.created=2026-07-29T03:31:07.119Z
2026-07-29T03:31:07.1401343Z manifest:org.opencontainers.image.description=
2026-07-29T03:31:07.1402251Z manifest:org.opencontainers.image.licenses=
2026-07-29T03:31:07.1403389Z manifest:org.opencontainers.image.revision=5f0802beeb402503cc257d552100de7707ed3651
2026-07-29T03:31:07.1404816Z manifest:org.opencontainers.image.source=https://github.com/pkinerd/ednsv
2026-07-29T03:31:07.1406060Z manifest:org.opencontainers.image.title=ednsv
2026-07-29T03:31:07.1407396Z manifest:org.opencontainers.image.url=https://github.com/pkinerd/ednsv
2026-07-29T03:31:07.1408622Z manifest:org.opencontainers.image.version=branch-main
2026-07-29T03:31:07.1409869Z ##[endgroup]
2026-07-29T03:31:07.1410800Z ##[group]JSON output
2026-07-29T03:31:07.1411440Z {
2026-07-29T03:31:07.1413204Z   "tags": [
2026-07-29T03:31:07.1413873Z     "ghcr.io/pkinerd/ednsv:branch-main",
2026-07-29T03:31:07.1414754Z     "ghcr.io/pkinerd/ednsv:latest",
2026-07-29T03:31:07.1417021Z     "ghcr.io/pkinerd/ednsv:latest-any",
2026-07-29T03:31:07.1417816Z     "ghcr.io/pkinerd/ednsv:sha-5f0802b"
2026-07-29T03:31:07.1418548Z   ],
2026-07-29T03:31:07.1419082Z   "tag-names": [
2026-07-29T03:31:07.1419736Z     "branch-main",
2026-07-29T03:31:07.1420308Z     "latest",
2026-07-29T03:31:07.1420798Z     "latest-any",
2026-07-29T03:31:07.1421269Z     "sha-5f0802b"
2026-07-29T03:31:07.1421742Z   ],
2026-07-29T03:31:07.1422198Z   "labels": {
2026-07-29T03:31:07.1422813Z     "org.opencontainers.image.created": "2026-07-29T03:31:07.119Z",
2026-07-29T03:31:07.1423621Z     "org.opencontainers.image.description": "",
2026-07-29T03:31:07.1424370Z     "org.opencontainers.image.licenses": "",
2026-07-29T03:31:07.1425460Z     "org.opencontainers.image.revision": "5f0802beeb402503cc257d552100de7707ed3651",
2026-07-29T03:31:07.1426906Z     "org.opencontainers.image.source": "https://github.com/pkinerd/ednsv",
2026-07-29T03:31:07.1427970Z     "org.opencontainers.image.title": "ednsv",
2026-07-29T03:31:07.1428882Z     "org.opencontainers.image.url": "https://github.com/pkinerd/ednsv",
2026-07-29T03:31:07.1429883Z     "org.opencontainers.image.version": "branch-main"
2026-07-29T03:31:07.1430550Z   },
2026-07-29T03:31:07.1430984Z   "annotations": [
2026-07-29T03:31:07.1431654Z     "manifest:org.opencontainers.image.created=2026-07-29T03:31:07.119Z",
2026-07-29T03:31:07.1432744Z     "manifest:org.opencontainers.image.description=",
2026-07-29T03:31:07.1433620Z     "manifest:org.opencontainers.image.licenses=",
2026-07-29T03:31:07.1434716Z     "manifest:org.opencontainers.image.revision=5f0802beeb402503cc257d552100de7707ed3651",
2026-07-29T03:31:07.1436058Z     "manifest:org.opencontainers.image.source=https://github.com/pkinerd/ednsv",
2026-07-29T03:31:07.1437350Z     "manifest:org.opencontainers.image.title=ednsv",
2026-07-29T03:31:07.1438405Z     "manifest:org.opencontainers.image.url=https://github.com/pkinerd/ednsv",
2026-07-29T03:31:07.1439880Z     "manifest:org.opencontainers.image.version=branch-main"
2026-07-29T03:31:07.1440773Z   ]
2026-07-29T03:31:07.1441282Z }
2026-07-29T03:31:07.1442185Z ##[endgroup]
2026-07-29T03:31:07.1442985Z ##[group]Bake file definition (tags)
2026-07-29T03:31:07.1443697Z {
2026-07-29T03:31:07.1444231Z   "target": {
2026-07-29T03:31:07.1444799Z     "docker-metadata-action": {
2026-07-29T03:31:07.1445470Z       "tags": [
2026-07-29T03:31:07.1446101Z         "ghcr.io/pkinerd/ednsv:branch-main",
2026-07-29T03:31:07.1447095Z         "ghcr.io/pkinerd/ednsv:latest",
2026-07-29T03:31:07.1447842Z         "ghcr.io/pkinerd/ednsv:latest-any",
2026-07-29T03:31:07.1448637Z         "ghcr.io/pkinerd/ednsv:sha-5f0802b"
2026-07-29T03:31:07.1449366Z       ],
2026-07-29T03:31:07.1449888Z       "args": {
2026-07-29T03:31:07.1450544Z         "DOCKER_META_IMAGES": "ghcr.io/pkinerd/ednsv",
2026-07-29T03:31:07.1451594Z         "DOCKER_META_VERSION": "branch-main"
2026-07-29T03:31:07.1452327Z       }
2026-07-29T03:31:07.1452641Z     }
2026-07-29T03:31:07.1453234Z   }
2026-07-29T03:31:07.1453451Z }
2026-07-29T03:31:07.1453841Z ##[endgroup]
2026-07-29T03:31:07.1454239Z ##[group]Bake file definition (labels)
2026-07-29T03:31:07.1454526Z {
2026-07-29T03:31:07.1454722Z   "target": {
2026-07-29T03:31:07.1454964Z     "docker-metadata-action": {
2026-07-29T03:31:07.1455259Z       "labels": {
2026-07-29T03:31:07.1455617Z         "org.opencontainers.image.created": "2026-07-29T03:31:07.119Z",
2026-07-29T03:31:07.1456090Z         "org.opencontainers.image.description": "",
2026-07-29T03:31:07.1456798Z         "org.opencontainers.image.licenses": "",
2026-07-29T03:31:07.1457306Z         "org.opencontainers.image.revision": "5f0802beeb402503cc257d552100de7707ed3651",
2026-07-29T03:31:07.1457905Z         "org.opencontainers.image.source": "https://github.com/pkinerd/ednsv",
2026-07-29T03:31:07.1458375Z         "org.opencontainers.image.title": "ednsv",
2026-07-29T03:31:07.1458828Z         "org.opencontainers.image.url": "https://github.com/pkinerd/ednsv",
2026-07-29T03:31:07.1459314Z         "org.opencontainers.image.version": "branch-main"
2026-07-29T03:31:07.1459661Z       }
2026-07-29T03:31:07.1459832Z     }
2026-07-29T03:31:07.1460014Z   }
2026-07-29T03:31:07.1460193Z }
2026-07-29T03:31:07.1460524Z ##[endgroup]
2026-07-29T03:31:07.1461083Z ##[group]Bake file definition (annotations)
2026-07-29T03:31:07.1461389Z {
2026-07-29T03:31:07.1461568Z   "target": {
2026-07-29T03:31:07.1461765Z     "docker-metadata-action": {
2026-07-29T03:31:07.1462023Z       "annotations": [
2026-07-29T03:31:07.1462385Z         "manifest:org.opencontainers.image.created=2026-07-29T03:31:07.119Z",
2026-07-29T03:31:07.1462836Z         "manifest:org.opencontainers.image.description=",
2026-07-29T03:31:07.1463215Z         "manifest:org.opencontainers.image.licenses=",
2026-07-29T03:31:07.1463722Z         "manifest:org.opencontainers.image.revision=5f0802beeb402503cc257d552100de7707ed3651",
2026-07-29T03:31:07.1464367Z         "manifest:org.opencontainers.image.source=https://github.com/pkinerd/ednsv",
2026-07-29T03:31:07.1464890Z         "manifest:org.opencontainers.image.title=ednsv",
2026-07-29T03:31:07.1465340Z         "manifest:org.opencontainers.image.url=https://github.com/pkinerd/ednsv",
2026-07-29T03:31:07.1465868Z         "manifest:org.opencontainers.image.version=branch-main"
2026-07-29T03:31:07.1466407Z       ]
2026-07-29T03:31:07.1466734Z     }
2026-07-29T03:31:07.1466931Z   }
2026-07-29T03:31:07.1467110Z }
2026-07-29T03:31:07.1467444Z ##[endgroup]
2026-07-29T03:31:07.1630686Z Node 20 is being deprecated. This workflow is running with Node 24 by default. If you need to temporarily use Node 20, you can set the ACTIONS_ALLOW_USE_UNSECURE_NODE_VERSION=true environment variable. For more information see: https://github.blog/changelog/2025-09-19-deprecation-of-node-20-on-github-actions-runners/
2026-07-29T03:31:07.1632717Z ##[group]Run docker/build-push-action@v6
2026-07-29T03:31:07.1633213Z with:
2026-07-29T03:31:07.1633532Z   context: .
2026-07-29T03:31:07.1634133Z   file: ./Dockerfile
2026-07-29T03:31:07.1634924Z   build-args: SOURCE_COMMIT=5f0802beeb402503cc257d552100de7707ed3651
SOURCE_BRANCH=main
SOURCE_PR=

2026-07-29T03:31:07.1635766Z   push: true
2026-07-29T03:31:07.1636590Z   tags: ghcr.io/pkinerd/ednsv:branch-main
ghcr.io/pkinerd/ednsv:latest
ghcr.io/pkinerd/ednsv:latest-any
ghcr.io/pkinerd/ednsv:sha-5f0802b
2026-07-29T03:31:07.1639210Z   labels: org.opencontainers.image.created=2026-07-29T03:31:07.119Z
org.opencontainers.image.description=
org.opencontainers.image.licenses=
org.opencontainers.image.revision=5f0802beeb402503cc257d552100de7707ed3651
org.opencontainers.image.source=https://github.com/pkinerd/ednsv
org.opencontainers.image.title=ednsv
org.opencontainers.image.url=https://github.com/pkinerd/ednsv
org.opencontainers.image.version=branch-main
2026-07-29T03:31:07.1640955Z   cache-from: type=gha
2026-07-29T03:31:07.1641190Z   cache-to: type=gha,mode=max
2026-07-29T03:31:07.1641429Z   load: false
2026-07-29T03:31:07.1641617Z   no-cache: false
2026-07-29T03:31:07.1641815Z   pull: false
2026-07-29T03:31:07.1645610Z   github-token: ***
2026-07-29T03:31:07.1645990Z env:
2026-07-29T03:31:07.1646605Z   REGISTRY: ghcr.io
2026-07-29T03:31:07.1646990Z   IMAGE_NAME: pkinerd/ednsv
2026-07-29T03:31:07.1647423Z   DOCKER_METADATA_OUTPUT_VERSION: branch-main
2026-07-29T03:31:07.1648293Z   DOCKER_METADATA_OUTPUT_TAGS: ghcr.io/pkinerd/ednsv:branch-main
ghcr.io/pkinerd/ednsv:latest
ghcr.io/pkinerd/ednsv:latest-any
ghcr.io/pkinerd/ednsv:sha-5f0802b
2026-07-29T03:31:07.1649282Z   DOCKER_METADATA_OUTPUT_TAG_NAMES: branch-main
latest
latest-any
sha-5f0802b
2026-07-29T03:31:07.1651186Z   DOCKER_METADATA_OUTPUT_LABELS: org.opencontainers.image.created=2026-07-29T03:31:07.119Z
org.opencontainers.image.description=
org.opencontainers.image.licenses=
org.opencontainers.image.revision=5f0802beeb402503cc257d552100de7707ed3651
org.opencontainers.image.source=https://github.com/pkinerd/ednsv
org.opencontainers.image.title=ednsv
org.opencontainers.image.url=https://github.com/pkinerd/ednsv
org.opencontainers.image.version=branch-main
2026-07-29T03:31:07.1654730Z   DOCKER_METADATA_OUTPUT_ANNOTATIONS: manifest:org.opencontainers.image.created=2026-07-29T03:31:07.119Z
manifest:org.opencontainers.image.description=
manifest:org.opencontainers.image.licenses=
manifest:org.opencontainers.image.revision=5f0802beeb402503cc257d552100de7707ed3651
manifest:org.opencontainers.image.source=https://github.com/pkinerd/ednsv
manifest:org.opencontainers.image.title=ednsv
manifest:org.opencontainers.image.url=https://github.com/pkinerd/ednsv
manifest:org.opencontainers.image.version=branch-main
2026-07-29T03:31:07.1661501Z   DOCKER_METADATA_OUTPUT_JSON: {"tags":["ghcr.io/pkinerd/ednsv:branch-main","ghcr.io/pkinerd/ednsv:latest","ghcr.io/pkinerd/ednsv:latest-any","ghcr.io/pkinerd/ednsv:sha-5f0802b"],"tag-names":["branch-main","latest","latest-any","sha-5f0802b"],"labels":{"org.opencontainers.image.created":"2026-07-29T03:31:07.119Z","org.opencontainers.image.description":"","org.opencontainers.image.licenses":"","org.opencontainers.image.revision":"5f0802beeb402503cc257d552100de7707ed3651","org.opencontainers.image.source":"https://github.com/pkinerd/ednsv","org.opencontainers.image.title":"ednsv","org.opencontainers.image.url":"https://github.com/pkinerd/ednsv","org.opencontainers.image.version":"branch-main"},"annotations":["manifest:org.opencontainers.image.created=2026-07-29T03:31:07.119Z","manifest:org.opencontainers.image.description=","manifest:org.opencontainers.image.licenses=","manifest:org.opencontainers.image.revision=5f0802beeb402503cc257d552100de7707ed3651","manifest:org.opencontainers.image.source=https://github.com/pkinerd/ednsv","manifest:org.opencontainers.image.title=ednsv","manifest:org.opencontainers.image.url=https://github.com/pkinerd/ednsv","manifest:org.opencontainers.image.version=branch-main"]}
2026-07-29T03:31:07.1666681Z   DOCKER_METADATA_OUTPUT_BAKE_FILE_TAGS: /home/runner/work/_temp/docker-actions-toolkit-e9TZcs/docker-metadata-action-bake-tags.json
2026-07-29T03:31:07.1667806Z   DOCKER_METADATA_OUTPUT_BAKE_FILE_LABELS: /home/runner/work/_temp/docker-actions-toolkit-e9TZcs/docker-metadata-action-bake-labels.json
2026-07-29T03:31:07.1668820Z   DOCKER_METADATA_OUTPUT_BAKE_FILE_ANNOTATIONS: /home/runner/work/_temp/docker-actions-toolkit-e9TZcs/docker-metadata-action-bake-annotations.json
2026-07-29T03:31:07.1669766Z   DOCKER_METADATA_OUTPUT_BAKE_FILE: /home/runner/work/_temp/docker-actions-toolkit-e9TZcs/docker-metadata-action-bake.json
2026-07-29T03:31:07.1670324Z ##[endgroup]
2026-07-29T03:31:07.4257875Z (node:2775) [DEP0040] DeprecationWarning: The `punycode` module is deprecated. Please use a userland alternative instead.
2026-07-29T03:31:07.4259192Z (Use `node --trace-deprecation ...` to show where the warning was created)
2026-07-29T03:31:07.4281173Z ##[group]GitHub Actions runtime token ACs
2026-07-29T03:31:07.4289274Z refs/heads/main: read/write
2026-07-29T03:31:07.4291522Z ##[endgroup]
2026-07-29T03:31:07.4292394Z ##[group]Docker info
2026-07-29T03:31:07.4375818Z [command]/usr/bin/docker version
2026-07-29T03:31:07.4667967Z Client: Docker Engine - Community
2026-07-29T03:31:07.4668890Z  Version:           28.0.4
2026-07-29T03:31:07.4670347Z  API version:       1.48
2026-07-29T03:31:07.4671204Z  Go version:        go1.23.7
2026-07-29T03:31:07.4671831Z  Git commit:        b8034c0
2026-07-29T03:31:07.4672461Z  Built:             Tue Mar 25 15:07:16 2025
2026-07-29T03:31:07.4673146Z  OS/Arch:           linux/amd64
2026-07-29T03:31:07.4673797Z  Context:           default
2026-07-29T03:31:07.4674299Z 
2026-07-29T03:31:07.4674692Z Server: Docker Engine - Community
2026-07-29T03:31:07.4675364Z  Engine:
2026-07-29T03:31:07.4675875Z   Version:          28.0.4
2026-07-29T03:31:07.4676791Z   API version:      1.48 (minimum version 1.24)
2026-07-29T03:31:07.4677525Z   Go version:       go1.23.7
2026-07-29T03:31:07.4678131Z   Git commit:       6430e49
2026-07-29T03:31:07.4678821Z   Built:            Tue Mar 25 15:07:16 2025
2026-07-29T03:31:07.4679547Z   OS/Arch:          linux/amd64
2026-07-29T03:31:07.4680232Z   Experimental:     false
2026-07-29T03:31:07.4680825Z  containerd:
2026-07-29T03:31:07.4681344Z   Version:          v2.2.6
2026-07-29T03:31:07.4682054Z   GitCommit:        11ce9d5f3c68c941867e82890e93e815c1304f1b
2026-07-29T03:31:07.4682840Z  runc:
2026-07-29T03:31:07.4683364Z   Version:          1.3.6
2026-07-29T03:31:07.4683984Z   GitCommit:        v1.3.6-0-g491b69ba
2026-07-29T03:31:07.4684675Z  docker-init:
2026-07-29T03:31:07.4685248Z   Version:          0.19.0
2026-07-29T03:31:07.4685864Z   GitCommit:        de40ad0
2026-07-29T03:31:07.4719649Z [command]/usr/bin/docker info
2026-07-29T03:31:07.5391069Z Client: Docker Engine - Community
2026-07-29T03:31:07.5397357Z  Version:    28.0.4
2026-07-29T03:31:07.5397889Z  Context:    default
2026-07-29T03:31:07.5398502Z  Debug Mode: false
2026-07-29T03:31:07.5398974Z  Plugins:
2026-07-29T03:31:07.5399435Z   buildx: Docker Buildx (Docker Inc.)
2026-07-29T03:31:07.5400084Z     Version:  v0.35.0
2026-07-29T03:31:07.5400676Z     Path:     /usr/libexec/docker/cli-plugins/docker-buildx
2026-07-29T03:31:07.5401448Z   compose: Docker Compose (Docker Inc.)
2026-07-29T03:31:07.5419535Z     Version:  v2.38.2
2026-07-29T03:31:07.5419873Z     Path:     /usr/libexec/docker/cli-plugins/docker-compose
2026-07-29T03:31:07.5420132Z 
2026-07-29T03:31:07.5420214Z Server:
2026-07-29T03:31:07.5420393Z  Containers: 1
2026-07-29T03:31:07.5420644Z   Running: 1
2026-07-29T03:31:07.5420947Z   Paused: 0
2026-07-29T03:31:07.5421225Z   Stopped: 0
2026-07-29T03:31:07.5421957Z  Images: 7
2026-07-29T03:31:07.5422245Z  Server Version: 28.0.4
2026-07-29T03:31:07.5422500Z  Storage Driver: overlay2
2026-07-29T03:31:07.5422732Z   Backing Filesystem: extfs
2026-07-29T03:31:07.5422964Z   Supports d_type: true
2026-07-29T03:31:07.5423187Z   Using metacopy: false
2026-07-29T03:31:07.5423399Z   Native Overlay Diff: false
2026-07-29T03:31:07.5423625Z   userxattr: false
2026-07-29T03:31:07.5423865Z  Logging Driver: json-file
2026-07-29T03:31:07.5424125Z  Cgroup Driver: systemd
2026-07-29T03:31:07.5424511Z  Cgroup Version: 2
2026-07-29T03:31:07.5424703Z  Plugins:
2026-07-29T03:31:07.5424882Z   Volume: local
2026-07-29T03:31:07.5425113Z   Network: bridge host ipvlan macvlan null overlay
2026-07-29T03:31:07.5425518Z   Log: awslogs fluentd gcplogs gelf journald json-file local splunk syslog
2026-07-29T03:31:07.5425885Z  Swarm: inactive
2026-07-29T03:31:07.5426100Z  Runtimes: io.containerd.runc.v2 runc
2026-07-29T03:31:07.5431332Z  Default Runtime: runc
2026-07-29T03:31:07.5431725Z  Init Binary: docker-init
2026-07-29T03:31:07.5432187Z  containerd version: 11ce9d5f3c68c941867e82890e93e815c1304f1b
2026-07-29T03:31:07.5432714Z  runc version: v1.3.6-0-g491b69ba
2026-07-29T03:31:07.5433099Z  init version: de40ad0
2026-07-29T03:31:07.5433429Z  Security Options:
2026-07-29T03:31:07.5433757Z   apparmor
2026-07-29T03:31:07.5434042Z   seccomp
2026-07-29T03:31:07.5434328Z    Profile: builtin
2026-07-29T03:31:07.5434663Z   cgroupns
2026-07-29T03:31:07.5435000Z  Kernel Version: 6.17.0-1020-azure
2026-07-29T03:31:07.5435480Z  Operating System: Ubuntu 24.04.4 LTS
2026-07-29T03:31:07.5435982Z  OSType: linux
2026-07-29T03:31:07.5436862Z  Architecture: x86_64
2026-07-29T03:31:07.5437243Z  CPUs: 4
2026-07-29T03:31:07.5437572Z  Total Memory: 15.61GiB
2026-07-29T03:31:07.5437995Z  Name: runnervmvrwv9
2026-07-29T03:31:07.5438437Z  ID: dce1e4a9-fc26-4218-aaf0-feee5194c8cb
2026-07-29T03:31:07.5438904Z  Docker Root Dir: /var/lib/docker
2026-07-29T03:31:07.5439349Z  Debug Mode: false
2026-07-29T03:31:07.5439747Z  Username: githubactions
2026-07-29T03:31:07.5440162Z  Experimental: false
2026-07-29T03:31:07.5440543Z  Insecure Registries:
2026-07-29T03:31:07.5441051Z   ::1/128
2026-07-29T03:31:07.5441349Z   127.0.0.0/8
2026-07-29T03:31:07.5441690Z  Live Restore Enabled: false
2026-07-29T03:31:07.5441940Z 
2026-07-29T03:31:07.5442618Z ##[endgroup]
2026-07-29T03:31:07.5443392Z ##[group]Proxy configuration
2026-07-29T03:31:07.5443820Z No proxy configuration found
2026-07-29T03:31:07.5445176Z ##[endgroup]
2026-07-29T03:31:07.6043772Z ##[group]Buildx version
2026-07-29T03:31:07.6071153Z [command]/usr/bin/docker buildx version
2026-07-29T03:31:07.6629228Z github.com/docker/buildx v0.35.0 a319e5b15052cf6557ceb666eb8ff6e32380b782
2026-07-29T03:31:07.6662755Z ##[endgroup]
2026-07-29T03:31:07.6663328Z ##[group]Builder info
2026-07-29T03:31:07.7585702Z {
2026-07-29T03:31:07.7586143Z   "nodes": [
2026-07-29T03:31:07.7588961Z     {
2026-07-29T03:31:07.7589465Z       "name": "builder-7ab436c6-a061-40e6-aa21-07b9431b76040",
2026-07-29T03:31:07.7590195Z       "endpoint": "unix:///var/run/docker.sock",
2026-07-29T03:31:07.7590781Z       "status": "running",
2026-07-29T03:31:07.7591733Z       "buildkitd-flags": "--allow-insecure-entitlement security.insecure --allow-insecure-entitlement network.host",
2026-07-29T03:31:07.7592788Z       "buildkit": "v0.31.2",
2026-07-29T03:31:07.7593385Z       "platforms": "linux/amd64,linux/amd64/v2,linux/amd64/v3,linux/386",
2026-07-29T03:31:07.7594067Z       "features": {
2026-07-29T03:31:07.7594651Z         "Automatically load images to the Docker Engine image store": true,
2026-07-29T03:31:07.7595385Z         "Cache export": true,
2026-07-29T03:31:07.7595815Z         "Direct push": true,
2026-07-29T03:31:07.7596989Z         "Docker exporter": true,
2026-07-29T03:31:07.7597538Z         "Multi-platform build": true,
2026-07-29T03:31:07.7597986Z         "OCI exporter": true
2026-07-29T03:31:07.7598366Z       },
2026-07-29T03:31:07.7598669Z       "labels": {
2026-07-29T03:31:07.7599498Z         "org.mobyproject.buildkit.worker.executor": "oci",
2026-07-29T03:31:07.7600269Z         "org.mobyproject.buildkit.worker.hostname": "a1609b3d3252",
2026-07-29T03:31:07.7601078Z         "org.mobyproject.buildkit.worker.network": "host",
2026-07-29T03:31:07.7601872Z         "org.mobyproject.buildkit.worker.oci.process-mode": "sandbox",
2026-07-29T03:31:07.7602700Z         "org.mobyproject.buildkit.worker.selinux.enabled": "false",
2026-07-29T03:31:07.7603509Z         "org.mobyproject.buildkit.worker.snapshotter": "overlayfs"
2026-07-29T03:31:07.7604404Z       },
2026-07-29T03:31:07.7604751Z       "gcPolicy": [
2026-07-29T03:31:07.7605103Z         {
2026-07-29T03:31:07.7605435Z           "all": false,
2026-07-29T03:31:07.7605856Z           "filter": [
2026-07-29T03:31:07.7606707Z             "type==source.local type==exec.cachemount type==source.git.checkout"
2026-07-29T03:31:07.7607432Z           ],
2026-07-29T03:31:07.7607788Z           "keepDuration": "48h0m0s",
2026-07-29T03:31:07.7608263Z           "maxUsedSpace": "488.3MiB"
2026-07-29T03:31:07.7608711Z         },
2026-07-29T03:31:07.7609009Z         {
2026-07-29T03:31:07.7609326Z           "all": false,
2026-07-29T03:31:07.7609715Z           "keepDuration": "1440h0m0s",
2026-07-29T03:31:07.7610252Z           "reservedSpace": "9.313GiB",
2026-07-29T03:31:07.7610733Z           "maxUsedSpace": "93.13GiB",
2026-07-29T03:31:07.7611218Z           "minFreeSpace": "27.01GiB"
2026-07-29T03:31:07.7611658Z         },
2026-07-29T03:31:07.7611963Z         {
2026-07-29T03:31:07.7612282Z           "all": false,
2026-07-29T03:31:07.7612633Z           "reservedSpace": "9.313GiB",
2026-07-29T03:31:07.7613106Z           "maxUsedSpace": "93.13GiB",
2026-07-29T03:31:07.7613638Z           "minFreeSpace": "27.01GiB"
2026-07-29T03:31:07.7614102Z         },
2026-07-29T03:31:07.7614433Z         {
2026-07-29T03:31:07.7614736Z           "all": true,
2026-07-29T03:31:07.7615122Z           "reservedSpace": "9.313GiB",
2026-07-29T03:31:07.7615592Z           "maxUsedSpace": "93.13GiB",
2026-07-29T03:31:07.7616068Z           "minFreeSpace": "27.01GiB"
2026-07-29T03:31:07.7616769Z         }
2026-07-29T03:31:07.7617132Z       ]
2026-07-29T03:31:07.7617456Z     }
2026-07-29T03:31:07.7617753Z   ],
2026-07-29T03:31:07.7618176Z   "name": "builder-7ab436c6-a061-40e6-aa21-07b9431b7604",
2026-07-29T03:31:07.7618779Z   "driver": "docker-container",
2026-07-29T03:31:07.7619295Z   "lastActivity": "2026-07-29T03:31:00.000Z"
2026-07-29T03:31:07.7619762Z }
2026-07-29T03:31:07.7620421Z ##[endgroup]
2026-07-29T03:31:07.9288146Z [command]/usr/bin/docker buildx build --build-arg SOURCE_COMMIT=5f0802beeb402503cc257d552100de7707ed3651 --build-arg SOURCE_BRANCH=main --build-arg SOURCE_PR= --cache-from type=gha --cache-to type=gha,mode=max --file ./Dockerfile --iidfile /home/runner/work/_temp/docker-actions-toolkit-by972L/build-iidfile-d9303bd058.txt --label org.opencontainers.image.created=2026-07-29T03:31:07.119Z --label org.opencontainers.image.description= --label org.opencontainers.image.licenses= --label org.opencontainers.image.revision=5f0802beeb402503cc257d552100de7707ed3651 --label org.opencontainers.image.source=https://github.com/pkinerd/ednsv --label org.opencontainers.image.title=ednsv --label org.opencontainers.image.url=https://github.com/pkinerd/ednsv --label org.opencontainers.image.version=branch-main --attest type=provenance,mode=max,builder-id=https://github.com/pkinerd/ednsv/actions/runs/30419723788/attempts/1 --tag ghcr.io/pkinerd/ednsv:branch-main --tag ghcr.io/pkinerd/ednsv:latest --tag ghcr.io/pkinerd/ednsv:latest-any --tag ghcr.io/pkinerd/ednsv:sha-5f0802b --metadata-file /home/runner/work/_temp/docker-actions-toolkit-by972L/build-metadata-cc61d2d759.json --push .
2026-07-29T03:31:08.2297263Z #0 building with "builder-7ab436c6-a061-40e6-aa21-07b9431b7604" instance using docker-container driver
2026-07-29T03:31:08.2297951Z 
2026-07-29T03:31:08.2298150Z #1 [internal] load build definition from Dockerfile
2026-07-29T03:31:08.2298653Z #1 transferring dockerfile: 1.43kB done
2026-07-29T03:31:08.2299027Z #1 DONE 0.0s
2026-07-29T03:31:08.2299557Z 
2026-07-29T03:31:08.2299819Z #2 [auth] docker/dockerfile:pull token for registry-1.docker.io
2026-07-29T03:31:08.2300305Z #2 DONE 0.0s
2026-07-29T03:31:08.2300463Z 
2026-07-29T03:31:08.2300792Z #3 resolve image config for docker-image://docker.io/docker/dockerfile:1.7
2026-07-29T03:31:08.4779747Z #3 DONE 0.4s
2026-07-29T03:31:08.6569825Z 
2026-07-29T03:31:08.6570891Z #4 docker-image://docker.io/docker/dockerfile:1.7@sha256:a57df69d0ea827fb7266491f2813635de6f17269be881f696fbfdf2d83dda33e
2026-07-29T03:31:08.6572488Z #4 resolve docker.io/docker/dockerfile:1.7@sha256:a57df69d0ea827fb7266491f2813635de6f17269be881f696fbfdf2d83dda33e done
2026-07-29T03:31:08.6573593Z #4 sha256:96918c57e42509b97f10c074d80672ecdbd3bb7dcd38c1bd95960cf291207416 11.98MB / 11.98MB 0.1s done
2026-07-29T03:31:08.6574436Z #4 extracting sha256:96918c57e42509b97f10c074d80672ecdbd3bb7dcd38c1bd95960cf291207416 0.1s done
2026-07-29T03:31:08.6574892Z #4 DONE 0.2s
2026-07-29T03:31:08.8637763Z 
2026-07-29T03:31:08.8638388Z #5 [internal] load metadata for mcr.microsoft.com/dotnet/sdk:8.0
2026-07-29T03:31:08.8639246Z #5 DONE 0.1s
2026-07-29T03:31:08.8639398Z 
2026-07-29T03:31:08.8639645Z #6 [internal] load metadata for mcr.microsoft.com/dotnet/aspnet:8.0
2026-07-29T03:31:08.9940909Z #6 DONE 0.2s
2026-07-29T03:31:08.9941271Z 
2026-07-29T03:31:08.9941487Z #7 [internal] load .dockerignore
2026-07-29T03:31:08.9942093Z #7 transferring context: 249B done
2026-07-29T03:31:08.9942660Z #7 DONE 0.0s
2026-07-29T03:31:08.9942846Z 
2026-07-29T03:31:08.9942972Z #8 [internal] load build context
2026-07-29T03:31:08.9943516Z #8 DONE 0.0s
2026-07-29T03:31:08.9944114Z 
2026-07-29T03:31:08.9945293Z #9 [runtime 1/3] FROM mcr.microsoft.com/dotnet/aspnet:8.0@sha256:8f6a307ae32fb393a4b4bcde0a81f0ce3f0a715de0e5575df71f3030448f2dde
2026-07-29T03:31:08.9947566Z #9 resolve mcr.microsoft.com/dotnet/aspnet:8.0@sha256:8f6a307ae32fb393a4b4bcde0a81f0ce3f0a715de0e5575df71f3030448f2dde done
2026-07-29T03:31:08.9949785Z #9 DONE 0.0s
2026-07-29T03:31:08.9949943Z 
2026-07-29T03:31:08.9950113Z #10 importing cache manifest from gha:17276707039286030678
2026-07-29T03:31:08.9950436Z #10 DONE 0.1s
2026-07-29T03:31:09.0971165Z 
2026-07-29T03:31:09.0972784Z #11 [build 1/8] FROM mcr.microsoft.com/dotnet/sdk:8.0@sha256:3c0edbfe1549dd93fb789dc96299a40df865ad7bffefcaf38e8c05940686d641
2026-07-29T03:31:09.0974547Z #11 resolve mcr.microsoft.com/dotnet/sdk:8.0@sha256:3c0edbfe1549dd93fb789dc96299a40df865ad7bffefcaf38e8c05940686d641 done
2026-07-29T03:31:09.0975549Z #11 DONE 0.0s
2026-07-29T03:31:09.0975788Z 
2026-07-29T03:31:09.0975944Z #8 [internal] load build context
2026-07-29T03:31:09.0976696Z #8 transferring context: 969.62kB 0.0s done
2026-07-29T03:31:09.0977187Z #8 DONE 0.0s
2026-07-29T03:31:09.0977346Z 
2026-07-29T03:31:09.0977435Z #12 [build 2/8] WORKDIR /src
2026-07-29T03:31:09.0977665Z #12 CACHED
2026-07-29T03:31:09.2548330Z 
2026-07-29T03:31:09.2549171Z #12 [build 2/8] WORKDIR /src
2026-07-29T03:31:09.2549997Z #12 sha256:11eb1ef6a72d72d68482386694a791673416aeb0fe0f5f9f5d7815d3e3befd5f 92B / 92B 0.0s done
2026-07-29T03:31:09.2550704Z #12 sha256:ed43dda998e1a0c05efeddc9a24048ad8349ce02697b4db3061250e466b3a059 2.70kB / 2.70kB 0.0s done
2026-07-29T03:31:09.2551415Z #12 sha256:aaea65f9d3756e15614c6efe86e2006b8fe74af0af07faefdcb6e6001dd705fc 17.06MB / 17.06MB 0.1s done
2026-07-29T03:31:09.4149719Z #12 sha256:34eabb9d45bfc2a02673ee3778040c44b0f3b59facbbf51f9c367482821ce92f 26.21MB / 177.89MB 0.3s
2026-07-29T03:31:09.4155368Z #12 sha256:b450eb4b61483e158bba71e0972774dca3356aaccf083b4de394756826786dc3 166B / 166B done
2026-07-29T03:31:09.4157080Z #12 sha256:0aa6db834649082ea8d86f41789fce403a69c18bcec5994ceaf0ed4474563c7d 4.19MB / 31.09MB 0.2s
2026-07-29T03:31:09.4177032Z #12 sha256:993b1a5b9814eb890928e53aa844227cd48d62a552cce9d9723401d3f323d7df 1.05MB / 11.10MB 0.2s
2026-07-29T03:31:09.5368266Z #12 sha256:0aa6db834649082ea8d86f41789fce403a69c18bcec5994ceaf0ed4474563c7d 31.09MB / 31.09MB 0.3s done
2026-07-29T03:31:09.5369310Z #12 sha256:993b1a5b9814eb890928e53aa844227cd48d62a552cce9d9723401d3f323d7df 11.10MB / 11.10MB 0.4s done
2026-07-29T03:31:09.5370018Z #12 sha256:77e3e8465ccd88a7ab4380ed823b77769274a8d0cd50332315a6e6884eeb185b 11.53MB / 32.26MB 0.2s
2026-07-29T03:31:09.6978121Z #12 sha256:34eabb9d45bfc2a02673ee3778040c44b0f3b59facbbf51f9c367482821ce92f 47.19MB / 177.89MB 0.5s
2026-07-29T03:31:09.6979880Z #12 sha256:77e3e8465ccd88a7ab4380ed823b77769274a8d0cd50332315a6e6884eeb185b 32.26MB / 32.26MB 0.3s done
2026-07-29T03:31:09.6981404Z #12 sha256:4afec8b5a48bb14028a2111abd144794fb4f088154db49009be3c5833f922deb 3.34kB / 3.34kB 0.1s done
2026-07-29T03:31:09.6982941Z #12 sha256:bcbf93830adb69dda1050c229181e9d0bbcd138e40c83062cfd41f7a8d79b4c7 0B / 18.74MB 0.2s
2026-07-29T03:31:09.6983760Z #12 sha256:597c6c618d36213af657a6a8444a5d87801f9a219682b206ad21ccb8f3e57bbd 2.10MB / 28.23MB 0.2s
2026-07-29T03:31:09.8470559Z #12 sha256:34eabb9d45bfc2a02673ee3778040c44b0f3b59facbbf51f9c367482821ce92f 70.25MB / 177.89MB 0.6s
2026-07-29T03:31:09.8472324Z #12 sha256:bcbf93830adb69dda1050c229181e9d0bbcd138e40c83062cfd41f7a8d79b4c7 18.74MB / 18.74MB 0.3s done
2026-07-29T03:31:09.8473270Z #12 sha256:597c6c618d36213af657a6a8444a5d87801f9a219682b206ad21ccb8f3e57bbd 7.34MB / 28.23MB 0.3s
2026-07-29T03:31:09.9967445Z #12 sha256:34eabb9d45bfc2a02673ee3778040c44b0f3b59facbbf51f9c367482821ce92f 83.89MB / 177.89MB 0.8s
2026-07-29T03:31:09.9970208Z #12 sha256:597c6c618d36213af657a6a8444a5d87801f9a219682b206ad21ccb8f3e57bbd 11.53MB / 28.23MB 0.5s
2026-07-29T03:31:10.1466530Z #12 sha256:34eabb9d45bfc2a02673ee3778040c44b0f3b59facbbf51f9c367482821ce92f 111.15MB / 177.89MB 0.9s
2026-07-29T03:31:10.1467748Z #12 sha256:597c6c618d36213af657a6a8444a5d87801f9a219682b206ad21ccb8f3e57bbd 16.78MB / 28.23MB 0.6s
2026-07-29T03:31:10.2965387Z #12 sha256:34eabb9d45bfc2a02673ee3778040c44b0f3b59facbbf51f9c367482821ce92f 128.97MB / 177.89MB 1.1s
2026-07-29T03:31:10.2967868Z #12 sha256:597c6c618d36213af657a6a8444a5d87801f9a219682b206ad21ccb8f3e57bbd 22.02MB / 28.23MB 0.8s
2026-07-29T03:31:10.4475882Z #12 sha256:34eabb9d45bfc2a02673ee3778040c44b0f3b59facbbf51f9c367482821ce92f 144.70MB / 177.89MB 1.2s
2026-07-29T03:31:10.4478199Z #12 sha256:597c6c618d36213af657a6a8444a5d87801f9a219682b206ad21ccb8f3e57bbd 26.21MB / 28.23MB 0.9s
2026-07-29T03:31:10.5971884Z #12 sha256:34eabb9d45bfc2a02673ee3778040c44b0f3b59facbbf51f9c367482821ce92f 169.87MB / 177.89MB 1.4s
2026-07-29T03:31:10.5973464Z #12 sha256:597c6c618d36213af657a6a8444a5d87801f9a219682b206ad21ccb8f3e57bbd 28.23MB / 28.23MB 1.1s
2026-07-29T03:31:10.7383986Z #12 sha256:34eabb9d45bfc2a02673ee3778040c44b0f3b59facbbf51f9c367482821ce92f 177.89MB / 177.89MB 1.6s done
2026-07-29T03:31:10.8925809Z #12 sha256:597c6c618d36213af657a6a8444a5d87801f9a219682b206ad21ccb8f3e57bbd 28.23MB / 28.23MB 1.2s done
2026-07-29T03:31:10.8929515Z #12 extracting sha256:597c6c618d36213af657a6a8444a5d87801f9a219682b206ad21ccb8f3e57bbd
2026-07-29T03:31:11.4696834Z #12 extracting sha256:597c6c618d36213af657a6a8444a5d87801f9a219682b206ad21ccb8f3e57bbd 0.7s done
2026-07-29T03:31:11.4697699Z #12 DONE 2.4s
2026-07-29T03:31:11.6203836Z 
2026-07-29T03:31:11.6204822Z #12 [build 2/8] WORKDIR /src
2026-07-29T03:31:11.6205602Z #12 extracting sha256:bcbf93830adb69dda1050c229181e9d0bbcd138e40c83062cfd41f7a8d79b4c7
2026-07-29T03:31:11.7230830Z #12 extracting sha256:bcbf93830adb69dda1050c229181e9d0bbcd138e40c83062cfd41f7a8d79b4c7 0.3s done
2026-07-29T03:31:11.7231816Z #12 DONE 2.7s
2026-07-29T03:31:11.8813124Z 
2026-07-29T03:31:11.8814068Z #12 [build 2/8] WORKDIR /src
2026-07-29T03:31:11.8814972Z #12 extracting sha256:4afec8b5a48bb14028a2111abd144794fb4f088154db49009be3c5833f922deb done
2026-07-29T03:31:11.8816174Z #12 extracting sha256:77e3e8465ccd88a7ab4380ed823b77769274a8d0cd50332315a6e6884eeb185b
2026-07-29T03:31:12.0708032Z #12 extracting sha256:77e3e8465ccd88a7ab4380ed823b77769274a8d0cd50332315a6e6884eeb185b 0.3s done
2026-07-29T03:31:12.0709112Z #12 DONE 3.0s
2026-07-29T03:31:12.1973077Z 
2026-07-29T03:31:12.1973922Z #12 [build 2/8] WORKDIR /src
2026-07-29T03:31:12.1976671Z #12 extracting sha256:b450eb4b61483e158bba71e0972774dca3356aaccf083b4de394756826786dc3 done
2026-07-29T03:31:12.1978470Z #12 extracting sha256:993b1a5b9814eb890928e53aa844227cd48d62a552cce9d9723401d3f323d7df 0.1s done
2026-07-29T03:31:12.1979406Z #12 DONE 3.2s
2026-07-29T03:31:12.3482144Z 
2026-07-29T03:31:12.3482813Z #12 [build 2/8] WORKDIR /src
2026-07-29T03:31:12.3483584Z #12 extracting sha256:0aa6db834649082ea8d86f41789fce403a69c18bcec5994ceaf0ed4474563c7d
2026-07-29T03:31:12.8595080Z #12 extracting sha256:0aa6db834649082ea8d86f41789fce403a69c18bcec5994ceaf0ed4474563c7d 0.7s done
2026-07-29T03:31:12.8595966Z #12 DONE 3.8s
2026-07-29T03:31:13.0095863Z 
2026-07-29T03:31:13.0096763Z #12 [build 2/8] WORKDIR /src
2026-07-29T03:31:13.0097776Z #12 extracting sha256:34eabb9d45bfc2a02673ee3778040c44b0f3b59facbbf51f9c367482821ce92f
2026-07-29T03:31:15.4258062Z #12 extracting sha256:34eabb9d45bfc2a02673ee3778040c44b0f3b59facbbf51f9c367482821ce92f 2.6s done
2026-07-29T03:31:15.4259331Z #12 DONE 6.4s
2026-07-29T03:31:15.5842406Z 
2026-07-29T03:31:15.5843349Z #12 [build 2/8] WORKDIR /src
2026-07-29T03:31:15.5844447Z #12 extracting sha256:ed43dda998e1a0c05efeddc9a24048ad8349ce02697b4db3061250e466b3a059 done
2026-07-29T03:31:15.5845732Z #12 extracting sha256:aaea65f9d3756e15614c6efe86e2006b8fe74af0af07faefdcb6e6001dd705fc
2026-07-29T03:31:15.6941344Z #12 extracting sha256:aaea65f9d3756e15614c6efe86e2006b8fe74af0af07faefdcb6e6001dd705fc 0.3s done
2026-07-29T03:31:15.6942842Z #12 DONE 6.7s
2026-07-29T03:31:15.8611455Z 
2026-07-29T03:31:15.8612145Z #12 [build 2/8] WORKDIR /src
2026-07-29T03:31:15.8612883Z #12 extracting sha256:11eb1ef6a72d72d68482386694a791673416aeb0fe0f5f9f5d7815d3e3befd5f 0.0s done
2026-07-29T03:31:15.8613509Z #12 DONE 6.7s
2026-07-29T03:31:15.8613659Z 
2026-07-29T03:31:15.8613898Z #13 [build 3/8] COPY src/Ednsv.Core/Ednsv.Core.csproj src/Ednsv.Core/
2026-07-29T03:31:17.5959701Z #13 DONE 1.9s
2026-07-29T03:31:17.7573643Z 
2026-07-29T03:31:17.7574177Z #14 [build 4/8] COPY src/Ednsv.Web/Ednsv.Web.csproj src/Ednsv.Web/
2026-07-29T03:31:17.7574705Z #14 DONE 0.0s
2026-07-29T03:31:17.7574888Z 
2026-07-29T03:31:17.7575124Z #15 [build 5/8] RUN dotnet restore src/Ednsv.Web/Ednsv.Web.csproj
2026-07-29T03:31:18.2846415Z #15 0.678   Determining projects to restore...
2026-07-29T03:31:20.3663057Z #15 2.759   Restored /src/src/Ednsv.Web/Ednsv.Web.csproj (in 1.62 sec).
2026-07-29T03:31:20.4802749Z #15 2.760   Restored /src/src/Ednsv.Core/Ednsv.Core.csproj (in 1.62 sec).
2026-07-29T03:31:20.4804493Z #15 DONE 2.8s
2026-07-29T03:31:20.4805782Z 
2026-07-29T03:31:20.4806720Z #16 [build 6/8] COPY src/Ednsv.Core/ src/Ednsv.Core/
2026-07-29T03:31:20.4808320Z #16 DONE 0.0s
2026-07-29T03:31:20.6441133Z 
2026-07-29T03:31:20.6442018Z #17 [build 7/8] COPY src/Ednsv.Web/ src/Ednsv.Web/
2026-07-29T03:31:20.6442639Z #17 DONE 0.0s
2026-07-29T03:31:20.6442841Z 
2026-07-29T03:31:20.6444695Z #18 [build 8/8] RUN dotnet publish src/Ednsv.Web/Ednsv.Web.csproj         --configuration Release         --no-restore         --output /app/publish         /p:UseAppHost=false         /p:SourceRevisionId="5f0802beeb402503cc257d552100de7707ed3651"         /p:SourceBranch="main"         /p:SourcePullRequest=""
2026-07-29T03:31:25.5266925Z #18 5.033   Ednsv.Core -> /src/src/Ednsv.Core/bin/Release/net8.0/Ednsv.Core.dll
2026-07-29T03:31:27.5332683Z #18 7.040   Ednsv.Web -> /src/src/Ednsv.Web/bin/Release/net8.0/Ednsv.Web.dll
2026-07-29T03:31:27.6981034Z #18 7.119   Ednsv.Web -> /app/publish/
2026-07-29T03:31:27.6981572Z #18 DONE 7.2s
2026-07-29T03:31:27.8062313Z 
2026-07-29T03:31:27.8063622Z #19 [runtime 2/3] WORKDIR /app
2026-07-29T03:31:27.8064847Z #19 sha256:6be1d09dc94636d9fe43fa397a54265c3786edd427bb14d3eab7c491cfb8cbe5 93B / 93B 0.0s done
2026-07-29T03:31:27.8066795Z #19 extracting sha256:6be1d09dc94636d9fe43fa397a54265c3786edd427bb14d3eab7c491cfb8cbe5 done
2026-07-29T03:31:27.8067905Z #19 DONE 0.1s
2026-07-29T03:31:27.8068134Z 
2026-07-29T03:31:27.8068442Z #20 [runtime 3/3] COPY --from=build /app/publish ./
2026-07-29T03:31:27.8069150Z #20 DONE 0.0s
2026-07-29T03:31:27.9585467Z 
2026-07-29T03:31:27.9586758Z #21 exporting to image
2026-07-29T03:31:27.9587389Z #21 exporting layers
2026-07-29T03:31:28.0454287Z #21 exporting layers 0.2s done
2026-07-29T03:31:28.2433290Z #21 ...
2026-07-29T03:31:28.2433850Z 
2026-07-29T03:31:28.2434333Z #22 [auth] pkinerd/ednsv:pull,push token for ghcr.io
2026-07-29T03:31:28.2435165Z #22 DONE 0.0s
2026-07-29T03:31:28.2435380Z 
2026-07-29T03:31:28.2435529Z #21 exporting to image
2026-07-29T03:31:28.2436509Z #21 exporting manifest sha256:6c7b56fd77fc7d4fe5f2293d979a9d5edf8b9da0c209f8e2c8f2f03780648547 done
2026-07-29T03:31:28.2438097Z #21 exporting config sha256:d8810dd21746e91abdc2e33db321c34284241f6cdae400e84454327bcab99513 done
2026-07-29T03:31:28.2439373Z #21 exporting attestation manifest sha256:2e39f50e474f978e000baae5a4c70920903b48f140aaa8267cb8ccf9bdbdff38 done
2026-07-29T03:31:28.2440689Z #21 exporting manifest list sha256:30a3139319908c233fc37216f7f3a22fe8194215ba9714e8e63e3c1cdb799f5a done
2026-07-29T03:31:28.2441541Z #21 pushing layers
2026-07-29T03:31:29.5359852Z #21 pushing layers 1.5s done
2026-07-29T03:31:29.5361002Z #21 pushing manifest for ghcr.io/pkinerd/ednsv:branch-main@sha256:30a3139319908c233fc37216f7f3a22fe8194215ba9714e8e63e3c1cdb799f5a
2026-07-29T03:31:30.3869571Z #21 pushing manifest for ghcr.io/pkinerd/ednsv:branch-main@sha256:30a3139319908c233fc37216f7f3a22fe8194215ba9714e8e63e3c1cdb799f5a 0.9s done
2026-07-29T03:31:30.6159597Z #21 pushing layers 0.1s done
2026-07-29T03:31:30.6160791Z #21 pushing manifest for ghcr.io/pkinerd/ednsv:latest@sha256:30a3139319908c233fc37216f7f3a22fe8194215ba9714e8e63e3c1cdb799f5a
2026-07-29T03:31:30.8263122Z #21 pushing manifest for ghcr.io/pkinerd/ednsv:latest@sha256:30a3139319908c233fc37216f7f3a22fe8194215ba9714e8e63e3c1cdb799f5a 0.4s done
2026-07-29T03:31:31.0505148Z #21 pushing layers 0.1s done
2026-07-29T03:31:31.0506730Z #21 pushing manifest for ghcr.io/pkinerd/ednsv:latest-any@sha256:30a3139319908c233fc37216f7f3a22fe8194215ba9714e8e63e3c1cdb799f5a
2026-07-29T03:31:31.3562075Z #21 pushing layers 0.1s done
2026-07-29T03:31:31.3563324Z #21 pushing manifest for ghcr.io/pkinerd/ednsv:latest-any@sha256:30a3139319908c233fc37216f7f3a22fe8194215ba9714e8e63e3c1cdb799f5a 0.4s done
2026-07-29T03:31:31.3564896Z #21 pushing manifest for ghcr.io/pkinerd/ednsv:sha-5f0802b@sha256:30a3139319908c233fc37216f7f3a22fe8194215ba9714e8e63e3c1cdb799f5a
2026-07-29T03:31:31.6834035Z #21 pushing manifest for ghcr.io/pkinerd/ednsv:sha-5f0802b@sha256:30a3139319908c233fc37216f7f3a22fe8194215ba9714e8e63e3c1cdb799f5a 0.3s done
2026-07-29T03:31:31.6835419Z #21 DONE 3.9s
2026-07-29T03:31:31.6835657Z 
2026-07-29T03:31:31.6835866Z #23 exporting to GitHub Actions Cache
2026-07-29T03:31:31.6836674Z #23 preparing build cache for export 3.0s done
2026-07-29T03:31:31.6837228Z #23 sending cache export
2026-07-29T03:31:31.6837881Z #23 writing layer sha256:6d8833b7dbb5ef68b91b1df53c2c723b6073bff92e5ad636e7078f6a5b68cacb 0.2s done
2026-07-29T03:31:31.6838528Z #23 writing layer sha256:7a625bf20ad46cec483403b56b5788ff628939bf7dec8551ecea9b264fb27106
2026-07-29T03:31:34.2076207Z #23 writing layer sha256:7a625bf20ad46cec483403b56b5788ff628939bf7dec8551ecea9b264fb27106 2.8s done
2026-07-29T03:31:34.3841341Z #23 writing layer sha256:b6317ac2cc2e81707b35c67bd0cfaa8560e0b0fd3926da96935f179ace5702d4 0.1s done
2026-07-29T03:31:34.5684065Z #23 writing layer sha256:c1e6be8ccae3b457d18a81308a042abb6d8d2b39bf46941dc2552080afd48fa7
2026-07-29T03:31:34.7110365Z #23 writing layer sha256:c1e6be8ccae3b457d18a81308a042abb6d8d2b39bf46941dc2552080afd48fa7 0.3s done
2026-07-29T03:31:34.8789579Z #23 writing layer sha256:c93430c8d7f0fbf61b828d51aba2f1a4ba59cc83dda1f88a1813c9fc134aac20
2026-07-29T03:31:34.9688815Z #23 writing layer sha256:c93430c8d7f0fbf61b828d51aba2f1a4ba59cc83dda1f88a1813c9fc134aac20 0.2s done
2026-07-29T03:31:35.0752812Z #23 writing layer sha256:e01f9fc72d40d03c30d0fa6beb923631edf1de94d39dd9dfbfdd1f12dc9cd41c 0.1s done
2026-07-29T03:31:35.1828750Z #23 writing layer sha256:ea2a3f345997a059be778650d4b1026860fb53afd447c3c256f0d31b4123d24e 0.1s done
2026-07-29T03:31:35.3380945Z #23 sending cache export 4.2s done
2026-07-29T03:31:35.3381460Z #23 DONE 7.3s
2026-07-29T03:31:35.3686200Z 
2026-07-29T03:31:35.3686713Z #24 resolving provenance for metadata file
2026-07-29T03:31:35.3687441Z #24 DONE 0.0s
2026-07-29T03:31:35.3780897Z ##[group]ImageID
2026-07-29T03:31:35.3781527Z sha256:30a3139319908c233fc37216f7f3a22fe8194215ba9714e8e63e3c1cdb799f5a
2026-07-29T03:31:35.3782880Z ##[endgroup]
2026-07-29T03:31:35.3783438Z ##[group]Digest
2026-07-29T03:31:35.3783983Z sha256:30a3139319908c233fc37216f7f3a22fe8194215ba9714e8e63e3c1cdb799f5a
2026-07-29T03:31:35.3785203Z ##[endgroup]
2026-07-29T03:31:35.3785739Z ##[group]Metadata
2026-07-29T03:31:35.3790812Z {
2026-07-29T03:31:35.3791271Z   "buildx.build.provenance": {
2026-07-29T03:31:35.3791836Z     "builder": {
2026-07-29T03:31:35.3792629Z       "id": "https://github.com/pkinerd/ednsv/actions/runs/30419723788/attempts/1"
2026-07-29T03:31:35.3793303Z     },
2026-07-29T03:31:35.3793749Z     "buildType": "https://mobyproject.org/buildkit@v1",
2026-07-29T03:31:35.3794328Z     "materials": [
2026-07-29T03:31:35.3794643Z       {
2026-07-29T03:31:35.3794993Z         "uri": "pkg:docker/docker/dockerfile@1.7",
2026-07-29T03:31:35.3795516Z         "digest": {
2026-07-29T03:31:35.3796120Z           "sha256": "a57df69d0ea827fb7266491f2813635de6f17269be881f696fbfdf2d83dda33e"
2026-07-29T03:31:35.3798275Z         }
2026-07-29T03:31:35.3798573Z       },
2026-07-29T03:31:35.3798881Z       {
2026-07-29T03:31:35.3799681Z         "uri": "pkg:docker/mcr.microsoft.com/dotnet/aspnet@8.0?platform=linux%2Famd64",
2026-07-29T03:31:35.3800638Z         "digest": {
2026-07-29T03:31:35.3801283Z           "sha256": "8f6a307ae32fb393a4b4bcde0a81f0ce3f0a715de0e5575df71f3030448f2dde"
2026-07-29T03:31:35.3802153Z         }
2026-07-29T03:31:35.3802516Z       },
2026-07-29T03:31:35.3802856Z       {
2026-07-29T03:31:35.3803393Z         "uri": "pkg:docker/mcr.microsoft.com/dotnet/sdk@8.0?platform=linux%2Famd64",
2026-07-29T03:31:35.3804026Z         "digest": {
2026-07-29T03:31:35.3804658Z           "sha256": "3c0edbfe1549dd93fb789dc96299a40df865ad7bffefcaf38e8c05940686d641"
2026-07-29T03:31:35.3805373Z         }
2026-07-29T03:31:35.3805658Z       }
2026-07-29T03:31:35.3805930Z     ],
2026-07-29T03:31:35.3806423Z     "invocation": {
2026-07-29T03:31:35.3806805Z       "configSource": {
2026-07-29T03:31:35.3807187Z         "entryPoint": "Dockerfile"
2026-07-29T03:31:35.3807584Z       },
2026-07-29T03:31:35.3807879Z       "parameters": {
2026-07-29T03:31:35.3808180Z         "frontend": "gateway.v0",
2026-07-29T03:31:35.3808434Z         "args": {
2026-07-29T03:31:35.3808650Z           "build-arg:SOURCE_BRANCH": "main",
2026-07-29T03:31:35.3809124Z           "build-arg:SOURCE_COMMIT": "5f0802beeb402503cc257d552100de7707ed3651",
2026-07-29T03:31:35.3809503Z           "build-arg:SOURCE_PR": "",
2026-07-29T03:31:35.3809788Z           "cmdline": "docker/dockerfile:1.7",
2026-07-29T03:31:35.3810169Z           "label:org.opencontainers.image.created": "2026-07-29T03:31:07.119Z",
2026-07-29T03:31:35.3810611Z           "label:org.opencontainers.image.description": "",
2026-07-29T03:31:35.3810975Z           "label:org.opencontainers.image.licenses": "",
2026-07-29T03:31:35.3811443Z           "label:org.opencontainers.image.revision": "5f0802beeb402503cc257d552100de7707ed3651",
2026-07-29T03:31:35.3812072Z           "label:org.opencontainers.image.source": "https://github.com/pkinerd/ednsv",
2026-07-29T03:31:35.3812624Z           "label:org.opencontainers.image.title": "ednsv",
2026-07-29T03:31:35.3813459Z           "label:org.opencontainers.image.url": "https://github.com/pkinerd/ednsv",
2026-07-29T03:31:35.3814420Z           "label:org.opencontainers.image.version": "branch-main",
2026-07-29T03:31:35.3815022Z           "source": "docker/dockerfile:1.7"
2026-07-29T03:31:35.3815456Z         },
2026-07-29T03:31:35.3815748Z         "locals": [
2026-07-29T03:31:35.3816062Z           {
2026-07-29T03:31:35.3816544Z             "name": "context"
2026-07-29T03:31:35.3816922Z           },
2026-07-29T03:31:35.3817103Z           {
2026-07-29T03:31:35.3817489Z             "name": "dockerfile"
2026-07-29T03:31:35.3817726Z           }
2026-07-29T03:31:35.3817884Z         ],
2026-07-29T03:31:35.3818057Z         "root": {
2026-07-29T03:31:35.3818284Z           "configSource": {
2026-07-29T03:31:35.3818508Z             "path": "Dockerfile"
2026-07-29T03:31:35.3818724Z           },
2026-07-29T03:31:35.3818897Z           "request": {
2026-07-29T03:31:35.3819091Z             "args": {
2026-07-29T03:31:35.3819308Z               "build-arg:SOURCE_BRANCH": "main",
2026-07-29T03:31:35.3819827Z               "build-arg:SOURCE_COMMIT": "5f0802beeb402503cc257d552100de7707ed3651",
2026-07-29T03:31:35.3820204Z               "build-arg:SOURCE_PR": "",
2026-07-29T03:31:35.3820569Z               "label:org.opencontainers.image.created": "2026-07-29T03:31:07.119Z",
2026-07-29T03:31:35.3821011Z               "label:org.opencontainers.image.description": "",
2026-07-29T03:31:35.3821381Z               "label:org.opencontainers.image.licenses": "",
2026-07-29T03:31:35.3821863Z               "label:org.opencontainers.image.revision": "5f0802beeb402503cc257d552100de7707ed3651",
2026-07-29T03:31:35.3822449Z               "label:org.opencontainers.image.source": "https://github.com/pkinerd/ednsv",
2026-07-29T03:31:35.3822915Z               "label:org.opencontainers.image.title": "ednsv",
2026-07-29T03:31:35.3823347Z               "label:org.opencontainers.image.url": "https://github.com/pkinerd/ednsv",
2026-07-29T03:31:35.3823839Z               "label:org.opencontainers.image.version": "branch-main",
2026-07-29T03:31:35.3824194Z               "vcs:localdir:context": ".",
2026-07-29T03:31:35.3824467Z               "vcs:localdir:dockerfile": ".",
2026-07-29T03:31:35.3824796Z               "vcs:revision": "5f0802beeb402503cc257d552100de7707ed3651",
2026-07-29T03:31:35.3825184Z               "vcs:source": "https://github.com/pkinerd/ednsv"
2026-07-29T03:31:35.3825500Z             }
2026-07-29T03:31:35.3825701Z           }
2026-07-29T03:31:35.3825880Z         },
2026-07-29T03:31:35.3826103Z         "compatibilityVersion": 30
2026-07-29T03:31:35.3826736Z       },
2026-07-29T03:31:35.3827100Z       "environment": {
2026-07-29T03:31:35.3827535Z         "github_actor": "pkinerd",
2026-07-29T03:31:35.3828044Z         "github_actor_id": "169779439",
2026-07-29T03:31:35.3828586Z         "github_event_name": "push",
2026-07-29T03:31:35.3829117Z         "github_event_payload": {
2026-07-29T03:31:35.3829704Z           "after": "5f0802beeb402503cc257d552100de7707ed3651",
2026-07-29T03:31:35.3830290Z           "base_ref": null,
2026-07-29T03:31:35.3830783Z           "before": "b39be414bd0957dd8574f7aa105e6a17842b92ab",
2026-07-29T03:31:35.3831301Z           "commits": [
2026-07-29T03:31:35.3831624Z             {
2026-07-29T03:31:35.3831922Z               "author": {
2026-07-29T03:31:35.3832318Z                 "email": "noreply@anthropic.com",
2026-07-29T03:31:35.3832787Z                 "name": "Claude",
2026-07-29T03:31:35.3833189Z                 "username": "claude"
2026-07-29T03:31:35.3833496Z               },
2026-07-29T03:31:35.3833685Z               "committer": {
2026-07-29T03:31:35.3833920Z                 "email": "noreply@anthropic.com",
2026-07-29T03:31:35.3834182Z                 "name": "Claude",
2026-07-29T03:31:35.3834404Z                 "username": "claude"
2026-07-29T03:31:35.3834631Z               },
2026-07-29T03:31:35.3834822Z               "distinct": false,
2026-07-29T03:31:35.3835092Z               "id": "1677551f62e3b7b4d41e1abfc382931cabeb1934",
2026-07-29T03:31:35.3845693Z               "message": "Treat DnsCacheMinTtlSeconds as a floor rather than a default\n\nThe floor was standing in for a TTL whenever a response carried none, and\nthat turned out to be the dominant path rather than a corner. Only the\nanswer section was read, so every NXDOMAIN and NODATA looked TTL-less —\nand negative answers are the bulk of what a validation issues: 21\nblocklist zones per MX IP replying \"not listed\", 39 absent DKIM\nselectors, plus the SPF, DMARC, ARC and mail-survey subdomain probes. A\nclean domain is the worst case, because nothing is listed and nothing\nexists. Running DnsCacheMinTtlSeconds=60 against cnn.com therefore\nstamped 60 seconds on most of the cache and dropped hundreds of Redis\nkeys within the first couple of minutes, the floor setting quietly\ndeciding the lifetime of entries no zone had spoken about.\n\nTwo changes, both in DnsCacheTtl:\n\n- A response that published no TTL now yields null, leaving CacheTtlHours\n  governing exactly as it does with gating off. The floor bounds TTLs we\n  received; it is not a substitute for one.\n\n- Negative answers get the TTL the zone actually published for them.\n  RFC 2308 §5 puts it at min(SOA.MINIMUM, TTL of the SOA record) in the\n  authority section, which DnsCacheSerializer was already capturing and\n  persisting — only the TTL policy ignored it. It is clamped by the floor\n  and the cap like any other published TTL, so a short SOA minimum is\n  still raised and a week-long one still held to the ceiling.\n\nWith both, \"no TTL at all\" is genuinely rare: a referral with no SOA, or\na malformed response.\n\nAlso fixes two call sites that read the answer section directly and so\nmissed the SOA: the PTR cache, and QuerySpeculativeAsync, which wrote\nstraight to the cache without passing an entry TTL at all and was giving\nthe DKIM selector and SRV probes the full CacheTtlHours while every gated\npath around them honoured the zone.\n\nNot addressed, and separate: an L2 hit is re-stamped with the cache-wide\nTTL rather than its remaining Redis lifetime, and QuerySpeculativeAsync\nstill does not write through to Redis.\n\nCo-Authored-By: Claude Opus 5 <noreply@anthropic.com>\nClaude-Session: https://claude.ai/code/session_014SVV2X6y5grwQLEV6xuUQz",
2026-07-29T03:31:35.3859379Z               "timestamp": "2026-07-28T02:15:28Z",
2026-07-29T03:31:35.3860042Z               "tree_id": "c61778922c0ffefcd5638eb227d5df7ffd5f1aec",
2026-07-29T03:31:35.3860650Z               "url": "https://github.com/pkinerd/ednsv/commit/1677551f62e3b7b4d41e1abfc382931cabeb1934"
2026-07-29T03:31:35.3861132Z             },
2026-07-29T03:31:35.3861319Z             {
2026-07-29T03:31:35.3861527Z               "author": {
2026-07-29T03:31:35.3861797Z                 "email": "noreply@anthropic.com",
2026-07-29T03:31:35.3862103Z                 "name": "Claude",
2026-07-29T03:31:35.3862366Z                 "username": "claude"
2026-07-29T03:31:35.3862619Z               },
2026-07-29T03:31:35.3862830Z               "committer": {
2026-07-29T03:31:35.3863096Z                 "email": "noreply@anthropic.com",
2026-07-29T03:31:35.3863392Z                 "name": "Claude",
2026-07-29T03:31:35.3863646Z                 "username": "claude"
2026-07-29T03:31:35.3863898Z               },
2026-07-29T03:31:35.3864107Z               "distinct": false,
2026-07-29T03:31:35.3864385Z               "id": "9bc90747746210facbefb50fa1ebf385f52814e4",
2026-07-29T03:31:35.3873821Z               "message": "Bound an L2 hit by the shared key's remaining life\n\nFour paths move a value between L1 and the Redis L2. Three carried the\nlifetime with them; the read leg did not. A hit was cached locally with a\nfresh full CacheTtlHours no matter how little was left on the Redis key,\nso the local copy could outlive the shared entry it came from — and with\nrecord-TTL gating on, badly: a DNS answer bounded to sixty seconds by its\nrecord TTL, read from Redis at fifty-nine seconds old, was then served\nfrom L1 for the full cache TTL.\n\nIt did not stop at L1. SetMemoryOnly records the same expiry in the\nshared-cache key index, so an emptied-Redis re-warm republished the entry\nwith more life than it had ever been given, and the two tiers drifted\nfurther apart on every hit.\n\nTryGetAsync now reads the remaining lifetime alongside the value with\nStringGetWithExpiry — one round trip either way — and returns both, so\nthe expiry cannot be dropped by a future caller. The L1 copy takes the\nsooner of that and a full cache TTL: the shared key bounds us, and a peer\nrunning a longer CacheTtlHours does not license us to extend ours.\n\nUnder CacheTtlHours=0 a hit now takes the shared key's remaining life\nrather than never expiring. Memory not expiring is a statement about\nvalues this instance fetched, not a licence to keep a borrowed one\nforever — and the shared key's lifetime is the only real bound available\nthere.\n\nVerified against a live Redis: the two tests covering the expansion fail\nagainst the previous behaviour and pass now, and the two covering the\ncaps pass either way, guarding the over-correction.\n\nStill outstanding, and not a TTL question: SetMemoryOnly indexes every\nvalue it caches, including results that failed shouldPersist. Those are\ndeliberately kept out of the write-through, but WarmSharedCache reads the\nindex and so can publish a transient error to peers after Redis has been\nemptied.\n\nCo-Authored-By: Claude Opus 5 <noreply@anthropic.com>\nClaude-Session: https://claude.ai/code/session_014SVV2X6y5grwQLEV6xuUQz",
2026-07-29T03:31:35.3881801Z               "timestamp": "2026-07-28T02:24:59Z",
2026-07-29T03:31:35.3882171Z               "tree_id": "d223af3a7146f1c34e4cb9c320d781245686e0e4",
2026-07-29T03:31:35.3883101Z               "url": "https://github.com/pkinerd/ednsv/commit/9bc90747746210facbefb50fa1ebf385f52814e4"
2026-07-29T03:31:35.3884003Z             },
2026-07-29T03:31:35.3884189Z             {
2026-07-29T03:31:35.3884411Z               "author": {
2026-07-29T03:31:35.3884673Z                 "email": "noreply@anthropic.com",
2026-07-29T03:31:35.3884991Z                 "name": "Claude",
2026-07-29T03:31:35.3885237Z                 "username": "claude"
2026-07-29T03:31:35.3885470Z               },
2026-07-29T03:31:35.3885659Z               "committer": {
2026-07-29T03:31:35.3885901Z                 "email": "noreply@anthropic.com",
2026-07-29T03:31:35.3886168Z                 "name": "Claude",
2026-07-29T03:31:35.3886641Z                 "username": "claude"
2026-07-29T03:31:35.3886868Z               },
2026-07-29T03:31:35.3887054Z               "distinct": false,
2026-07-29T03:31:35.3887344Z               "id": "ea2e08d33c4ed7cef0c42406ebceeeb38b7d405b",
2026-07-29T03:31:35.3891666Z               "message": "Record why an L2 hit is capped at our own TTL\n\nThe cap was justified in the comment by a peer running a different\nCacheTtlHours, which is the weakest of the reasons and the rarest. The\nreal one is that Redis outlives a pod: keys written under a longer\nCacheTtlHours survive the deploy that lowered it, so without the cap a\nconfig change would not take effect in L1 until those keys aged out on\nthe old setting. A rolling change has peers on both settings at once for\nthe same reason.\n\nAlso records what the cap does not do, since it invites the opposite\nreading: it bounds how long a value is held, not how stale it may get.\nWhen the L1 copy expires we take an L1 miss, re-read the L2, find the\nsame key still alive and cache it again — total age stays governed by the\nshared key's own lifetime, which is the shared tier's contract to keep.\n\nComments and docs only; no behaviour change.\n\nCo-Authored-By: Claude Opus 5 <noreply@anthropic.com>\nClaude-Session: https://claude.ai/code/session_014SVV2X6y5grwQLEV6xuUQz",
2026-07-29T03:31:35.3895473Z               "timestamp": "2026-07-28T02:32:44Z",
2026-07-29T03:31:35.3895806Z               "tree_id": "cbd791748ca1bddc718aaa393c259c84fc0e88c8",
2026-07-29T03:31:35.3896531Z               "url": "https://github.com/pkinerd/ednsv/commit/ea2e08d33c4ed7cef0c42406ebceeeb38b7d405b"
2026-07-29T03:31:35.3896988Z             },
2026-07-29T03:31:35.3897173Z             {
2026-07-29T03:31:35.3897355Z               "author": {
2026-07-29T03:31:35.3897591Z                 "email": "noreply@anthropic.com",
2026-07-29T03:31:35.3897868Z                 "name": "Claude",
2026-07-29T03:31:35.3898101Z                 "username": "claude"
2026-07-29T03:31:35.3898332Z               },
2026-07-29T03:31:35.3898524Z               "committer": {
2026-07-29T03:31:35.3898792Z                 "email": "noreply@anthropic.com",
2026-07-29T03:31:35.3899236Z                 "name": "Claude",
2026-07-29T03:31:35.3899474Z                 "username": "claude"
2026-07-29T03:31:35.3899697Z               },
2026-07-29T03:31:35.3899884Z               "distinct": false,
2026-07-29T03:31:35.3900274Z               "id": "6a5f3efa4d820f8902d7c4dc0f6f0236701b93d2",
2026-07-29T03:31:35.3908022Z               "message": "Keep shouldPersist-rejected values out of the shared-cache key index\n\nThe predicate keeps transient errors out of the disk bag and the L2\nwrite-through. The re-warm is the third way into the shared cache and it\nwas not gated: WarmSharedCache republishes everything the key index\nnames, SetMemoryOnly indexed every value it cached, and the warm cannot\ntell a timeout from a real answer. So a value deliberately withheld from\npeers reached them anyway the first time Redis was emptied — the long way\nround, but the same destination the predicate exists to prevent.\n\nSetMemoryOnly now takes a shareable flag, false only on the transient\npath. That is the one of its three callers whose value is not already\npublished: an L2 hit and a disk import both belong in the index, and a\nre-warm is the only thing that will put them back after a flush.\n\nThe new test fails against the ungated index and passes now.\n\nCo-Authored-By: Claude Opus 5 <noreply@anthropic.com>\nClaude-Session: https://claude.ai/code/session_014SVV2X6y5grwQLEV6xuUQz",
2026-07-29T03:31:35.3915726Z               "timestamp": "2026-07-28T02:37:02Z",
2026-07-29T03:31:35.3916527Z               "tree_id": "ca73c662c55ebac843626f9bb2006f9a450dfaf8",
2026-07-29T03:31:35.3917489Z               "url": "https://github.com/pkinerd/ednsv/commit/6a5f3efa4d820f8902d7c4dc0f6f0236701b93d2"
2026-07-29T03:31:35.3918283Z             },
2026-07-29T03:31:35.3918584Z             {
2026-07-29T03:31:35.3918890Z               "author": {
2026-07-29T03:31:35.3919292Z                 "email": "noreply@anthropic.com",
2026-07-29T03:31:35.3919758Z                 "name": "Claude",
2026-07-29T03:31:35.3920146Z                 "username": "claude"
2026-07-29T03:31:35.3920548Z               },
2026-07-29T03:31:35.3920867Z               "committer": {
2026-07-29T03:31:35.3921286Z                 "email": "noreply@anthropic.com",
2026-07-29T03:31:35.3921759Z                 "name": "Claude",
2026-07-29T03:31:35.3922157Z                 "username": "claude"
2026-07-29T03:31:35.3922560Z               },
2026-07-29T03:31:35.3922879Z               "distinct": false,
2026-07-29T03:31:35.3923360Z               "id": "a619ae3a086f711910ed91002ad74bfec1ebabd0",
2026-07-29T03:31:35.3936908Z               "message": "Give the speculative DNS path a real share in the L2\n\nA DKIM selector that does not exist is a perfectly cacheable answer, and\nQuerySpeculativeAsync was persisting it to disk already — but never to\nRedis, on either leg. It wrote with Set, which populated L1, the bag and\nthe key index but not the shared tier; it read with TryGet, which is L1\nonly. So each pod re-probed the same 39 absent selectors, plus the SRV\nand speculative TXT names, and no pod could see another's answer.\n\nFixing only the write would have been pointless: with an L1-only read\nnothing would ever have read what was published.\n\nSet now performs the write-through itself rather than leaving it to the\none caller inside GetOrCreateAsync. Caching a value this process fetched\nmeans the same thing wherever it is called from, and the split is what\nlet this path — and the dead SetQueryCache/SetPtrCache helpers beside it\n— write to two tiers out of three without anything noticing.\n\nTryGetSharedAsync is the read half for callers that cannot use\nGetOrCreateAsync. The speculative path cannot: it must not cache its own\ntimeouts, and GetOrCreateAsync caches every factory result in L1 one way\nor another, which would leave a 3-second miss shadowing the longer\nQueryAsync behind it. A recheck misses the L2 as well as L1, exactly as\nGetOrCreateAsync arranges.\n\nThe two write-through tests fail against the old split and pass now.\n\nCo-Authored-By: Claude Opus 5 <noreply@anthropic.com>\nClaude-Session: https://claude.ai/code/session_014SVV2X6y5grwQLEV6xuUQz",
2026-07-29T03:31:35.3946736Z               "timestamp": "2026-07-28T02:44:22Z",
2026-07-29T03:31:35.3947087Z               "tree_id": "6ff6c85fc86e44d974d33409b31795909fe1dca8",
2026-07-29T03:31:35.3947599Z               "url": "https://github.com/pkinerd/ednsv/commit/a619ae3a086f711910ed91002ad74bfec1ebabd0"
2026-07-29T03:31:35.3948041Z             },
2026-07-29T03:31:35.3948221Z             {
2026-07-29T03:31:35.3948597Z               "author": {
2026-07-29T03:31:35.3948840Z                 "email": "noreply@anthropic.com",
2026-07-29T03:31:35.3949119Z                 "name": "Claude",
2026-07-29T03:31:35.3949353Z                 "username": "claude"
2026-07-29T03:31:35.3949585Z               },
2026-07-29T03:31:35.3949777Z               "committer": {
2026-07-29T03:31:35.3950019Z                 "email": "noreply@anthropic.com",
2026-07-29T03:31:35.3950288Z                 "name": "Claude",
2026-07-29T03:31:35.3950522Z                 "username": "claude"
2026-07-29T03:31:35.3950749Z               },
2026-07-29T03:31:35.3950938Z               "distinct": false,
2026-07-29T03:31:35.3951214Z               "id": "903c36e83f8a970bee71cd2d9565683cb8e3c437",
2026-07-29T03:31:35.3958137Z               "message": "Run the Redis-backed tests in CI, and prune five dead cache helpers\n\nCI had no Redis, so every Redis-backed test self-skipped there. The last\nrun on main reported 315 of 315 passed while logging \"SKIPPED: no Redis\"\n43 times — the shared L2, the emptied-cache re-warm, L2 lifetimes, the\nconfig and auth beacons and the write leases all unverified by the thing\nthat gates merges. Every shared-cache fix on this branch would have gone\ngreen whether or not it worked.\n\nThe build job now runs a redis:7-alpine service on 6380, the port the\ntests use (6379 is left alone so a developer's own Redis stays out of the\ntest keyspace).\n\nRedisTestPrerequisiteTests keeps it fixed. The self-skip is right for a\ndev box and must stay, so the guard is opt-in: with EDNSV_REQUIRE_REDIS=1,\nset only on the CI test step, an unreachable Redis fails with a message\nnaming the consequence. Removing or breaking the service container can no\nlonger quietly return dozens of tests to skipping. Verified in all three\nstates — unset skips, set with Redis passes, set without fails.\n\nSeparately, five private helpers in DnsResolverService had no callers:\nSetQueryCache, SetPtrCache, SetServerQueryCache, TryGetPtrCache and\nTryGetServerQueryCache. The three Set ones called ProbeCache.Set with no\nentry TTL, which is the un-gated write that this branch has just finished\nremoving from the speculative path — a ready-made way to reintroduce it.\nTryGetQueryCache has three callers and stays.\n\nCo-Authored-By: Claude Opus 5 <noreply@anthropic.com>\nClaude-Session: https://claude.ai/code/session_014SVV2X6y5grwQLEV6xuUQz",
2026-07-29T03:31:35.3964036Z               "timestamp": "2026-07-28T02:48:03Z",
2026-07-29T03:31:35.3964386Z               "tree_id": "4ae6aa8ead5e2ac312763fca54351b6fb60f138a",
2026-07-29T03:31:35.3964894Z               "url": "https://github.com/pkinerd/ednsv/commit/903c36e83f8a970bee71cd2d9565683cb8e3c437"
2026-07-29T03:31:35.3965340Z             },
2026-07-29T03:31:35.3965518Z             {
2026-07-29T03:31:35.3965701Z               "author": {
2026-07-29T03:31:35.3965940Z                 "email": "noreply@anthropic.com",
2026-07-29T03:31:35.3966491Z                 "name": "Claude",
2026-07-29T03:31:35.3966859Z                 "username": "claude"
2026-07-29T03:31:35.3967109Z               },
2026-07-29T03:31:35.3967303Z               "committer": {
2026-07-29T03:31:35.3967548Z                 "email": "noreply@anthropic.com",
2026-07-29T03:31:35.3967822Z                 "name": "Claude",
2026-07-29T03:31:35.3968051Z                 "username": "claude"
2026-07-29T03:31:35.3968279Z               },
2026-07-29T03:31:35.3968464Z               "distinct": false,
2026-07-29T03:31:35.3968963Z               "id": "7e859ee843dd584e0e947f76d9051a2f8a142126",
2026-07-29T03:31:35.3982043Z               "message": "Tell a failed lookup apart from an answer, and stop caching it for hours\n\nRepeated runs against cnn.com produced spurious findings after about a\nminute: IPs with perfectly good reverse DNS reported as \"No PTR record —\nmany receivers reject mail from IPs without reverse DNS\". Three defects\ncompounded, one of them introduced on this branch.\n\nAn error response was treated as an answer. The persistence predicates\nrejected only EmptyResponse.Instance, the sentinel substituted when a\nquery threw — but every client runs with ThrowDnsErrors=false, so a\nSERVFAIL never throws. It arrived as an ordinary response object and was\ncached and persisted as though the zone had answered. The documentation\nalready claimed these predicates skipped \"DNS errors\"; only transport\nerrors were ever skipped, so IsAnswer closes a gap between the code and\nits stated contract rather than changing the intent. Definitive means\nNoError or NXDomain: both are things the zone told us, both carry an SOA,\nand caching them is the point.\n\nThat gap was made much worse here. A SERVFAIL carries no answers and no\nSOA, so it publishes no TTL — and once \"no published TTL\" came to mean\n\"inherit CacheTtlHours\" (1677551), one failed lookup went from 60 seconds\nto two hours, on disk, and via the write-through folded into Set\n(a619ae3) shared with every peer.\n\nA rejected value took the cache-wide TTL. The intent was recorded as\n\"avoid repeated network calls for the rest of the current process\", which\nis one run for the CLI and days for the web service. So a transient\nfailure was held for the whole CacheTtlHours while a successful answer\nunder record-TTL gating might live sixty seconds — the failure outliving\nthe success by two orders of magnitude, and every refetch another chance\nto acquire one. Rejected values now expire on\nProbeCachePolicy.TransientLifetime (30s), never later than a normal entry\nwould. The in-flight map already collapses concurrent duplicates, so the\nwindow only ever needed to span one validation. Both cache variants, so a\ntimed-out port probe stops reporting a shut port.\n\nA failed PTR lookup was an empty list, indistinguishable from an IP that\ngenuinely has no PTR — which is how a timeout reached users as a\nmail-delivery warning. ResolvePtrAsync now returns a distinguished\ninstance recognised by reference, and the six consumers report \"reverse\nlookup failed — not checked\" instead of counting it as a finding. A\nsentinel rather than a wrapper type because the value is persisted as a\nList<string>; a failure is never persisted, so it only has to survive a\ncache hit, which a reference does.\n\nThree of the seven new tests fail against the previous behaviour, one per\ndefect; the rest pin the invariants that must not move — an accepted\nvalue still takes the cache TTL, and the transient window is a ceiling on\nfailures rather than a floor.\n\nNot changed: the unreachable-server breaker still covers QueryServerAsync\nalone. The docs now say so, and say why the recursive path is left to\nreport errors rather than silently skip.\n\nCo-Authored-By: Claude Opus 5 <noreply@anthropic.com>\nClaude-Session: https://claude.ai/code/session_014SVV2X6y5grwQLEV6xuUQz",
2026-07-29T03:31:35.3993802Z               "timestamp": "2026-07-28T03:31:23Z",
2026-07-29T03:31:35.3994135Z               "tree_id": "1c0eb1fa186e741504099d523360020481295a09",
2026-07-29T03:31:35.3994630Z               "url": "https://github.com/pkinerd/ednsv/commit/7e859ee843dd584e0e947f76d9051a2f8a142126"
2026-07-29T03:31:35.3995071Z             },
2026-07-29T03:31:35.3995246Z             {
2026-07-29T03:31:35.3995426Z               "author": {
2026-07-29T03:31:35.3995664Z                 "email": "noreply@anthropic.com",
2026-07-29T03:31:35.3995941Z                 "name": "Claude",
2026-07-29T03:31:35.3996171Z                 "username": "claude"
2026-07-29T03:31:35.3996620Z               },
2026-07-29T03:31:35.3996811Z               "committer": {
2026-07-29T03:31:35.3997200Z                 "email": "noreply@anthropic.com",
2026-07-29T03:31:35.3997475Z                 "name": "Claude",
2026-07-29T03:31:35.3997702Z                 "username": "claude"
2026-07-29T03:31:35.3997925Z               },
2026-07-29T03:31:35.3998117Z               "distinct": false,
2026-07-29T03:31:35.3998427Z               "id": "ab867c4c7b4cdcdf031940c2328306b971f384a7",
2026-07-29T03:31:35.4004151Z               "message": "Show which build is answering\n\nA deployment question was mistaken for a code question: a fix sat on an\nunmerged branch, pods were restarted, the symptom persisted — and nothing\na running instance exposed could tell \"not deployed\" apart from \"does not\nwork\". Both look exactly like the original bug.\n\nThe commit now appears in three places, cheapest first: the startup log,\nso `kubectl logs` answers it without reaching the app; /api/defaults,\nwhich the UI already fetches; and a quiet stamp beside the subtitle in\nthe validator UI, with the full hash as its tooltip and click-to-copy.\n\nBuildInfo reads AssemblyInformationalVersion, which the SDK writes as\n1.0.0+<commit>. That works locally because the SDK reads the checkout —\nbut the Dockerfile copies sources without .git, so every image would have\nreported a bare version and no revision, which is precisely the case that\nneeded identifying. It now takes a SOURCE_COMMIT build argument through\nto /p:SourceRevisionId, and CI passes github.sha. Verified by publishing\nwith the override and reading back the stamped attribute.\n\nAn absent revision is reported as \"no commit\" rather than hidden or\nfaked: a build that did not carry its provenance is itself worth seeing.\n\nCo-Authored-By: Claude Opus 5 <noreply@anthropic.com>\nClaude-Session: https://claude.ai/code/session_014SVV2X6y5grwQLEV6xuUQz",
2026-07-29T03:31:35.4009550Z               "timestamp": "2026-07-28T05:23:48Z",
2026-07-29T03:31:35.4009886Z               "tree_id": "e0aeac1ec62ea05d3e3bc779319f90fd569f83ad",
2026-07-29T03:31:35.4010399Z               "url": "https://github.com/pkinerd/ednsv/commit/ab867c4c7b4cdcdf031940c2328306b971f384a7"
2026-07-29T03:31:35.4010828Z             },
2026-07-29T03:31:35.4011005Z             {
2026-07-29T03:31:35.4011187Z               "author": {
2026-07-29T03:31:35.4011422Z                 "email": "noreply@anthropic.com",
2026-07-29T03:31:35.4011696Z                 "name": "Claude",
2026-07-29T03:31:35.4011939Z                 "username": "claude"
2026-07-29T03:31:35.4012166Z               },
2026-07-29T03:31:35.4012351Z               "committer": {
2026-07-29T03:31:35.4012599Z                 "email": "noreply@anthropic.com",
2026-07-29T03:31:35.4012865Z                 "name": "Claude",
2026-07-29T03:31:35.4013091Z                 "username": "claude"
2026-07-29T03:31:35.4013312Z               },
2026-07-29T03:31:35.4013497Z               "distinct": false,
2026-07-29T03:31:35.4013816Z               "id": "84d117513c9bc36e2e019625305dbdc516ddd2f1",
2026-07-29T03:31:35.4021916Z               "message": "Cap negative answers well below positive ones, and stamp resolvable provenance\n\nDnsNegativeTtlCapSeconds (default 600) is a second ceiling that applies to\nNXDOMAIN and NODATA alone. The asymmetry is the point: a stale \"this\nexists\" merely goes out of date, while a stale \"this does not exist\"\nbecomes a false finding — \"No PTR record, Gmail will reject mail\" against\nan IP with perfectly good reverse DNS. cnn.com's reverse zones publish an\nSOA MINIMUM of 86400, so honouring it meant one possibly-wrong NXDOMAIN\nwas recorded for the full CacheTtlHours, persisted to disk and shared with\nevery pod. Ten minutes bounds that to something that self-corrects.\n\nIt is a ceiling rather than part of the record-TTL gating, so unlike the\nfloor it applies whether or not DnsCacheMinTtlSeconds is set — gating\nships off, and the damage this bounds does not depend on it. The cache TTL\nremains the outer ceiling either way, since the sweep still deletes a\nrecord file at fileTime + CacheTtlHours. Positive answers are untouched.\n\nRechecks already bypass this, as they bypass every cached read: the cap\nshortens an entry's life, a recheck ignores its life entirely. Pinned by a\ntest rather than left to inference.\n\nAlso fixes the build stamp to name a commit that exists. On pull_request\nevents github.sha is the ephemeral merge commit GitHub synthesises for the\nrun — it belongs to no branch and cannot be looked up afterwards, which is\nexactly what happened: a reported version resolved to nothing and left the\ndeployed code unidentifiable, the one question the stamp exists to answer.\nIt now uses the PR head SHA, and carries branch and PR number alongside\nvia assembly metadata, shown in the startup log, /api/defaults and the UI\ntooltip.\n\nCo-Authored-By: Claude Opus 5 <noreply@anthropic.com>\nClaude-Session: https://claude.ai/code/session_014SVV2X6y5grwQLEV6xuUQz",
2026-07-29T03:31:35.4028975Z               "timestamp": "2026-07-29T00:23:39Z",
2026-07-29T03:31:35.4029307Z               "tree_id": "3a19e53da7abeea1319b371d9d7f15a40958388a",
2026-07-29T03:31:35.4029805Z               "url": "https://github.com/pkinerd/ednsv/commit/84d117513c9bc36e2e019625305dbdc516ddd2f1"
2026-07-29T03:31:35.4030235Z             },
2026-07-29T03:31:35.4030407Z             {
2026-07-29T03:31:35.4030588Z               "author": {
2026-07-29T03:31:35.4030821Z                 "email": "noreply@anthropic.com",
2026-07-29T03:31:35.4031092Z                 "name": "Claude",
2026-07-29T03:31:35.4031326Z                 "username": "claude"
2026-07-29T03:31:35.4031552Z               },
2026-07-29T03:31:35.4031741Z               "committer": {
2026-07-29T03:31:35.4031978Z                 "email": "noreply@anthropic.com",
2026-07-29T03:31:35.4032243Z                 "name": "Claude",
2026-07-29T03:31:35.4032469Z                 "username": "claude"
2026-07-29T03:31:35.4032692Z               },
2026-07-29T03:31:35.4032881Z               "distinct": false,
2026-07-29T03:31:35.4033163Z               "id": "bff4ff0fdade3fbc889bee5a440bb78a4195f264",
2026-07-29T03:31:35.4041445Z               "message": "Document the cache behaviour map, and what a negative answer actually is\n\nDnsNegativeTtlCapSeconds is easy to read as \"how long errors are cached\",\nwhich is the opposite of what it does. Every description of it now leads\nwith the correction: it is a TTL for a positive non-result. The lookup\nsucceeded and established that something does not exist — an absent DKIM\nselector, an IP with no PTR, a \"not listed\" blocklist reply, a name with\nno CAA. That is a result the zone published, with an SOA saying how long\nto believe it, and it is cached and persisted exactly like a record.\nTimeouts and SERVFAIL are failures, a different bucket with a fixed 30s\nthat never reaches disk or Redis.\n\nNew docs/cache-behaviour-map.md maps the three result classes onto what\nthe checks actually ask for: a decision diagram from query to RCODE to\nlifetime, a comparison table, the 87 checks grouped by cache and record\ntype with what a non-result means for each family, and a tier diagram\nshowing that failures stop at L1.\n\nIts edge-case table covers the cases most likely to surprise: the cap\napplies with gating off (it is a ceiling, not part of the gating, and\ngating ships off so that is the default path); it is never a floor, so a\nshorter SOA minimum wins; the DnsCacheMinTtlSeconds floor still raises a\nvery short negative TTL; a negative answer with no SOA takes the cap\nrather than inheriting CacheTtlHours; CacheTtlHours stays the outer\nceiling; CacheTtlHours=0 does not exempt negatives; rechecks bypass it\nentirely; and what it cannot do — it bounds how long a wrong negative\nsurvives, it cannot make a resolver answer correctly.\n\nAlso corrects service-layer.md, which still described shouldPersist as\nskipping \"DNS errors\" and holding failures \"for the rest of the current\nprocess\" — both true of the intent and neither true of the code until\nthis branch.\n\nCo-Authored-By: Claude Opus 5 <noreply@anthropic.com>\nClaude-Session: https://claude.ai/code/session_014SVV2X6y5grwQLEV6xuUQz",
2026-07-29T03:31:35.4048864Z               "timestamp": "2026-07-29T01:39:43Z",
2026-07-29T03:31:35.4049207Z               "tree_id": "04bab31e01fadb53c4c35888fb6c82bbe92ddb2c",
2026-07-29T03:31:35.4049719Z               "url": "https://github.com/pkinerd/ednsv/commit/bff4ff0fdade3fbc889bee5a440bb78a4195f264"
2026-07-29T03:31:35.4050161Z             },
2026-07-29T03:31:35.4050333Z             {
2026-07-29T03:31:35.4050509Z               "author": {
2026-07-29T03:31:35.4050741Z                 "email": "noreply@anthropic.com",
2026-07-29T03:31:35.4051152Z                 "name": "Claude",
2026-07-29T03:31:35.4051385Z                 "username": "claude"
2026-07-29T03:31:35.4051610Z               },
2026-07-29T03:31:35.4051797Z               "committer": {
2026-07-29T03:31:35.4052036Z                 "email": "noreply@anthropic.com",
2026-07-29T03:31:35.4052302Z                 "name": "Claude",
2026-07-29T03:31:35.4052531Z                 "username": "claude"
2026-07-29T03:31:35.4052757Z               },
2026-07-29T03:31:35.4052950Z               "distinct": false,
2026-07-29T03:31:35.4053224Z               "id": "c881c3aeec88cee767448511dc42aef4172ae6dd",
2026-07-29T03:31:35.4060221Z               "message": "Cover every check individually in the cache behaviour map\n\nThe map grouped checks by category with counts, which answered \"roughly\nhow does DKIM cache\" but not \"this check gave me an odd answer — where\ndid it go\". All 87 are now listed one per row with the record types they\nquery, the caches those land in, and the CacheDep flags a recheck of that\ncategory bypasses.\n\nRecord types include the ones reached indirectly through CheckContext: a\ncheck reading ctx.MxHosts depends on the cached MX lookup even though it\nissues no query of its own, and omitting that would make a third of the\ntable look probe-free.\n\nThree sub-sections carry the parts a row cannot: what each cache is and\nwhich tiers it reaches (_portCache, _rcptCache, _relayCache and _axfrCache\nare L1 and disk only, never shared between pods); the three families where\na negative answer is the routine outcome rather than a problem, which is\nwhere the negative cap earns its keep; and the PTR exception, the one\ncache whose callers can tell a failure from an absence, with what each of\nthe six consumers prints in either case.\n\nCacheBehaviourMapTests keeps it honest. A table claiming to cover every\ncheck is worse than none once it falls behind, because it reads as\nauthoritative and the checks it omits are the ones nobody thought about.\nIt matches names against table cells rather than by substring — the first\nversion passed happily when a row was renamed \"Open Relay TestX\", since\nthat still contains \"Open Relay Test\".\n\nCo-Authored-By: Claude Opus 5 <noreply@anthropic.com>\nClaude-Session: https://claude.ai/code/session_014SVV2X6y5grwQLEV6xuUQz",
2026-07-29T03:31:35.4066110Z               "timestamp": "2026-07-29T01:49:50Z",
2026-07-29T03:31:35.4066754Z               "tree_id": "f1b879713de467f55b12fb95ab7e04508189b303",
2026-07-29T03:31:35.4067377Z               "url": "https://github.com/pkinerd/ednsv/commit/c881c3aeec88cee767448511dc42aef4172ae6dd"
2026-07-29T03:31:35.4067917Z             },
2026-07-29T03:31:35.4068356Z             {
2026-07-29T03:31:35.4068676Z               "author": {
2026-07-29T03:31:35.4068985Z                 "email": "noreply@anthropic.com",
2026-07-29T03:31:35.4069385Z                 "name": "Claude",
2026-07-29T03:31:35.4083943Z                 "username": "claude"
2026-07-29T03:31:35.4084315Z               },
2026-07-29T03:31:35.4084539Z               "committer": {
2026-07-29T03:31:35.4084800Z                 "email": "noreply@anthropic.com",
2026-07-29T03:31:35.4085090Z                 "name": "Claude",
2026-07-29T03:31:35.4085327Z                 "username": "claude"
2026-07-29T03:31:35.4085559Z               },
2026-07-29T03:31:35.4085751Z               "distinct": false,
2026-07-29T03:31:35.4086027Z               "id": "1988fb6fd548b4b8eb9cbbc334c669830d126585",
2026-07-29T03:31:35.4092591Z               "message": "Write the cache behaviour map as reference, not as a changelog\n\nThe first draft was organised around one recent change: a section devoted\nto DnsNegativeTtlCapSeconds, a worked example naming cnn.com and a\nspecific IP, before-and-after narration, and prose explaining which\nsetting is \"most likely to be misread\". That is postmortem material. A\nreference page should describe how the system behaves, and it dates badly\nthe moment the change stops being recent.\n\nRestructured around the durable shape: three kinds of result, then the\nlifetimes that apply to each, then the per-check table, then the tiers.\nThe negative cap is now one row in a settings table and one paragraph of\nrationale, sitting alongside CacheTtlHours, the floor, the transient\nwindow and the unreachable-server decay rather than above them.\n\nThe edge-case table stays — the interactions between floor, cap and\nCacheTtlHours are genuinely non-obvious — but as \"interactions worth\nknowing\" for the lifetime rules as a whole rather than as a defence of one\nsetting. Concrete incident details are gone; the general form of the\nadvice (compare the configured resolver against a public one) is kept\nbecause it is useful independently of what prompted it.\n\nNet 136 lines removed, 85 added. All 87 checks and the completeness guard\nare unaffected.\n\nCo-Authored-By: Claude Opus 5 <noreply@anthropic.com>\nClaude-Session: https://claude.ai/code/session_014SVV2X6y5grwQLEV6xuUQz",
2026-07-29T03:31:35.4098261Z               "timestamp": "2026-07-29T01:52:28Z",
2026-07-29T03:31:35.4098606Z               "tree_id": "c514ed9dc7b07a92f502962866108eb5f53f2b0b",
2026-07-29T03:31:35.4099108Z               "url": "https://github.com/pkinerd/ednsv/commit/1988fb6fd548b4b8eb9cbbc334c669830d126585"
2026-07-29T03:31:35.4099539Z             },
2026-07-29T03:31:35.4099717Z             {
2026-07-29T03:31:35.4099897Z               "author": {
2026-07-29T03:31:35.4100140Z                 "email": "noreply@anthropic.com",
2026-07-29T03:31:35.4100424Z                 "name": "Claude",
2026-07-29T03:31:35.4100660Z                 "username": "claude"
2026-07-29T03:31:35.4100888Z               },
2026-07-29T03:31:35.4101075Z               "committer": {
2026-07-29T03:31:35.4101315Z                 "email": "noreply@anthropic.com",
2026-07-29T03:31:35.4101582Z                 "name": "Claude",
2026-07-29T03:31:35.4101813Z                 "username": "claude"
2026-07-29T03:31:35.4102039Z               },
2026-07-29T03:31:35.4102224Z               "distinct": false,
2026-07-29T03:31:35.4102503Z               "id": "a466b46b37ffba939f73b4183a16c3af3609ca89",
2026-07-29T03:31:35.4109481Z               "message": "Map the whole cache path visually, and scope the DNS classification as DNS\n\nThe three-way positive / negative / failure split is a property of DNS,\nnot of caching in general, but it was presented as the doc's opening\npremise — which left SMTP, HTTP and zone-transfer results undescribed and\nimplied a taxonomy they do not share.\n\nA new opening diagram carries the whole path in one view: all 87 checks\ngrouped by what they probe, the record type or protocol each uses, how\nthat protocol's replies are classified, which of the nine caches holds\nthe result, and the lifetime and reach that follow. The DNS section keeps\nits own diagram and stays detailed — it is the primary concern and most of\nthe traffic — but now as the first of three result models rather than the\nonly one.\n\nThe other two are stated rather than left implicit. SMTP, HTTP and AXFR\nhave no negative class: nothing in those protocols publishes \"this does\nnot exist, for the next hour\". They split definitive / transient, and the\ntwo cases worth knowing are that an HTTP 404 is a definitive answer (there\nis genuinely no MTA-STS policy there) while a status 0 is not, and that a\nfailed zone transfer is never recorded at all, because reduced to a\nboolean it is indistinguishable from a refused one.\n\nGroup counts in the diagram are computed from the check table rather than\ncounted by hand — the first draft had 46 record-lookup checks against an\nactual 48, and filed Certificate Transparency under web endpoints when its\ncategory is CAA.\n\nCo-Authored-By: Claude Opus 5 <noreply@anthropic.com>\nClaude-Session: https://claude.ai/code/session_014SVV2X6y5grwQLEV6xuUQz",
2026-07-29T03:31:35.4115251Z               "timestamp": "2026-07-29T02:03:17Z",
2026-07-29T03:31:35.4115576Z               "tree_id": "4745afb4283017398cfdb5dc2fc5d6d9c29b6781",
2026-07-29T03:31:35.4116066Z               "url": "https://github.com/pkinerd/ednsv/commit/a466b46b37ffba939f73b4183a16c3af3609ca89"
2026-07-29T03:31:35.4116896Z             },
2026-07-29T03:31:35.4117079Z             {
2026-07-29T03:31:35.4117261Z               "author": {
2026-07-29T03:31:35.4117498Z                 "email": "noreply@anthropic.com",
2026-07-29T03:31:35.4117771Z                 "name": "Claude",
2026-07-29T03:31:35.4118004Z                 "username": "claude"
2026-07-29T03:31:35.4118229Z               },
2026-07-29T03:31:35.4118421Z               "committer": {
2026-07-29T03:31:35.4118664Z                 "email": "noreply@anthropic.com",
2026-07-29T03:31:35.4118933Z                 "name": "Claude",
2026-07-29T03:31:35.4119158Z                 "username": "claude"
2026-07-29T03:31:35.4119379Z               },
2026-07-29T03:31:35.4119565Z               "distinct": false,
2026-07-29T03:31:35.4119843Z               "id": "0d66cdcccbaba444fae3514c59c8f05c00d7bde6",
2026-07-29T03:31:35.4127104Z               "message": "Draw the cache path per check, top to bottom\n\nThe overview diagram grouped 87 checks into eight boxes and drew generic\narrows between layers, which described the shape of the system without\nanswering anything about a specific check. Replaced with eight top-to-\nbottom diagrams — one per probe family — carrying every check as its own\nnode.\n\nEach follows the DNS flow's shape: check → cache → result class → the\nlifetime formula and which tiers it reaches. Edge labels carry the record\ntypes that check reaches through that cache, including the ones it gets\nindirectly through CheckContext rather than querying itself, so a check\nthat issues no query of its own still shows what it depends on.\n\nThe result terminals are per-family rather than shared, because the\nclasses differ: the DNS caches fan out to positive / negative / failure\nwith the clamp expressions, while _probeCache and _getCache split\ndefinitive / transient, and _portCache, _rcptCache, _relayCache and\n_axfrCache split the same way but terminate in \"L1 + disk, never Redis\".\n\nGenerated from the check table rather than written by hand, and validated:\n227 edges across eight diagrams, every node reference and style target\nresolving within its own diagram. Two generator faults were caught that\nway — a dropped closing fence, and styles leaking across diagrams because\nthe node-definition scan ran over the cumulative output instead of the\ncurrent one.\n\nSection 2 keeps the DNS decision flow, retitled to sit under the expanded\nview rather than duplicate it; the full table stays as section 5 for\nsearching and diffing.\n\nCo-Authored-By: Claude Opus 5 <noreply@anthropic.com>\nClaude-Session: https://claude.ai/code/session_014SVV2X6y5grwQLEV6xuUQz",
2026-07-29T03:31:35.4133218Z               "timestamp": "2026-07-29T02:54:47Z",
2026-07-29T03:31:35.4133538Z               "tree_id": "95dc12280a727845d3d35e165557cd18e58c4330",
2026-07-29T03:31:35.4134034Z               "url": "https://github.com/pkinerd/ednsv/commit/0d66cdcccbaba444fae3514c59c8f05c00d7bde6"
2026-07-29T03:31:35.4134468Z             },
2026-07-29T03:31:35.4134642Z             {
2026-07-29T03:31:35.4134820Z               "author": {
2026-07-29T03:31:35.4135052Z                 "email": "noreply@anthropic.com",
2026-07-29T03:31:35.4135324Z                 "name": "Claude",
2026-07-29T03:31:35.4135550Z                 "username": "claude"
2026-07-29T03:31:35.4135776Z               },
2026-07-29T03:31:35.4135963Z               "committer": {
2026-07-29T03:31:35.4136386Z                 "email": "noreply@anthropic.com",
2026-07-29T03:31:35.4136805Z                 "name": "Claude",
2026-07-29T03:31:35.4137037Z                 "username": "claude"
2026-07-29T03:31:35.4137258Z               },
2026-07-29T03:31:35.4137446Z               "distinct": false,
2026-07-29T03:31:35.4137717Z               "id": "c442cfb0b13473b36aa73a79b4feb9cb8dbe8d1e",
2026-07-29T03:31:35.4144311Z               "message": "Reconcile the cache map against the code, and correct three caches\n\nReconciling the diagrams and tables against the service code found a\nclaim that was wrong in all of them: that every cache holds a transient\nfailure for 30 seconds in L1.\n\nThat is true only of ProbeCache and ProbeCacheValue, which have the\nshouldPersist predicate and the transient window. _rcptCache, _relayCache\nand _axfrCache are an ExpiringMap, which has neither — their callers just\ndo not write on a transient failure, so nothing is cached at all and the\nnext request refetches. The doc gave those three a lifetime they have no\nmechanism to implement, which reads entirely plausible and is the reason\nit survived several passes.\n\nThe eight diagrams now carry a fourth result terminal for that case, and\nboth prose tables are corrected. The cache table gains a Type column,\nbecause the wrapper type is what actually decides the Redis and transient\ncolumns — stating it makes the other two checkable rather than asserted.\n\nTwo guards added. A reconciliation pass compares three independent\nsources — the diagrams, the per-check table, and the cache fields in\nDnsResolverService, SmtpProbeService and HttpProbeService — on cache\nmembership per check, Redis reach, and transient behaviour; it reports\n87 checks in the table, 87 in the diagrams, and agreement across all ten\ncaches. TheCacheTableMatchesTheWrapperType pins the same invariant as a\ntest, and was confirmed to fail against the original wording.\n\nCo-Authored-By: Claude Opus 5 <noreply@anthropic.com>\nClaude-Session: https://claude.ai/code/session_014SVV2X6y5grwQLEV6xuUQz",
2026-07-29T03:31:35.4150457Z               "timestamp": "2026-07-29T02:59:03Z",
2026-07-29T03:31:35.4150785Z               "tree_id": "9d0ed46cd3650afa1811f94d1c33f16ee2b7298f",
2026-07-29T03:31:35.4151277Z               "url": "https://github.com/pkinerd/ednsv/commit/c442cfb0b13473b36aa73a79b4feb9cb8dbe8d1e"
2026-07-29T03:31:35.4151705Z             },
2026-07-29T03:31:35.4151882Z             {
2026-07-29T03:31:35.4152058Z               "author": {
2026-07-29T03:31:35.4152341Z                 "email": "169779439+pkinerd@users.noreply.github.com",
2026-07-29T03:31:35.4152664Z                 "name": "pkinerd",
2026-07-29T03:31:35.4152908Z                 "username": "pkinerd"
2026-07-29T03:31:35.4153138Z               },
2026-07-29T03:31:35.4153323Z               "committer": {
2026-07-29T03:31:35.4153556Z                 "email": "noreply@github.com",
2026-07-29T03:31:35.4153821Z                 "name": "GitHub",
2026-07-29T03:31:35.4154053Z                 "username": "web-flow"
2026-07-29T03:31:35.4154282Z               },
2026-07-29T03:31:35.4154471Z               "distinct": true,
2026-07-29T03:31:35.4154735Z               "id": "5f0802beeb402503cc257d552100de7707ed3651",
2026-07-29T03:31:35.4155467Z               "message": "Merge pull request #30 from pkinerd/claude/ttl-caching-behavior-1yr8pm\n\nMake DNS cache TTLs mean what they say, and stop the tiers drifting apart",
2026-07-29T03:31:35.4156183Z               "timestamp": "2026-07-29T13:29:47+10:00",
2026-07-29T03:31:35.4156772Z               "tree_id": "9d0ed46cd3650afa1811f94d1c33f16ee2b7298f",
2026-07-29T03:31:35.4157268Z               "url": "https://github.com/pkinerd/ednsv/commit/5f0802beeb402503cc257d552100de7707ed3651"
2026-07-29T03:31:35.4157692Z             }
2026-07-29T03:31:35.4157865Z           ],
2026-07-29T03:31:35.4158189Z           "compare": "https://github.com/pkinerd/ednsv/compare/b39be414bd09...5f0802beeb40",
2026-07-29T03:31:35.4158595Z           "created": false,
2026-07-29T03:31:35.4158808Z           "deleted": false,
2026-07-29T03:31:35.4159160Z           "forced": false,
2026-07-29T03:31:35.4159378Z           "head_commit": {
2026-07-29T03:31:35.4159581Z             "author": {
2026-07-29T03:31:35.4159846Z               "email": "169779439+pkinerd@users.noreply.github.com",
2026-07-29T03:31:35.4160164Z               "name": "pkinerd",
2026-07-29T03:31:35.4160398Z               "username": "pkinerd"
2026-07-29T03:31:35.4160626Z             },
2026-07-29T03:31:35.4160807Z             "committer": {
2026-07-29T03:31:35.4161031Z               "email": "noreply@github.com",
2026-07-29T03:31:35.4161403Z               "name": "GitHub",
2026-07-29T03:31:35.4161627Z               "username": "web-flow"
2026-07-29T03:31:35.4161854Z             },
2026-07-29T03:31:35.4162035Z             "distinct": true,
2026-07-29T03:31:35.4162293Z             "id": "5f0802beeb402503cc257d552100de7707ed3651",
2026-07-29T03:31:35.4163013Z             "message": "Merge pull request #30 from pkinerd/claude/ttl-caching-behavior-1yr8pm\n\nMake DNS cache TTLs mean what they say, and stop the tiers drifting apart",
2026-07-29T03:31:35.4163713Z             "timestamp": "2026-07-29T13:29:47+10:00",
2026-07-29T03:31:35.4164044Z             "tree_id": "9d0ed46cd3650afa1811f94d1c33f16ee2b7298f",
2026-07-29T03:31:35.4164531Z             "url": "https://github.com/pkinerd/ednsv/commit/5f0802beeb402503cc257d552100de7707ed3651"
2026-07-29T03:31:35.4164953Z           },
2026-07-29T03:31:35.4165131Z           "pusher": {
2026-07-29T03:31:35.4165395Z             "email": "169779439+pkinerd@users.noreply.github.com",
2026-07-29T03:31:35.4165713Z             "name": "pkinerd"
2026-07-29T03:31:35.4165924Z           },
2026-07-29T03:31:35.4166107Z           "ref": "refs/heads/main",
2026-07-29T03:31:35.4166594Z           "repository": {
2026-07-29T03:31:35.4166818Z             "allow_forking": true,
2026-07-29T03:31:35.4167210Z             "archive_url": "https://api.github.com/repos/pkinerd/ednsv/{archive_format}{/ref}",
2026-07-29T03:31:35.4167622Z             "archived": false,
2026-07-29T03:31:35.4167988Z             "assignees_url": "https://api.github.com/repos/pkinerd/ednsv/assignees{/user}",
2026-07-29T03:31:35.4168503Z             "blobs_url": "https://api.github.com/repos/pkinerd/ednsv/git/blobs{/sha}",
2026-07-29T03:31:35.4169018Z             "branches_url": "https://api.github.com/repos/pkinerd/ednsv/branches{/branch}",
2026-07-29T03:31:35.4169464Z             "clone_url": "https://github.com/pkinerd/ednsv.git",
2026-07-29T03:31:35.4169970Z             "collaborators_url": "https://api.github.com/repos/pkinerd/ednsv/collaborators{/collaborator}",
2026-07-29T03:31:35.4170564Z             "comments_url": "https://api.github.com/repos/pkinerd/ednsv/comments{/number}",
2026-07-29T03:31:35.4171069Z             "commits_url": "https://api.github.com/repos/pkinerd/ednsv/commits{/sha}",
2026-07-29T03:31:35.4171592Z             "compare_url": "https://api.github.com/repos/pkinerd/ednsv/compare/{base}...{head}",
2026-07-29T03:31:35.4172129Z             "contents_url": "https://api.github.com/repos/pkinerd/ednsv/contents/{+path}",
2026-07-29T03:31:35.4172661Z             "contributors_url": "https://api.github.com/repos/pkinerd/ednsv/contributors",
2026-07-29T03:31:35.4173060Z             "created_at": 1774905880,
2026-07-29T03:31:35.4173311Z             "default_branch": "main",
2026-07-29T03:31:35.4173684Z             "deployments_url": "https://api.github.com/repos/pkinerd/ednsv/deployments",
2026-07-29T03:31:35.4174079Z             "description": null,
2026-07-29T03:31:35.4174309Z             "disabled": false,
2026-07-29T03:31:35.4174652Z             "downloads_url": "https://api.github.com/repos/pkinerd/ednsv/downloads",
2026-07-29T03:31:35.4175129Z             "events_url": "https://api.github.com/repos/pkinerd/ednsv/events",
2026-07-29T03:31:35.4175483Z             "fork": false,
2026-07-29T03:31:35.4175691Z             "forks": 0,
2026-07-29T03:31:35.4175896Z             "forks_count": 0,
2026-07-29T03:31:35.4176413Z             "forks_url": "https://api.github.com/repos/pkinerd/ednsv/forks",
2026-07-29T03:31:35.4176961Z             "full_name": "pkinerd/ednsv",
2026-07-29T03:31:35.4177381Z             "git_commits_url": "https://api.github.com/repos/pkinerd/ednsv/git/commits{/sha}",
2026-07-29T03:31:35.4177942Z             "git_refs_url": "https://api.github.com/repos/pkinerd/ednsv/git/refs{/sha}",
2026-07-29T03:31:35.4178447Z             "git_tags_url": "https://api.github.com/repos/pkinerd/ednsv/git/tags{/sha}",
2026-07-29T03:31:35.4178876Z             "git_url": "git://github.com/pkinerd/ednsv.git",
2026-07-29T03:31:35.4179343Z             "has_discussions": false,
2026-07-29T03:31:35.4179601Z             "has_downloads": true,
2026-07-29T03:31:35.4179843Z             "has_issues": true,
2026-07-29T03:31:35.4180066Z             "has_pages": false,
2026-07-29T03:31:35.4180291Z             "has_projects": true,
2026-07-29T03:31:35.4180533Z             "has_pull_requests": true,
2026-07-29T03:31:35.4180777Z             "has_wiki": true,
2026-07-29T03:31:35.4180997Z             "homepage": null,
2026-07-29T03:31:35.4181313Z             "hooks_url": "https://api.github.com/repos/pkinerd/ednsv/hooks",
2026-07-29T03:31:35.4181718Z             "html_url": "https://github.com/pkinerd/ednsv",
2026-07-29T03:31:35.4182023Z             "id": 1196602452,
2026-07-29T03:31:35.4182252Z             "is_template": false,
2026-07-29T03:31:35.4182671Z             "issue_comment_url": "https://api.github.com/repos/pkinerd/ednsv/issues/comments{/number}",
2026-07-29T03:31:35.4183285Z             "issue_events_url": "https://api.github.com/repos/pkinerd/ednsv/issues/events{/number}",
2026-07-29T03:31:35.4183840Z             "issues_url": "https://api.github.com/repos/pkinerd/ednsv/issues{/number}",
2026-07-29T03:31:35.4184333Z             "keys_url": "https://api.github.com/repos/pkinerd/ednsv/keys{/key_id}",
2026-07-29T03:31:35.4184816Z             "labels_url": "https://api.github.com/repos/pkinerd/ednsv/labels{/name}",
2026-07-29T03:31:35.4185194Z             "language": "C#",
2026-07-29T03:31:35.4185542Z             "languages_url": "https://api.github.com/repos/pkinerd/ednsv/languages",
2026-07-29T03:31:35.4185917Z             "license": null,
2026-07-29T03:31:35.4186146Z             "master_branch": "main",
2026-07-29T03:31:35.4186723Z             "merges_url": "https://api.github.com/repos/pkinerd/ednsv/merges",
2026-07-29T03:31:35.4187242Z             "milestones_url": "https://api.github.com/repos/pkinerd/ednsv/milestones{/number}",
2026-07-29T03:31:35.4187659Z             "mirror_url": null,
2026-07-29T03:31:35.4187888Z             "name": "ednsv",
2026-07-29T03:31:35.4188117Z             "node_id": "R_kgDOR1K0VA",
2026-07-29T03:31:35.4188612Z             "notifications_url": "https://api.github.com/repos/pkinerd/ednsv/notifications{?since,all,participating}",
2026-07-29T03:31:35.4189121Z             "open_issues": 0,
2026-07-29T03:31:35.4189350Z             "open_issues_count": 0,
2026-07-29T03:31:35.4189584Z             "owner": {
2026-07-29T03:31:35.4189908Z               "avatar_url": "https://avatars.githubusercontent.com/u/169779439?v=4",
2026-07-29T03:31:35.4190347Z               "email": "169779439+pkinerd@users.noreply.github.com",
2026-07-29T03:31:35.4190776Z               "events_url": "https://api.github.com/users/pkinerd/events{/privacy}",
2026-07-29T03:31:35.4191247Z               "followers_url": "https://api.github.com/users/pkinerd/followers",
2026-07-29T03:31:35.4191750Z               "following_url": "https://api.github.com/users/pkinerd/following{/other_user}",
2026-07-29T03:31:35.4192252Z               "gists_url": "https://api.github.com/users/pkinerd/gists{/gist_id}",
2026-07-29T03:31:35.4192616Z               "gravatar_id": "",
2026-07-29T03:31:35.4192882Z               "html_url": "https://github.com/pkinerd",
2026-07-29T03:31:35.4193162Z               "id": 169779439,
2026-07-29T03:31:35.4193383Z               "login": "pkinerd",
2026-07-29T03:31:35.4193612Z               "name": "pkinerd",
2026-07-29T03:31:35.4193847Z               "node_id": "U_kgDOCh6g7w",
2026-07-29T03:31:35.4194354Z               "organizations_url": "https://api.github.com/users/pkinerd/orgs",
2026-07-29T03:31:35.4194858Z               "received_events_url": "https://api.github.com/users/pkinerd/received_events",
2026-07-29T03:31:35.4195331Z               "repos_url": "https://api.github.com/users/pkinerd/repos",
2026-07-29T03:31:35.4195662Z               "site_admin": false,
2026-07-29T03:31:35.4196032Z               "starred_url": "https://api.github.com/users/pkinerd/starred{/owner}{/repo}",
2026-07-29T03:31:35.4196797Z               "subscriptions_url": "https://api.github.com/users/pkinerd/subscriptions",
2026-07-29T03:31:35.4197327Z               "type": "User",
2026-07-29T03:31:35.4197619Z               "url": "https://api.github.com/users/pkinerd",
2026-07-29T03:31:35.4197926Z               "user_view_type": "public"
2026-07-29T03:31:35.4198166Z             },
2026-07-29T03:31:35.4198351Z             "private": false,
2026-07-29T03:31:35.4198595Z             "pull_request_creation_policy": "all",
2026-07-29T03:31:35.4198990Z             "pulls_url": "https://api.github.com/repos/pkinerd/ednsv/pulls{/number}",
2026-07-29T03:31:35.4199371Z             "pushed_at": 1785295788,
2026-07-29T03:31:35.4199733Z             "releases_url": "https://api.github.com/repos/pkinerd/ednsv/releases{/id}",
2026-07-29T03:31:35.4200112Z             "size": 45052,
2026-07-29T03:31:35.4200362Z             "ssh_url": "git@github.com:pkinerd/ednsv.git",
2026-07-29T03:31:35.4200659Z             "stargazers": 0,
2026-07-29T03:31:35.4200884Z             "stargazers_count": 0,
2026-07-29T03:31:35.4201248Z             "stargazers_url": "https://api.github.com/repos/pkinerd/ednsv/stargazers",
2026-07-29T03:31:35.4201750Z             "statuses_url": "https://api.github.com/repos/pkinerd/ednsv/statuses/{sha}",
2026-07-29T03:31:35.4202266Z             "subscribers_url": "https://api.github.com/repos/pkinerd/ednsv/subscribers",
2026-07-29T03:31:35.4202787Z             "subscription_url": "https://api.github.com/repos/pkinerd/ednsv/subscription",
2026-07-29T03:31:35.4203231Z             "svn_url": "https://github.com/pkinerd/ednsv",
2026-07-29T03:31:35.4203603Z             "tags_url": "https://api.github.com/repos/pkinerd/ednsv/tags",
2026-07-29T03:31:35.4204032Z             "teams_url": "https://api.github.com/repos/pkinerd/ednsv/teams",
2026-07-29T03:31:35.4204376Z             "topics": [],
2026-07-29T03:31:35.4204702Z             "trees_url": "https://api.github.com/repos/pkinerd/ednsv/git/trees{/sha}",
2026-07-29T03:31:35.4205098Z             "updated_at": "2026-07-27T03:28:49Z",
2026-07-29T03:31:35.4205425Z             "url": "https://api.github.com/repos/pkinerd/ednsv",
2026-07-29T03:31:35.4205738Z             "visibility": "public",
2026-07-29T03:31:35.4205978Z             "watchers": 0,
2026-07-29T03:31:35.4206399Z             "watchers_count": 0,
2026-07-29T03:31:35.4206680Z             "web_commit_signoff_required": false
2026-07-29T03:31:35.4206948Z           },
2026-07-29T03:31:35.4207128Z           "sender": {
2026-07-29T03:31:35.4207456Z             "avatar_url": "https://avatars.githubusercontent.com/u/169779439?v=4",
2026-07-29T03:31:35.4207945Z             "events_url": "https://api.github.com/users/pkinerd/events{/privacy}",
2026-07-29T03:31:35.4208412Z             "followers_url": "https://api.github.com/users/pkinerd/followers",
2026-07-29T03:31:35.4208905Z             "following_url": "https://api.github.com/users/pkinerd/following{/other_user}",
2026-07-29T03:31:35.4209401Z             "gists_url": "https://api.github.com/users/pkinerd/gists{/gist_id}",
2026-07-29T03:31:35.4209765Z             "gravatar_id": "",
2026-07-29T03:31:35.4210024Z             "html_url": "https://github.com/pkinerd",
2026-07-29T03:31:35.4210303Z             "id": 169779439,
2026-07-29T03:31:35.4210520Z             "login": "pkinerd",
2026-07-29T03:31:35.4210758Z             "node_id": "U_kgDOCh6g7w",
2026-07-29T03:31:35.4211110Z             "organizations_url": "https://api.github.com/users/pkinerd/orgs",
2026-07-29T03:31:35.4211719Z             "received_events_url": "https://api.github.com/users/pkinerd/received_events",
2026-07-29T03:31:35.4212185Z             "repos_url": "https://api.github.com/users/pkinerd/repos",
2026-07-29T03:31:35.4212514Z             "site_admin": false,
2026-07-29T03:31:35.4212875Z             "starred_url": "https://api.github.com/users/pkinerd/starred{/owner}{/repo}",
2026-07-29T03:31:35.4213397Z             "subscriptions_url": "https://api.github.com/users/pkinerd/subscriptions",
2026-07-29T03:31:35.4213782Z             "type": "User",
2026-07-29T03:31:35.4214144Z             "url": "https://api.github.com/users/pkinerd",
2026-07-29T03:31:35.4214442Z             "user_view_type": "public"
2026-07-29T03:31:35.4214674Z           }
2026-07-29T03:31:35.4214839Z         },
2026-07-29T03:31:35.4215019Z         "github_job": "docker",
2026-07-29T03:31:35.4215258Z         "github_ref": "refs/heads/main",
2026-07-29T03:31:35.4215517Z         "github_ref_name": "main",
2026-07-29T03:31:35.4215760Z         "github_ref_protected": "false",
2026-07-29T03:31:35.4216020Z         "github_ref_type": "branch",
2026-07-29T03:31:35.4216486Z         "github_repository": "pkinerd/ednsv",
2026-07-29T03:31:35.4216777Z         "github_repository_id": "1196602452",
2026-07-29T03:31:35.4217054Z         "github_repository_owner": "pkinerd",
2026-07-29T03:31:35.4217335Z         "github_repository_owner_id": "169779439",
2026-07-29T03:31:35.4217611Z         "github_run_attempt": "1",
2026-07-29T03:31:35.4217853Z         "github_run_id": "30419723788",
2026-07-29T03:31:35.4218107Z         "github_run_number": "245",
2026-07-29T03:31:35.4218350Z         "github_runner_arch": "X64",
2026-07-29T03:31:35.4218628Z         "github_runner_environment": "github-hosted",
2026-07-29T03:31:35.4218939Z         "github_runner_image_os": "ubuntu24",
2026-07-29T03:31:35.4219240Z         "github_runner_image_version": "20260720.247.2",
2026-07-29T03:31:35.4219566Z         "github_runner_name": "GitHub Actions 1000002290",
2026-07-29T03:31:35.4219860Z         "github_runner_os": "Linux",
2026-07-29T03:31:35.4220218Z         "github_runner_tracking_id": "github_c363802c-b905-46af-8ec6-3df5983e3ced",
2026-07-29T03:31:35.4220628Z         "github_server_url": "https://github.com",
2026-07-29T03:31:35.4220929Z         "github_triggering_actor": "pkinerd",
2026-07-29T03:31:35.4221198Z         "github_workflow": "CI",
2026-07-29T03:31:35.4221566Z         "github_workflow_ref": "pkinerd/ednsv/.github/workflows/ci.yml@refs/heads/main",
2026-07-29T03:31:35.4222047Z         "github_workflow_sha": "5f0802beeb402503cc257d552100de7707ed3651",
2026-07-29T03:31:35.4222404Z         "platform": "linux/amd64"
2026-07-29T03:31:35.4222633Z       }
2026-07-29T03:31:35.4222795Z     }
2026-07-29T03:31:35.4222956Z   },
2026-07-29T03:31:35.4223506Z   "buildx.build.ref": "builder-7ab436c6-a061-40e6-aa21-07b9431b7604/builder-7ab436c6-a061-40e6-aa21-07b9431b76040/rnl7yo933h6uw7iddyla4r0uc",
2026-07-29T03:31:35.4224147Z   "containerimage.descriptor": {
2026-07-29T03:31:35.4224465Z     "mediaType": "application/vnd.oci.image.index.v1+json",
2026-07-29T03:31:35.4224926Z     "digest": "sha256:30a3139319908c233fc37216f7f3a22fe8194215ba9714e8e63e3c1cdb799f5a",
2026-07-29T03:31:35.4225323Z     "size": 856
2026-07-29T03:31:35.4225502Z   },
2026-07-29T03:31:35.4225868Z   "containerimage.digest": "sha256:30a3139319908c233fc37216f7f3a22fe8194215ba9714e8e63e3c1cdb799f5a",
2026-07-29T03:31:35.4226908Z   "image.name": "ghcr.io/pkinerd/ednsv:branch-main,ghcr.io/pkinerd/ednsv:latest,ghcr.io/pkinerd/ednsv:latest-any,ghcr.io/pkinerd/ednsv:sha-5f0802b"
2026-07-29T03:31:35.4227526Z }
2026-07-29T03:31:35.4227917Z ##[endgroup]
2026-07-29T03:31:35.4228248Z ##[group]Reference
2026-07-29T03:31:35.4228731Z builder-7ab436c6-a061-40e6-aa21-07b9431b7604/builder-7ab436c6-a061-40e6-aa21-07b9431b76040/rnl7yo933h6uw7iddyla4r0uc
2026-07-29T03:31:35.4229428Z ##[endgroup]
2026-07-29T03:31:35.4229755Z ##[group]Check build summary support
2026-07-29T03:31:35.4230140Z Build summary supported!
2026-07-29T03:31:35.4230480Z ##[endgroup]
2026-07-29T03:31:35.4330346Z Node 20 is being deprecated. This workflow is running with Node 24 by default. If you need to temporarily use Node 20, you can set the ACTIONS_ALLOW_USE_UNSECURE_NODE_VERSION=true environment variable. For more information see: https://github.blog/changelog/2025-09-19-deprecation-of-node-20-on-github-actions-runners/
2026-07-29T03:31:35.4331631Z Post job cleanup.
2026-07-29T03:31:35.6744659Z ##[group]Generating build summary
2026-07-29T03:31:35.6749936Z exporting build record to /home/runner/work/_temp/docker-actions-toolkit-yS17nQ/export
2026-07-29T03:31:35.6802820Z (node:3337) [DEP0040] DeprecationWarning: The `punycode` module is deprecated. Please use a userland alternative instead.
2026-07-29T03:31:35.6804452Z (Use `node --trace-deprecation ...` to show where the warning was created)
2026-07-29T03:31:35.8945390Z [command]/usr/bin/docker buildx history export --builder builder-7ab436c6-a061-40e6-aa21-07b9431b7604 --output /home/runner/work/_temp/docker-actions-toolkit-yS17nQ/export/pkinerd~ednsv~RNL7YO.dockerbuild rnl7yo933h6uw7iddyla4r0uc --finalize
2026-07-29T03:31:36.1609630Z Build record written to /home/runner/work/_temp/docker-actions-toolkit-yS17nQ/export/pkinerd~ednsv~RNL7YO.dockerbuild (72.3 KB)
2026-07-29T03:31:36.1634988Z Uploading pkinerd~ednsv~RNL7YO.dockerbuild to blob storage
2026-07-29T03:31:36.2936832Z Beginning upload of artifact content to blob storage
2026-07-29T03:31:36.3023020Z (node:3337) [DEP0169] DeprecationWarning: `url.parse()` behavior is not standardized and prone to errors that have security implications. Use the WHATWG URL API instead. CVEs are not issued for `url.parse()` vulnerabilities.
2026-07-29T03:31:36.3032481Z Uploaded bytes 65536
2026-07-29T03:31:36.3035078Z Uploaded bytes 74036
2026-07-29T03:31:36.3571399Z Finished uploading artifact content to blob storage!
2026-07-29T03:31:36.3576615Z SHA256 hash of uploaded artifact is d751748e2237f8772abc8051d4ef89fae27bffdc9cbe00cc15bb81405c944adc
2026-07-29T03:31:36.3578841Z Finalizing artifact upload
2026-07-29T03:31:36.5413512Z Artifact successfully finalized (8711478177)
2026-07-29T03:31:36.5415158Z Artifact download URL: https://github.com/pkinerd/ednsv/actions/runs/30419723788/artifacts/8711478177
2026-07-29T03:31:36.5448876Z Writing summary
2026-07-29T03:31:36.5462044Z ##[endgroup]
2026-07-29T03:31:36.5462916Z ##[group]Removing temp folder /home/runner/work/_temp/docker-actions-toolkit-by972L
2026-07-29T03:31:36.5464807Z ##[endgroup]
2026-07-29T03:31:36.5465468Z ##[group]Post cache
2026-07-29T03:31:36.5467718Z State not set
2026-07-29T03:31:36.5468409Z ##[endgroup]
2026-07-29T03:31:36.5616530Z Node 20 is being deprecated. This workflow is running with Node 24 by default. If you need to temporarily use Node 20, you can set the ACTIONS_ALLOW_USE_UNSECURE_NODE_VERSION=true environment variable. For more information see: https://github.blog/changelog/2025-09-19-deprecation-of-node-20-on-github-actions-runners/
2026-07-29T03:31:36.5617827Z Post job cleanup.
2026-07-29T03:31:36.8937925Z ##[group]Logout from ghcr.io
2026-07-29T03:31:36.8973868Z (node:3482) [DEP0040] DeprecationWarning: The `punycode` module is deprecated. Please use a userland alternative instead.
2026-07-29T03:31:36.8974918Z (Use `node --trace-deprecation ...` to show where the warning was created)
2026-07-29T03:31:36.9027343Z [command]/usr/bin/docker logout ghcr.io
2026-07-29T03:31:36.9203338Z Removing login credentials for ghcr.io
2026-07-29T03:31:36.9280672Z ##[endgroup]
2026-07-29T03:31:36.9307923Z ##[group]Post cache
2026-07-29T03:31:36.9308621Z State not set
2026-07-29T03:31:36.9337244Z ##[endgroup]
2026-07-29T03:31:36.9572559Z Node 20 is being deprecated. This workflow is running with Node 24 by default. If you need to temporarily use Node 20, you can set the ACTIONS_ALLOW_USE_UNSECURE_NODE_VERSION=true environment variable. For more information see: https://github.blog/changelog/2025-09-19-deprecation-of-node-20-on-github-actions-runners/
2026-07-29T03:31:36.9574884Z Post job cleanup.
2026-07-29T03:31:37.2169577Z ##[group]Removing builder
2026-07-29T03:31:37.2177712Z (node:3503) [DEP0040] DeprecationWarning: The `punycode` module is deprecated. Please use a userland alternative instead.
2026-07-29T03:31:37.2179334Z (Use `node --trace-deprecation ...` to show where the warning was created)
2026-07-29T03:31:37.3287521Z [command]/usr/bin/docker buildx rm builder-7ab436c6-a061-40e6-aa21-07b9431b7604
2026-07-29T03:31:38.0037768Z builder-7ab436c6-a061-40e6-aa21-07b9431b7604 removed
2026-07-29T03:31:38.0072210Z ##[endgroup]
2026-07-29T03:31:38.0073346Z ##[group]Cleaning up certificates
2026-07-29T03:31:38.0075139Z ##[endgroup]
2026-07-29T03:31:38.0075955Z ##[group]Post cache
2026-07-29T03:31:38.0078773Z State not set
2026-07-29T03:31:38.0079667Z ##[endgroup]
2026-07-29T03:31:38.0270278Z Node 20 is being deprecated. This workflow is running with Node 24 by default. If you need to temporarily use Node 20, you can set the ACTIONS_ALLOW_USE_UNSECURE_NODE_VERSION=true environment variable. For more information see: https://github.blog/changelog/2025-09-19-deprecation-of-node-20-on-github-actions-runners/
2026-07-29T03:31:38.0271575Z Post job cleanup.
2026-07-29T03:31:38.1151769Z [command]/usr/bin/git version
2026-07-29T03:31:38.1199982Z git version 2.54.0
2026-07-29T03:31:38.1247533Z Temporarily overriding HOME='/home/runner/work/_temp/09e1de7d-3582-458c-8cd0-e754eb804fb3' before making global git config changes
2026-07-29T03:31:38.1249176Z Adding repository directory to the temporary git global config as a safe directory
2026-07-29T03:31:38.1259012Z [command]/usr/bin/git config --global --add safe.directory /home/runner/work/ednsv/ednsv
2026-07-29T03:31:38.1311198Z [command]/usr/bin/git config --local --name-only --get-regexp core\.sshCommand
2026-07-29T03:31:38.1355449Z [command]/usr/bin/git submodule foreach --recursive sh -c "git config --local --name-only --get-regexp 'core\.sshCommand' && git config --local --unset-all 'core.sshCommand' || :"
2026-07-29T03:31:38.1642893Z [command]/usr/bin/git config --local --name-only --get-regexp http\.https\:\/\/github\.com\/\.extraheader
2026-07-29T03:31:38.1682888Z http.https://github.com/.extraheader
2026-07-29T03:31:38.1701350Z [command]/usr/bin/git config --local --unset-all http.https://github.com/.extraheader
2026-07-29T03:31:38.1739088Z [command]/usr/bin/git submodule foreach --recursive sh -c "git config --local --name-only --get-regexp 'http\.https\:\/\/github\.com\/\.extraheader' && git config --local --unset-all 'http.https://github.com/.extraheader' || :"
2026-07-29T03:31:38.1998242Z [command]/usr/bin/git config --local --name-only --get-regexp ^includeIf\.gitdir:
2026-07-29T03:31:38.2048489Z [command]/usr/bin/git submodule foreach --recursive git config --local --show-origin --name-only --get-regexp remote.origin.url
2026-07-29T03:31:38.2443084Z Cleaning up orphan processes
2026-07-29T03:31:38.2948635Z ##[warning]Node.js 20 is deprecated. The following actions target Node.js 20 but are being forced to run on Node.js 24: actions/checkout@v4, docker/build-push-action@v6, docker/login-action@v3, docker/metadata-action@v5, docker/setup-buildx-action@v3. For more information see: https://github.blog/changelog/2025-09-19-deprecation-of-node-20-on-github-actions-runners/
