2026-07-26T21:08:23.6060257Z Current runner version: '2.336.0'
2026-07-26T21:08:23.6085568Z ##[group]Runner Image Provisioner
2026-07-26T21:08:23.6086508Z Hosted Compute Agent
2026-07-26T21:08:23.6087130Z Version: 20260707.563
2026-07-26T21:08:23.6087793Z Commit: 02667638d2b423fbc733a8e32a88b44996a3ba6e
2026-07-26T21:08:23.6088536Z Build Date: 2026-07-07T19:33:50Z
2026-07-26T21:08:23.6089190Z Worker ID: {631d2a2b-7719-46e8-a331-145e4624a614}
2026-07-26T21:08:23.6090146Z Azure Region: westus3
2026-07-26T21:08:23.6090756Z ##[endgroup]
2026-07-26T21:08:23.6092531Z ##[group]Operating System
2026-07-26T21:08:23.6093251Z Ubuntu
2026-07-26T21:08:23.6093759Z 24.04.4
2026-07-26T21:08:23.6094389Z LTS
2026-07-26T21:08:23.6095007Z ##[endgroup]
2026-07-26T21:08:23.6095604Z ##[group]Runner Image
2026-07-26T21:08:23.6096309Z Image: ubuntu-24.04
2026-07-26T21:08:23.6096918Z Version: 20260720.247.2
2026-07-26T21:08:23.6098381Z Included Software: https://github.com/actions/runner-images/blob/ubuntu24/20260720.247/images/ubuntu/Ubuntu2404-Readme.md
2026-07-26T21:08:23.6100291Z Image Release: https://github.com/actions/runner-images/releases/tag/ubuntu24%2F20260720.247
2026-07-26T21:08:23.6101322Z ##[endgroup]
2026-07-26T21:08:23.6102462Z ##[group]GITHUB_TOKEN Permissions
2026-07-26T21:08:23.6104507Z Contents: read
2026-07-26T21:08:23.6105103Z Metadata: read
2026-07-26T21:08:23.6105633Z Packages: write
2026-07-26T21:08:23.6106268Z ##[endgroup]
2026-07-26T21:08:23.6108296Z Secret source: Actions
2026-07-26T21:08:23.6109420Z Prepare workflow directory
2026-07-26T21:08:23.6645528Z Prepare all required actions
2026-07-26T21:08:23.6688841Z Getting action download info
2026-07-26T21:08:23.9868906Z Download action repository 'actions/checkout@v4' (SHA:11d5960a326750d5838078e36cf38b85af677262)
2026-07-26T21:08:24.6393457Z Download action repository 'docker/setup-buildx-action@v3' (SHA:8d2750c68a42422c14e847fe6c8ac0403b4cbd6f)
2026-07-26T21:08:25.6024108Z Download action repository 'docker/login-action@v3' (SHA:c94ce9fb468520275223c153574b00df6fe4bcc9)
2026-07-26T21:08:26.6032784Z Download action repository 'docker/metadata-action@v5' (SHA:c299e40c65443455700f0fdfc63efafe5b349051)
2026-07-26T21:08:27.7041445Z Download action repository 'docker/build-push-action@v6' (SHA:10e90e3645eae34f1e60eeb005ba3a3d33f178e8)
2026-07-26T21:08:28.6364321Z Complete job name: Build & Push Docker Image
2026-07-26T21:08:28.7133423Z Node 20 is being deprecated. This workflow is running with Node 24 by default. If you need to temporarily use Node 20, you can set the ACTIONS_ALLOW_USE_UNSECURE_NODE_VERSION=true environment variable. For more information see: https://github.blog/changelog/2025-09-19-deprecation-of-node-20-on-github-actions-runners/
2026-07-26T21:08:28.7143335Z ##[group]Run actions/checkout@v4
2026-07-26T21:08:28.7143955Z with:
2026-07-26T21:08:28.7144194Z   repository: pkinerd/ednsv
2026-07-26T21:08:28.7146835Z   token: ***
2026-07-26T21:08:28.7147056Z   ssh-strict: true
2026-07-26T21:08:28.7147266Z   ssh-user: git
2026-07-26T21:08:28.7147494Z   persist-credentials: true
2026-07-26T21:08:28.7147755Z   clean: true
2026-07-26T21:08:28.7147977Z   sparse-checkout-cone-mode: true
2026-07-26T21:08:28.7148245Z   fetch-depth: 1
2026-07-26T21:08:28.7148444Z   fetch-tags: false
2026-07-26T21:08:28.7148656Z   show-progress: true
2026-07-26T21:08:28.7148877Z   lfs: false
2026-07-26T21:08:28.7149132Z   submodules: false
2026-07-26T21:08:28.7149354Z   set-safe-directory: true
2026-07-26T21:08:28.7149605Z   allow-unsafe-pr-checkout: false
2026-07-26T21:08:28.7150351Z env:
2026-07-26T21:08:28.7150566Z   REGISTRY: ghcr.io
2026-07-26T21:08:28.7150798Z   IMAGE_NAME: pkinerd/ednsv
2026-07-26T21:08:28.7151038Z ##[endgroup]
2026-07-26T21:08:28.8282070Z Syncing repository: pkinerd/ednsv
2026-07-26T21:08:28.8283585Z ##[group]Getting Git version info
2026-07-26T21:08:28.8283980Z Working directory is '/home/runner/work/ednsv/ednsv'
2026-07-26T21:08:28.8284628Z [command]/usr/bin/git version
2026-07-26T21:08:28.8380718Z git version 2.54.0
2026-07-26T21:08:28.8412852Z ##[endgroup]
2026-07-26T21:08:28.8425903Z Temporarily overriding HOME='/home/runner/work/_temp/ec24ce2a-7f85-414d-ac83-afb1f5f621a3' before making global git config changes
2026-07-26T21:08:28.8427751Z Adding repository directory to the temporary git global config as a safe directory
2026-07-26T21:08:28.8431631Z [command]/usr/bin/git config --global --add safe.directory /home/runner/work/ednsv/ednsv
2026-07-26T21:08:28.8490724Z Deleting the contents of '/home/runner/work/ednsv/ednsv'
2026-07-26T21:08:28.8495588Z ##[group]Initializing the repository
2026-07-26T21:08:28.8502319Z [command]/usr/bin/git init /home/runner/work/ednsv/ednsv
2026-07-26T21:08:28.8638802Z hint: Using 'master' as the name for the initial branch. This default branch name
2026-07-26T21:08:28.8640260Z hint: will change to "main" in Git 3.0. To configure the initial branch name
2026-07-26T21:08:28.8641434Z hint: to use in all of your new repositories, which will suppress this warning,
2026-07-26T21:08:28.8642198Z hint: call:
2026-07-26T21:08:28.8642549Z hint:
2026-07-26T21:08:28.8643027Z hint: 	git config --global init.defaultBranch <name>
2026-07-26T21:08:28.8643552Z hint:
2026-07-26T21:08:28.8644163Z hint: Names commonly chosen instead of 'master' are 'main', 'trunk' and
2026-07-26T21:08:28.8645460Z hint: 'development'. The just-created branch can be renamed via this command:
2026-07-26T21:08:28.8646488Z hint:
2026-07-26T21:08:28.8647024Z hint: 	git branch -m <name>
2026-07-26T21:08:28.8647615Z hint:
2026-07-26T21:08:28.8648335Z hint: Disable this message with "git config set advice.defaultBranchName false"
2026-07-26T21:08:28.8651561Z Initialized empty Git repository in /home/runner/work/ednsv/ednsv/.git/
2026-07-26T21:08:28.8657881Z [command]/usr/bin/git remote add origin https://github.com/pkinerd/ednsv
2026-07-26T21:08:28.8736853Z ##[endgroup]
2026-07-26T21:08:28.8737594Z ##[group]Disabling automatic garbage collection
2026-07-26T21:08:28.8741836Z [command]/usr/bin/git config --local gc.auto 0
2026-07-26T21:08:28.8778264Z ##[endgroup]
2026-07-26T21:08:28.8779059Z ##[group]Setting up auth
2026-07-26T21:08:28.8787436Z [command]/usr/bin/git config --local --name-only --get-regexp core\.sshCommand
2026-07-26T21:08:28.8832868Z [command]/usr/bin/git submodule foreach --recursive sh -c "git config --local --name-only --get-regexp 'core\.sshCommand' && git config --local --unset-all 'core.sshCommand' || :"
2026-07-26T21:08:28.9221203Z [command]/usr/bin/git config --local --name-only --get-regexp http\.https\:\/\/github\.com\/\.extraheader
2026-07-26T21:08:28.9260291Z [command]/usr/bin/git submodule foreach --recursive sh -c "git config --local --name-only --get-regexp 'http\.https\:\/\/github\.com\/\.extraheader' && git config --local --unset-all 'http.https://github.com/.extraheader' || :"
2026-07-26T21:08:28.9493906Z [command]/usr/bin/git config --local --name-only --get-regexp ^includeIf\.gitdir:
2026-07-26T21:08:28.9533138Z [command]/usr/bin/git submodule foreach --recursive git config --local --show-origin --name-only --get-regexp remote.origin.url
2026-07-26T21:08:28.9769169Z [command]/usr/bin/git config --local http.https://github.com/.extraheader AUTHORIZATION: basic ***
2026-07-26T21:08:28.9811952Z ##[endgroup]
2026-07-26T21:08:28.9812644Z ##[group]Fetching the repository
2026-07-26T21:08:28.9822207Z [command]/usr/bin/git -c protocol.version=2 fetch --no-tags --prune --no-recurse-submodules --depth=1 origin +285482a46824db34961018a1dddf2b334f67a3fa:refs/remotes/pull/28/merge
2026-07-26T21:08:29.7078120Z From https://github.com/pkinerd/ednsv
2026-07-26T21:08:29.7079308Z  * [new ref]         285482a46824db34961018a1dddf2b334f67a3fa -> pull/28/merge
2026-07-26T21:08:29.7117120Z ##[endgroup]
2026-07-26T21:08:29.7118029Z ##[group]Determining the checkout info
2026-07-26T21:08:29.7120912Z ##[endgroup]
2026-07-26T21:08:29.7127522Z [command]/usr/bin/git sparse-checkout disable
2026-07-26T21:08:29.7177968Z [command]/usr/bin/git config --local --unset-all extensions.worktreeConfig
2026-07-26T21:08:29.7216740Z ##[group]Checking out the ref
2026-07-26T21:08:29.7221555Z [command]/usr/bin/git checkout --progress --force refs/remotes/pull/28/merge
2026-07-26T21:08:29.7372029Z Note: switching to 'refs/remotes/pull/28/merge'.
2026-07-26T21:08:29.7372521Z 
2026-07-26T21:08:29.7372914Z You are in 'detached HEAD' state. You can look around, make experimental
2026-07-26T21:08:29.7373627Z changes and commit them, and you can discard any commits you make in this
2026-07-26T21:08:29.7374157Z state without impacting any branches by switching back to a branch.
2026-07-26T21:08:29.7374500Z 
2026-07-26T21:08:29.7374741Z If you want to create a new branch to retain commits you create, you may
2026-07-26T21:08:29.7375245Z do so (now or later) by using -c with the switch command. Example:
2026-07-26T21:08:29.7375537Z 
2026-07-26T21:08:29.7375653Z   git switch -c <new-branch-name>
2026-07-26T21:08:29.7375849Z 
2026-07-26T21:08:29.7375963Z Or undo this operation with:
2026-07-26T21:08:29.7376321Z 
2026-07-26T21:08:29.7376506Z   git switch -
2026-07-26T21:08:29.7376791Z 
2026-07-26T21:08:29.7377203Z Turn off this advice by setting config variable advice.detachedHead to false
2026-07-26T21:08:29.7377845Z 
2026-07-26T21:08:29.7378528Z HEAD is now at 285482a Merge 9012533888b63a2e30bc7d7b70f133be52c53278 into 0907a58f50a6c98d23ae466ed31c3a0c15264622
2026-07-26T21:08:29.7381178Z ##[endgroup]
2026-07-26T21:08:29.7446525Z [command]/usr/bin/git log -1 --format=%H
2026-07-26T21:08:29.7474509Z 285482a46824db34961018a1dddf2b334f67a3fa
2026-07-26T21:08:29.7717661Z ##[group]Run if [ "pull_request" != "pull_request" ]; then
2026-07-26T21:08:29.7718169Z [36;1mif [ "pull_request" != "pull_request" ]; then[0m
2026-07-26T21:08:29.7718529Z [36;1m  echo "push=true" >> "$GITHUB_OUTPUT"[0m
2026-07-26T21:08:29.7718911Z [36;1melif [ "pkinerd/ednsv" = "pkinerd/ednsv" ]; then[0m
2026-07-26T21:08:29.7719268Z [36;1m  echo "push=true" >> "$GITHUB_OUTPUT"[0m
2026-07-26T21:08:29.7719553Z [36;1melse[0m
2026-07-26T21:08:29.7719785Z [36;1m  echo "push=false" >> "$GITHUB_OUTPUT"[0m
2026-07-26T21:08:29.7720474Z [36;1mfi[0m
2026-07-26T21:08:29.7767945Z shell: /usr/bin/bash -e {0}
2026-07-26T21:08:29.7768241Z env:
2026-07-26T21:08:29.7768439Z   REGISTRY: ghcr.io
2026-07-26T21:08:29.7768674Z   IMAGE_NAME: pkinerd/ednsv
2026-07-26T21:08:29.7768922Z ##[endgroup]
2026-07-26T21:08:29.7965642Z Node 20 is being deprecated. This workflow is running with Node 24 by default. If you need to temporarily use Node 20, you can set the ACTIONS_ALLOW_USE_UNSECURE_NODE_VERSION=true environment variable. For more information see: https://github.blog/changelog/2025-09-19-deprecation-of-node-20-on-github-actions-runners/
2026-07-26T21:08:29.7967283Z ##[group]Run docker/setup-buildx-action@v3
2026-07-26T21:08:29.7967565Z with:
2026-07-26T21:08:29.7967776Z   driver: docker-container
2026-07-26T21:08:29.7968029Z   use: true
2026-07-26T21:08:29.7968233Z   keep-state: false
2026-07-26T21:08:29.7968451Z   cache-binary: true
2026-07-26T21:08:29.7968670Z   cleanup: true
2026-07-26T21:08:29.7968878Z   install: false
2026-07-26T21:08:29.7969077Z env:
2026-07-26T21:08:29.7969265Z   REGISTRY: ghcr.io
2026-07-26T21:08:29.7969498Z   IMAGE_NAME: pkinerd/ednsv
2026-07-26T21:08:29.7969736Z ##[endgroup]
2026-07-26T21:08:30.0599618Z (node:2281) [DEP0040] DeprecationWarning: The `punycode` module is deprecated. Please use a userland alternative instead.
2026-07-26T21:08:30.0601302Z (Use `node --trace-deprecation ...` to show where the warning was created)
2026-07-26T21:08:30.0664427Z ##[group]Docker info
2026-07-26T21:08:30.0693941Z [command]/usr/bin/docker version
2026-07-26T21:08:30.1675059Z Client: Docker Engine - Community
2026-07-26T21:08:30.1675644Z  Version:           28.0.4
2026-07-26T21:08:30.1677539Z  API version:       1.48
2026-07-26T21:08:30.1678013Z  Go version:        go1.23.7
2026-07-26T21:08:30.1678439Z  Git commit:        b8034c0
2026-07-26T21:08:30.1678884Z  Built:             Tue Mar 25 15:07:16 2025
2026-07-26T21:08:30.1679388Z  OS/Arch:           linux/amd64
2026-07-26T21:08:30.1680214Z  Context:           default
2026-07-26T21:08:30.1680498Z 
2026-07-26T21:08:30.1680697Z Server: Docker Engine - Community
2026-07-26T21:08:30.1681505Z  Engine:
2026-07-26T21:08:30.1681876Z   Version:          28.0.4
2026-07-26T21:08:30.1682336Z   API version:      1.48 (minimum version 1.24)
2026-07-26T21:08:30.1682869Z   Go version:       go1.23.7
2026-07-26T21:08:30.1683283Z   Git commit:       6430e49
2026-07-26T21:08:30.1683719Z   Built:            Tue Mar 25 15:07:16 2025
2026-07-26T21:08:30.1684118Z   OS/Arch:          linux/amd64
2026-07-26T21:08:30.1684394Z   Experimental:     false
2026-07-26T21:08:30.1684631Z  containerd:
2026-07-26T21:08:30.1684841Z   Version:          v2.2.6
2026-07-26T21:08:30.1685168Z   GitCommit:        11ce9d5f3c68c941867e82890e93e815c1304f1b
2026-07-26T21:08:30.1685486Z  runc:
2026-07-26T21:08:30.1685683Z   Version:          1.3.6
2026-07-26T21:08:30.1686038Z   GitCommit:        v1.3.6-0-g491b69ba
2026-07-26T21:08:30.1686514Z  docker-init:
2026-07-26T21:08:30.1686927Z   Version:          0.19.0
2026-07-26T21:08:30.1687351Z   GitCommit:        de40ad0
2026-07-26T21:08:30.1720701Z [command]/usr/bin/docker info
2026-07-26T21:08:30.3871994Z Client: Docker Engine - Community
2026-07-26T21:08:30.3872599Z  Version:    28.0.4
2026-07-26T21:08:30.3873017Z  Context:    default
2026-07-26T21:08:30.3873419Z  Debug Mode: false
2026-07-26T21:08:30.3873764Z  Plugins:
2026-07-26T21:08:30.3874114Z   buildx: Docker Buildx (Docker Inc.)
2026-07-26T21:08:30.3874565Z     Version:  v0.35.0
2026-07-26T21:08:30.3875048Z     Path:     /usr/libexec/docker/cli-plugins/docker-buildx
2026-07-26T21:08:30.3875626Z   compose: Docker Compose (Docker Inc.)
2026-07-26T21:08:30.3876084Z     Version:  v2.38.2
2026-07-26T21:08:30.3876559Z     Path:     /usr/libexec/docker/cli-plugins/docker-compose
2026-07-26T21:08:30.3876842Z 
2026-07-26T21:08:30.3876922Z Server:
2026-07-26T21:08:30.3877110Z  Containers: 0
2026-07-26T21:08:30.3877309Z   Running: 0
2026-07-26T21:08:30.3877501Z   Paused: 0
2026-07-26T21:08:30.3877691Z   Stopped: 0
2026-07-26T21:08:30.3877878Z  Images: 6
2026-07-26T21:08:30.3878069Z  Server Version: 28.0.4
2026-07-26T21:08:30.3878316Z  Storage Driver: overlay2
2026-07-26T21:08:30.3878551Z   Backing Filesystem: extfs
2026-07-26T21:08:30.3878789Z   Supports d_type: true
2026-07-26T21:08:30.3879513Z   Using metacopy: false
2026-07-26T21:08:30.3879799Z   Native Overlay Diff: false
2026-07-26T21:08:30.3880211Z   userxattr: false
2026-07-26T21:08:30.3880638Z  Logging Driver: json-file
2026-07-26T21:08:30.3880975Z  Cgroup Driver: systemd
2026-07-26T21:08:30.3881198Z  Cgroup Version: 2
2026-07-26T21:08:30.3881402Z  Plugins:
2026-07-26T21:08:30.3881638Z   Volume: local
2026-07-26T21:08:30.3881889Z   Network: bridge host ipvlan macvlan null overlay
2026-07-26T21:08:30.3882349Z   Log: awslogs fluentd gcplogs gelf journald json-file local splunk syslog
2026-07-26T21:08:30.3882728Z  Swarm: inactive
2026-07-26T21:08:30.3882949Z  Runtimes: io.containerd.runc.v2 runc
2026-07-26T21:08:30.3883218Z  Default Runtime: runc
2026-07-26T21:08:30.3883438Z  Init Binary: docker-init
2026-07-26T21:08:30.3883733Z  containerd version: 11ce9d5f3c68c941867e82890e93e815c1304f1b
2026-07-26T21:08:30.3884083Z  runc version: v1.3.6-0-g491b69ba
2026-07-26T21:08:30.3884349Z  init version: de40ad0
2026-07-26T21:08:30.3884567Z  Security Options:
2026-07-26T21:08:30.3884777Z   apparmor
2026-07-26T21:08:30.3884957Z   seccomp
2026-07-26T21:08:30.3885146Z    Profile: builtin
2026-07-26T21:08:30.3885345Z   cgroupns
2026-07-26T21:08:30.3885542Z  Kernel Version: 6.17.0-1020-azure
2026-07-26T21:08:30.3885813Z  Operating System: Ubuntu 24.04.4 LTS
2026-07-26T21:08:30.3886074Z  OSType: linux
2026-07-26T21:08:30.3886278Z  Architecture: x86_64
2026-07-26T21:08:30.3886488Z  CPUs: 4
2026-07-26T21:08:30.3886675Z  Total Memory: 15.61GiB
2026-07-26T21:08:30.3886925Z  Name: runnervmvrwv9
2026-07-26T21:08:30.3887160Z  ID: dce1e4a9-fc26-4218-aaf0-feee5194c8cb
2026-07-26T21:08:30.3887462Z  Docker Root Dir: /var/lib/docker
2026-07-26T21:08:30.3887710Z  Debug Mode: false
2026-07-26T21:08:30.3887940Z  Username: githubactions
2026-07-26T21:08:30.3888168Z  Experimental: false
2026-07-26T21:08:30.3888563Z  Insecure Registries:
2026-07-26T21:08:30.3892331Z   ::1/128
2026-07-26T21:08:30.3892750Z   127.0.0.0/8
2026-07-26T21:08:30.3892989Z  Live Restore Enabled: false
2026-07-26T21:08:30.3893172Z 
2026-07-26T21:08:30.3897112Z ##[endgroup]
2026-07-26T21:08:30.4552760Z ##[group]Buildx version
2026-07-26T21:08:30.4586395Z [command]/usr/bin/docker buildx version
2026-07-26T21:08:30.5075131Z github.com/docker/buildx v0.35.0 a319e5b15052cf6557ceb666eb8ff6e32380b782
2026-07-26T21:08:30.5105976Z ##[endgroup]
2026-07-26T21:08:30.5267940Z ##[group]Inspecting default docker context
2026-07-26T21:08:30.5418990Z [
2026-07-26T21:08:30.5419395Z   {
2026-07-26T21:08:30.5419719Z     "Name": "default",
2026-07-26T21:08:30.5420440Z     "Metadata": {},
2026-07-26T21:08:30.5420842Z     "Endpoints": {
2026-07-26T21:08:30.5421268Z       "docker": {
2026-07-26T21:08:30.5421712Z         "Host": "unix:///var/run/docker.sock",
2026-07-26T21:08:30.5422300Z         "SkipTLSVerify": false
2026-07-26T21:08:30.5422781Z       }
2026-07-26T21:08:30.5423178Z     },
2026-07-26T21:08:30.5423519Z     "TLSMaterial": {},
2026-07-26T21:08:30.5423960Z     "Storage": {
2026-07-26T21:08:30.5424385Z       "MetadataPath": "<IN MEMORY>",
2026-07-26T21:08:30.5424933Z       "TLSPath": "<IN MEMORY>"
2026-07-26T21:08:30.5425394Z     }
2026-07-26T21:08:30.5425760Z   }
2026-07-26T21:08:30.5426093Z ]
2026-07-26T21:08:30.5426889Z ##[endgroup]
2026-07-26T21:08:30.5427675Z ##[group]Creating a new builder instance
2026-07-26T21:08:30.6764186Z [command]/usr/bin/docker buildx create --name builder-4425396b-0e48-448c-8638-de3aab29fcc3 --driver docker-container --buildkitd-flags --allow-insecure-entitlement security.insecure --allow-insecure-entitlement network.host --use
2026-07-26T21:08:30.7483447Z builder-4425396b-0e48-448c-8638-de3aab29fcc3
2026-07-26T21:08:30.7506001Z ##[endgroup]
2026-07-26T21:08:30.7507003Z ##[group]Booting builder
2026-07-26T21:08:30.7551835Z [command]/usr/bin/docker buildx inspect --bootstrap --builder builder-4425396b-0e48-448c-8638-de3aab29fcc3
2026-07-26T21:08:30.8142439Z #1 [internal] booting buildkit
2026-07-26T21:08:30.9647559Z #1 pulling image moby/buildkit:buildx-stable-1
2026-07-26T21:08:33.6697928Z #1 pulling image moby/buildkit:buildx-stable-1 2.9s done
2026-07-26T21:08:33.8202020Z #1 creating container buildx_buildkit_builder-4425396b-0e48-448c-8638-de3aab29fcc30
2026-07-26T21:08:33.9889525Z #1 creating container buildx_buildkit_builder-4425396b-0e48-448c-8638-de3aab29fcc30 0.3s done
2026-07-26T21:08:33.9922990Z #1 DONE 3.2s
2026-07-26T21:08:34.0229388Z Name:          builder-4425396b-0e48-448c-8638-de3aab29fcc3
2026-07-26T21:08:34.0229797Z Driver:        docker-container
2026-07-26T21:08:34.0230515Z Last Activity: 2026-07-26 21:08:30 +0000 UTC
2026-07-26T21:08:34.0230861Z 
2026-07-26T21:08:34.0231007Z Nodes:
2026-07-26T21:08:34.0231444Z Name:                  builder-4425396b-0e48-448c-8638-de3aab29fcc30
2026-07-26T21:08:34.0232074Z Endpoint:              unix:///var/run/docker.sock
2026-07-26T21:08:34.0232616Z Status:                running
2026-07-26T21:08:34.0233503Z BuildKit daemon flags: --allow-insecure-entitlement security.insecure --allow-insecure-entitlement network.host
2026-07-26T21:08:34.0234462Z BuildKit version:      v0.31.2
2026-07-26T21:08:34.0235033Z Platforms:             linux/amd64, linux/amd64/v2, linux/amd64/v3, linux/386
2026-07-26T21:08:34.0235593Z Labels:
2026-07-26T21:08:34.0235996Z  org.mobyproject.buildkit.worker.executor:         oci
2026-07-26T21:08:34.0236713Z  org.mobyproject.buildkit.worker.hostname:         34743fab7062
2026-07-26T21:08:34.0237437Z  org.mobyproject.buildkit.worker.network:          host
2026-07-26T21:08:34.0238136Z  org.mobyproject.buildkit.worker.oci.process-mode: sandbox
2026-07-26T21:08:34.0238860Z  org.mobyproject.buildkit.worker.selinux.enabled:  false
2026-07-26T21:08:34.0239626Z  org.mobyproject.buildkit.worker.snapshotter:      overlayfs
2026-07-26T21:08:34.0240369Z GC Policy rule#0:
2026-07-26T21:08:34.0240578Z  All:            false
2026-07-26T21:08:34.0241273Z  Filters:        type==source.local type==exec.cachemount type==source.git.checkout
2026-07-26T21:08:34.0241798Z  Keep Duration:  48h0m0s
2026-07-26T21:08:34.0242032Z  Max Used Space: 488.3MiB
2026-07-26T21:08:34.0242267Z GC Policy rule#1:
2026-07-26T21:08:34.0242469Z  All:            false
2026-07-26T21:08:34.0242684Z  Keep Duration:  1440h0m0s
2026-07-26T21:08:34.0242914Z  Reserved Space: 9.313GiB
2026-07-26T21:08:34.0243140Z  Max Used Space: 93.13GiB
2026-07-26T21:08:34.0243360Z  Min Free Space: 27.01GiB
2026-07-26T21:08:34.0243575Z GC Policy rule#2:
2026-07-26T21:08:34.0243769Z  All:            false
2026-07-26T21:08:34.0243980Z  Reserved Space: 9.313GiB
2026-07-26T21:08:34.0244203Z  Max Used Space: 93.13GiB
2026-07-26T21:08:34.0244424Z  Min Free Space: 27.01GiB
2026-07-26T21:08:34.0244640Z GC Policy rule#3:
2026-07-26T21:08:34.0244847Z  All:            true
2026-07-26T21:08:34.0245058Z  Reserved Space: 9.313GiB
2026-07-26T21:08:34.0245277Z  Max Used Space: 93.13GiB
2026-07-26T21:08:34.0245495Z  Min Free Space: 27.01GiB
2026-07-26T21:08:34.0281872Z ##[endgroup]
2026-07-26T21:08:34.1166934Z ##[group]Inspect builder
2026-07-26T21:08:34.1169493Z {
2026-07-26T21:08:34.1169680Z   "nodes": [
2026-07-26T21:08:34.1170217Z     {
2026-07-26T21:08:34.1170504Z       "name": "builder-4425396b-0e48-448c-8638-de3aab29fcc30",
2026-07-26T21:08:34.1170943Z       "endpoint": "unix:///var/run/docker.sock",
2026-07-26T21:08:34.1172882Z       "status": "running",
2026-07-26T21:08:34.1173798Z       "buildkitd-flags": "--allow-insecure-entitlement security.insecure --allow-insecure-entitlement network.host",
2026-07-26T21:08:34.1174753Z       "buildkit": "v0.31.2",
2026-07-26T21:08:34.1175512Z       "platforms": "linux/amd64,linux/amd64/v2,linux/amd64/v3,linux/386",
2026-07-26T21:08:34.1176346Z       "features": {
2026-07-26T21:08:34.1176961Z         "Automatically load images to the Docker Engine image store": true,
2026-07-26T21:08:34.1177651Z         "Cache export": true,
2026-07-26T21:08:34.1178059Z         "Direct push": true,
2026-07-26T21:08:34.1178492Z         "Docker exporter": true,
2026-07-26T21:08:34.1178928Z         "Multi-platform build": true,
2026-07-26T21:08:34.1179425Z         "OCI exporter": true
2026-07-26T21:08:34.1180553Z       },
2026-07-26T21:08:34.1180940Z       "labels": {
2026-07-26T21:08:34.1181448Z         "org.mobyproject.buildkit.worker.executor": "oci",
2026-07-26T21:08:34.1182228Z         "org.mobyproject.buildkit.worker.hostname": "34743fab7062",
2026-07-26T21:08:34.1183048Z         "org.mobyproject.buildkit.worker.network": "host",
2026-07-26T21:08:34.1183807Z         "org.mobyproject.buildkit.worker.oci.process-mode": "sandbox",
2026-07-26T21:08:34.1184640Z         "org.mobyproject.buildkit.worker.selinux.enabled": "false",
2026-07-26T21:08:34.1185661Z         "org.mobyproject.buildkit.worker.snapshotter": "overlayfs"
2026-07-26T21:08:34.1186408Z       },
2026-07-26T21:08:34.1186990Z       "gcPolicy": [
2026-07-26T21:08:34.1187873Z         {
2026-07-26T21:08:34.1188404Z           "all": false,
2026-07-26T21:08:34.1188923Z           "filter": [
2026-07-26T21:08:34.1191011Z             "type==source.local type==exec.cachemount type==source.git.checkout"
2026-07-26T21:08:34.1191769Z           ],
2026-07-26T21:08:34.1192332Z           "keepDuration": "48h0m0s",
2026-07-26T21:08:34.1192849Z           "maxUsedSpace": "488.3MiB"
2026-07-26T21:08:34.1193328Z         },
2026-07-26T21:08:34.1193690Z         {
2026-07-26T21:08:34.1194056Z           "all": false,
2026-07-26T21:08:34.1194496Z           "keepDuration": "1440h0m0s",
2026-07-26T21:08:34.1195001Z           "reservedSpace": "9.313GiB",
2026-07-26T21:08:34.1195444Z           "maxUsedSpace": "93.13GiB",
2026-07-26T21:08:34.1195921Z           "minFreeSpace": "27.01GiB"
2026-07-26T21:08:34.1196374Z         },
2026-07-26T21:08:34.1196722Z         {
2026-07-26T21:08:34.1197049Z           "all": false,
2026-07-26T21:08:34.1197452Z           "reservedSpace": "9.313GiB",
2026-07-26T21:08:34.1199749Z           "maxUsedSpace": "93.13GiB",
2026-07-26T21:08:34.1201386Z           "minFreeSpace": "27.01GiB"
2026-07-26T21:08:34.1201900Z         },
2026-07-26T21:08:34.1202282Z         {
2026-07-26T21:08:34.1202633Z           "all": true,
2026-07-26T21:08:34.1203096Z           "reservedSpace": "9.313GiB",
2026-07-26T21:08:34.1203621Z           "maxUsedSpace": "93.13GiB",
2026-07-26T21:08:34.1204160Z           "minFreeSpace": "27.01GiB"
2026-07-26T21:08:34.1204613Z         }
2026-07-26T21:08:34.1204942Z       ]
2026-07-26T21:08:34.1205257Z     }
2026-07-26T21:08:34.1205594Z   ],
2026-07-26T21:08:34.1206102Z   "name": "builder-4425396b-0e48-448c-8638-de3aab29fcc3",
2026-07-26T21:08:34.1206851Z   "driver": "docker-container",
2026-07-26T21:08:34.1207465Z   "lastActivity": "2026-07-26T21:08:30.000Z"
2026-07-26T21:08:34.1208010Z }
2026-07-26T21:08:34.1208766Z ##[endgroup]
2026-07-26T21:08:34.1209503Z ##[group]BuildKit version
2026-07-26T21:08:34.1210333Z builder-4425396b-0e48-448c-8638-de3aab29fcc30: v0.31.2
2026-07-26T21:08:34.1211290Z ##[endgroup]
2026-07-26T21:08:34.1386850Z Node 20 is being deprecated. This workflow is running with Node 24 by default. If you need to temporarily use Node 20, you can set the ACTIONS_ALLOW_USE_UNSECURE_NODE_VERSION=true environment variable. For more information see: https://github.blog/changelog/2025-09-19-deprecation-of-node-20-on-github-actions-runners/
2026-07-26T21:08:34.1388149Z ##[group]Run docker/login-action@v3
2026-07-26T21:08:34.1388401Z with:
2026-07-26T21:08:34.1388591Z   registry: ghcr.io
2026-07-26T21:08:34.1388801Z   username: pkinerd
2026-07-26T21:08:34.1391729Z   password: ***
2026-07-26T21:08:34.1391958Z   logout: true
2026-07-26T21:08:34.1392149Z env:
2026-07-26T21:08:34.1392333Z   REGISTRY: ghcr.io
2026-07-26T21:08:34.1392557Z   IMAGE_NAME: pkinerd/ednsv
2026-07-26T21:08:34.1392795Z ##[endgroup]
2026-07-26T21:08:34.4536569Z Logging into ghcr.io...
2026-07-26T21:08:34.4562176Z (node:2764) [DEP0040] DeprecationWarning: The `punycode` module is deprecated. Please use a userland alternative instead.
2026-07-26T21:08:34.4563876Z (Use `node --trace-deprecation ...` to show where the warning was created)
2026-07-26T21:08:35.0946339Z Login Succeeded!
2026-07-26T21:08:35.1098832Z Node 20 is being deprecated. This workflow is running with Node 24 by default. If you need to temporarily use Node 20, you can set the ACTIONS_ALLOW_USE_UNSECURE_NODE_VERSION=true environment variable. For more information see: https://github.blog/changelog/2025-09-19-deprecation-of-node-20-on-github-actions-runners/
2026-07-26T21:08:35.1100350Z ##[group]Run docker/metadata-action@v5
2026-07-26T21:08:35.1100620Z with:
2026-07-26T21:08:35.1100825Z   images: ghcr.io/pkinerd/ednsv
2026-07-26T21:08:35.1101541Z   tags: type=ref,event=branch,prefix=branch-
type=ref,event=pr,prefix=pr-
type=sha,format=short,prefix=sha-
type=raw,value=latest,enable={{is_default_branch}}
type=raw,value=latest-any

2026-07-26T21:08:35.1102265Z   context: workflow
2026-07-26T21:08:35.1104755Z   github-token: ***
2026-07-26T21:08:35.1104964Z env:
2026-07-26T21:08:35.1105147Z   REGISTRY: ghcr.io
2026-07-26T21:08:35.1105376Z   IMAGE_NAME: pkinerd/ednsv
2026-07-26T21:08:35.1105609Z ##[endgroup]
2026-07-26T21:08:35.5041041Z (node:2784) [DEP0040] DeprecationWarning: The `punycode` module is deprecated. Please use a userland alternative instead.
2026-07-26T21:08:35.5041797Z (Use `node --trace-deprecation ...` to show where the warning was created)
2026-07-26T21:08:36.6031711Z ##[group]Context info
2026-07-26T21:08:36.6032151Z eventName: pull_request
2026-07-26T21:08:36.6032573Z sha: 285482a46824db34961018a1dddf2b334f67a3fa
2026-07-26T21:08:36.6033067Z ref: refs/pull/28/merge
2026-07-26T21:08:36.6033434Z workflow: CI
2026-07-26T21:08:36.6033755Z action: meta
2026-07-26T21:08:36.6034073Z actor: pkinerd
2026-07-26T21:08:36.6034451Z runNumber: 227
2026-07-26T21:08:36.6034782Z runId: 30220417418
2026-07-26T21:08:36.6035304Z commitDate: Sun Jul 26 2026 21:07:24 GMT+0000 (Coordinated Universal Time)
2026-07-26T21:08:36.6036189Z ##[endgroup]
2026-07-26T21:08:36.6041136Z ##[group]Processing images input
2026-07-26T21:08:36.6042122Z name=ghcr.io/pkinerd/ednsv,enable=true
2026-07-26T21:08:36.6042794Z ##[endgroup]
2026-07-26T21:08:36.6057762Z ##[group]Processing tags input
2026-07-26T21:08:36.6058746Z type=ref,event=branch,prefix=branch-,enable=true,priority=600
2026-07-26T21:08:36.6059820Z type=ref,event=pr,prefix=pr-,enable=true,priority=600
2026-07-26T21:08:36.6061084Z type=raw,value=latest,enable={{is_default_branch}},priority=200
2026-07-26T21:08:36.6061837Z type=raw,value=latest-any,enable=true,priority=200
2026-07-26T21:08:36.6062550Z type=sha,format=short,prefix=sha-,enable=true,priority=100
2026-07-26T21:08:36.6063513Z ##[endgroup]
2026-07-26T21:08:36.6064165Z ##[group]Processing flavor input
2026-07-26T21:08:36.6064620Z latest=auto
2026-07-26T21:08:36.6064959Z prefix=
2026-07-26T21:08:36.6065297Z prefixLatest=false
2026-07-26T21:08:36.6065701Z suffix=
2026-07-26T21:08:36.6066021Z suffixLatest=false
2026-07-26T21:08:36.6066802Z ##[endgroup]
2026-07-26T21:08:36.6134229Z ##[group]Docker image version
2026-07-26T21:08:36.6134686Z pr-28
2026-07-26T21:08:36.6135279Z ##[endgroup]
2026-07-26T21:08:36.6139438Z ##[group]Docker tags
2026-07-26T21:08:36.6140192Z ghcr.io/pkinerd/ednsv:pr-28
2026-07-26T21:08:36.6140699Z ghcr.io/pkinerd/ednsv:latest-any
2026-07-26T21:08:36.6141178Z ghcr.io/pkinerd/ednsv:sha-285482a
2026-07-26T21:08:36.6141859Z ##[endgroup]
2026-07-26T21:08:36.6217417Z ##[group]Docker labels
2026-07-26T21:08:36.6218165Z org.opencontainers.image.created=2026-07-26T21:08:36.606Z
2026-07-26T21:08:36.6219029Z org.opencontainers.image.description=
2026-07-26T21:08:36.6219649Z org.opencontainers.image.licenses=
2026-07-26T21:08:36.6220750Z org.opencontainers.image.revision=285482a46824db34961018a1dddf2b334f67a3fa
2026-07-26T21:08:36.6221818Z org.opencontainers.image.source=https://github.com/pkinerd/ednsv
2026-07-26T21:08:36.6222552Z org.opencontainers.image.title=ednsv
2026-07-26T21:08:36.6223269Z org.opencontainers.image.url=https://github.com/pkinerd/ednsv
2026-07-26T21:08:36.6223826Z org.opencontainers.image.version=pr-28
2026-07-26T21:08:36.6224488Z ##[endgroup]
2026-07-26T21:08:36.6224947Z ##[group]Annotations
2026-07-26T21:08:36.6225695Z manifest:org.opencontainers.image.created=2026-07-26T21:08:36.606Z
2026-07-26T21:08:36.6226283Z manifest:org.opencontainers.image.description=
2026-07-26T21:08:36.6226749Z manifest:org.opencontainers.image.licenses=
2026-07-26T21:08:36.6227366Z manifest:org.opencontainers.image.revision=285482a46824db34961018a1dddf2b334f67a3fa
2026-07-26T21:08:36.6228047Z manifest:org.opencontainers.image.source=https://github.com/pkinerd/ednsv
2026-07-26T21:08:36.6228551Z manifest:org.opencontainers.image.title=ednsv
2026-07-26T21:08:36.6229015Z manifest:org.opencontainers.image.url=https://github.com/pkinerd/ednsv
2026-07-26T21:08:36.6229496Z manifest:org.opencontainers.image.version=pr-28
2026-07-26T21:08:36.6230338Z ##[endgroup]
2026-07-26T21:08:36.6234300Z ##[group]JSON output
2026-07-26T21:08:36.6234737Z {
2026-07-26T21:08:36.6235078Z   "tags": [
2026-07-26T21:08:36.6235453Z     "ghcr.io/pkinerd/ednsv:pr-28",
2026-07-26T21:08:36.6235994Z     "ghcr.io/pkinerd/ednsv:latest-any",
2026-07-26T21:08:36.6236533Z     "ghcr.io/pkinerd/ednsv:sha-285482a"
2026-07-26T21:08:36.6237002Z   ],
2026-07-26T21:08:36.6237327Z   "tag-names": [
2026-07-26T21:08:36.6237670Z     "pr-28",
2026-07-26T21:08:36.6238002Z     "latest-any",
2026-07-26T21:08:36.6238382Z     "sha-285482a"
2026-07-26T21:08:36.6238745Z   ],
2026-07-26T21:08:36.6239071Z   "labels": {
2026-07-26T21:08:36.6239613Z     "org.opencontainers.image.created": "2026-07-26T21:08:36.606Z",
2026-07-26T21:08:36.6240600Z     "org.opencontainers.image.description": "",
2026-07-26T21:08:36.6241249Z     "org.opencontainers.image.licenses": "",
2026-07-26T21:08:36.6242053Z     "org.opencontainers.image.revision": "285482a46824db34961018a1dddf2b334f67a3fa",
2026-07-26T21:08:36.6243076Z     "org.opencontainers.image.source": "https://github.com/pkinerd/ednsv",
2026-07-26T21:08:36.6243883Z     "org.opencontainers.image.title": "ednsv",
2026-07-26T21:08:36.6245066Z     "org.opencontainers.image.url": "https://github.com/pkinerd/ednsv",
2026-07-26T21:08:36.6245866Z     "org.opencontainers.image.version": "pr-28"
2026-07-26T21:08:36.6246366Z   },
2026-07-26T21:08:36.6246556Z   "annotations": [
2026-07-26T21:08:36.6246897Z     "manifest:org.opencontainers.image.created=2026-07-26T21:08:36.606Z",
2026-07-26T21:08:36.6247343Z     "manifest:org.opencontainers.image.description=",
2026-07-26T21:08:36.6247704Z     "manifest:org.opencontainers.image.licenses=",
2026-07-26T21:08:36.6248183Z     "manifest:org.opencontainers.image.revision=285482a46824db34961018a1dddf2b334f67a3fa",
2026-07-26T21:08:36.6248795Z     "manifest:org.opencontainers.image.source=https://github.com/pkinerd/ednsv",
2026-07-26T21:08:36.6249272Z     "manifest:org.opencontainers.image.title=ednsv",
2026-07-26T21:08:36.6249709Z     "manifest:org.opencontainers.image.url=https://github.com/pkinerd/ednsv",
2026-07-26T21:08:36.6250366Z     "manifest:org.opencontainers.image.version=pr-28"
2026-07-26T21:08:36.6250682Z   ]
2026-07-26T21:08:36.6250857Z }
2026-07-26T21:08:36.6251246Z ##[endgroup]
2026-07-26T21:08:36.6251608Z ##[group]Bake file definition (tags)
2026-07-26T21:08:36.6251859Z {
2026-07-26T21:08:36.6252032Z   "target": {
2026-07-26T21:08:36.6252303Z     "docker-metadata-action": {
2026-07-26T21:08:36.6252780Z       "tags": [
2026-07-26T21:08:36.6253234Z         "ghcr.io/pkinerd/ednsv:pr-28",
2026-07-26T21:08:36.6253834Z         "ghcr.io/pkinerd/ednsv:latest-any",
2026-07-26T21:08:36.6254399Z         "ghcr.io/pkinerd/ednsv:sha-285482a"
2026-07-26T21:08:36.6254930Z       ],
2026-07-26T21:08:36.6255334Z       "args": {
2026-07-26T21:08:36.6255794Z         "DOCKER_META_IMAGES": "ghcr.io/pkinerd/ednsv",
2026-07-26T21:08:36.6256386Z         "DOCKER_META_VERSION": "pr-28"
2026-07-26T21:08:36.6256866Z       }
2026-07-26T21:08:36.6257240Z     }
2026-07-26T21:08:36.6257562Z   }
2026-07-26T21:08:36.6257878Z }
2026-07-26T21:08:36.6258668Z ##[endgroup]
2026-07-26T21:08:36.6259467Z ##[group]Bake file definition (labels)
2026-07-26T21:08:36.6260228Z {
2026-07-26T21:08:36.6260559Z   "target": {
2026-07-26T21:08:36.6261203Z     "docker-metadata-action": {
2026-07-26T21:08:36.6261679Z       "labels": {
2026-07-26T21:08:36.6262174Z         "org.opencontainers.image.created": "2026-07-26T21:08:36.606Z",
2026-07-26T21:08:36.6262836Z         "org.opencontainers.image.description": "",
2026-07-26T21:08:36.6263358Z         "org.opencontainers.image.licenses": "",
2026-07-26T21:08:36.6264055Z         "org.opencontainers.image.revision": "285482a46824db34961018a1dddf2b334f67a3fa",
2026-07-26T21:08:36.6264914Z         "org.opencontainers.image.source": "https://github.com/pkinerd/ednsv",
2026-07-26T21:08:36.6265619Z         "org.opencontainers.image.title": "ednsv",
2026-07-26T21:08:36.6266404Z         "org.opencontainers.image.url": "https://github.com/pkinerd/ednsv",
2026-07-26T21:08:36.6267128Z         "org.opencontainers.image.version": "pr-28"
2026-07-26T21:08:36.6267628Z       }
2026-07-26T21:08:36.6267928Z     }
2026-07-26T21:08:36.6268269Z   }
2026-07-26T21:08:36.6268585Z }
2026-07-26T21:08:36.6269173Z ##[endgroup]
2026-07-26T21:08:36.6269829Z ##[group]Bake file definition (annotations)
2026-07-26T21:08:36.6270505Z {
2026-07-26T21:08:36.6270820Z   "target": {
2026-07-26T21:08:36.6271171Z     "docker-metadata-action": {
2026-07-26T21:08:36.6271639Z       "annotations": [
2026-07-26T21:08:36.6272159Z         "manifest:org.opencontainers.image.created=2026-07-26T21:08:36.606Z",
2026-07-26T21:08:36.6272849Z         "manifest:org.opencontainers.image.description=",
2026-07-26T21:08:36.6273542Z         "manifest:org.opencontainers.image.licenses=",
2026-07-26T21:08:36.6274455Z         "manifest:org.opencontainers.image.revision=285482a46824db34961018a1dddf2b334f67a3fa",
2026-07-26T21:08:36.6275561Z         "manifest:org.opencontainers.image.source=https://github.com/pkinerd/ednsv",
2026-07-26T21:08:36.6276476Z         "manifest:org.opencontainers.image.title=ednsv",
2026-07-26T21:08:36.6277287Z         "manifest:org.opencontainers.image.url=https://github.com/pkinerd/ednsv",
2026-07-26T21:08:36.6278365Z         "manifest:org.opencontainers.image.version=pr-28"
2026-07-26T21:08:36.6278958Z       ]
2026-07-26T21:08:36.6279253Z     }
2026-07-26T21:08:36.6279574Z   }
2026-07-26T21:08:36.6280097Z }
2026-07-26T21:08:36.6280728Z ##[endgroup]
2026-07-26T21:08:36.6467657Z Node 20 is being deprecated. This workflow is running with Node 24 by default. If you need to temporarily use Node 20, you can set the ACTIONS_ALLOW_USE_UNSECURE_NODE_VERSION=true environment variable. For more information see: https://github.blog/changelog/2025-09-19-deprecation-of-node-20-on-github-actions-runners/
2026-07-26T21:08:36.6468960Z ##[group]Run docker/build-push-action@v6
2026-07-26T21:08:36.6469237Z with:
2026-07-26T21:08:36.6469423Z   context: .
2026-07-26T21:08:36.6469616Z   file: ./Dockerfile
2026-07-26T21:08:36.6469824Z   push: true
2026-07-26T21:08:36.6470439Z   tags: ghcr.io/pkinerd/ednsv:pr-28
ghcr.io/pkinerd/ednsv:latest-any
ghcr.io/pkinerd/ednsv:sha-285482a
2026-07-26T21:08:36.6472347Z   labels: org.opencontainers.image.created=2026-07-26T21:08:36.606Z
org.opencontainers.image.description=
org.opencontainers.image.licenses=
org.opencontainers.image.revision=285482a46824db34961018a1dddf2b334f67a3fa
org.opencontainers.image.source=https://github.com/pkinerd/ednsv
org.opencontainers.image.title=ednsv
org.opencontainers.image.url=https://github.com/pkinerd/ednsv
org.opencontainers.image.version=pr-28
2026-07-26T21:08:36.6473990Z   cache-from: type=gha
2026-07-26T21:08:36.6474220Z   cache-to: type=gha,mode=max
2026-07-26T21:08:36.6474458Z   load: false
2026-07-26T21:08:36.6474652Z   no-cache: false
2026-07-26T21:08:36.6474853Z   pull: false
2026-07-26T21:08:36.6477290Z   github-token: ***
2026-07-26T21:08:36.6477498Z env:
2026-07-26T21:08:36.6477683Z   REGISTRY: ghcr.io
2026-07-26T21:08:36.6477902Z   IMAGE_NAME: pkinerd/ednsv
2026-07-26T21:08:36.6478156Z   DOCKER_METADATA_OUTPUT_VERSION: pr-28
2026-07-26T21:08:36.6478714Z   DOCKER_METADATA_OUTPUT_TAGS: ghcr.io/pkinerd/ednsv:pr-28
ghcr.io/pkinerd/ednsv:latest-any
ghcr.io/pkinerd/ednsv:sha-285482a
2026-07-26T21:08:36.6479350Z   DOCKER_METADATA_OUTPUT_TAG_NAMES: pr-28
latest-any
sha-285482a
2026-07-26T21:08:36.6481339Z   DOCKER_METADATA_OUTPUT_LABELS: org.opencontainers.image.created=2026-07-26T21:08:36.606Z
org.opencontainers.image.description=
org.opencontainers.image.licenses=
org.opencontainers.image.revision=285482a46824db34961018a1dddf2b334f67a3fa
org.opencontainers.image.source=https://github.com/pkinerd/ednsv
org.opencontainers.image.title=ednsv
org.opencontainers.image.url=https://github.com/pkinerd/ednsv
org.opencontainers.image.version=pr-28
2026-07-26T21:08:36.6484745Z   DOCKER_METADATA_OUTPUT_ANNOTATIONS: manifest:org.opencontainers.image.created=2026-07-26T21:08:36.606Z
manifest:org.opencontainers.image.description=
manifest:org.opencontainers.image.licenses=
manifest:org.opencontainers.image.revision=285482a46824db34961018a1dddf2b334f67a3fa
manifest:org.opencontainers.image.source=https://github.com/pkinerd/ednsv
manifest:org.opencontainers.image.title=ednsv
manifest:org.opencontainers.image.url=https://github.com/pkinerd/ednsv
manifest:org.opencontainers.image.version=pr-28
2026-07-26T21:08:36.6490898Z   DOCKER_METADATA_OUTPUT_JSON: {"tags":["ghcr.io/pkinerd/ednsv:pr-28","ghcr.io/pkinerd/ednsv:latest-any","ghcr.io/pkinerd/ednsv:sha-285482a"],"tag-names":["pr-28","latest-any","sha-285482a"],"labels":{"org.opencontainers.image.created":"2026-07-26T21:08:36.606Z","org.opencontainers.image.description":"","org.opencontainers.image.licenses":"","org.opencontainers.image.revision":"285482a46824db34961018a1dddf2b334f67a3fa","org.opencontainers.image.source":"https://github.com/pkinerd/ednsv","org.opencontainers.image.title":"ednsv","org.opencontainers.image.url":"https://github.com/pkinerd/ednsv","org.opencontainers.image.version":"pr-28"},"annotations":["manifest:org.opencontainers.image.created=2026-07-26T21:08:36.606Z","manifest:org.opencontainers.image.description=","manifest:org.opencontainers.image.licenses=","manifest:org.opencontainers.image.revision=285482a46824db34961018a1dddf2b334f67a3fa","manifest:org.opencontainers.image.source=https://github.com/pkinerd/ednsv","manifest:org.opencontainers.image.title=ednsv","manifest:org.opencontainers.image.url=https://github.com/pkinerd/ednsv","manifest:org.opencontainers.image.version=pr-28"]}
2026-07-26T21:08:36.6495642Z   DOCKER_METADATA_OUTPUT_BAKE_FILE_TAGS: /home/runner/work/_temp/docker-actions-toolkit-aq0DX1/docker-metadata-action-bake-tags.json
2026-07-26T21:08:36.6496570Z   DOCKER_METADATA_OUTPUT_BAKE_FILE_LABELS: /home/runner/work/_temp/docker-actions-toolkit-aq0DX1/docker-metadata-action-bake-labels.json
2026-07-26T21:08:36.6497548Z   DOCKER_METADATA_OUTPUT_BAKE_FILE_ANNOTATIONS: /home/runner/work/_temp/docker-actions-toolkit-aq0DX1/docker-metadata-action-bake-annotations.json
2026-07-26T21:08:36.6498486Z   DOCKER_METADATA_OUTPUT_BAKE_FILE: /home/runner/work/_temp/docker-actions-toolkit-aq0DX1/docker-metadata-action-bake.json
2026-07-26T21:08:36.6499034Z ##[endgroup]
2026-07-26T21:08:36.9072428Z (node:2797) [DEP0040] DeprecationWarning: The `punycode` module is deprecated. Please use a userland alternative instead.
2026-07-26T21:08:36.9073243Z (Use `node --trace-deprecation ...` to show where the warning was created)
2026-07-26T21:08:36.9093619Z ##[group]GitHub Actions runtime token ACs
2026-07-26T21:08:36.9101828Z refs/pull/28/merge: read/write
2026-07-26T21:08:36.9102321Z refs/heads/main: read
2026-07-26T21:08:36.9103628Z ##[endgroup]
2026-07-26T21:08:36.9104779Z ##[group]Docker info
2026-07-26T21:08:36.9170973Z [command]/usr/bin/docker version
2026-07-26T21:08:36.9401117Z Client: Docker Engine - Community
2026-07-26T21:08:36.9401872Z  Version:           28.0.4
2026-07-26T21:08:36.9402391Z  API version:       1.48
2026-07-26T21:08:36.9403022Z  Go version:        go1.23.7
2026-07-26T21:08:36.9403569Z  Git commit:        b8034c0
2026-07-26T21:08:36.9404173Z  Built:             Tue Mar 25 15:07:16 2025
2026-07-26T21:08:36.9404811Z  OS/Arch:           linux/amd64
2026-07-26T21:08:36.9405431Z  Context:           default
2026-07-26T21:08:36.9405703Z 
2026-07-26T21:08:36.9406059Z Server: Docker Engine - Community
2026-07-26T21:08:36.9406610Z  Engine:
2026-07-26T21:08:36.9407051Z   Version:          28.0.4
2026-07-26T21:08:36.9407730Z   API version:      1.48 (minimum version 1.24)
2026-07-26T21:08:36.9428656Z   Go version:       go1.23.7
2026-07-26T21:08:36.9429089Z   Git commit:       6430e49
2026-07-26T21:08:36.9429600Z   Built:            Tue Mar 25 15:07:16 2025
2026-07-26T21:08:36.9431094Z   OS/Arch:          linux/amd64
2026-07-26T21:08:36.9431566Z   Experimental:     false
2026-07-26T21:08:36.9432123Z  containerd:
2026-07-26T21:08:36.9432586Z   Version:          v2.2.6
2026-07-26T21:08:36.9433283Z   GitCommit:        11ce9d5f3c68c941867e82890e93e815c1304f1b
2026-07-26T21:08:36.9433974Z  runc:
2026-07-26T21:08:36.9434285Z   Version:          1.3.6
2026-07-26T21:08:36.9434809Z   GitCommit:        v1.3.6-0-g491b69ba
2026-07-26T21:08:36.9435401Z  docker-init:
2026-07-26T21:08:36.9435815Z   Version:          0.19.0
2026-07-26T21:08:36.9436368Z   GitCommit:        de40ad0
2026-07-26T21:08:36.9446637Z [command]/usr/bin/docker info
2026-07-26T21:08:37.0082884Z Client: Docker Engine - Community
2026-07-26T21:08:37.0083549Z  Version:    28.0.4
2026-07-26T21:08:37.0090952Z  Context:    default
2026-07-26T21:08:37.0091758Z  Debug Mode: false
2026-07-26T21:08:37.0092306Z  Plugins:
2026-07-26T21:08:37.0092815Z   buildx: Docker Buildx (Docker Inc.)
2026-07-26T21:08:37.0093499Z     Version:  v0.35.0
2026-07-26T21:08:37.0094171Z     Path:     /usr/libexec/docker/cli-plugins/docker-buildx
2026-07-26T21:08:37.0094905Z   compose: Docker Compose (Docker Inc.)
2026-07-26T21:08:37.0095516Z     Version:  v2.38.2
2026-07-26T21:08:37.0096131Z     Path:     /usr/libexec/docker/cli-plugins/docker-compose
2026-07-26T21:08:37.0096697Z 
2026-07-26T21:08:37.0096968Z Server:
2026-07-26T21:08:37.0097419Z  Containers: 1
2026-07-26T21:08:37.0097971Z   Running: 1
2026-07-26T21:08:37.0098686Z   Paused: 0
2026-07-26T21:08:37.0100280Z   Stopped: 0
2026-07-26T21:08:37.0101130Z  Images: 7
2026-07-26T21:08:37.0101710Z  Server Version: 28.0.4
2026-07-26T21:08:37.0102352Z  Storage Driver: overlay2
2026-07-26T21:08:37.0102961Z   Backing Filesystem: extfs
2026-07-26T21:08:37.0103626Z   Supports d_type: true
2026-07-26T21:08:37.0104494Z   Using metacopy: false
2026-07-26T21:08:37.0105084Z   Native Overlay Diff: false
2026-07-26T21:08:37.0105685Z   userxattr: false
2026-07-26T21:08:37.0106267Z  Logging Driver: json-file
2026-07-26T21:08:37.0106884Z  Cgroup Driver: systemd
2026-07-26T21:08:37.0107470Z  Cgroup Version: 2
2026-07-26T21:08:37.0108075Z  Plugins:
2026-07-26T21:08:37.0108594Z   Volume: local
2026-07-26T21:08:37.0109308Z   Network: bridge host ipvlan macvlan null overlay
2026-07-26T21:08:37.0110574Z   Log: awslogs fluentd gcplogs gelf journald json-file local splunk syslog
2026-07-26T21:08:37.0111665Z  Swarm: inactive
2026-07-26T21:08:37.0112354Z  Runtimes: io.containerd.runc.v2 runc
2026-07-26T21:08:37.0113056Z  Default Runtime: runc
2026-07-26T21:08:37.0113713Z  Init Binary: docker-init
2026-07-26T21:08:37.0114509Z  containerd version: 11ce9d5f3c68c941867e82890e93e815c1304f1b
2026-07-26T21:08:37.0115341Z  runc version: v1.3.6-0-g491b69ba
2026-07-26T21:08:37.0116059Z  init version: de40ad0
2026-07-26T21:08:37.0117023Z  Security Options:
2026-07-26T21:08:37.0118147Z   apparmor
2026-07-26T21:08:37.0118866Z   seccomp
2026-07-26T21:08:37.0119639Z    Profile: builtin
2026-07-26T21:08:37.0121112Z   cgroupns
2026-07-26T21:08:37.0122019Z  Kernel Version: 6.17.0-1020-azure
2026-07-26T21:08:37.0123187Z  Operating System: Ubuntu 24.04.4 LTS
2026-07-26T21:08:37.0124033Z  OSType: linux
2026-07-26T21:08:37.0124403Z  Architecture: x86_64
2026-07-26T21:08:37.0124771Z  CPUs: 4
2026-07-26T21:08:37.0125090Z  Total Memory: 15.61GiB
2026-07-26T21:08:37.0125469Z  Name: runnervmvrwv9
2026-07-26T21:08:37.0125865Z  ID: dce1e4a9-fc26-4218-aaf0-feee5194c8cb
2026-07-26T21:08:37.0126352Z  Docker Root Dir: /var/lib/docker
2026-07-26T21:08:37.0126777Z  Debug Mode: false
2026-07-26T21:08:37.0127394Z  Username: githubactions
2026-07-26T21:08:37.0127805Z  Experimental: false
2026-07-26T21:08:37.0128171Z  Insecure Registries:
2026-07-26T21:08:37.0128568Z   ::1/128
2026-07-26T21:08:37.0128864Z   127.0.0.0/8
2026-07-26T21:08:37.0129209Z  Live Restore Enabled: false
2026-07-26T21:08:37.0129476Z 
2026-07-26T21:08:37.0129850Z ##[endgroup]
2026-07-26T21:08:37.0130721Z ##[group]Proxy configuration
2026-07-26T21:08:37.0131136Z No proxy configuration found
2026-07-26T21:08:37.0131533Z ##[endgroup]
2026-07-26T21:08:37.0761266Z ##[group]Buildx version
2026-07-26T21:08:37.0786374Z [command]/usr/bin/docker buildx version
2026-07-26T21:08:37.1280476Z github.com/docker/buildx v0.35.0 a319e5b15052cf6557ceb666eb8ff6e32380b782
2026-07-26T21:08:37.1347432Z ##[endgroup]
2026-07-26T21:08:37.1347998Z ##[group]Builder info
2026-07-26T21:08:37.2287515Z {
2026-07-26T21:08:37.2288883Z   "nodes": [
2026-07-26T21:08:37.2290542Z     {
2026-07-26T21:08:37.2291050Z       "name": "builder-4425396b-0e48-448c-8638-de3aab29fcc30",
2026-07-26T21:08:37.2291756Z       "endpoint": "unix:///var/run/docker.sock",
2026-07-26T21:08:37.2292291Z       "status": "running",
2026-07-26T21:08:37.2293286Z       "buildkitd-flags": "--allow-insecure-entitlement security.insecure --allow-insecure-entitlement network.host",
2026-07-26T21:08:37.2294319Z       "buildkit": "v0.31.2",
2026-07-26T21:08:37.2294984Z       "platforms": "linux/amd64,linux/amd64/v2,linux/amd64/v3,linux/386",
2026-07-26T21:08:37.2295699Z       "features": {
2026-07-26T21:08:37.2296325Z         "Automatically load images to the Docker Engine image store": true,
2026-07-26T21:08:37.2297050Z         "Cache export": true,
2026-07-26T21:08:37.2297506Z         "Direct push": true,
2026-07-26T21:08:37.2298012Z         "Docker exporter": true,
2026-07-26T21:08:37.2298493Z         "Multi-platform build": true,
2026-07-26T21:08:37.2299028Z         "OCI exporter": true
2026-07-26T21:08:37.2299480Z       },
2026-07-26T21:08:37.2300102Z       "labels": {
2026-07-26T21:08:37.2301062Z         "org.mobyproject.buildkit.worker.executor": "oci",
2026-07-26T21:08:37.2301821Z         "org.mobyproject.buildkit.worker.hostname": "34743fab7062",
2026-07-26T21:08:37.2302611Z         "org.mobyproject.buildkit.worker.network": "host",
2026-07-26T21:08:37.2303756Z         "org.mobyproject.buildkit.worker.oci.process-mode": "sandbox",
2026-07-26T21:08:37.2304691Z         "org.mobyproject.buildkit.worker.selinux.enabled": "false",
2026-07-26T21:08:37.2305521Z         "org.mobyproject.buildkit.worker.snapshotter": "overlayfs"
2026-07-26T21:08:37.2306158Z       },
2026-07-26T21:08:37.2306560Z       "gcPolicy": [
2026-07-26T21:08:37.2306949Z         {
2026-07-26T21:08:37.2307297Z           "all": false,
2026-07-26T21:08:37.2307694Z           "filter": [
2026-07-26T21:08:37.2308380Z             "type==source.local type==exec.cachemount type==source.git.checkout"
2026-07-26T21:08:37.2309074Z           ],
2026-07-26T21:08:37.2309453Z           "keepDuration": "48h0m0s",
2026-07-26T21:08:37.2310228Z           "maxUsedSpace": "488.3MiB"
2026-07-26T21:08:37.2310703Z         },
2026-07-26T21:08:37.2311043Z         {
2026-07-26T21:08:37.2311441Z           "all": false,
2026-07-26T21:08:37.2311871Z           "keepDuration": "1440h0m0s",
2026-07-26T21:08:37.2312450Z           "reservedSpace": "9.313GiB",
2026-07-26T21:08:37.2312975Z           "maxUsedSpace": "93.13GiB",
2026-07-26T21:08:37.2313537Z           "minFreeSpace": "27.01GiB"
2026-07-26T21:08:37.2314006Z         },
2026-07-26T21:08:37.2314328Z         {
2026-07-26T21:08:37.2314654Z           "all": false,
2026-07-26T21:08:37.2315048Z           "reservedSpace": "9.313GiB",
2026-07-26T21:08:37.2315520Z           "maxUsedSpace": "93.13GiB",
2026-07-26T21:08:37.2316004Z           "minFreeSpace": "27.01GiB"
2026-07-26T21:08:37.2316542Z         },
2026-07-26T21:08:37.2316885Z         {
2026-07-26T21:08:37.2317218Z           "all": true,
2026-07-26T21:08:37.2317624Z           "reservedSpace": "9.313GiB",
2026-07-26T21:08:37.2318160Z           "maxUsedSpace": "93.13GiB",
2026-07-26T21:08:37.2318664Z           "minFreeSpace": "27.01GiB"
2026-07-26T21:08:37.2319161Z         }
2026-07-26T21:08:37.2319474Z       ]
2026-07-26T21:08:37.2319794Z     }
2026-07-26T21:08:37.2320778Z   ],
2026-07-26T21:08:37.2321254Z   "name": "builder-4425396b-0e48-448c-8638-de3aab29fcc3",
2026-07-26T21:08:37.2321879Z   "driver": "docker-container",
2026-07-26T21:08:37.2322369Z   "lastActivity": "2026-07-26T21:08:30.000Z"
2026-07-26T21:08:37.2322841Z }
2026-07-26T21:08:37.2323501Z ##[endgroup]
2026-07-26T21:08:37.4002256Z [command]/usr/bin/docker buildx build --cache-from type=gha --cache-to type=gha,mode=max --file ./Dockerfile --iidfile /home/runner/work/_temp/docker-actions-toolkit-2KjAoz/build-iidfile-8b3a483d26.txt --label org.opencontainers.image.created=2026-07-26T21:08:36.606Z --label org.opencontainers.image.description= --label org.opencontainers.image.licenses= --label org.opencontainers.image.revision=285482a46824db34961018a1dddf2b334f67a3fa --label org.opencontainers.image.source=https://github.com/pkinerd/ednsv --label org.opencontainers.image.title=ednsv --label org.opencontainers.image.url=https://github.com/pkinerd/ednsv --label org.opencontainers.image.version=pr-28 --attest type=provenance,mode=max,builder-id=https://github.com/pkinerd/ednsv/actions/runs/30220417418/attempts/1 --tag ghcr.io/pkinerd/ednsv:pr-28 --tag ghcr.io/pkinerd/ednsv:latest-any --tag ghcr.io/pkinerd/ednsv:sha-285482a --metadata-file /home/runner/work/_temp/docker-actions-toolkit-2KjAoz/build-metadata-ae0bf2deec.json --push .
2026-07-26T21:08:37.6676575Z #0 building with "builder-4425396b-0e48-448c-8638-de3aab29fcc3" instance using docker-container driver
2026-07-26T21:08:37.6677107Z 
2026-07-26T21:08:37.6677267Z #1 [internal] load build definition from Dockerfile
2026-07-26T21:08:37.6677655Z #1 transferring dockerfile: 827B done
2026-07-26T21:08:37.6677943Z #1 DONE 0.0s
2026-07-26T21:08:37.6678063Z 
2026-07-26T21:08:37.6678325Z #2 resolve image config for docker-image://docker.io/docker/dockerfile:1.7
2026-07-26T21:08:37.8340508Z #2 ...
2026-07-26T21:08:37.8340782Z 
2026-07-26T21:08:37.8341093Z #3 [auth] docker/dockerfile:pull token for registry-1.docker.io
2026-07-26T21:08:37.8341491Z #3 DONE 0.0s
2026-07-26T21:08:37.9844910Z 
2026-07-26T21:08:37.9846001Z #2 resolve image config for docker-image://docker.io/docker/dockerfile:1.7
2026-07-26T21:08:38.2270276Z #2 DONE 0.7s
2026-07-26T21:08:38.3342473Z 
2026-07-26T21:08:38.3343678Z #4 docker-image://docker.io/docker/dockerfile:1.7@sha256:a57df69d0ea827fb7266491f2813635de6f17269be881f696fbfdf2d83dda33e
2026-07-26T21:08:38.3345228Z #4 resolve docker.io/docker/dockerfile:1.7@sha256:a57df69d0ea827fb7266491f2813635de6f17269be881f696fbfdf2d83dda33e done
2026-07-26T21:08:38.3346419Z #4 sha256:96918c57e42509b97f10c074d80672ecdbd3bb7dcd38c1bd95960cf291207416 11.98MB / 11.98MB 0.1s done
2026-07-26T21:08:38.4344773Z #4 extracting sha256:96918c57e42509b97f10c074d80672ecdbd3bb7dcd38c1bd95960cf291207416 0.1s done
2026-07-26T21:08:38.4345805Z #4 DONE 0.2s
2026-07-26T21:08:38.6427057Z 
2026-07-26T21:08:38.6427636Z #5 [internal] load metadata for mcr.microsoft.com/dotnet/aspnet:8.0
2026-07-26T21:08:38.8024417Z #5 ...
2026-07-26T21:08:38.8024715Z 
2026-07-26T21:08:38.8028612Z #6 [internal] load metadata for mcr.microsoft.com/dotnet/sdk:8.0
2026-07-26T21:08:38.8029181Z #6 DONE 0.3s
2026-07-26T21:08:38.9944246Z 
2026-07-26T21:08:38.9945393Z #5 [internal] load metadata for mcr.microsoft.com/dotnet/aspnet:8.0
2026-07-26T21:08:38.9946233Z #5 DONE 0.3s
2026-07-26T21:08:38.9946374Z 
2026-07-26T21:08:38.9946497Z #7 [internal] load .dockerignore
2026-07-26T21:08:38.9946817Z #7 transferring context: 249B done
2026-07-26T21:08:38.9947119Z #7 DONE 0.0s
2026-07-26T21:08:38.9947248Z 
2026-07-26T21:08:38.9947363Z #8 [internal] load build context
2026-07-26T21:08:38.9947646Z #8 DONE 0.0s
2026-07-26T21:08:38.9947770Z 
2026-07-26T21:08:38.9948243Z #9 [build 1/8] FROM mcr.microsoft.com/dotnet/sdk:8.0@sha256:3c0edbfe1549dd93fb789dc96299a40df865ad7bffefcaf38e8c05940686d641
2026-07-26T21:08:38.9949310Z #9 resolve mcr.microsoft.com/dotnet/sdk:8.0@sha256:3c0edbfe1549dd93fb789dc96299a40df865ad7bffefcaf38e8c05940686d641 done
2026-07-26T21:08:38.9950429Z #9 DONE 0.0s
2026-07-26T21:08:38.9950567Z 
2026-07-26T21:08:38.9951083Z #10 [runtime 1/3] FROM mcr.microsoft.com/dotnet/aspnet:8.0@sha256:8f6a307ae32fb393a4b4bcde0a81f0ce3f0a715de0e5575df71f3030448f2dde
2026-07-26T21:08:38.9952176Z #10 resolve mcr.microsoft.com/dotnet/aspnet:8.0@sha256:8f6a307ae32fb393a4b4bcde0a81f0ce3f0a715de0e5575df71f3030448f2dde done
2026-07-26T21:08:38.9952862Z #10 DONE 0.0s
2026-07-26T21:08:38.9952997Z 
2026-07-26T21:08:38.9953165Z #11 importing cache manifest from gha:17501382981362059267
2026-07-26T21:08:39.2549270Z #11 DONE 0.4s
2026-07-26T21:08:39.4371329Z 
2026-07-26T21:08:39.4371773Z #8 [internal] load build context
2026-07-26T21:08:39.4372358Z #8 transferring context: 929.73kB 0.0s done
2026-07-26T21:08:39.4372836Z #8 DONE 0.0s
2026-07-26T21:08:39.4373035Z 
2026-07-26T21:08:39.4373186Z #12 [build 2/8] WORKDIR /src
2026-07-26T21:08:39.4373607Z #12 CACHED
2026-07-26T21:08:39.4373794Z 
2026-07-26T21:08:39.4374096Z #13 [build 3/8] COPY src/Ednsv.Core/Ednsv.Core.csproj src/Ednsv.Core/
2026-07-26T21:08:39.4374695Z #13 CACHED
2026-07-26T21:08:39.4374875Z 
2026-07-26T21:08:39.4375163Z #14 [build 4/8] COPY src/Ednsv.Web/Ednsv.Web.csproj src/Ednsv.Web/
2026-07-26T21:08:39.4375739Z #14 CACHED
2026-07-26T21:08:39.4375909Z 
2026-07-26T21:08:39.4376095Z #15 [build 5/8] RUN dotnet restore src/Ednsv.Web/Ednsv.Web.csproj
2026-07-26T21:08:39.4676159Z #15 CACHED
2026-07-26T21:08:39.6184885Z 
2026-07-26T21:08:39.6185509Z #15 [build 5/8] RUN dotnet restore src/Ednsv.Web/Ednsv.Web.csproj
2026-07-26T21:08:39.6206490Z #15 sha256:7c7616ad766245be8807f1899bc25fa05f61c48f8079fa36c964d481853af380 0B / 74.96MB 0.2s
2026-07-26T21:08:39.7246508Z #15 sha256:89f057fbd63d49c61fb415af2773f20380c76d858a5dc95dcdcd0ac198854624 456B / 456B 0.3s done
2026-07-26T21:08:39.7247839Z #15 sha256:4d015ec68eada998a41dff557e9be9876100aacfd3adb78c32cccfb1faac8a40 92B / 92B 0.2s done
2026-07-26T21:08:39.7249447Z #15 sha256:704a261d6a0df1be6f054161284fc14ac0eaa21ceb629676ee3d0dd8ec908988 438B / 438B 0.2s done
2026-07-26T21:08:39.8345740Z #15 sha256:aaea65f9d3756e15614c6efe86e2006b8fe74af0af07faefdcb6e6001dd705fc 0B / 17.06MB 0.2s
2026-07-26T21:08:39.9854231Z #15 sha256:ed43dda998e1a0c05efeddc9a24048ad8349ce02697b4db3061250e466b3a059 2.70kB / 2.70kB 0.2s done
2026-07-26T21:08:39.9855606Z #15 sha256:34eabb9d45bfc2a02673ee3778040c44b0f3b59facbbf51f9c367482821ce92f 0B / 177.89MB 0.2s
2026-07-26T21:08:40.1353610Z #15 sha256:0aa6db834649082ea8d86f41789fce403a69c18bcec5994ceaf0ed4474563c7d 0B / 31.09MB 0.2s
2026-07-26T21:08:40.4347652Z #15 sha256:7c7616ad766245be8807f1899bc25fa05f61c48f8079fa36c964d481853af380 5.24MB / 74.96MB 0.9s
2026-07-26T21:08:40.4349090Z #15 sha256:aaea65f9d3756e15614c6efe86e2006b8fe74af0af07faefdcb6e6001dd705fc 1.05MB / 17.06MB 0.8s
2026-07-26T21:08:40.5852421Z #15 sha256:7c7616ad766245be8807f1899bc25fa05f61c48f8079fa36c964d481853af380 9.44MB / 74.96MB 1.1s
2026-07-26T21:08:40.5853774Z #15 sha256:aaea65f9d3756e15614c6efe86e2006b8fe74af0af07faefdcb6e6001dd705fc 2.10MB / 17.06MB 0.9s
2026-07-26T21:08:40.7353299Z #15 sha256:7c7616ad766245be8807f1899bc25fa05f61c48f8079fa36c964d481853af380 14.68MB / 74.96MB 1.2s
2026-07-26T21:08:40.8848128Z #15 sha256:7c7616ad766245be8807f1899bc25fa05f61c48f8079fa36c964d481853af380 22.02MB / 74.96MB 1.4s
2026-07-26T21:08:40.8850540Z #15 sha256:aaea65f9d3756e15614c6efe86e2006b8fe74af0af07faefdcb6e6001dd705fc 4.19MB / 17.06MB 1.2s
2026-07-26T21:08:40.8851960Z #15 sha256:34eabb9d45bfc2a02673ee3778040c44b0f3b59facbbf51f9c367482821ce92f 10.49MB / 177.89MB 1.1s
2026-07-26T21:08:40.8852738Z #15 sha256:0aa6db834649082ea8d86f41789fce403a69c18bcec5994ceaf0ed4474563c7d 2.10MB / 31.09MB 0.9s
2026-07-26T21:08:41.0345506Z #15 sha256:7c7616ad766245be8807f1899bc25fa05f61c48f8079fa36c964d481853af380 27.26MB / 74.96MB 1.5s
2026-07-26T21:08:41.0347642Z #15 sha256:aaea65f9d3756e15614c6efe86e2006b8fe74af0af07faefdcb6e6001dd705fc 5.24MB / 17.06MB 1.4s
2026-07-26T21:08:41.0349053Z #15 sha256:0aa6db834649082ea8d86f41789fce403a69c18bcec5994ceaf0ed4474563c7d 4.19MB / 31.09MB 1.1s
2026-07-26T21:08:41.1845507Z #15 sha256:7c7616ad766245be8807f1899bc25fa05f61c48f8079fa36c964d481853af380 35.65MB / 74.96MB 1.7s
2026-07-26T21:08:41.1846985Z #15 sha256:aaea65f9d3756e15614c6efe86e2006b8fe74af0af07faefdcb6e6001dd705fc 8.39MB / 17.06MB 1.5s
2026-07-26T21:08:41.1848241Z #15 sha256:0aa6db834649082ea8d86f41789fce403a69c18bcec5994ceaf0ed4474563c7d 6.29MB / 31.09MB 1.2s
2026-07-26T21:08:41.3350751Z #15 sha256:7c7616ad766245be8807f1899bc25fa05f61c48f8079fa36c964d481853af380 48.23MB / 74.96MB 1.8s
2026-07-26T21:08:41.3351994Z #15 sha256:aaea65f9d3756e15614c6efe86e2006b8fe74af0af07faefdcb6e6001dd705fc 11.53MB / 17.06MB 1.7s
2026-07-26T21:08:41.3353049Z #15 sha256:0aa6db834649082ea8d86f41789fce403a69c18bcec5994ceaf0ed4474563c7d 9.44MB / 31.09MB 1.4s
2026-07-26T21:08:41.4848326Z #15 sha256:7c7616ad766245be8807f1899bc25fa05f61c48f8079fa36c964d481853af380 56.62MB / 74.96MB 2.0s
2026-07-26T21:08:41.4849703Z #15 sha256:aaea65f9d3756e15614c6efe86e2006b8fe74af0af07faefdcb6e6001dd705fc 14.68MB / 17.06MB 1.8s
2026-07-26T21:08:41.4851172Z #15 sha256:0aa6db834649082ea8d86f41789fce403a69c18bcec5994ceaf0ed4474563c7d 15.73MB / 31.09MB 1.5s
2026-07-26T21:08:41.6091100Z #15 sha256:7c7616ad766245be8807f1899bc25fa05f61c48f8079fa36c964d481853af380 69.21MB / 74.96MB 2.1s
2026-07-26T21:08:41.6092009Z #15 sha256:aaea65f9d3756e15614c6efe86e2006b8fe74af0af07faefdcb6e6001dd705fc 17.06MB / 17.06MB 1.9s done
2026-07-26T21:08:41.6092727Z #15 sha256:0aa6db834649082ea8d86f41789fce403a69c18bcec5994ceaf0ed4474563c7d 22.02MB / 31.09MB 1.7s
2026-07-26T21:08:41.7267896Z #15 sha256:7c7616ad766245be8807f1899bc25fa05f61c48f8079fa36c964d481853af380 74.96MB / 74.96MB 2.2s done
2026-07-26T21:08:41.7269235Z #15 sha256:0aa6db834649082ea8d86f41789fce403a69c18bcec5994ceaf0ed4474563c7d 29.36MB / 31.09MB 1.8s
2026-07-26T21:08:41.8327172Z #15 sha256:0aa6db834649082ea8d86f41789fce403a69c18bcec5994ceaf0ed4474563c7d 31.09MB / 31.09MB 1.9s done
2026-07-26T21:08:41.8328545Z #15 sha256:993b1a5b9814eb890928e53aa844227cd48d62a552cce9d9723401d3f323d7df 2.10MB / 11.10MB 0.2s
2026-07-26T21:08:41.8329668Z #15 sha256:b450eb4b61483e158bba71e0972774dca3356aaccf083b4de394756826786dc3 0B / 166B 0.2s
2026-07-26T21:08:41.9581204Z #15 sha256:993b1a5b9814eb890928e53aa844227cd48d62a552cce9d9723401d3f323d7df 4.19MB / 11.10MB 0.3s
2026-07-26T21:08:41.9582665Z #15 sha256:b450eb4b61483e158bba71e0972774dca3356aaccf083b4de394756826786dc3 166B / 166B 0.2s done
2026-07-26T21:08:41.9583805Z #15 sha256:77e3e8465ccd88a7ab4380ed823b77769274a8d0cd50332315a6e6884eeb185b 0B / 32.26MB 0.2s
2026-07-26T21:08:42.0592099Z #15 sha256:993b1a5b9814eb890928e53aa844227cd48d62a552cce9d9723401d3f323d7df 7.34MB / 11.10MB 0.5s
2026-07-26T21:08:42.0593094Z #15 sha256:4afec8b5a48bb14028a2111abd144794fb4f088154db49009be3c5833f922deb 0B / 3.34kB 0.2s
2026-07-26T21:08:42.2096688Z #15 sha256:993b1a5b9814eb890928e53aa844227cd48d62a552cce9d9723401d3f323d7df 10.49MB / 11.10MB 0.6s
2026-07-26T21:08:42.2097684Z #15 sha256:4afec8b5a48bb14028a2111abd144794fb4f088154db49009be3c5833f922deb 3.34kB / 3.34kB 0.2s done
2026-07-26T21:08:42.3724535Z #15 sha256:993b1a5b9814eb890928e53aa844227cd48d62a552cce9d9723401d3f323d7df 11.10MB / 11.10MB 0.6s done
2026-07-26T21:08:42.3725624Z #15 sha256:bcbf93830adb69dda1050c229181e9d0bbcd138e40c83062cfd41f7a8d79b4c7 0B / 18.74MB 0.2s
2026-07-26T21:08:42.3726559Z #15 sha256:597c6c618d36213af657a6a8444a5d87801f9a219682b206ad21ccb8f3e57bbd 0B / 28.23MB 0.2s
2026-07-26T21:08:42.5219041Z #15 sha256:77e3e8465ccd88a7ab4380ed823b77769274a8d0cd50332315a6e6884eeb185b 2.10MB / 32.26MB 0.6s
2026-07-26T21:08:42.8221826Z #15 sha256:77e3e8465ccd88a7ab4380ed823b77769274a8d0cd50332315a6e6884eeb185b 6.29MB / 32.26MB 0.9s
2026-07-26T21:08:42.9724501Z #15 sha256:77e3e8465ccd88a7ab4380ed823b77769274a8d0cd50332315a6e6884eeb185b 9.44MB / 32.26MB 1.1s
2026-07-26T21:08:42.9725732Z #15 sha256:bcbf93830adb69dda1050c229181e9d0bbcd138e40c83062cfd41f7a8d79b4c7 1.05MB / 18.74MB 0.8s
2026-07-26T21:08:42.9726703Z #15 sha256:597c6c618d36213af657a6a8444a5d87801f9a219682b206ad21ccb8f3e57bbd 4.19MB / 28.23MB 0.8s
2026-07-26T21:08:43.1224166Z #15 sha256:77e3e8465ccd88a7ab4380ed823b77769274a8d0cd50332315a6e6884eeb185b 12.58MB / 32.26MB 1.2s
2026-07-26T21:08:43.1225573Z #15 sha256:bcbf93830adb69dda1050c229181e9d0bbcd138e40c83062cfd41f7a8d79b4c7 2.10MB / 18.74MB 0.9s
2026-07-26T21:08:43.1226767Z #15 sha256:597c6c618d36213af657a6a8444a5d87801f9a219682b206ad21ccb8f3e57bbd 7.34MB / 28.23MB 0.9s
2026-07-26T21:08:43.2722355Z #15 sha256:77e3e8465ccd88a7ab4380ed823b77769274a8d0cd50332315a6e6884eeb185b 17.83MB / 32.26MB 1.4s
2026-07-26T21:08:43.2723298Z #15 sha256:bcbf93830adb69dda1050c229181e9d0bbcd138e40c83062cfd41f7a8d79b4c7 5.24MB / 18.74MB 1.1s
2026-07-26T21:08:43.2724052Z #15 sha256:597c6c618d36213af657a6a8444a5d87801f9a219682b206ad21ccb8f3e57bbd 13.63MB / 28.23MB 1.1s
2026-07-26T21:08:43.4251023Z #15 sha256:77e3e8465ccd88a7ab4380ed823b77769274a8d0cd50332315a6e6884eeb185b 24.12MB / 32.26MB 1.5s
2026-07-26T21:08:43.4251968Z #15 sha256:bcbf93830adb69dda1050c229181e9d0bbcd138e40c83062cfd41f7a8d79b4c7 8.39MB / 18.74MB 1.2s
2026-07-26T21:08:43.4252725Z #15 sha256:597c6c618d36213af657a6a8444a5d87801f9a219682b206ad21ccb8f3e57bbd 20.97MB / 28.23MB 1.2s
2026-07-26T21:08:43.5722713Z #15 sha256:77e3e8465ccd88a7ab4380ed823b77769274a8d0cd50332315a6e6884eeb185b 32.26MB / 32.26MB 1.7s done
2026-07-26T21:08:43.5723867Z #15 sha256:bcbf93830adb69dda1050c229181e9d0bbcd138e40c83062cfd41f7a8d79b4c7 11.53MB / 18.74MB 1.4s
2026-07-26T21:08:43.5724654Z #15 sha256:597c6c618d36213af657a6a8444a5d87801f9a219682b206ad21ccb8f3e57bbd 26.21MB / 28.23MB 1.4s
2026-07-26T21:08:43.7478165Z #15 sha256:bcbf93830adb69dda1050c229181e9d0bbcd138e40c83062cfd41f7a8d79b4c7 18.74MB / 18.74MB 1.7s
2026-07-26T21:08:43.7479918Z #15 sha256:597c6c618d36213af657a6a8444a5d87801f9a219682b206ad21ccb8f3e57bbd 28.23MB / 28.23MB 1.4s done
2026-07-26T21:08:43.7481544Z #15 extracting sha256:597c6c618d36213af657a6a8444a5d87801f9a219682b206ad21ccb8f3e57bbd
2026-07-26T21:08:43.9251520Z #15 sha256:bcbf93830adb69dda1050c229181e9d0bbcd138e40c83062cfd41f7a8d79b4c7 18.74MB / 18.74MB 1.7s done
2026-07-26T21:08:44.3696292Z #15 extracting sha256:597c6c618d36213af657a6a8444a5d87801f9a219682b206ad21ccb8f3e57bbd 0.7s done
2026-07-26T21:08:44.5249806Z #15 extracting sha256:bcbf93830adb69dda1050c229181e9d0bbcd138e40c83062cfd41f7a8d79b4c7
2026-07-26T21:08:44.6303276Z #15 extracting sha256:bcbf93830adb69dda1050c229181e9d0bbcd138e40c83062cfd41f7a8d79b4c7 0.3s done
2026-07-26T21:08:44.6305814Z #15 extracting sha256:4afec8b5a48bb14028a2111abd144794fb4f088154db49009be3c5833f922deb done
2026-07-26T21:08:44.8259661Z #15 extracting sha256:77e3e8465ccd88a7ab4380ed823b77769274a8d0cd50332315a6e6884eeb185b
2026-07-26T21:08:45.1055914Z #15 extracting sha256:77e3e8465ccd88a7ab4380ed823b77769274a8d0cd50332315a6e6884eeb185b 0.3s done
2026-07-26T21:08:45.1057671Z #15 extracting sha256:b450eb4b61483e158bba71e0972774dca3356aaccf083b4de394756826786dc3 done
2026-07-26T21:08:45.1059205Z #15 extracting sha256:993b1a5b9814eb890928e53aa844227cd48d62a552cce9d9723401d3f323d7df 0.1s done
2026-07-26T21:08:45.2749429Z #15 extracting sha256:0aa6db834649082ea8d86f41789fce403a69c18bcec5994ceaf0ed4474563c7d
2026-07-26T21:08:45.8751443Z #15 sha256:34eabb9d45bfc2a02673ee3778040c44b0f3b59facbbf51f9c367482821ce92f 18.87MB / 177.89MB 6.2s
2026-07-26T21:08:45.8752438Z #15 extracting sha256:0aa6db834649082ea8d86f41789fce403a69c18bcec5994ceaf0ed4474563c7d 0.7s done
2026-07-26T21:08:48.1257915Z #15 sha256:34eabb9d45bfc2a02673ee3778040c44b0f3b59facbbf51f9c367482821ce92f 29.36MB / 177.89MB 8.4s
2026-07-26T21:08:48.5752965Z #15 sha256:34eabb9d45bfc2a02673ee3778040c44b0f3b59facbbf51f9c367482821ce92f 38.80MB / 177.89MB 8.9s
2026-07-26T21:08:49.0254564Z #15 sha256:34eabb9d45bfc2a02673ee3778040c44b0f3b59facbbf51f9c367482821ce92f 48.23MB / 177.89MB 9.3s
2026-07-26T21:08:49.4748865Z #15 sha256:34eabb9d45bfc2a02673ee3778040c44b0f3b59facbbf51f9c367482821ce92f 58.72MB / 177.89MB 9.8s
2026-07-26T21:08:50.0754853Z #15 sha256:34eabb9d45bfc2a02673ee3778040c44b0f3b59facbbf51f9c367482821ce92f 70.25MB / 177.89MB 10.4s
2026-07-26T21:08:50.5253001Z #15 sha256:34eabb9d45bfc2a02673ee3778040c44b0f3b59facbbf51f9c367482821ce92f 79.69MB / 177.89MB 10.8s
2026-07-26T21:08:50.9752002Z #15 sha256:34eabb9d45bfc2a02673ee3778040c44b0f3b59facbbf51f9c367482821ce92f 89.13MB / 177.89MB 11.3s
2026-07-26T21:08:51.4251866Z #15 sha256:34eabb9d45bfc2a02673ee3778040c44b0f3b59facbbf51f9c367482821ce92f 98.57MB / 177.89MB 11.7s
2026-07-26T21:08:51.8753664Z #15 sha256:34eabb9d45bfc2a02673ee3778040c44b0f3b59facbbf51f9c367482821ce92f 108.00MB / 177.89MB 12.2s
2026-07-26T21:08:52.3250133Z #15 sha256:34eabb9d45bfc2a02673ee3778040c44b0f3b59facbbf51f9c367482821ce92f 118.49MB / 177.89MB 12.6s
2026-07-26T21:08:52.9258659Z #15 sha256:34eabb9d45bfc2a02673ee3778040c44b0f3b59facbbf51f9c367482821ce92f 130.02MB / 177.89MB 13.2s
2026-07-26T21:08:53.3750935Z #15 sha256:34eabb9d45bfc2a02673ee3778040c44b0f3b59facbbf51f9c367482821ce92f 140.51MB / 177.89MB 13.7s
2026-07-26T21:08:53.9756414Z #15 sha256:34eabb9d45bfc2a02673ee3778040c44b0f3b59facbbf51f9c367482821ce92f 152.04MB / 177.89MB 14.3s
2026-07-26T21:08:54.4265615Z #15 sha256:34eabb9d45bfc2a02673ee3778040c44b0f3b59facbbf51f9c367482821ce92f 161.48MB / 177.89MB 14.7s
2026-07-26T21:08:54.8755123Z #15 sha256:34eabb9d45bfc2a02673ee3778040c44b0f3b59facbbf51f9c367482821ce92f 171.97MB / 177.89MB 15.2s
2026-07-26T21:08:55.2935062Z #15 sha256:34eabb9d45bfc2a02673ee3778040c44b0f3b59facbbf51f9c367482821ce92f 177.89MB / 177.89MB 15.6s done
2026-07-26T21:08:55.2935917Z #15 DONE 16.0s
2026-07-26T21:08:55.4458136Z 
2026-07-26T21:08:55.4458838Z #15 [build 5/8] RUN dotnet restore src/Ednsv.Web/Ednsv.Web.csproj
2026-07-26T21:08:55.4460373Z #15 extracting sha256:34eabb9d45bfc2a02673ee3778040c44b0f3b59facbbf51f9c367482821ce92f
2026-07-26T21:08:57.8743865Z #15 extracting sha256:34eabb9d45bfc2a02673ee3778040c44b0f3b59facbbf51f9c367482821ce92f 2.6s done
2026-07-26T21:08:57.8745219Z #15 DONE 18.6s
2026-07-26T21:08:58.0325793Z 
2026-07-26T21:08:58.0326653Z #15 [build 5/8] RUN dotnet restore src/Ednsv.Web/Ednsv.Web.csproj
2026-07-26T21:08:58.0327536Z #15 extracting sha256:ed43dda998e1a0c05efeddc9a24048ad8349ce02697b4db3061250e466b3a059 done
2026-07-26T21:08:58.0328164Z #15 extracting sha256:aaea65f9d3756e15614c6efe86e2006b8fe74af0af07faefdcb6e6001dd705fc
2026-07-26T21:08:58.1454512Z #15 extracting sha256:aaea65f9d3756e15614c6efe86e2006b8fe74af0af07faefdcb6e6001dd705fc 0.3s done
2026-07-26T21:08:58.1455682Z #15 DONE 18.9s
2026-07-26T21:08:58.3124782Z 
2026-07-26T21:08:58.3125411Z #15 [build 5/8] RUN dotnet restore src/Ednsv.Web/Ednsv.Web.csproj
2026-07-26T21:08:58.3126441Z #15 extracting sha256:4d015ec68eada998a41dff557e9be9876100aacfd3adb78c32cccfb1faac8a40 done
2026-07-26T21:08:58.3127473Z #15 extracting sha256:704a261d6a0df1be6f054161284fc14ac0eaa21ceb629676ee3d0dd8ec908988 done
2026-07-26T21:08:58.3128595Z #15 extracting sha256:89f057fbd63d49c61fb415af2773f20380c76d858a5dc95dcdcd0ac198854624 done
2026-07-26T21:08:58.3129383Z #15 extracting sha256:7c7616ad766245be8807f1899bc25fa05f61c48f8079fa36c964d481853af380
2026-07-26T21:08:58.8834733Z #15 extracting sha256:7c7616ad766245be8807f1899bc25fa05f61c48f8079fa36c964d481853af380 0.7s done
2026-07-26T21:08:58.8835579Z #15 DONE 19.6s
2026-07-26T21:08:59.0343331Z 
2026-07-26T21:08:59.0351205Z #16 [build 6/8] COPY src/Ednsv.Core/ src/Ednsv.Core/
2026-07-26T21:09:01.0980795Z #16 DONE 2.2s
2026-07-26T21:09:01.2608635Z 
2026-07-26T21:09:01.2611023Z #17 [build 7/8] COPY src/Ednsv.Web/ src/Ednsv.Web/
2026-07-26T21:09:01.2611726Z #17 DONE 0.0s
2026-07-26T21:09:01.2612229Z 
2026-07-26T21:09:01.2613231Z #18 [build 8/8] RUN dotnet publish src/Ednsv.Web/Ednsv.Web.csproj         --configuration Release         --no-restore         --output /app/publish         /p:UseAppHost=false
2026-07-26T21:09:06.0777423Z #18 4.968   Ednsv.Core -> /src/src/Ednsv.Core/bin/Release/net8.0/Ednsv.Core.dll
2026-07-26T21:09:07.9541110Z #18 6.844   Ednsv.Web -> /src/src/Ednsv.Web/bin/Release/net8.0/Ednsv.Web.dll
2026-07-26T21:09:08.1011702Z #18 6.910   Ednsv.Web -> /app/publish/
2026-07-26T21:09:08.1012484Z #18 DONE 7.0s
2026-07-26T21:09:08.2365102Z 
2026-07-26T21:09:08.2365791Z #19 [runtime 2/3] WORKDIR /app
2026-07-26T21:09:08.2366584Z #19 sha256:30a13c38083b6617b9701d16db3db957591d7d40742407e7c85fdea6d9fc6bdb 93B / 93B 0.1s done
2026-07-26T21:09:08.2367460Z #19 DONE 0.1s
2026-07-26T21:09:08.4091903Z 
2026-07-26T21:09:08.4092390Z #19 [runtime 2/3] WORKDIR /app
2026-07-26T21:09:08.4093220Z #19 extracting sha256:30a13c38083b6617b9701d16db3db957591d7d40742407e7c85fdea6d9fc6bdb done
2026-07-26T21:09:08.4093758Z #19 DONE 0.1s
2026-07-26T21:09:08.4093893Z 
2026-07-26T21:09:08.4094050Z #20 [runtime 3/3] COPY --from=build /app/publish ./
2026-07-26T21:09:08.4094388Z #20 DONE 0.0s
2026-07-26T21:09:08.4094512Z 
2026-07-26T21:09:08.4094606Z #21 exporting to image
2026-07-26T21:09:08.4094847Z #21 exporting layers
2026-07-26T21:09:08.4948804Z #21 exporting layers 0.2s done
2026-07-26T21:09:08.6661659Z #21 exporting manifest sha256:72b644855ebde7ac38a78362c926f84d7cc45de7175154efb5c56577a9bb7662 done
2026-07-26T21:09:08.6662901Z #21 exporting config sha256:486166a77844a397a336308ef8dacb654e71c2c47a1e540325a6e5e3cbbc07a4 done
2026-07-26T21:09:08.6664119Z #21 exporting attestation manifest sha256:5797a6b3ba5997646627390dc9d39e06d2d97a205198951f3634f487138f3a29 done
2026-07-26T21:09:08.6665404Z #21 exporting manifest list sha256:04b1cec0da90d164e5a830b7348d8387db70291c113a14245cc861b777a85ee0 done
2026-07-26T21:09:08.6666228Z #21 pushing layers
2026-07-26T21:09:08.8293619Z #21 ...
2026-07-26T21:09:08.8293838Z 
2026-07-26T21:09:08.8294052Z #22 [auth] pkinerd/ednsv:pull,push token for ghcr.io
2026-07-26T21:09:08.8294503Z #22 DONE 0.0s
2026-07-26T21:09:08.9785763Z 
2026-07-26T21:09:08.9786472Z #23 exporting to GitHub Actions Cache
2026-07-26T21:09:08.9787045Z #23 preparing build cache for export
2026-07-26T21:09:09.0976275Z #23 preparing build cache for export 0.6s done
2026-07-26T21:09:09.0978004Z #23 sending cache export
2026-07-26T21:09:09.5778251Z #23 writing layer sha256:64e12ea61411a4fd0e00a5aded13cedcc3c9e92d8004fec175b25add166689bf
2026-07-26T21:09:10.1415313Z #23 writing layer sha256:64e12ea61411a4fd0e00a5aded13cedcc3c9e92d8004fec175b25add166689bf 0.6s done
2026-07-26T21:09:10.6154402Z #23 writing layer sha256:8f80f07c9e7852a4c4b83097506a3dfa8e8c3b3039a0411d2edc26b8abe01319
2026-07-26T21:09:11.2821599Z #23 writing layer sha256:8f80f07c9e7852a4c4b83097506a3dfa8e8c3b3039a0411d2edc26b8abe01319 0.8s done
2026-07-26T21:09:11.5476368Z #23 writing layer sha256:b993f73e2aa0b722150a8150fc91c9180548546c464835b5d9c2691ed575ed99
2026-07-26T21:09:12.0512097Z #23 writing layer sha256:b993f73e2aa0b722150a8150fc91c9180548546c464835b5d9c2691ed575ed99 0.4s done
2026-07-26T21:09:12.0988718Z #23 writing layer sha256:fe6b9bac4823d295f35d904c49a1872d49cf264c03bce824621c9450df86e818
2026-07-26T21:09:13.1512057Z #23 ...
2026-07-26T21:09:13.1512831Z 
2026-07-26T21:09:13.1512951Z #21 exporting to image
2026-07-26T21:09:13.1513233Z #21 pushing layers 0.2s done
2026-07-26T21:09:13.1514010Z #21 pushing manifest for ghcr.io/pkinerd/ednsv:pr-28@sha256:04b1cec0da90d164e5a830b7348d8387db70291c113a14245cc861b777a85ee0 1.2s done
2026-07-26T21:09:13.1515132Z #21 pushing manifest for ghcr.io/pkinerd/ednsv:latest-any@sha256:04b1cec0da90d164e5a830b7348d8387db70291c113a14245cc861b777a85ee0 0.6s done
2026-07-26T21:09:13.1516244Z #21 pushing manifest for ghcr.io/pkinerd/ednsv:sha-285482a@sha256:04b1cec0da90d164e5a830b7348d8387db70291c113a14245cc861b777a85ee0 0.5s done
2026-07-26T21:09:13.1516958Z #21 DONE 4.9s
2026-07-26T21:09:13.2635939Z 
2026-07-26T21:09:13.2636784Z #23 exporting to GitHub Actions Cache
2026-07-26T21:09:13.2638012Z #23 writing layer sha256:fe6b9bac4823d295f35d904c49a1872d49cf264c03bce824621c9450df86e818 1.2s done
2026-07-26T21:09:13.6078774Z #23 sending cache export 4.5s done
2026-07-26T21:09:13.6079301Z #23 DONE 5.1s
2026-07-26T21:09:13.6378047Z 
2026-07-26T21:09:13.6378583Z #24 resolving provenance for metadata file
2026-07-26T21:09:13.6379171Z #24 DONE 0.0s
2026-07-26T21:09:13.6464151Z ##[group]ImageID
2026-07-26T21:09:13.6464654Z sha256:04b1cec0da90d164e5a830b7348d8387db70291c113a14245cc861b777a85ee0
2026-07-26T21:09:13.6465674Z ##[endgroup]
2026-07-26T21:09:13.6466248Z ##[group]Digest
2026-07-26T21:09:13.6466766Z sha256:04b1cec0da90d164e5a830b7348d8387db70291c113a14245cc861b777a85ee0
2026-07-26T21:09:13.6467622Z ##[endgroup]
2026-07-26T21:09:13.6468060Z ##[group]Metadata
2026-07-26T21:09:13.6471765Z {
2026-07-26T21:09:13.6472272Z   "buildx.build.provenance": {
2026-07-26T21:09:13.6472898Z     "builder": {
2026-07-26T21:09:13.6473703Z       "id": "https://github.com/pkinerd/ednsv/actions/runs/30220417418/attempts/1"
2026-07-26T21:09:13.6474463Z     },
2026-07-26T21:09:13.6474967Z     "buildType": "https://mobyproject.org/buildkit@v1",
2026-07-26T21:09:13.6475561Z     "materials": [
2026-07-26T21:09:13.6476066Z       {
2026-07-26T21:09:13.6476440Z         "uri": "pkg:docker/docker/dockerfile@1.7",
2026-07-26T21:09:13.6476918Z         "digest": {
2026-07-26T21:09:13.6477472Z           "sha256": "a57df69d0ea827fb7266491f2813635de6f17269be881f696fbfdf2d83dda33e"
2026-07-26T21:09:13.6478137Z         }
2026-07-26T21:09:13.6478529Z       },
2026-07-26T21:09:13.6478876Z       {
2026-07-26T21:09:13.6479646Z         "uri": "pkg:docker/mcr.microsoft.com/dotnet/aspnet@8.0?platform=linux%2Famd64",
2026-07-26T21:09:13.6480655Z         "digest": {
2026-07-26T21:09:13.6481375Z           "sha256": "8f6a307ae32fb393a4b4bcde0a81f0ce3f0a715de0e5575df71f3030448f2dde"
2026-07-26T21:09:13.6482153Z         }
2026-07-26T21:09:13.6482474Z       },
2026-07-26T21:09:13.6482793Z       {
2026-07-26T21:09:13.6483356Z         "uri": "pkg:docker/mcr.microsoft.com/dotnet/sdk@8.0?platform=linux%2Famd64",
2026-07-26T21:09:13.6484011Z         "digest": {
2026-07-26T21:09:13.6484713Z           "sha256": "3c0edbfe1549dd93fb789dc96299a40df865ad7bffefcaf38e8c05940686d641"
2026-07-26T21:09:13.6485416Z         }
2026-07-26T21:09:13.6485707Z       }
2026-07-26T21:09:13.6486017Z     ],
2026-07-26T21:09:13.6486321Z     "invocation": {
2026-07-26T21:09:13.6486602Z       "configSource": {
2026-07-26T21:09:13.6487076Z         "entryPoint": "Dockerfile"
2026-07-26T21:09:13.6487324Z       },
2026-07-26T21:09:13.6487530Z       "parameters": {
2026-07-26T21:09:13.6487768Z         "frontend": "gateway.v0",
2026-07-26T21:09:13.6488013Z         "args": {
2026-07-26T21:09:13.6488373Z           "cmdline": "docker/dockerfile:1.7",
2026-07-26T21:09:13.6488773Z           "label:org.opencontainers.image.created": "2026-07-26T21:08:36.606Z",
2026-07-26T21:09:13.6489238Z           "label:org.opencontainers.image.description": "",
2026-07-26T21:09:13.6489623Z           "label:org.opencontainers.image.licenses": "",
2026-07-26T21:09:13.6490493Z           "label:org.opencontainers.image.revision": "285482a46824db34961018a1dddf2b334f67a3fa",
2026-07-26T21:09:13.6491104Z           "label:org.opencontainers.image.source": "https://github.com/pkinerd/ednsv",
2026-07-26T21:09:13.6491812Z           "label:org.opencontainers.image.title": "ednsv",
2026-07-26T21:09:13.6492508Z           "label:org.opencontainers.image.url": "https://github.com/pkinerd/ednsv",
2026-07-26T21:09:13.6493006Z           "label:org.opencontainers.image.version": "pr-28",
2026-07-26T21:09:13.6493344Z           "source": "docker/dockerfile:1.7"
2026-07-26T21:09:13.6493609Z         },
2026-07-26T21:09:13.6493868Z         "locals": [
2026-07-26T21:09:13.6494232Z           {
2026-07-26T21:09:13.6494576Z             "name": "context"
2026-07-26T21:09:13.6494965Z           },
2026-07-26T21:09:13.6495271Z           {
2026-07-26T21:09:13.6495591Z             "name": "dockerfile"
2026-07-26T21:09:13.6495986Z           }
2026-07-26T21:09:13.6496280Z         ],
2026-07-26T21:09:13.6496577Z         "root": {
2026-07-26T21:09:13.6496913Z           "configSource": {
2026-07-26T21:09:13.6497302Z             "path": "Dockerfile"
2026-07-26T21:09:13.6497688Z           },
2026-07-26T21:09:13.6497999Z           "request": {
2026-07-26T21:09:13.6498353Z             "args": {
2026-07-26T21:09:13.6498685Z               "label:org.opencontainers.image.created": "2026-07-26T21:08:36.606Z",
2026-07-26T21:09:13.6499137Z               "label:org.opencontainers.image.description": "",
2026-07-26T21:09:13.6499522Z               "label:org.opencontainers.image.licenses": "",
2026-07-26T21:09:13.6500421Z               "label:org.opencontainers.image.revision": "285482a46824db34961018a1dddf2b334f67a3fa",
2026-07-26T21:09:13.6501483Z               "label:org.opencontainers.image.source": "https://github.com/pkinerd/ednsv",
2026-07-26T21:09:13.6502275Z               "label:org.opencontainers.image.title": "ednsv",
2026-07-26T21:09:13.6503019Z               "label:org.opencontainers.image.url": "https://github.com/pkinerd/ednsv",
2026-07-26T21:09:13.6503816Z               "label:org.opencontainers.image.version": "pr-28",
2026-07-26T21:09:13.6504396Z               "vcs:localdir:context": ".",
2026-07-26T21:09:13.6504876Z               "vcs:localdir:dockerfile": ".",
2026-07-26T21:09:13.6505445Z               "vcs:revision": "285482a46824db34961018a1dddf2b334f67a3fa",
2026-07-26T21:09:13.6506115Z               "vcs:source": "https://github.com/pkinerd/ednsv"
2026-07-26T21:09:13.6506648Z             }
2026-07-26T21:09:13.6506961Z           }
2026-07-26T21:09:13.6507173Z         },
2026-07-26T21:09:13.6507375Z         "compatibilityVersion": 30
2026-07-26T21:09:13.6507786Z       },
2026-07-26T21:09:13.6507980Z       "environment": {
2026-07-26T21:09:13.6508205Z         "github_actor": "pkinerd",
2026-07-26T21:09:13.6508460Z         "github_actor_id": "169779439",
2026-07-26T21:09:13.6508858Z         "github_event_name": "pull_request",
2026-07-26T21:09:13.6509347Z         "github_event_payload": {
2026-07-26T21:09:13.6509632Z           "action": "synchronize",
2026-07-26T21:09:13.6510274Z           "after": "9012533888b63a2e30bc7d7b70f133be52c53278",
2026-07-26T21:09:13.6510909Z           "before": "8aec55c34eafcc475aa08c611bc802828593b885",
2026-07-26T21:09:13.6511308Z           "number": 28,
2026-07-26T21:09:13.6511531Z           "pull_request": {
2026-07-26T21:09:13.6511760Z             "_links": {
2026-07-26T21:09:13.6512173Z               "comments": {
2026-07-26T21:09:13.6512533Z                 "href": "https://api.github.com/repos/pkinerd/ednsv/issues/28/comments"
2026-07-26T21:09:13.6512927Z               },
2026-07-26T21:09:13.6513130Z               "commits": {
2026-07-26T21:09:13.6513579Z                 "href": "https://api.github.com/repos/pkinerd/ednsv/pulls/28/commits"
2026-07-26T21:09:13.6513960Z               },
2026-07-26T21:09:13.6514159Z               "html": {
2026-07-26T21:09:13.6514431Z                 "href": "https://github.com/pkinerd/ednsv/pull/28"
2026-07-26T21:09:13.6514736Z               },
2026-07-26T21:09:13.6514925Z               "issue": {
2026-07-26T21:09:13.6515228Z                 "href": "https://api.github.com/repos/pkinerd/ednsv/issues/28"
2026-07-26T21:09:13.6515569Z               },
2026-07-26T21:09:13.6515764Z               "review_comment": {
2026-07-26T21:09:13.6516186Z                 "href": "https://api.github.com/repos/pkinerd/ednsv/pulls/comments{/number}"
2026-07-26T21:09:13.6516583Z               },
2026-07-26T21:09:13.6516804Z               "review_comments": {
2026-07-26T21:09:13.6517171Z                 "href": "https://api.github.com/repos/pkinerd/ednsv/pulls/28/comments"
2026-07-26T21:09:13.6517556Z               },
2026-07-26T21:09:13.6517746Z               "self": {
2026-07-26T21:09:13.6518039Z                 "href": "https://api.github.com/repos/pkinerd/ednsv/pulls/28"
2026-07-26T21:09:13.6518394Z               },
2026-07-26T21:09:13.6518622Z               "statuses": {
2026-07-26T21:09:13.6519123Z                 "href": "https://api.github.com/repos/pkinerd/ednsv/statuses/9012533888b63a2e30bc7d7b70f133be52c53278"
2026-07-26T21:09:13.6519644Z               }
2026-07-26T21:09:13.6520106Z             },
2026-07-26T21:09:13.6520393Z             "active_lock_reason": null,
2026-07-26T21:09:13.6520660Z             "additions": 8690,
2026-07-26T21:09:13.6520891Z             "assignee": null,
2026-07-26T21:09:13.6521149Z             "assignees": [],
2026-07-26T21:09:13.6521417Z             "author_association": "OWNER",
2026-07-26T21:09:13.6521704Z             "auto_merge": null,
2026-07-26T21:09:13.6521938Z             "base": {
2026-07-26T21:09:13.6522175Z               "label": "pkinerd:main",
2026-07-26T21:09:13.6522452Z               "ref": "main",
2026-07-26T21:09:13.6522695Z               "repo": {
2026-07-26T21:09:13.6522942Z                 "allow_auto_merge": false,
2026-07-26T21:09:13.6523245Z                 "allow_forking": true,
2026-07-26T21:09:13.6523544Z                 "allow_merge_commit": true,
2026-07-26T21:09:13.6523823Z                 "allow_rebase_merge": true,
2026-07-26T21:09:13.6524111Z                 "allow_squash_merge": true,
2026-07-26T21:09:13.6524412Z                 "allow_update_branch": false,
2026-07-26T21:09:13.6524852Z                 "archive_url": "https://api.github.com/repos/pkinerd/ednsv/{archive_format}{/ref}",
2026-07-26T21:09:13.6525317Z                 "archived": false,
2026-07-26T21:09:13.6525714Z                 "assignees_url": "https://api.github.com/repos/pkinerd/ednsv/assignees{/user}",
2026-07-26T21:09:13.6526258Z                 "blobs_url": "https://api.github.com/repos/pkinerd/ednsv/git/blobs{/sha}",
2026-07-26T21:09:13.6526846Z                 "branches_url": "https://api.github.com/repos/pkinerd/ednsv/branches{/branch}",
2026-07-26T21:09:13.6527436Z                 "clone_url": "https://github.com/pkinerd/ednsv.git",
2026-07-26T21:09:13.6528096Z                 "collaborators_url": "https://api.github.com/repos/pkinerd/ednsv/collaborators{/collaborator}",
2026-07-26T21:09:13.6528769Z                 "comments_url": "https://api.github.com/repos/pkinerd/ednsv/comments{/number}",
2026-07-26T21:09:13.6529371Z                 "commits_url": "https://api.github.com/repos/pkinerd/ednsv/commits{/sha}",
2026-07-26T21:09:13.6530216Z                 "compare_url": "https://api.github.com/repos/pkinerd/ednsv/compare/{base}...{head}",
2026-07-26T21:09:13.6530885Z                 "contents_url": "https://api.github.com/repos/pkinerd/ednsv/contents/{+path}",
2026-07-26T21:09:13.6531654Z                 "contributors_url": "https://api.github.com/repos/pkinerd/ednsv/contributors",
2026-07-26T21:09:13.6532134Z                 "created_at": "2026-03-30T21:24:40Z",
2026-07-26T21:09:13.6532575Z                 "default_branch": "main",
2026-07-26T21:09:13.6532886Z                 "delete_branch_on_merge": false,
2026-07-26T21:09:13.6533345Z                 "deployments_url": "https://api.github.com/repos/pkinerd/ednsv/deployments",
2026-07-26T21:09:13.6533783Z                 "description": null,
2026-07-26T21:09:13.6534057Z                 "disabled": false,
2026-07-26T21:09:13.6534459Z                 "downloads_url": "https://api.github.com/repos/pkinerd/ednsv/downloads",
2026-07-26T21:09:13.6534981Z                 "events_url": "https://api.github.com/repos/pkinerd/ednsv/events",
2026-07-26T21:09:13.6535370Z                 "fork": false,
2026-07-26T21:09:13.6535622Z                 "forks": 0,
2026-07-26T21:09:13.6535877Z                 "forks_count": 0,
2026-07-26T21:09:13.6536233Z                 "forks_url": "https://api.github.com/repos/pkinerd/ednsv/forks",
2026-07-26T21:09:13.6536630Z                 "full_name": "pkinerd/ednsv",
2026-07-26T21:09:13.6537103Z                 "git_commits_url": "https://api.github.com/repos/pkinerd/ednsv/git/commits{/sha}",
2026-07-26T21:09:13.6537711Z                 "git_refs_url": "https://api.github.com/repos/pkinerd/ednsv/git/refs{/sha}",
2026-07-26T21:09:13.6538274Z                 "git_tags_url": "https://api.github.com/repos/pkinerd/ednsv/git/tags{/sha}",
2026-07-26T21:09:13.6538742Z                 "git_url": "git://github.com/pkinerd/ednsv.git",
2026-07-26T21:09:13.6539087Z                 "has_discussions": false,
2026-07-26T21:09:13.6539382Z                 "has_downloads": false,
2026-07-26T21:09:13.6539665Z                 "has_issues": true,
2026-07-26T21:09:13.6540188Z                 "has_pages": false,
2026-07-26T21:09:13.6540467Z                 "has_projects": true,
2026-07-26T21:09:13.6540763Z                 "has_pull_requests": true,
2026-07-26T21:09:13.6541050Z                 "has_wiki": true,
2026-07-26T21:09:13.6541314Z                 "homepage": null,
2026-07-26T21:09:13.6541673Z                 "hooks_url": "https://api.github.com/repos/pkinerd/ednsv/hooks",
2026-07-26T21:09:13.6542132Z                 "html_url": "https://github.com/pkinerd/ednsv",
2026-07-26T21:09:13.6542459Z                 "id": 1196602452,
2026-07-26T21:09:13.6542720Z                 "is_template": false,
2026-07-26T21:09:13.6543204Z                 "issue_comment_url": "https://api.github.com/repos/pkinerd/ednsv/issues/comments{/number}",
2026-07-26T21:09:13.6543874Z                 "issue_events_url": "https://api.github.com/repos/pkinerd/ednsv/issues/events{/number}",
2026-07-26T21:09:13.6544484Z                 "issues_url": "https://api.github.com/repos/pkinerd/ednsv/issues{/number}",
2026-07-26T21:09:13.6545032Z                 "keys_url": "https://api.github.com/repos/pkinerd/ednsv/keys{/key_id}",
2026-07-26T21:09:13.6545576Z                 "labels_url": "https://api.github.com/repos/pkinerd/ednsv/labels{/name}",
2026-07-26T21:09:13.6545991Z                 "language": "C#",
2026-07-26T21:09:13.6546391Z                 "languages_url": "https://api.github.com/repos/pkinerd/ednsv/languages",
2026-07-26T21:09:13.6546805Z                 "license": null,
2026-07-26T21:09:13.6547087Z                 "merge_commit_message": "PR_TITLE",
2026-07-26T21:09:13.6547421Z                 "merge_commit_title": "MERGE_MESSAGE",
2026-07-26T21:09:13.6547845Z                 "merges_url": "https://api.github.com/repos/pkinerd/ednsv/merges",
2026-07-26T21:09:13.6548409Z                 "milestones_url": "https://api.github.com/repos/pkinerd/ednsv/milestones{/number}",
2026-07-26T21:09:13.6548866Z                 "mirror_url": null,
2026-07-26T21:09:13.6549130Z                 "name": "ednsv",
2026-07-26T21:09:13.6549392Z                 "node_id": "R_kgDOR1K0VA",
2026-07-26T21:09:13.6550203Z                 "notifications_url": "https://api.github.com/repos/pkinerd/ednsv/notifications{?since,all,participating}",
2026-07-26T21:09:13.6550969Z                 "open_issues": 1,
2026-07-26T21:09:13.6551243Z                 "open_issues_count": 1,
2026-07-26T21:09:13.6551627Z                 "owner": {
2026-07-26T21:09:13.6551998Z                   "avatar_url": "https://avatars.githubusercontent.com/u/169779439?v=4",
2026-07-26T21:09:13.6552600Z                   "events_url": "https://api.github.com/users/pkinerd/events{/privacy}",
2026-07-26T21:09:13.6553239Z                   "followers_url": "https://api.github.com/users/pkinerd/followers",
2026-07-26T21:09:13.6554077Z                   "following_url": "https://api.github.com/users/pkinerd/following{/other_user}",
2026-07-26T21:09:13.6554754Z                   "gists_url": "https://api.github.com/users/pkinerd/gists{/gist_id}",
2026-07-26T21:09:13.6555348Z                   "gravatar_id": "",
2026-07-26T21:09:13.6555799Z                   "html_url": "https://github.com/pkinerd",
2026-07-26T21:09:13.6556258Z                   "id": 169779439,
2026-07-26T21:09:13.6556712Z                   "login": "pkinerd",
2026-07-26T21:09:13.6573069Z                   "node_id": "U_kgDOCh6g7w",
2026-07-26T21:09:13.6573627Z                   "organizations_url": "https://api.github.com/users/pkinerd/orgs",
2026-07-26T21:09:13.6574212Z                   "received_events_url": "https://api.github.com/users/pkinerd/received_events",
2026-07-26T21:09:13.6574733Z                   "repos_url": "https://api.github.com/users/pkinerd/repos",
2026-07-26T21:09:13.6575093Z                   "site_admin": false,
2026-07-26T21:09:13.6575504Z                   "starred_url": "https://api.github.com/users/pkinerd/starred{/owner}{/repo}",
2026-07-26T21:09:13.6576051Z                   "subscriptions_url": "https://api.github.com/users/pkinerd/subscriptions",
2026-07-26T21:09:13.6576460Z                   "type": "User",
2026-07-26T21:09:13.6576754Z                   "url": "https://api.github.com/users/pkinerd",
2026-07-26T21:09:13.6577086Z                   "user_view_type": "public"
2026-07-26T21:09:13.6577355Z                 },
2026-07-26T21:09:13.6577566Z                 "private": false,
2026-07-26T21:09:13.6577848Z                 "pull_request_creation_policy": "all",
2026-07-26T21:09:13.6578476Z                 "pulls_url": "https://api.github.com/repos/pkinerd/ednsv/pulls{/number}",
2026-07-26T21:09:13.6579080Z                 "pushed_at": "2026-07-26T21:07:21Z",
2026-07-26T21:09:13.6579750Z                 "releases_url": "https://api.github.com/repos/pkinerd/ednsv/releases{/id}",
2026-07-26T21:09:13.6580810Z                 "size": 41137,
2026-07-26T21:09:13.6581207Z                 "squash_merge_commit_message": "COMMIT_MESSAGES",
2026-07-26T21:09:13.6581573Z                 "squash_merge_commit_title": "COMMIT_OR_PR_TITLE",
2026-07-26T21:09:13.6581931Z                 "ssh_url": "git@github.com:pkinerd/ednsv.git",
2026-07-26T21:09:13.6582247Z                 "stargazers_count": 0,
2026-07-26T21:09:13.6582642Z                 "stargazers_url": "https://api.github.com/repos/pkinerd/ednsv/stargazers",
2026-07-26T21:09:13.6583174Z                 "statuses_url": "https://api.github.com/repos/pkinerd/ednsv/statuses/{sha}",
2026-07-26T21:09:13.6583708Z                 "subscribers_url": "https://api.github.com/repos/pkinerd/ednsv/subscribers",
2026-07-26T21:09:13.6584249Z                 "subscription_url": "https://api.github.com/repos/pkinerd/ednsv/subscription",
2026-07-26T21:09:13.6584706Z                 "svn_url": "https://github.com/pkinerd/ednsv",
2026-07-26T21:09:13.6585095Z                 "tags_url": "https://api.github.com/repos/pkinerd/ednsv/tags",
2026-07-26T21:09:13.6585538Z                 "teams_url": "https://api.github.com/repos/pkinerd/ednsv/teams",
2026-07-26T21:09:13.6585910Z                 "topics": [],
2026-07-26T21:09:13.6586262Z                 "trees_url": "https://api.github.com/repos/pkinerd/ednsv/git/trees{/sha}",
2026-07-26T21:09:13.6586676Z                 "updated_at": "2026-07-24T14:18:46Z",
2026-07-26T21:09:13.6587258Z                 "url": "https://api.github.com/repos/pkinerd/ednsv",
2026-07-26T21:09:13.6587619Z                 "use_squash_pr_title_as_default": false,
2026-07-26T21:09:13.6587931Z                 "visibility": "public",
2026-07-26T21:09:13.6588338Z                 "watchers": 0,
2026-07-26T21:09:13.6588581Z                 "watchers_count": 0,
2026-07-26T21:09:13.6588858Z                 "web_commit_signoff_required": false
2026-07-26T21:09:13.6589132Z               },
2026-07-26T21:09:13.6589374Z               "sha": "0907a58f50a6c98d23ae466ed31c3a0c15264622",
2026-07-26T21:09:13.6589674Z               "user": {
2026-07-26T21:09:13.6590357Z                 "avatar_url": "https://avatars.githubusercontent.com/u/169779439?v=4",
2026-07-26T21:09:13.6590890Z                 "events_url": "https://api.github.com/users/pkinerd/events{/privacy}",
2026-07-26T21:09:13.6591374Z                 "followers_url": "https://api.github.com/users/pkinerd/followers",
2026-07-26T21:09:13.6591896Z                 "following_url": "https://api.github.com/users/pkinerd/following{/other_user}",
2026-07-26T21:09:13.6592445Z                 "gists_url": "https://api.github.com/users/pkinerd/gists{/gist_id}",
2026-07-26T21:09:13.6592831Z                 "gravatar_id": "",
2026-07-26T21:09:13.6593118Z                 "html_url": "https://github.com/pkinerd",
2026-07-26T21:09:13.6593422Z                 "id": 169779439,
2026-07-26T21:09:13.6593664Z                 "login": "pkinerd",
2026-07-26T21:09:13.6593926Z                 "node_id": "U_kgDOCh6g7w",
2026-07-26T21:09:13.6594336Z                 "organizations_url": "https://api.github.com/users/pkinerd/orgs",
2026-07-26T21:09:13.6594851Z                 "received_events_url": "https://api.github.com/users/pkinerd/received_events",
2026-07-26T21:09:13.6595329Z                 "repos_url": "https://api.github.com/users/pkinerd/repos",
2026-07-26T21:09:13.6595673Z                 "site_admin": false,
2026-07-26T21:09:13.6596061Z                 "starred_url": "https://api.github.com/users/pkinerd/starred{/owner}{/repo}",
2026-07-26T21:09:13.6596594Z                 "subscriptions_url": "https://api.github.com/users/pkinerd/subscriptions",
2026-07-26T21:09:13.6596995Z                 "type": "User",
2026-07-26T21:09:13.6597283Z                 "url": "https://api.github.com/users/pkinerd",
2026-07-26T21:09:13.6597602Z                 "user_view_type": "public"
2026-07-26T21:09:13.6597856Z               }
2026-07-26T21:09:13.6598045Z             },
2026-07-26T21:09:13.6614640Z             "body": "Four defects in the same family — file writes that assume they are the\nonly writer, and a read that destroys data when it fails.\n\n1. Fixed temp-file paths. Six write sites built their scratch file as\n   \"<target>.tmp\": ConfigService (config.json, revision bodies, the\n   history index), AuthService (users.json) and DiskCacheService (the\n   eleven merge-saved cache files, domain-results.json). The rename is\n   atomic, but the scratch path is shared state — two writers (two\n   replicas on one mount, a CLI run alongside the web service) truncate\n   and interleave into it, after which one rename publishes the mixture\n   and the other throws FileNotFoundException because the temp has\n   already been moved away. In ConfigService and AuthService that\n   exception escapes a save request as a 500.\n\n   Adds AtomicFile, which writes through a per-write unique temp name,\n   removes its scratch file when a write fails, and sweeps orphans left\n   by a killed process. The sweep is age-gated so it cannot delete a\n   temp belonging to an in-flight write. Concurrent writers still race\n   to publish and the last rename wins — the callers already assume\n   that — but the target is now always exactly one writer's complete\n   payload.\n\n   DiskCacheService.Clear and the startup load sweep the new names as\n   well as the legacy fixed one.\n\n2. ConfigService.LoadOrSeed overwrote a live config on a transient read\n   error. Any failure to read or parse an existing config.json fell\n   through to the seed path, which writes to disk — so a momentary I/O\n   error or sharing violation silently replaced the operator's saved\n   settings with env-var defaults and recorded that as a revision. It\n   now throws ConfigUnreadableException and the web host fails closed\n   with a clear message. An empty file still seeds, since there is\n   nothing to lose.\n\n3. CacheManager.ClearAllAsync deleted the cache files without holding\n   the flusher's lock. A flush that had already sampled the in-memory\n   caches would finish writing them out after the delete, so an admin\n   cache-clear reported success and the stale entries reappeared on\n   disk. The delete now runs under the same semaphore as the flush.\n\n4. CacheManager.FlushAsync bypassed all serialisation when no\n   background flusher exists (CLI runs), leaving concurrent saves free\n   to interleave read-modify-write on each cache file. It now takes a\n   local lock.\n\nAdds AtomicFileTests and CacheManagerClearTests, and extends\nConfigServiceTests and DiskCacheClearTests. The two concurrency tests\nwere verified to fail against the old fixed-name implementation.\n\nCo-Authored-By: Claude Opus 5 <noreply@anthropic.com>\nClaude-Session: https://claude.ai/code/session_01611PR4pvQSGB1t9K3hNAwE",
2026-07-26T21:09:13.6624796Z             "changed_files": 59,
2026-07-26T21:09:13.6625056Z             "closed_at": null,
2026-07-26T21:09:13.6625292Z             "comments": 0,
2026-07-26T21:09:13.6625672Z             "comments_url": "https://api.github.com/repos/pkinerd/ednsv/issues/28/comments",
2026-07-26T21:09:13.6626090Z             "commits": 32,
2026-07-26T21:09:13.6626441Z             "commits_url": "https://api.github.com/repos/pkinerd/ednsv/pulls/28/commits",
2026-07-26T21:09:13.6626855Z             "created_at": "2026-07-26T02:03:41Z",
2026-07-26T21:09:13.6627133Z             "deletions": 1101,
2026-07-26T21:09:13.6627442Z             "diff_url": "https://github.com/pkinerd/ednsv/pull/28.diff",
2026-07-26T21:09:13.6627804Z             "draft": false,
2026-07-26T21:09:13.6628023Z             "head": {
2026-07-26T21:09:13.6628316Z               "label": "pkinerd:claude/redis-dependency-removal-213elh",
2026-07-26T21:09:13.6628720Z               "ref": "claude/redis-dependency-removal-213elh",
2026-07-26T21:09:13.6629029Z               "repo": {
2026-07-26T21:09:13.6629254Z                 "allow_auto_merge": false,
2026-07-26T21:09:13.6629529Z                 "allow_forking": true,
2026-07-26T21:09:13.6629790Z                 "allow_merge_commit": true,
2026-07-26T21:09:13.6630426Z                 "allow_rebase_merge": true,
2026-07-26T21:09:13.6630761Z                 "allow_squash_merge": true,
2026-07-26T21:09:13.6631053Z                 "allow_update_branch": false,
2026-07-26T21:09:13.6631487Z                 "archive_url": "https://api.github.com/repos/pkinerd/ednsv/{archive_format}{/ref}",
2026-07-26T21:09:13.6631918Z                 "archived": false,
2026-07-26T21:09:13.6632304Z                 "assignees_url": "https://api.github.com/repos/pkinerd/ednsv/assignees{/user}",
2026-07-26T21:09:13.6632843Z                 "blobs_url": "https://api.github.com/repos/pkinerd/ednsv/git/blobs{/sha}",
2026-07-26T21:09:13.6633379Z                 "branches_url": "https://api.github.com/repos/pkinerd/ednsv/branches{/branch}",
2026-07-26T21:09:13.6633849Z                 "clone_url": "https://github.com/pkinerd/ednsv.git",
2026-07-26T21:09:13.6634377Z                 "collaborators_url": "https://api.github.com/repos/pkinerd/ednsv/collaborators{/collaborator}",
2026-07-26T21:09:13.6634984Z                 "comments_url": "https://api.github.com/repos/pkinerd/ednsv/comments{/number}",
2026-07-26T21:09:13.6635511Z                 "commits_url": "https://api.github.com/repos/pkinerd/ednsv/commits{/sha}",
2026-07-26T21:09:13.6636060Z                 "compare_url": "https://api.github.com/repos/pkinerd/ednsv/compare/{base}...{head}",
2026-07-26T21:09:13.6636624Z                 "contents_url": "https://api.github.com/repos/pkinerd/ednsv/contents/{+path}",
2026-07-26T21:09:13.6637325Z                 "contributors_url": "https://api.github.com/repos/pkinerd/ednsv/contributors",
2026-07-26T21:09:13.6637758Z                 "created_at": "2026-03-30T21:24:40Z",
2026-07-26T21:09:13.6638154Z                 "default_branch": "main",
2026-07-26T21:09:13.6638439Z                 "delete_branch_on_merge": false,
2026-07-26T21:09:13.6638849Z                 "deployments_url": "https://api.github.com/repos/pkinerd/ednsv/deployments",
2026-07-26T21:09:13.6639258Z                 "description": null,
2026-07-26T21:09:13.6639512Z                 "disabled": false,
2026-07-26T21:09:13.6640105Z                 "downloads_url": "https://api.github.com/repos/pkinerd/ednsv/downloads",
2026-07-26T21:09:13.6640634Z                 "events_url": "https://api.github.com/repos/pkinerd/ednsv/events",
2026-07-26T21:09:13.6641017Z                 "fork": false,
2026-07-26T21:09:13.6641252Z                 "forks": 0,
2026-07-26T21:09:13.6641487Z                 "forks_count": 0,
2026-07-26T21:09:13.6641828Z                 "forks_url": "https://api.github.com/repos/pkinerd/ednsv/forks",
2026-07-26T21:09:13.6642211Z                 "full_name": "pkinerd/ednsv",
2026-07-26T21:09:13.6642645Z                 "git_commits_url": "https://api.github.com/repos/pkinerd/ednsv/git/commits{/sha}",
2026-07-26T21:09:13.6643195Z                 "git_refs_url": "https://api.github.com/repos/pkinerd/ednsv/git/refs{/sha}",
2026-07-26T21:09:13.6643713Z                 "git_tags_url": "https://api.github.com/repos/pkinerd/ednsv/git/tags{/sha}",
2026-07-26T21:09:13.6644157Z                 "git_url": "git://github.com/pkinerd/ednsv.git",
2026-07-26T21:09:13.6644478Z                 "has_discussions": false,
2026-07-26T21:09:13.6644753Z                 "has_downloads": false,
2026-07-26T21:09:13.6645017Z                 "has_issues": true,
2026-07-26T21:09:13.6645265Z                 "has_pages": false,
2026-07-26T21:09:13.6645514Z                 "has_projects": true,
2026-07-26T21:09:13.6645783Z                 "has_pull_requests": true,
2026-07-26T21:09:13.6646047Z                 "has_wiki": true,
2026-07-26T21:09:13.6646290Z                 "homepage": null,
2026-07-26T21:09:13.6646629Z                 "hooks_url": "https://api.github.com/repos/pkinerd/ednsv/hooks",
2026-07-26T21:09:13.6647047Z                 "html_url": "https://github.com/pkinerd/ednsv",
2026-07-26T21:09:13.6647359Z                 "id": 1196602452,
2026-07-26T21:09:13.6647596Z                 "is_template": false,
2026-07-26T21:09:13.6648033Z                 "issue_comment_url": "https://api.github.com/repos/pkinerd/ednsv/issues/comments{/number}",
2026-07-26T21:09:13.6648663Z                 "issue_events_url": "https://api.github.com/repos/pkinerd/ednsv/issues/events{/number}",
2026-07-26T21:09:13.6649230Z                 "issues_url": "https://api.github.com/repos/pkinerd/ednsv/issues{/number}",
2026-07-26T21:09:13.6649741Z                 "keys_url": "https://api.github.com/repos/pkinerd/ednsv/keys{/key_id}",
2026-07-26T21:09:13.6650555Z                 "labels_url": "https://api.github.com/repos/pkinerd/ednsv/labels{/name}",
2026-07-26T21:09:13.6650957Z                 "language": "C#",
2026-07-26T21:09:13.6651321Z                 "languages_url": "https://api.github.com/repos/pkinerd/ednsv/languages",
2026-07-26T21:09:13.6651713Z                 "license": null,
2026-07-26T21:09:13.6651978Z                 "merge_commit_message": "PR_TITLE",
2026-07-26T21:09:13.6652289Z                 "merge_commit_title": "MERGE_MESSAGE",
2026-07-26T21:09:13.6652671Z                 "merges_url": "https://api.github.com/repos/pkinerd/ednsv/merges",
2026-07-26T21:09:13.6653196Z                 "milestones_url": "https://api.github.com/repos/pkinerd/ednsv/milestones{/number}",
2026-07-26T21:09:13.6653628Z                 "mirror_url": null,
2026-07-26T21:09:13.6653871Z                 "name": "ednsv",
2026-07-26T21:09:13.6654115Z                 "node_id": "R_kgDOR1K0VA",
2026-07-26T21:09:13.6654635Z                 "notifications_url": "https://api.github.com/repos/pkinerd/ednsv/notifications{?since,all,participating}",
2026-07-26T21:09:13.6655341Z                 "open_issues": 1,
2026-07-26T21:09:13.6655591Z                 "open_issues_count": 1,
2026-07-26T21:09:13.6655954Z                 "owner": {
2026-07-26T21:09:13.6656305Z                   "avatar_url": "https://avatars.githubusercontent.com/u/169779439?v=4",
2026-07-26T21:09:13.6656809Z                   "events_url": "https://api.github.com/users/pkinerd/events{/privacy}",
2026-07-26T21:09:13.6657290Z                   "followers_url": "https://api.github.com/users/pkinerd/followers",
2026-07-26T21:09:13.6657803Z                   "following_url": "https://api.github.com/users/pkinerd/following{/other_user}",
2026-07-26T21:09:13.6658331Z                   "gists_url": "https://api.github.com/users/pkinerd/gists{/gist_id}",
2026-07-26T21:09:13.6658712Z                   "gravatar_id": "",
2026-07-26T21:09:13.6659005Z                   "html_url": "https://github.com/pkinerd",
2026-07-26T21:09:13.6659316Z                   "id": 169779439,
2026-07-26T21:09:13.6659564Z                   "login": "pkinerd",
2026-07-26T21:09:13.6660014Z                   "node_id": "U_kgDOCh6g7w",
2026-07-26T21:09:13.6660519Z                   "organizations_url": "https://api.github.com/users/pkinerd/orgs",
2026-07-26T21:09:13.6661035Z                   "received_events_url": "https://api.github.com/users/pkinerd/received_events",
2026-07-26T21:09:13.6661529Z                   "repos_url": "https://api.github.com/users/pkinerd/repos",
2026-07-26T21:09:13.6661880Z                   "site_admin": false,
2026-07-26T21:09:13.6662272Z                   "starred_url": "https://api.github.com/users/pkinerd/starred{/owner}{/repo}",
2026-07-26T21:09:13.6662809Z                   "subscriptions_url": "https://api.github.com/users/pkinerd/subscriptions",
2026-07-26T21:09:13.6663209Z                   "type": "User",
2026-07-26T21:09:13.6663493Z                   "url": "https://api.github.com/users/pkinerd",
2026-07-26T21:09:13.6663817Z                   "user_view_type": "public"
2026-07-26T21:09:13.6664072Z                 },
2026-07-26T21:09:13.6664276Z                 "private": false,
2026-07-26T21:09:13.6664544Z                 "pull_request_creation_policy": "all",
2026-07-26T21:09:13.6664958Z                 "pulls_url": "https://api.github.com/repos/pkinerd/ednsv/pulls{/number}",
2026-07-26T21:09:13.6665372Z                 "pushed_at": "2026-07-26T21:07:21Z",
2026-07-26T21:09:13.6665774Z                 "releases_url": "https://api.github.com/repos/pkinerd/ednsv/releases{/id}",
2026-07-26T21:09:13.6666174Z                 "size": 41137,
2026-07-26T21:09:13.6666452Z                 "squash_merge_commit_message": "COMMIT_MESSAGES",
2026-07-26T21:09:13.6666817Z                 "squash_merge_commit_title": "COMMIT_OR_PR_TITLE",
2026-07-26T21:09:13.6667172Z                 "ssh_url": "git@github.com:pkinerd/ednsv.git",
2026-07-26T21:09:13.6667486Z                 "stargazers_count": 0,
2026-07-26T21:09:13.6667873Z                 "stargazers_url": "https://api.github.com/repos/pkinerd/ednsv/stargazers",
2026-07-26T21:09:13.6668403Z                 "statuses_url": "https://api.github.com/repos/pkinerd/ednsv/statuses/{sha}",
2026-07-26T21:09:13.6668938Z                 "subscribers_url": "https://api.github.com/repos/pkinerd/ednsv/subscribers",
2026-07-26T21:09:13.6669478Z                 "subscription_url": "https://api.github.com/repos/pkinerd/ednsv/subscription",
2026-07-26T21:09:13.6670236Z                 "svn_url": "https://github.com/pkinerd/ednsv",
2026-07-26T21:09:13.6670766Z                 "tags_url": "https://api.github.com/repos/pkinerd/ednsv/tags",
2026-07-26T21:09:13.6671220Z                 "teams_url": "https://api.github.com/repos/pkinerd/ednsv/teams",
2026-07-26T21:09:13.6671584Z                 "topics": [],
2026-07-26T21:09:13.6671944Z                 "trees_url": "https://api.github.com/repos/pkinerd/ednsv/git/trees{/sha}",
2026-07-26T21:09:13.6672361Z                 "updated_at": "2026-07-24T14:18:46Z",
2026-07-26T21:09:13.6672852Z                 "url": "https://api.github.com/repos/pkinerd/ednsv",
2026-07-26T21:09:13.6673208Z                 "use_squash_pr_title_as_default": false,
2026-07-26T21:09:13.6673506Z                 "visibility": "public",
2026-07-26T21:09:13.6673870Z                 "watchers": 0,
2026-07-26T21:09:13.6674109Z                 "watchers_count": 0,
2026-07-26T21:09:13.6674382Z                 "web_commit_signoff_required": false
2026-07-26T21:09:13.6674654Z               },
2026-07-26T21:09:13.6674891Z               "sha": "9012533888b63a2e30bc7d7b70f133be52c53278",
2026-07-26T21:09:13.6675190Z               "user": {
2026-07-26T21:09:13.6675515Z                 "avatar_url": "https://avatars.githubusercontent.com/u/169779439?v=4",
2026-07-26T21:09:13.6676012Z                 "events_url": "https://api.github.com/users/pkinerd/events{/privacy}",
2026-07-26T21:09:13.6676492Z                 "followers_url": "https://api.github.com/users/pkinerd/followers",
2026-07-26T21:09:13.6677007Z                 "following_url": "https://api.github.com/users/pkinerd/following{/other_user}",
2026-07-26T21:09:13.6677516Z                 "gists_url": "https://api.github.com/users/pkinerd/gists{/gist_id}",
2026-07-26T21:09:13.6677894Z                 "gravatar_id": "",
2026-07-26T21:09:13.6678175Z                 "html_url": "https://github.com/pkinerd",
2026-07-26T21:09:13.6678470Z                 "id": 169779439,
2026-07-26T21:09:13.6678706Z                 "login": "pkinerd",
2026-07-26T21:09:13.6678961Z                 "node_id": "U_kgDOCh6g7w",
2026-07-26T21:09:13.6679326Z                 "organizations_url": "https://api.github.com/users/pkinerd/orgs",
2026-07-26T21:09:13.6679838Z                 "received_events_url": "https://api.github.com/users/pkinerd/received_events",
2026-07-26T21:09:13.6680472Z                 "repos_url": "https://api.github.com/users/pkinerd/repos",
2026-07-26T21:09:13.6680817Z                 "site_admin": false,
2026-07-26T21:09:13.6681203Z                 "starred_url": "https://api.github.com/users/pkinerd/starred{/owner}{/repo}",
2026-07-26T21:09:13.6681741Z                 "subscriptions_url": "https://api.github.com/users/pkinerd/subscriptions",
2026-07-26T21:09:13.6682143Z                 "type": "User",
2026-07-26T21:09:13.6682428Z                 "url": "https://api.github.com/users/pkinerd",
2026-07-26T21:09:13.6682743Z                 "user_view_type": "public"
2026-07-26T21:09:13.6682994Z               }
2026-07-26T21:09:13.6683181Z             },
2026-07-26T21:09:13.6683438Z             "html_url": "https://github.com/pkinerd/ednsv/pull/28",
2026-07-26T21:09:13.6683762Z             "id": 4134707627,
2026-07-26T21:09:13.6684092Z             "issue_url": "https://api.github.com/repos/pkinerd/ednsv/issues/28",
2026-07-26T21:09:13.6684458Z             "labels": [],
2026-07-26T21:09:13.6684676Z             "locked": false,
2026-07-26T21:09:13.6684915Z             "maintainer_can_modify": false,
2026-07-26T21:09:13.6685263Z             "merge_commit_sha": "b1c350925f4e4b6e1a5d6b353bdb92d163fee22c",
2026-07-26T21:09:13.6685612Z             "mergeable": null,
2026-07-26T21:09:13.6685856Z             "mergeable_state": "unknown",
2026-07-26T21:09:13.6686114Z             "merged": false,
2026-07-26T21:09:13.6686342Z             "merged_at": null,
2026-07-26T21:09:13.6686570Z             "merged_by": null,
2026-07-26T21:09:13.6686796Z             "milestone": null,
2026-07-26T21:09:13.6687043Z             "node_id": "PR_kwDOR1K0VM72cqGr",
2026-07-26T21:09:13.6687312Z             "number": 28,
2026-07-26T21:09:13.6687613Z             "patch_url": "https://github.com/pkinerd/ednsv/pull/28.patch",
2026-07-26T21:09:13.6687965Z             "rebaseable": null,
2026-07-26T21:09:13.6688211Z             "requested_reviewers": [],
2026-07-26T21:09:13.6688468Z             "requested_teams": [],
2026-07-26T21:09:13.6688892Z             "review_comment_url": "https://api.github.com/repos/pkinerd/ednsv/pulls/comments{/number}",
2026-07-26T21:09:13.6689478Z             "review_comments": 0,
2026-07-26T21:09:13.6690002Z             "review_comments_url": "https://api.github.com/repos/pkinerd/ednsv/pulls/28/comments",
2026-07-26T21:09:13.6690439Z             "state": "open",
2026-07-26T21:09:13.6691032Z             "statuses_url": "https://api.github.com/repos/pkinerd/ednsv/statuses/9012533888b63a2e30bc7d7b70f133be52c53278",
2026-07-26T21:09:13.6691698Z             "title": "Fix unguarded concurrent file access in config, auth and disk cache",
2026-07-26T21:09:13.6692113Z             "updated_at": "2026-07-26T21:07:23Z",
2026-07-26T21:09:13.6692466Z             "url": "https://api.github.com/repos/pkinerd/ednsv/pulls/28",
2026-07-26T21:09:13.6692806Z             "user": {
2026-07-26T21:09:13.6693133Z               "avatar_url": "https://avatars.githubusercontent.com/u/169779439?v=4",
2026-07-26T21:09:13.6693625Z               "events_url": "https://api.github.com/users/pkinerd/events{/privacy}",
2026-07-26T21:09:13.6694128Z               "followers_url": "https://api.github.com/users/pkinerd/followers",
2026-07-26T21:09:13.6694635Z               "following_url": "https://api.github.com/users/pkinerd/following{/other_user}",
2026-07-26T21:09:13.6695137Z               "gists_url": "https://api.github.com/users/pkinerd/gists{/gist_id}",
2026-07-26T21:09:13.6695515Z               "gravatar_id": "",
2026-07-26T21:09:13.6695794Z               "html_url": "https://github.com/pkinerd",
2026-07-26T21:09:13.6696086Z               "id": 169779439,
2026-07-26T21:09:13.6696318Z               "login": "pkinerd",
2026-07-26T21:09:13.6696567Z               "node_id": "U_kgDOCh6g7w",
2026-07-26T21:09:13.6696926Z               "organizations_url": "https://api.github.com/users/pkinerd/orgs",
2026-07-26T21:09:13.6697430Z               "received_events_url": "https://api.github.com/users/pkinerd/received_events",
2026-07-26T21:09:13.6697915Z               "repos_url": "https://api.github.com/users/pkinerd/repos",
2026-07-26T21:09:13.6698259Z               "site_admin": false,
2026-07-26T21:09:13.6698635Z               "starred_url": "https://api.github.com/users/pkinerd/starred{/owner}{/repo}",
2026-07-26T21:09:13.6699162Z               "subscriptions_url": "https://api.github.com/users/pkinerd/subscriptions",
2026-07-26T21:09:13.6699560Z               "type": "User",
2026-07-26T21:09:13.6699961Z               "url": "https://api.github.com/users/pkinerd",
2026-07-26T21:09:13.6700285Z               "user_view_type": "public"
2026-07-26T21:09:13.6700531Z             }
2026-07-26T21:09:13.6700713Z           },
2026-07-26T21:09:13.6700903Z           "repository": {
2026-07-26T21:09:13.6701128Z             "allow_forking": true,
2026-07-26T21:09:13.6701521Z             "archive_url": "https://api.github.com/repos/pkinerd/ednsv/{archive_format}{/ref}",
2026-07-26T21:09:13.6701936Z             "archived": false,
2026-07-26T21:09:13.6702303Z             "assignees_url": "https://api.github.com/repos/pkinerd/ednsv/assignees{/user}",
2026-07-26T21:09:13.6702821Z             "blobs_url": "https://api.github.com/repos/pkinerd/ednsv/git/blobs{/sha}",
2026-07-26T21:09:13.6703341Z             "branches_url": "https://api.github.com/repos/pkinerd/ednsv/branches{/branch}",
2026-07-26T21:09:13.6703795Z             "clone_url": "https://github.com/pkinerd/ednsv.git",
2026-07-26T21:09:13.6704309Z             "collaborators_url": "https://api.github.com/repos/pkinerd/ednsv/collaborators{/collaborator}",
2026-07-26T21:09:13.6704907Z             "comments_url": "https://api.github.com/repos/pkinerd/ednsv/comments{/number}",
2026-07-26T21:09:13.6705419Z             "commits_url": "https://api.github.com/repos/pkinerd/ednsv/commits{/sha}",
2026-07-26T21:09:13.6705955Z             "compare_url": "https://api.github.com/repos/pkinerd/ednsv/compare/{base}...{head}",
2026-07-26T21:09:13.6706503Z             "contents_url": "https://api.github.com/repos/pkinerd/ednsv/contents/{+path}",
2026-07-26T21:09:13.6707034Z             "contributors_url": "https://api.github.com/repos/pkinerd/ednsv/contributors",
2026-07-26T21:09:13.6707580Z             "created_at": "2026-03-30T21:24:40Z",
2026-07-26T21:09:13.6707862Z             "default_branch": "main",
2026-07-26T21:09:13.6708239Z             "deployments_url": "https://api.github.com/repos/pkinerd/ednsv/deployments",
2026-07-26T21:09:13.6708746Z             "description": null,
2026-07-26T21:09:13.6708986Z             "disabled": false,
2026-07-26T21:09:13.6709330Z             "downloads_url": "https://api.github.com/repos/pkinerd/ednsv/downloads",
2026-07-26T21:09:13.6710079Z             "events_url": "https://api.github.com/repos/pkinerd/ednsv/events",
2026-07-26T21:09:13.6710586Z             "fork": false,
2026-07-26T21:09:13.6710812Z             "forks": 0,
2026-07-26T21:09:13.6711026Z             "forks_count": 0,
2026-07-26T21:09:13.6711351Z             "forks_url": "https://api.github.com/repos/pkinerd/ednsv/forks",
2026-07-26T21:09:13.6711722Z             "full_name": "pkinerd/ednsv",
2026-07-26T21:09:13.6712142Z             "git_commits_url": "https://api.github.com/repos/pkinerd/ednsv/git/commits{/sha}",
2026-07-26T21:09:13.6712693Z             "git_refs_url": "https://api.github.com/repos/pkinerd/ednsv/git/refs{/sha}",
2026-07-26T21:09:13.6713198Z             "git_tags_url": "https://api.github.com/repos/pkinerd/ednsv/git/tags{/sha}",
2026-07-26T21:09:13.6713757Z             "git_url": "git://github.com/pkinerd/ednsv.git",
2026-07-26T21:09:13.6714076Z             "has_discussions": false,
2026-07-26T21:09:13.6714342Z             "has_downloads": false,
2026-07-26T21:09:13.6714589Z             "has_issues": true,
2026-07-26T21:09:13.6714821Z             "has_pages": false,
2026-07-26T21:09:13.6715053Z             "has_projects": true,
2026-07-26T21:09:13.6715302Z             "has_pull_requests": true,
2026-07-26T21:09:13.6715556Z             "has_wiki": true,
2026-07-26T21:09:13.6715782Z             "homepage": null,
2026-07-26T21:09:13.6716095Z             "hooks_url": "https://api.github.com/repos/pkinerd/ednsv/hooks",
2026-07-26T21:09:13.6716498Z             "html_url": "https://github.com/pkinerd/ednsv",
2026-07-26T21:09:13.6716802Z             "id": 1196602452,
2026-07-26T21:09:13.6717025Z             "is_template": false,
2026-07-26T21:09:13.6717438Z             "issue_comment_url": "https://api.github.com/repos/pkinerd/ednsv/issues/comments{/number}",
2026-07-26T21:09:13.6718058Z             "issue_events_url": "https://api.github.com/repos/pkinerd/ednsv/issues/events{/number}",
2026-07-26T21:09:13.6718617Z             "issues_url": "https://api.github.com/repos/pkinerd/ednsv/issues{/number}",
2026-07-26T21:09:13.6719121Z             "keys_url": "https://api.github.com/repos/pkinerd/ednsv/keys{/key_id}",
2026-07-26T21:09:13.6719623Z             "labels_url": "https://api.github.com/repos/pkinerd/ednsv/labels{/name}",
2026-07-26T21:09:13.6720140Z             "language": "C#",
2026-07-26T21:09:13.6720487Z             "languages_url": "https://api.github.com/repos/pkinerd/ednsv/languages",
2026-07-26T21:09:13.6720868Z             "license": null,
2026-07-26T21:09:13.6721194Z             "merges_url": "https://api.github.com/repos/pkinerd/ednsv/merges",
2026-07-26T21:09:13.6721704Z             "milestones_url": "https://api.github.com/repos/pkinerd/ednsv/milestones{/number}",
2026-07-26T21:09:13.6722123Z             "mirror_url": null,
2026-07-26T21:09:13.6722354Z             "name": "ednsv",
2026-07-26T21:09:13.6722582Z             "node_id": "R_kgDOR1K0VA",
2026-07-26T21:09:13.6723082Z             "notifications_url": "https://api.github.com/repos/pkinerd/ednsv/notifications{?since,all,participating}",
2026-07-26T21:09:13.6723593Z             "open_issues": 1,
2026-07-26T21:09:13.6723826Z             "open_issues_count": 1,
2026-07-26T21:09:13.6724067Z             "owner": {
2026-07-26T21:09:13.6724390Z               "avatar_url": "https://avatars.githubusercontent.com/u/169779439?v=4",
2026-07-26T21:09:13.6724876Z               "events_url": "https://api.github.com/users/pkinerd/events{/privacy}",
2026-07-26T21:09:13.6725348Z               "followers_url": "https://api.github.com/users/pkinerd/followers",
2026-07-26T21:09:13.6725997Z               "following_url": "https://api.github.com/users/pkinerd/following{/other_user}",
2026-07-26T21:09:13.6726499Z               "gists_url": "https://api.github.com/users/pkinerd/gists{/gist_id}",
2026-07-26T21:09:13.6727002Z               "gravatar_id": "",
2026-07-26T21:09:13.6727280Z               "html_url": "https://github.com/pkinerd",
2026-07-26T21:09:13.6727568Z               "id": 169779439,
2026-07-26T21:09:13.6727793Z               "login": "pkinerd",
2026-07-26T21:09:13.6728038Z               "node_id": "U_kgDOCh6g7w",
2026-07-26T21:09:13.6728397Z               "organizations_url": "https://api.github.com/users/pkinerd/orgs",
2026-07-26T21:09:13.6728898Z               "received_events_url": "https://api.github.com/users/pkinerd/received_events",
2026-07-26T21:09:13.6729373Z               "repos_url": "https://api.github.com/users/pkinerd/repos",
2026-07-26T21:09:13.6729713Z               "site_admin": false,
2026-07-26T21:09:13.6730372Z               "starred_url": "https://api.github.com/users/pkinerd/starred{/owner}{/repo}",
2026-07-26T21:09:13.6730913Z               "subscriptions_url": "https://api.github.com/users/pkinerd/subscriptions",
2026-07-26T21:09:13.6731309Z               "type": "User",
2026-07-26T21:09:13.6731595Z               "url": "https://api.github.com/users/pkinerd",
2026-07-26T21:09:13.6731909Z               "user_view_type": "public"
2026-07-26T21:09:13.6732159Z             },
2026-07-26T21:09:13.6732352Z             "private": false,
2026-07-26T21:09:13.6732606Z             "pull_request_creation_policy": "all",
2026-07-26T21:09:13.6733005Z             "pulls_url": "https://api.github.com/repos/pkinerd/ednsv/pulls{/number}",
2026-07-26T21:09:13.6733406Z             "pushed_at": "2026-07-26T21:07:21Z",
2026-07-26T21:09:13.6733796Z             "releases_url": "https://api.github.com/repos/pkinerd/ednsv/releases{/id}",
2026-07-26T21:09:13.6734185Z             "size": 41137,
2026-07-26T21:09:13.6734445Z             "ssh_url": "git@github.com:pkinerd/ednsv.git",
2026-07-26T21:09:13.6734755Z             "stargazers_count": 0,
2026-07-26T21:09:13.6735116Z             "stargazers_url": "https://api.github.com/repos/pkinerd/ednsv/stargazers",
2026-07-26T21:09:13.6735634Z             "statuses_url": "https://api.github.com/repos/pkinerd/ednsv/statuses/{sha}",
2026-07-26T21:09:13.6736151Z             "subscribers_url": "https://api.github.com/repos/pkinerd/ednsv/subscribers",
2026-07-26T21:09:13.6736682Z             "subscription_url": "https://api.github.com/repos/pkinerd/ednsv/subscription",
2026-07-26T21:09:13.6737128Z             "svn_url": "https://github.com/pkinerd/ednsv",
2026-07-26T21:09:13.6737507Z             "tags_url": "https://api.github.com/repos/pkinerd/ednsv/tags",
2026-07-26T21:09:13.6737951Z             "teams_url": "https://api.github.com/repos/pkinerd/ednsv/teams",
2026-07-26T21:09:13.6738307Z             "topics": [],
2026-07-26T21:09:13.6738640Z             "trees_url": "https://api.github.com/repos/pkinerd/ednsv/git/trees{/sha}",
2026-07-26T21:09:13.6739041Z             "updated_at": "2026-07-24T14:18:46Z",
2026-07-26T21:09:13.6739367Z             "url": "https://api.github.com/repos/pkinerd/ednsv",
2026-07-26T21:09:13.6739687Z             "visibility": "public",
2026-07-26T21:09:13.6740063Z             "watchers": 0,
2026-07-26T21:09:13.6740290Z             "watchers_count": 0,
2026-07-26T21:09:13.6740544Z             "web_commit_signoff_required": false
2026-07-26T21:09:13.6740811Z           },
2026-07-26T21:09:13.6740994Z           "sender": {
2026-07-26T21:09:13.6741314Z             "avatar_url": "https://avatars.githubusercontent.com/u/169779439?v=4",
2026-07-26T21:09:13.6741796Z             "events_url": "https://api.github.com/users/pkinerd/events{/privacy}",
2026-07-26T21:09:13.6742269Z             "followers_url": "https://api.github.com/users/pkinerd/followers",
2026-07-26T21:09:13.6742764Z             "following_url": "https://api.github.com/users/pkinerd/following{/other_user}",
2026-07-26T21:09:13.6743398Z             "gists_url": "https://api.github.com/users/pkinerd/gists{/gist_id}",
2026-07-26T21:09:13.6743759Z             "gravatar_id": "",
2026-07-26T21:09:13.6744024Z             "html_url": "https://github.com/pkinerd",
2026-07-26T21:09:13.6744411Z             "id": 169779439,
2026-07-26T21:09:13.6744641Z             "login": "pkinerd",
2026-07-26T21:09:13.6744881Z             "node_id": "U_kgDOCh6g7w",
2026-07-26T21:09:13.6745236Z             "organizations_url": "https://api.github.com/users/pkinerd/orgs",
2026-07-26T21:09:13.6745732Z             "received_events_url": "https://api.github.com/users/pkinerd/received_events",
2026-07-26T21:09:13.6746205Z             "repos_url": "https://api.github.com/users/pkinerd/repos",
2026-07-26T21:09:13.6746542Z             "site_admin": false,
2026-07-26T21:09:13.6746903Z             "starred_url": "https://api.github.com/users/pkinerd/starred{/owner}{/repo}",
2026-07-26T21:09:13.6747415Z             "subscriptions_url": "https://api.github.com/users/pkinerd/subscriptions",
2026-07-26T21:09:13.6747820Z             "type": "User",
2026-07-26T21:09:13.6748084Z             "url": "https://api.github.com/users/pkinerd",
2026-07-26T21:09:13.6748387Z             "user_view_type": "public"
2026-07-26T21:09:13.6748625Z           }
2026-07-26T21:09:13.6748806Z         },
2026-07-26T21:09:13.6748992Z         "github_job": "docker",
2026-07-26T21:09:13.6749234Z         "github_ref": "refs/pull/28/merge",
2026-07-26T21:09:13.6749506Z         "github_ref_name": "28/merge",
2026-07-26T21:09:13.6749765Z         "github_ref_protected": "false",
2026-07-26T21:09:13.6750433Z         "github_ref_type": "branch",
2026-07-26T21:09:13.6750722Z         "github_repository": "pkinerd/ednsv",
2026-07-26T21:09:13.6751012Z         "github_repository_id": "1196602452",
2026-07-26T21:09:13.6751296Z         "github_repository_owner": "pkinerd",
2026-07-26T21:09:13.6751591Z         "github_repository_owner_id": "169779439",
2026-07-26T21:09:13.6751884Z         "github_run_attempt": "1",
2026-07-26T21:09:13.6752144Z         "github_run_id": "30220417418",
2026-07-26T21:09:13.6752402Z         "github_run_number": "227",
2026-07-26T21:09:13.6752653Z         "github_runner_arch": "X64",
2026-07-26T21:09:13.6752942Z         "github_runner_environment": "github-hosted",
2026-07-26T21:09:13.6753255Z         "github_runner_image_os": "ubuntu24",
2026-07-26T21:09:13.6753564Z         "github_runner_image_version": "20260720.247.2",
2026-07-26T21:09:13.6753895Z         "github_runner_name": "GitHub Actions 1000002217",
2026-07-26T21:09:13.6754203Z         "github_runner_os": "Linux",
2026-07-26T21:09:13.6754565Z         "github_runner_tracking_id": "github_d8986e96-5d44-49f2-b246-b15cd03018c9",
2026-07-26T21:09:13.6755021Z         "github_server_url": "https://github.com",
2026-07-26T21:09:13.6755325Z         "github_triggering_actor": "pkinerd",
2026-07-26T21:09:13.6755604Z         "github_workflow": "CI",
2026-07-26T21:09:13.6755988Z         "github_workflow_ref": "pkinerd/ednsv/.github/workflows/ci.yml@refs/pull/28/merge",
2026-07-26T21:09:13.6756486Z         "github_workflow_sha": "285482a46824db34961018a1dddf2b334f67a3fa",
2026-07-26T21:09:13.6756843Z         "platform": "linux/amd64"
2026-07-26T21:09:13.6757076Z       }
2026-07-26T21:09:13.6757245Z     }
2026-07-26T21:09:13.6757419Z   },
2026-07-26T21:09:13.6757963Z   "buildx.build.ref": "builder-4425396b-0e48-448c-8638-de3aab29fcc3/builder-4425396b-0e48-448c-8638-de3aab29fcc30/xkbt3m9yblgk914dlpwysf0y0",
2026-07-26T21:09:13.6758601Z   "containerimage.descriptor": {
2026-07-26T21:09:13.6758914Z     "mediaType": "application/vnd.oci.image.index.v1+json",
2026-07-26T21:09:13.6759381Z     "digest": "sha256:04b1cec0da90d164e5a830b7348d8387db70291c113a14245cc861b777a85ee0",
2026-07-26T21:09:13.6759794Z     "size": 856
2026-07-26T21:09:13.6760120Z   },
2026-07-26T21:09:13.6760512Z   "containerimage.digest": "sha256:04b1cec0da90d164e5a830b7348d8387db70291c113a14245cc861b777a85ee0",
2026-07-26T21:09:13.6761226Z   "image.name": "ghcr.io/pkinerd/ednsv:pr-28,ghcr.io/pkinerd/ednsv:latest-any,ghcr.io/pkinerd/ednsv:sha-285482a"
2026-07-26T21:09:13.6761868Z }
2026-07-26T21:09:13.6762254Z ##[endgroup]
2026-07-26T21:09:13.6762611Z ##[group]Reference
2026-07-26T21:09:13.6763239Z builder-4425396b-0e48-448c-8638-de3aab29fcc3/builder-4425396b-0e48-448c-8638-de3aab29fcc30/xkbt3m9yblgk914dlpwysf0y0
2026-07-26T21:09:13.6763924Z ##[endgroup]
2026-07-26T21:09:13.6764258Z ##[group]Check build summary support
2026-07-26T21:09:13.6764665Z Build summary supported!
2026-07-26T21:09:13.6765007Z ##[endgroup]
2026-07-26T21:09:13.6862034Z Node 20 is being deprecated. This workflow is running with Node 24 by default. If you need to temporarily use Node 20, you can set the ACTIONS_ALLOW_USE_UNSECURE_NODE_VERSION=true environment variable. For more information see: https://github.blog/changelog/2025-09-19-deprecation-of-node-20-on-github-actions-runners/
2026-07-26T21:09:13.6863321Z Post job cleanup.
2026-07-26T21:09:13.9308846Z ##[group]Generating build summary
2026-07-26T21:09:13.9313780Z exporting build record to /home/runner/work/_temp/docker-actions-toolkit-RnHJz8/export
2026-07-26T21:09:13.9327793Z (node:3354) [DEP0040] DeprecationWarning: The `punycode` module is deprecated. Please use a userland alternative instead.
2026-07-26T21:09:13.9328599Z (Use `node --trace-deprecation ...` to show where the warning was created)
2026-07-26T21:09:14.1149258Z [command]/usr/bin/docker buildx history export --builder builder-4425396b-0e48-448c-8638-de3aab29fcc3 --output /home/runner/work/_temp/docker-actions-toolkit-RnHJz8/export/pkinerd~ednsv~XKBT3M.dockerbuild xkbt3m9yblgk914dlpwysf0y0 --finalize
2026-07-26T21:09:14.3683913Z Build record written to /home/runner/work/_temp/docker-actions-toolkit-RnHJz8/export/pkinerd~ednsv~XKBT3M.dockerbuild (59.88 KB)
2026-07-26T21:09:14.3708595Z Uploading pkinerd~ednsv~XKBT3M.dockerbuild to blob storage
2026-07-26T21:09:14.6595570Z Beginning upload of artifact content to blob storage
2026-07-26T21:09:14.6686311Z (node:3354) [DEP0169] DeprecationWarning: `url.parse()` behavior is not standardized and prone to errors that have security implications. Use the WHATWG URL API instead. CVEs are not issued for `url.parse()` vulnerabilities.
2026-07-26T21:09:14.6707138Z Uploaded bytes 61321
2026-07-26T21:09:15.0178563Z Finished uploading artifact content to blob storage!
2026-07-26T21:09:15.0183672Z SHA256 hash of uploaded artifact is 90880f506f053eee7dbc1bbc0541008d43896bca94f9e740c9fbd237c8be75b2
2026-07-26T21:09:15.0184989Z Finalizing artifact upload
2026-07-26T21:09:15.3570305Z Artifact successfully finalized (8637047424)
2026-07-26T21:09:15.3572179Z Artifact download URL: https://github.com/pkinerd/ednsv/actions/runs/30220417418/artifacts/8637047424
2026-07-26T21:09:15.3603700Z Writing summary
2026-07-26T21:09:15.3616565Z ##[endgroup]
2026-07-26T21:09:15.3617274Z ##[group]Removing temp folder /home/runner/work/_temp/docker-actions-toolkit-2KjAoz
2026-07-26T21:09:15.3619566Z ##[endgroup]
2026-07-26T21:09:15.3620284Z ##[group]Post cache
2026-07-26T21:09:15.3622094Z State not set
2026-07-26T21:09:15.3622751Z ##[endgroup]
2026-07-26T21:09:15.3773267Z Node 20 is being deprecated. This workflow is running with Node 24 by default. If you need to temporarily use Node 20, you can set the ACTIONS_ALLOW_USE_UNSECURE_NODE_VERSION=true environment variable. For more information see: https://github.blog/changelog/2025-09-19-deprecation-of-node-20-on-github-actions-runners/
2026-07-26T21:09:15.3774557Z Post job cleanup.
2026-07-26T21:09:15.6905623Z ##[group]Logout from ghcr.io
2026-07-26T21:09:15.6929025Z (node:3503) [DEP0040] DeprecationWarning: The `punycode` module is deprecated. Please use a userland alternative instead.
2026-07-26T21:09:15.6930110Z (Use `node --trace-deprecation ...` to show where the warning was created)
2026-07-26T21:09:15.6957882Z [command]/usr/bin/docker logout ghcr.io
2026-07-26T21:09:15.7104998Z Removing login credentials for ghcr.io
2026-07-26T21:09:15.7138276Z ##[endgroup]
2026-07-26T21:09:15.7138942Z ##[group]Post cache
2026-07-26T21:09:15.7140300Z State not set
2026-07-26T21:09:15.7141154Z ##[endgroup]
2026-07-26T21:09:15.7291150Z Node 20 is being deprecated. This workflow is running with Node 24 by default. If you need to temporarily use Node 20, you can set the ACTIONS_ALLOW_USE_UNSECURE_NODE_VERSION=true environment variable. For more information see: https://github.blog/changelog/2025-09-19-deprecation-of-node-20-on-github-actions-runners/
2026-07-26T21:09:15.7292536Z Post job cleanup.
2026-07-26T21:09:15.9888430Z ##[group]Removing builder
2026-07-26T21:09:15.9896333Z (node:3523) [DEP0040] DeprecationWarning: The `punycode` module is deprecated. Please use a userland alternative instead.
2026-07-26T21:09:15.9897628Z (Use `node --trace-deprecation ...` to show where the warning was created)
2026-07-26T21:09:16.1012415Z [command]/usr/bin/docker buildx rm builder-4425396b-0e48-448c-8638-de3aab29fcc3
2026-07-26T21:09:16.7738919Z builder-4425396b-0e48-448c-8638-de3aab29fcc3 removed
2026-07-26T21:09:16.7772810Z ##[endgroup]
2026-07-26T21:09:16.7773506Z ##[group]Cleaning up certificates
2026-07-26T21:09:16.7775441Z ##[endgroup]
2026-07-26T21:09:16.7776465Z ##[group]Post cache
2026-07-26T21:09:16.7779141Z State not set
2026-07-26T21:09:16.7781834Z ##[endgroup]
2026-07-26T21:09:16.7952057Z Node 20 is being deprecated. This workflow is running with Node 24 by default. If you need to temporarily use Node 20, you can set the ACTIONS_ALLOW_USE_UNSECURE_NODE_VERSION=true environment variable. For more information see: https://github.blog/changelog/2025-09-19-deprecation-of-node-20-on-github-actions-runners/
2026-07-26T21:09:16.7953340Z Post job cleanup.
2026-07-26T21:09:16.8809127Z [command]/usr/bin/git version
2026-07-26T21:09:16.8855952Z git version 2.54.0
2026-07-26T21:09:16.8901313Z Temporarily overriding HOME='/home/runner/work/_temp/13b8273f-4703-4b97-811c-cfdefa2c662f' before making global git config changes
2026-07-26T21:09:16.8902901Z Adding repository directory to the temporary git global config as a safe directory
2026-07-26T21:09:16.8909045Z [command]/usr/bin/git config --global --add safe.directory /home/runner/work/ednsv/ednsv
2026-07-26T21:09:16.8951272Z [command]/usr/bin/git config --local --name-only --get-regexp core\.sshCommand
2026-07-26T21:09:16.8993601Z [command]/usr/bin/git submodule foreach --recursive sh -c "git config --local --name-only --get-regexp 'core\.sshCommand' && git config --local --unset-all 'core.sshCommand' || :"
2026-07-26T21:09:16.9265516Z [command]/usr/bin/git config --local --name-only --get-regexp http\.https\:\/\/github\.com\/\.extraheader
2026-07-26T21:09:16.9290575Z http.https://github.com/.extraheader
2026-07-26T21:09:16.9309249Z [command]/usr/bin/git config --local --unset-all http.https://github.com/.extraheader
2026-07-26T21:09:16.9349744Z [command]/usr/bin/git submodule foreach --recursive sh -c "git config --local --name-only --get-regexp 'http\.https\:\/\/github\.com\/\.extraheader' && git config --local --unset-all 'http.https://github.com/.extraheader' || :"
2026-07-26T21:09:16.9619099Z [command]/usr/bin/git config --local --name-only --get-regexp ^includeIf\.gitdir:
2026-07-26T21:09:16.9663364Z [command]/usr/bin/git submodule foreach --recursive git config --local --show-origin --name-only --get-regexp remote.origin.url
2026-07-26T21:09:17.0064796Z Cleaning up orphan processes
2026-07-26T21:09:17.0459803Z ##[warning]Node.js 20 is deprecated. The following actions target Node.js 20 but are being forced to run on Node.js 24: actions/checkout@v4, docker/build-push-action@v6, docker/login-action@v3, docker/metadata-action@v5, docker/setup-buildx-action@v3. For more information see: https://github.blog/changelog/2025-09-19-deprecation-of-node-20-on-github-actions-runners/
