2026-07-24T13:51:35.4312289Z Current runner version: '2.336.0'
2026-07-24T13:51:35.4338794Z ##[group]Runner Image Provisioner
2026-07-24T13:51:35.4339899Z Hosted Compute Agent
2026-07-24T13:51:35.4340590Z Version: 20260707.563
2026-07-24T13:51:35.4341394Z Commit: 02667638d2b423fbc733a8e32a88b44996a3ba6e
2026-07-24T13:51:35.4342274Z Build Date: 2026-07-07T19:33:50Z
2026-07-24T13:51:35.4343360Z Worker ID: {fcb973f3-efd5-4e23-aa96-ac08132f99c6}
2026-07-24T13:51:35.4344289Z Azure Region: eastus
2026-07-24T13:51:35.4345182Z ##[endgroup]
2026-07-24T13:51:35.4347491Z ##[group]Operating System
2026-07-24T13:51:35.4348187Z Ubuntu
2026-07-24T13:51:35.4348744Z 24.04.4
2026-07-24T13:51:35.4349238Z LTS
2026-07-24T13:51:35.4349794Z ##[endgroup]
2026-07-24T13:51:35.4350343Z ##[group]Runner Image
2026-07-24T13:51:35.4350973Z Image: ubuntu-24.04
2026-07-24T13:51:35.4351577Z Version: 20260720.247.2
2026-07-24T13:51:35.4352873Z Included Software: https://github.com/actions/runner-images/blob/ubuntu24/20260720.247/images/ubuntu/Ubuntu2404-Readme.md
2026-07-24T13:51:35.4354796Z Image Release: https://github.com/actions/runner-images/releases/tag/ubuntu24%2F20260720.247
2026-07-24T13:51:35.4355790Z ##[endgroup]
2026-07-24T13:51:35.4356993Z ##[group]GITHUB_TOKEN Permissions
2026-07-24T13:51:35.4359269Z Contents: read
2026-07-24T13:51:35.4359927Z Metadata: read
2026-07-24T13:51:35.4360521Z Packages: write
2026-07-24T13:51:35.4361234Z ##[endgroup]
2026-07-24T13:51:35.4363749Z Secret source: Actions
2026-07-24T13:51:35.4365165Z Prepare workflow directory
2026-07-24T13:51:35.4880867Z Prepare all required actions
2026-07-24T13:51:35.4923293Z Getting action download info
2026-07-24T13:51:35.7312841Z Download action repository 'actions/checkout@v4' (SHA:11d5960a326750d5838078e36cf38b85af677262)
2026-07-24T13:51:35.9654687Z Download action repository 'docker/setup-buildx-action@v3' (SHA:8d2750c68a42422c14e847fe6c8ac0403b4cbd6f)
2026-07-24T13:51:36.1522967Z Download action repository 'docker/login-action@v3' (SHA:c94ce9fb468520275223c153574b00df6fe4bcc9)
2026-07-24T13:51:36.3427699Z Download action repository 'docker/metadata-action@v5' (SHA:c299e40c65443455700f0fdfc63efafe5b349051)
2026-07-24T13:51:36.5781008Z Download action repository 'docker/build-push-action@v6' (SHA:10e90e3645eae34f1e60eeb005ba3a3d33f178e8)
2026-07-24T13:51:36.8974302Z Complete job name: Build & Push Docker Image
2026-07-24T13:51:36.9948515Z Node 20 is being deprecated. This workflow is running with Node 24 by default. If you need to temporarily use Node 20, you can set the ACTIONS_ALLOW_USE_UNSECURE_NODE_VERSION=true environment variable. For more information see: https://github.blog/changelog/2025-09-19-deprecation-of-node-20-on-github-actions-runners/
2026-07-24T13:51:36.9959889Z ##[group]Run actions/checkout@v4
2026-07-24T13:51:36.9961097Z with:
2026-07-24T13:51:36.9961890Z   repository: pkinerd/ednsv
2026-07-24T13:51:36.9971322Z   token: ***
2026-07-24T13:51:36.9972127Z   ssh-strict: true
2026-07-24T13:51:36.9972937Z   ssh-user: git
2026-07-24T13:51:36.9974175Z   persist-credentials: true
2026-07-24T13:51:36.9975125Z   clean: true
2026-07-24T13:51:36.9975953Z   sparse-checkout-cone-mode: true
2026-07-24T13:51:36.9976967Z   fetch-depth: 1
2026-07-24T13:51:36.9977787Z   fetch-tags: false
2026-07-24T13:51:36.9978610Z   show-progress: true
2026-07-24T13:51:36.9979439Z   lfs: false
2026-07-24T13:51:36.9980245Z   submodules: false
2026-07-24T13:51:36.9981099Z   set-safe-directory: true
2026-07-24T13:51:36.9982057Z   allow-unsafe-pr-checkout: false
2026-07-24T13:51:36.9983558Z env:
2026-07-24T13:51:36.9984307Z   REGISTRY: ghcr.io
2026-07-24T13:51:36.9985154Z   IMAGE_NAME: pkinerd/ednsv
2026-07-24T13:51:36.9986053Z ##[endgroup]
2026-07-24T13:51:37.1100166Z Syncing repository: pkinerd/ednsv
2026-07-24T13:51:37.1103616Z ##[group]Getting Git version info
2026-07-24T13:51:37.1105300Z Working directory is '/home/runner/work/ednsv/ednsv'
2026-07-24T13:51:37.1107155Z [command]/usr/bin/git version
2026-07-24T13:51:37.1184830Z git version 2.54.0
2026-07-24T13:51:37.1214971Z ##[endgroup]
2026-07-24T13:51:37.1231974Z Temporarily overriding HOME='/home/runner/work/_temp/d29fd9c7-6479-46ca-a7a3-1b571efce0cf' before making global git config changes
2026-07-24T13:51:37.1235461Z Adding repository directory to the temporary git global config as a safe directory
2026-07-24T13:51:37.1238783Z [command]/usr/bin/git config --global --add safe.directory /home/runner/work/ednsv/ednsv
2026-07-24T13:51:37.1295307Z Deleting the contents of '/home/runner/work/ednsv/ednsv'
2026-07-24T13:51:37.1301385Z ##[group]Initializing the repository
2026-07-24T13:51:37.1306843Z [command]/usr/bin/git init /home/runner/work/ednsv/ednsv
2026-07-24T13:51:37.1434842Z hint: Using 'master' as the name for the initial branch. This default branch name
2026-07-24T13:51:37.1438136Z hint: will change to "main" in Git 3.0. To configure the initial branch name
2026-07-24T13:51:37.1441156Z hint: to use in all of your new repositories, which will suppress this warning,
2026-07-24T13:51:37.1443796Z hint: call:
2026-07-24T13:51:37.1444951Z hint:
2026-07-24T13:51:37.1446455Z hint: 	git config --global init.defaultBranch <name>
2026-07-24T13:51:37.1448336Z hint:
2026-07-24T13:51:37.1450233Z hint: Names commonly chosen instead of 'master' are 'main', 'trunk' and
2026-07-24T13:51:37.1453486Z hint: 'development'. The just-created branch can be renamed via this command:
2026-07-24T13:51:37.1455872Z hint:
2026-07-24T13:51:37.1457169Z hint: 	git branch -m <name>
2026-07-24T13:51:37.1458624Z hint:
2026-07-24T13:51:37.1460580Z hint: Disable this message with "git config set advice.defaultBranchName false"
2026-07-24T13:51:37.1471625Z Initialized empty Git repository in /home/runner/work/ednsv/ednsv/.git/
2026-07-24T13:51:37.1494118Z [command]/usr/bin/git remote add origin https://github.com/pkinerd/ednsv
2026-07-24T13:51:37.1579792Z ##[endgroup]
2026-07-24T13:51:37.1582576Z ##[group]Disabling automatic garbage collection
2026-07-24T13:51:37.1584578Z [command]/usr/bin/git config --local gc.auto 0
2026-07-24T13:51:37.1626666Z ##[endgroup]
2026-07-24T13:51:37.1628797Z ##[group]Setting up auth
2026-07-24T13:51:37.1655060Z [command]/usr/bin/git config --local --name-only --get-regexp core\.sshCommand
2026-07-24T13:51:37.1685757Z [command]/usr/bin/git submodule foreach --recursive sh -c "git config --local --name-only --get-regexp 'core\.sshCommand' && git config --local --unset-all 'core.sshCommand' || :"
2026-07-24T13:51:37.2092914Z [command]/usr/bin/git config --local --name-only --get-regexp http\.https\:\/\/github\.com\/\.extraheader
2026-07-24T13:51:37.2131007Z [command]/usr/bin/git submodule foreach --recursive sh -c "git config --local --name-only --get-regexp 'http\.https\:\/\/github\.com\/\.extraheader' && git config --local --unset-all 'http.https://github.com/.extraheader' || :"
2026-07-24T13:51:37.2355289Z [command]/usr/bin/git config --local --name-only --get-regexp ^includeIf\.gitdir:
2026-07-24T13:51:37.2394415Z [command]/usr/bin/git submodule foreach --recursive git config --local --show-origin --name-only --get-regexp remote.origin.url
2026-07-24T13:51:37.2624283Z [command]/usr/bin/git config --local http.https://github.com/.extraheader AUTHORIZATION: basic ***
2026-07-24T13:51:37.2666183Z ##[endgroup]
2026-07-24T13:51:37.2668611Z ##[group]Fetching the repository
2026-07-24T13:51:37.2679918Z [command]/usr/bin/git -c protocol.version=2 fetch --no-tags --prune --no-recurse-submodules --depth=1 origin +45b406a43f5b567b1e41b793cf4c7fafc2075b3e:refs/remotes/pull/27/merge
2026-07-24T13:51:37.6112425Z From https://github.com/pkinerd/ednsv
2026-07-24T13:51:37.6114403Z  * [new ref]         45b406a43f5b567b1e41b793cf4c7fafc2075b3e -> pull/27/merge
2026-07-24T13:51:37.6159349Z ##[endgroup]
2026-07-24T13:51:37.6168678Z ##[group]Determining the checkout info
2026-07-24T13:51:37.6170214Z ##[endgroup]
2026-07-24T13:51:37.6171074Z [command]/usr/bin/git sparse-checkout disable
2026-07-24T13:51:37.6216370Z [command]/usr/bin/git config --local --unset-all extensions.worktreeConfig
2026-07-24T13:51:37.6250126Z ##[group]Checking out the ref
2026-07-24T13:51:37.6253536Z [command]/usr/bin/git checkout --progress --force refs/remotes/pull/27/merge
2026-07-24T13:51:37.6377040Z Note: switching to 'refs/remotes/pull/27/merge'.
2026-07-24T13:51:37.6378386Z 
2026-07-24T13:51:37.6379499Z You are in 'detached HEAD' state. You can look around, make experimental
2026-07-24T13:51:37.6388829Z changes and commit them, and you can discard any commits you make in this
2026-07-24T13:51:37.6390565Z state without impacting any branches by switching back to a branch.
2026-07-24T13:51:37.6391555Z 
2026-07-24T13:51:37.6392233Z If you want to create a new branch to retain commits you create, you may
2026-07-24T13:51:37.6394636Z do so (now or later) by using -c with the switch command. Example:
2026-07-24T13:51:37.6396277Z 
2026-07-24T13:51:37.6396886Z   git switch -c <new-branch-name>
2026-07-24T13:51:37.6397913Z 
2026-07-24T13:51:37.6398491Z Or undo this operation with:
2026-07-24T13:51:37.6399427Z 
2026-07-24T13:51:37.6399933Z   git switch -
2026-07-24T13:51:37.6400670Z 
2026-07-24T13:51:37.6401879Z Turn off this advice by setting config variable advice.detachedHead to false
2026-07-24T13:51:37.6404260Z 
2026-07-24T13:51:37.6405504Z HEAD is now at 45b406a Merge 305d6054afad49629a23e669aed0c456bfefdae2 into 820c0019085f5073eb31d9822b29a158ec3c4826
2026-07-24T13:51:37.6408903Z ##[endgroup]
2026-07-24T13:51:37.6439532Z [command]/usr/bin/git log -1 --format=%H
2026-07-24T13:51:37.6465309Z 45b406a43f5b567b1e41b793cf4c7fafc2075b3e
2026-07-24T13:51:37.6730957Z ##[group]Run if [ "pull_request" != "pull_request" ]; then
2026-07-24T13:51:37.6732388Z [36;1mif [ "pull_request" != "pull_request" ]; then[0m
2026-07-24T13:51:37.6733817Z [36;1m  echo "push=true" >> "$GITHUB_OUTPUT"[0m
2026-07-24T13:51:37.6735070Z [36;1melif [ "pkinerd/ednsv" = "pkinerd/ednsv" ]; then[0m
2026-07-24T13:51:37.6736296Z [36;1m  echo "push=true" >> "$GITHUB_OUTPUT"[0m
2026-07-24T13:51:37.6737356Z [36;1melse[0m
2026-07-24T13:51:37.6738175Z [36;1m  echo "push=false" >> "$GITHUB_OUTPUT"[0m
2026-07-24T13:51:37.6739200Z [36;1mfi[0m
2026-07-24T13:51:37.6789819Z shell: /usr/bin/bash -e {0}
2026-07-24T13:51:37.6790729Z env:
2026-07-24T13:51:37.6791413Z   REGISTRY: ghcr.io
2026-07-24T13:51:37.6792207Z   IMAGE_NAME: pkinerd/ednsv
2026-07-24T13:51:37.6793313Z ##[endgroup]
2026-07-24T13:51:37.7078037Z Node 20 is being deprecated. This workflow is running with Node 24 by default. If you need to temporarily use Node 20, you can set the ACTIONS_ALLOW_USE_UNSECURE_NODE_VERSION=true environment variable. For more information see: https://github.blog/changelog/2025-09-19-deprecation-of-node-20-on-github-actions-runners/
2026-07-24T13:51:37.7082679Z ##[group]Run docker/setup-buildx-action@v3
2026-07-24T13:51:37.7083997Z with:
2026-07-24T13:51:37.7084707Z   driver: docker-container
2026-07-24T13:51:37.7085543Z   use: true
2026-07-24T13:51:37.7086248Z   keep-state: false
2026-07-24T13:51:37.7087010Z   cache-binary: true
2026-07-24T13:51:37.7087779Z   cleanup: true
2026-07-24T13:51:37.7088498Z   install: false
2026-07-24T13:51:37.7089200Z env:
2026-07-24T13:51:37.7089860Z   REGISTRY: ghcr.io
2026-07-24T13:51:37.7090655Z   IMAGE_NAME: pkinerd/ednsv
2026-07-24T13:51:37.7091480Z ##[endgroup]
2026-07-24T13:51:37.9611040Z (node:2231) [DEP0040] DeprecationWarning: The `punycode` module is deprecated. Please use a userland alternative instead.
2026-07-24T13:51:37.9615480Z (Use `node --trace-deprecation ...` to show where the warning was created)
2026-07-24T13:51:37.9687939Z ##[group]Docker info
2026-07-24T13:51:37.9717524Z [command]/usr/bin/docker version
2026-07-24T13:51:38.0886317Z Client: Docker Engine - Community
2026-07-24T13:51:38.0887993Z  Version:           28.0.4
2026-07-24T13:51:38.0889649Z  API version:       1.48
2026-07-24T13:51:38.0891159Z  Go version:        go1.23.7
2026-07-24T13:51:38.0892741Z  Git commit:        b8034c0
2026-07-24T13:51:38.0894924Z  Built:             Tue Mar 25 15:07:16 2025
2026-07-24T13:51:38.0896441Z  OS/Arch:           linux/amd64
2026-07-24T13:51:38.0898122Z  Context:           default
2026-07-24T13:51:38.0898990Z 
2026-07-24T13:51:38.0899686Z Server: Docker Engine - Community
2026-07-24T13:51:38.0901258Z  Engine:
2026-07-24T13:51:38.0902441Z   Version:          28.0.4
2026-07-24T13:51:38.0903894Z   API version:      1.48 (minimum version 1.24)
2026-07-24T13:51:38.0905271Z   Go version:       go1.23.7
2026-07-24T13:51:38.0906328Z   Git commit:       6430e49
2026-07-24T13:51:38.0907378Z   Built:            Tue Mar 25 15:07:16 2025
2026-07-24T13:51:38.0908548Z   OS/Arch:          linux/amd64
2026-07-24T13:51:38.0909587Z   Experimental:     false
2026-07-24T13:51:38.0910564Z  containerd:
2026-07-24T13:51:38.0911309Z   Version:          v2.2.6
2026-07-24T13:51:38.0912517Z   GitCommit:        11ce9d5f3c68c941867e82890e93e815c1304f1b
2026-07-24T13:51:38.0914321Z  runc:
2026-07-24T13:51:38.0915168Z   Version:          1.3.6
2026-07-24T13:51:38.0916194Z   GitCommit:        v1.3.6-0-g491b69ba
2026-07-24T13:51:38.0917325Z  docker-init:
2026-07-24T13:51:38.0918375Z   Version:          0.19.0
2026-07-24T13:51:38.0919751Z   GitCommit:        de40ad0
2026-07-24T13:51:38.0931637Z [command]/usr/bin/docker info
2026-07-24T13:51:38.3343399Z Client: Docker Engine - Community
2026-07-24T13:51:38.3344561Z  Version:    28.0.4
2026-07-24T13:51:38.3345390Z  Context:    default
2026-07-24T13:51:38.3346274Z  Debug Mode: false
2026-07-24T13:51:38.3347059Z  Plugins:
2026-07-24T13:51:38.3347833Z   buildx: Docker Buildx (Docker Inc.)
2026-07-24T13:51:38.3348863Z     Version:  v0.35.0
2026-07-24T13:51:38.3349921Z     Path:     /usr/libexec/docker/cli-plugins/docker-buildx
2026-07-24T13:51:38.3351135Z   compose: Docker Compose (Docker Inc.)
2026-07-24T13:51:38.3352134Z     Version:  v2.38.2
2026-07-24T13:51:38.3353371Z     Path:     /usr/libexec/docker/cli-plugins/docker-compose
2026-07-24T13:51:38.3354248Z 
2026-07-24T13:51:38.3354568Z Server:
2026-07-24T13:51:38.3355301Z  Containers: 0
2026-07-24T13:51:38.3356053Z   Running: 0
2026-07-24T13:51:38.3356795Z   Paused: 0
2026-07-24T13:51:38.3357515Z   Stopped: 0
2026-07-24T13:51:38.3358234Z  Images: 6
2026-07-24T13:51:38.3358969Z  Server Version: 28.0.4
2026-07-24T13:51:38.3359850Z  Storage Driver: overlay2
2026-07-24T13:51:38.3360737Z   Backing Filesystem: extfs
2026-07-24T13:51:38.3362201Z   Supports d_type: true
2026-07-24T13:51:38.3374876Z   Using metacopy: false
2026-07-24T13:51:38.3376508Z   Native Overlay Diff: false
2026-07-24T13:51:38.3377569Z   userxattr: false
2026-07-24T13:51:38.3378521Z  Logging Driver: json-file
2026-07-24T13:51:38.3379536Z  Cgroup Driver: systemd
2026-07-24T13:51:38.3380499Z  Cgroup Version: 2
2026-07-24T13:51:38.3381970Z  Plugins:
2026-07-24T13:51:38.3383326Z   Volume: local
2026-07-24T13:51:38.3384413Z   Network: bridge host ipvlan macvlan null overlay
2026-07-24T13:51:38.3386208Z   Log: awslogs fluentd gcplogs gelf journald json-file local splunk syslog
2026-07-24T13:51:38.3388128Z  Swarm: inactive
2026-07-24T13:51:38.3389267Z  Runtimes: io.containerd.runc.v2 runc
2026-07-24T13:51:38.3390677Z  Default Runtime: runc
2026-07-24T13:51:38.3391896Z  Init Binary: docker-init
2026-07-24T13:51:38.3393754Z  containerd version: 11ce9d5f3c68c941867e82890e93e815c1304f1b
2026-07-24T13:51:38.3395493Z  runc version: v1.3.6-0-g491b69ba
2026-07-24T13:51:38.3396839Z  init version: de40ad0
2026-07-24T13:51:38.3398179Z  Security Options:
2026-07-24T13:51:38.3399534Z   apparmor
2026-07-24T13:51:38.3400799Z   seccomp
2026-07-24T13:51:38.3401682Z    Profile: builtin
2026-07-24T13:51:38.3402776Z   cgroupns
2026-07-24T13:51:38.3403966Z  Kernel Version: 6.17.0-1020-azure
2026-07-24T13:51:38.3405373Z  Operating System: Ubuntu 24.04.4 LTS
2026-07-24T13:51:38.3406697Z  OSType: linux
2026-07-24T13:51:38.3408136Z  Architecture: x86_64
2026-07-24T13:51:38.3409302Z  CPUs: 4
2026-07-24T13:51:38.3410288Z  Total Memory: 15.61GiB
2026-07-24T13:51:38.3411360Z  Name: runnervmvrwv9
2026-07-24T13:51:38.3412784Z  ID: dce1e4a9-fc26-4218-aaf0-feee5194c8cb
2026-07-24T13:51:38.3414624Z  Docker Root Dir: /var/lib/docker
2026-07-24T13:51:38.3416010Z  Debug Mode: false
2026-07-24T13:51:38.3416939Z  Username: githubactions
2026-07-24T13:51:38.3417895Z  Experimental: false
2026-07-24T13:51:38.3419128Z  Insecure Registries:
2026-07-24T13:51:38.3425295Z   ::1/128
2026-07-24T13:51:38.3426127Z   127.0.0.0/8
2026-07-24T13:51:38.3426973Z  Live Restore Enabled: false
2026-07-24T13:51:38.3427609Z 
2026-07-24T13:51:38.3428709Z ##[endgroup]
2026-07-24T13:51:38.4022003Z ##[group]Buildx version
2026-07-24T13:51:38.4054117Z [command]/usr/bin/docker buildx version
2026-07-24T13:51:38.4553839Z github.com/docker/buildx v0.35.0 a319e5b15052cf6557ceb666eb8ff6e32380b782
2026-07-24T13:51:38.4585116Z ##[endgroup]
2026-07-24T13:51:38.4758141Z ##[group]Inspecting default docker context
2026-07-24T13:51:38.4923406Z [
2026-07-24T13:51:38.4925101Z   {
2026-07-24T13:51:38.4926630Z     "Name": "default",
2026-07-24T13:51:38.4928458Z     "Metadata": {},
2026-07-24T13:51:38.4930176Z     "Endpoints": {
2026-07-24T13:51:38.4931921Z       "docker": {
2026-07-24T13:51:38.4934075Z         "Host": "unix:///var/run/docker.sock",
2026-07-24T13:51:38.4936487Z         "SkipTLSVerify": false
2026-07-24T13:51:38.4938546Z       }
2026-07-24T13:51:38.4940126Z     },
2026-07-24T13:51:38.4941856Z     "TLSMaterial": {},
2026-07-24T13:51:38.4944488Z     "Storage": {
2026-07-24T13:51:38.4946466Z       "MetadataPath": "<IN MEMORY>",
2026-07-24T13:51:38.4948720Z       "TLSPath": "<IN MEMORY>"
2026-07-24T13:51:38.4950679Z     }
2026-07-24T13:51:38.4952260Z   }
2026-07-24T13:51:38.4954001Z ]
2026-07-24T13:51:38.4956463Z ##[endgroup]
2026-07-24T13:51:38.4958976Z ##[group]Creating a new builder instance
2026-07-24T13:51:38.6212379Z [command]/usr/bin/docker buildx create --name builder-5d4c168a-77c4-4cdd-a0f1-844bdfad8499 --driver docker-container --buildkitd-flags --allow-insecure-entitlement security.insecure --allow-insecure-entitlement network.host --use
2026-07-24T13:51:38.6824023Z builder-5d4c168a-77c4-4cdd-a0f1-844bdfad8499
2026-07-24T13:51:38.6847424Z ##[endgroup]
2026-07-24T13:51:38.6849700Z ##[group]Booting builder
2026-07-24T13:51:38.6898136Z [command]/usr/bin/docker buildx inspect --bootstrap --builder builder-5d4c168a-77c4-4cdd-a0f1-844bdfad8499
2026-07-24T13:51:38.7425236Z #1 [internal] booting buildkit
2026-07-24T13:51:38.8925701Z #1 pulling image moby/buildkit:buildx-stable-1
2026-07-24T13:51:40.9258123Z #1 pulling image moby/buildkit:buildx-stable-1 2.2s done
2026-07-24T13:51:41.0767919Z #1 creating container buildx_buildkit_builder-5d4c168a-77c4-4cdd-a0f1-844bdfad84990
2026-07-24T13:51:41.3149869Z #1 creating container buildx_buildkit_builder-5d4c168a-77c4-4cdd-a0f1-844bdfad84990 0.4s done
2026-07-24T13:51:41.3168577Z #1 DONE 2.6s
2026-07-24T13:51:41.3489503Z Name:          builder-5d4c168a-77c4-4cdd-a0f1-844bdfad8499
2026-07-24T13:51:41.3493324Z Driver:        docker-container
2026-07-24T13:51:41.3495547Z Last Activity: 2026-07-24 13:51:38 +0000 UTC
2026-07-24T13:51:41.3496256Z 
2026-07-24T13:51:41.3496405Z Nodes:
2026-07-24T13:51:41.3510688Z Name:                  builder-5d4c168a-77c4-4cdd-a0f1-844bdfad84990
2026-07-24T13:51:41.3511655Z Endpoint:              unix:///var/run/docker.sock
2026-07-24T13:51:41.3512786Z Status:                running
2026-07-24T13:51:41.3514833Z BuildKit daemon flags: --allow-insecure-entitlement security.insecure --allow-insecure-entitlement network.host
2026-07-24T13:51:41.3515645Z BuildKit version:      v0.31.2
2026-07-24T13:51:41.3516060Z Platforms:             linux/amd64, linux/amd64/v2, linux/amd64/v3, linux/386
2026-07-24T13:51:41.3516716Z Labels:
2026-07-24T13:51:41.3517010Z  org.mobyproject.buildkit.worker.executor:         oci
2026-07-24T13:51:41.3517615Z  org.mobyproject.buildkit.worker.hostname:         9cacad234dd7
2026-07-24T13:51:41.3518056Z  org.mobyproject.buildkit.worker.network:          host
2026-07-24T13:51:41.3518469Z  org.mobyproject.buildkit.worker.oci.process-mode: sandbox
2026-07-24T13:51:41.3519077Z  org.mobyproject.buildkit.worker.selinux.enabled:  false
2026-07-24T13:51:41.3519495Z  org.mobyproject.buildkit.worker.snapshotter:      overlayfs
2026-07-24T13:51:41.3520028Z GC Policy rule#0:
2026-07-24T13:51:41.3520237Z  All:            false
2026-07-24T13:51:41.3521171Z  Filters:        type==source.local type==exec.cachemount type==source.git.checkout
2026-07-24T13:51:41.3521581Z  Keep Duration:  48h0m0s
2026-07-24T13:51:41.3521821Z  Max Used Space: 488.3MiB
2026-07-24T13:51:41.3522056Z GC Policy rule#1:
2026-07-24T13:51:41.3522414Z  All:            false
2026-07-24T13:51:41.3522729Z  Keep Duration:  1440h0m0s
2026-07-24T13:51:41.3522984Z  Reserved Space: 7.451GiB
2026-07-24T13:51:41.3523244Z  Max Used Space: 54.02GiB
2026-07-24T13:51:41.3523590Z  Min Free Space: 13.97GiB
2026-07-24T13:51:41.3523812Z GC Policy rule#2:
2026-07-24T13:51:41.3524015Z  All:            false
2026-07-24T13:51:41.3524232Z  Reserved Space: 7.451GiB
2026-07-24T13:51:41.3524622Z  Max Used Space: 54.02GiB
2026-07-24T13:51:41.3524853Z  Min Free Space: 13.97GiB
2026-07-24T13:51:41.3525068Z GC Policy rule#3:
2026-07-24T13:51:41.3525358Z  All:            true
2026-07-24T13:51:41.3525709Z  Reserved Space: 7.451GiB
2026-07-24T13:51:41.3525957Z  Max Used Space: 54.02GiB
2026-07-24T13:51:41.3526188Z  Min Free Space: 13.97GiB
2026-07-24T13:51:41.3603450Z ##[endgroup]
2026-07-24T13:51:41.4491919Z ##[group]Inspect builder
2026-07-24T13:51:41.4492562Z {
2026-07-24T13:51:41.4492861Z   "nodes": [
2026-07-24T13:51:41.4493506Z     {
2026-07-24T13:51:41.4493987Z       "name": "builder-5d4c168a-77c4-4cdd-a0f1-844bdfad84990",
2026-07-24T13:51:41.4494668Z       "endpoint": "unix:///var/run/docker.sock",
2026-07-24T13:51:41.4495199Z       "status": "running",
2026-07-24T13:51:41.4496152Z       "buildkitd-flags": "--allow-insecure-entitlement security.insecure --allow-insecure-entitlement network.host",
2026-07-24T13:51:41.4498745Z       "buildkit": "v0.31.2",
2026-07-24T13:51:41.4499429Z       "platforms": "linux/amd64,linux/amd64/v2,linux/amd64/v3,linux/386",
2026-07-24T13:51:41.4500090Z       "features": {
2026-07-24T13:51:41.4500678Z         "Automatically load images to the Docker Engine image store": true,
2026-07-24T13:51:41.4501387Z         "Cache export": true,
2026-07-24T13:51:41.4501818Z         "Direct push": true,
2026-07-24T13:51:41.4502203Z         "Docker exporter": true,
2026-07-24T13:51:41.4502594Z         "Multi-platform build": true,
2026-07-24T13:51:41.4503017Z         "OCI exporter": true
2026-07-24T13:51:41.4504382Z       },
2026-07-24T13:51:41.4504707Z       "labels": {
2026-07-24T13:51:41.4505198Z         "org.mobyproject.buildkit.worker.executor": "oci",
2026-07-24T13:51:41.4505893Z         "org.mobyproject.buildkit.worker.hostname": "9cacad234dd7",
2026-07-24T13:51:41.4506626Z         "org.mobyproject.buildkit.worker.network": "host",
2026-07-24T13:51:41.4507278Z         "org.mobyproject.buildkit.worker.oci.process-mode": "sandbox",
2026-07-24T13:51:41.4508023Z         "org.mobyproject.buildkit.worker.selinux.enabled": "false",
2026-07-24T13:51:41.4508837Z         "org.mobyproject.buildkit.worker.snapshotter": "overlayfs"
2026-07-24T13:51:41.4509375Z       },
2026-07-24T13:51:41.4509660Z       "gcPolicy": [
2026-07-24T13:51:41.4509964Z         {
2026-07-24T13:51:41.4510306Z           "all": false,
2026-07-24T13:51:41.4510742Z           "filter": [
2026-07-24T13:51:41.4511348Z             "type==source.local type==exec.cachemount type==source.git.checkout"
2026-07-24T13:51:41.4512019Z           ],
2026-07-24T13:51:41.4512396Z           "keepDuration": "48h0m0s",
2026-07-24T13:51:41.4512853Z           "maxUsedSpace": "488.3MiB"
2026-07-24T13:51:41.4513465Z         },
2026-07-24T13:51:41.4513811Z         {
2026-07-24T13:51:41.4514154Z           "all": false,
2026-07-24T13:51:41.4514564Z           "keepDuration": "1440h0m0s",
2026-07-24T13:51:41.4515042Z           "reservedSpace": "7.451GiB",
2026-07-24T13:51:41.4515552Z           "maxUsedSpace": "54.02GiB",
2026-07-24T13:51:41.4516024Z           "minFreeSpace": "13.97GiB"
2026-07-24T13:51:41.4516435Z         },
2026-07-24T13:51:41.4516770Z         {
2026-07-24T13:51:41.4517113Z           "all": false,
2026-07-24T13:51:41.4517476Z           "reservedSpace": "7.451GiB",
2026-07-24T13:51:41.4517900Z           "maxUsedSpace": "54.02GiB",
2026-07-24T13:51:41.4518601Z           "minFreeSpace": "13.97GiB"
2026-07-24T13:51:41.4519001Z         },
2026-07-24T13:51:41.4519289Z         {
2026-07-24T13:51:41.4519589Z           "all": true,
2026-07-24T13:51:41.4519997Z           "reservedSpace": "7.451GiB",
2026-07-24T13:51:41.4520556Z           "maxUsedSpace": "54.02GiB",
2026-07-24T13:51:41.4521050Z           "minFreeSpace": "13.97GiB"
2026-07-24T13:51:41.4521486Z         }
2026-07-24T13:51:41.4521804Z       ]
2026-07-24T13:51:41.4522125Z     }
2026-07-24T13:51:41.4522442Z   ],
2026-07-24T13:51:41.4522895Z   "name": "builder-5d4c168a-77c4-4cdd-a0f1-844bdfad8499",
2026-07-24T13:51:41.4523941Z   "driver": "docker-container",
2026-07-24T13:51:41.4524422Z   "lastActivity": "2026-07-24T13:51:38.000Z"
2026-07-24T13:51:41.4524924Z }
2026-07-24T13:51:41.4525610Z ##[endgroup]
2026-07-24T13:51:41.4526271Z ##[group]BuildKit version
2026-07-24T13:51:41.4526858Z builder-5d4c168a-77c4-4cdd-a0f1-844bdfad84990: v0.31.2
2026-07-24T13:51:41.4527708Z ##[endgroup]
2026-07-24T13:51:41.4718888Z Node 20 is being deprecated. This workflow is running with Node 24 by default. If you need to temporarily use Node 20, you can set the ACTIONS_ALLOW_USE_UNSECURE_NODE_VERSION=true environment variable. For more information see: https://github.blog/changelog/2025-09-19-deprecation-of-node-20-on-github-actions-runners/
2026-07-24T13:51:41.4720206Z ##[group]Run docker/login-action@v3
2026-07-24T13:51:41.4720470Z with:
2026-07-24T13:51:41.4720656Z   registry: ghcr.io
2026-07-24T13:51:41.4720873Z   username: pkinerd
2026-07-24T13:51:41.4723818Z   password: ***
2026-07-24T13:51:41.4724039Z   logout: true
2026-07-24T13:51:41.4724224Z env:
2026-07-24T13:51:41.4724399Z   REGISTRY: ghcr.io
2026-07-24T13:51:41.4724610Z   IMAGE_NAME: pkinerd/ednsv
2026-07-24T13:51:41.4724834Z ##[endgroup]
2026-07-24T13:51:41.7797585Z Logging into ghcr.io...
2026-07-24T13:51:41.7822199Z (node:2710) [DEP0040] DeprecationWarning: The `punycode` module is deprecated. Please use a userland alternative instead.
2026-07-24T13:51:41.7824074Z (Use `node --trace-deprecation ...` to show where the warning was created)
2026-07-24T13:51:41.9602036Z Login Succeeded!
2026-07-24T13:51:41.9787938Z Node 20 is being deprecated. This workflow is running with Node 24 by default. If you need to temporarily use Node 20, you can set the ACTIONS_ALLOW_USE_UNSECURE_NODE_VERSION=true environment variable. For more information see: https://github.blog/changelog/2025-09-19-deprecation-of-node-20-on-github-actions-runners/
2026-07-24T13:51:41.9789220Z ##[group]Run docker/metadata-action@v5
2026-07-24T13:51:41.9789485Z with:
2026-07-24T13:51:41.9789685Z   images: ghcr.io/pkinerd/ednsv
2026-07-24T13:51:41.9790383Z   tags: type=ref,event=branch,prefix=branch-
type=ref,event=pr,prefix=pr-
type=sha,format=short,prefix=sha-
type=raw,value=latest,enable={{is_default_branch}}
type=raw,value=latest-any

2026-07-24T13:51:41.9791092Z   context: workflow
2026-07-24T13:51:41.9794025Z   github-token: ***
2026-07-24T13:51:41.9794229Z env:
2026-07-24T13:51:41.9794404Z   REGISTRY: ghcr.io
2026-07-24T13:51:41.9794623Z   IMAGE_NAME: pkinerd/ednsv
2026-07-24T13:51:41.9794845Z ##[endgroup]
2026-07-24T13:51:42.3624167Z (node:2732) [DEP0040] DeprecationWarning: The `punycode` module is deprecated. Please use a userland alternative instead.
2026-07-24T13:51:42.3625769Z (Use `node --trace-deprecation ...` to show where the warning was created)
2026-07-24T13:51:42.9762959Z ##[group]Context info
2026-07-24T13:51:42.9763679Z eventName: pull_request
2026-07-24T13:51:42.9764098Z sha: 45b406a43f5b567b1e41b793cf4c7fafc2075b3e
2026-07-24T13:51:42.9764576Z ref: refs/pull/27/merge
2026-07-24T13:51:42.9764934Z workflow: CI
2026-07-24T13:51:42.9765271Z action: meta
2026-07-24T13:51:42.9765604Z actor: pkinerd
2026-07-24T13:51:42.9765947Z runNumber: 210
2026-07-24T13:51:42.9766303Z runId: 30098528017
2026-07-24T13:51:42.9766886Z commitDate: Fri Jul 24 2026 13:50:41 GMT+0000 (Coordinated Universal Time)
2026-07-24T13:51:42.9767837Z ##[endgroup]
2026-07-24T13:51:42.9794183Z ##[group]Processing images input
2026-07-24T13:51:42.9795183Z name=ghcr.io/pkinerd/ednsv,enable=true
2026-07-24T13:51:42.9795978Z ##[endgroup]
2026-07-24T13:51:42.9816950Z ##[group]Processing tags input
2026-07-24T13:51:42.9817607Z type=ref,event=branch,prefix=branch-,enable=true,priority=600
2026-07-24T13:51:42.9818309Z type=ref,event=pr,prefix=pr-,enable=true,priority=600
2026-07-24T13:51:42.9819046Z type=raw,value=latest,enable={{is_default_branch}},priority=200
2026-07-24T13:51:42.9819736Z type=raw,value=latest-any,enable=true,priority=200
2026-07-24T13:51:42.9820385Z type=sha,format=short,prefix=sha-,enable=true,priority=100
2026-07-24T13:51:42.9821246Z ##[endgroup]
2026-07-24T13:51:42.9821955Z ##[group]Processing flavor input
2026-07-24T13:51:42.9822381Z latest=auto
2026-07-24T13:51:42.9822736Z prefix=
2026-07-24T13:51:42.9823292Z prefixLatest=false
2026-07-24T13:51:42.9823665Z suffix=
2026-07-24T13:51:42.9823992Z suffixLatest=false
2026-07-24T13:51:42.9824747Z ##[endgroup]
2026-07-24T13:51:42.9889317Z ##[group]Docker image version
2026-07-24T13:51:42.9890175Z pr-27
2026-07-24T13:51:42.9891065Z ##[endgroup]
2026-07-24T13:51:42.9895637Z ##[group]Docker tags
2026-07-24T13:51:42.9896079Z ghcr.io/pkinerd/ednsv:pr-27
2026-07-24T13:51:42.9896560Z ghcr.io/pkinerd/ednsv:latest-any
2026-07-24T13:51:42.9896998Z ghcr.io/pkinerd/ednsv:sha-45b406a
2026-07-24T13:51:42.9897663Z ##[endgroup]
2026-07-24T13:51:42.9975096Z ##[group]Docker labels
2026-07-24T13:51:42.9975627Z org.opencontainers.image.created=2026-07-24T13:51:42.980Z
2026-07-24T13:51:42.9976309Z org.opencontainers.image.description=
2026-07-24T13:51:42.9976844Z org.opencontainers.image.licenses=
2026-07-24T13:51:42.9977510Z org.opencontainers.image.revision=45b406a43f5b567b1e41b793cf4c7fafc2075b3e
2026-07-24T13:51:42.9978274Z org.opencontainers.image.source=https://github.com/pkinerd/ednsv
2026-07-24T13:51:42.9978855Z org.opencontainers.image.title=ednsv
2026-07-24T13:51:42.9979535Z org.opencontainers.image.url=https://github.com/pkinerd/ednsv
2026-07-24T13:51:42.9980197Z org.opencontainers.image.version=pr-27
2026-07-24T13:51:42.9980980Z ##[endgroup]
2026-07-24T13:51:42.9981570Z ##[group]Annotations
2026-07-24T13:51:42.9982267Z manifest:org.opencontainers.image.created=2026-07-24T13:51:42.980Z
2026-07-24T13:51:42.9982723Z manifest:org.opencontainers.image.description=
2026-07-24T13:51:42.9983413Z manifest:org.opencontainers.image.licenses=
2026-07-24T13:51:42.9984248Z manifest:org.opencontainers.image.revision=45b406a43f5b567b1e41b793cf4c7fafc2075b3e
2026-07-24T13:51:42.9985297Z manifest:org.opencontainers.image.source=https://github.com/pkinerd/ednsv
2026-07-24T13:51:42.9986140Z manifest:org.opencontainers.image.title=ednsv
2026-07-24T13:51:42.9986931Z manifest:org.opencontainers.image.url=https://github.com/pkinerd/ednsv
2026-07-24T13:51:42.9987684Z manifest:org.opencontainers.image.version=pr-27
2026-07-24T13:51:42.9988408Z ##[endgroup]
2026-07-24T13:51:42.9988767Z ##[group]JSON output
2026-07-24T13:51:42.9988965Z {
2026-07-24T13:51:42.9989124Z   "tags": [
2026-07-24T13:51:42.9989317Z     "ghcr.io/pkinerd/ednsv:pr-27",
2026-07-24T13:51:42.9989591Z     "ghcr.io/pkinerd/ednsv:latest-any",
2026-07-24T13:51:42.9989866Z     "ghcr.io/pkinerd/ednsv:sha-45b406a"
2026-07-24T13:51:42.9990123Z   ],
2026-07-24T13:51:42.9990292Z   "tag-names": [
2026-07-24T13:51:42.9990472Z     "pr-27",
2026-07-24T13:51:42.9990651Z     "latest-any",
2026-07-24T13:51:42.9990834Z     "sha-45b406a"
2026-07-24T13:51:42.9991006Z   ],
2026-07-24T13:51:42.9991170Z   "labels": {
2026-07-24T13:51:42.9991644Z     "org.opencontainers.image.created": "2026-07-24T13:51:42.980Z",
2026-07-24T13:51:42.9992037Z     "org.opencontainers.image.description": "",
2026-07-24T13:51:42.9992530Z     "org.opencontainers.image.licenses": "",
2026-07-24T13:51:42.9992978Z     "org.opencontainers.image.revision": "45b406a43f5b567b1e41b793cf4c7fafc2075b3e",
2026-07-24T13:51:42.9993904Z     "org.opencontainers.image.source": "https://github.com/pkinerd/ednsv",
2026-07-24T13:51:42.9994407Z     "org.opencontainers.image.title": "ednsv",
2026-07-24T13:51:42.9994805Z     "org.opencontainers.image.url": "https://github.com/pkinerd/ednsv",
2026-07-24T13:51:42.9995441Z     "org.opencontainers.image.version": "pr-27"
2026-07-24T13:51:42.9995704Z   },
2026-07-24T13:51:42.9995989Z   "annotations": [
2026-07-24T13:51:42.9996406Z     "manifest:org.opencontainers.image.created=2026-07-24T13:51:42.980Z",
2026-07-24T13:51:42.9996911Z     "manifest:org.opencontainers.image.description=",
2026-07-24T13:51:42.9997251Z     "manifest:org.opencontainers.image.licenses=",
2026-07-24T13:51:42.9997863Z     "manifest:org.opencontainers.image.revision=45b406a43f5b567b1e41b793cf4c7fafc2075b3e",
2026-07-24T13:51:42.9998510Z     "manifest:org.opencontainers.image.source=https://github.com/pkinerd/ednsv",
2026-07-24T13:51:42.9998965Z     "manifest:org.opencontainers.image.title=ednsv",
2026-07-24T13:51:42.9999377Z     "manifest:org.opencontainers.image.url=https://github.com/pkinerd/ednsv",
2026-07-24T13:51:43.0000114Z     "manifest:org.opencontainers.image.version=pr-27"
2026-07-24T13:51:43.0000671Z   ]
2026-07-24T13:51:43.0000969Z }
2026-07-24T13:51:43.0001309Z ##[endgroup]
2026-07-24T13:51:43.0001991Z ##[group]Bake file definition (tags)
2026-07-24T13:51:43.0002383Z {
2026-07-24T13:51:43.0002674Z   "target": {
2026-07-24T13:51:43.0003261Z     "docker-metadata-action": {
2026-07-24T13:51:43.0003743Z       "tags": [
2026-07-24T13:51:43.0004134Z         "ghcr.io/pkinerd/ednsv:pr-27",
2026-07-24T13:51:43.0004662Z         "ghcr.io/pkinerd/ednsv:latest-any",
2026-07-24T13:51:43.0005167Z         "ghcr.io/pkinerd/ednsv:sha-45b406a"
2026-07-24T13:51:43.0005621Z       ],
2026-07-24T13:51:43.0005952Z       "args": {
2026-07-24T13:51:43.0006362Z         "DOCKER_META_IMAGES": "ghcr.io/pkinerd/ednsv",
2026-07-24T13:51:43.0006900Z         "DOCKER_META_VERSION": "pr-27"
2026-07-24T13:51:43.0007334Z       }
2026-07-24T13:51:43.0007635Z     }
2026-07-24T13:51:43.0007926Z   }
2026-07-24T13:51:43.0008214Z }
2026-07-24T13:51:43.0008822Z ##[endgroup]
2026-07-24T13:51:43.0009507Z ##[group]Bake file definition (labels)
2026-07-24T13:51:43.0009954Z {
2026-07-24T13:51:43.0010240Z   "target": {
2026-07-24T13:51:43.0010898Z     "docker-metadata-action": {
2026-07-24T13:51:43.0011378Z       "labels": {
2026-07-24T13:51:43.0011883Z         "org.opencontainers.image.created": "2026-07-24T13:51:42.980Z",
2026-07-24T13:51:43.0012650Z         "org.opencontainers.image.description": "",
2026-07-24T13:51:43.0013564Z         "org.opencontainers.image.licenses": "",
2026-07-24T13:51:43.0014392Z         "org.opencontainers.image.revision": "45b406a43f5b567b1e41b793cf4c7fafc2075b3e",
2026-07-24T13:51:43.0015441Z         "org.opencontainers.image.source": "https://github.com/pkinerd/ednsv",
2026-07-24T13:51:43.0016245Z         "org.opencontainers.image.title": "ednsv",
2026-07-24T13:51:43.0017094Z         "org.opencontainers.image.url": "https://github.com/pkinerd/ednsv",
2026-07-24T13:51:43.0017948Z         "org.opencontainers.image.version": "pr-27"
2026-07-24T13:51:43.0018482Z       }
2026-07-24T13:51:43.0018835Z     }
2026-07-24T13:51:43.0019165Z   }
2026-07-24T13:51:43.0019482Z }
2026-07-24T13:51:43.0020121Z ##[endgroup]
2026-07-24T13:51:43.0020833Z ##[group]Bake file definition (annotations)
2026-07-24T13:51:43.0021378Z {
2026-07-24T13:51:43.0021715Z   "target": {
2026-07-24T13:51:43.0022138Z     "docker-metadata-action": {
2026-07-24T13:51:43.0022688Z       "annotations": [
2026-07-24T13:51:43.0023572Z         "manifest:org.opencontainers.image.created=2026-07-24T13:51:42.980Z",
2026-07-24T13:51:43.0024396Z         "manifest:org.opencontainers.image.description=",
2026-07-24T13:51:43.0025098Z         "manifest:org.opencontainers.image.licenses=",
2026-07-24T13:51:43.0026007Z         "manifest:org.opencontainers.image.revision=45b406a43f5b567b1e41b793cf4c7fafc2075b3e",
2026-07-24T13:51:43.0027203Z         "manifest:org.opencontainers.image.source=https://github.com/pkinerd/ednsv",
2026-07-24T13:51:43.0028139Z         "manifest:org.opencontainers.image.title=ednsv",
2026-07-24T13:51:43.0029007Z         "manifest:org.opencontainers.image.url=https://github.com/pkinerd/ednsv",
2026-07-24T13:51:43.0030251Z         "manifest:org.opencontainers.image.version=pr-27"
2026-07-24T13:51:43.0030887Z       ]
2026-07-24T13:51:43.0031218Z     }
2026-07-24T13:51:43.0031553Z   }
2026-07-24T13:51:43.0031872Z }
2026-07-24T13:51:43.0032560Z ##[endgroup]
2026-07-24T13:51:43.0208102Z Node 20 is being deprecated. This workflow is running with Node 24 by default. If you need to temporarily use Node 20, you can set the ACTIONS_ALLOW_USE_UNSECURE_NODE_VERSION=true environment variable. For more information see: https://github.blog/changelog/2025-09-19-deprecation-of-node-20-on-github-actions-runners/
2026-07-24T13:51:43.0209404Z ##[group]Run docker/build-push-action@v6
2026-07-24T13:51:43.0209679Z with:
2026-07-24T13:51:43.0209864Z   context: .
2026-07-24T13:51:43.0210053Z   file: ./Dockerfile
2026-07-24T13:51:43.0210257Z   push: true
2026-07-24T13:51:43.0210663Z   tags: ghcr.io/pkinerd/ednsv:pr-27
ghcr.io/pkinerd/ednsv:latest-any
ghcr.io/pkinerd/ednsv:sha-45b406a
2026-07-24T13:51:43.0212515Z   labels: org.opencontainers.image.created=2026-07-24T13:51:42.980Z
org.opencontainers.image.description=
org.opencontainers.image.licenses=
org.opencontainers.image.revision=45b406a43f5b567b1e41b793cf4c7fafc2075b3e
org.opencontainers.image.source=https://github.com/pkinerd/ednsv
org.opencontainers.image.title=ednsv
org.opencontainers.image.url=https://github.com/pkinerd/ednsv
org.opencontainers.image.version=pr-27
2026-07-24T13:51:43.0214433Z   cache-from: type=gha
2026-07-24T13:51:43.0214665Z   cache-to: type=gha,mode=max
2026-07-24T13:51:43.0214896Z   load: false
2026-07-24T13:51:43.0215081Z   no-cache: false
2026-07-24T13:51:43.0215270Z   pull: false
2026-07-24T13:51:43.0217866Z   github-token: ***
2026-07-24T13:51:43.0218071Z env:
2026-07-24T13:51:43.0218250Z   REGISTRY: ghcr.io
2026-07-24T13:51:43.0218454Z   IMAGE_NAME: pkinerd/ednsv
2026-07-24T13:51:43.0218700Z   DOCKER_METADATA_OUTPUT_VERSION: pr-27
2026-07-24T13:51:43.0219241Z   DOCKER_METADATA_OUTPUT_TAGS: ghcr.io/pkinerd/ednsv:pr-27
ghcr.io/pkinerd/ednsv:latest-any
ghcr.io/pkinerd/ednsv:sha-45b406a
2026-07-24T13:51:43.0219863Z   DOCKER_METADATA_OUTPUT_TAG_NAMES: pr-27
latest-any
sha-45b406a
2026-07-24T13:51:43.0221630Z   DOCKER_METADATA_OUTPUT_LABELS: org.opencontainers.image.created=2026-07-24T13:51:42.980Z
org.opencontainers.image.description=
org.opencontainers.image.licenses=
org.opencontainers.image.revision=45b406a43f5b567b1e41b793cf4c7fafc2075b3e
org.opencontainers.image.source=https://github.com/pkinerd/ednsv
org.opencontainers.image.title=ednsv
org.opencontainers.image.url=https://github.com/pkinerd/ednsv
org.opencontainers.image.version=pr-27
2026-07-24T13:51:43.0225117Z   DOCKER_METADATA_OUTPUT_ANNOTATIONS: manifest:org.opencontainers.image.created=2026-07-24T13:51:42.980Z
manifest:org.opencontainers.image.description=
manifest:org.opencontainers.image.licenses=
manifest:org.opencontainers.image.revision=45b406a43f5b567b1e41b793cf4c7fafc2075b3e
manifest:org.opencontainers.image.source=https://github.com/pkinerd/ednsv
manifest:org.opencontainers.image.title=ednsv
manifest:org.opencontainers.image.url=https://github.com/pkinerd/ednsv
manifest:org.opencontainers.image.version=pr-27
2026-07-24T13:51:43.0231024Z   DOCKER_METADATA_OUTPUT_JSON: {"tags":["ghcr.io/pkinerd/ednsv:pr-27","ghcr.io/pkinerd/ednsv:latest-any","ghcr.io/pkinerd/ednsv:sha-45b406a"],"tag-names":["pr-27","latest-any","sha-45b406a"],"labels":{"org.opencontainers.image.created":"2026-07-24T13:51:42.980Z","org.opencontainers.image.description":"","org.opencontainers.image.licenses":"","org.opencontainers.image.revision":"45b406a43f5b567b1e41b793cf4c7fafc2075b3e","org.opencontainers.image.source":"https://github.com/pkinerd/ednsv","org.opencontainers.image.title":"ednsv","org.opencontainers.image.url":"https://github.com/pkinerd/ednsv","org.opencontainers.image.version":"pr-27"},"annotations":["manifest:org.opencontainers.image.created=2026-07-24T13:51:42.980Z","manifest:org.opencontainers.image.description=","manifest:org.opencontainers.image.licenses=","manifest:org.opencontainers.image.revision=45b406a43f5b567b1e41b793cf4c7fafc2075b3e","manifest:org.opencontainers.image.source=https://github.com/pkinerd/ednsv","manifest:org.opencontainers.image.title=ednsv","manifest:org.opencontainers.image.url=https://github.com/pkinerd/ednsv","manifest:org.opencontainers.image.version=pr-27"]}
2026-07-24T13:51:43.0235837Z   DOCKER_METADATA_OUTPUT_BAKE_FILE_TAGS: /home/runner/work/_temp/docker-actions-toolkit-t4Q8wa/docker-metadata-action-bake-tags.json
2026-07-24T13:51:43.0236746Z   DOCKER_METADATA_OUTPUT_BAKE_FILE_LABELS: /home/runner/work/_temp/docker-actions-toolkit-t4Q8wa/docker-metadata-action-bake-labels.json
2026-07-24T13:51:43.0237711Z   DOCKER_METADATA_OUTPUT_BAKE_FILE_ANNOTATIONS: /home/runner/work/_temp/docker-actions-toolkit-t4Q8wa/docker-metadata-action-bake-annotations.json
2026-07-24T13:51:43.0238619Z   DOCKER_METADATA_OUTPUT_BAKE_FILE: /home/runner/work/_temp/docker-actions-toolkit-t4Q8wa/docker-metadata-action-bake.json
2026-07-24T13:51:43.0239152Z ##[endgroup]
2026-07-24T13:51:43.2669102Z (node:2744) [DEP0040] DeprecationWarning: The `punycode` module is deprecated. Please use a userland alternative instead.
2026-07-24T13:51:43.2670348Z (Use `node --trace-deprecation ...` to show where the warning was created)
2026-07-24T13:51:43.2690853Z ##[group]GitHub Actions runtime token ACs
2026-07-24T13:51:43.2699279Z refs/pull/27/merge: read/write
2026-07-24T13:51:43.2700169Z refs/heads/main: read
2026-07-24T13:51:43.2701673Z ##[endgroup]
2026-07-24T13:51:43.2702819Z ##[group]Docker info
2026-07-24T13:51:43.2768810Z [command]/usr/bin/docker version
2026-07-24T13:51:43.3069467Z Client: Docker Engine - Community
2026-07-24T13:51:43.3094139Z  Version:           28.0.4
2026-07-24T13:51:43.3094982Z  API version:       1.48
2026-07-24T13:51:43.3095929Z  Go version:        go1.23.7
2026-07-24T13:51:43.3096898Z  Git commit:        b8034c0
2026-07-24T13:51:43.3097516Z  Built:             Tue Mar 25 15:07:16 2025
2026-07-24T13:51:43.3098483Z  OS/Arch:           linux/amd64
2026-07-24T13:51:43.3099524Z  Context:           default
2026-07-24T13:51:43.3099905Z 
2026-07-24T13:51:43.3100126Z Server: Docker Engine - Community
2026-07-24T13:51:43.3101145Z  Engine:
2026-07-24T13:51:43.3101955Z   Version:          28.0.4
2026-07-24T13:51:43.3102644Z   API version:      1.48 (minimum version 1.24)
2026-07-24T13:51:43.3103688Z   Go version:       go1.23.7
2026-07-24T13:51:43.3120631Z   Git commit:       6430e49
2026-07-24T13:51:43.3121106Z   Built:            Tue Mar 25 15:07:16 2025
2026-07-24T13:51:43.3121601Z   OS/Arch:          linux/amd64
2026-07-24T13:51:43.3122018Z   Experimental:     false
2026-07-24T13:51:43.3122407Z  containerd:
2026-07-24T13:51:43.3122740Z   Version:          v2.2.6
2026-07-24T13:51:43.3123480Z   GitCommit:        11ce9d5f3c68c941867e82890e93e815c1304f1b
2026-07-24T13:51:43.3124021Z  runc:
2026-07-24T13:51:43.3124342Z   Version:          1.3.6
2026-07-24T13:51:43.3124752Z   GitCommit:        v1.3.6-0-g491b69ba
2026-07-24T13:51:43.3136080Z  docker-init:
2026-07-24T13:51:43.3136617Z   Version:          0.19.0
2026-07-24T13:51:43.3137216Z   GitCommit:        de40ad0
2026-07-24T13:51:43.3138317Z [command]/usr/bin/docker info
2026-07-24T13:51:43.3791059Z Client: Docker Engine - Community
2026-07-24T13:51:43.3791642Z  Version:    28.0.4
2026-07-24T13:51:43.3792038Z  Context:    default
2026-07-24T13:51:43.3792370Z  Debug Mode: false
2026-07-24T13:51:43.3792719Z  Plugins:
2026-07-24T13:51:43.3793322Z   buildx: Docker Buildx (Docker Inc.)
2026-07-24T13:51:43.3793922Z     Version:  v0.35.0
2026-07-24T13:51:43.3794389Z     Path:     /usr/libexec/docker/cli-plugins/docker-buildx
2026-07-24T13:51:43.3794948Z   compose: Docker Compose (Docker Inc.)
2026-07-24T13:51:43.3795235Z     Version:  v2.38.2
2026-07-24T13:51:43.3795503Z     Path:     /usr/libexec/docker/cli-plugins/docker-compose
2026-07-24T13:51:43.3795738Z 
2026-07-24T13:51:43.3795808Z Server:
2026-07-24T13:51:43.3795981Z  Containers: 1
2026-07-24T13:51:43.3796162Z   Running: 1
2026-07-24T13:51:43.3796338Z   Paused: 0
2026-07-24T13:51:43.3796788Z   Stopped: 0
2026-07-24T13:51:43.3796966Z  Images: 7
2026-07-24T13:51:43.3797144Z  Server Version: 28.0.4
2026-07-24T13:51:43.3797363Z  Storage Driver: overlay2
2026-07-24T13:51:43.3797589Z   Backing Filesystem: extfs
2026-07-24T13:51:43.3797815Z   Supports d_type: true
2026-07-24T13:51:43.3798163Z   Using metacopy: false
2026-07-24T13:51:43.3798380Z   Native Overlay Diff: false
2026-07-24T13:51:43.3798599Z   userxattr: false
2026-07-24T13:51:43.3798798Z  Logging Driver: json-file
2026-07-24T13:51:43.3799013Z  Cgroup Driver: systemd
2026-07-24T13:51:43.3799213Z  Cgroup Version: 2
2026-07-24T13:51:43.3799395Z  Plugins:
2026-07-24T13:51:43.3799570Z   Volume: local
2026-07-24T13:51:43.3799791Z   Network: bridge host ipvlan macvlan null overlay
2026-07-24T13:51:43.3800184Z   Log: awslogs fluentd gcplogs gelf journald json-file local splunk syslog
2026-07-24T13:51:43.3800553Z  Swarm: inactive
2026-07-24T13:51:43.3800765Z  Runtimes: io.containerd.runc.v2 runc
2026-07-24T13:51:43.3801022Z  Default Runtime: runc
2026-07-24T13:51:43.3801239Z  Init Binary: docker-init
2026-07-24T13:51:43.3801567Z  containerd version: 11ce9d5f3c68c941867e82890e93e815c1304f1b
2026-07-24T13:51:43.3801898Z  runc version: v1.3.6-0-g491b69ba
2026-07-24T13:51:43.3802140Z  init version: de40ad0
2026-07-24T13:51:43.3802349Z  Security Options:
2026-07-24T13:51:43.3802538Z   apparmor
2026-07-24T13:51:43.3802711Z   seccomp
2026-07-24T13:51:43.3802880Z    Profile: builtin
2026-07-24T13:51:43.3803662Z   cgroupns
2026-07-24T13:51:43.3803886Z  Kernel Version: 6.17.0-1020-azure
2026-07-24T13:51:43.3804156Z  Operating System: Ubuntu 24.04.4 LTS
2026-07-24T13:51:43.3804405Z  OSType: linux
2026-07-24T13:51:43.3804598Z  Architecture: x86_64
2026-07-24T13:51:43.3804798Z  CPUs: 4
2026-07-24T13:51:43.3804977Z  Total Memory: 15.61GiB
2026-07-24T13:51:43.3805188Z  Name: runnervmvrwv9
2026-07-24T13:51:43.3805413Z  ID: dce1e4a9-fc26-4218-aaf0-feee5194c8cb
2026-07-24T13:51:43.3805693Z  Docker Root Dir: /var/lib/docker
2026-07-24T13:51:43.3805934Z  Debug Mode: false
2026-07-24T13:51:43.3806142Z  Username: githubactions
2026-07-24T13:51:43.3806361Z  Experimental: false
2026-07-24T13:51:43.3806564Z  Insecure Registries:
2026-07-24T13:51:43.3806785Z   ::1/128
2026-07-24T13:51:43.3806952Z   127.0.0.0/8
2026-07-24T13:51:43.3807147Z  Live Restore Enabled: false
2026-07-24T13:51:43.3807293Z 
2026-07-24T13:51:43.3810893Z ##[endgroup]
2026-07-24T13:51:43.3811496Z ##[group]Proxy configuration
2026-07-24T13:51:43.3814647Z No proxy configuration found
2026-07-24T13:51:43.3815291Z ##[endgroup]
2026-07-24T13:51:43.4441003Z ##[group]Buildx version
2026-07-24T13:51:43.4464563Z [command]/usr/bin/docker buildx version
2026-07-24T13:51:43.4958920Z github.com/docker/buildx v0.35.0 a319e5b15052cf6557ceb666eb8ff6e32380b782
2026-07-24T13:51:43.4990594Z ##[endgroup]
2026-07-24T13:51:43.4991181Z ##[group]Builder info
2026-07-24T13:51:43.5909542Z {
2026-07-24T13:51:43.5910088Z   "nodes": [
2026-07-24T13:51:43.5910463Z     {
2026-07-24T13:51:43.5911113Z       "name": "builder-5d4c168a-77c4-4cdd-a0f1-844bdfad84990",
2026-07-24T13:51:43.5911973Z       "endpoint": "unix:///var/run/docker.sock",
2026-07-24T13:51:43.5912652Z       "status": "running",
2026-07-24T13:51:43.5915264Z       "buildkitd-flags": "--allow-insecure-entitlement security.insecure --allow-insecure-entitlement network.host",
2026-07-24T13:51:43.5916508Z       "buildkit": "v0.31.2",
2026-07-24T13:51:43.5917335Z       "platforms": "linux/amd64,linux/amd64/v2,linux/amd64/v3,linux/386",
2026-07-24T13:51:43.5918300Z       "features": {
2026-07-24T13:51:43.5919072Z         "Automatically load images to the Docker Engine image store": true,
2026-07-24T13:51:43.5920044Z         "Cache export": true,
2026-07-24T13:51:43.5920666Z         "Direct push": true,
2026-07-24T13:51:43.5921268Z         "Docker exporter": true,
2026-07-24T13:51:43.5921931Z         "Multi-platform build": true,
2026-07-24T13:51:43.5922576Z         "OCI exporter": true
2026-07-24T13:51:43.5923417Z       },
2026-07-24T13:51:43.5923901Z       "labels": {
2026-07-24T13:51:43.5924897Z         "org.mobyproject.buildkit.worker.executor": "oci",
2026-07-24T13:51:43.5925771Z         "org.mobyproject.buildkit.worker.hostname": "9cacad234dd7",
2026-07-24T13:51:43.5926689Z         "org.mobyproject.buildkit.worker.network": "host",
2026-07-24T13:51:43.5927906Z         "org.mobyproject.buildkit.worker.oci.process-mode": "sandbox",
2026-07-24T13:51:43.5929077Z         "org.mobyproject.buildkit.worker.selinux.enabled": "false",
2026-07-24T13:51:43.5930221Z         "org.mobyproject.buildkit.worker.snapshotter": "overlayfs"
2026-07-24T13:51:43.5931180Z       },
2026-07-24T13:51:43.5931737Z       "gcPolicy": [
2026-07-24T13:51:43.5932285Z         {
2026-07-24T13:51:43.5932850Z           "all": false,
2026-07-24T13:51:43.5933711Z           "filter": [
2026-07-24T13:51:43.5934536Z             "type==source.local type==exec.cachemount type==source.git.checkout"
2026-07-24T13:51:43.5935572Z           ],
2026-07-24T13:51:43.5936157Z           "keepDuration": "48h0m0s",
2026-07-24T13:51:43.5936861Z           "maxUsedSpace": "488.3MiB"
2026-07-24T13:51:43.5937464Z         },
2026-07-24T13:51:43.5938004Z         {
2026-07-24T13:51:43.5938574Z           "all": false,
2026-07-24T13:51:43.5939178Z           "keepDuration": "1440h0m0s",
2026-07-24T13:51:43.5939919Z           "reservedSpace": "7.451GiB",
2026-07-24T13:51:43.5940645Z           "maxUsedSpace": "54.02GiB",
2026-07-24T13:51:43.5941338Z           "minFreeSpace": "13.97GiB"
2026-07-24T13:51:43.5941999Z         },
2026-07-24T13:51:43.5942525Z         {
2026-07-24T13:51:43.5943377Z           "all": false,
2026-07-24T13:51:43.5944132Z           "reservedSpace": "7.451GiB",
2026-07-24T13:51:43.5944835Z           "maxUsedSpace": "54.02GiB",
2026-07-24T13:51:43.5945490Z           "minFreeSpace": "13.97GiB"
2026-07-24T13:51:43.5946196Z         },
2026-07-24T13:51:43.5946743Z         {
2026-07-24T13:51:43.5947307Z           "all": true,
2026-07-24T13:51:43.5948007Z           "reservedSpace": "7.451GiB",
2026-07-24T13:51:43.5948747Z           "maxUsedSpace": "54.02GiB",
2026-07-24T13:51:43.5949417Z           "minFreeSpace": "13.97GiB"
2026-07-24T13:51:43.5950006Z         }
2026-07-24T13:51:43.5950527Z       ]
2026-07-24T13:51:43.5951060Z     }
2026-07-24T13:51:43.5951595Z   ],
2026-07-24T13:51:43.5952250Z   "name": "builder-5d4c168a-77c4-4cdd-a0f1-844bdfad8499",
2026-07-24T13:51:43.5953299Z   "driver": "docker-container",
2026-07-24T13:51:43.5954044Z   "lastActivity": "2026-07-24T13:51:38.000Z"
2026-07-24T13:51:43.5954771Z }
2026-07-24T13:51:43.5955693Z ##[endgroup]
2026-07-24T13:51:43.7558127Z [command]/usr/bin/docker buildx build --cache-from type=gha --cache-to type=gha,mode=max --file ./Dockerfile --iidfile /home/runner/work/_temp/docker-actions-toolkit-kAYQZc/build-iidfile-702e7af283.txt --label org.opencontainers.image.created=2026-07-24T13:51:42.980Z --label org.opencontainers.image.description= --label org.opencontainers.image.licenses= --label org.opencontainers.image.revision=45b406a43f5b567b1e41b793cf4c7fafc2075b3e --label org.opencontainers.image.source=https://github.com/pkinerd/ednsv --label org.opencontainers.image.title=ednsv --label org.opencontainers.image.url=https://github.com/pkinerd/ednsv --label org.opencontainers.image.version=pr-27 --attest type=provenance,mode=max,builder-id=https://github.com/pkinerd/ednsv/actions/runs/30098528017/attempts/1 --tag ghcr.io/pkinerd/ednsv:pr-27 --tag ghcr.io/pkinerd/ednsv:latest-any --tag ghcr.io/pkinerd/ednsv:sha-45b406a --metadata-file /home/runner/work/_temp/docker-actions-toolkit-kAYQZc/build-metadata-2978dc96ec.json --push .
2026-07-24T13:51:44.0516953Z #0 building with "builder-5d4c168a-77c4-4cdd-a0f1-844bdfad8499" instance using docker-container driver
2026-07-24T13:51:44.0517645Z 
2026-07-24T13:51:44.0517804Z #1 [internal] load build definition from Dockerfile
2026-07-24T13:51:44.0518190Z #1 transferring dockerfile: 827B done
2026-07-24T13:51:44.0518489Z #1 DONE 0.0s
2026-07-24T13:51:44.0518625Z 
2026-07-24T13:51:44.0518816Z #2 [auth] docker/dockerfile:pull token for registry-1.docker.io
2026-07-24T13:51:44.0519488Z #2 DONE 0.0s
2026-07-24T13:51:44.0519623Z 
2026-07-24T13:51:44.0519887Z #3 resolve image config for docker-image://docker.io/docker/dockerfile:1.7
2026-07-24T13:51:44.1580339Z #3 DONE 0.3s
2026-07-24T13:51:44.3282977Z 
2026-07-24T13:51:44.3285942Z #4 docker-image://docker.io/docker/dockerfile:1.7@sha256:a57df69d0ea827fb7266491f2813635de6f17269be881f696fbfdf2d83dda33e
2026-07-24T13:51:44.3286855Z #4 resolve docker.io/docker/dockerfile:1.7@sha256:a57df69d0ea827fb7266491f2813635de6f17269be881f696fbfdf2d83dda33e done
2026-07-24T13:51:44.3287615Z #4 sha256:96918c57e42509b97f10c074d80672ecdbd3bb7dcd38c1bd95960cf291207416 11.98MB / 11.98MB 0.1s done
2026-07-24T13:51:44.3288258Z #4 extracting sha256:96918c57e42509b97f10c074d80672ecdbd3bb7dcd38c1bd95960cf291207416 0.1s done
2026-07-24T13:51:44.3288695Z #4 DONE 0.2s
2026-07-24T13:51:44.5106393Z 
2026-07-24T13:51:44.5107117Z #5 [internal] load metadata for mcr.microsoft.com/dotnet/aspnet:8.0
2026-07-24T13:51:44.5107775Z #5 DONE 0.1s
2026-07-24T13:51:44.5108018Z 
2026-07-24T13:51:44.5108226Z #6 [internal] load metadata for mcr.microsoft.com/dotnet/sdk:8.0
2026-07-24T13:51:44.6110855Z #6 DONE 0.1s
2026-07-24T13:51:44.6111197Z 
2026-07-24T13:51:44.6112434Z #7 [internal] load .dockerignore
2026-07-24T13:51:44.6114147Z #7 transferring context: 249B done
2026-07-24T13:51:44.6114837Z #7 DONE 0.0s
2026-07-24T13:51:44.6115241Z 
2026-07-24T13:51:44.6115589Z #8 [internal] load build context
2026-07-24T13:51:44.6116218Z #8 DONE 0.0s
2026-07-24T13:51:44.6116602Z 
2026-07-24T13:51:44.6117449Z #9 [runtime 1/3] FROM mcr.microsoft.com/dotnet/aspnet:8.0@sha256:9822a6201c64c9f38b8a190832a7ae21cd30150d509b3ea170fd83b4f4e6166a
2026-07-24T13:51:44.6118858Z #9 resolve mcr.microsoft.com/dotnet/aspnet:8.0@sha256:9822a6201c64c9f38b8a190832a7ae21cd30150d509b3ea170fd83b4f4e6166a done
2026-07-24T13:51:44.6119514Z #9 DONE 0.0s
2026-07-24T13:51:44.6119740Z 
2026-07-24T13:51:44.6120474Z #10 [build 1/8] FROM mcr.microsoft.com/dotnet/sdk:8.0@sha256:89ce6291bde9acdf59594e79fb8277c6d84c46e4b1f5bf126a4f18766e4bd597
2026-07-24T13:51:44.6121677Z #10 resolve mcr.microsoft.com/dotnet/sdk:8.0@sha256:89ce6291bde9acdf59594e79fb8277c6d84c46e4b1f5bf126a4f18766e4bd597 done
2026-07-24T13:51:44.6122360Z #10 DONE 0.0s
2026-07-24T13:51:44.6122778Z 
2026-07-24T13:51:44.6123424Z #11 importing cache manifest from gha:640757571166968695
2026-07-24T13:51:44.6124200Z #11 DONE 0.1s
2026-07-24T13:51:44.7411115Z 
2026-07-24T13:51:44.7413411Z #8 [internal] load build context
2026-07-24T13:51:44.7414577Z #8 transferring context: 826.28kB 0.0s done
2026-07-24T13:51:44.7417947Z #8 DONE 0.0s
2026-07-24T13:51:44.7418497Z 
2026-07-24T13:51:44.7419204Z #12 [build 4/8] COPY src/Ednsv.Web/Ednsv.Web.csproj src/Ednsv.Web/
2026-07-24T13:51:44.7419762Z #12 CACHED
2026-07-24T13:51:44.7420238Z 
2026-07-24T13:51:44.7420562Z #13 [build 2/8] WORKDIR /src
2026-07-24T13:51:44.7421429Z #13 CACHED
2026-07-24T13:51:44.7421629Z 
2026-07-24T13:51:44.7421926Z #14 [build 3/8] COPY src/Ednsv.Core/Ednsv.Core.csproj src/Ednsv.Core/
2026-07-24T13:51:44.7422830Z #14 CACHED
2026-07-24T13:51:44.7423008Z 
2026-07-24T13:51:44.7423296Z #15 [build 5/8] RUN dotnet restore src/Ednsv.Web/Ednsv.Web.csproj
2026-07-24T13:51:44.7424228Z #15 CACHED
2026-07-24T13:51:44.8491212Z 
2026-07-24T13:51:44.8492045Z #15 [build 5/8] RUN dotnet restore src/Ednsv.Web/Ednsv.Web.csproj
2026-07-24T13:51:44.8492743Z #15 sha256:a8149a111a6fb6479dbd4fc7d6ad0bebbdaba37313113f74813b465baf1959c0 437B / 437B 0.0s done
2026-07-24T13:51:44.8493853Z #15 sha256:527e962643720863df9b6d7e1029f629eb5f4ae8ec95166afd6bb178bbbbe997 93B / 93B 0.0s done
2026-07-24T13:51:44.8494774Z #15 sha256:211371f29f7c4fca7eb7a209f41f8321ed68dd15ab2594c8f8566a2c0c1457da 456B / 456B done
2026-07-24T13:51:44.8495925Z #15 sha256:669b654f76f36f76f7e9ee1d5a81a55def35a6aab072f561e6417db52da31b7a 2.69kB / 2.69kB 0.1s done
2026-07-24T13:51:44.9568298Z #15 sha256:ce2c57129a410f21f57267ecac2abd3ee7a9d09910bdb87562a28c267c3939d9 4.19MB / 74.96MB 0.2s
2026-07-24T13:51:44.9569370Z #15 sha256:4a1adfe703f2293ec5cde3dd610e571357be78d64c0d3de84e96ca94d8439dbf 2.10MB / 17.06MB 0.2s
2026-07-24T13:51:44.9570458Z #15 sha256:b0d7d832459327548cd7a8510001f16e317e0620d38b30d75a6ba9c5b1a1482d 5.24MB / 177.89MB 0.2s
2026-07-24T13:51:45.1068399Z #15 sha256:ce2c57129a410f21f57267ecac2abd3ee7a9d09910bdb87562a28c267c3939d9 9.44MB / 74.96MB 0.3s
2026-07-24T13:51:45.1069658Z #15 sha256:4a1adfe703f2293ec5cde3dd610e571357be78d64c0d3de84e96ca94d8439dbf 17.06MB / 17.06MB 0.3s done
2026-07-24T13:51:45.1070922Z #15 sha256:b0d7d832459327548cd7a8510001f16e317e0620d38b30d75a6ba9c5b1a1482d 24.12MB / 177.89MB 0.3s
2026-07-24T13:51:45.1071928Z #15 sha256:f643d834db55faad1eb60e02f90129bbc582d5780c4ab56e4f2c610a7f5b9583 2.10MB / 31.09MB 0.2s
2026-07-24T13:51:45.2084347Z #15 sha256:ce2c57129a410f21f57267ecac2abd3ee7a9d09910bdb87562a28c267c3939d9 14.68MB / 74.96MB 0.5s
2026-07-24T13:51:45.2085694Z #15 sha256:f643d834db55faad1eb60e02f90129bbc582d5780c4ab56e4f2c610a7f5b9583 31.09MB / 31.09MB 0.4s done
2026-07-24T13:51:45.2086770Z #15 sha256:e1832c1b48a6042dc2be559908683ef9dae2586a8d8e47c9c9fbc48c6aa03c2e 11.10MB / 11.10MB 0.1s done
2026-07-24T13:51:45.2087856Z #15 sha256:0e5539ed2775bdbdae40e349b882518e23f72473c3c0ee9b36fbe3b48430ff6d 164B / 164B 0.0s done
2026-07-24T13:51:45.3472316Z #15 sha256:ce2c57129a410f21f57267ecac2abd3ee7a9d09910bdb87562a28c267c3939d9 22.02MB / 74.96MB 0.6s
2026-07-24T13:51:45.3475573Z #15 sha256:33ab927dd0b40e0e12b1c744ea555a3d4bd3d5134535dfbda2d86ee99a868ea0 3.33kB / 3.33kB 0.0s done
2026-07-24T13:51:45.3478423Z #15 sha256:369e46e487316155d09f898ec50c02180d49f7ac3f9a3f6069b0d21d80557714 6.29MB / 32.26MB 0.2s
2026-07-24T13:51:45.4964616Z #15 sha256:ce2c57129a410f21f57267ecac2abd3ee7a9d09910bdb87562a28c267c3939d9 27.26MB / 74.96MB 0.8s
2026-07-24T13:51:45.4968377Z #15 sha256:b0d7d832459327548cd7a8510001f16e317e0620d38b30d75a6ba9c5b1a1482d 50.33MB / 177.89MB 0.6s
2026-07-24T13:51:45.4970080Z #15 sha256:369e46e487316155d09f898ec50c02180d49f7ac3f9a3f6069b0d21d80557714 18.87MB / 32.26MB 0.3s
2026-07-24T13:51:45.4971634Z #15 sha256:5cc52b0eabac9e33649ff857181545e129e3763895cd0c30a82ef5a4f532659f 18.74MB / 18.74MB 0.2s done
2026-07-24T13:51:45.6458079Z #15 sha256:ce2c57129a410f21f57267ecac2abd3ee7a9d09910bdb87562a28c267c3939d9 32.51MB / 74.96MB 0.9s
2026-07-24T13:51:45.6459994Z #15 sha256:b0d7d832459327548cd7a8510001f16e317e0620d38b30d75a6ba9c5b1a1482d 73.40MB / 177.89MB 0.8s
2026-07-24T13:51:45.6461450Z #15 sha256:369e46e487316155d09f898ec50c02180d49f7ac3f9a3f6069b0d21d80557714 32.26MB / 32.26MB 0.4s done
2026-07-24T13:51:45.6462815Z #15 sha256:68629629b516c3cd6f5e71ffbe18e32afb1ae5b4926c92d058c0f11ef1fd58a3 4.19MB / 28.24MB 0.2s
2026-07-24T13:51:45.7957020Z #15 sha256:ce2c57129a410f21f57267ecac2abd3ee7a9d09910bdb87562a28c267c3939d9 37.75MB / 74.96MB 1.1s
2026-07-24T13:51:45.7961263Z #15 sha256:b0d7d832459327548cd7a8510001f16e317e0620d38b30d75a6ba9c5b1a1482d 94.37MB / 177.89MB 0.9s
2026-07-24T13:51:45.7963417Z #15 sha256:68629629b516c3cd6f5e71ffbe18e32afb1ae5b4926c92d058c0f11ef1fd58a3 28.24MB / 28.24MB 0.3s done
2026-07-24T13:51:45.7967560Z #15 extracting sha256:68629629b516c3cd6f5e71ffbe18e32afb1ae5b4926c92d058c0f11ef1fd58a3
2026-07-24T13:51:45.9456023Z #15 sha256:b0d7d832459327548cd7a8510001f16e317e0620d38b30d75a6ba9c5b1a1482d 115.34MB / 177.89MB 1.1s
2026-07-24T13:51:46.0952078Z #15 sha256:ce2c57129a410f21f57267ecac2abd3ee7a9d09910bdb87562a28c267c3939d9 46.14MB / 74.96MB 1.4s
2026-07-24T13:51:46.0953483Z #15 sha256:b0d7d832459327548cd7a8510001f16e317e0620d38b30d75a6ba9c5b1a1482d 138.41MB / 177.89MB 1.2s
2026-07-24T13:51:46.2469330Z #15 sha256:ce2c57129a410f21f57267ecac2abd3ee7a9d09910bdb87562a28c267c3939d9 50.33MB / 74.96MB 1.5s
2026-07-24T13:51:46.2470953Z #15 sha256:b0d7d832459327548cd7a8510001f16e317e0620d38b30d75a6ba9c5b1a1482d 160.43MB / 177.89MB 1.4s
2026-07-24T13:51:46.3952066Z #15 sha256:b0d7d832459327548cd7a8510001f16e317e0620d38b30d75a6ba9c5b1a1482d 177.89MB / 177.89MB 1.6s done
2026-07-24T13:51:46.5450611Z #15 sha256:ce2c57129a410f21f57267ecac2abd3ee7a9d09910bdb87562a28c267c3939d9 60.82MB / 74.96MB 1.8s
2026-07-24T13:51:46.6953569Z #15 extracting sha256:68629629b516c3cd6f5e71ffbe18e32afb1ae5b4926c92d058c0f11ef1fd58a3 0.9s done
2026-07-24T13:51:46.6955419Z #15 extracting sha256:5cc52b0eabac9e33649ff857181545e129e3763895cd0c30a82ef5a4f532659f
2026-07-24T13:51:46.8452166Z #15 sha256:ce2c57129a410f21f57267ecac2abd3ee7a9d09910bdb87562a28c267c3939d9 69.21MB / 74.96MB 2.1s
2026-07-24T13:51:46.9933247Z #15 sha256:ce2c57129a410f21f57267ecac2abd3ee7a9d09910bdb87562a28c267c3939d9 74.96MB / 74.96MB 2.2s done
2026-07-24T13:51:46.9934880Z #15 extracting sha256:5cc52b0eabac9e33649ff857181545e129e3763895cd0c30a82ef5a4f532659f 0.3s done
2026-07-24T13:51:46.9937949Z #15 extracting sha256:33ab927dd0b40e0e12b1c744ea555a3d4bd3d5134535dfbda2d86ee99a868ea0 done
2026-07-24T13:51:46.9939259Z #15 extracting sha256:369e46e487316155d09f898ec50c02180d49f7ac3f9a3f6069b0d21d80557714
2026-07-24T13:51:47.2164688Z #15 extracting sha256:369e46e487316155d09f898ec50c02180d49f7ac3f9a3f6069b0d21d80557714 0.4s done
2026-07-24T13:51:47.2165942Z #15 DONE 2.6s
2026-07-24T13:51:47.3406458Z 
2026-07-24T13:51:47.3407123Z #15 [build 5/8] RUN dotnet restore src/Ednsv.Web/Ednsv.Web.csproj
2026-07-24T13:51:47.3408081Z #15 extracting sha256:0e5539ed2775bdbdae40e349b882518e23f72473c3c0ee9b36fbe3b48430ff6d done
2026-07-24T13:51:47.3409234Z #15 extracting sha256:e1832c1b48a6042dc2be559908683ef9dae2586a8d8e47c9c9fbc48c6aa03c2e 0.1s done
2026-07-24T13:51:47.3410002Z #15 DONE 2.7s
2026-07-24T13:51:47.4919365Z 
2026-07-24T13:51:47.4920371Z #15 [build 5/8] RUN dotnet restore src/Ednsv.Web/Ednsv.Web.csproj
2026-07-24T13:51:47.4921315Z #15 extracting sha256:f643d834db55faad1eb60e02f90129bbc582d5780c4ab56e4f2c610a7f5b9583
2026-07-24T13:51:48.0009296Z #15 extracting sha256:f643d834db55faad1eb60e02f90129bbc582d5780c4ab56e4f2c610a7f5b9583 0.7s done
2026-07-24T13:51:48.0011271Z #15 DONE 3.4s
2026-07-24T13:51:48.1519141Z 
2026-07-24T13:51:48.1520835Z #15 [build 5/8] RUN dotnet restore src/Ednsv.Web/Ednsv.Web.csproj
2026-07-24T13:51:48.1522099Z #15 extracting sha256:b0d7d832459327548cd7a8510001f16e317e0620d38b30d75a6ba9c5b1a1482d
2026-07-24T13:51:50.5490017Z #15 extracting sha256:b0d7d832459327548cd7a8510001f16e317e0620d38b30d75a6ba9c5b1a1482d 2.5s done
2026-07-24T13:51:50.5491033Z #15 DONE 5.9s
2026-07-24T13:51:50.7069541Z 
2026-07-24T13:51:50.7070079Z #15 [build 5/8] RUN dotnet restore src/Ednsv.Web/Ednsv.Web.csproj
2026-07-24T13:51:50.7070993Z #15 extracting sha256:669b654f76f36f76f7e9ee1d5a81a55def35a6aab072f561e6417db52da31b7a done
2026-07-24T13:51:50.7071672Z #15 extracting sha256:4a1adfe703f2293ec5cde3dd610e571357be78d64c0d3de84e96ca94d8439dbf
2026-07-24T13:51:50.8434438Z #15 extracting sha256:4a1adfe703f2293ec5cde3dd610e571357be78d64c0d3de84e96ca94d8439dbf 0.3s done
2026-07-24T13:51:50.8435704Z #15 DONE 6.2s
2026-07-24T13:51:51.0123581Z 
2026-07-24T13:51:51.0134202Z #15 [build 5/8] RUN dotnet restore src/Ednsv.Web/Ednsv.Web.csproj
2026-07-24T13:51:51.0135292Z #15 extracting sha256:527e962643720863df9b6d7e1029f629eb5f4ae8ec95166afd6bb178bbbbe997 done
2026-07-24T13:51:51.0136452Z #15 extracting sha256:a8149a111a6fb6479dbd4fc7d6ad0bebbdaba37313113f74813b465baf1959c0 done
2026-07-24T13:51:51.0137790Z #15 extracting sha256:211371f29f7c4fca7eb7a209f41f8321ed68dd15ab2594c8f8566a2c0c1457da done
2026-07-24T13:51:51.0138894Z #15 extracting sha256:ce2c57129a410f21f57267ecac2abd3ee7a9d09910bdb87562a28c267c3939d9
2026-07-24T13:51:51.6780624Z #15 extracting sha256:ce2c57129a410f21f57267ecac2abd3ee7a9d09910bdb87562a28c267c3939d9 0.8s done
2026-07-24T13:51:51.6781663Z #15 DONE 7.0s
2026-07-24T13:51:51.8286254Z 
2026-07-24T13:51:51.8286822Z #16 [build 6/8] COPY src/Ednsv.Core/ src/Ednsv.Core/
2026-07-24T13:51:53.9429847Z #16 DONE 2.3s
2026-07-24T13:51:54.1071615Z 
2026-07-24T13:51:54.1072207Z #17 [build 7/8] COPY src/Ednsv.Web/ src/Ednsv.Web/
2026-07-24T13:51:54.1072761Z #17 DONE 0.0s
2026-07-24T13:51:54.1072943Z 
2026-07-24T13:51:54.1074121Z #18 [build 8/8] RUN dotnet publish src/Ednsv.Web/Ednsv.Web.csproj         --configuration Release         --no-restore         --output /app/publish         /p:UseAppHost=false
2026-07-24T13:51:58.8058678Z #18 4.849   Ednsv.Core -> /src/src/Ednsv.Core/bin/Release/net8.0/Ednsv.Core.dll
2026-07-24T13:52:00.6340726Z #18 6.677   Ednsv.Web -> /src/src/Ednsv.Web/bin/Release/net8.0/Ednsv.Web.dll
2026-07-24T13:52:00.7988391Z #18 6.758   Ednsv.Web -> /app/publish/
2026-07-24T13:52:00.7989431Z #18 DONE 6.8s
2026-07-24T13:52:01.0413095Z 
2026-07-24T13:52:01.0413962Z #19 [runtime 2/3] WORKDIR /app
2026-07-24T13:52:01.0414629Z #19 sha256:bdfb1b7be15f0038506cb2710b7f14f953d0fe0b5f6f7b8d1d91b1f840367f0b 93B / 93B 0.0s done
2026-07-24T13:52:01.0415540Z #19 extracting sha256:bdfb1b7be15f0038506cb2710b7f14f953d0fe0b5f6f7b8d1d91b1f840367f0b done
2026-07-24T13:52:01.0416139Z #19 DONE 0.1s
2026-07-24T13:52:01.0416290Z 
2026-07-24T13:52:01.0416737Z #20 [runtime 3/3] COPY --from=build /app/publish ./
2026-07-24T13:52:01.0417258Z #20 DONE 0.0s
2026-07-24T13:52:01.0417453Z 
2026-07-24T13:52:01.0417600Z #21 exporting to image
2026-07-24T13:52:01.0417964Z #21 exporting layers
2026-07-24T13:52:01.1248118Z #21 exporting layers 0.2s done
2026-07-24T13:52:01.3238664Z #21 ...
2026-07-24T13:52:01.3239045Z 
2026-07-24T13:52:01.3239634Z #22 [auth] pkinerd/ednsv:pull,push token for ghcr.io
2026-07-24T13:52:01.3240344Z #22 DONE 0.0s
2026-07-24T13:52:01.3240586Z 
2026-07-24T13:52:01.3240733Z #21 exporting to image
2026-07-24T13:52:01.3241375Z #21 exporting manifest sha256:764989dfaa004bd90480e69b8e5173697e6979b883bbb21a4442423fb8836df9 done
2026-07-24T13:52:01.3242181Z #21 exporting config sha256:b1ef61b7d898743f2b2d88a58bb0c8bb4ef1ca09e774f74857dac17ddae79f48 done
2026-07-24T13:52:01.3243319Z #21 exporting attestation manifest sha256:49027e28ade5f1d29f1644a1be145b3e0b11f46c17f5dd8f8c1f3aa692e8c24e done
2026-07-24T13:52:01.3244686Z #21 exporting manifest list sha256:ff6929ca4da421accd45df0fdf4cea54f3b8b943bc050c52a63eb75a74ad090f done
2026-07-24T13:52:01.3245276Z #21 pushing layers
2026-07-24T13:52:02.9892729Z #21 pushing layers 1.8s done
2026-07-24T13:52:02.9893883Z #21 pushing manifest for ghcr.io/pkinerd/ednsv:pr-27@sha256:ff6929ca4da421accd45df0fdf4cea54f3b8b943bc050c52a63eb75a74ad090f
2026-07-24T13:52:03.2079114Z #21 ...
2026-07-24T13:52:03.2079751Z 
2026-07-24T13:52:03.2080135Z #23 exporting to GitHub Actions Cache
2026-07-24T13:52:03.2080775Z #23 preparing build cache for export 0.6s done
2026-07-24T13:52:03.2081253Z #23 sending cache export 1.5s done
2026-07-24T13:52:03.2081903Z #23 writing layer sha256:7e9088d0f7204fad7a426919ccec0fba4992207b0a60c5ebc4fdcd800ef7d9aa 0.1s done
2026-07-24T13:52:03.2082870Z #23 writing layer sha256:ae2653d4c6b7b6e834684f717b083a24c32b0e244cb04bea9075b2aadcf717a4 0.4s done
2026-07-24T13:52:03.2084067Z #23 writing layer sha256:f030586b605b136ba88d3a2f30067542427ed8f97c09805a590f1e9bb70fbcce 0.1s done
2026-07-24T13:52:03.2085090Z #23 writing layer sha256:faf165c728263ef59309f6b233ab6e3b649805fd0f9543e9d7238b6489659e84 0.2s done
2026-07-24T13:52:03.2085803Z #23 DONE 2.1s
2026-07-24T13:52:03.3586344Z 
2026-07-24T13:52:03.3586844Z #21 exporting to image
2026-07-24T13:52:04.0181570Z #21 pushing manifest for ghcr.io/pkinerd/ednsv:pr-27@sha256:ff6929ca4da421accd45df0fdf4cea54f3b8b943bc050c52a63eb75a74ad090f 1.0s done
2026-07-24T13:52:04.2359888Z #21 pushing layers 0.1s done
2026-07-24T13:52:04.2360888Z #21 pushing manifest for ghcr.io/pkinerd/ednsv:latest-any@sha256:ff6929ca4da421accd45df0fdf4cea54f3b8b943bc050c52a63eb75a74ad090f
2026-07-24T13:52:04.4791480Z #21 pushing manifest for ghcr.io/pkinerd/ednsv:latest-any@sha256:ff6929ca4da421accd45df0fdf4cea54f3b8b943bc050c52a63eb75a74ad090f 0.4s done
2026-07-24T13:52:04.7239682Z #21 pushing layers 0.1s done
2026-07-24T13:52:04.7240885Z #21 pushing manifest for ghcr.io/pkinerd/ednsv:sha-45b406a@sha256:ff6929ca4da421accd45df0fdf4cea54f3b8b943bc050c52a63eb75a74ad090f
2026-07-24T13:52:04.9468582Z #21 pushing manifest for ghcr.io/pkinerd/ednsv:sha-45b406a@sha256:ff6929ca4da421accd45df0fdf4cea54f3b8b943bc050c52a63eb75a74ad090f 0.4s done
2026-07-24T13:52:04.9469559Z #21 DONE 4.1s
2026-07-24T13:52:04.9733081Z 
2026-07-24T13:52:04.9734309Z #24 resolving provenance for metadata file
2026-07-24T13:52:04.9735144Z #24 DONE 0.0s
2026-07-24T13:52:04.9816862Z ##[group]ImageID
2026-07-24T13:52:04.9817445Z sha256:ff6929ca4da421accd45df0fdf4cea54f3b8b943bc050c52a63eb75a74ad090f
2026-07-24T13:52:04.9819035Z ##[endgroup]
2026-07-24T13:52:04.9819795Z ##[group]Digest
2026-07-24T13:52:04.9820426Z sha256:ff6929ca4da421accd45df0fdf4cea54f3b8b943bc050c52a63eb75a74ad090f
2026-07-24T13:52:04.9824469Z ##[endgroup]
2026-07-24T13:52:04.9825152Z ##[group]Metadata
2026-07-24T13:52:04.9825651Z {
2026-07-24T13:52:04.9826070Z   "buildx.build.provenance": {
2026-07-24T13:52:04.9826475Z     "builder": {
2026-07-24T13:52:04.9827018Z       "id": "https://github.com/pkinerd/ednsv/actions/runs/30098528017/attempts/1"
2026-07-24T13:52:04.9827630Z     },
2026-07-24T13:52:04.9828324Z     "buildType": "https://mobyproject.org/buildkit@v1",
2026-07-24T13:52:04.9828636Z     "materials": [
2026-07-24T13:52:04.9828830Z       {
2026-07-24T13:52:04.9829040Z         "uri": "pkg:docker/docker/dockerfile@1.7",
2026-07-24T13:52:04.9829351Z         "digest": {
2026-07-24T13:52:04.9829705Z           "sha256": "a57df69d0ea827fb7266491f2813635de6f17269be881f696fbfdf2d83dda33e"
2026-07-24T13:52:04.9830090Z         }
2026-07-24T13:52:04.9830262Z       },
2026-07-24T13:52:04.9830469Z       {
2026-07-24T13:52:04.9830915Z         "uri": "pkg:docker/mcr.microsoft.com/dotnet/aspnet@8.0?platform=linux%2Famd64",
2026-07-24T13:52:04.9831378Z         "digest": {
2026-07-24T13:52:04.9831727Z           "sha256": "9822a6201c64c9f38b8a190832a7ae21cd30150d509b3ea170fd83b4f4e6166a"
2026-07-24T13:52:04.9832134Z         }
2026-07-24T13:52:04.9832325Z       },
2026-07-24T13:52:04.9832486Z       {
2026-07-24T13:52:04.9832770Z         "uri": "pkg:docker/mcr.microsoft.com/dotnet/sdk@8.0?platform=linux%2Famd64",
2026-07-24T13:52:04.9833682Z         "digest": {
2026-07-24T13:52:04.9834016Z           "sha256": "89ce6291bde9acdf59594e79fb8277c6d84c46e4b1f5bf126a4f18766e4bd597"
2026-07-24T13:52:04.9834387Z         }
2026-07-24T13:52:04.9834605Z       }
2026-07-24T13:52:04.9834854Z     ],
2026-07-24T13:52:04.9835022Z     "invocation": {
2026-07-24T13:52:04.9835220Z       "configSource": {
2026-07-24T13:52:04.9835465Z         "entryPoint": "Dockerfile"
2026-07-24T13:52:04.9835712Z       },
2026-07-24T13:52:04.9835948Z       "parameters": {
2026-07-24T13:52:04.9836233Z         "frontend": "gateway.v0",
2026-07-24T13:52:04.9836463Z         "args": {
2026-07-24T13:52:04.9836674Z           "cmdline": "docker/dockerfile:1.7",
2026-07-24T13:52:04.9837053Z           "label:org.opencontainers.image.created": "2026-07-24T13:51:42.980Z",
2026-07-24T13:52:04.9837505Z           "label:org.opencontainers.image.description": "",
2026-07-24T13:52:04.9837892Z           "label:org.opencontainers.image.licenses": "",
2026-07-24T13:52:04.9838370Z           "label:org.opencontainers.image.revision": "45b406a43f5b567b1e41b793cf4c7fafc2075b3e",
2026-07-24T13:52:04.9839166Z           "label:org.opencontainers.image.source": "https://github.com/pkinerd/ednsv",
2026-07-24T13:52:04.9839638Z           "label:org.opencontainers.image.title": "ednsv",
2026-07-24T13:52:04.9840172Z           "label:org.opencontainers.image.url": "https://github.com/pkinerd/ednsv",
2026-07-24T13:52:04.9840674Z           "label:org.opencontainers.image.version": "pr-27",
2026-07-24T13:52:04.9841004Z           "source": "docker/dockerfile:1.7"
2026-07-24T13:52:04.9841257Z         },
2026-07-24T13:52:04.9841430Z         "locals": [
2026-07-24T13:52:04.9841615Z           {
2026-07-24T13:52:04.9841794Z             "name": "context"
2026-07-24T13:52:04.9842006Z           },
2026-07-24T13:52:04.9842179Z           {
2026-07-24T13:52:04.9842487Z             "name": "dockerfile"
2026-07-24T13:52:04.9842834Z           }
2026-07-24T13:52:04.9843301Z         ],
2026-07-24T13:52:04.9843592Z         "root": {
2026-07-24T13:52:04.9843890Z           "configSource": {
2026-07-24T13:52:04.9844249Z             "path": "Dockerfile"
2026-07-24T13:52:04.9844604Z           },
2026-07-24T13:52:04.9844889Z           "request": {
2026-07-24T13:52:04.9845482Z             "args": {
2026-07-24T13:52:04.9845978Z               "label:org.opencontainers.image.created": "2026-07-24T13:51:42.980Z",
2026-07-24T13:52:04.9846678Z               "label:org.opencontainers.image.description": "",
2026-07-24T13:52:04.9847458Z               "label:org.opencontainers.image.licenses": "",
2026-07-24T13:52:04.9848288Z               "label:org.opencontainers.image.revision": "45b406a43f5b567b1e41b793cf4c7fafc2075b3e",
2026-07-24T13:52:04.9849289Z               "label:org.opencontainers.image.source": "https://github.com/pkinerd/ednsv",
2026-07-24T13:52:04.9850099Z               "label:org.opencontainers.image.title": "ednsv",
2026-07-24T13:52:04.9850859Z               "label:org.opencontainers.image.url": "https://github.com/pkinerd/ednsv",
2026-07-24T13:52:04.9851662Z               "label:org.opencontainers.image.version": "pr-27",
2026-07-24T13:52:04.9852216Z               "vcs:localdir:context": ".",
2026-07-24T13:52:04.9852666Z               "vcs:localdir:dockerfile": ".",
2026-07-24T13:52:04.9854581Z               "vcs:revision": "45b406a43f5b567b1e41b793cf4c7fafc2075b3e",
2026-07-24T13:52:04.9855140Z               "vcs:source": "https://github.com/pkinerd/ednsv"
2026-07-24T13:52:04.9855448Z             }
2026-07-24T13:52:04.9855626Z           }
2026-07-24T13:52:04.9855803Z         },
2026-07-24T13:52:04.9855996Z         "compatibilityVersion": 30
2026-07-24T13:52:04.9856231Z       },
2026-07-24T13:52:04.9856407Z       "environment": {
2026-07-24T13:52:04.9856620Z         "github_actor": "pkinerd",
2026-07-24T13:52:04.9856860Z         "github_actor_id": "169779439",
2026-07-24T13:52:04.9857126Z         "github_event_name": "pull_request",
2026-07-24T13:52:04.9857393Z         "github_event_payload": {
2026-07-24T13:52:04.9857633Z           "action": "synchronize",
2026-07-24T13:52:04.9857909Z           "after": "305d6054afad49629a23e669aed0c456bfefdae2",
2026-07-24T13:52:04.9858250Z           "before": "74c787e6097a50aa93291d048a448ca567b27fb2",
2026-07-24T13:52:04.9858552Z           "number": 27,
2026-07-24T13:52:04.9858763Z           "pull_request": {
2026-07-24T13:52:04.9858974Z             "_links": {
2026-07-24T13:52:04.9859210Z               "comments": {
2026-07-24T13:52:04.9859553Z                 "href": "https://api.github.com/repos/pkinerd/ednsv/issues/27/comments"
2026-07-24T13:52:04.9859954Z               },
2026-07-24T13:52:04.9860147Z               "commits": {
2026-07-24T13:52:04.9860512Z                 "href": "https://api.github.com/repos/pkinerd/ednsv/pulls/27/commits"
2026-07-24T13:52:04.9860887Z               },
2026-07-24T13:52:04.9861073Z               "html": {
2026-07-24T13:52:04.9861334Z                 "href": "https://github.com/pkinerd/ednsv/pull/27"
2026-07-24T13:52:04.9861670Z               },
2026-07-24T13:52:04.9861897Z               "issue": {
2026-07-24T13:52:04.9862236Z                 "href": "https://api.github.com/repos/pkinerd/ednsv/issues/27"
2026-07-24T13:52:04.9862585Z               },
2026-07-24T13:52:04.9862796Z               "review_comment": {
2026-07-24T13:52:04.9863627Z                 "href": "https://api.github.com/repos/pkinerd/ednsv/pulls/comments{/number}"
2026-07-24T13:52:04.9864044Z               },
2026-07-24T13:52:04.9864253Z               "review_comments": {
2026-07-24T13:52:04.9864619Z                 "href": "https://api.github.com/repos/pkinerd/ednsv/pulls/27/comments"
2026-07-24T13:52:04.9864990Z               },
2026-07-24T13:52:04.9865169Z               "self": {
2026-07-24T13:52:04.9865474Z                 "href": "https://api.github.com/repos/pkinerd/ednsv/pulls/27"
2026-07-24T13:52:04.9865840Z               },
2026-07-24T13:52:04.9866048Z               "statuses": {
2026-07-24T13:52:04.9866508Z                 "href": "https://api.github.com/repos/pkinerd/ednsv/statuses/305d6054afad49629a23e669aed0c456bfefdae2"
2026-07-24T13:52:04.9867012Z               }
2026-07-24T13:52:04.9867190Z             },
2026-07-24T13:52:04.9867385Z             "active_lock_reason": null,
2026-07-24T13:52:04.9867635Z             "additions": 604,
2026-07-24T13:52:04.9868090Z             "assignee": null,
2026-07-24T13:52:04.9868309Z             "assignees": [],
2026-07-24T13:52:04.9868543Z             "author_association": "OWNER",
2026-07-24T13:52:04.9868795Z             "auto_merge": null,
2026-07-24T13:52:04.9869129Z             "base": {
2026-07-24T13:52:04.9869341Z               "label": "pkinerd:main",
2026-07-24T13:52:04.9869583Z               "ref": "main",
2026-07-24T13:52:04.9869836Z               "repo": {
2026-07-24T13:52:04.9870104Z                 "allow_auto_merge": false,
2026-07-24T13:52:04.9870414Z                 "allow_forking": true,
2026-07-24T13:52:04.9870719Z                 "allow_merge_commit": true,
2026-07-24T13:52:04.9871065Z                 "allow_rebase_merge": true,
2026-07-24T13:52:04.9871375Z                 "allow_squash_merge": true,
2026-07-24T13:52:04.9871669Z                 "allow_update_branch": false,
2026-07-24T13:52:04.9872138Z                 "archive_url": "https://api.github.com/repos/pkinerd/ednsv/{archive_format}{/ref}",
2026-07-24T13:52:04.9872628Z                 "archived": false,
2026-07-24T13:52:04.9873341Z                 "assignees_url": "https://api.github.com/repos/pkinerd/ednsv/assignees{/user}",
2026-07-24T13:52:04.9873924Z                 "blobs_url": "https://api.github.com/repos/pkinerd/ednsv/git/blobs{/sha}",
2026-07-24T13:52:04.9874498Z                 "branches_url": "https://api.github.com/repos/pkinerd/ednsv/branches{/branch}",
2026-07-24T13:52:04.9874981Z                 "clone_url": "https://github.com/pkinerd/ednsv.git",
2026-07-24T13:52:04.9875557Z                 "collaborators_url": "https://api.github.com/repos/pkinerd/ednsv/collaborators{/collaborator}",
2026-07-24T13:52:04.9876196Z                 "comments_url": "https://api.github.com/repos/pkinerd/ednsv/comments{/number}",
2026-07-24T13:52:04.9876751Z                 "commits_url": "https://api.github.com/repos/pkinerd/ednsv/commits{/sha}",
2026-07-24T13:52:04.9877341Z                 "compare_url": "https://api.github.com/repos/pkinerd/ednsv/compare/{base}...{head}",
2026-07-24T13:52:04.9877935Z                 "contents_url": "https://api.github.com/repos/pkinerd/ednsv/contents/{+path}",
2026-07-24T13:52:04.9878512Z                 "contributors_url": "https://api.github.com/repos/pkinerd/ednsv/contributors",
2026-07-24T13:52:04.9878969Z                 "created_at": "2026-03-30T21:24:40Z",
2026-07-24T13:52:04.9879269Z                 "default_branch": "main",
2026-07-24T13:52:04.9879563Z                 "delete_branch_on_merge": false,
2026-07-24T13:52:04.9880033Z                 "deployments_url": "https://api.github.com/repos/pkinerd/ednsv/deployments",
2026-07-24T13:52:04.9880458Z                 "description": null,
2026-07-24T13:52:04.9880722Z                 "disabled": false,
2026-07-24T13:52:04.9881112Z                 "downloads_url": "https://api.github.com/repos/pkinerd/ednsv/downloads",
2026-07-24T13:52:04.9881606Z                 "events_url": "https://api.github.com/repos/pkinerd/ednsv/events",
2026-07-24T13:52:04.9882007Z                 "fork": false,
2026-07-24T13:52:04.9882248Z                 "forks": 0,
2026-07-24T13:52:04.9882490Z                 "forks_count": 0,
2026-07-24T13:52:04.9882828Z                 "forks_url": "https://api.github.com/repos/pkinerd/ednsv/forks",
2026-07-24T13:52:04.9883522Z                 "full_name": "pkinerd/ednsv",
2026-07-24T13:52:04.9883960Z                 "git_commits_url": "https://api.github.com/repos/pkinerd/ednsv/git/commits{/sha}",
2026-07-24T13:52:04.9884568Z                 "git_refs_url": "https://api.github.com/repos/pkinerd/ednsv/git/refs{/sha}",
2026-07-24T13:52:04.9885109Z                 "git_tags_url": "https://api.github.com/repos/pkinerd/ednsv/git/tags{/sha}",
2026-07-24T13:52:04.9885583Z                 "git_url": "git://github.com/pkinerd/ednsv.git",
2026-07-24T13:52:04.9885919Z                 "has_discussions": false,
2026-07-24T13:52:04.9886201Z                 "has_downloads": false,
2026-07-24T13:52:04.9886472Z                 "has_issues": true,
2026-07-24T13:52:04.9886912Z                 "has_pages": false,
2026-07-24T13:52:04.9887173Z                 "has_projects": true,
2026-07-24T13:52:04.9887447Z                 "has_pull_requests": true,
2026-07-24T13:52:04.9887724Z                 "has_wiki": true,
2026-07-24T13:52:04.9888086Z                 "homepage": null,
2026-07-24T13:52:04.9888461Z                 "hooks_url": "https://api.github.com/repos/pkinerd/ednsv/hooks",
2026-07-24T13:52:04.9888904Z                 "html_url": "https://github.com/pkinerd/ednsv",
2026-07-24T13:52:04.9889232Z                 "id": 1196602452,
2026-07-24T13:52:04.9889488Z                 "is_template": false,
2026-07-24T13:52:04.9889955Z                 "issue_comment_url": "https://api.github.com/repos/pkinerd/ednsv/issues/comments{/number}",
2026-07-24T13:52:04.9890607Z                 "issue_events_url": "https://api.github.com/repos/pkinerd/ednsv/issues/events{/number}",
2026-07-24T13:52:04.9891212Z                 "issues_url": "https://api.github.com/repos/pkinerd/ednsv/issues{/number}",
2026-07-24T13:52:04.9891748Z                 "keys_url": "https://api.github.com/repos/pkinerd/ednsv/keys{/key_id}",
2026-07-24T13:52:04.9892271Z                 "labels_url": "https://api.github.com/repos/pkinerd/ednsv/labels{/name}",
2026-07-24T13:52:04.9892668Z                 "language": "C#",
2026-07-24T13:52:04.9893312Z                 "languages_url": "https://api.github.com/repos/pkinerd/ednsv/languages",
2026-07-24T13:52:04.9893740Z                 "license": null,
2026-07-24T13:52:04.9894029Z                 "merge_commit_message": "PR_TITLE",
2026-07-24T13:52:04.9894381Z                 "merge_commit_title": "MERGE_MESSAGE",
2026-07-24T13:52:04.9894790Z                 "merges_url": "https://api.github.com/repos/pkinerd/ednsv/merges",
2026-07-24T13:52:04.9895359Z                 "milestones_url": "https://api.github.com/repos/pkinerd/ednsv/milestones{/number}",
2026-07-24T13:52:04.9895826Z                 "mirror_url": null,
2026-07-24T13:52:04.9896094Z                 "name": "ednsv",
2026-07-24T13:52:04.9896365Z                 "node_id": "R_kgDOR1K0VA",
2026-07-24T13:52:04.9896919Z                 "notifications_url": "https://api.github.com/repos/pkinerd/ednsv/notifications{?since,all,participating}",
2026-07-24T13:52:04.9897476Z                 "open_issues": 1,
2026-07-24T13:52:04.9897766Z                 "open_issues_count": 1,
2026-07-24T13:52:04.9898048Z                 "owner": {
2026-07-24T13:52:04.9898444Z                   "avatar_url": "https://avatars.githubusercontent.com/u/169779439?v=4",
2026-07-24T13:52:04.9898992Z                   "events_url": "https://api.github.com/users/pkinerd/events{/privacy}",
2026-07-24T13:52:04.9899465Z                   "followers_url": "https://api.github.com/users/pkinerd/followers",
2026-07-24T13:52:04.9899989Z                   "following_url": "https://api.github.com/users/pkinerd/following{/other_user}",
2026-07-24T13:52:04.9900511Z                   "gists_url": "https://api.github.com/users/pkinerd/gists{/gist_id}",
2026-07-24T13:52:04.9900883Z                   "gravatar_id": "",
2026-07-24T13:52:04.9901183Z                   "html_url": "https://github.com/pkinerd",
2026-07-24T13:52:04.9901476Z                   "id": 169779439,
2026-07-24T13:52:04.9901729Z                   "login": "pkinerd",
2026-07-24T13:52:04.9902133Z                   "node_id": "U_kgDOCh6g7w",
2026-07-24T13:52:04.9902774Z                   "organizations_url": "https://api.github.com/users/pkinerd/orgs",
2026-07-24T13:52:04.9903723Z                   "received_events_url": "https://api.github.com/users/pkinerd/received_events",
2026-07-24T13:52:04.9904273Z                   "repos_url": "https://api.github.com/users/pkinerd/repos",
2026-07-24T13:52:04.9904652Z                   "site_admin": false,
2026-07-24T13:52:04.9905030Z                   "starred_url": "https://api.github.com/users/pkinerd/starred{/owner}{/repo}",
2026-07-24T13:52:04.9905551Z                   "subscriptions_url": "https://api.github.com/users/pkinerd/subscriptions",
2026-07-24T13:52:04.9906138Z                   "type": "User",
2026-07-24T13:52:04.9906428Z                   "url": "https://api.github.com/users/pkinerd",
2026-07-24T13:52:04.9906743Z                   "user_view_type": "public"
2026-07-24T13:52:04.9906993Z                 },
2026-07-24T13:52:04.9907296Z                 "private": false,
2026-07-24T13:52:04.9907561Z                 "pull_request_creation_policy": "all",
2026-07-24T13:52:04.9907955Z                 "pulls_url": "https://api.github.com/repos/pkinerd/ednsv/pulls{/number}",
2026-07-24T13:52:04.9908352Z                 "pushed_at": "2026-07-24T13:50:39Z",
2026-07-24T13:52:04.9908746Z                 "releases_url": "https://api.github.com/repos/pkinerd/ednsv/releases{/id}",
2026-07-24T13:52:04.9909133Z                 "size": 34013,
2026-07-24T13:52:04.9909401Z                 "squash_merge_commit_message": "COMMIT_MESSAGES",
2026-07-24T13:52:04.9909755Z                 "squash_merge_commit_title": "COMMIT_OR_PR_TITLE",
2026-07-24T13:52:04.9910102Z                 "ssh_url": "git@github.com:pkinerd/ednsv.git",
2026-07-24T13:52:04.9910402Z                 "stargazers_count": 0,
2026-07-24T13:52:04.9910770Z                 "stargazers_url": "https://api.github.com/repos/pkinerd/ednsv/stargazers",
2026-07-24T13:52:04.9911282Z                 "statuses_url": "https://api.github.com/repos/pkinerd/ednsv/statuses/{sha}",
2026-07-24T13:52:04.9911836Z                 "subscribers_url": "https://api.github.com/repos/pkinerd/ednsv/subscribers",
2026-07-24T13:52:04.9912364Z                 "subscription_url": "https://api.github.com/repos/pkinerd/ednsv/subscription",
2026-07-24T13:52:04.9912809Z                 "svn_url": "https://github.com/pkinerd/ednsv",
2026-07-24T13:52:04.9913521Z                 "tags_url": "https://api.github.com/repos/pkinerd/ednsv/tags",
2026-07-24T13:52:04.9913971Z                 "teams_url": "https://api.github.com/repos/pkinerd/ednsv/teams",
2026-07-24T13:52:04.9914323Z                 "topics": [],
2026-07-24T13:52:04.9914675Z                 "trees_url": "https://api.github.com/repos/pkinerd/ednsv/git/trees{/sha}",
2026-07-24T13:52:04.9915072Z                 "updated_at": "2026-07-24T12:42:16Z",
2026-07-24T13:52:04.9915398Z                 "url": "https://api.github.com/repos/pkinerd/ednsv",
2026-07-24T13:52:04.9915745Z                 "use_squash_pr_title_as_default": false,
2026-07-24T13:52:04.9916038Z                 "visibility": "public",
2026-07-24T13:52:04.9916285Z                 "watchers": 0,
2026-07-24T13:52:04.9916507Z                 "watchers_count": 0,
2026-07-24T13:52:04.9916768Z                 "web_commit_signoff_required": false
2026-07-24T13:52:04.9917028Z               },
2026-07-24T13:52:04.9917259Z               "sha": "820c0019085f5073eb31d9822b29a158ec3c4826",
2026-07-24T13:52:04.9917543Z               "user": {
2026-07-24T13:52:04.9917872Z                 "avatar_url": "https://avatars.githubusercontent.com/u/169779439?v=4",
2026-07-24T13:52:04.9918367Z                 "events_url": "https://api.github.com/users/pkinerd/events{/privacy}",
2026-07-24T13:52:04.9918840Z                 "followers_url": "https://api.github.com/users/pkinerd/followers",
2026-07-24T13:52:04.9919410Z                 "following_url": "https://api.github.com/users/pkinerd/following{/other_user}",
2026-07-24T13:52:04.9920411Z                 "gists_url": "https://api.github.com/users/pkinerd/gists{/gist_id}",
2026-07-24T13:52:04.9920864Z                 "gravatar_id": "",
2026-07-24T13:52:04.9921161Z                 "html_url": "https://github.com/pkinerd",
2026-07-24T13:52:04.9921491Z                 "id": 169779439,
2026-07-24T13:52:04.9921881Z                 "login": "pkinerd",
2026-07-24T13:52:04.9922304Z                 "node_id": "U_kgDOCh6g7w",
2026-07-24T13:52:04.9922928Z                 "organizations_url": "https://api.github.com/users/pkinerd/orgs",
2026-07-24T13:52:04.9924026Z                 "received_events_url": "https://api.github.com/users/pkinerd/received_events",
2026-07-24T13:52:04.9924914Z                 "repos_url": "https://api.github.com/users/pkinerd/repos",
2026-07-24T13:52:04.9925690Z                 "site_admin": false,
2026-07-24T13:52:04.9926337Z                 "starred_url": "https://api.github.com/users/pkinerd/starred{/owner}{/repo}",
2026-07-24T13:52:04.9927376Z                 "subscriptions_url": "https://api.github.com/users/pkinerd/subscriptions",
2026-07-24T13:52:04.9928067Z                 "type": "User",
2026-07-24T13:52:04.9928533Z                 "url": "https://api.github.com/users/pkinerd",
2026-07-24T13:52:04.9929068Z                 "user_view_type": "public"
2026-07-24T13:52:04.9929493Z               }
2026-07-24T13:52:04.9929801Z             },
2026-07-24T13:52:04.9946414Z             "body": "## Summary\nThis PR enhances the web UI with better messaging and navigation, improves the config history system to handle legacy data formats, and refines several UI elements for better usability.\n\n## Key Changes\n\n### UI/UX Improvements\n- **Toast message system**: Replaced inline error messages with fixed-position toast notifications that don't cause layout shifts. Added manual dismiss buttons and differentiated auto-dismiss behavior (success messages auto-clear after 4s; warnings/errors persist until dismissed).\n- **Floating scroll navigation**: Added fixed scroll-to-top and scroll-to-bottom buttons in the bottom-right corner for easier navigation on the long config page, with responsive positioning on mobile.\n- **Collapsible sections**: Converted the \"Per-domain DKIM selectors\" panel to a collapsible `<details>` element with a dynamic hint showing the count of configured domains.\n- **External link indicators**: Added subtle \"↗\" icons to external links (API docs) across all pages with proper accessibility attributes.\n- **Navigation labels**: Renamed \"Tokens\" to \"Access Tokens\" for clarity across all pages.\n\n### Config History Migration\n- **Legacy format support**: Added backward compatibility for pre-split config history files where revision bodies were embedded inline in `config-history.json`. The system now:\n  - Reads legacy inline bodies on load\n  - Automatically externalizes them to individual `config-rev-{id}.json` files\n  - Collapses the index to the body-less format after successful migration\n  - Ensures `GetRevision()` can find all revisions regardless of storage format\n- **Robust migration**: Uses best-effort approach with retry logic; skips collapsing the index if any body fails to externalize, preventing data loss.\n\n### Implementation Details\n- Toast messages use CSS animations (`msgIn` keyframe) for smooth entrance and are positioned with `position: fixed` to prevent reflow.\n- Scroll navigation buttons are circular with hover effects and use `aria-hidden=\"true\"` since they're supplementary controls.\n- History migration normalizes domain lists and DKIM selectors during externalization to maintain data consistency.\n- Added comprehensive test coverage for legacy history migration with verification that both old and new formats work correctly.\n\nhttps://claude.ai/code/session_015QvoXY3GYdRayQzh6a6JPv",
2026-07-24T13:52:04.9960960Z             "changed_files": 12,
2026-07-24T13:52:04.9961372Z             "closed_at": null,
2026-07-24T13:52:04.9961755Z             "comments": 0,
2026-07-24T13:52:04.9962420Z             "comments_url": "https://api.github.com/repos/pkinerd/ednsv/issues/27/comments",
2026-07-24T13:52:04.9963329Z             "commits": 7,
2026-07-24T13:52:04.9963807Z             "commits_url": "https://api.github.com/repos/pkinerd/ednsv/pulls/27/commits",
2026-07-24T13:52:04.9964227Z             "created_at": "2026-07-24T13:00:52Z",
2026-07-24T13:52:04.9964502Z             "deletions": 38,
2026-07-24T13:52:04.9964805Z             "diff_url": "https://github.com/pkinerd/ednsv/pull/27.diff",
2026-07-24T13:52:04.9965139Z             "draft": false,
2026-07-24T13:52:04.9965352Z             "head": {
2026-07-24T13:52:04.9965621Z               "label": "pkinerd:claude/redis-caching-verify-45k9yk",
2026-07-24T13:52:04.9965985Z               "ref": "claude/redis-caching-verify-45k9yk",
2026-07-24T13:52:04.9966475Z               "repo": {
2026-07-24T13:52:04.9966693Z                 "allow_auto_merge": false,
2026-07-24T13:52:04.9966953Z                 "allow_forking": true,
2026-07-24T13:52:04.9967205Z                 "allow_merge_commit": true,
2026-07-24T13:52:04.9967750Z                 "allow_rebase_merge": true,
2026-07-24T13:52:04.9968108Z                 "allow_squash_merge": true,
2026-07-24T13:52:04.9968576Z                 "allow_update_branch": false,
2026-07-24T13:52:04.9969299Z                 "archive_url": "https://api.github.com/repos/pkinerd/ednsv/{archive_format}{/ref}",
2026-07-24T13:52:04.9983998Z                 "archived": false,
2026-07-24T13:52:04.9984693Z                 "assignees_url": "https://api.github.com/repos/pkinerd/ednsv/assignees{/user}",
2026-07-24T13:52:04.9985283Z                 "blobs_url": "https://api.github.com/repos/pkinerd/ednsv/git/blobs{/sha}",
2026-07-24T13:52:04.9985826Z                 "branches_url": "https://api.github.com/repos/pkinerd/ednsv/branches{/branch}",
2026-07-24T13:52:04.9986313Z                 "clone_url": "https://github.com/pkinerd/ednsv.git",
2026-07-24T13:52:04.9986843Z                 "collaborators_url": "https://api.github.com/repos/pkinerd/ednsv/collaborators{/collaborator}",
2026-07-24T13:52:04.9987443Z                 "comments_url": "https://api.github.com/repos/pkinerd/ednsv/comments{/number}",
2026-07-24T13:52:04.9987963Z                 "commits_url": "https://api.github.com/repos/pkinerd/ednsv/commits{/sha}",
2026-07-24T13:52:04.9988495Z                 "compare_url": "https://api.github.com/repos/pkinerd/ednsv/compare/{base}...{head}",
2026-07-24T13:52:04.9989033Z                 "contents_url": "https://api.github.com/repos/pkinerd/ednsv/contents/{+path}",
2026-07-24T13:52:04.9989564Z                 "contributors_url": "https://api.github.com/repos/pkinerd/ednsv/contributors",
2026-07-24T13:52:04.9989980Z                 "created_at": "2026-03-30T21:24:40Z",
2026-07-24T13:52:04.9990265Z                 "default_branch": "main",
2026-07-24T13:52:04.9990540Z                 "delete_branch_on_merge": false,
2026-07-24T13:52:04.9990945Z                 "deployments_url": "https://api.github.com/repos/pkinerd/ednsv/deployments",
2026-07-24T13:52:04.9991345Z                 "description": null,
2026-07-24T13:52:04.9991597Z                 "disabled": false,
2026-07-24T13:52:04.9991952Z                 "downloads_url": "https://api.github.com/repos/pkinerd/ednsv/downloads",
2026-07-24T13:52:04.9992428Z                 "events_url": "https://api.github.com/repos/pkinerd/ednsv/events",
2026-07-24T13:52:04.9992788Z                 "fork": false,
2026-07-24T13:52:04.9993285Z                 "forks": 0,
2026-07-24T13:52:04.9993528Z                 "forks_count": 0,
2026-07-24T13:52:04.9993864Z                 "forks_url": "https://api.github.com/repos/pkinerd/ednsv/forks",
2026-07-24T13:52:04.9994238Z                 "full_name": "pkinerd/ednsv",
2026-07-24T13:52:04.9994654Z                 "git_commits_url": "https://api.github.com/repos/pkinerd/ednsv/git/commits{/sha}",
2026-07-24T13:52:04.9995190Z                 "git_refs_url": "https://api.github.com/repos/pkinerd/ednsv/git/refs{/sha}",
2026-07-24T13:52:04.9995687Z                 "git_tags_url": "https://api.github.com/repos/pkinerd/ednsv/git/tags{/sha}",
2026-07-24T13:52:04.9996117Z                 "git_url": "git://github.com/pkinerd/ednsv.git",
2026-07-24T13:52:04.9996430Z                 "has_discussions": false,
2026-07-24T13:52:04.9996688Z                 "has_downloads": false,
2026-07-24T13:52:04.9996937Z                 "has_issues": true,
2026-07-24T13:52:04.9997174Z                 "has_pages": false,
2026-07-24T13:52:04.9997408Z                 "has_projects": true,
2026-07-24T13:52:04.9997660Z                 "has_pull_requests": true,
2026-07-24T13:52:04.9997913Z                 "has_wiki": true,
2026-07-24T13:52:04.9998138Z                 "homepage": null,
2026-07-24T13:52:04.9998455Z                 "hooks_url": "https://api.github.com/repos/pkinerd/ednsv/hooks",
2026-07-24T13:52:04.9999050Z                 "html_url": "https://github.com/pkinerd/ednsv",
2026-07-24T13:52:04.9999344Z                 "id": 1196602452,
2026-07-24T13:52:04.9999569Z                 "is_template": false,
2026-07-24T13:52:05.0000116Z                 "issue_comment_url": "https://api.github.com/repos/pkinerd/ednsv/issues/comments{/number}",
2026-07-24T13:52:05.0000724Z                 "issue_events_url": "https://api.github.com/repos/pkinerd/ednsv/issues/events{/number}",
2026-07-24T13:52:05.0001269Z                 "issues_url": "https://api.github.com/repos/pkinerd/ednsv/issues{/number}",
2026-07-24T13:52:05.0001764Z                 "keys_url": "https://api.github.com/repos/pkinerd/ednsv/keys{/key_id}",
2026-07-24T13:52:05.0002253Z                 "labels_url": "https://api.github.com/repos/pkinerd/ednsv/labels{/name}",
2026-07-24T13:52:05.0002639Z                 "language": "C#",
2026-07-24T13:52:05.0002991Z                 "languages_url": "https://api.github.com/repos/pkinerd/ednsv/languages",
2026-07-24T13:52:05.0003686Z                 "license": null,
2026-07-24T13:52:05.0003938Z                 "merge_commit_message": "PR_TITLE",
2026-07-24T13:52:05.0004235Z                 "merge_commit_title": "MERGE_MESSAGE",
2026-07-24T13:52:05.0004616Z                 "merges_url": "https://api.github.com/repos/pkinerd/ednsv/merges",
2026-07-24T13:52:05.0005128Z                 "milestones_url": "https://api.github.com/repos/pkinerd/ednsv/milestones{/number}",
2026-07-24T13:52:05.0005549Z                 "mirror_url": null,
2026-07-24T13:52:05.0005786Z                 "name": "ednsv",
2026-07-24T13:52:05.0006020Z                 "node_id": "R_kgDOR1K0VA",
2026-07-24T13:52:05.0006517Z                 "notifications_url": "https://api.github.com/repos/pkinerd/ednsv/notifications{?since,all,participating}",
2026-07-24T13:52:05.0007017Z                 "open_issues": 1,
2026-07-24T13:52:05.0007256Z                 "open_issues_count": 1,
2026-07-24T13:52:05.0007496Z                 "owner": {
2026-07-24T13:52:05.0007831Z                   "avatar_url": "https://avatars.githubusercontent.com/u/169779439?v=4",
2026-07-24T13:52:05.0008312Z                   "events_url": "https://api.github.com/users/pkinerd/events{/privacy}",
2026-07-24T13:52:05.0008772Z                   "followers_url": "https://api.github.com/users/pkinerd/followers",
2026-07-24T13:52:05.0009273Z                   "following_url": "https://api.github.com/users/pkinerd/following{/other_user}",
2026-07-24T13:52:05.0009763Z                   "gists_url": "https://api.github.com/users/pkinerd/gists{/gist_id}",
2026-07-24T13:52:05.0010120Z                   "gravatar_id": "",
2026-07-24T13:52:05.0010399Z                   "html_url": "https://github.com/pkinerd",
2026-07-24T13:52:05.0010687Z                   "id": 169779439,
2026-07-24T13:52:05.0010931Z                   "login": "pkinerd",
2026-07-24T13:52:05.0011191Z                   "node_id": "U_kgDOCh6g7w",
2026-07-24T13:52:05.0011556Z                   "organizations_url": "https://api.github.com/users/pkinerd/orgs",
2026-07-24T13:52:05.0012068Z                   "received_events_url": "https://api.github.com/users/pkinerd/received_events",
2026-07-24T13:52:05.0012552Z                   "repos_url": "https://api.github.com/users/pkinerd/repos",
2026-07-24T13:52:05.0012898Z                   "site_admin": false,
2026-07-24T13:52:05.0013665Z                   "starred_url": "https://api.github.com/users/pkinerd/starred{/owner}{/repo}",
2026-07-24T13:52:05.0014257Z                   "subscriptions_url": "https://api.github.com/users/pkinerd/subscriptions",
2026-07-24T13:52:05.0014648Z                   "type": "User",
2026-07-24T13:52:05.0014929Z                   "url": "https://api.github.com/users/pkinerd",
2026-07-24T13:52:05.0015241Z                   "user_view_type": "public"
2026-07-24T13:52:05.0015491Z                 },
2026-07-24T13:52:05.0015688Z                 "private": false,
2026-07-24T13:52:05.0015946Z                 "pull_request_creation_policy": "all",
2026-07-24T13:52:05.0016527Z                 "pulls_url": "https://api.github.com/repos/pkinerd/ednsv/pulls{/number}",
2026-07-24T13:52:05.0016930Z                 "pushed_at": "2026-07-24T13:50:39Z",
2026-07-24T13:52:05.0017470Z                 "releases_url": "https://api.github.com/repos/pkinerd/ednsv/releases{/id}",
2026-07-24T13:52:05.0017867Z                 "size": 34013,
2026-07-24T13:52:05.0018138Z                 "squash_merge_commit_message": "COMMIT_MESSAGES",
2026-07-24T13:52:05.0018482Z                 "squash_merge_commit_title": "COMMIT_OR_PR_TITLE",
2026-07-24T13:52:05.0018833Z                 "ssh_url": "git@github.com:pkinerd/ednsv.git",
2026-07-24T13:52:05.0019138Z                 "stargazers_count": 0,
2026-07-24T13:52:05.0019510Z                 "stargazers_url": "https://api.github.com/repos/pkinerd/ednsv/stargazers",
2026-07-24T13:52:05.0020023Z                 "statuses_url": "https://api.github.com/repos/pkinerd/ednsv/statuses/{sha}",
2026-07-24T13:52:05.0020536Z                 "subscribers_url": "https://api.github.com/repos/pkinerd/ednsv/subscribers",
2026-07-24T13:52:05.0021068Z                 "subscription_url": "https://api.github.com/repos/pkinerd/ednsv/subscription",
2026-07-24T13:52:05.0021512Z                 "svn_url": "https://github.com/pkinerd/ednsv",
2026-07-24T13:52:05.0021888Z                 "tags_url": "https://api.github.com/repos/pkinerd/ednsv/tags",
2026-07-24T13:52:05.0022317Z                 "teams_url": "https://api.github.com/repos/pkinerd/ednsv/teams",
2026-07-24T13:52:05.0022664Z                 "topics": [],
2026-07-24T13:52:05.0023264Z                 "trees_url": "https://api.github.com/repos/pkinerd/ednsv/git/trees{/sha}",
2026-07-24T13:52:05.0023679Z                 "updated_at": "2026-07-24T12:42:16Z",
2026-07-24T13:52:05.0024004Z                 "url": "https://api.github.com/repos/pkinerd/ednsv",
2026-07-24T13:52:05.0024345Z                 "use_squash_pr_title_as_default": false,
2026-07-24T13:52:05.0024629Z                 "visibility": "public",
2026-07-24T13:52:05.0024882Z                 "watchers": 0,
2026-07-24T13:52:05.0025107Z                 "watchers_count": 0,
2026-07-24T13:52:05.0025369Z                 "web_commit_signoff_required": false
2026-07-24T13:52:05.0025630Z               },
2026-07-24T13:52:05.0025872Z               "sha": "305d6054afad49629a23e669aed0c456bfefdae2",
2026-07-24T13:52:05.0026161Z               "user": {
2026-07-24T13:52:05.0026478Z                 "avatar_url": "https://avatars.githubusercontent.com/u/169779439?v=4",
2026-07-24T13:52:05.0026956Z                 "events_url": "https://api.github.com/users/pkinerd/events{/privacy}",
2026-07-24T13:52:05.0027422Z                 "followers_url": "https://api.github.com/users/pkinerd/followers",
2026-07-24T13:52:05.0027919Z                 "following_url": "https://api.github.com/users/pkinerd/following{/other_user}",
2026-07-24T13:52:05.0028417Z                 "gists_url": "https://api.github.com/users/pkinerd/gists{/gist_id}",
2026-07-24T13:52:05.0028785Z                 "gravatar_id": "",
2026-07-24T13:52:05.0029060Z                 "html_url": "https://github.com/pkinerd",
2026-07-24T13:52:05.0029352Z                 "id": 169779439,
2026-07-24T13:52:05.0029579Z                 "login": "pkinerd",
2026-07-24T13:52:05.0029829Z                 "node_id": "U_kgDOCh6g7w",
2026-07-24T13:52:05.0030182Z                 "organizations_url": "https://api.github.com/users/pkinerd/orgs",
2026-07-24T13:52:05.0030672Z                 "received_events_url": "https://api.github.com/users/pkinerd/received_events",
2026-07-24T13:52:05.0031145Z                 "repos_url": "https://api.github.com/users/pkinerd/repos",
2026-07-24T13:52:05.0031475Z                 "site_admin": false,
2026-07-24T13:52:05.0031842Z                 "starred_url": "https://api.github.com/users/pkinerd/starred{/owner}{/repo}",
2026-07-24T13:52:05.0032357Z                 "subscriptions_url": "https://api.github.com/users/pkinerd/subscriptions",
2026-07-24T13:52:05.0032746Z                 "type": "User",
2026-07-24T13:52:05.0033425Z                 "url": "https://api.github.com/users/pkinerd",
2026-07-24T13:52:05.0033754Z                 "user_view_type": "public"
2026-07-24T13:52:05.0034003Z               }
2026-07-24T13:52:05.0034186Z             },
2026-07-24T13:52:05.0034562Z             "html_url": "https://github.com/pkinerd/ednsv/pull/27",
2026-07-24T13:52:05.0034888Z             "id": 4124864814,
2026-07-24T13:52:05.0035218Z             "issue_url": "https://api.github.com/repos/pkinerd/ednsv/issues/27",
2026-07-24T13:52:05.0035574Z             "labels": [],
2026-07-24T13:52:05.0035784Z             "locked": false,
2026-07-24T13:52:05.0036015Z             "maintainer_can_modify": false,
2026-07-24T13:52:05.0036349Z             "merge_commit_sha": "855babaf9c7ed54b45845563d0d16352e4246286",
2026-07-24T13:52:05.0036687Z             "mergeable": null,
2026-07-24T13:52:05.0036923Z             "mergeable_state": "unknown",
2026-07-24T13:52:05.0037170Z             "merged": false,
2026-07-24T13:52:05.0037391Z             "merged_at": null,
2026-07-24T13:52:05.0037604Z             "merged_by": null,
2026-07-24T13:52:05.0037821Z             "milestone": null,
2026-07-24T13:52:05.0038069Z             "node_id": "PR_kwDOR1K0VM713HEu",
2026-07-24T13:52:05.0038329Z             "number": 27,
2026-07-24T13:52:05.0038627Z             "patch_url": "https://github.com/pkinerd/ednsv/pull/27.patch",
2026-07-24T13:52:05.0038977Z             "rebaseable": null,
2026-07-24T13:52:05.0039213Z             "requested_reviewers": [],
2026-07-24T13:52:05.0039466Z             "requested_teams": [],
2026-07-24T13:52:05.0039884Z             "review_comment_url": "https://api.github.com/repos/pkinerd/ednsv/pulls/comments{/number}",
2026-07-24T13:52:05.0040328Z             "review_comments": 0,
2026-07-24T13:52:05.0040718Z             "review_comments_url": "https://api.github.com/repos/pkinerd/ednsv/pulls/27/comments",
2026-07-24T13:52:05.0041139Z             "state": "open",
2026-07-24T13:52:05.0041610Z             "statuses_url": "https://api.github.com/repos/pkinerd/ednsv/statuses/305d6054afad49629a23e669aed0c456bfefdae2",
2026-07-24T13:52:05.0042321Z             "title": "Improve UI/UX: toast messages, scroll nav, collapsible sections, and history migration",
2026-07-24T13:52:05.0042789Z             "updated_at": "2026-07-24T13:50:40Z",
2026-07-24T13:52:05.0043426Z             "url": "https://api.github.com/repos/pkinerd/ednsv/pulls/27",
2026-07-24T13:52:05.0043761Z             "user": {
2026-07-24T13:52:05.0044081Z               "avatar_url": "https://avatars.githubusercontent.com/u/169779439?v=4",
2026-07-24T13:52:05.0044558Z               "events_url": "https://api.github.com/users/pkinerd/events{/privacy}",
2026-07-24T13:52:05.0045016Z               "followers_url": "https://api.github.com/users/pkinerd/followers",
2026-07-24T13:52:05.0045507Z               "following_url": "https://api.github.com/users/pkinerd/following{/other_user}",
2026-07-24T13:52:05.0045996Z               "gists_url": "https://api.github.com/users/pkinerd/gists{/gist_id}",
2026-07-24T13:52:05.0046353Z               "gravatar_id": "",
2026-07-24T13:52:05.0046622Z               "html_url": "https://github.com/pkinerd",
2026-07-24T13:52:05.0046899Z               "id": 169779439,
2026-07-24T13:52:05.0047119Z               "login": "pkinerd",
2026-07-24T13:52:05.0047358Z               "node_id": "U_kgDOCh6g7w",
2026-07-24T13:52:05.0047718Z               "organizations_url": "https://api.github.com/users/pkinerd/orgs",
2026-07-24T13:52:05.0048206Z               "received_events_url": "https://api.github.com/users/pkinerd/received_events",
2026-07-24T13:52:05.0048667Z               "repos_url": "https://api.github.com/users/pkinerd/repos",
2026-07-24T13:52:05.0048996Z               "site_admin": false,
2026-07-24T13:52:05.0049359Z               "starred_url": "https://api.github.com/users/pkinerd/starred{/owner}{/repo}",
2026-07-24T13:52:05.0049869Z               "subscriptions_url": "https://api.github.com/users/pkinerd/subscriptions",
2026-07-24T13:52:05.0050406Z               "type": "User",
2026-07-24T13:52:05.0050669Z               "url": "https://api.github.com/users/pkinerd",
2026-07-24T13:52:05.0050970Z               "user_view_type": "public"
2026-07-24T13:52:05.0051211Z             }
2026-07-24T13:52:05.0051386Z           },
2026-07-24T13:52:05.0051675Z           "repository": {
2026-07-24T13:52:05.0051898Z             "allow_forking": true,
2026-07-24T13:52:05.0052273Z             "archive_url": "https://api.github.com/repos/pkinerd/ednsv/{archive_format}{/ref}",
2026-07-24T13:52:05.0052675Z             "archived": false,
2026-07-24T13:52:05.0053249Z             "assignees_url": "https://api.github.com/repos/pkinerd/ednsv/assignees{/user}",
2026-07-24T13:52:05.0053761Z             "blobs_url": "https://api.github.com/repos/pkinerd/ednsv/git/blobs{/sha}",
2026-07-24T13:52:05.0054262Z             "branches_url": "https://api.github.com/repos/pkinerd/ednsv/branches{/branch}",
2026-07-24T13:52:05.0054725Z             "clone_url": "https://github.com/pkinerd/ednsv.git",
2026-07-24T13:52:05.0055249Z             "collaborators_url": "https://api.github.com/repos/pkinerd/ednsv/collaborators{/collaborator}",
2026-07-24T13:52:05.0055830Z             "comments_url": "https://api.github.com/repos/pkinerd/ednsv/comments{/number}",
2026-07-24T13:52:05.0056334Z             "commits_url": "https://api.github.com/repos/pkinerd/ednsv/commits{/sha}",
2026-07-24T13:52:05.0056851Z             "compare_url": "https://api.github.com/repos/pkinerd/ednsv/compare/{base}...{head}",
2026-07-24T13:52:05.0057396Z             "contents_url": "https://api.github.com/repos/pkinerd/ednsv/contents/{+path}",
2026-07-24T13:52:05.0057915Z             "contributors_url": "https://api.github.com/repos/pkinerd/ednsv/contributors",
2026-07-24T13:52:05.0058324Z             "created_at": "2026-03-30T21:24:40Z",
2026-07-24T13:52:05.0058597Z             "default_branch": "main",
2026-07-24T13:52:05.0058965Z             "deployments_url": "https://api.github.com/repos/pkinerd/ednsv/deployments",
2026-07-24T13:52:05.0059355Z             "description": null,
2026-07-24T13:52:05.0059586Z             "disabled": false,
2026-07-24T13:52:05.0059917Z             "downloads_url": "https://api.github.com/repos/pkinerd/ednsv/downloads",
2026-07-24T13:52:05.0060384Z             "events_url": "https://api.github.com/repos/pkinerd/ednsv/events",
2026-07-24T13:52:05.0060732Z             "fork": false,
2026-07-24T13:52:05.0060940Z             "forks": 0,
2026-07-24T13:52:05.0061145Z             "forks_count": 0,
2026-07-24T13:52:05.0061451Z             "forks_url": "https://api.github.com/repos/pkinerd/ednsv/forks",
2026-07-24T13:52:05.0061805Z             "full_name": "pkinerd/ednsv",
2026-07-24T13:52:05.0062203Z             "git_commits_url": "https://api.github.com/repos/pkinerd/ednsv/git/commits{/sha}",
2026-07-24T13:52:05.0062720Z             "git_refs_url": "https://api.github.com/repos/pkinerd/ednsv/git/refs{/sha}",
2026-07-24T13:52:05.0063465Z             "git_tags_url": "https://api.github.com/repos/pkinerd/ednsv/git/tags{/sha}",
2026-07-24T13:52:05.0063909Z             "git_url": "git://github.com/pkinerd/ednsv.git",
2026-07-24T13:52:05.0064220Z             "has_discussions": false,
2026-07-24T13:52:05.0064474Z             "has_downloads": false,
2026-07-24T13:52:05.0064715Z             "has_issues": true,
2026-07-24T13:52:05.0064947Z             "has_pages": false,
2026-07-24T13:52:05.0065172Z             "has_projects": true,
2026-07-24T13:52:05.0065415Z             "has_pull_requests": true,
2026-07-24T13:52:05.0065660Z             "has_wiki": true,
2026-07-24T13:52:05.0065883Z             "homepage": null,
2026-07-24T13:52:05.0066194Z             "hooks_url": "https://api.github.com/repos/pkinerd/ednsv/hooks",
2026-07-24T13:52:05.0066588Z             "html_url": "https://github.com/pkinerd/ednsv",
2026-07-24T13:52:05.0066885Z             "id": 1196602452,
2026-07-24T13:52:05.0067105Z             "is_template": false,
2026-07-24T13:52:05.0067511Z             "issue_comment_url": "https://api.github.com/repos/pkinerd/ednsv/issues/comments{/number}",
2026-07-24T13:52:05.0068248Z             "issue_events_url": "https://api.github.com/repos/pkinerd/ednsv/issues/events{/number}",
2026-07-24T13:52:05.0068787Z             "issues_url": "https://api.github.com/repos/pkinerd/ednsv/issues{/number}",
2026-07-24T13:52:05.0069372Z             "keys_url": "https://api.github.com/repos/pkinerd/ednsv/keys{/key_id}",
2026-07-24T13:52:05.0069844Z             "labels_url": "https://api.github.com/repos/pkinerd/ednsv/labels{/name}",
2026-07-24T13:52:05.0070211Z             "language": "C#",
2026-07-24T13:52:05.0070547Z             "languages_url": "https://api.github.com/repos/pkinerd/ednsv/languages",
2026-07-24T13:52:05.0070915Z             "license": null,
2026-07-24T13:52:05.0071232Z             "merges_url": "https://api.github.com/repos/pkinerd/ednsv/merges",
2026-07-24T13:52:05.0071734Z             "milestones_url": "https://api.github.com/repos/pkinerd/ednsv/milestones{/number}",
2026-07-24T13:52:05.0072149Z             "mirror_url": null,
2026-07-24T13:52:05.0072377Z             "name": "ednsv",
2026-07-24T13:52:05.0072603Z             "node_id": "R_kgDOR1K0VA",
2026-07-24T13:52:05.0073296Z             "notifications_url": "https://api.github.com/repos/pkinerd/ednsv/notifications{?since,all,participating}",
2026-07-24T13:52:05.0073807Z             "open_issues": 1,
2026-07-24T13:52:05.0074038Z             "open_issues_count": 1,
2026-07-24T13:52:05.0074271Z             "owner": {
2026-07-24T13:52:05.0074588Z               "avatar_url": "https://avatars.githubusercontent.com/u/169779439?v=4",
2026-07-24T13:52:05.0075065Z               "events_url": "https://api.github.com/users/pkinerd/events{/privacy}",
2026-07-24T13:52:05.0075522Z               "followers_url": "https://api.github.com/users/pkinerd/followers",
2026-07-24T13:52:05.0076009Z               "following_url": "https://api.github.com/users/pkinerd/following{/other_user}",
2026-07-24T13:52:05.0076501Z               "gists_url": "https://api.github.com/users/pkinerd/gists{/gist_id}",
2026-07-24T13:52:05.0076862Z               "gravatar_id": "",
2026-07-24T13:52:05.0077128Z               "html_url": "https://github.com/pkinerd",
2026-07-24T13:52:05.0077406Z               "id": 169779439,
2026-07-24T13:52:05.0077629Z               "login": "pkinerd",
2026-07-24T13:52:05.0077870Z               "node_id": "U_kgDOCh6g7w",
2026-07-24T13:52:05.0078218Z               "organizations_url": "https://api.github.com/users/pkinerd/orgs",
2026-07-24T13:52:05.0078738Z               "received_events_url": "https://api.github.com/users/pkinerd/received_events",
2026-07-24T13:52:05.0079207Z               "repos_url": "https://api.github.com/users/pkinerd/repos",
2026-07-24T13:52:05.0079541Z               "site_admin": false,
2026-07-24T13:52:05.0079905Z               "starred_url": "https://api.github.com/users/pkinerd/starred{/owner}{/repo}",
2026-07-24T13:52:05.0080451Z               "subscriptions_url": "https://api.github.com/users/pkinerd/subscriptions",
2026-07-24T13:52:05.0080833Z               "type": "User",
2026-07-24T13:52:05.0081099Z               "url": "https://api.github.com/users/pkinerd",
2026-07-24T13:52:05.0081404Z               "user_view_type": "public"
2026-07-24T13:52:05.0081642Z             },
2026-07-24T13:52:05.0081830Z             "private": false,
2026-07-24T13:52:05.0082077Z             "pull_request_creation_policy": "all",
2026-07-24T13:52:05.0082464Z             "pulls_url": "https://api.github.com/repos/pkinerd/ednsv/pulls{/number}",
2026-07-24T13:52:05.0082849Z             "pushed_at": "2026-07-24T13:50:39Z",
2026-07-24T13:52:05.0083483Z             "releases_url": "https://api.github.com/repos/pkinerd/ednsv/releases{/id}",
2026-07-24T13:52:05.0083873Z             "size": 34013,
2026-07-24T13:52:05.0084126Z             "ssh_url": "git@github.com:pkinerd/ednsv.git",
2026-07-24T13:52:05.0084421Z             "stargazers_count": 0,
2026-07-24T13:52:05.0084778Z             "stargazers_url": "https://api.github.com/repos/pkinerd/ednsv/stargazers",
2026-07-24T13:52:05.0085415Z             "statuses_url": "https://api.github.com/repos/pkinerd/ednsv/statuses/{sha}",
2026-07-24T13:52:05.0085917Z             "subscribers_url": "https://api.github.com/repos/pkinerd/ednsv/subscribers",
2026-07-24T13:52:05.0086533Z             "subscription_url": "https://api.github.com/repos/pkinerd/ednsv/subscription",
2026-07-24T13:52:05.0086977Z             "svn_url": "https://github.com/pkinerd/ednsv",
2026-07-24T13:52:05.0087350Z             "tags_url": "https://api.github.com/repos/pkinerd/ednsv/tags",
2026-07-24T13:52:05.0087777Z             "teams_url": "https://api.github.com/repos/pkinerd/ednsv/teams",
2026-07-24T13:52:05.0088120Z             "topics": [],
2026-07-24T13:52:05.0088451Z             "trees_url": "https://api.github.com/repos/pkinerd/ednsv/git/trees{/sha}",
2026-07-24T13:52:05.0088843Z             "updated_at": "2026-07-24T12:42:16Z",
2026-07-24T13:52:05.0089165Z             "url": "https://api.github.com/repos/pkinerd/ednsv",
2026-07-24T13:52:05.0089485Z             "visibility": "public",
2026-07-24T13:52:05.0089729Z             "watchers": 0,
2026-07-24T13:52:05.0089948Z             "watchers_count": 0,
2026-07-24T13:52:05.0090200Z             "web_commit_signoff_required": false
2026-07-24T13:52:05.0090458Z           },
2026-07-24T13:52:05.0090635Z           "sender": {
2026-07-24T13:52:05.0090951Z             "avatar_url": "https://avatars.githubusercontent.com/u/169779439?v=4",
2026-07-24T13:52:05.0091425Z             "events_url": "https://api.github.com/users/pkinerd/events{/privacy}",
2026-07-24T13:52:05.0091884Z             "followers_url": "https://api.github.com/users/pkinerd/followers",
2026-07-24T13:52:05.0092370Z             "following_url": "https://api.github.com/users/pkinerd/following{/other_user}",
2026-07-24T13:52:05.0092856Z             "gists_url": "https://api.github.com/users/pkinerd/gists{/gist_id}",
2026-07-24T13:52:05.0093434Z             "gravatar_id": "",
2026-07-24T13:52:05.0093694Z             "html_url": "https://github.com/pkinerd",
2026-07-24T13:52:05.0093977Z             "id": 169779439,
2026-07-24T13:52:05.0094193Z             "login": "pkinerd",
2026-07-24T13:52:05.0094429Z             "node_id": "U_kgDOCh6g7w",
2026-07-24T13:52:05.0094776Z             "organizations_url": "https://api.github.com/users/pkinerd/orgs",
2026-07-24T13:52:05.0095264Z             "received_events_url": "https://api.github.com/users/pkinerd/received_events",
2026-07-24T13:52:05.0095723Z             "repos_url": "https://api.github.com/users/pkinerd/repos",
2026-07-24T13:52:05.0096054Z             "site_admin": false,
2026-07-24T13:52:05.0096405Z             "starred_url": "https://api.github.com/users/pkinerd/starred{/owner}{/repo}",
2026-07-24T13:52:05.0096911Z             "subscriptions_url": "https://api.github.com/users/pkinerd/subscriptions",
2026-07-24T13:52:05.0097294Z             "type": "User",
2026-07-24T13:52:05.0097549Z             "url": "https://api.github.com/users/pkinerd",
2026-07-24T13:52:05.0097846Z             "user_view_type": "public"
2026-07-24T13:52:05.0098087Z           }
2026-07-24T13:52:05.0098259Z         },
2026-07-24T13:52:05.0098441Z         "github_job": "docker",
2026-07-24T13:52:05.0098678Z         "github_ref": "refs/pull/27/merge",
2026-07-24T13:52:05.0098945Z         "github_ref_name": "27/merge",
2026-07-24T13:52:05.0099200Z         "github_ref_protected": "false",
2026-07-24T13:52:05.0099461Z         "github_ref_type": "branch",
2026-07-24T13:52:05.0099725Z         "github_repository": "pkinerd/ednsv",
2026-07-24T13:52:05.0100002Z         "github_repository_id": "1196602452",
2026-07-24T13:52:05.0100278Z         "github_repository_owner": "pkinerd",
2026-07-24T13:52:05.0100565Z         "github_repository_owner_id": "169779439",
2026-07-24T13:52:05.0100851Z         "github_run_attempt": "1",
2026-07-24T13:52:05.0101099Z         "github_run_id": "30098528017",
2026-07-24T13:52:05.0101351Z         "github_run_number": "210",
2026-07-24T13:52:05.0101595Z         "github_runner_arch": "X64",
2026-07-24T13:52:05.0101877Z         "github_runner_environment": "github-hosted",
2026-07-24T13:52:05.0102313Z         "github_runner_image_os": "ubuntu24",
2026-07-24T13:52:05.0102610Z         "github_runner_image_version": "20260720.247.2",
2026-07-24T13:52:05.0102939Z         "github_runner_name": "GitHub Actions 1000002150",
2026-07-24T13:52:05.0103604Z         "github_runner_os": "Linux",
2026-07-24T13:52:05.0103974Z         "github_runner_tracking_id": "github_b6127cba-fb70-4af7-ad3f-9fab4c96a77f",
2026-07-24T13:52:05.0104388Z         "github_server_url": "https://github.com",
2026-07-24T13:52:05.0104681Z         "github_triggering_actor": "pkinerd",
2026-07-24T13:52:05.0104946Z         "github_workflow": "CI",
2026-07-24T13:52:05.0105317Z         "github_workflow_ref": "pkinerd/ednsv/.github/workflows/ci.yml@refs/pull/27/merge",
2026-07-24T13:52:05.0105806Z         "github_workflow_sha": "45b406a43f5b567b1e41b793cf4c7fafc2075b3e",
2026-07-24T13:52:05.0106154Z         "platform": "linux/amd64"
2026-07-24T13:52:05.0106379Z       }
2026-07-24T13:52:05.0106550Z     }
2026-07-24T13:52:05.0106713Z   },
2026-07-24T13:52:05.0107259Z   "buildx.build.ref": "builder-5d4c168a-77c4-4cdd-a0f1-844bdfad8499/builder-5d4c168a-77c4-4cdd-a0f1-844bdfad84990/57vn6mm3t745ld8kitxs44uhk",
2026-07-24T13:52:05.0107892Z   "containerimage.descriptor": {
2026-07-24T13:52:05.0108204Z     "mediaType": "application/vnd.oci.image.index.v1+json",
2026-07-24T13:52:05.0108674Z     "digest": "sha256:ff6929ca4da421accd45df0fdf4cea54f3b8b943bc050c52a63eb75a74ad090f",
2026-07-24T13:52:05.0109086Z     "size": 856
2026-07-24T13:52:05.0109267Z   },
2026-07-24T13:52:05.0109651Z   "containerimage.digest": "sha256:ff6929ca4da421accd45df0fdf4cea54f3b8b943bc050c52a63eb75a74ad090f",
2026-07-24T13:52:05.0110351Z   "image.name": "ghcr.io/pkinerd/ednsv:pr-27,ghcr.io/pkinerd/ednsv:latest-any,ghcr.io/pkinerd/ednsv:sha-45b406a"
2026-07-24T13:52:05.0110825Z }
2026-07-24T13:52:05.0111204Z ##[endgroup]
2026-07-24T13:52:05.0111560Z ##[group]Reference
2026-07-24T13:52:05.0112042Z builder-5d4c168a-77c4-4cdd-a0f1-844bdfad8499/builder-5d4c168a-77c4-4cdd-a0f1-844bdfad84990/57vn6mm3t745ld8kitxs44uhk
2026-07-24T13:52:05.0112699Z ##[endgroup]
2026-07-24T13:52:05.0113231Z ##[group]Check build summary support
2026-07-24T13:52:05.0113634Z Build summary supported!
2026-07-24T13:52:05.0113969Z ##[endgroup]
2026-07-24T13:52:05.0209218Z Node 20 is being deprecated. This workflow is running with Node 24 by default. If you need to temporarily use Node 20, you can set the ACTIONS_ALLOW_USE_UNSECURE_NODE_VERSION=true environment variable. For more information see: https://github.blog/changelog/2025-09-19-deprecation-of-node-20-on-github-actions-runners/
2026-07-24T13:52:05.0210476Z Post job cleanup.
2026-07-24T13:52:05.2627031Z ##[group]Generating build summary
2026-07-24T13:52:05.2632006Z exporting build record to /home/runner/work/_temp/docker-actions-toolkit-qQ3KqC/export
2026-07-24T13:52:05.2646421Z (node:3228) [DEP0040] DeprecationWarning: The `punycode` module is deprecated. Please use a userland alternative instead.
2026-07-24T13:52:05.2647368Z (Use `node --trace-deprecation ...` to show where the warning was created)
2026-07-24T13:52:05.4627099Z [command]/usr/bin/docker buildx history export --builder builder-5d4c168a-77c4-4cdd-a0f1-844bdfad8499 --output /home/runner/work/_temp/docker-actions-toolkit-qQ3KqC/export/pkinerd~ednsv~57VN6M.dockerbuild 57vn6mm3t745ld8kitxs44uhk --finalize
2026-07-24T13:52:05.7164621Z Build record written to /home/runner/work/_temp/docker-actions-toolkit-qQ3KqC/export/pkinerd~ednsv~57VN6M.dockerbuild (57.93 KB)
2026-07-24T13:52:05.7188703Z Uploading pkinerd~ednsv~57VN6M.dockerbuild to blob storage
2026-07-24T13:52:05.8412028Z Beginning upload of artifact content to blob storage
2026-07-24T13:52:05.8505008Z (node:3228) [DEP0169] DeprecationWarning: `url.parse()` behavior is not standardized and prone to errors that have security implications. Use the WHATWG URL API instead. CVEs are not issued for `url.parse()` vulnerabilities.
2026-07-24T13:52:05.8511547Z Uploaded bytes 59324
2026-07-24T13:52:05.8975476Z Finished uploading artifact content to blob storage!
2026-07-24T13:52:05.8980617Z SHA256 hash of uploaded artifact is 5a7e7fd213031966d2a10444254ab74bb2fffb513c6614fa211381024a3e32e4
2026-07-24T13:52:05.8982292Z Finalizing artifact upload
2026-07-24T13:52:06.0690859Z Artifact successfully finalized (8598630459)
2026-07-24T13:52:06.0692507Z Artifact download URL: https://github.com/pkinerd/ednsv/actions/runs/30098528017/artifacts/8598630459
2026-07-24T13:52:06.0720481Z Writing summary
2026-07-24T13:52:06.0735547Z ##[endgroup]
2026-07-24T13:52:06.0736336Z ##[group]Removing temp folder /home/runner/work/_temp/docker-actions-toolkit-kAYQZc
2026-07-24T13:52:06.0738686Z ##[endgroup]
2026-07-24T13:52:06.0739254Z ##[group]Post cache
2026-07-24T13:52:06.0740694Z State not set
2026-07-24T13:52:06.0741248Z ##[endgroup]
2026-07-24T13:52:06.0905179Z Node 20 is being deprecated. This workflow is running with Node 24 by default. If you need to temporarily use Node 20, you can set the ACTIONS_ALLOW_USE_UNSECURE_NODE_VERSION=true environment variable. For more information see: https://github.blog/changelog/2025-09-19-deprecation-of-node-20-on-github-actions-runners/
2026-07-24T13:52:06.0906453Z Post job cleanup.
2026-07-24T13:52:06.4065130Z ##[group]Logout from ghcr.io
2026-07-24T13:52:06.4092879Z (node:3375) [DEP0040] DeprecationWarning: The `punycode` module is deprecated. Please use a userland alternative instead.
2026-07-24T13:52:06.4094057Z (Use `node --trace-deprecation ...` to show where the warning was created)
2026-07-24T13:52:06.4120494Z [command]/usr/bin/docker logout ghcr.io
2026-07-24T13:52:06.4266777Z Removing login credentials for ghcr.io
2026-07-24T13:52:06.4303832Z ##[endgroup]
2026-07-24T13:52:06.4304590Z ##[group]Post cache
2026-07-24T13:52:06.4306083Z State not set
2026-07-24T13:52:06.4306701Z ##[endgroup]
2026-07-24T13:52:06.4541179Z Node 20 is being deprecated. This workflow is running with Node 24 by default. If you need to temporarily use Node 20, you can set the ACTIONS_ALLOW_USE_UNSECURE_NODE_VERSION=true environment variable. For more information see: https://github.blog/changelog/2025-09-19-deprecation-of-node-20-on-github-actions-runners/
2026-07-24T13:52:06.4543482Z Post job cleanup.
2026-07-24T13:52:06.7155853Z ##[group]Removing builder
2026-07-24T13:52:06.7163987Z (node:3395) [DEP0040] DeprecationWarning: The `punycode` module is deprecated. Please use a userland alternative instead.
2026-07-24T13:52:06.7165227Z (Use `node --trace-deprecation ...` to show where the warning was created)
2026-07-24T13:52:06.8328902Z [command]/usr/bin/docker buildx rm builder-5d4c168a-77c4-4cdd-a0f1-844bdfad8499
2026-07-24T13:52:07.5114494Z builder-5d4c168a-77c4-4cdd-a0f1-844bdfad8499 removed
2026-07-24T13:52:07.5142511Z ##[endgroup]
2026-07-24T13:52:07.5143391Z ##[group]Cleaning up certificates
2026-07-24T13:52:07.5145371Z ##[endgroup]
2026-07-24T13:52:07.5146250Z ##[group]Post cache
2026-07-24T13:52:07.5148597Z State not set
2026-07-24T13:52:07.5149295Z ##[endgroup]
2026-07-24T13:52:07.5367389Z Node 20 is being deprecated. This workflow is running with Node 24 by default. If you need to temporarily use Node 20, you can set the ACTIONS_ALLOW_USE_UNSECURE_NODE_VERSION=true environment variable. For more information see: https://github.blog/changelog/2025-09-19-deprecation-of-node-20-on-github-actions-runners/
2026-07-24T13:52:07.5369630Z Post job cleanup.
2026-07-24T13:52:07.6248573Z [command]/usr/bin/git version
2026-07-24T13:52:07.6291380Z git version 2.54.0
2026-07-24T13:52:07.6368345Z Temporarily overriding HOME='/home/runner/work/_temp/3ab1c2f7-fdee-4d88-8ea4-eb8aa56e281c' before making global git config changes
2026-07-24T13:52:07.6369773Z Adding repository directory to the temporary git global config as a safe directory
2026-07-24T13:52:07.6375950Z [command]/usr/bin/git config --global --add safe.directory /home/runner/work/ednsv/ednsv
2026-07-24T13:52:07.6419490Z [command]/usr/bin/git config --local --name-only --get-regexp core\.sshCommand
2026-07-24T13:52:07.6461485Z [command]/usr/bin/git submodule foreach --recursive sh -c "git config --local --name-only --get-regexp 'core\.sshCommand' && git config --local --unset-all 'core.sshCommand' || :"
2026-07-24T13:52:07.6714412Z [command]/usr/bin/git config --local --name-only --get-regexp http\.https\:\/\/github\.com\/\.extraheader
2026-07-24T13:52:07.6747353Z http.https://github.com/.extraheader
2026-07-24T13:52:07.6760950Z [command]/usr/bin/git config --local --unset-all http.https://github.com/.extraheader
2026-07-24T13:52:07.6808619Z [command]/usr/bin/git submodule foreach --recursive sh -c "git config --local --name-only --get-regexp 'http\.https\:\/\/github\.com\/\.extraheader' && git config --local --unset-all 'http.https://github.com/.extraheader' || :"
2026-07-24T13:52:07.7069712Z [command]/usr/bin/git config --local --name-only --get-regexp ^includeIf\.gitdir:
2026-07-24T13:52:07.7118117Z [command]/usr/bin/git submodule foreach --recursive git config --local --show-origin --name-only --get-regexp remote.origin.url
2026-07-24T13:52:07.7608201Z Cleaning up orphan processes
2026-07-24T13:52:07.7944725Z ##[warning]Node.js 20 is deprecated. The following actions target Node.js 20 but are being forced to run on Node.js 24: actions/checkout@v4, docker/build-push-action@v6, docker/login-action@v3, docker/metadata-action@v5, docker/setup-buildx-action@v3. For more information see: https://github.blog/changelog/2025-09-19-deprecation-of-node-20-on-github-actions-runners/
