2026-07-24T13:01:46.1654631Z Current runner version: '2.336.0'
2026-07-24T13:01:46.1675348Z ##[group]Runner Image Provisioner
2026-07-24T13:01:46.1676076Z Hosted Compute Agent
2026-07-24T13:01:46.1676600Z Version: 20260707.563
2026-07-24T13:01:46.1677106Z Commit: 02667638d2b423fbc733a8e32a88b44996a3ba6e
2026-07-24T13:01:46.1677667Z Build Date: 2026-07-07T19:33:50Z
2026-07-24T13:01:46.1678254Z Worker ID: {8ca0dd77-e548-4f0e-b2dd-7f9786e909fd}
2026-07-24T13:01:46.1678823Z Azure Region: centralus
2026-07-24T13:01:46.1679286Z ##[endgroup]
2026-07-24T13:01:46.1680649Z ##[group]Operating System
2026-07-24T13:01:46.1681141Z Ubuntu
2026-07-24T13:01:46.1681595Z 24.04.4
2026-07-24T13:01:46.1682007Z LTS
2026-07-24T13:01:46.1682405Z ##[endgroup]
2026-07-24T13:01:46.1682873Z ##[group]Runner Image
2026-07-24T13:01:46.1683592Z Image: ubuntu-24.04
2026-07-24T13:01:46.1684085Z Version: 20260720.247.2
2026-07-24T13:01:46.1685117Z Included Software: https://github.com/actions/runner-images/blob/ubuntu24/20260720.247/images/ubuntu/Ubuntu2404-Readme.md
2026-07-24T13:01:46.1686307Z Image Release: https://github.com/actions/runner-images/releases/tag/ubuntu24%2F20260720.247
2026-07-24T13:01:46.1687037Z ##[endgroup]
2026-07-24T13:01:46.1688094Z ##[group]GITHUB_TOKEN Permissions
2026-07-24T13:01:46.1689903Z Contents: read
2026-07-24T13:01:46.1690385Z Metadata: read
2026-07-24T13:01:46.1690848Z Packages: write
2026-07-24T13:01:46.1691317Z ##[endgroup]
2026-07-24T13:01:46.1693498Z Secret source: Actions
2026-07-24T13:01:46.1694377Z Prepare workflow directory
2026-07-24T13:01:46.2084018Z Prepare all required actions
2026-07-24T13:01:46.2117201Z Getting action download info
2026-07-24T13:01:46.4389252Z Download action repository 'actions/checkout@v4' (SHA:11d5960a326750d5838078e36cf38b85af677262)
2026-07-24T13:01:49.9450826Z Download action repository 'docker/setup-buildx-action@v3' (SHA:8d2750c68a42422c14e847fe6c8ac0403b4cbd6f)
2026-07-24T13:01:50.5136444Z Download action repository 'docker/login-action@v3' (SHA:c94ce9fb468520275223c153574b00df6fe4bcc9)
2026-07-24T13:01:51.1800423Z Download action repository 'docker/metadata-action@v5' (SHA:c299e40c65443455700f0fdfc63efafe5b349051)
2026-07-24T13:01:51.8849470Z Download action repository 'docker/build-push-action@v6' (SHA:10e90e3645eae34f1e60eeb005ba3a3d33f178e8)
2026-07-24T13:01:52.6001158Z Complete job name: Build & Push Docker Image
2026-07-24T13:01:52.6476656Z Node 20 is being deprecated. This workflow is running with Node 24 by default. If you need to temporarily use Node 20, you can set the ACTIONS_ALLOW_USE_UNSECURE_NODE_VERSION=true environment variable. For more information see: https://github.blog/changelog/2025-09-19-deprecation-of-node-20-on-github-actions-runners/
2026-07-24T13:01:52.6481620Z ##[group]Run actions/checkout@v4
2026-07-24T13:01:52.6481963Z with:
2026-07-24T13:01:52.6482233Z   repository: pkinerd/ednsv
2026-07-24T13:01:52.6484178Z   token: ***
2026-07-24T13:01:52.6484383Z   ssh-strict: true
2026-07-24T13:01:52.6484636Z   ssh-user: git
2026-07-24T13:01:52.6484891Z   persist-credentials: true
2026-07-24T13:01:52.6485149Z   clean: true
2026-07-24T13:01:52.6485392Z   sparse-checkout-cone-mode: true
2026-07-24T13:01:52.6485651Z   fetch-depth: 1
2026-07-24T13:01:52.6485884Z   fetch-tags: false
2026-07-24T13:01:52.6486102Z   show-progress: true
2026-07-24T13:01:52.6486323Z   lfs: false
2026-07-24T13:01:52.6486629Z   submodules: false
2026-07-24T13:01:52.6486834Z   set-safe-directory: true
2026-07-24T13:01:52.6487106Z   allow-unsafe-pr-checkout: false
2026-07-24T13:01:52.6487510Z env:
2026-07-24T13:01:52.6487711Z   REGISTRY: ghcr.io
2026-07-24T13:01:52.6487940Z   IMAGE_NAME: pkinerd/ednsv
2026-07-24T13:01:52.6488165Z ##[endgroup]
2026-07-24T13:01:52.7231894Z Syncing repository: pkinerd/ednsv
2026-07-24T13:01:52.7233689Z ##[group]Getting Git version info
2026-07-24T13:01:52.7234306Z Working directory is '/home/runner/work/ednsv/ednsv'
2026-07-24T13:01:52.7235086Z [command]/usr/bin/git version
2026-07-24T13:01:52.7483067Z git version 2.54.0
2026-07-24T13:01:52.7497331Z ##[endgroup]
2026-07-24T13:01:52.7510877Z Temporarily overriding HOME='/home/runner/work/_temp/5f5ce4e0-b830-4944-b661-58c2f83f62d3' before making global git config changes
2026-07-24T13:01:52.7512002Z Adding repository directory to the temporary git global config as a safe directory
2026-07-24T13:01:52.7514831Z [command]/usr/bin/git config --global --add safe.directory /home/runner/work/ednsv/ednsv
2026-07-24T13:01:52.7546620Z Deleting the contents of '/home/runner/work/ednsv/ednsv'
2026-07-24T13:01:52.7550659Z ##[group]Initializing the repository
2026-07-24T13:01:52.7553981Z [command]/usr/bin/git init /home/runner/work/ednsv/ednsv
2026-07-24T13:01:52.8508790Z hint: Using 'master' as the name for the initial branch. This default branch name
2026-07-24T13:01:52.8509561Z hint: will change to "main" in Git 3.0. To configure the initial branch name
2026-07-24T13:01:52.8510207Z hint: to use in all of your new repositories, which will suppress this warning,
2026-07-24T13:01:52.8510753Z hint: call:
2026-07-24T13:01:52.8511122Z hint:
2026-07-24T13:01:52.8511679Z hint: 	git config --global init.defaultBranch <name>
2026-07-24T13:01:52.8512109Z hint:
2026-07-24T13:01:52.8512685Z hint: Names commonly chosen instead of 'master' are 'main', 'trunk' and
2026-07-24T13:01:52.8513563Z hint: 'development'. The just-created branch can be renamed via this command:
2026-07-24T13:01:52.8514125Z hint:
2026-07-24T13:01:52.8514422Z hint: 	git branch -m <name>
2026-07-24T13:01:52.8514752Z hint:
2026-07-24T13:01:52.8515055Z hint: Disable this message with "git config set advice.defaultBranchName false"
2026-07-24T13:01:52.8515487Z Initialized empty Git repository in /home/runner/work/ednsv/ednsv/.git/
2026-07-24T13:01:52.8519219Z [command]/usr/bin/git remote add origin https://github.com/pkinerd/ednsv
2026-07-24T13:01:52.8552255Z ##[endgroup]
2026-07-24T13:01:52.8552674Z ##[group]Disabling automatic garbage collection
2026-07-24T13:01:52.8555413Z [command]/usr/bin/git config --local gc.auto 0
2026-07-24T13:01:52.8576735Z ##[endgroup]
2026-07-24T13:01:52.8577193Z ##[group]Setting up auth
2026-07-24T13:01:52.8581782Z [command]/usr/bin/git config --local --name-only --get-regexp core\.sshCommand
2026-07-24T13:01:52.8603740Z [command]/usr/bin/git submodule foreach --recursive sh -c "git config --local --name-only --get-regexp 'core\.sshCommand' && git config --local --unset-all 'core.sshCommand' || :"
2026-07-24T13:01:53.0486270Z [command]/usr/bin/git config --local --name-only --get-regexp http\.https\:\/\/github\.com\/\.extraheader
2026-07-24T13:01:53.0515873Z [command]/usr/bin/git submodule foreach --recursive sh -c "git config --local --name-only --get-regexp 'http\.https\:\/\/github\.com\/\.extraheader' && git config --local --unset-all 'http.https://github.com/.extraheader' || :"
2026-07-24T13:01:53.0671296Z [command]/usr/bin/git config --local --name-only --get-regexp ^includeIf\.gitdir:
2026-07-24T13:01:53.0698809Z [command]/usr/bin/git submodule foreach --recursive git config --local --show-origin --name-only --get-regexp remote.origin.url
2026-07-24T13:01:53.0847357Z [command]/usr/bin/git config --local http.https://github.com/.extraheader AUTHORIZATION: basic ***
2026-07-24T13:01:53.1039272Z ##[endgroup]
2026-07-24T13:01:53.1039848Z ##[group]Fetching the repository
2026-07-24T13:01:53.1048004Z [command]/usr/bin/git -c protocol.version=2 fetch --no-tags --prune --no-recurse-submodules --depth=1 origin +286383e1c6d74f0250ee220191f3abd15430a1cf:refs/remotes/pull/27/merge
2026-07-24T13:01:54.0419964Z From https://github.com/pkinerd/ednsv
2026-07-24T13:01:54.0420730Z  * [new ref]         286383e1c6d74f0250ee220191f3abd15430a1cf -> pull/27/merge
2026-07-24T13:01:54.0438211Z ##[endgroup]
2026-07-24T13:01:54.0438653Z ##[group]Determining the checkout info
2026-07-24T13:01:54.0441085Z ##[endgroup]
2026-07-24T13:01:54.0446079Z [command]/usr/bin/git sparse-checkout disable
2026-07-24T13:01:54.0476426Z [command]/usr/bin/git config --local --unset-all extensions.worktreeConfig
2026-07-24T13:01:54.0508036Z ##[group]Checking out the ref
2026-07-24T13:01:54.0510328Z [command]/usr/bin/git checkout --progress --force refs/remotes/pull/27/merge
2026-07-24T13:01:54.0583589Z Note: switching to 'refs/remotes/pull/27/merge'.
2026-07-24T13:01:54.0583886Z 
2026-07-24T13:01:54.0584181Z You are in 'detached HEAD' state. You can look around, make experimental
2026-07-24T13:01:54.0584781Z changes and commit them, and you can discard any commits you make in this
2026-07-24T13:01:54.0585281Z state without impacting any branches by switching back to a branch.
2026-07-24T13:01:54.0585574Z 
2026-07-24T13:01:54.0585815Z If you want to create a new branch to retain commits you create, you may
2026-07-24T13:01:54.0586297Z do so (now or later) by using -c with the switch command. Example:
2026-07-24T13:01:54.0586604Z 
2026-07-24T13:01:54.0586735Z   git switch -c <new-branch-name>
2026-07-24T13:01:54.0586982Z 
2026-07-24T13:01:54.0587107Z Or undo this operation with:
2026-07-24T13:01:54.0587329Z 
2026-07-24T13:01:54.0587445Z   git switch -
2026-07-24T13:01:54.0587647Z 
2026-07-24T13:01:54.0587866Z Turn off this advice by setting config variable advice.detachedHead to false
2026-07-24T13:01:54.0588205Z 
2026-07-24T13:01:54.0588586Z HEAD is now at 286383e Merge 95ef2091e1e133dd697f671fbe9e559b0b38ee4a into 820c0019085f5073eb31d9822b29a158ec3c4826
2026-07-24T13:01:54.0589882Z ##[endgroup]
2026-07-24T13:01:54.0613887Z [command]/usr/bin/git log -1 --format=%H
2026-07-24T13:01:54.0630772Z 286383e1c6d74f0250ee220191f3abd15430a1cf
2026-07-24T13:01:54.0797158Z ##[group]Run if [ "pull_request" != "pull_request" ]; then
2026-07-24T13:01:54.0797687Z [36;1mif [ "pull_request" != "pull_request" ]; then[0m
2026-07-24T13:01:54.0797992Z [36;1m  echo "push=true" >> "$GITHUB_OUTPUT"[0m
2026-07-24T13:01:54.0798325Z [36;1melif [ "pkinerd/ednsv" = "pkinerd/ednsv" ]; then[0m
2026-07-24T13:01:54.0798628Z [36;1m  echo "push=true" >> "$GITHUB_OUTPUT"[0m
2026-07-24T13:01:54.0798891Z [36;1melse[0m
2026-07-24T13:01:54.0799147Z [36;1m  echo "push=false" >> "$GITHUB_OUTPUT"[0m
2026-07-24T13:01:54.0799433Z [36;1mfi[0m
2026-07-24T13:01:54.0827218Z shell: /usr/bin/bash -e {0}
2026-07-24T13:01:54.0827522Z env:
2026-07-24T13:01:54.0827782Z   REGISTRY: ghcr.io
2026-07-24T13:01:54.0828011Z   IMAGE_NAME: pkinerd/ednsv
2026-07-24T13:01:54.0828275Z ##[endgroup]
2026-07-24T13:01:54.0973652Z Node 20 is being deprecated. This workflow is running with Node 24 by default. If you need to temporarily use Node 20, you can set the ACTIONS_ALLOW_USE_UNSECURE_NODE_VERSION=true environment variable. For more information see: https://github.blog/changelog/2025-09-19-deprecation-of-node-20-on-github-actions-runners/
2026-07-24T13:01:54.0974947Z ##[group]Run docker/setup-buildx-action@v3
2026-07-24T13:01:54.0975235Z with:
2026-07-24T13:01:54.0975483Z   driver: docker-container
2026-07-24T13:01:54.0975726Z   use: true
2026-07-24T13:01:54.0975952Z   keep-state: false
2026-07-24T13:01:54.0976194Z   cache-binary: true
2026-07-24T13:01:54.0976408Z   cleanup: true
2026-07-24T13:01:54.0976655Z   install: false
2026-07-24T13:01:54.0976873Z env:
2026-07-24T13:01:54.0977081Z   REGISTRY: ghcr.io
2026-07-24T13:01:54.0977355Z   IMAGE_NAME: pkinerd/ednsv
2026-07-24T13:01:54.0977602Z ##[endgroup]
2026-07-24T13:01:54.2675478Z (node:2040) [DEP0040] DeprecationWarning: The `punycode` module is deprecated. Please use a userland alternative instead.
2026-07-24T13:01:54.2676352Z (Use `node --trace-deprecation ...` to show where the warning was created)
2026-07-24T13:01:54.2780923Z ##[group]Docker info
2026-07-24T13:01:54.2783339Z [command]/usr/bin/docker version
2026-07-24T13:01:54.4779642Z Client: Docker Engine - Community
2026-07-24T13:01:54.4780162Z  Version:           28.0.4
2026-07-24T13:01:54.4782157Z  API version:       1.48
2026-07-24T13:01:54.4783164Z  Go version:        go1.23.7
2026-07-24T13:01:54.4783560Z  Git commit:        b8034c0
2026-07-24T13:01:54.4784021Z  Built:             Tue Mar 25 15:07:16 2025
2026-07-24T13:01:54.4784393Z  OS/Arch:           linux/amd64
2026-07-24T13:01:54.4784810Z  Context:           default
2026-07-24T13:01:54.4784989Z 
2026-07-24T13:01:54.4785184Z Server: Docker Engine - Community
2026-07-24T13:01:54.4785726Z  Engine:
2026-07-24T13:01:54.4786023Z   Version:          28.0.4
2026-07-24T13:01:54.4786349Z   API version:      1.48 (minimum version 1.24)
2026-07-24T13:01:54.4786702Z   Go version:       go1.23.7
2026-07-24T13:01:54.4787026Z   Git commit:       6430e49
2026-07-24T13:01:54.4787378Z   Built:            Tue Mar 25 15:07:16 2025
2026-07-24T13:01:54.4787705Z   OS/Arch:          linux/amd64
2026-07-24T13:01:54.4788055Z   Experimental:     false
2026-07-24T13:01:54.4788375Z  containerd:
2026-07-24T13:01:54.4788665Z   Version:          v2.2.6
2026-07-24T13:01:54.4789026Z   GitCommit:        11ce9d5f3c68c941867e82890e93e815c1304f1b
2026-07-24T13:01:54.4789401Z  runc:
2026-07-24T13:01:54.4789682Z   Version:          1.3.6
2026-07-24T13:01:54.4790003Z   GitCommit:        v1.3.6-0-g491b69ba
2026-07-24T13:01:54.4790317Z  docker-init:
2026-07-24T13:01:54.4790596Z   Version:          0.19.0
2026-07-24T13:01:54.4790921Z   GitCommit:        de40ad0
2026-07-24T13:01:54.4807955Z [command]/usr/bin/docker info
2026-07-24T13:01:55.9272833Z Client: Docker Engine - Community
2026-07-24T13:01:55.9273463Z  Version:    28.0.4
2026-07-24T13:01:55.9273822Z  Context:    default
2026-07-24T13:01:55.9274123Z  Debug Mode: false
2026-07-24T13:01:55.9274402Z  Plugins:
2026-07-24T13:01:55.9274658Z   buildx: Docker Buildx (Docker Inc.)
2026-07-24T13:01:55.9274996Z     Version:  v0.35.0
2026-07-24T13:01:55.9275366Z     Path:     /usr/libexec/docker/cli-plugins/docker-buildx
2026-07-24T13:01:55.9275807Z   compose: Docker Compose (Docker Inc.)
2026-07-24T13:01:55.9276122Z     Version:  v2.38.2
2026-07-24T13:01:55.9276451Z     Path:     /usr/libexec/docker/cli-plugins/docker-compose
2026-07-24T13:01:55.9276685Z 
2026-07-24T13:01:55.9276811Z Server:
2026-07-24T13:01:55.9277068Z  Containers: 0
2026-07-24T13:01:55.9277327Z   Running: 0
2026-07-24T13:01:55.9277631Z   Paused: 0
2026-07-24T13:01:55.9277902Z   Stopped: 0
2026-07-24T13:01:55.9278158Z  Images: 6
2026-07-24T13:01:55.9278416Z  Server Version: 28.0.4
2026-07-24T13:01:55.9278745Z  Storage Driver: overlay2
2026-07-24T13:01:55.9279017Z   Backing Filesystem: extfs
2026-07-24T13:01:55.9279354Z   Supports d_type: true
2026-07-24T13:01:55.9280075Z   Using metacopy: false
2026-07-24T13:01:55.9280335Z   Native Overlay Diff: false
2026-07-24T13:01:55.9280649Z   userxattr: false
2026-07-24T13:01:55.9280906Z  Logging Driver: json-file
2026-07-24T13:01:55.9281186Z  Cgroup Driver: systemd
2026-07-24T13:01:55.9281465Z  Cgroup Version: 2
2026-07-24T13:01:55.9281724Z  Plugins:
2026-07-24T13:01:55.9281994Z   Volume: local
2026-07-24T13:01:55.9282282Z   Network: bridge host ipvlan macvlan null overlay
2026-07-24T13:01:55.9282699Z   Log: awslogs fluentd gcplogs gelf journald json-file local splunk syslog
2026-07-24T13:01:55.9283299Z  Swarm: inactive
2026-07-24T13:01:55.9283572Z  Runtimes: io.containerd.runc.v2 runc
2026-07-24T13:01:55.9283912Z  Default Runtime: runc
2026-07-24T13:01:55.9284157Z  Init Binary: docker-init
2026-07-24T13:01:55.9284519Z  containerd version: 11ce9d5f3c68c941867e82890e93e815c1304f1b
2026-07-24T13:01:55.9284857Z  runc version: v1.3.6-0-g491b69ba
2026-07-24T13:01:55.9285221Z  init version: de40ad0
2026-07-24T13:01:55.9285429Z  Security Options:
2026-07-24T13:01:55.9285663Z   apparmor
2026-07-24T13:01:55.9285852Z   seccomp
2026-07-24T13:01:55.9286087Z    Profile: builtin
2026-07-24T13:01:55.9286292Z   cgroupns
2026-07-24T13:01:55.9286508Z  Kernel Version: 6.17.0-1020-azure
2026-07-24T13:01:55.9286749Z  Operating System: Ubuntu 24.04.4 LTS
2026-07-24T13:01:55.9286979Z  OSType: linux
2026-07-24T13:01:55.9287164Z  Architecture: x86_64
2026-07-24T13:01:55.9287382Z  CPUs: 4
2026-07-24T13:01:55.9287583Z  Total Memory: 15.61GiB
2026-07-24T13:01:55.9287819Z  Name: runnervmvrwv9
2026-07-24T13:01:55.9288060Z  ID: dce1e4a9-fc26-4218-aaf0-feee5194c8cb
2026-07-24T13:01:55.9288319Z  Docker Root Dir: /var/lib/docker
2026-07-24T13:01:55.9288637Z  Debug Mode: false
2026-07-24T13:01:55.9288931Z  Username: githubactions
2026-07-24T13:01:55.9289216Z  Experimental: false
2026-07-24T13:01:55.9289672Z  Insecure Registries:
2026-07-24T13:01:55.9294164Z   ::1/128
2026-07-24T13:01:55.9294465Z   127.0.0.0/8
2026-07-24T13:01:55.9294736Z  Live Restore Enabled: false
2026-07-24T13:01:55.9294910Z 
2026-07-24T13:01:55.9295644Z ##[endgroup]
2026-07-24T13:01:55.9702037Z ##[group]Buildx version
2026-07-24T13:01:55.9720717Z [command]/usr/bin/docker buildx version
2026-07-24T13:01:56.0086544Z github.com/docker/buildx v0.35.0 a319e5b15052cf6557ceb666eb8ff6e32380b782
2026-07-24T13:01:56.0102605Z ##[endgroup]
2026-07-24T13:01:56.0218837Z ##[group]Inspecting default docker context
2026-07-24T13:01:56.0324709Z [
2026-07-24T13:01:56.0325179Z   {
2026-07-24T13:01:56.0325469Z     "Name": "default",
2026-07-24T13:01:56.0325833Z     "Metadata": {},
2026-07-24T13:01:56.0326197Z     "Endpoints": {
2026-07-24T13:01:56.0326492Z       "docker": {
2026-07-24T13:01:56.0326752Z         "Host": "unix:///var/run/docker.sock",
2026-07-24T13:01:56.0327141Z         "SkipTLSVerify": false
2026-07-24T13:01:56.0327514Z       }
2026-07-24T13:01:56.0327786Z     },
2026-07-24T13:01:56.0328034Z     "TLSMaterial": {},
2026-07-24T13:01:56.0328257Z     "Storage": {
2026-07-24T13:01:56.0328542Z       "MetadataPath": "<IN MEMORY>",
2026-07-24T13:01:56.0328822Z       "TLSPath": "<IN MEMORY>"
2026-07-24T13:01:56.0329074Z     }
2026-07-24T13:01:56.0329463Z   }
2026-07-24T13:01:56.0329670Z ]
2026-07-24T13:01:56.0330222Z ##[endgroup]
2026-07-24T13:01:56.0330777Z ##[group]Creating a new builder instance
2026-07-24T13:01:56.1125428Z [command]/usr/bin/docker buildx create --name builder-9ebe4cda-e920-4dcd-861f-835874d095f3 --driver docker-container --buildkitd-flags --allow-insecure-entitlement security.insecure --allow-insecure-entitlement network.host --use
2026-07-24T13:01:56.1508530Z builder-9ebe4cda-e920-4dcd-861f-835874d095f3
2026-07-24T13:01:56.1521682Z ##[endgroup]
2026-07-24T13:01:56.1522423Z ##[group]Booting builder
2026-07-24T13:01:56.1562245Z [command]/usr/bin/docker buildx inspect --bootstrap --builder builder-9ebe4cda-e920-4dcd-861f-835874d095f3
2026-07-24T13:01:56.1919365Z #1 [internal] booting buildkit
2026-07-24T13:01:56.3428313Z #1 pulling image moby/buildkit:buildx-stable-1
2026-07-24T13:02:03.6384015Z #1 pulling image moby/buildkit:buildx-stable-1 7.4s done
2026-07-24T13:02:03.7887143Z #1 creating container buildx_buildkit_builder-9ebe4cda-e920-4dcd-861f-835874d095f30
2026-07-24T13:02:05.4537413Z #1 creating container buildx_buildkit_builder-9ebe4cda-e920-4dcd-861f-835874d095f30 1.8s done
2026-07-24T13:02:05.4547824Z #1 DONE 9.3s
2026-07-24T13:02:05.4773236Z Name:          builder-9ebe4cda-e920-4dcd-861f-835874d095f3
2026-07-24T13:02:05.4773874Z Driver:        docker-container
2026-07-24T13:02:05.4774207Z Last Activity: 2026-07-24 13:01:56 +0000 UTC
2026-07-24T13:02:05.4774415Z 
2026-07-24T13:02:05.4774532Z Nodes:
2026-07-24T13:02:05.4774918Z Name:                  builder-9ebe4cda-e920-4dcd-861f-835874d095f30
2026-07-24T13:02:05.4775348Z Endpoint:              unix:///var/run/docker.sock
2026-07-24T13:02:05.4775758Z Status:                running
2026-07-24T13:02:05.4776385Z BuildKit daemon flags: --allow-insecure-entitlement security.insecure --allow-insecure-entitlement network.host
2026-07-24T13:02:05.4776943Z BuildKit version:      v0.31.2
2026-07-24T13:02:05.4777415Z Platforms:             linux/amd64, linux/amd64/v2, linux/amd64/v3, linux/amd64/v4, linux/386
2026-07-24T13:02:05.4777834Z Labels:
2026-07-24T13:02:05.4778126Z  org.mobyproject.buildkit.worker.executor:         oci
2026-07-24T13:02:05.4778577Z  org.mobyproject.buildkit.worker.hostname:         f4fa1b5f8f6d
2026-07-24T13:02:05.4779065Z  org.mobyproject.buildkit.worker.network:          host
2026-07-24T13:02:05.4779572Z  org.mobyproject.buildkit.worker.oci.process-mode: sandbox
2026-07-24T13:02:05.4780017Z  org.mobyproject.buildkit.worker.selinux.enabled:  false
2026-07-24T13:02:05.4780435Z  org.mobyproject.buildkit.worker.snapshotter:      overlayfs
2026-07-24T13:02:05.4780797Z GC Policy rule#0:
2026-07-24T13:02:05.4781068Z  All:            false
2026-07-24T13:02:05.4781712Z  Filters:        type==source.local type==exec.cachemount type==source.git.checkout
2026-07-24T13:02:05.4782143Z  Keep Duration:  48h0m0s
2026-07-24T13:02:05.4782431Z  Max Used Space: 488.3MiB
2026-07-24T13:02:05.4782675Z GC Policy rule#1:
2026-07-24T13:02:05.4783123Z  All:            false
2026-07-24T13:02:05.4783430Z  Keep Duration:  1440h0m0s
2026-07-24T13:02:05.4784149Z  Reserved Space: 9.313GiB
2026-07-24T13:02:05.4784436Z  Max Used Space: 93.13GiB
2026-07-24T13:02:05.4784664Z  Min Free Space: 27.01GiB
2026-07-24T13:02:05.4784961Z GC Policy rule#2:
2026-07-24T13:02:05.4785253Z  All:            false
2026-07-24T13:02:05.4785523Z  Reserved Space: 9.313GiB
2026-07-24T13:02:05.4791310Z  Max Used Space: 93.13GiB
2026-07-24T13:02:05.4791594Z  Min Free Space: 27.01GiB
2026-07-24T13:02:05.4791929Z GC Policy rule#3:
2026-07-24T13:02:05.4792144Z  All:            true
2026-07-24T13:02:05.4792360Z  Reserved Space: 9.313GiB
2026-07-24T13:02:05.4792612Z  Max Used Space: 93.13GiB
2026-07-24T13:02:05.4793072Z  Min Free Space: 27.01GiB
2026-07-24T13:02:05.4808493Z ##[endgroup]
2026-07-24T13:02:05.5457585Z ##[group]Inspect builder
2026-07-24T13:02:05.5458863Z {
2026-07-24T13:02:05.5461884Z   "nodes": [
2026-07-24T13:02:05.5462316Z     {
2026-07-24T13:02:05.5462702Z       "name": "builder-9ebe4cda-e920-4dcd-861f-835874d095f30",
2026-07-24T13:02:05.5463380Z       "endpoint": "unix:///var/run/docker.sock",
2026-07-24T13:02:05.5463737Z       "status": "running",
2026-07-24T13:02:05.5464411Z       "buildkitd-flags": "--allow-insecure-entitlement security.insecure --allow-insecure-entitlement network.host",
2026-07-24T13:02:05.5464966Z       "buildkit": "v0.31.2",
2026-07-24T13:02:05.5465346Z       "platforms": "linux/amd64,linux/amd64/v2,linux/amd64/v3,linux/amd64/v4,linux/386",
2026-07-24T13:02:05.5465810Z       "features": {
2026-07-24T13:02:05.5466141Z         "Automatically load images to the Docker Engine image store": true,
2026-07-24T13:02:05.5466524Z         "Cache export": true,
2026-07-24T13:02:05.5466813Z         "Direct push": true,
2026-07-24T13:02:05.5467083Z         "Docker exporter": true,
2026-07-24T13:02:05.5467430Z         "Multi-platform build": true,
2026-07-24T13:02:05.5467973Z         "OCI exporter": true
2026-07-24T13:02:05.5468264Z       },
2026-07-24T13:02:05.5468589Z       "labels": {
2026-07-24T13:02:05.5468903Z         "org.mobyproject.buildkit.worker.executor": "oci",
2026-07-24T13:02:05.5469390Z         "org.mobyproject.buildkit.worker.hostname": "f4fa1b5f8f6d",
2026-07-24T13:02:05.5469801Z         "org.mobyproject.buildkit.worker.network": "host",
2026-07-24T13:02:05.5470218Z         "org.mobyproject.buildkit.worker.oci.process-mode": "sandbox",
2026-07-24T13:02:05.5470776Z         "org.mobyproject.buildkit.worker.selinux.enabled": "false",
2026-07-24T13:02:05.5471253Z         "org.mobyproject.buildkit.worker.snapshotter": "overlayfs"
2026-07-24T13:02:05.5471593Z       },
2026-07-24T13:02:05.5471848Z       "gcPolicy": [
2026-07-24T13:02:05.5472134Z         {
2026-07-24T13:02:05.5472468Z           "all": false,
2026-07-24T13:02:05.5472822Z           "filter": [
2026-07-24T13:02:05.5474537Z             "type==source.local type==exec.cachemount type==source.git.checkout"
2026-07-24T13:02:05.5475063Z           ],
2026-07-24T13:02:05.5475392Z           "keepDuration": "48h0m0s",
2026-07-24T13:02:05.5475763Z           "maxUsedSpace": "488.3MiB"
2026-07-24T13:02:05.5476201Z         },
2026-07-24T13:02:05.5476511Z         {
2026-07-24T13:02:05.5476763Z           "all": false,
2026-07-24T13:02:05.5477135Z           "keepDuration": "1440h0m0s",
2026-07-24T13:02:05.5477565Z           "reservedSpace": "9.313GiB",
2026-07-24T13:02:05.5477979Z           "maxUsedSpace": "93.13GiB",
2026-07-24T13:02:05.5478355Z           "minFreeSpace": "27.01GiB"
2026-07-24T13:02:05.5478691Z         },
2026-07-24T13:02:05.5479014Z         {
2026-07-24T13:02:05.5479314Z           "all": false,
2026-07-24T13:02:05.5479713Z           "reservedSpace": "9.313GiB",
2026-07-24T13:02:05.5480146Z           "maxUsedSpace": "93.13GiB",
2026-07-24T13:02:05.5480773Z           "minFreeSpace": "27.01GiB"
2026-07-24T13:02:05.5481154Z         },
2026-07-24T13:02:05.5481460Z         {
2026-07-24T13:02:05.5481815Z           "all": true,
2026-07-24T13:02:05.5482262Z           "reservedSpace": "9.313GiB",
2026-07-24T13:02:05.5482722Z           "maxUsedSpace": "93.13GiB",
2026-07-24T13:02:05.5483270Z           "minFreeSpace": "27.01GiB"
2026-07-24T13:02:05.5483628Z         }
2026-07-24T13:02:05.5483926Z       ]
2026-07-24T13:02:05.5484228Z     }
2026-07-24T13:02:05.5484503Z   ],
2026-07-24T13:02:05.5484818Z   "name": "builder-9ebe4cda-e920-4dcd-861f-835874d095f3",
2026-07-24T13:02:05.5485280Z   "driver": "docker-container",
2026-07-24T13:02:05.5485690Z   "lastActivity": "2026-07-24T13:01:56.000Z"
2026-07-24T13:02:05.5486072Z }
2026-07-24T13:02:05.5486718Z ##[endgroup]
2026-07-24T13:02:05.5487270Z ##[group]BuildKit version
2026-07-24T13:02:05.5487717Z builder-9ebe4cda-e920-4dcd-861f-835874d095f30: v0.31.2
2026-07-24T13:02:05.5488430Z ##[endgroup]
2026-07-24T13:02:05.5596903Z Node 20 is being deprecated. This workflow is running with Node 24 by default. If you need to temporarily use Node 20, you can set the ACTIONS_ALLOW_USE_UNSECURE_NODE_VERSION=true environment variable. For more information see: https://github.blog/changelog/2025-09-19-deprecation-of-node-20-on-github-actions-runners/
2026-07-24T13:02:05.5597880Z ##[group]Run docker/login-action@v3
2026-07-24T13:02:05.5598155Z with:
2026-07-24T13:02:05.5598373Z   registry: ghcr.io
2026-07-24T13:02:05.5598591Z   username: pkinerd
2026-07-24T13:02:05.5600494Z   password: ***
2026-07-24T13:02:05.5600711Z   logout: true
2026-07-24T13:02:05.5600922Z env:
2026-07-24T13:02:05.5601144Z   REGISTRY: ghcr.io
2026-07-24T13:02:05.5601376Z   IMAGE_NAME: pkinerd/ednsv
2026-07-24T13:02:05.5601642Z ##[endgroup]
2026-07-24T13:02:05.7741478Z Logging into ghcr.io...
2026-07-24T13:02:05.7756362Z (node:2550) [DEP0040] DeprecationWarning: The `punycode` module is deprecated. Please use a userland alternative instead.
2026-07-24T13:02:05.7757255Z (Use `node --trace-deprecation ...` to show where the warning was created)
2026-07-24T13:02:06.1711236Z Login Succeeded!
2026-07-24T13:02:06.1820916Z Node 20 is being deprecated. This workflow is running with Node 24 by default. If you need to temporarily use Node 20, you can set the ACTIONS_ALLOW_USE_UNSECURE_NODE_VERSION=true environment variable. For more information see: https://github.blog/changelog/2025-09-19-deprecation-of-node-20-on-github-actions-runners/
2026-07-24T13:02:06.1821847Z ##[group]Run docker/metadata-action@v5
2026-07-24T13:02:06.1822116Z with:
2026-07-24T13:02:06.1822358Z   images: ghcr.io/pkinerd/ednsv
2026-07-24T13:02:06.1823123Z   tags: type=ref,event=branch,prefix=branch-
type=ref,event=pr,prefix=pr-
type=sha,format=short,prefix=sha-
type=raw,value=latest,enable={{is_default_branch}}
type=raw,value=latest-any

2026-07-24T13:02:06.1823730Z   context: workflow
2026-07-24T13:02:06.1825465Z   github-token: ***
2026-07-24T13:02:06.1825685Z env:
2026-07-24T13:02:06.1825941Z   REGISTRY: ghcr.io
2026-07-24T13:02:06.1826170Z   IMAGE_NAME: pkinerd/ednsv
2026-07-24T13:02:06.1826414Z ##[endgroup]
2026-07-24T13:02:06.4514183Z (node:2571) [DEP0040] DeprecationWarning: The `punycode` module is deprecated. Please use a userland alternative instead.
2026-07-24T13:02:06.4514869Z (Use `node --trace-deprecation ...` to show where the warning was created)
2026-07-24T13:02:07.1214214Z ##[group]Context info
2026-07-24T13:02:07.1214640Z eventName: pull_request
2026-07-24T13:02:07.1214947Z sha: 286383e1c6d74f0250ee220191f3abd15430a1cf
2026-07-24T13:02:07.1215291Z ref: refs/pull/27/merge
2026-07-24T13:02:07.1215571Z workflow: CI
2026-07-24T13:02:07.1215846Z action: meta
2026-07-24T13:02:07.1216095Z actor: pkinerd
2026-07-24T13:02:07.1216367Z runNumber: 204
2026-07-24T13:02:07.1216609Z runId: 30095220948
2026-07-24T13:02:07.1216983Z commitDate: Fri Jul 24 2026 13:00:52 GMT+0000 (Coordinated Universal Time)
2026-07-24T13:02:07.1217508Z ##[endgroup]
2026-07-24T13:02:07.1221411Z ##[group]Processing images input
2026-07-24T13:02:07.1222046Z name=ghcr.io/pkinerd/ednsv,enable=true
2026-07-24T13:02:07.1222586Z ##[endgroup]
2026-07-24T13:02:07.1234565Z ##[group]Processing tags input
2026-07-24T13:02:07.1235297Z type=ref,event=branch,prefix=branch-,enable=true,priority=600
2026-07-24T13:02:07.1235905Z type=ref,event=pr,prefix=pr-,enable=true,priority=600
2026-07-24T13:02:07.1236543Z type=raw,value=latest,enable={{is_default_branch}},priority=200
2026-07-24T13:02:07.1237135Z type=raw,value=latest-any,enable=true,priority=200
2026-07-24T13:02:07.1237689Z type=sha,format=short,prefix=sha-,enable=true,priority=100
2026-07-24T13:02:07.1238572Z ##[endgroup]
2026-07-24T13:02:07.1239239Z ##[group]Processing flavor input
2026-07-24T13:02:07.1239761Z latest=auto
2026-07-24T13:02:07.1240508Z prefix=
2026-07-24T13:02:07.1240993Z prefixLatest=false
2026-07-24T13:02:07.1241347Z suffix=
2026-07-24T13:02:07.1241611Z suffixLatest=false
2026-07-24T13:02:07.1242217Z ##[endgroup]
2026-07-24T13:02:07.1287355Z ##[group]Docker image version
2026-07-24T13:02:07.1287991Z pr-27
2026-07-24T13:02:07.1288488Z ##[endgroup]
2026-07-24T13:02:07.1291352Z ##[group]Docker tags
2026-07-24T13:02:07.1291767Z ghcr.io/pkinerd/ednsv:pr-27
2026-07-24T13:02:07.1292197Z ghcr.io/pkinerd/ednsv:latest-any
2026-07-24T13:02:07.1292561Z ghcr.io/pkinerd/ednsv:sha-286383e
2026-07-24T13:02:07.1293315Z ##[endgroup]
2026-07-24T13:02:07.1341510Z ##[group]Docker labels
2026-07-24T13:02:07.1342057Z org.opencontainers.image.created=2026-07-24T13:02:07.123Z
2026-07-24T13:02:07.1342500Z org.opencontainers.image.description=
2026-07-24T13:02:07.1343014Z org.opencontainers.image.licenses=
2026-07-24T13:02:07.1343628Z org.opencontainers.image.revision=286383e1c6d74f0250ee220191f3abd15430a1cf
2026-07-24T13:02:07.1344229Z org.opencontainers.image.source=https://github.com/pkinerd/ednsv
2026-07-24T13:02:07.1344743Z org.opencontainers.image.title=ednsv
2026-07-24T13:02:07.1345262Z org.opencontainers.image.url=https://github.com/pkinerd/ednsv
2026-07-24T13:02:07.1345732Z org.opencontainers.image.version=pr-27
2026-07-24T13:02:07.1346430Z ##[endgroup]
2026-07-24T13:02:07.1347047Z ##[group]Annotations
2026-07-24T13:02:07.1347718Z manifest:org.opencontainers.image.created=2026-07-24T13:02:07.123Z
2026-07-24T13:02:07.1348223Z manifest:org.opencontainers.image.description=
2026-07-24T13:02:07.1348698Z manifest:org.opencontainers.image.licenses=
2026-07-24T13:02:07.1349248Z manifest:org.opencontainers.image.revision=286383e1c6d74f0250ee220191f3abd15430a1cf
2026-07-24T13:02:07.1349937Z manifest:org.opencontainers.image.source=https://github.com/pkinerd/ednsv
2026-07-24T13:02:07.1350463Z manifest:org.opencontainers.image.title=ednsv
2026-07-24T13:02:07.1350921Z manifest:org.opencontainers.image.url=https://github.com/pkinerd/ednsv
2026-07-24T13:02:07.1351446Z manifest:org.opencontainers.image.version=pr-27
2026-07-24T13:02:07.1352080Z ##[endgroup]
2026-07-24T13:02:07.1352601Z ##[group]JSON output
2026-07-24T13:02:07.1353120Z {
2026-07-24T13:02:07.1353407Z   "tags": [
2026-07-24T13:02:07.1353733Z     "ghcr.io/pkinerd/ednsv:pr-27",
2026-07-24T13:02:07.1354078Z     "ghcr.io/pkinerd/ednsv:latest-any",
2026-07-24T13:02:07.1354578Z     "ghcr.io/pkinerd/ednsv:sha-286383e"
2026-07-24T13:02:07.1354927Z   ],
2026-07-24T13:02:07.1355226Z   "tag-names": [
2026-07-24T13:02:07.1355487Z     "pr-27",
2026-07-24T13:02:07.1355768Z     "latest-any",
2026-07-24T13:02:07.1356111Z     "sha-286383e"
2026-07-24T13:02:07.1356380Z   ],
2026-07-24T13:02:07.1356602Z   "labels": {
2026-07-24T13:02:07.1357066Z     "org.opencontainers.image.created": "2026-07-24T13:02:07.123Z",
2026-07-24T13:02:07.1357572Z     "org.opencontainers.image.description": "",
2026-07-24T13:02:07.1357973Z     "org.opencontainers.image.licenses": "",
2026-07-24T13:02:07.1358560Z     "org.opencontainers.image.revision": "286383e1c6d74f0250ee220191f3abd15430a1cf",
2026-07-24T13:02:07.1359159Z     "org.opencontainers.image.source": "https://github.com/pkinerd/ednsv",
2026-07-24T13:02:07.1359664Z     "org.opencontainers.image.title": "ednsv",
2026-07-24T13:02:07.1360391Z     "org.opencontainers.image.url": "https://github.com/pkinerd/ednsv",
2026-07-24T13:02:07.1360976Z     "org.opencontainers.image.version": "pr-27"
2026-07-24T13:02:07.1361331Z   },
2026-07-24T13:02:07.1361610Z   "annotations": [
2026-07-24T13:02:07.1362013Z     "manifest:org.opencontainers.image.created=2026-07-24T13:02:07.123Z",
2026-07-24T13:02:07.1362457Z     "manifest:org.opencontainers.image.description=",
2026-07-24T13:02:07.1362817Z     "manifest:org.opencontainers.image.licenses=",
2026-07-24T13:02:07.1363581Z     "manifest:org.opencontainers.image.revision=286383e1c6d74f0250ee220191f3abd15430a1cf",
2026-07-24T13:02:07.1364136Z     "manifest:org.opencontainers.image.source=https://github.com/pkinerd/ednsv",
2026-07-24T13:02:07.1364597Z     "manifest:org.opencontainers.image.title=ednsv",
2026-07-24T13:02:07.1365041Z     "manifest:org.opencontainers.image.url=https://github.com/pkinerd/ednsv",
2026-07-24T13:02:07.1365482Z     "manifest:org.opencontainers.image.version=pr-27"
2026-07-24T13:02:07.1366424Z   ]
2026-07-24T13:02:07.1366654Z }
2026-07-24T13:02:07.1367201Z ##[endgroup]
2026-07-24T13:02:07.1367749Z ##[group]Bake file definition (tags)
2026-07-24T13:02:07.1368081Z {
2026-07-24T13:02:07.1368347Z   "target": {
2026-07-24T13:02:07.1368648Z     "docker-metadata-action": {
2026-07-24T13:02:07.1369008Z       "tags": [
2026-07-24T13:02:07.1369341Z         "ghcr.io/pkinerd/ednsv:pr-27",
2026-07-24T13:02:07.1369685Z         "ghcr.io/pkinerd/ednsv:latest-any",
2026-07-24T13:02:07.1369996Z         "ghcr.io/pkinerd/ednsv:sha-286383e"
2026-07-24T13:02:07.1370332Z       ],
2026-07-24T13:02:07.1370613Z       "args": {
2026-07-24T13:02:07.1370908Z         "DOCKER_META_IMAGES": "ghcr.io/pkinerd/ednsv",
2026-07-24T13:02:07.1371259Z         "DOCKER_META_VERSION": "pr-27"
2026-07-24T13:02:07.1371563Z       }
2026-07-24T13:02:07.1371779Z     }
2026-07-24T13:02:07.1372011Z   }
2026-07-24T13:02:07.1372239Z }
2026-07-24T13:02:07.1372734Z ##[endgroup]
2026-07-24T13:02:07.1373490Z ##[group]Bake file definition (labels)
2026-07-24T13:02:07.1373857Z {
2026-07-24T13:02:07.1374187Z   "target": {
2026-07-24T13:02:07.1374694Z     "docker-metadata-action": {
2026-07-24T13:02:07.1375030Z       "labels": {
2026-07-24T13:02:07.1375433Z         "org.opencontainers.image.created": "2026-07-24T13:02:07.123Z",
2026-07-24T13:02:07.1375943Z         "org.opencontainers.image.description": "",
2026-07-24T13:02:07.1376400Z         "org.opencontainers.image.licenses": "",
2026-07-24T13:02:07.1377010Z         "org.opencontainers.image.revision": "286383e1c6d74f0250ee220191f3abd15430a1cf",
2026-07-24T13:02:07.1377702Z         "org.opencontainers.image.source": "https://github.com/pkinerd/ednsv",
2026-07-24T13:02:07.1378318Z         "org.opencontainers.image.title": "ednsv",
2026-07-24T13:02:07.1378770Z         "org.opencontainers.image.url": "https://github.com/pkinerd/ednsv",
2026-07-24T13:02:07.1379271Z         "org.opencontainers.image.version": "pr-27"
2026-07-24T13:02:07.1379664Z       }
2026-07-24T13:02:07.1379965Z     }
2026-07-24T13:02:07.1380261Z   }
2026-07-24T13:02:07.1380580Z }
2026-07-24T13:02:07.1381171Z ##[endgroup]
2026-07-24T13:02:07.1381763Z ##[group]Bake file definition (annotations)
2026-07-24T13:02:07.1382176Z {
2026-07-24T13:02:07.1382487Z   "target": {
2026-07-24T13:02:07.1382817Z     "docker-metadata-action": {
2026-07-24T13:02:07.1383458Z       "annotations": [
2026-07-24T13:02:07.1383913Z         "manifest:org.opencontainers.image.created=2026-07-24T13:02:07.123Z",
2026-07-24T13:02:07.1384477Z         "manifest:org.opencontainers.image.description=",
2026-07-24T13:02:07.1384954Z         "manifest:org.opencontainers.image.licenses=",
2026-07-24T13:02:07.1385539Z         "manifest:org.opencontainers.image.revision=286383e1c6d74f0250ee220191f3abd15430a1cf",
2026-07-24T13:02:07.1386397Z         "manifest:org.opencontainers.image.source=https://github.com/pkinerd/ednsv",
2026-07-24T13:02:07.1387020Z         "manifest:org.opencontainers.image.title=ednsv",
2026-07-24T13:02:07.1387560Z         "manifest:org.opencontainers.image.url=https://github.com/pkinerd/ednsv",
2026-07-24T13:02:07.1388335Z         "manifest:org.opencontainers.image.version=pr-27"
2026-07-24T13:02:07.1388782Z       ]
2026-07-24T13:02:07.1389097Z     }
2026-07-24T13:02:07.1389412Z   }
2026-07-24T13:02:07.1389708Z }
2026-07-24T13:02:07.1390200Z ##[endgroup]
2026-07-24T13:02:07.1505944Z Node 20 is being deprecated. This workflow is running with Node 24 by default. If you need to temporarily use Node 20, you can set the ACTIONS_ALLOW_USE_UNSECURE_NODE_VERSION=true environment variable. For more information see: https://github.blog/changelog/2025-09-19-deprecation-of-node-20-on-github-actions-runners/
2026-07-24T13:02:07.1506873Z ##[group]Run docker/build-push-action@v6
2026-07-24T13:02:07.1507129Z with:
2026-07-24T13:02:07.1507352Z   context: .
2026-07-24T13:02:07.1507553Z   file: ./Dockerfile
2026-07-24T13:02:07.1507759Z   push: true
2026-07-24T13:02:07.1508102Z   tags: ghcr.io/pkinerd/ednsv:pr-27
ghcr.io/pkinerd/ednsv:latest-any
ghcr.io/pkinerd/ednsv:sha-286383e
2026-07-24T13:02:07.1509444Z   labels: org.opencontainers.image.created=2026-07-24T13:02:07.123Z
org.opencontainers.image.description=
org.opencontainers.image.licenses=
org.opencontainers.image.revision=286383e1c6d74f0250ee220191f3abd15430a1cf
org.opencontainers.image.source=https://github.com/pkinerd/ednsv
org.opencontainers.image.title=ednsv
org.opencontainers.image.url=https://github.com/pkinerd/ednsv
org.opencontainers.image.version=pr-27
2026-07-24T13:02:07.1510539Z   cache-from: type=gha
2026-07-24T13:02:07.1510756Z   cache-to: type=gha,mode=max
2026-07-24T13:02:07.1510985Z   load: false
2026-07-24T13:02:07.1511200Z   no-cache: false
2026-07-24T13:02:07.1511435Z   pull: false
2026-07-24T13:02:07.1513232Z   github-token: ***
2026-07-24T13:02:07.1513448Z env:
2026-07-24T13:02:07.1513654Z   REGISTRY: ghcr.io
2026-07-24T13:02:07.1513883Z   IMAGE_NAME: pkinerd/ednsv
2026-07-24T13:02:07.1514110Z   DOCKER_METADATA_OUTPUT_VERSION: pr-27
2026-07-24T13:02:07.1514720Z   DOCKER_METADATA_OUTPUT_TAGS: ghcr.io/pkinerd/ednsv:pr-27
ghcr.io/pkinerd/ednsv:latest-any
ghcr.io/pkinerd/ednsv:sha-286383e
2026-07-24T13:02:07.1515204Z   DOCKER_METADATA_OUTPUT_TAG_NAMES: pr-27
latest-any
sha-286383e
2026-07-24T13:02:07.1516402Z   DOCKER_METADATA_OUTPUT_LABELS: org.opencontainers.image.created=2026-07-24T13:02:07.123Z
org.opencontainers.image.description=
org.opencontainers.image.licenses=
org.opencontainers.image.revision=286383e1c6d74f0250ee220191f3abd15430a1cf
org.opencontainers.image.source=https://github.com/pkinerd/ednsv
org.opencontainers.image.title=ednsv
org.opencontainers.image.url=https://github.com/pkinerd/ednsv
org.opencontainers.image.version=pr-27
2026-07-24T13:02:07.1518659Z   DOCKER_METADATA_OUTPUT_ANNOTATIONS: manifest:org.opencontainers.image.created=2026-07-24T13:02:07.123Z
manifest:org.opencontainers.image.description=
manifest:org.opencontainers.image.licenses=
manifest:org.opencontainers.image.revision=286383e1c6d74f0250ee220191f3abd15430a1cf
manifest:org.opencontainers.image.source=https://github.com/pkinerd/ednsv
manifest:org.opencontainers.image.title=ednsv
manifest:org.opencontainers.image.url=https://github.com/pkinerd/ednsv
manifest:org.opencontainers.image.version=pr-27
2026-07-24T13:02:07.1522443Z   DOCKER_METADATA_OUTPUT_JSON: {"tags":["ghcr.io/pkinerd/ednsv:pr-27","ghcr.io/pkinerd/ednsv:latest-any","ghcr.io/pkinerd/ednsv:sha-286383e"],"tag-names":["pr-27","latest-any","sha-286383e"],"labels":{"org.opencontainers.image.created":"2026-07-24T13:02:07.123Z","org.opencontainers.image.description":"","org.opencontainers.image.licenses":"","org.opencontainers.image.revision":"286383e1c6d74f0250ee220191f3abd15430a1cf","org.opencontainers.image.source":"https://github.com/pkinerd/ednsv","org.opencontainers.image.title":"ednsv","org.opencontainers.image.url":"https://github.com/pkinerd/ednsv","org.opencontainers.image.version":"pr-27"},"annotations":["manifest:org.opencontainers.image.created=2026-07-24T13:02:07.123Z","manifest:org.opencontainers.image.description=","manifest:org.opencontainers.image.licenses=","manifest:org.opencontainers.image.revision=286383e1c6d74f0250ee220191f3abd15430a1cf","manifest:org.opencontainers.image.source=https://github.com/pkinerd/ednsv","manifest:org.opencontainers.image.title=ednsv","manifest:org.opencontainers.image.url=https://github.com/pkinerd/ednsv","manifest:org.opencontainers.image.version=pr-27"]}
2026-07-24T13:02:07.1525720Z   DOCKER_METADATA_OUTPUT_BAKE_FILE_TAGS: /home/runner/work/_temp/docker-actions-toolkit-tx6oBn/docker-metadata-action-bake-tags.json
2026-07-24T13:02:07.1526479Z   DOCKER_METADATA_OUTPUT_BAKE_FILE_LABELS: /home/runner/work/_temp/docker-actions-toolkit-tx6oBn/docker-metadata-action-bake-labels.json
2026-07-24T13:02:07.1527220Z   DOCKER_METADATA_OUTPUT_BAKE_FILE_ANNOTATIONS: /home/runner/work/_temp/docker-actions-toolkit-tx6oBn/docker-metadata-action-bake-annotations.json
2026-07-24T13:02:07.1527923Z   DOCKER_METADATA_OUTPUT_BAKE_FILE: /home/runner/work/_temp/docker-actions-toolkit-tx6oBn/docker-metadata-action-bake.json
2026-07-24T13:02:07.1528412Z ##[endgroup]
2026-07-24T13:02:07.3153089Z (node:2584) [DEP0040] DeprecationWarning: The `punycode` module is deprecated. Please use a userland alternative instead.
2026-07-24T13:02:07.3154038Z (Use `node --trace-deprecation ...` to show where the warning was created)
2026-07-24T13:02:07.3165661Z ##[group]GitHub Actions runtime token ACs
2026-07-24T13:02:07.3170401Z refs/pull/27/merge: read/write
2026-07-24T13:02:07.3170724Z refs/heads/main: read
2026-07-24T13:02:07.3171323Z ##[endgroup]
2026-07-24T13:02:07.3171820Z ##[group]Docker info
2026-07-24T13:02:07.3208143Z [command]/usr/bin/docker version
2026-07-24T13:02:07.3385077Z Client: Docker Engine - Community
2026-07-24T13:02:07.3385542Z  Version:           28.0.4
2026-07-24T13:02:07.3385825Z  API version:       1.48
2026-07-24T13:02:07.3386109Z  Go version:        go1.23.7
2026-07-24T13:02:07.3386441Z  Git commit:        b8034c0
2026-07-24T13:02:07.3386741Z  Built:             Tue Mar 25 15:07:16 2025
2026-07-24T13:02:07.3387081Z  OS/Arch:           linux/amd64
2026-07-24T13:02:07.3387408Z  Context:           default
2026-07-24T13:02:07.3387592Z 
2026-07-24T13:02:07.3387694Z Server: Docker Engine - Community
2026-07-24T13:02:07.3388038Z  Engine:
2026-07-24T13:02:07.3388288Z   Version:          28.0.4
2026-07-24T13:02:07.3388613Z   API version:      1.48 (minimum version 1.24)
2026-07-24T13:02:07.3388956Z   Go version:       go1.23.7
2026-07-24T13:02:07.3389240Z   Git commit:       6430e49
2026-07-24T13:02:07.3389559Z   Built:            Tue Mar 25 15:07:16 2025
2026-07-24T13:02:07.3389842Z   OS/Arch:          linux/amd64
2026-07-24T13:02:07.3390067Z   Experimental:     false
2026-07-24T13:02:07.3390316Z  containerd:
2026-07-24T13:02:07.3390519Z   Version:          v2.2.6
2026-07-24T13:02:07.3390842Z   GitCommit:        11ce9d5f3c68c941867e82890e93e815c1304f1b
2026-07-24T13:02:07.3391168Z  runc:
2026-07-24T13:02:07.3391337Z   Version:          1.3.6
2026-07-24T13:02:07.3391602Z   GitCommit:        v1.3.6-0-g491b69ba
2026-07-24T13:02:07.3391855Z  docker-init:
2026-07-24T13:02:07.3392072Z   Version:          0.19.0
2026-07-24T13:02:07.3392305Z   GitCommit:        de40ad0
2026-07-24T13:02:07.3429017Z [command]/usr/bin/docker info
2026-07-24T13:02:07.3930614Z Client: Docker Engine - Community
2026-07-24T13:02:07.3931378Z  Version:    28.0.4
2026-07-24T13:02:07.3932287Z  Context:    default
2026-07-24T13:02:07.3932737Z  Debug Mode: false
2026-07-24T13:02:07.3933318Z  Plugins:
2026-07-24T13:02:07.3933869Z   buildx: Docker Buildx (Docker Inc.)
2026-07-24T13:02:07.3934347Z     Version:  v0.35.0
2026-07-24T13:02:07.3934829Z     Path:     /usr/libexec/docker/cli-plugins/docker-buildx
2026-07-24T13:02:07.3935459Z   compose: Docker Compose (Docker Inc.)
2026-07-24T13:02:07.3936078Z     Version:  v2.38.2
2026-07-24T13:02:07.3936606Z     Path:     /usr/libexec/docker/cli-plugins/docker-compose
2026-07-24T13:02:07.3936993Z 
2026-07-24T13:02:07.3937338Z Server:
2026-07-24T13:02:07.3937828Z  Containers: 1
2026-07-24T13:02:07.3938874Z   Running: 1
2026-07-24T13:02:07.3956121Z   Paused: 0
2026-07-24T13:02:07.3956790Z   Stopped: 0
2026-07-24T13:02:07.3957081Z  Images: 7
2026-07-24T13:02:07.3957329Z  Server Version: 28.0.4
2026-07-24T13:02:07.3957671Z  Storage Driver: overlay2
2026-07-24T13:02:07.3957973Z   Backing Filesystem: extfs
2026-07-24T13:02:07.3958261Z   Supports d_type: true
2026-07-24T13:02:07.3958817Z   Using metacopy: false
2026-07-24T13:02:07.3959180Z   Native Overlay Diff: false
2026-07-24T13:02:07.3959701Z   userxattr: false
2026-07-24T13:02:07.3959997Z  Logging Driver: json-file
2026-07-24T13:02:07.3960256Z  Cgroup Driver: systemd
2026-07-24T13:02:07.3960573Z  Cgroup Version: 2
2026-07-24T13:02:07.3960826Z  Plugins:
2026-07-24T13:02:07.3962186Z   Volume: local
2026-07-24T13:02:07.3962699Z   Network: bridge host ipvlan macvlan null overlay
2026-07-24T13:02:07.3963692Z   Log: awslogs fluentd gcplogs gelf journald json-file local splunk syslog
2026-07-24T13:02:07.3964353Z  Swarm: inactive
2026-07-24T13:02:07.3964901Z  Runtimes: io.containerd.runc.v2 runc
2026-07-24T13:02:07.3965927Z  Default Runtime: runc
2026-07-24T13:02:07.3966449Z  Init Binary: docker-init
2026-07-24T13:02:07.3967324Z  containerd version: 11ce9d5f3c68c941867e82890e93e815c1304f1b
2026-07-24T13:02:07.3967971Z  runc version: v1.3.6-0-g491b69ba
2026-07-24T13:02:07.3968228Z  init version: de40ad0
2026-07-24T13:02:07.3968452Z  Security Options:
2026-07-24T13:02:07.3968694Z   apparmor
2026-07-24T13:02:07.3968912Z   seccomp
2026-07-24T13:02:07.3969121Z    Profile: builtin
2026-07-24T13:02:07.3969334Z   cgroupns
2026-07-24T13:02:07.3969539Z  Kernel Version: 6.17.0-1020-azure
2026-07-24T13:02:07.3969800Z  Operating System: Ubuntu 24.04.4 LTS
2026-07-24T13:02:07.3970057Z  OSType: linux
2026-07-24T13:02:07.3970257Z  Architecture: x86_64
2026-07-24T13:02:07.3970493Z  CPUs: 4
2026-07-24T13:02:07.3970698Z  Total Memory: 15.61GiB
2026-07-24T13:02:07.3970915Z  Name: runnervmvrwv9
2026-07-24T13:02:07.3971180Z  ID: dce1e4a9-fc26-4218-aaf0-feee5194c8cb
2026-07-24T13:02:07.3971443Z  Docker Root Dir: /var/lib/docker
2026-07-24T13:02:07.3971695Z  Debug Mode: false
2026-07-24T13:02:07.3971909Z  Username: githubactions
2026-07-24T13:02:07.3972126Z  Experimental: false
2026-07-24T13:02:07.3972363Z  Insecure Registries:
2026-07-24T13:02:07.3972623Z   ::1/128
2026-07-24T13:02:07.3972815Z   127.0.0.0/8
2026-07-24T13:02:07.3973263Z  Live Restore Enabled: false
2026-07-24T13:02:07.3973474Z 
2026-07-24T13:02:07.3973871Z ##[endgroup]
2026-07-24T13:02:07.3974355Z ##[group]Proxy configuration
2026-07-24T13:02:07.3974657Z No proxy configuration found
2026-07-24T13:02:07.3975243Z ##[endgroup]
2026-07-24T13:02:07.4379849Z ##[group]Buildx version
2026-07-24T13:02:07.4396406Z [command]/usr/bin/docker buildx version
2026-07-24T13:02:07.4777097Z github.com/docker/buildx v0.35.0 a319e5b15052cf6557ceb666eb8ff6e32380b782
2026-07-24T13:02:07.4793686Z ##[endgroup]
2026-07-24T13:02:07.4794346Z ##[group]Builder info
2026-07-24T13:02:07.5479051Z {
2026-07-24T13:02:07.5479439Z   "nodes": [
2026-07-24T13:02:07.5479966Z     {
2026-07-24T13:02:07.5480378Z       "name": "builder-9ebe4cda-e920-4dcd-861f-835874d095f30",
2026-07-24T13:02:07.5480885Z       "endpoint": "unix:///var/run/docker.sock",
2026-07-24T13:02:07.5481245Z       "status": "running",
2026-07-24T13:02:07.5481908Z       "buildkitd-flags": "--allow-insecure-entitlement security.insecure --allow-insecure-entitlement network.host",
2026-07-24T13:02:07.5482480Z       "buildkit": "v0.31.2",
2026-07-24T13:02:07.5483065Z       "platforms": "linux/amd64,linux/amd64/v2,linux/amd64/v3,linux/amd64/v4,linux/386",
2026-07-24T13:02:07.5483617Z       "features": {
2026-07-24T13:02:07.5484081Z         "Automatically load images to the Docker Engine image store": true,
2026-07-24T13:02:07.5484591Z         "Cache export": true,
2026-07-24T13:02:07.5484918Z         "Direct push": true,
2026-07-24T13:02:07.5485275Z         "Docker exporter": true,
2026-07-24T13:02:07.5485662Z         "Multi-platform build": true,
2026-07-24T13:02:07.5485995Z         "OCI exporter": true
2026-07-24T13:02:07.5486280Z       },
2026-07-24T13:02:07.5486845Z       "labels": {
2026-07-24T13:02:07.5487248Z         "org.mobyproject.buildkit.worker.executor": "oci",
2026-07-24T13:02:07.5487967Z         "org.mobyproject.buildkit.worker.hostname": "f4fa1b5f8f6d",
2026-07-24T13:02:07.5488612Z         "org.mobyproject.buildkit.worker.network": "host",
2026-07-24T13:02:07.5489308Z         "org.mobyproject.buildkit.worker.oci.process-mode": "sandbox",
2026-07-24T13:02:07.5489914Z         "org.mobyproject.buildkit.worker.selinux.enabled": "false",
2026-07-24T13:02:07.5490475Z         "org.mobyproject.buildkit.worker.snapshotter": "overlayfs"
2026-07-24T13:02:07.5490909Z       },
2026-07-24T13:02:07.5491362Z       "gcPolicy": [
2026-07-24T13:02:07.5491678Z         {
2026-07-24T13:02:07.5491981Z           "all": false,
2026-07-24T13:02:07.5492403Z           "filter": [
2026-07-24T13:02:07.5495161Z             "type==source.local type==exec.cachemount type==source.git.checkout"
2026-07-24T13:02:07.5495834Z           ],
2026-07-24T13:02:07.5496358Z           "keepDuration": "48h0m0s",
2026-07-24T13:02:07.5496966Z           "maxUsedSpace": "488.3MiB"
2026-07-24T13:02:07.5497362Z         },
2026-07-24T13:02:07.5499145Z         {
2026-07-24T13:02:07.5499932Z           "all": false,
2026-07-24T13:02:07.5500735Z           "keepDuration": "1440h0m0s",
2026-07-24T13:02:07.5501406Z           "reservedSpace": "9.313GiB",
2026-07-24T13:02:07.5501911Z           "maxUsedSpace": "93.13GiB",
2026-07-24T13:02:07.5502414Z           "minFreeSpace": "27.01GiB"
2026-07-24T13:02:07.5503243Z         },
2026-07-24T13:02:07.5503699Z         {
2026-07-24T13:02:07.5504103Z           "all": false,
2026-07-24T13:02:07.5504639Z           "reservedSpace": "9.313GiB",
2026-07-24T13:02:07.5505197Z           "maxUsedSpace": "93.13GiB",
2026-07-24T13:02:07.5505672Z           "minFreeSpace": "27.01GiB"
2026-07-24T13:02:07.5506211Z         },
2026-07-24T13:02:07.5506628Z         {
2026-07-24T13:02:07.5507038Z           "all": true,
2026-07-24T13:02:07.5507511Z           "reservedSpace": "9.313GiB",
2026-07-24T13:02:07.5508116Z           "maxUsedSpace": "93.13GiB",
2026-07-24T13:02:07.5508618Z           "minFreeSpace": "27.01GiB"
2026-07-24T13:02:07.5509052Z         }
2026-07-24T13:02:07.5509457Z       ]
2026-07-24T13:02:07.5509905Z     }
2026-07-24T13:02:07.5510373Z   ],
2026-07-24T13:02:07.5510866Z   "name": "builder-9ebe4cda-e920-4dcd-861f-835874d095f3",
2026-07-24T13:02:07.5511451Z   "driver": "docker-container",
2026-07-24T13:02:07.5511918Z   "lastActivity": "2026-07-24T13:01:56.000Z"
2026-07-24T13:02:07.5512406Z }
2026-07-24T13:02:07.5513552Z ##[endgroup]
2026-07-24T13:02:07.6558119Z [command]/usr/bin/docker buildx build --cache-from type=gha --cache-to type=gha,mode=max --file ./Dockerfile --iidfile /home/runner/work/_temp/docker-actions-toolkit-VJ68sU/build-iidfile-df7f7d88bc.txt --label org.opencontainers.image.created=2026-07-24T13:02:07.123Z --label org.opencontainers.image.description= --label org.opencontainers.image.licenses= --label org.opencontainers.image.revision=286383e1c6d74f0250ee220191f3abd15430a1cf --label org.opencontainers.image.source=https://github.com/pkinerd/ednsv --label org.opencontainers.image.title=ednsv --label org.opencontainers.image.url=https://github.com/pkinerd/ednsv --label org.opencontainers.image.version=pr-27 --attest type=provenance,mode=max,builder-id=https://github.com/pkinerd/ednsv/actions/runs/30095220948/attempts/1 --tag ghcr.io/pkinerd/ednsv:pr-27 --tag ghcr.io/pkinerd/ednsv:latest-any --tag ghcr.io/pkinerd/ednsv:sha-286383e --metadata-file /home/runner/work/_temp/docker-actions-toolkit-VJ68sU/build-metadata-ed31a35583.json --push .
2026-07-24T13:02:08.0206884Z #0 building with "builder-9ebe4cda-e920-4dcd-861f-835874d095f3" instance using docker-container driver
2026-07-24T13:02:08.0207337Z 
2026-07-24T13:02:08.0207451Z #1 [internal] load build definition from Dockerfile
2026-07-24T13:02:08.1744686Z #1 transferring dockerfile:
2026-07-24T13:02:08.3241000Z #1 transferring dockerfile: 827B done
2026-07-24T13:02:08.3241888Z #1 DONE 0.3s
2026-07-24T13:02:08.3242621Z 
2026-07-24T13:02:08.3243430Z #2 [auth] docker/dockerfile:pull token for registry-1.docker.io
2026-07-24T13:02:08.4741643Z #2 DONE 0.0s
2026-07-24T13:02:08.4741815Z 
2026-07-24T13:02:08.4742116Z #3 resolve image config for docker-image://docker.io/docker/dockerfile:1.7
2026-07-24T13:02:09.5031030Z #3 DONE 1.3s
2026-07-24T13:02:09.6032069Z 
2026-07-24T13:02:09.6033140Z #4 docker-image://docker.io/docker/dockerfile:1.7@sha256:a57df69d0ea827fb7266491f2813635de6f17269be881f696fbfdf2d83dda33e
2026-07-24T13:02:09.6033899Z #4 resolve docker.io/docker/dockerfile:1.7@sha256:a57df69d0ea827fb7266491f2813635de6f17269be881f696fbfdf2d83dda33e 0.1s done
2026-07-24T13:02:09.7705889Z #4 sha256:96918c57e42509b97f10c074d80672ecdbd3bb7dcd38c1bd95960cf291207416 2.10MB / 11.98MB 0.2s
2026-07-24T13:02:09.9552290Z #4 sha256:96918c57e42509b97f10c074d80672ecdbd3bb7dcd38c1bd95960cf291207416 11.98MB / 11.98MB 0.3s done
2026-07-24T13:02:10.1043619Z #4 extracting sha256:96918c57e42509b97f10c074d80672ecdbd3bb7dcd38c1bd95960cf291207416 0.1s done
2026-07-24T13:02:10.1044357Z #4 DONE 0.6s
2026-07-24T13:02:10.3021847Z 
2026-07-24T13:02:10.3022580Z #5 [internal] load metadata for mcr.microsoft.com/dotnet/sdk:8.0
2026-07-24T13:02:10.6843802Z #5 ...
2026-07-24T13:02:10.6844412Z 
2026-07-24T13:02:10.6844776Z #6 [internal] load metadata for mcr.microsoft.com/dotnet/aspnet:8.0
2026-07-24T13:02:10.6845230Z #6 DONE 0.5s
2026-07-24T13:02:10.8353461Z 
2026-07-24T13:02:10.8354516Z #5 [internal] load metadata for mcr.microsoft.com/dotnet/sdk:8.0
2026-07-24T13:02:10.9070625Z #5 DONE 0.8s
2026-07-24T13:02:11.0723775Z 
2026-07-24T13:02:11.0734543Z #7 [internal] load .dockerignore
2026-07-24T13:02:11.0734944Z #7 transferring context: 249B done
2026-07-24T13:02:11.0735449Z #7 DONE 0.0s
2026-07-24T13:02:11.0735590Z 
2026-07-24T13:02:11.0735772Z #8 importing cache manifest from gha:17538622796130623548
2026-07-24T13:02:11.2334252Z #8 ...
2026-07-24T13:02:11.2334701Z 
2026-07-24T13:02:11.2334837Z #9 [internal] load build context
2026-07-24T13:02:11.2335169Z #9 DONE 0.0s
2026-07-24T13:02:11.2335787Z 
2026-07-24T13:02:11.2336175Z #10 [build 1/8] FROM mcr.microsoft.com/dotnet/sdk:8.0@sha256:89ce6291bde9acdf59594e79fb8277c6d84c46e4b1f5bf126a4f18766e4bd597
2026-07-24T13:02:11.2336880Z #10 resolve mcr.microsoft.com/dotnet/sdk:8.0@sha256:89ce6291bde9acdf59594e79fb8277c6d84c46e4b1f5bf126a4f18766e4bd597 done
2026-07-24T13:02:11.2337322Z #10 DONE 0.0s
2026-07-24T13:02:11.2819350Z 
2026-07-24T13:02:11.2821848Z #11 [runtime 1/3] FROM mcr.microsoft.com/dotnet/aspnet:8.0@sha256:9822a6201c64c9f38b8a190832a7ae21cd30150d509b3ea170fd83b4f4e6166a
2026-07-24T13:02:11.2822780Z #11 resolve mcr.microsoft.com/dotnet/aspnet:8.0@sha256:9822a6201c64c9f38b8a190832a7ae21cd30150d509b3ea170fd83b4f4e6166a 0.2s done
2026-07-24T13:02:11.2824434Z #11 DONE 0.2s
2026-07-24T13:02:11.2824637Z 
2026-07-24T13:02:11.2824833Z #8 importing cache manifest from gha:17538622796130623548
2026-07-24T13:02:11.3826581Z #8 DONE 0.2s
2026-07-24T13:02:11.3827511Z 
2026-07-24T13:02:11.3828026Z #9 [internal] load build context
2026-07-24T13:02:11.3828530Z #9 transferring context: 816.36kB 0.0s done
2026-07-24T13:02:11.3829032Z #9 DONE 0.1s
2026-07-24T13:02:11.3829223Z 
2026-07-24T13:02:11.3829353Z #12 [build 2/8] WORKDIR /src
2026-07-24T13:02:11.3829677Z #12 CACHED
2026-07-24T13:02:11.3829865Z 
2026-07-24T13:02:11.3830148Z #13 [build 3/8] COPY src/Ednsv.Core/Ednsv.Core.csproj src/Ednsv.Core/
2026-07-24T13:02:11.3830621Z #13 CACHED
2026-07-24T13:02:11.3830789Z 
2026-07-24T13:02:11.3830975Z #14 [build 4/8] COPY src/Ednsv.Web/Ednsv.Web.csproj src/Ednsv.Web/
2026-07-24T13:02:11.3831451Z #14 CACHED
2026-07-24T13:02:11.3831613Z 
2026-07-24T13:02:11.3831804Z #15 [build 5/8] RUN dotnet restore src/Ednsv.Web/Ednsv.Web.csproj
2026-07-24T13:02:12.1751314Z #15 CACHED
2026-07-24T13:02:12.3263096Z 
2026-07-24T13:02:12.3263802Z #15 [build 5/8] RUN dotnet restore src/Ednsv.Web/Ednsv.Web.csproj
2026-07-24T13:02:12.3288604Z #15 sha256:ce2c57129a410f21f57267ecac2abd3ee7a9d09910bdb87562a28c267c3939d9 0B / 74.96MB 0.2s
2026-07-24T13:02:12.4786617Z #15 sha256:a8149a111a6fb6479dbd4fc7d6ad0bebbdaba37313113f74813b465baf1959c0 437B / 437B 0.2s
2026-07-24T13:02:12.4787580Z #15 sha256:527e962643720863df9b6d7e1029f629eb5f4ae8ec95166afd6bb178bbbbe997 0B / 93B 0.2s
2026-07-24T13:02:12.6291061Z #15 sha256:a8149a111a6fb6479dbd4fc7d6ad0bebbdaba37313113f74813b465baf1959c0 437B / 437B 0.3s done
2026-07-24T13:02:12.6291755Z #15 sha256:527e962643720863df9b6d7e1029f629eb5f4ae8ec95166afd6bb178bbbbe997 93B / 93B 0.2s done
2026-07-24T13:02:12.6292255Z #15 sha256:211371f29f7c4fca7eb7a209f41f8321ed68dd15ab2594c8f8566a2c0c1457da 456B / 456B 0.2s done
2026-07-24T13:02:12.7320281Z #15 sha256:b0d7d832459327548cd7a8510001f16e317e0620d38b30d75a6ba9c5b1a1482d 0B / 177.89MB 0.2s
2026-07-24T13:02:12.7321038Z #15 sha256:4a1adfe703f2293ec5cde3dd610e571357be78d64c0d3de84e96ca94d8439dbf 0B / 17.06MB 0.2s
2026-07-24T13:02:12.7321817Z #15 sha256:669b654f76f36f76f7e9ee1d5a81a55def35a6aab072f561e6417db52da31b7a 2.69kB / 2.69kB 0.2s done
2026-07-24T13:02:12.8831626Z #15 sha256:ce2c57129a410f21f57267ecac2abd3ee7a9d09910bdb87562a28c267c3939d9 7.34MB / 74.96MB 0.6s
2026-07-24T13:02:12.8832270Z #15 sha256:e1832c1b48a6042dc2be559908683ef9dae2586a8d8e47c9c9fbc48c6aa03c2e 0B / 11.10MB 0.2s
2026-07-24T13:02:13.0332847Z #15 sha256:e1832c1b48a6042dc2be559908683ef9dae2586a8d8e47c9c9fbc48c6aa03c2e 1.05MB / 11.10MB 0.3s
2026-07-24T13:02:13.1833155Z #15 sha256:ce2c57129a410f21f57267ecac2abd3ee7a9d09910bdb87562a28c267c3939d9 15.73MB / 74.96MB 0.9s
2026-07-24T13:02:13.1834095Z #15 sha256:4a1adfe703f2293ec5cde3dd610e571357be78d64c0d3de84e96ca94d8439dbf 1.05MB / 17.06MB 0.6s
2026-07-24T13:02:13.1834686Z #15 sha256:e1832c1b48a6042dc2be559908683ef9dae2586a8d8e47c9c9fbc48c6aa03c2e 4.19MB / 11.10MB 0.5s
2026-07-24T13:02:13.3331609Z #15 sha256:ce2c57129a410f21f57267ecac2abd3ee7a9d09910bdb87562a28c267c3939d9 19.92MB / 74.96MB 1.1s
2026-07-24T13:02:13.3332190Z #15 sha256:b0d7d832459327548cd7a8510001f16e317e0620d38b30d75a6ba9c5b1a1482d 10.49MB / 177.89MB 0.8s
2026-07-24T13:02:13.3332690Z #15 sha256:4a1adfe703f2293ec5cde3dd610e571357be78d64c0d3de84e96ca94d8439dbf 4.19MB / 17.06MB 0.8s
2026-07-24T13:02:13.3333625Z #15 sha256:e1832c1b48a6042dc2be559908683ef9dae2586a8d8e47c9c9fbc48c6aa03c2e 11.10MB / 11.10MB 0.6s
2026-07-24T13:02:13.5293318Z #15 sha256:ce2c57129a410f21f57267ecac2abd3ee7a9d09910bdb87562a28c267c3939d9 27.26MB / 74.96MB 1.4s
2026-07-24T13:02:13.5294255Z #15 sha256:4a1adfe703f2293ec5cde3dd610e571357be78d64c0d3de84e96ca94d8439dbf 9.44MB / 17.06MB 0.9s
2026-07-24T13:02:13.5294763Z #15 sha256:e1832c1b48a6042dc2be559908683ef9dae2586a8d8e47c9c9fbc48c6aa03c2e 11.10MB / 11.10MB 0.7s done
2026-07-24T13:02:13.6794673Z #15 sha256:ce2c57129a410f21f57267ecac2abd3ee7a9d09910bdb87562a28c267c3939d9 32.51MB / 74.96MB 1.5s
2026-07-24T13:02:13.6796188Z #15 sha256:4a1adfe703f2293ec5cde3dd610e571357be78d64c0d3de84e96ca94d8439dbf 17.06MB / 17.06MB 1.1s done
2026-07-24T13:02:13.6797080Z #15 sha256:f643d834db55faad1eb60e02f90129bbc582d5780c4ab56e4f2c610a7f5b9583 0B / 31.09MB 0.2s
2026-07-24T13:02:13.8073174Z #15 sha256:b0d7d832459327548cd7a8510001f16e317e0620d38b30d75a6ba9c5b1a1482d 20.97MB / 177.89MB 1.2s
2026-07-24T13:02:13.8073929Z #15 sha256:0e5539ed2775bdbdae40e349b882518e23f72473c3c0ee9b36fbe3b48430ff6d 164B / 164B 0.2s
2026-07-24T13:02:14.0613946Z #15 sha256:ce2c57129a410f21f57267ecac2abd3ee7a9d09910bdb87562a28c267c3939d9 39.85MB / 74.96MB 1.8s
2026-07-24T13:02:14.0614747Z #15 sha256:f643d834db55faad1eb60e02f90129bbc582d5780c4ab56e4f2c610a7f5b9583 2.10MB / 31.09MB 0.6s
2026-07-24T13:02:14.2194400Z #15 sha256:0e5539ed2775bdbdae40e349b882518e23f72473c3c0ee9b36fbe3b48430ff6d 164B / 164B 0.3s done
2026-07-24T13:02:14.2195074Z #15 sha256:b0d7d832459327548cd7a8510001f16e317e0620d38b30d75a6ba9c5b1a1482d 31.46MB / 177.89MB 1.7s
2026-07-24T13:02:14.2195662Z #15 sha256:f643d834db55faad1eb60e02f90129bbc582d5780c4ab56e4f2c610a7f5b9583 7.34MB / 31.09MB 0.8s
2026-07-24T13:02:14.2196219Z #15 sha256:369e46e487316155d09f898ec50c02180d49f7ac3f9a3f6069b0d21d80557714 0B / 32.26MB 0.2s
2026-07-24T13:02:14.3695615Z #15 sha256:ce2c57129a410f21f57267ecac2abd3ee7a9d09910bdb87562a28c267c3939d9 47.19MB / 74.96MB 2.1s
2026-07-24T13:02:14.3696438Z #15 sha256:f643d834db55faad1eb60e02f90129bbc582d5780c4ab56e4f2c610a7f5b9583 12.58MB / 31.09MB 0.9s
2026-07-24T13:02:14.5191239Z #15 sha256:ce2c57129a410f21f57267ecac2abd3ee7a9d09910bdb87562a28c267c3939d9 51.38MB / 74.96MB 2.3s
2026-07-24T13:02:14.5192057Z #15 sha256:f643d834db55faad1eb60e02f90129bbc582d5780c4ab56e4f2c610a7f5b9583 20.97MB / 31.09MB 1.1s
2026-07-24T13:02:14.6693852Z #15 sha256:ce2c57129a410f21f57267ecac2abd3ee7a9d09910bdb87562a28c267c3939d9 55.57MB / 74.96MB 2.4s
2026-07-24T13:02:14.6694497Z #15 sha256:b0d7d832459327548cd7a8510001f16e317e0620d38b30d75a6ba9c5b1a1482d 44.04MB / 177.89MB 2.1s
2026-07-24T13:02:14.6694985Z #15 sha256:f643d834db55faad1eb60e02f90129bbc582d5780c4ab56e4f2c610a7f5b9583 27.26MB / 31.09MB 1.2s
2026-07-24T13:02:14.6695583Z #15 sha256:369e46e487316155d09f898ec50c02180d49f7ac3f9a3f6069b0d21d80557714 5.24MB / 32.26MB 0.6s
2026-07-24T13:02:14.8201160Z #15 sha256:ce2c57129a410f21f57267ecac2abd3ee7a9d09910bdb87562a28c267c3939d9 59.77MB / 74.96MB 2.6s
2026-07-24T13:02:14.8201824Z #15 sha256:f643d834db55faad1eb60e02f90129bbc582d5780c4ab56e4f2c610a7f5b9583 31.09MB / 31.09MB 1.4s
2026-07-24T13:02:14.8202358Z #15 sha256:369e46e487316155d09f898ec50c02180d49f7ac3f9a3f6069b0d21d80557714 9.44MB / 32.26MB 0.8s
2026-07-24T13:02:14.9697233Z #15 sha256:369e46e487316155d09f898ec50c02180d49f7ac3f9a3f6069b0d21d80557714 16.78MB / 32.26MB 0.9s
2026-07-24T13:02:15.1197990Z #15 sha256:ce2c57129a410f21f57267ecac2abd3ee7a9d09910bdb87562a28c267c3939d9 66.06MB / 74.96MB 2.9s
2026-07-24T13:02:15.1198939Z #15 sha256:b0d7d832459327548cd7a8510001f16e317e0620d38b30d75a6ba9c5b1a1482d 54.53MB / 177.89MB 2.6s
2026-07-24T13:02:15.1199507Z #15 sha256:f643d834db55faad1eb60e02f90129bbc582d5780c4ab56e4f2c610a7f5b9583 31.09MB / 31.09MB 1.4s done
2026-07-24T13:02:15.1200074Z #15 sha256:369e46e487316155d09f898ec50c02180d49f7ac3f9a3f6069b0d21d80557714 24.12MB / 32.26MB 1.1s
2026-07-24T13:02:15.1200643Z #15 sha256:33ab927dd0b40e0e12b1c744ea555a3d4bd3d5134535dfbda2d86ee99a868ea0 3.33kB / 3.33kB 0.0s done
2026-07-24T13:02:15.2698758Z #15 sha256:ce2c57129a410f21f57267ecac2abd3ee7a9d09910bdb87562a28c267c3939d9 71.30MB / 74.96MB 3.0s
2026-07-24T13:02:15.2699440Z #15 sha256:369e46e487316155d09f898ec50c02180d49f7ac3f9a3f6069b0d21d80557714 32.26MB / 32.26MB 1.2s
2026-07-24T13:02:15.2699969Z #15 sha256:5cc52b0eabac9e33649ff857181545e129e3763895cd0c30a82ef5a4f532659f 3.15MB / 18.74MB 0.2s
2026-07-24T13:02:15.4199438Z #15 sha256:5cc52b0eabac9e33649ff857181545e129e3763895cd0c30a82ef5a4f532659f 9.44MB / 18.74MB 0.3s
2026-07-24T13:02:15.6265964Z #15 sha256:b0d7d832459327548cd7a8510001f16e317e0620d38b30d75a6ba9c5b1a1482d 65.01MB / 177.89MB 3.0s
2026-07-24T13:02:15.6266832Z #15 sha256:5cc52b0eabac9e33649ff857181545e129e3763895cd0c30a82ef5a4f532659f 18.74MB / 18.74MB 0.6s
2026-07-24T13:02:15.8824171Z #15 sha256:369e46e487316155d09f898ec50c02180d49f7ac3f9a3f6069b0d21d80557714 32.26MB / 32.26MB 1.7s done
2026-07-24T13:02:16.0331792Z #15 sha256:ce2c57129a410f21f57267ecac2abd3ee7a9d09910bdb87562a28c267c3939d9 74.96MB / 74.96MB 3.7s done
2026-07-24T13:02:16.0332589Z #15 sha256:b0d7d832459327548cd7a8510001f16e317e0620d38b30d75a6ba9c5b1a1482d 74.45MB / 177.89MB 3.5s
2026-07-24T13:02:16.0333439Z #15 sha256:5cc52b0eabac9e33649ff857181545e129e3763895cd0c30a82ef5a4f532659f 18.74MB / 18.74MB 0.9s done
2026-07-24T13:02:16.0333954Z #15 sha256:68629629b516c3cd6f5e71ffbe18e32afb1ae5b4926c92d058c0f11ef1fd58a3 1.05MB / 28.24MB 0.2s
2026-07-24T13:02:16.1834268Z #15 sha256:68629629b516c3cd6f5e71ffbe18e32afb1ae5b4926c92d058c0f11ef1fd58a3 9.44MB / 28.24MB 0.3s
2026-07-24T13:02:16.3334519Z #15 sha256:68629629b516c3cd6f5e71ffbe18e32afb1ae5b4926c92d058c0f11ef1fd58a3 17.83MB / 28.24MB 0.5s
2026-07-24T13:02:16.4837391Z #15 sha256:b0d7d832459327548cd7a8510001f16e317e0620d38b30d75a6ba9c5b1a1482d 87.03MB / 177.89MB 3.9s
2026-07-24T13:02:16.4838483Z #15 sha256:68629629b516c3cd6f5e71ffbe18e32afb1ae5b4926c92d058c0f11ef1fd58a3 25.17MB / 28.24MB 0.6s
2026-07-24T13:02:16.6326491Z #15 sha256:68629629b516c3cd6f5e71ffbe18e32afb1ae5b4926c92d058c0f11ef1fd58a3 28.24MB / 28.24MB 0.8s
2026-07-24T13:02:16.9848879Z #15 sha256:b0d7d832459327548cd7a8510001f16e317e0620d38b30d75a6ba9c5b1a1482d 99.61MB / 177.89MB 4.5s
2026-07-24T13:02:17.1025223Z #15 sha256:68629629b516c3cd6f5e71ffbe18e32afb1ae5b4926c92d058c0f11ef1fd58a3 28.24MB / 28.24MB 1.0s done
2026-07-24T13:02:17.1026931Z #15 extracting sha256:68629629b516c3cd6f5e71ffbe18e32afb1ae5b4926c92d058c0f11ef1fd58a3
2026-07-24T13:02:17.4347726Z #15 sha256:b0d7d832459327548cd7a8510001f16e317e0620d38b30d75a6ba9c5b1a1482d 112.20MB / 177.89MB 5.0s
2026-07-24T13:02:17.5848262Z #15 extracting sha256:68629629b516c3cd6f5e71ffbe18e32afb1ae5b4926c92d058c0f11ef1fd58a3 0.4s done
2026-07-24T13:02:17.5849541Z #15 extracting sha256:5cc52b0eabac9e33649ff857181545e129e3763895cd0c30a82ef5a4f532659f
2026-07-24T13:02:17.7346993Z #15 sha256:b0d7d832459327548cd7a8510001f16e317e0620d38b30d75a6ba9c5b1a1482d 121.63MB / 177.89MB 5.3s
2026-07-24T13:02:17.9944982Z #15 extracting sha256:5cc52b0eabac9e33649ff857181545e129e3763895cd0c30a82ef5a4f532659f 0.5s done
2026-07-24T13:02:18.1847729Z #15 extracting sha256:33ab927dd0b40e0e12b1c744ea555a3d4bd3d5134535dfbda2d86ee99a868ea0 0.0s done
2026-07-24T13:02:18.1848889Z #15 extracting sha256:369e46e487316155d09f898ec50c02180d49f7ac3f9a3f6069b0d21d80557714
2026-07-24T13:02:18.1849865Z #15 sha256:b0d7d832459327548cd7a8510001f16e317e0620d38b30d75a6ba9c5b1a1482d 132.12MB / 177.89MB 5.7s
2026-07-24T13:02:18.4848558Z #15 extracting sha256:369e46e487316155d09f898ec50c02180d49f7ac3f9a3f6069b0d21d80557714 0.4s done
2026-07-24T13:02:18.4849261Z #15 extracting sha256:0e5539ed2775bdbdae40e349b882518e23f72473c3c0ee9b36fbe3b48430ff6d
2026-07-24T13:02:18.6345969Z #15 sha256:b0d7d832459327548cd7a8510001f16e317e0620d38b30d75a6ba9c5b1a1482d 145.75MB / 177.89MB 6.2s
2026-07-24T13:02:18.6346797Z #15 extracting sha256:0e5539ed2775bdbdae40e349b882518e23f72473c3c0ee9b36fbe3b48430ff6d 0.2s done
2026-07-24T13:02:18.6347287Z #15 extracting sha256:e1832c1b48a6042dc2be559908683ef9dae2586a8d8e47c9c9fbc48c6aa03c2e
2026-07-24T13:02:18.7847919Z #15 extracting sha256:e1832c1b48a6042dc2be559908683ef9dae2586a8d8e47c9c9fbc48c6aa03c2e 0.2s done
2026-07-24T13:02:18.7849268Z #15 extracting sha256:f643d834db55faad1eb60e02f90129bbc582d5780c4ab56e4f2c610a7f5b9583
2026-07-24T13:02:18.9351346Z #15 sha256:b0d7d832459327548cd7a8510001f16e317e0620d38b30d75a6ba9c5b1a1482d 155.19MB / 177.89MB 6.5s
2026-07-24T13:02:19.2358903Z #15 sha256:b0d7d832459327548cd7a8510001f16e317e0620d38b30d75a6ba9c5b1a1482d 164.63MB / 177.89MB 6.8s
2026-07-24T13:02:19.5354045Z #15 extracting sha256:f643d834db55faad1eb60e02f90129bbc582d5780c4ab56e4f2c610a7f5b9583 0.7s done
2026-07-24T13:02:19.6854453Z #15 sha256:b0d7d832459327548cd7a8510001f16e317e0620d38b30d75a6ba9c5b1a1482d 176.16MB / 177.89MB 7.2s
2026-07-24T13:02:20.5490750Z #15 sha256:b0d7d832459327548cd7a8510001f16e317e0620d38b30d75a6ba9c5b1a1482d 177.89MB / 177.89MB 8.1s done
2026-07-24T13:02:20.5491291Z #15 DONE 9.2s
2026-07-24T13:02:20.7075294Z 
2026-07-24T13:02:20.7076462Z #15 [build 5/8] RUN dotnet restore src/Ednsv.Web/Ednsv.Web.csproj
2026-07-24T13:02:20.7077283Z #15 extracting sha256:b0d7d832459327548cd7a8510001f16e317e0620d38b30d75a6ba9c5b1a1482d
2026-07-24T13:02:22.7920310Z #15 extracting sha256:b0d7d832459327548cd7a8510001f16e317e0620d38b30d75a6ba9c5b1a1482d 2.1s done
2026-07-24T13:02:22.7920943Z #15 DONE 11.3s
2026-07-24T13:02:22.9543751Z 
2026-07-24T13:02:22.9545075Z #15 [build 5/8] RUN dotnet restore src/Ednsv.Web/Ednsv.Web.csproj
2026-07-24T13:02:22.9545888Z #15 extracting sha256:669b654f76f36f76f7e9ee1d5a81a55def35a6aab072f561e6417db52da31b7a 0.0s done
2026-07-24T13:02:22.9546737Z #15 extracting sha256:4a1adfe703f2293ec5cde3dd610e571357be78d64c0d3de84e96ca94d8439dbf
2026-07-24T13:02:23.1941904Z #15 extracting sha256:4a1adfe703f2293ec5cde3dd610e571357be78d64c0d3de84e96ca94d8439dbf 0.4s done
2026-07-24T13:02:23.1942640Z #15 DONE 11.7s
2026-07-24T13:02:23.3626269Z 
2026-07-24T13:02:23.3627469Z #15 [build 5/8] RUN dotnet restore src/Ednsv.Web/Ednsv.Web.csproj
2026-07-24T13:02:23.3628785Z #15 extracting sha256:527e962643720863df9b6d7e1029f629eb5f4ae8ec95166afd6bb178bbbbe997 done
2026-07-24T13:02:23.3629594Z #15 extracting sha256:a8149a111a6fb6479dbd4fc7d6ad0bebbdaba37313113f74813b465baf1959c0 done
2026-07-24T13:02:23.3630545Z #15 extracting sha256:211371f29f7c4fca7eb7a209f41f8321ed68dd15ab2594c8f8566a2c0c1457da done
2026-07-24T13:02:23.3631430Z #15 extracting sha256:ce2c57129a410f21f57267ecac2abd3ee7a9d09910bdb87562a28c267c3939d9
2026-07-24T13:02:23.8758329Z #15 extracting sha256:ce2c57129a410f21f57267ecac2abd3ee7a9d09910bdb87562a28c267c3939d9 0.7s done
2026-07-24T13:02:23.8758854Z #15 DONE 12.3s
2026-07-24T13:02:24.0538382Z 
2026-07-24T13:02:24.0539555Z #16 [build 6/8] COPY src/Ednsv.Core/ src/Ednsv.Core/
2026-07-24T13:02:29.5514819Z #16 DONE 5.6s
2026-07-24T13:02:29.7244573Z 
2026-07-24T13:02:29.7245433Z #17 [build 7/8] COPY src/Ednsv.Web/ src/Ednsv.Web/
2026-07-24T13:02:29.7245882Z #17 DONE 0.0s
2026-07-24T13:02:29.7246000Z 
2026-07-24T13:02:29.7246417Z #18 [build 8/8] RUN dotnet publish src/Ednsv.Web/Ednsv.Web.csproj         --configuration Release         --no-restore         --output /app/publish         /p:UseAppHost=false
2026-07-24T13:02:33.1620024Z #18 3.588   Ednsv.Core -> /src/src/Ednsv.Core/bin/Release/net8.0/Ednsv.Core.dll
2026-07-24T13:02:34.3545059Z #18 4.780   Ednsv.Web -> /src/src/Ednsv.Web/bin/Release/net8.0/Ednsv.Web.dll
2026-07-24T13:02:34.5426977Z #18 4.819   Ednsv.Web -> /app/publish/
2026-07-24T13:02:34.6527672Z #18 DONE 5.1s
2026-07-24T13:02:34.8112256Z 
2026-07-24T13:02:34.8117042Z #19 [runtime 2/3] WORKDIR /app
2026-07-24T13:02:35.2191381Z #19 CACHED
2026-07-24T13:02:35.3740955Z 
2026-07-24T13:02:35.3741783Z #19 [runtime 2/3] WORKDIR /app
2026-07-24T13:02:35.5019353Z #19 sha256:bdfb1b7be15f0038506cb2710b7f14f953d0fe0b5f6f7b8d1d91b1f840367f0b 93B / 93B 0.2s
2026-07-24T13:02:35.6756202Z #19 sha256:bdfb1b7be15f0038506cb2710b7f14f953d0fe0b5f6f7b8d1d91b1f840367f0b 93B / 93B 0.3s done
2026-07-24T13:02:35.6764267Z #19 DONE 1.0s
2026-07-24T13:02:36.0306942Z 
2026-07-24T13:02:36.0308126Z #19 [runtime 2/3] WORKDIR /app
2026-07-24T13:02:36.0308591Z #19 extracting sha256:bdfb1b7be15f0038506cb2710b7f14f953d0fe0b5f6f7b8d1d91b1f840367f0b
2026-07-24T13:02:36.3722319Z #19 extracting sha256:bdfb1b7be15f0038506cb2710b7f14f953d0fe0b5f6f7b8d1d91b1f840367f0b 0.3s done
2026-07-24T13:02:36.3723008Z #19 DONE 1.4s
2026-07-24T13:02:36.5274791Z 
2026-07-24T13:02:36.5275357Z #20 [runtime 3/3] COPY --from=build /app/publish ./
2026-07-24T13:02:36.5908020Z #20 DONE 0.2s
2026-07-24T13:02:36.7953505Z 
2026-07-24T13:02:36.7954097Z #21 exporting to image
2026-07-24T13:02:36.7954622Z #21 exporting layers
2026-07-24T13:02:38.5253369Z #21 exporting layers 1.9s done
2026-07-24T13:02:38.6765727Z #21 exporting manifest sha256:57293e4b4bc0cd4d1eeb8b068f1a54ccba90ac735aeaf319516ea4b3579b6344
2026-07-24T13:02:38.8641869Z #21 exporting manifest sha256:57293e4b4bc0cd4d1eeb8b068f1a54ccba90ac735aeaf319516ea4b3579b6344 0.3s done
2026-07-24T13:02:38.8642768Z #21 exporting config sha256:9958eca34765eb9be0e4bd639ae1a7e2b3d3c644f2d777478b47a3fc74bf07ea
2026-07-24T13:02:39.2254052Z #21 exporting config sha256:9958eca34765eb9be0e4bd639ae1a7e2b3d3c644f2d777478b47a3fc74bf07ea 0.4s done
2026-07-24T13:02:39.4069381Z #21 exporting attestation manifest sha256:458ae54ffcbcc25b308b5e33ad8b11509175dcddca754c8353f96fdef1ece85a
2026-07-24T13:02:39.7318762Z #21 exporting attestation manifest sha256:458ae54ffcbcc25b308b5e33ad8b11509175dcddca754c8353f96fdef1ece85a 0.5s done
2026-07-24T13:02:39.7319431Z #21 exporting manifest list sha256:2ccfb49b7773f29c35ac77171b88cd9556ee33b1e943a04297620733ae3a3d93
2026-07-24T13:02:39.8686110Z #21 exporting manifest list sha256:2ccfb49b7773f29c35ac77171b88cd9556ee33b1e943a04297620733ae3a3d93 0.1s done
2026-07-24T13:02:39.8686742Z #21 DONE 3.2s
2026-07-24T13:02:39.8686910Z 
2026-07-24T13:02:39.8687034Z #22 exporting to GitHub Actions Cache
2026-07-24T13:02:39.8687475Z #22 preparing build cache for export
2026-07-24T13:02:40.1057664Z #22 ...
2026-07-24T13:02:40.1058049Z 
2026-07-24T13:02:40.1058698Z #23 [auth] pkinerd/ednsv:pull,push token for ghcr.io
2026-07-24T13:02:40.1059017Z #23 DONE 0.0s
2026-07-24T13:02:40.2551167Z 
2026-07-24T13:02:40.2551902Z #21 exporting to image
2026-07-24T13:02:40.2569141Z #21 pushing layers
2026-07-24T13:02:41.8312648Z #21 pushing layers 2.0s done
2026-07-24T13:02:41.8313838Z #21 pushing manifest for ghcr.io/pkinerd/ednsv:pr-27@sha256:2ccfb49b7773f29c35ac77171b88cd9556ee33b1e943a04297620733ae3a3d93
2026-07-24T13:02:43.6475455Z #21 pushing manifest for ghcr.io/pkinerd/ednsv:pr-27@sha256:2ccfb49b7773f29c35ac77171b88cd9556ee33b1e943a04297620733ae3a3d93 1.8s done
2026-07-24T13:02:44.0086835Z #21 pushing layers 0.4s done
2026-07-24T13:02:44.0087949Z #21 pushing manifest for ghcr.io/pkinerd/ednsv:latest-any@sha256:2ccfb49b7773f29c35ac77171b88cd9556ee33b1e943a04297620733ae3a3d93
2026-07-24T13:02:44.6598967Z #21 pushing manifest for ghcr.io/pkinerd/ednsv:latest-any@sha256:2ccfb49b7773f29c35ac77171b88cd9556ee33b1e943a04297620733ae3a3d93 0.7s done
2026-07-24T13:02:45.1347764Z #21 pushing layers 0.3s done
2026-07-24T13:02:45.1348585Z #21 pushing manifest for ghcr.io/pkinerd/ednsv:sha-286383e@sha256:2ccfb49b7773f29c35ac77171b88cd9556ee33b1e943a04297620733ae3a3d93
2026-07-24T13:02:45.5164416Z #21 pushing manifest for ghcr.io/pkinerd/ednsv:sha-286383e@sha256:2ccfb49b7773f29c35ac77171b88cd9556ee33b1e943a04297620733ae3a3d93 0.5s done
2026-07-24T13:02:45.5165279Z #21 DONE 8.9s
2026-07-24T13:02:45.5165438Z 
2026-07-24T13:02:45.5165554Z #22 exporting to GitHub Actions Cache
2026-07-24T13:02:45.5165865Z #22 preparing build cache for export 3.7s done
2026-07-24T13:02:45.5166218Z #22 sending cache export
2026-07-24T13:02:45.5166664Z #22 writing layer sha256:05ff77ebe241fb28d55c300b74cceb1572e951c5baaac5141803cb6717f9124c 0.6s done
2026-07-24T13:02:45.5167252Z #22 writing layer sha256:98193e18155b974ad6a24adf7b5eeae2eaac806a137b73f0697a0602bc28509b 0.2s done
2026-07-24T13:02:45.5167807Z #22 writing layer sha256:d9a5b3739156d228908d7e04dd3e5f82df39f858439d1e5168430a4a6698795a
2026-07-24T13:02:45.6984193Z #22 writing layer sha256:d9a5b3739156d228908d7e04dd3e5f82df39f858439d1e5168430a4a6698795a 0.4s done
2026-07-24T13:02:45.6984932Z #22 writing layer sha256:ea15eebdb5ddc887494c21441222e6074542f2f369fd1118aecfc5912904ace8
2026-07-24T13:02:46.5061283Z #22 writing layer sha256:ea15eebdb5ddc887494c21441222e6074542f2f369fd1118aecfc5912904ace8 0.8s done
2026-07-24T13:02:46.7862364Z #22 sending cache export 3.3s done
2026-07-24T13:02:46.7863227Z #22 DONE 6.9s
2026-07-24T13:02:47.0016668Z 
2026-07-24T13:02:47.0018430Z #24 resolving provenance for metadata file
2026-07-24T13:02:47.0078102Z #24 DONE 0.0s
2026-07-24T13:02:47.0147780Z ##[group]ImageID
2026-07-24T13:02:47.0148334Z sha256:2ccfb49b7773f29c35ac77171b88cd9556ee33b1e943a04297620733ae3a3d93
2026-07-24T13:02:47.0149213Z ##[endgroup]
2026-07-24T13:02:47.0149822Z ##[group]Digest
2026-07-24T13:02:47.0150320Z sha256:2ccfb49b7773f29c35ac77171b88cd9556ee33b1e943a04297620733ae3a3d93
2026-07-24T13:02:47.0151136Z ##[endgroup]
2026-07-24T13:02:47.0151884Z ##[group]Metadata
2026-07-24T13:02:47.0154331Z {
2026-07-24T13:02:47.0155062Z   "buildx.build.provenance": {
2026-07-24T13:02:47.0155445Z     "builder": {
2026-07-24T13:02:47.0155860Z       "id": "https://github.com/pkinerd/ednsv/actions/runs/30095220948/attempts/1"
2026-07-24T13:02:47.0156304Z     },
2026-07-24T13:02:47.0156753Z     "buildType": "https://mobyproject.org/buildkit@v1",
2026-07-24T13:02:47.0157138Z     "materials": [
2026-07-24T13:02:47.0157439Z       {
2026-07-24T13:02:47.0157715Z         "uri": "pkg:docker/docker/dockerfile@1.7",
2026-07-24T13:02:47.0158077Z         "digest": {
2026-07-24T13:02:47.0158769Z           "sha256": "a57df69d0ea827fb7266491f2813635de6f17269be881f696fbfdf2d83dda33e"
2026-07-24T13:02:47.0159430Z         }
2026-07-24T13:02:47.0159775Z       },
2026-07-24T13:02:47.0160035Z       {
2026-07-24T13:02:47.0160444Z         "uri": "pkg:docker/mcr.microsoft.com/dotnet/aspnet@8.0?platform=linux%2Famd64",
2026-07-24T13:02:47.0161018Z         "digest": {
2026-07-24T13:02:47.0161631Z           "sha256": "9822a6201c64c9f38b8a190832a7ae21cd30150d509b3ea170fd83b4f4e6166a"
2026-07-24T13:02:47.0162048Z         }
2026-07-24T13:02:47.0162289Z       },
2026-07-24T13:02:47.0162546Z       {
2026-07-24T13:02:47.0163106Z         "uri": "pkg:docker/mcr.microsoft.com/dotnet/sdk@8.0?platform=linux%2Famd64",
2026-07-24T13:02:47.0163623Z         "digest": {
2026-07-24T13:02:47.0164018Z           "sha256": "89ce6291bde9acdf59594e79fb8277c6d84c46e4b1f5bf126a4f18766e4bd597"
2026-07-24T13:02:47.0164476Z         }
2026-07-24T13:02:47.0164732Z       }
2026-07-24T13:02:47.0164993Z     ],
2026-07-24T13:02:47.0165293Z     "invocation": {
2026-07-24T13:02:47.0165557Z       "configSource": {
2026-07-24T13:02:47.0165854Z         "entryPoint": "Dockerfile"
2026-07-24T13:02:47.0166195Z       },
2026-07-24T13:02:47.0166435Z       "parameters": {
2026-07-24T13:02:47.0166747Z         "frontend": "gateway.v0",
2026-07-24T13:02:47.0167045Z         "args": {
2026-07-24T13:02:47.0167268Z           "cmdline": "docker/dockerfile:1.7",
2026-07-24T13:02:47.0167652Z           "label:org.opencontainers.image.created": "2026-07-24T13:02:07.123Z",
2026-07-24T13:02:47.0168165Z           "label:org.opencontainers.image.description": "",
2026-07-24T13:02:47.0168560Z           "label:org.opencontainers.image.licenses": "",
2026-07-24T13:02:47.0169067Z           "label:org.opencontainers.image.revision": "286383e1c6d74f0250ee220191f3abd15430a1cf",
2026-07-24T13:02:47.0169574Z           "label:org.opencontainers.image.source": "https://github.com/pkinerd/ednsv",
2026-07-24T13:02:47.0169983Z           "label:org.opencontainers.image.title": "ednsv",
2026-07-24T13:02:47.0170445Z           "label:org.opencontainers.image.url": "https://github.com/pkinerd/ednsv",
2026-07-24T13:02:47.0170914Z           "label:org.opencontainers.image.version": "pr-27",
2026-07-24T13:02:47.0171324Z           "source": "docker/dockerfile:1.7"
2026-07-24T13:02:47.0171629Z         },
2026-07-24T13:02:47.0171894Z         "locals": [
2026-07-24T13:02:47.0172164Z           {
2026-07-24T13:02:47.0172434Z             "name": "context"
2026-07-24T13:02:47.0172737Z           },
2026-07-24T13:02:47.0173666Z           {
2026-07-24T13:02:47.0173968Z             "name": "dockerfile"
2026-07-24T13:02:47.0174288Z           }
2026-07-24T13:02:47.0174494Z         ],
2026-07-24T13:02:47.0174769Z         "root": {
2026-07-24T13:02:47.0175036Z           "configSource": {
2026-07-24T13:02:47.0175351Z             "path": "Dockerfile"
2026-07-24T13:02:47.0175690Z           },
2026-07-24T13:02:47.0175945Z           "request": {
2026-07-24T13:02:47.0176231Z             "args": {
2026-07-24T13:02:47.0176614Z               "label:org.opencontainers.image.created": "2026-07-24T13:02:07.123Z",
2026-07-24T13:02:47.0177109Z               "label:org.opencontainers.image.description": "",
2026-07-24T13:02:47.0177585Z               "label:org.opencontainers.image.licenses": "",
2026-07-24T13:02:47.0178109Z               "label:org.opencontainers.image.revision": "286383e1c6d74f0250ee220191f3abd15430a1cf",
2026-07-24T13:02:47.0178797Z               "label:org.opencontainers.image.source": "https://github.com/pkinerd/ednsv",
2026-07-24T13:02:47.0179323Z               "label:org.opencontainers.image.title": "ednsv",
2026-07-24T13:02:47.0179842Z               "label:org.opencontainers.image.url": "https://github.com/pkinerd/ednsv",
2026-07-24T13:02:47.0180399Z               "label:org.opencontainers.image.version": "pr-27",
2026-07-24T13:02:47.0180796Z               "vcs:localdir:context": ".",
2026-07-24T13:02:47.0181081Z               "vcs:localdir:dockerfile": ".",
2026-07-24T13:02:47.0182037Z               "vcs:revision": "286383e1c6d74f0250ee220191f3abd15430a1cf",
2026-07-24T13:02:47.0182470Z               "vcs:source": "https://github.com/pkinerd/ednsv"
2026-07-24T13:02:47.0182798Z             }
2026-07-24T13:02:47.0183456Z           }
2026-07-24T13:02:47.0183712Z         },
2026-07-24T13:02:47.0183957Z         "compatibilityVersion": 30
2026-07-24T13:02:47.0184262Z       },
2026-07-24T13:02:47.0184492Z       "environment": {
2026-07-24T13:02:47.0184929Z         "github_actor": "pkinerd",
2026-07-24T13:02:47.0185237Z         "github_actor_id": "169779439",
2026-07-24T13:02:47.0185581Z         "github_event_name": "pull_request",
2026-07-24T13:02:47.0185926Z         "github_event_payload": {
2026-07-24T13:02:47.0186357Z           "action": "opened",
2026-07-24T13:02:47.0186613Z           "number": 27,
2026-07-24T13:02:47.0186841Z           "pull_request": {
2026-07-24T13:02:47.0187132Z             "_links": {
2026-07-24T13:02:47.0187462Z               "comments": {
2026-07-24T13:02:47.0187815Z                 "href": "https://api.github.com/repos/pkinerd/ednsv/issues/27/comments"
2026-07-24T13:02:47.0188139Z               },
2026-07-24T13:02:47.0188367Z               "commits": {
2026-07-24T13:02:47.0188662Z                 "href": "https://api.github.com/repos/pkinerd/ednsv/pulls/27/commits"
2026-07-24T13:02:47.0188988Z               },
2026-07-24T13:02:47.0189195Z               "html": {
2026-07-24T13:02:47.0189461Z                 "href": "https://github.com/pkinerd/ednsv/pull/27"
2026-07-24T13:02:47.0189814Z               },
2026-07-24T13:02:47.0190023Z               "issue": {
2026-07-24T13:02:47.0190311Z                 "href": "https://api.github.com/repos/pkinerd/ednsv/issues/27"
2026-07-24T13:02:47.0190667Z               },
2026-07-24T13:02:47.0190969Z               "review_comment": {
2026-07-24T13:02:47.0191335Z                 "href": "https://api.github.com/repos/pkinerd/ednsv/pulls/comments{/number}"
2026-07-24T13:02:47.0191657Z               },
2026-07-24T13:02:47.0191853Z               "review_comments": {
2026-07-24T13:02:47.0192246Z                 "href": "https://api.github.com/repos/pkinerd/ednsv/pulls/27/comments"
2026-07-24T13:02:47.0192682Z               },
2026-07-24T13:02:47.0193069Z               "self": {
2026-07-24T13:02:47.0193394Z                 "href": "https://api.github.com/repos/pkinerd/ednsv/pulls/27"
2026-07-24T13:02:47.0193735Z               },
2026-07-24T13:02:47.0194048Z               "statuses": {
2026-07-24T13:02:47.0194536Z                 "href": "https://api.github.com/repos/pkinerd/ednsv/statuses/95ef2091e1e133dd697f671fbe9e559b0b38ee4a"
2026-07-24T13:02:47.0194995Z               }
2026-07-24T13:02:47.0195241Z             },
2026-07-24T13:02:47.0195521Z             "active_lock_reason": null,
2026-07-24T13:02:47.0195870Z             "additions": 179,
2026-07-24T13:02:47.0196142Z             "assignee": null,
2026-07-24T13:02:47.0196417Z             "assignees": [],
2026-07-24T13:02:47.0196694Z             "author_association": "OWNER",
2026-07-24T13:02:47.0196972Z             "auto_merge": null,
2026-07-24T13:02:47.0197222Z             "base": {
2026-07-24T13:02:47.0197476Z               "label": "pkinerd:main",
2026-07-24T13:02:47.0197723Z               "ref": "main",
2026-07-24T13:02:47.0197961Z               "repo": {
2026-07-24T13:02:47.0198206Z                 "allow_auto_merge": false,
2026-07-24T13:02:47.0198598Z                 "allow_forking": true,
2026-07-24T13:02:47.0199056Z                 "allow_merge_commit": true,
2026-07-24T13:02:47.0199420Z                 "allow_rebase_merge": true,
2026-07-24T13:02:47.0199742Z                 "allow_squash_merge": true,
2026-07-24T13:02:47.0200084Z                 "allow_update_branch": false,
2026-07-24T13:02:47.0200611Z                 "archive_url": "https://api.github.com/repos/pkinerd/ednsv/{archive_format}{/ref}",
2026-07-24T13:02:47.0201095Z                 "archived": false,
2026-07-24T13:02:47.0201524Z                 "assignees_url": "https://api.github.com/repos/pkinerd/ednsv/assignees{/user}",
2026-07-24T13:02:47.0202037Z                 "blobs_url": "https://api.github.com/repos/pkinerd/ednsv/git/blobs{/sha}",
2026-07-24T13:02:47.0202596Z                 "branches_url": "https://api.github.com/repos/pkinerd/ednsv/branches{/branch}",
2026-07-24T13:02:47.0203207Z                 "clone_url": "https://github.com/pkinerd/ednsv.git",
2026-07-24T13:02:47.0203722Z                 "collaborators_url": "https://api.github.com/repos/pkinerd/ednsv/collaborators{/collaborator}",
2026-07-24T13:02:47.0204427Z                 "comments_url": "https://api.github.com/repos/pkinerd/ednsv/comments{/number}",
2026-07-24T13:02:47.0204945Z                 "commits_url": "https://api.github.com/repos/pkinerd/ednsv/commits{/sha}",
2026-07-24T13:02:47.0205559Z                 "compare_url": "https://api.github.com/repos/pkinerd/ednsv/compare/{base}...{head}",
2026-07-24T13:02:47.0206103Z                 "contents_url": "https://api.github.com/repos/pkinerd/ednsv/contents/{+path}",
2026-07-24T13:02:47.0206648Z                 "contributors_url": "https://api.github.com/repos/pkinerd/ednsv/contributors",
2026-07-24T13:02:47.0207175Z                 "created_at": "2026-03-30T21:24:40Z",
2026-07-24T13:02:47.0207535Z                 "default_branch": "main",
2026-07-24T13:02:47.0207940Z                 "delete_branch_on_merge": false,
2026-07-24T13:02:47.0208371Z                 "deployments_url": "https://api.github.com/repos/pkinerd/ednsv/deployments",
2026-07-24T13:02:47.0208817Z                 "description": null,
2026-07-24T13:02:47.0209190Z                 "disabled": false,
2026-07-24T13:02:47.0209586Z                 "downloads_url": "https://api.github.com/repos/pkinerd/ednsv/downloads",
2026-07-24T13:02:47.0210102Z                 "events_url": "https://api.github.com/repos/pkinerd/ednsv/events",
2026-07-24T13:02:47.0210498Z                 "fork": false,
2026-07-24T13:02:47.0210820Z                 "forks": 0,
2026-07-24T13:02:47.0211130Z                 "forks_count": 0,
2026-07-24T13:02:47.0211519Z                 "forks_url": "https://api.github.com/repos/pkinerd/ednsv/forks",
2026-07-24T13:02:47.0211923Z                 "full_name": "pkinerd/ednsv",
2026-07-24T13:02:47.0212401Z                 "git_commits_url": "https://api.github.com/repos/pkinerd/ednsv/git/commits{/sha}",
2026-07-24T13:02:47.0213061Z                 "git_refs_url": "https://api.github.com/repos/pkinerd/ednsv/git/refs{/sha}",
2026-07-24T13:02:47.0213714Z                 "git_tags_url": "https://api.github.com/repos/pkinerd/ednsv/git/tags{/sha}",
2026-07-24T13:02:47.0214211Z                 "git_url": "git://github.com/pkinerd/ednsv.git",
2026-07-24T13:02:47.0214593Z                 "has_discussions": false,
2026-07-24T13:02:47.0214946Z                 "has_downloads": false,
2026-07-24T13:02:47.0215321Z                 "has_issues": true,
2026-07-24T13:02:47.0215629Z                 "has_pages": false,
2026-07-24T13:02:47.0215993Z                 "has_projects": true,
2026-07-24T13:02:47.0216372Z                 "has_pull_requests": true,
2026-07-24T13:02:47.0216626Z                 "has_wiki": true,
2026-07-24T13:02:47.0216868Z                 "homepage": null,
2026-07-24T13:02:47.0217227Z                 "hooks_url": "https://api.github.com/repos/pkinerd/ednsv/hooks",
2026-07-24T13:02:47.0217665Z                 "html_url": "https://github.com/pkinerd/ednsv",
2026-07-24T13:02:47.0217946Z                 "id": 1196602452,
2026-07-24T13:02:47.0218176Z                 "is_template": false,
2026-07-24T13:02:47.0218604Z                 "issue_comment_url": "https://api.github.com/repos/pkinerd/ednsv/issues/comments{/number}",
2026-07-24T13:02:47.0219238Z                 "issue_events_url": "https://api.github.com/repos/pkinerd/ednsv/issues/events{/number}",
2026-07-24T13:02:47.0219844Z                 "issues_url": "https://api.github.com/repos/pkinerd/ednsv/issues{/number}",
2026-07-24T13:02:47.0220379Z                 "keys_url": "https://api.github.com/repos/pkinerd/ednsv/keys{/key_id}",
2026-07-24T13:02:47.0220959Z                 "labels_url": "https://api.github.com/repos/pkinerd/ednsv/labels{/name}",
2026-07-24T13:02:47.0221436Z                 "language": "C#",
2026-07-24T13:02:47.0221818Z                 "languages_url": "https://api.github.com/repos/pkinerd/ednsv/languages",
2026-07-24T13:02:47.0222146Z                 "license": null,
2026-07-24T13:02:47.0222407Z                 "merge_commit_message": "PR_TITLE",
2026-07-24T13:02:47.0222687Z                 "merge_commit_title": "MERGE_MESSAGE",
2026-07-24T13:02:47.0223330Z                 "merges_url": "https://api.github.com/repos/pkinerd/ednsv/merges",
2026-07-24T13:02:47.0223747Z                 "milestones_url": "https://api.github.com/repos/pkinerd/ednsv/milestones{/number}",
2026-07-24T13:02:47.0224158Z                 "mirror_url": null,
2026-07-24T13:02:47.0224421Z                 "name": "ednsv",
2026-07-24T13:02:47.0224661Z                 "node_id": "R_kgDOR1K0VA",
2026-07-24T13:02:47.0225084Z                 "notifications_url": "https://api.github.com/repos/pkinerd/ednsv/notifications{?since,all,participating}",
2026-07-24T13:02:47.0316327Z                 "open_issues": 1,
2026-07-24T13:02:47.0316654Z                 "open_issues_count": 1,
2026-07-24T13:02:47.0316932Z                 "owner": {
2026-07-24T13:02:47.0317265Z                   "avatar_url": "https://avatars.githubusercontent.com/u/169779439?v=4",
2026-07-24T13:02:47.0317635Z                   "events_url": "https://api.github.com/users/pkinerd/events{/privacy}",
2026-07-24T13:02:47.0317997Z                   "followers_url": "https://api.github.com/users/pkinerd/followers",
2026-07-24T13:02:47.0318353Z                   "following_url": "https://api.github.com/users/pkinerd/following{/other_user}",
2026-07-24T13:02:47.0318708Z                   "gists_url": "https://api.github.com/users/pkinerd/gists{/gist_id}",
2026-07-24T13:02:47.0318969Z                   "gravatar_id": "",
2026-07-24T13:02:47.0319188Z                   "html_url": "https://github.com/pkinerd",
2026-07-24T13:02:47.0319403Z                   "id": 169779439,
2026-07-24T13:02:47.0319584Z                   "login": "pkinerd",
2026-07-24T13:02:47.0319777Z                   "node_id": "U_kgDOCh6g7w",
2026-07-24T13:02:47.0320035Z                   "organizations_url": "https://api.github.com/users/pkinerd/orgs",
2026-07-24T13:02:47.0320386Z                   "received_events_url": "https://api.github.com/users/pkinerd/received_events",
2026-07-24T13:02:47.0320718Z                   "repos_url": "https://api.github.com/users/pkinerd/repos",
2026-07-24T13:02:47.0320969Z                   "site_admin": false,
2026-07-24T13:02:47.0321239Z                   "starred_url": "https://api.github.com/users/pkinerd/starred{/owner}{/repo}",
2026-07-24T13:02:47.0321603Z                   "subscriptions_url": "https://api.github.com/users/pkinerd/subscriptions",
2026-07-24T13:02:47.0321884Z                   "type": "User",
2026-07-24T13:02:47.0322095Z                   "url": "https://api.github.com/users/pkinerd",
2026-07-24T13:02:47.0322321Z                   "user_view_type": "public"
2026-07-24T13:02:47.0322501Z                 },
2026-07-24T13:02:47.0322659Z                 "private": false,
2026-07-24T13:02:47.0322852Z                 "pull_request_creation_policy": "all",
2026-07-24T13:02:47.0323278Z                 "pulls_url": "https://api.github.com/repos/pkinerd/ednsv/pulls{/number}",
2026-07-24T13:02:47.0323564Z                 "pushed_at": "2026-07-24T12:59:38Z",
2026-07-24T13:02:47.0323855Z                 "releases_url": "https://api.github.com/repos/pkinerd/ednsv/releases{/id}",
2026-07-24T13:02:47.0324130Z                 "size": 32155,
2026-07-24T13:02:47.0324341Z                 "squash_merge_commit_message": "COMMIT_MESSAGES",
2026-07-24T13:02:47.0324603Z                 "squash_merge_commit_title": "COMMIT_OR_PR_TITLE",
2026-07-24T13:02:47.0324857Z                 "ssh_url": "git@github.com:pkinerd/ednsv.git",
2026-07-24T13:02:47.0325068Z                 "stargazers_count": 0,
2026-07-24T13:02:47.0325334Z                 "stargazers_url": "https://api.github.com/repos/pkinerd/ednsv/stargazers",
2026-07-24T13:02:47.0325683Z                 "statuses_url": "https://api.github.com/repos/pkinerd/ednsv/statuses/{sha}",
2026-07-24T13:02:47.0326042Z                 "subscribers_url": "https://api.github.com/repos/pkinerd/ednsv/subscribers",
2026-07-24T13:02:47.0326412Z                 "subscription_url": "https://api.github.com/repos/pkinerd/ednsv/subscription",
2026-07-24T13:02:47.0326893Z                 "svn_url": "https://github.com/pkinerd/ednsv",
2026-07-24T13:02:47.0327169Z                 "tags_url": "https://api.github.com/repos/pkinerd/ednsv/tags",
2026-07-24T13:02:47.0327476Z                 "teams_url": "https://api.github.com/repos/pkinerd/ednsv/teams",
2026-07-24T13:02:47.0327799Z                 "topics": [],
2026-07-24T13:02:47.0328050Z                 "trees_url": "https://api.github.com/repos/pkinerd/ednsv/git/trees{/sha}",
2026-07-24T13:02:47.0328333Z                 "updated_at": "2026-07-24T12:42:16Z",
2026-07-24T13:02:47.0328609Z                 "url": "https://api.github.com/repos/pkinerd/ednsv",
2026-07-24T13:02:47.0328890Z                 "use_squash_pr_title_as_default": false,
2026-07-24T13:02:47.0329132Z                 "visibility": "public",
2026-07-24T13:02:47.0329347Z                 "watchers": 0,
2026-07-24T13:02:47.0329532Z                 "watchers_count": 0,
2026-07-24T13:02:47.0329736Z                 "web_commit_signoff_required": false
2026-07-24T13:02:47.0329934Z               },
2026-07-24T13:02:47.0330117Z               "sha": "820c0019085f5073eb31d9822b29a158ec3c4826",
2026-07-24T13:02:47.0330330Z               "user": {
2026-07-24T13:02:47.0330576Z                 "avatar_url": "https://avatars.githubusercontent.com/u/169779439?v=4",
2026-07-24T13:02:47.0330917Z                 "events_url": "https://api.github.com/users/pkinerd/events{/privacy}",
2026-07-24T13:02:47.0331248Z                 "followers_url": "https://api.github.com/users/pkinerd/followers",
2026-07-24T13:02:47.0331591Z                 "following_url": "https://api.github.com/users/pkinerd/following{/other_user}",
2026-07-24T13:02:47.0331937Z                 "gists_url": "https://api.github.com/users/pkinerd/gists{/gist_id}",
2026-07-24T13:02:47.0332195Z                 "gravatar_id": "",
2026-07-24T13:02:47.0332404Z                 "html_url": "https://github.com/pkinerd",
2026-07-24T13:02:47.0332613Z                 "id": 169779439,
2026-07-24T13:02:47.0332789Z                 "login": "pkinerd",
2026-07-24T13:02:47.0333210Z                 "node_id": "U_kgDOCh6g7w",
2026-07-24T13:02:47.0333474Z                 "organizations_url": "https://api.github.com/users/pkinerd/orgs",
2026-07-24T13:02:47.0333819Z                 "received_events_url": "https://api.github.com/users/pkinerd/received_events",
2026-07-24T13:02:47.0334150Z                 "repos_url": "https://api.github.com/users/pkinerd/repos",
2026-07-24T13:02:47.0334392Z                 "site_admin": false,
2026-07-24T13:02:47.0334740Z                 "starred_url": "https://api.github.com/users/pkinerd/starred{/owner}{/repo}",
2026-07-24T13:02:47.0335104Z                 "subscriptions_url": "https://api.github.com/users/pkinerd/subscriptions",
2026-07-24T13:02:47.0335377Z                 "type": "User",
2026-07-24T13:02:47.0335585Z                 "url": "https://api.github.com/users/pkinerd",
2026-07-24T13:02:47.0335811Z                 "user_view_type": "public"
2026-07-24T13:02:47.0335992Z               }
2026-07-24T13:02:47.0336135Z             },
2026-07-24T13:02:47.0342173Z             "body": "## Summary\nThis PR enhances the web UI with better messaging and navigation, improves the config history system to handle legacy data formats, and refines several UI elements for better usability.\n\n## Key Changes\n\n### UI/UX Improvements\n- **Toast message system**: Replaced inline error messages with fixed-position toast notifications that don't cause layout shifts. Added manual dismiss buttons and differentiated auto-dismiss behavior (success messages auto-clear after 4s; warnings/errors persist until dismissed).\n- **Floating scroll navigation**: Added fixed scroll-to-top and scroll-to-bottom buttons in the bottom-right corner for easier navigation on the long config page, with responsive positioning on mobile.\n- **Collapsible sections**: Converted the \"Per-domain DKIM selectors\" panel to a collapsible `<details>` element with a dynamic hint showing the count of configured domains.\n- **External link indicators**: Added subtle \"↗\" icons to external links (API docs) across all pages with proper accessibility attributes.\n- **Navigation labels**: Renamed \"Tokens\" to \"Access Tokens\" for clarity across all pages.\n\n### Config History Migration\n- **Legacy format support**: Added backward compatibility for pre-split config history files where revision bodies were embedded inline in `config-history.json`. The system now:\n  - Reads legacy inline bodies on load\n  - Automatically externalizes them to individual `config-rev-{id}.json` files\n  - Collapses the index to the body-less format after successful migration\n  - Ensures `GetRevision()` can find all revisions regardless of storage format\n- **Robust migration**: Uses best-effort approach with retry logic; skips collapsing the index if any body fails to externalize, preventing data loss.\n\n### Implementation Details\n- Toast messages use CSS animations (`msgIn` keyframe) for smooth entrance and are positioned with `position: fixed` to prevent reflow.\n- Scroll navigation buttons are circular with hover effects and use `aria-hidden=\"true\"` since they're supplementary controls.\n- History migration normalizes domain lists and DKIM selectors during externalization to maintain data consistency.\n- Added comprehensive test coverage for legacy history migration with verification that both old and new formats work correctly.\n\nhttps://claude.ai/code/session_015QvoXY3GYdRayQzh6a6JPv",
2026-07-24T13:02:47.0348068Z             "changed_files": 5,
2026-07-24T13:02:47.0348266Z             "closed_at": null,
2026-07-24T13:02:47.0348470Z             "comments": 0,
2026-07-24T13:02:47.0348804Z             "comments_url": "https://api.github.com/repos/pkinerd/ednsv/issues/27/comments",
2026-07-24T13:02:47.0349140Z             "commits": 1,
2026-07-24T13:02:47.0349441Z             "commits_url": "https://api.github.com/repos/pkinerd/ednsv/pulls/27/commits",
2026-07-24T13:02:47.0349767Z             "created_at": "2026-07-24T13:00:52Z",
2026-07-24T13:02:47.0349989Z             "deletions": 26,
2026-07-24T13:02:47.0350258Z             "diff_url": "https://github.com/pkinerd/ednsv/pull/27.diff",
2026-07-24T13:02:47.0350542Z             "draft": false,
2026-07-24T13:02:47.0350741Z             "head": {
2026-07-24T13:02:47.0350974Z               "label": "pkinerd:claude/redis-caching-verify-45k9yk",
2026-07-24T13:02:47.0351290Z               "ref": "claude/redis-caching-verify-45k9yk",
2026-07-24T13:02:47.0351548Z               "repo": {
2026-07-24T13:02:47.0351735Z                 "allow_auto_merge": false,
2026-07-24T13:02:47.0351968Z                 "allow_forking": true,
2026-07-24T13:02:47.0352199Z                 "allow_merge_commit": true,
2026-07-24T13:02:47.0352417Z                 "allow_rebase_merge": true,
2026-07-24T13:02:47.0352661Z                 "allow_squash_merge": true,
2026-07-24T13:02:47.0353182Z                 "allow_update_branch": false,
2026-07-24T13:02:47.0353552Z                 "archive_url": "https://api.github.com/repos/pkinerd/ednsv/{archive_format}{/ref}",
2026-07-24T13:02:47.0353915Z                 "archived": false,
2026-07-24T13:02:47.0354237Z                 "assignees_url": "https://api.github.com/repos/pkinerd/ednsv/assignees{/user}",
2026-07-24T13:02:47.0354657Z                 "blobs_url": "https://api.github.com/repos/pkinerd/ednsv/git/blobs{/sha}",
2026-07-24T13:02:47.0355089Z                 "branches_url": "https://api.github.com/repos/pkinerd/ednsv/branches{/branch}",
2026-07-24T13:02:47.0355458Z                 "clone_url": "https://github.com/pkinerd/ednsv.git",
2026-07-24T13:02:47.0355881Z                 "collaborators_url": "https://api.github.com/repos/pkinerd/ednsv/collaborators{/collaborator}",
2026-07-24T13:02:47.0356362Z                 "comments_url": "https://api.github.com/repos/pkinerd/ednsv/comments{/number}",
2026-07-24T13:02:47.0356770Z                 "commits_url": "https://api.github.com/repos/pkinerd/ednsv/commits{/sha}",
2026-07-24T13:02:47.0357180Z                 "compare_url": "https://api.github.com/repos/pkinerd/ednsv/compare/{base}...{head}",
2026-07-24T13:02:47.0357702Z                 "contents_url": "https://api.github.com/repos/pkinerd/ednsv/contents/{+path}",
2026-07-24T13:02:47.0358131Z                 "contributors_url": "https://api.github.com/repos/pkinerd/ednsv/contributors",
2026-07-24T13:02:47.0358516Z                 "created_at": "2026-03-30T21:24:40Z",
2026-07-24T13:02:47.0358743Z                 "default_branch": "main",
2026-07-24T13:02:47.0358950Z                 "delete_branch_on_merge": false,
2026-07-24T13:02:47.0359249Z                 "deployments_url": "https://api.github.com/repos/pkinerd/ednsv/deployments",
2026-07-24T13:02:47.0359555Z                 "description": null,
2026-07-24T13:02:47.0359744Z                 "disabled": false,
2026-07-24T13:02:47.0360013Z                 "downloads_url": "https://api.github.com/repos/pkinerd/ednsv/downloads",
2026-07-24T13:02:47.0360385Z                 "events_url": "https://api.github.com/repos/pkinerd/ednsv/events",
2026-07-24T13:02:47.0360669Z                 "fork": false,
2026-07-24T13:02:47.0360853Z                 "forks": 0,
2026-07-24T13:02:47.0361025Z                 "forks_count": 0,
2026-07-24T13:02:47.0361271Z                 "forks_url": "https://api.github.com/repos/pkinerd/ednsv/forks",
2026-07-24T13:02:47.0361545Z                 "full_name": "pkinerd/ednsv",
2026-07-24T13:02:47.0361856Z                 "git_commits_url": "https://api.github.com/repos/pkinerd/ednsv/git/commits{/sha}",
2026-07-24T13:02:47.0362261Z                 "git_refs_url": "https://api.github.com/repos/pkinerd/ednsv/git/refs{/sha}",
2026-07-24T13:02:47.0362642Z                 "git_tags_url": "https://api.github.com/repos/pkinerd/ednsv/git/tags{/sha}",
2026-07-24T13:02:47.0363152Z                 "git_url": "git://github.com/pkinerd/ednsv.git",
2026-07-24T13:02:47.0363413Z                 "has_discussions": false,
2026-07-24T13:02:47.0363616Z                 "has_downloads": false,
2026-07-24T13:02:47.0363866Z                 "has_issues": true,
2026-07-24T13:02:47.0364073Z                 "has_pages": false,
2026-07-24T13:02:47.0364288Z                 "has_projects": true,
2026-07-24T13:02:47.0364513Z                 "has_pull_requests": true,
2026-07-24T13:02:47.0364727Z                 "has_wiki": true,
2026-07-24T13:02:47.0364917Z                 "homepage": null,
2026-07-24T13:02:47.0365177Z                 "hooks_url": "https://api.github.com/repos/pkinerd/ednsv/hooks",
2026-07-24T13:02:47.0365494Z                 "html_url": "https://github.com/pkinerd/ednsv",
2026-07-24T13:02:47.0365728Z                 "id": 1196602452,
2026-07-24T13:02:47.0365922Z                 "is_template": false,
2026-07-24T13:02:47.0366257Z                 "issue_comment_url": "https://api.github.com/repos/pkinerd/ednsv/issues/comments{/number}",
2026-07-24T13:02:47.0366734Z                 "issue_events_url": "https://api.github.com/repos/pkinerd/ednsv/issues/events{/number}",
2026-07-24T13:02:47.0367140Z                 "issues_url": "https://api.github.com/repos/pkinerd/ednsv/issues{/number}",
2026-07-24T13:02:47.0367514Z                 "keys_url": "https://api.github.com/repos/pkinerd/ednsv/keys{/key_id}",
2026-07-24T13:02:47.0367900Z                 "labels_url": "https://api.github.com/repos/pkinerd/ednsv/labels{/name}",
2026-07-24T13:02:47.0368203Z                 "language": "C#",
2026-07-24T13:02:47.0368470Z                 "languages_url": "https://api.github.com/repos/pkinerd/ednsv/languages",
2026-07-24T13:02:47.0368770Z                 "license": null,
2026-07-24T13:02:47.0368980Z                 "merge_commit_message": "PR_TITLE",
2026-07-24T13:02:47.0369212Z                 "merge_commit_title": "MERGE_MESSAGE",
2026-07-24T13:02:47.0369493Z                 "merges_url": "https://api.github.com/repos/pkinerd/ednsv/merges",
2026-07-24T13:02:47.0369867Z                 "milestones_url": "https://api.github.com/repos/pkinerd/ednsv/milestones{/number}",
2026-07-24T13:02:47.0370234Z                 "mirror_url": null,
2026-07-24T13:02:47.0370424Z                 "name": "ednsv",
2026-07-24T13:02:47.0370695Z                 "node_id": "R_kgDOR1K0VA",
2026-07-24T13:02:47.0371075Z                 "notifications_url": "https://api.github.com/repos/pkinerd/ednsv/notifications{?since,all,participating}",
2026-07-24T13:02:47.0371466Z                 "open_issues": 1,
2026-07-24T13:02:47.0371705Z                 "open_issues_count": 1,
2026-07-24T13:02:47.0371904Z                 "owner": {
2026-07-24T13:02:47.0372160Z                   "avatar_url": "https://avatars.githubusercontent.com/u/169779439?v=4",
2026-07-24T13:02:47.0372536Z                   "events_url": "https://api.github.com/users/pkinerd/events{/privacy}",
2026-07-24T13:02:47.0373025Z                   "followers_url": "https://api.github.com/users/pkinerd/followers",
2026-07-24T13:02:47.0373433Z                   "following_url": "https://api.github.com/users/pkinerd/following{/other_user}",
2026-07-24T13:02:47.0373809Z                   "gists_url": "https://api.github.com/users/pkinerd/gists{/gist_id}",
2026-07-24T13:02:47.0374091Z                   "gravatar_id": "",
2026-07-24T13:02:47.0374321Z                   "html_url": "https://github.com/pkinerd",
2026-07-24T13:02:47.0374554Z                   "id": 169779439,
2026-07-24T13:02:47.0374749Z                   "login": "pkinerd",
2026-07-24T13:02:47.0374950Z                   "node_id": "U_kgDOCh6g7w",
2026-07-24T13:02:47.0375226Z                   "organizations_url": "https://api.github.com/users/pkinerd/orgs",
2026-07-24T13:02:47.0375650Z                   "received_events_url": "https://api.github.com/users/pkinerd/received_events",
2026-07-24T13:02:47.0376024Z                   "repos_url": "https://api.github.com/users/pkinerd/repos",
2026-07-24T13:02:47.0376287Z                   "site_admin": false,
2026-07-24T13:02:47.0376595Z                   "starred_url": "https://api.github.com/users/pkinerd/starred{/owner}{/repo}",
2026-07-24T13:02:47.0377003Z                   "subscriptions_url": "https://api.github.com/users/pkinerd/subscriptions",
2026-07-24T13:02:47.0377297Z                   "type": "User",
2026-07-24T13:02:47.0377519Z                   "url": "https://api.github.com/users/pkinerd",
2026-07-24T13:02:47.0377751Z                   "user_view_type": "public"
2026-07-24T13:02:47.0377942Z                 },
2026-07-24T13:02:47.0378097Z                 "private": false,
2026-07-24T13:02:47.0378302Z                 "pull_request_creation_policy": "all",
2026-07-24T13:02:47.0378598Z                 "pulls_url": "https://api.github.com/repos/pkinerd/ednsv/pulls{/number}",
2026-07-24T13:02:47.0378898Z                 "pushed_at": "2026-07-24T12:59:38Z",
2026-07-24T13:02:47.0379206Z                 "releases_url": "https://api.github.com/repos/pkinerd/ednsv/releases{/id}",
2026-07-24T13:02:47.0379500Z                 "size": 32155,
2026-07-24T13:02:47.0379738Z                 "squash_merge_commit_message": "COMMIT_MESSAGES",
2026-07-24T13:02:47.0380010Z                 "squash_merge_commit_title": "COMMIT_OR_PR_TITLE",
2026-07-24T13:02:47.0380296Z                 "ssh_url": "git@github.com:pkinerd/ednsv.git",
2026-07-24T13:02:47.0380559Z                 "stargazers_count": 0,
2026-07-24T13:02:47.0380844Z                 "stargazers_url": "https://api.github.com/repos/pkinerd/ednsv/stargazers",
2026-07-24T13:02:47.0381222Z                 "statuses_url": "https://api.github.com/repos/pkinerd/ednsv/statuses/{sha}",
2026-07-24T13:02:47.0381601Z                 "subscribers_url": "https://api.github.com/repos/pkinerd/ednsv/subscribers",
2026-07-24T13:02:47.0382011Z                 "subscription_url": "https://api.github.com/repos/pkinerd/ednsv/subscription",
2026-07-24T13:02:47.0382342Z                 "svn_url": "https://github.com/pkinerd/ednsv",
2026-07-24T13:02:47.0382654Z                 "tags_url": "https://api.github.com/repos/pkinerd/ednsv/tags",
2026-07-24T13:02:47.0383150Z                 "teams_url": "https://api.github.com/repos/pkinerd/ednsv/teams",
2026-07-24T13:02:47.0383436Z                 "topics": [],
2026-07-24T13:02:47.0383710Z                 "trees_url": "https://api.github.com/repos/pkinerd/ednsv/git/trees{/sha}",
2026-07-24T13:02:47.0384108Z                 "updated_at": "2026-07-24T12:42:16Z",
2026-07-24T13:02:47.0384386Z                 "url": "https://api.github.com/repos/pkinerd/ednsv",
2026-07-24T13:02:47.0384672Z                 "use_squash_pr_title_as_default": false,
2026-07-24T13:02:47.0384966Z                 "visibility": "public",
2026-07-24T13:02:47.0385183Z                 "watchers": 0,
2026-07-24T13:02:47.0385380Z                 "watchers_count": 0,
2026-07-24T13:02:47.0385608Z                 "web_commit_signoff_required": false
2026-07-24T13:02:47.0385831Z               },
2026-07-24T13:02:47.0386044Z               "sha": "95ef2091e1e133dd697f671fbe9e559b0b38ee4a",
2026-07-24T13:02:47.0386271Z               "user": {
2026-07-24T13:02:47.0386521Z                 "avatar_url": "https://avatars.githubusercontent.com/u/169779439?v=4",
2026-07-24T13:02:47.0386875Z                 "events_url": "https://api.github.com/users/pkinerd/events{/privacy}",
2026-07-24T13:02:47.0387225Z                 "followers_url": "https://api.github.com/users/pkinerd/followers",
2026-07-24T13:02:47.0387587Z                 "following_url": "https://api.github.com/users/pkinerd/following{/other_user}",
2026-07-24T13:02:47.0387946Z                 "gists_url": "https://api.github.com/users/pkinerd/gists{/gist_id}",
2026-07-24T13:02:47.0388212Z                 "gravatar_id": "",
2026-07-24T13:02:47.0388430Z                 "html_url": "https://github.com/pkinerd",
2026-07-24T13:02:47.0388667Z                 "id": 169779439,
2026-07-24T13:02:47.0388876Z                 "login": "pkinerd",
2026-07-24T13:02:47.0389095Z                 "node_id": "U_kgDOCh6g7w",
2026-07-24T13:02:47.0389377Z                 "organizations_url": "https://api.github.com/users/pkinerd/orgs",
2026-07-24T13:02:47.0389734Z                 "received_events_url": "https://api.github.com/users/pkinerd/received_events",
2026-07-24T13:02:47.0390068Z                 "repos_url": "https://api.github.com/users/pkinerd/repos",
2026-07-24T13:02:47.0390318Z                 "site_admin": false,
2026-07-24T13:02:47.0390597Z                 "starred_url": "https://api.github.com/users/pkinerd/starred{/owner}{/repo}",
2026-07-24T13:02:47.0390979Z                 "subscriptions_url": "https://api.github.com/users/pkinerd/subscriptions",
2026-07-24T13:02:47.0391266Z                 "type": "User",
2026-07-24T13:02:47.0391497Z                 "url": "https://api.github.com/users/pkinerd",
2026-07-24T13:02:47.0391726Z                 "user_view_type": "public"
2026-07-24T13:02:47.0391910Z               }
2026-07-24T13:02:47.0392054Z             },
2026-07-24T13:02:47.0392255Z             "html_url": "https://github.com/pkinerd/ednsv/pull/27",
2026-07-24T13:02:47.0392486Z             "id": 4124864814,
2026-07-24T13:02:47.0392723Z             "issue_url": "https://api.github.com/repos/pkinerd/ednsv/issues/27",
2026-07-24T13:02:47.0393072Z             "labels": [],
2026-07-24T13:02:47.0393242Z             "locked": false,
2026-07-24T13:02:47.0393436Z             "maintainer_can_modify": false,
2026-07-24T13:02:47.0393635Z             "merge_commit_sha": null,
2026-07-24T13:02:47.0393838Z             "mergeable": null,
2026-07-24T13:02:47.0394040Z             "mergeable_state": "unknown",
2026-07-24T13:02:47.0394234Z             "merged": false,
2026-07-24T13:02:47.0394410Z             "merged_at": null,
2026-07-24T13:02:47.0394587Z             "merged_by": null,
2026-07-24T13:02:47.0394754Z             "milestone": null,
2026-07-24T13:02:47.0394945Z             "node_id": "PR_kwDOR1K0VM713HEu",
2026-07-24T13:02:47.0395154Z             "number": 27,
2026-07-24T13:02:47.0395390Z             "patch_url": "https://github.com/pkinerd/ednsv/pull/27.patch",
2026-07-24T13:02:47.0395646Z             "rebaseable": null,
2026-07-24T13:02:47.0395836Z             "requested_reviewers": [],
2026-07-24T13:02:47.0396034Z             "requested_teams": [],
2026-07-24T13:02:47.0396346Z             "review_comment_url": "https://api.github.com/repos/pkinerd/ednsv/pulls/comments{/number}",
2026-07-24T13:02:47.0397106Z             "review_comments": 0,
2026-07-24T13:02:47.0397404Z             "review_comments_url": "https://api.github.com/repos/pkinerd/ednsv/pulls/27/comments",
2026-07-24T13:02:47.0397725Z             "state": "open",
2026-07-24T13:02:47.0398137Z             "statuses_url": "https://api.github.com/repos/pkinerd/ednsv/statuses/95ef2091e1e133dd697f671fbe9e559b0b38ee4a",
2026-07-24T13:02:47.0398643Z             "title": "Improve UI/UX: toast messages, scroll nav, collapsible sections, and history migration",
2026-07-24T13:02:47.0398986Z             "updated_at": "2026-07-24T13:00:52Z",
2026-07-24T13:02:47.0399255Z             "url": "https://api.github.com/repos/pkinerd/ednsv/pulls/27",
2026-07-24T13:02:47.0399507Z             "user": {
2026-07-24T13:02:47.0399772Z               "avatar_url": "https://avatars.githubusercontent.com/u/169779439?v=4",
2026-07-24T13:02:47.0400128Z               "events_url": "https://api.github.com/users/pkinerd/events{/privacy}",
2026-07-24T13:02:47.0400476Z               "followers_url": "https://api.github.com/users/pkinerd/followers",
2026-07-24T13:02:47.0400845Z               "following_url": "https://api.github.com/users/pkinerd/following{/other_user}",
2026-07-24T13:02:47.0401245Z               "gists_url": "https://api.github.com/users/pkinerd/gists{/gist_id}",
2026-07-24T13:02:47.0401537Z               "gravatar_id": "",
2026-07-24T13:02:47.0401768Z               "html_url": "https://github.com/pkinerd",
2026-07-24T13:02:47.0402005Z               "id": 169779439,
2026-07-24T13:02:47.0402203Z               "login": "pkinerd",
2026-07-24T13:02:47.0402419Z               "node_id": "U_kgDOCh6g7w",
2026-07-24T13:02:47.0402707Z               "organizations_url": "https://api.github.com/users/pkinerd/orgs",
2026-07-24T13:02:47.0403372Z               "received_events_url": "https://api.github.com/users/pkinerd/received_events",
2026-07-24T13:02:47.0403765Z               "repos_url": "https://api.github.com/users/pkinerd/repos",
2026-07-24T13:02:47.0404060Z               "site_admin": false,
2026-07-24T13:02:47.0404367Z               "starred_url": "https://api.github.com/users/pkinerd/starred{/owner}{/repo}",
2026-07-24T13:02:47.0404792Z               "subscriptions_url": "https://api.github.com/users/pkinerd/subscriptions",
2026-07-24T13:02:47.0405142Z               "type": "User",
2026-07-24T13:02:47.0405359Z               "url": "https://api.github.com/users/pkinerd",
2026-07-24T13:02:47.0405590Z               "user_view_type": "public"
2026-07-24T13:02:47.0405777Z             }
2026-07-24T13:02:47.0405921Z           },
2026-07-24T13:02:47.0406069Z           "repository": {
2026-07-24T13:02:47.0406243Z             "allow_forking": true,
2026-07-24T13:02:47.0406529Z             "archive_url": "https://api.github.com/repos/pkinerd/ednsv/{archive_format}{/ref}",
2026-07-24T13:02:47.0406843Z             "archived": false,
2026-07-24T13:02:47.0407110Z             "assignees_url": "https://api.github.com/repos/pkinerd/ednsv/assignees{/user}",
2026-07-24T13:02:47.0407495Z             "blobs_url": "https://api.github.com/repos/pkinerd/ednsv/git/blobs{/sha}",
2026-07-24T13:02:47.0407863Z             "branches_url": "https://api.github.com/repos/pkinerd/ednsv/branches{/branch}",
2026-07-24T13:02:47.0408233Z             "clone_url": "https://github.com/pkinerd/ednsv.git",
2026-07-24T13:02:47.0408605Z             "collaborators_url": "https://api.github.com/repos/pkinerd/ednsv/collaborators{/collaborator}",
2026-07-24T13:02:47.0409037Z             "comments_url": "https://api.github.com/repos/pkinerd/ednsv/comments{/number}",
2026-07-24T13:02:47.0409439Z             "commits_url": "https://api.github.com/repos/pkinerd/ednsv/commits{/sha}",
2026-07-24T13:02:47.0409815Z             "compare_url": "https://api.github.com/repos/pkinerd/ednsv/compare/{base}...{head}",
2026-07-24T13:02:47.0410211Z             "contents_url": "https://api.github.com/repos/pkinerd/ednsv/contents/{+path}",
2026-07-24T13:02:47.0410596Z             "contributors_url": "https://api.github.com/repos/pkinerd/ednsv/contributors",
2026-07-24T13:02:47.0410994Z             "created_at": "2026-03-30T21:24:40Z",
2026-07-24T13:02:47.0411205Z             "default_branch": "main",
2026-07-24T13:02:47.0411483Z             "deployments_url": "https://api.github.com/repos/pkinerd/ednsv/deployments",
2026-07-24T13:02:47.0411814Z             "description": null,
2026-07-24T13:02:47.0412000Z             "disabled": false,
2026-07-24T13:02:47.0412252Z             "downloads_url": "https://api.github.com/repos/pkinerd/ednsv/downloads",
2026-07-24T13:02:47.0412590Z             "events_url": "https://api.github.com/repos/pkinerd/ednsv/events",
2026-07-24T13:02:47.0412855Z             "fork": false,
2026-07-24T13:02:47.0413099Z             "forks": 0,
2026-07-24T13:02:47.0413260Z             "forks_count": 0,
2026-07-24T13:02:47.0413507Z             "forks_url": "https://api.github.com/repos/pkinerd/ednsv/forks",
2026-07-24T13:02:47.0413769Z             "full_name": "pkinerd/ednsv",
2026-07-24T13:02:47.0414067Z             "git_commits_url": "https://api.github.com/repos/pkinerd/ednsv/git/commits{/sha}",
2026-07-24T13:02:47.0414438Z             "git_refs_url": "https://api.github.com/repos/pkinerd/ednsv/git/refs{/sha}",
2026-07-24T13:02:47.0414799Z             "git_tags_url": "https://api.github.com/repos/pkinerd/ednsv/git/tags{/sha}",
2026-07-24T13:02:47.0415104Z             "git_url": "git://github.com/pkinerd/ednsv.git",
2026-07-24T13:02:47.0415376Z             "has_discussions": false,
2026-07-24T13:02:47.0415573Z             "has_downloads": false,
2026-07-24T13:02:47.0415762Z             "has_issues": true,
2026-07-24T13:02:47.0415938Z             "has_pages": false,
2026-07-24T13:02:47.0416113Z             "has_projects": true,
2026-07-24T13:02:47.0416296Z             "has_pull_requests": true,
2026-07-24T13:02:47.0416490Z             "has_wiki": true,
2026-07-24T13:02:47.0416670Z             "homepage": null,
2026-07-24T13:02:47.0416913Z             "hooks_url": "https://api.github.com/repos/pkinerd/ednsv/hooks",
2026-07-24T13:02:47.0417207Z             "html_url": "https://github.com/pkinerd/ednsv",
2026-07-24T13:02:47.0417428Z             "id": 1196602452,
2026-07-24T13:02:47.0417604Z             "is_template": false,
2026-07-24T13:02:47.0417906Z             "issue_comment_url": "https://api.github.com/repos/pkinerd/ednsv/issues/comments{/number}",
2026-07-24T13:02:47.0418326Z             "issue_events_url": "https://api.github.com/repos/pkinerd/ednsv/issues/events{/number}",
2026-07-24T13:02:47.0418710Z             "issues_url": "https://api.github.com/repos/pkinerd/ednsv/issues{/number}",
2026-07-24T13:02:47.0419064Z             "keys_url": "https://api.github.com/repos/pkinerd/ednsv/keys{/key_id}",
2026-07-24T13:02:47.0419409Z             "labels_url": "https://api.github.com/repos/pkinerd/ednsv/labels{/name}",
2026-07-24T13:02:47.0419682Z             "language": "C#",
2026-07-24T13:02:47.0419931Z             "languages_url": "https://api.github.com/repos/pkinerd/ednsv/languages",
2026-07-24T13:02:47.0420208Z             "license": null,
2026-07-24T13:02:47.0420449Z             "merges_url": "https://api.github.com/repos/pkinerd/ednsv/merges",
2026-07-24T13:02:47.0420810Z             "milestones_url": "https://api.github.com/repos/pkinerd/ednsv/milestones{/number}",
2026-07-24T13:02:47.0421110Z             "mirror_url": null,
2026-07-24T13:02:47.0421289Z             "name": "ednsv",
2026-07-24T13:02:47.0421469Z             "node_id": "R_kgDOR1K0VA",
2026-07-24T13:02:47.0421816Z             "notifications_url": "https://api.github.com/repos/pkinerd/ednsv/notifications{?since,all,participating}",
2026-07-24T13:02:47.0422169Z             "open_issues": 1,
2026-07-24T13:02:47.0422347Z             "open_issues_count": 1,
2026-07-24T13:02:47.0422528Z             "owner": {
2026-07-24T13:02:47.0422769Z               "avatar_url": "https://avatars.githubusercontent.com/u/169779439?v=4",
2026-07-24T13:02:47.0423293Z               "events_url": "https://api.github.com/users/pkinerd/events{/privacy}",
2026-07-24T13:02:47.0423712Z               "followers_url": "https://api.github.com/users/pkinerd/followers",
2026-07-24T13:02:47.0424073Z               "following_url": "https://api.github.com/users/pkinerd/following{/other_user}",
2026-07-24T13:02:47.0424487Z               "gists_url": "https://api.github.com/users/pkinerd/gists{/gist_id}",
2026-07-24T13:02:47.0424760Z               "gravatar_id": "",
2026-07-24T13:02:47.0424973Z               "html_url": "https://github.com/pkinerd",
2026-07-24T13:02:47.0425193Z               "id": 169779439,
2026-07-24T13:02:47.0425373Z               "login": "pkinerd",
2026-07-24T13:02:47.0425562Z               "node_id": "U_kgDOCh6g7w",
2026-07-24T13:02:47.0425829Z               "organizations_url": "https://api.github.com/users/pkinerd/orgs",
2026-07-24T13:02:47.0426185Z               "received_events_url": "https://api.github.com/users/pkinerd/received_events",
2026-07-24T13:02:47.0426519Z               "repos_url": "https://api.github.com/users/pkinerd/repos",
2026-07-24T13:02:47.0426761Z               "site_admin": false,
2026-07-24T13:02:47.0427028Z               "starred_url": "https://api.github.com/users/pkinerd/starred{/owner}{/repo}",
2026-07-24T13:02:47.0427391Z               "subscriptions_url": "https://api.github.com/users/pkinerd/subscriptions",
2026-07-24T13:02:47.0427679Z               "type": "User",
2026-07-24T13:02:47.0427884Z               "url": "https://api.github.com/users/pkinerd",
2026-07-24T13:02:47.0428117Z               "user_view_type": "public"
2026-07-24T13:02:47.0428300Z             },
2026-07-24T13:02:47.0428450Z             "private": false,
2026-07-24T13:02:47.0428642Z             "pull_request_creation_policy": "all",
2026-07-24T13:02:47.0428933Z             "pulls_url": "https://api.github.com/repos/pkinerd/ednsv/pulls{/number}",
2026-07-24T13:02:47.0429217Z             "pushed_at": "2026-07-24T12:59:38Z",
2026-07-24T13:02:47.0429506Z             "releases_url": "https://api.github.com/repos/pkinerd/ednsv/releases{/id}",
2026-07-24T13:02:47.0429784Z             "size": 32155,
2026-07-24T13:02:47.0429979Z             "ssh_url": "git@github.com:pkinerd/ednsv.git",
2026-07-24T13:02:47.0430203Z             "stargazers_count": 0,
2026-07-24T13:02:47.0430483Z             "stargazers_url": "https://api.github.com/repos/pkinerd/ednsv/stargazers",
2026-07-24T13:02:47.0430824Z             "statuses_url": "https://api.github.com/repos/pkinerd/ednsv/statuses/{sha}",
2026-07-24T13:02:47.0431167Z             "subscribers_url": "https://api.github.com/repos/pkinerd/ednsv/subscribers",
2026-07-24T13:02:47.0431514Z             "subscription_url": "https://api.github.com/repos/pkinerd/ednsv/subscription",
2026-07-24T13:02:47.0431814Z             "svn_url": "https://github.com/pkinerd/ednsv",
2026-07-24T13:02:47.0432077Z             "tags_url": "https://api.github.com/repos/pkinerd/ednsv/tags",
2026-07-24T13:02:47.0432371Z             "teams_url": "https://api.github.com/repos/pkinerd/ednsv/teams",
2026-07-24T13:02:47.0432612Z             "topics": [],
2026-07-24T13:02:47.0432848Z             "trees_url": "https://api.github.com/repos/pkinerd/ednsv/git/trees{/sha}",
2026-07-24T13:02:47.0433286Z             "updated_at": "2026-07-24T12:42:16Z",
2026-07-24T13:02:47.0433524Z             "url": "https://api.github.com/repos/pkinerd/ednsv",
2026-07-24T13:02:47.0433760Z             "visibility": "public",
2026-07-24T13:02:47.0433941Z             "watchers": 0,
2026-07-24T13:02:47.0434109Z             "watchers_count": 0,
2026-07-24T13:02:47.0434296Z             "web_commit_signoff_required": false
2026-07-24T13:02:47.0434486Z           },
2026-07-24T13:02:47.0434631Z           "sender": {
2026-07-24T13:02:47.0434862Z             "avatar_url": "https://avatars.githubusercontent.com/u/169779439?v=4",
2026-07-24T13:02:47.0435193Z             "events_url": "https://api.github.com/users/pkinerd/events{/privacy}",
2026-07-24T13:02:47.0435512Z             "followers_url": "https://api.github.com/users/pkinerd/followers",
2026-07-24T13:02:47.0435846Z             "following_url": "https://api.github.com/users/pkinerd/following{/other_user}",
2026-07-24T13:02:47.0436232Z             "gists_url": "https://api.github.com/users/pkinerd/gists{/gist_id}",
2026-07-24T13:02:47.0436477Z             "gravatar_id": "",
2026-07-24T13:02:47.0436672Z             "html_url": "https://github.com/pkinerd",
2026-07-24T13:02:47.0436920Z             "id": 169779439,
2026-07-24T13:02:47.0437089Z             "login": "pkinerd",
2026-07-24T13:02:47.0437267Z             "node_id": "U_kgDOCh6g7w",
2026-07-24T13:02:47.0437515Z             "organizations_url": "https://api.github.com/users/pkinerd/orgs",
2026-07-24T13:02:47.0437846Z             "received_events_url": "https://api.github.com/users/pkinerd/received_events",
2026-07-24T13:02:47.0438154Z             "repos_url": "https://api.github.com/users/pkinerd/repos",
2026-07-24T13:02:47.0438387Z             "site_admin": false,
2026-07-24T13:02:47.0438631Z             "starred_url": "https://api.github.com/users/pkinerd/starred{/owner}{/repo}",
2026-07-24T13:02:47.0438975Z             "subscriptions_url": "https://api.github.com/users/pkinerd/subscriptions",
2026-07-24T13:02:47.0439233Z             "type": "User",
2026-07-24T13:02:47.0439419Z             "url": "https://api.github.com/users/pkinerd",
2026-07-24T13:02:47.0439627Z             "user_view_type": "public"
2026-07-24T13:02:47.0439797Z           }
2026-07-24T13:02:47.0439928Z         },
2026-07-24T13:02:47.0440066Z         "github_job": "docker",
2026-07-24T13:02:47.0440241Z         "github_ref": "refs/pull/27/merge",
2026-07-24T13:02:47.0440431Z         "github_ref_name": "27/merge",
2026-07-24T13:02:47.0440613Z         "github_ref_protected": "false",
2026-07-24T13:02:47.0440801Z         "github_ref_type": "branch",
2026-07-24T13:02:47.0440991Z         "github_repository": "pkinerd/ednsv",
2026-07-24T13:02:47.0441191Z         "github_repository_id": "1196602452",
2026-07-24T13:02:47.0441384Z         "github_repository_owner": "pkinerd",
2026-07-24T13:02:47.0441589Z         "github_repository_owner_id": "169779439",
2026-07-24T13:02:47.0441795Z         "github_run_attempt": "1",
2026-07-24T13:02:47.0441977Z         "github_run_id": "30095220948",
2026-07-24T13:02:47.0442158Z         "github_run_number": "204",
2026-07-24T13:02:47.0442337Z         "github_runner_arch": "X64",
2026-07-24T13:02:47.0442538Z         "github_runner_environment": "github-hosted",
2026-07-24T13:02:47.0442750Z         "github_runner_image_os": "ubuntu24",
2026-07-24T13:02:47.0443045Z         "github_runner_image_version": "20260720.247.2",
2026-07-24T13:02:47.0443281Z         "github_runner_name": "GitHub Actions 1000002126",
2026-07-24T13:02:47.0443487Z         "github_runner_os": "Linux",
2026-07-24T13:02:47.0443734Z         "github_runner_tracking_id": "github_90556ee4-4caa-4ef2-b6e9-7231db945e98",
2026-07-24T13:02:47.0444015Z         "github_server_url": "https://github.com",
2026-07-24T13:02:47.0444219Z         "github_triggering_actor": "pkinerd",
2026-07-24T13:02:47.0444404Z         "github_workflow": "CI",
2026-07-24T13:02:47.0444672Z         "github_workflow_ref": "pkinerd/ednsv/.github/workflows/ci.yml@refs/pull/27/merge",
2026-07-24T13:02:47.0445004Z         "github_workflow_sha": "286383e1c6d74f0250ee220191f3abd15430a1cf",
2026-07-24T13:02:47.0445251Z         "platform": "linux/amd64"
2026-07-24T13:02:47.0445417Z       }
2026-07-24T13:02:47.0445546Z     }
2026-07-24T13:02:47.0445673Z   },
2026-07-24T13:02:47.0446048Z   "buildx.build.ref": "builder-9ebe4cda-e920-4dcd-861f-835874d095f3/builder-9ebe4cda-e920-4dcd-861f-835874d095f30/tjn1ddpjppw782sck5rsfzd0t",
2026-07-24T13:02:47.0446472Z   "containerimage.descriptor": {
2026-07-24T13:02:47.0446687Z     "mediaType": "application/vnd.oci.image.index.v1+json",
2026-07-24T13:02:47.0446993Z     "digest": "sha256:2ccfb49b7773f29c35ac77171b88cd9556ee33b1e943a04297620733ae3a3d93",
2026-07-24T13:02:47.0447259Z     "size": 856
2026-07-24T13:02:47.0447392Z   },
2026-07-24T13:02:47.0447651Z   "containerimage.digest": "sha256:2ccfb49b7773f29c35ac77171b88cd9556ee33b1e943a04297620733ae3a3d93",
2026-07-24T13:02:47.0448161Z   "image.name": "ghcr.io/pkinerd/ednsv:pr-27,ghcr.io/pkinerd/ednsv:latest-any,ghcr.io/pkinerd/ednsv:sha-286383e"
2026-07-24T13:02:47.0448478Z }
2026-07-24T13:02:47.0448816Z ##[endgroup]
2026-07-24T13:02:47.0449060Z ##[group]Reference
2026-07-24T13:02:47.0449461Z builder-9ebe4cda-e920-4dcd-861f-835874d095f3/builder-9ebe4cda-e920-4dcd-861f-835874d095f30/tjn1ddpjppw782sck5rsfzd0t
2026-07-24T13:02:47.0449931Z ##[endgroup]
2026-07-24T13:02:47.0450176Z ##[group]Check build summary support
2026-07-24T13:02:47.0450464Z Build summary supported!
2026-07-24T13:02:47.0450710Z ##[endgroup]
2026-07-24T13:02:47.0523236Z Node 20 is being deprecated. This workflow is running with Node 24 by default. If you need to temporarily use Node 20, you can set the ACTIONS_ALLOW_USE_UNSECURE_NODE_VERSION=true environment variable. For more information see: https://github.blog/changelog/2025-09-19-deprecation-of-node-20-on-github-actions-runners/
2026-07-24T13:02:47.0524183Z Post job cleanup.
2026-07-24T13:02:47.2151219Z ##[group]Generating build summary
2026-07-24T13:02:47.2154408Z exporting build record to /home/runner/work/_temp/docker-actions-toolkit-1S27J7/export
2026-07-24T13:02:47.2163443Z (node:3111) [DEP0040] DeprecationWarning: The `punycode` module is deprecated. Please use a userland alternative instead.
2026-07-24T13:02:47.2163915Z (Use `node --trace-deprecation ...` to show where the warning was created)
2026-07-24T13:02:47.3513360Z [command]/usr/bin/docker buildx history export --builder builder-9ebe4cda-e920-4dcd-861f-835874d095f3 --output /home/runner/work/_temp/docker-actions-toolkit-1S27J7/export/pkinerd~ednsv~TJN1DD.dockerbuild tjn1ddpjppw782sck5rsfzd0t --finalize
2026-07-24T13:02:47.5649505Z Build record written to /home/runner/work/_temp/docker-actions-toolkit-1S27J7/export/pkinerd~ednsv~TJN1DD.dockerbuild (59.69 KB)
2026-07-24T13:02:47.5666942Z Uploading pkinerd~ednsv~TJN1DD.dockerbuild to blob storage
2026-07-24T13:02:47.7911486Z Beginning upload of artifact content to blob storage
2026-07-24T13:02:47.7974168Z (node:3111) [DEP0169] DeprecationWarning: `url.parse()` behavior is not standardized and prone to errors that have security implications. Use the WHATWG URL API instead. CVEs are not issued for `url.parse()` vulnerabilities.
2026-07-24T13:02:47.7980850Z Uploaded bytes 61127
2026-07-24T13:02:47.9826703Z Finished uploading artifact content to blob storage!
2026-07-24T13:02:47.9830213Z SHA256 hash of uploaded artifact is d647b2afe263e604ba421cbe5f06dc6f587fd0ed373e1bdcf3a034fc7c5d0b14
2026-07-24T13:02:47.9831017Z Finalizing artifact upload
2026-07-24T13:02:48.2512807Z Artifact successfully finalized (8597337437)
2026-07-24T13:02:48.2513468Z Artifact download URL: https://github.com/pkinerd/ednsv/actions/runs/30095220948/artifacts/8597337437
2026-07-24T13:02:48.2534834Z Writing summary
2026-07-24T13:02:48.2545618Z ##[endgroup]
2026-07-24T13:02:48.2547940Z ##[group]Removing temp folder /home/runner/work/_temp/docker-actions-toolkit-VJ68sU
2026-07-24T13:02:48.2548364Z ##[endgroup]
2026-07-24T13:02:48.2548674Z ##[group]Post cache
2026-07-24T13:02:48.2549143Z State not set
2026-07-24T13:02:48.2549484Z ##[endgroup]
2026-07-24T13:02:48.2659221Z Node 20 is being deprecated. This workflow is running with Node 24 by default. If you need to temporarily use Node 20, you can set the ACTIONS_ALLOW_USE_UNSECURE_NODE_VERSION=true environment variable. For more information see: https://github.blog/changelog/2025-09-19-deprecation-of-node-20-on-github-actions-runners/
2026-07-24T13:02:48.2660149Z Post job cleanup.
2026-07-24T13:02:48.5113671Z ##[group]Logout from ghcr.io
2026-07-24T13:02:48.5128733Z (node:3257) [DEP0040] DeprecationWarning: The `punycode` module is deprecated. Please use a userland alternative instead.
2026-07-24T13:02:48.5129395Z (Use `node --trace-deprecation ...` to show where the warning was created)
2026-07-24T13:02:48.5145780Z [command]/usr/bin/docker logout ghcr.io
2026-07-24T13:02:48.5276477Z Removing login credentials for ghcr.io
2026-07-24T13:02:48.5293636Z ##[endgroup]
2026-07-24T13:02:48.5294320Z ##[group]Post cache
2026-07-24T13:02:48.5294918Z State not set
2026-07-24T13:02:48.5295497Z ##[endgroup]
2026-07-24T13:02:48.5426728Z Node 20 is being deprecated. This workflow is running with Node 24 by default. If you need to temporarily use Node 20, you can set the ACTIONS_ALLOW_USE_UNSECURE_NODE_VERSION=true environment variable. For more information see: https://github.blog/changelog/2025-09-19-deprecation-of-node-20-on-github-actions-runners/
2026-07-24T13:02:48.5427592Z Post job cleanup.
2026-07-24T13:02:48.7151059Z ##[group]Removing builder
2026-07-24T13:02:48.7155478Z (node:3277) [DEP0040] DeprecationWarning: The `punycode` module is deprecated. Please use a userland alternative instead.
2026-07-24T13:02:48.7156157Z (Use `node --trace-deprecation ...` to show where the warning was created)
2026-07-24T13:02:48.7984807Z [command]/usr/bin/docker buildx rm builder-9ebe4cda-e920-4dcd-861f-835874d095f3
2026-07-24T13:02:49.8196334Z builder-9ebe4cda-e920-4dcd-861f-835874d095f3 removed
2026-07-24T13:02:49.8206650Z ##[endgroup]
2026-07-24T13:02:49.8207061Z ##[group]Cleaning up certificates
2026-07-24T13:02:49.8208543Z ##[endgroup]
2026-07-24T13:02:49.8208954Z ##[group]Post cache
2026-07-24T13:02:49.8211016Z State not set
2026-07-24T13:02:49.8211348Z ##[endgroup]
2026-07-24T13:02:49.8334704Z Node 20 is being deprecated. This workflow is running with Node 24 by default. If you need to temporarily use Node 20, you can set the ACTIONS_ALLOW_USE_UNSECURE_NODE_VERSION=true environment variable. For more information see: https://github.blog/changelog/2025-09-19-deprecation-of-node-20-on-github-actions-runners/
2026-07-24T13:02:49.8335730Z Post job cleanup.
2026-07-24T13:02:49.9027949Z [command]/usr/bin/git version
2026-07-24T13:02:49.9064766Z git version 2.54.0
2026-07-24T13:02:49.9099135Z Temporarily overriding HOME='/home/runner/work/_temp/2a114777-6448-458f-93cc-2266cceb2dd4' before making global git config changes
2026-07-24T13:02:49.9099934Z Adding repository directory to the temporary git global config as a safe directory
2026-07-24T13:02:49.9104651Z [command]/usr/bin/git config --global --add safe.directory /home/runner/work/ednsv/ednsv
2026-07-24T13:02:49.9138460Z [command]/usr/bin/git config --local --name-only --get-regexp core\.sshCommand
2026-07-24T13:02:49.9166561Z [command]/usr/bin/git submodule foreach --recursive sh -c "git config --local --name-only --get-regexp 'core\.sshCommand' && git config --local --unset-all 'core.sshCommand' || :"
2026-07-24T13:02:49.9343903Z [command]/usr/bin/git config --local --name-only --get-regexp http\.https\:\/\/github\.com\/\.extraheader
2026-07-24T13:02:49.9359727Z http.https://github.com/.extraheader
2026-07-24T13:02:49.9367232Z [command]/usr/bin/git config --local --unset-all http.https://github.com/.extraheader
2026-07-24T13:02:49.9387616Z [command]/usr/bin/git submodule foreach --recursive sh -c "git config --local --name-only --get-regexp 'http\.https\:\/\/github\.com\/\.extraheader' && git config --local --unset-all 'http.https://github.com/.extraheader' || :"
2026-07-24T13:02:49.9579212Z [command]/usr/bin/git config --local --name-only --get-regexp ^includeIf\.gitdir:
2026-07-24T13:02:49.9603582Z [command]/usr/bin/git submodule foreach --recursive git config --local --show-origin --name-only --get-regexp remote.origin.url
2026-07-24T13:02:49.9857725Z Cleaning up orphan processes
2026-07-24T13:02:50.0084103Z ##[warning]Node.js 20 is deprecated. The following actions target Node.js 20 but are being forced to run on Node.js 24: actions/checkout@v4, docker/build-push-action@v6, docker/login-action@v3, docker/metadata-action@v5, docker/setup-buildx-action@v3. For more information see: https://github.blog/changelog/2025-09-19-deprecation-of-node-20-on-github-actions-runners/
