2026-07-26T08:17:21.0977486Z Current runner version: '2.336.0'
2026-07-26T08:17:21.0998594Z ##[group]Runner Image Provisioner
2026-07-26T08:17:21.0999349Z Hosted Compute Agent
2026-07-26T08:17:21.0999827Z Version: 20260707.563
2026-07-26T08:17:21.1000402Z Commit: 02667638d2b423fbc733a8e32a88b44996a3ba6e
2026-07-26T08:17:21.1001006Z Build Date: 2026-07-07T19:33:50Z
2026-07-26T08:17:21.1001561Z Worker ID: {c80ef5de-d714-49c6-b658-bb9f30b42710}
2026-07-26T08:17:21.1002180Z Azure Region: westus3
2026-07-26T08:17:21.1002645Z ##[endgroup]
2026-07-26T08:17:21.1004004Z ##[group]Operating System
2026-07-26T08:17:21.1004719Z Ubuntu
2026-07-26T08:17:21.1005169Z 24.04.4
2026-07-26T08:17:21.1005616Z LTS
2026-07-26T08:17:21.1006054Z ##[endgroup]
2026-07-26T08:17:21.1006535Z ##[group]Runner Image
2026-07-26T08:17:21.1007065Z Image: ubuntu-24.04
2026-07-26T08:17:21.1007598Z Version: 20260720.247.2
2026-07-26T08:17:21.1008664Z Included Software: https://github.com/actions/runner-images/blob/ubuntu24/20260720.247/images/ubuntu/Ubuntu2404-Readme.md
2026-07-26T08:17:21.1009832Z Image Release: https://github.com/actions/runner-images/releases/tag/ubuntu24%2F20260720.247
2026-07-26T08:17:21.1010683Z ##[endgroup]
2026-07-26T08:17:21.1011625Z ##[group]GITHUB_TOKEN Permissions
2026-07-26T08:17:21.1013160Z Contents: read
2026-07-26T08:17:21.1013654Z Metadata: read
2026-07-26T08:17:21.1014140Z Packages: write
2026-07-26T08:17:21.1014837Z ##[endgroup]
2026-07-26T08:17:21.1016527Z Secret source: Actions
2026-07-26T08:17:21.1017461Z Prepare workflow directory
2026-07-26T08:17:21.1429857Z Prepare all required actions
2026-07-26T08:17:21.1465424Z Getting action download info
2026-07-26T08:17:21.4649722Z Download action repository 'actions/checkout@v4' (SHA:11d5960a326750d5838078e36cf38b85af677262)
2026-07-26T08:17:22.0561622Z Download action repository 'docker/setup-buildx-action@v3' (SHA:8d2750c68a42422c14e847fe6c8ac0403b4cbd6f)
2026-07-26T08:17:22.9486665Z Download action repository 'docker/login-action@v3' (SHA:c94ce9fb468520275223c153574b00df6fe4bcc9)
2026-07-26T08:17:24.1912500Z Download action repository 'docker/metadata-action@v5' (SHA:c299e40c65443455700f0fdfc63efafe5b349051)
2026-07-26T08:17:25.7155935Z Download action repository 'docker/build-push-action@v6' (SHA:10e90e3645eae34f1e60eeb005ba3a3d33f178e8)
2026-07-26T08:17:26.7895206Z Complete job name: Build & Push Docker Image
2026-07-26T08:17:26.8464531Z Node 20 is being deprecated. This workflow is running with Node 24 by default. If you need to temporarily use Node 20, you can set the ACTIONS_ALLOW_USE_UNSECURE_NODE_VERSION=true environment variable. For more information see: https://github.blog/changelog/2025-09-19-deprecation-of-node-20-on-github-actions-runners/
2026-07-26T08:17:26.8471241Z ##[group]Run actions/checkout@v4
2026-07-26T08:17:26.8471817Z with:
2026-07-26T08:17:26.8472013Z   repository: pkinerd/ednsv
2026-07-26T08:17:26.8474012Z   token: ***
2026-07-26T08:17:26.8474193Z   ssh-strict: true
2026-07-26T08:17:26.8474371Z   ssh-user: git
2026-07-26T08:17:26.8474702Z   persist-credentials: true
2026-07-26T08:17:26.8474990Z   clean: true
2026-07-26T08:17:26.8475210Z   sparse-checkout-cone-mode: true
2026-07-26T08:17:26.8475494Z   fetch-depth: 1
2026-07-26T08:17:26.8475672Z   fetch-tags: false
2026-07-26T08:17:26.8475841Z   show-progress: true
2026-07-26T08:17:26.8476011Z   lfs: false
2026-07-26T08:17:26.8476207Z   submodules: false
2026-07-26T08:17:26.8476383Z   set-safe-directory: true
2026-07-26T08:17:26.8476583Z   allow-unsafe-pr-checkout: false
2026-07-26T08:17:26.8477005Z env:
2026-07-26T08:17:26.8477158Z   REGISTRY: ghcr.io
2026-07-26T08:17:26.8477333Z   IMAGE_NAME: pkinerd/ednsv
2026-07-26T08:17:26.8477511Z ##[endgroup]
2026-07-26T08:17:26.9392747Z Syncing repository: pkinerd/ednsv
2026-07-26T08:17:26.9394323Z ##[group]Getting Git version info
2026-07-26T08:17:26.9394845Z Working directory is '/home/runner/work/ednsv/ednsv'
2026-07-26T08:17:26.9395557Z [command]/usr/bin/git version
2026-07-26T08:17:26.9419661Z git version 2.54.0
2026-07-26T08:17:26.9436931Z ##[endgroup]
2026-07-26T08:17:26.9449181Z Temporarily overriding HOME='/home/runner/work/_temp/1c76caf5-8ec7-43f8-9c0a-f479c577e6d3' before making global git config changes
2026-07-26T08:17:26.9450470Z Adding repository directory to the temporary git global config as a safe directory
2026-07-26T08:17:26.9453830Z [command]/usr/bin/git config --global --add safe.directory /home/runner/work/ednsv/ednsv
2026-07-26T08:17:26.9489828Z Deleting the contents of '/home/runner/work/ednsv/ednsv'
2026-07-26T08:17:26.9493694Z ##[group]Initializing the repository
2026-07-26T08:17:26.9497430Z [command]/usr/bin/git init /home/runner/work/ednsv/ednsv
2026-07-26T08:17:26.9565818Z hint: Using 'master' as the name for the initial branch. This default branch name
2026-07-26T08:17:26.9575061Z hint: will change to "main" in Git 3.0. To configure the initial branch name
2026-07-26T08:17:26.9576208Z hint: to use in all of your new repositories, which will suppress this warning,
2026-07-26T08:17:26.9582162Z hint: call:
2026-07-26T08:17:26.9582417Z hint:
2026-07-26T08:17:26.9582827Z hint: 	git config --global init.defaultBranch <name>
2026-07-26T08:17:26.9583246Z hint:
2026-07-26T08:17:26.9583624Z hint: Names commonly chosen instead of 'master' are 'main', 'trunk' and
2026-07-26T08:17:26.9584256Z hint: 'development'. The just-created branch can be renamed via this command:
2026-07-26T08:17:26.9584894Z hint:
2026-07-26T08:17:26.9585152Z hint: 	git branch -m <name>
2026-07-26T08:17:26.9585441Z hint:
2026-07-26T08:17:26.9585851Z hint: Disable this message with "git config set advice.defaultBranchName false"
2026-07-26T08:17:26.9586533Z Initialized empty Git repository in /home/runner/work/ednsv/ednsv/.git/
2026-07-26T08:17:26.9587882Z [command]/usr/bin/git remote add origin https://github.com/pkinerd/ednsv
2026-07-26T08:17:26.9606292Z ##[endgroup]
2026-07-26T08:17:26.9606776Z ##[group]Disabling automatic garbage collection
2026-07-26T08:17:26.9610361Z [command]/usr/bin/git config --local gc.auto 0
2026-07-26T08:17:26.9638784Z ##[endgroup]
2026-07-26T08:17:26.9639283Z ##[group]Setting up auth
2026-07-26T08:17:26.9644535Z [command]/usr/bin/git config --local --name-only --get-regexp core\.sshCommand
2026-07-26T08:17:26.9676910Z [command]/usr/bin/git submodule foreach --recursive sh -c "git config --local --name-only --get-regexp 'core\.sshCommand' && git config --local --unset-all 'core.sshCommand' || :"
2026-07-26T08:17:26.9954834Z [command]/usr/bin/git config --local --name-only --get-regexp http\.https\:\/\/github\.com\/\.extraheader
2026-07-26T08:17:26.9985637Z [command]/usr/bin/git submodule foreach --recursive sh -c "git config --local --name-only --get-regexp 'http\.https\:\/\/github\.com\/\.extraheader' && git config --local --unset-all 'http.https://github.com/.extraheader' || :"
2026-07-26T08:17:27.0201382Z [command]/usr/bin/git config --local --name-only --get-regexp ^includeIf\.gitdir:
2026-07-26T08:17:27.0233583Z [command]/usr/bin/git submodule foreach --recursive git config --local --show-origin --name-only --get-regexp remote.origin.url
2026-07-26T08:17:27.0432020Z [command]/usr/bin/git config --local http.https://github.com/.extraheader AUTHORIZATION: basic ***
2026-07-26T08:17:27.0467643Z ##[endgroup]
2026-07-26T08:17:27.0468075Z ##[group]Fetching the repository
2026-07-26T08:17:27.0475285Z [command]/usr/bin/git -c protocol.version=2 fetch --no-tags --prune --no-recurse-submodules --depth=1 origin +b37beee0661aceb8d243a8052c75579dcd4119a3:refs/remotes/pull/28/merge
2026-07-26T08:17:27.8588272Z From https://github.com/pkinerd/ednsv
2026-07-26T08:17:27.8589367Z  * [new ref]         b37beee0661aceb8d243a8052c75579dcd4119a3 -> pull/28/merge
2026-07-26T08:17:27.8609798Z ##[endgroup]
2026-07-26T08:17:27.8610295Z ##[group]Determining the checkout info
2026-07-26T08:17:27.8612652Z ##[endgroup]
2026-07-26T08:17:27.8618351Z [command]/usr/bin/git sparse-checkout disable
2026-07-26T08:17:27.8667717Z [command]/usr/bin/git config --local --unset-all extensions.worktreeConfig
2026-07-26T08:17:27.8701278Z ##[group]Checking out the ref
2026-07-26T08:17:27.8706533Z [command]/usr/bin/git checkout --progress --force refs/remotes/pull/28/merge
2026-07-26T08:17:27.8822728Z Note: switching to 'refs/remotes/pull/28/merge'.
2026-07-26T08:17:27.8823457Z 
2026-07-26T08:17:27.8823837Z You are in 'detached HEAD' state. You can look around, make experimental
2026-07-26T08:17:27.8834776Z changes and commit them, and you can discard any commits you make in this
2026-07-26T08:17:27.8835594Z state without impacting any branches by switching back to a branch.
2026-07-26T08:17:27.8835973Z 
2026-07-26T08:17:27.8836218Z If you want to create a new branch to retain commits you create, you may
2026-07-26T08:17:27.8836802Z do so (now or later) by using -c with the switch command. Example:
2026-07-26T08:17:27.8837142Z 
2026-07-26T08:17:27.8837277Z   git switch -c <new-branch-name>
2026-07-26T08:17:27.8837508Z 
2026-07-26T08:17:27.8837638Z Or undo this operation with:
2026-07-26T08:17:27.8837857Z 
2026-07-26T08:17:27.8837967Z   git switch -
2026-07-26T08:17:27.8838146Z 
2026-07-26T08:17:27.8838432Z Turn off this advice by setting config variable advice.detachedHead to false
2026-07-26T08:17:27.8838852Z 
2026-07-26T08:17:27.8839304Z HEAD is now at b37beee Merge 787ac09533d755f4c7a694582c6b87ecf4c03df1 into 0907a58f50a6c98d23ae466ed31c3a0c15264622
2026-07-26T08:17:27.8840843Z ##[endgroup]
2026-07-26T08:17:27.8879094Z [command]/usr/bin/git log -1 --format=%H
2026-07-26T08:17:27.8905841Z b37beee0661aceb8d243a8052c75579dcd4119a3
2026-07-26T08:17:27.9115751Z ##[group]Run if [ "pull_request" != "pull_request" ]; then
2026-07-26T08:17:27.9116203Z [36;1mif [ "pull_request" != "pull_request" ]; then[0m
2026-07-26T08:17:27.9116490Z [36;1m  echo "push=true" >> "$GITHUB_OUTPUT"[0m
2026-07-26T08:17:27.9116767Z [36;1melif [ "pkinerd/ednsv" = "pkinerd/ednsv" ]; then[0m
2026-07-26T08:17:27.9117035Z [36;1m  echo "push=true" >> "$GITHUB_OUTPUT"[0m
2026-07-26T08:17:27.9117251Z [36;1melse[0m
2026-07-26T08:17:27.9117432Z [36;1m  echo "push=false" >> "$GITHUB_OUTPUT"[0m
2026-07-26T08:17:27.9117651Z [36;1mfi[0m
2026-07-26T08:17:27.9159733Z shell: /usr/bin/bash -e {0}
2026-07-26T08:17:27.9160001Z env:
2026-07-26T08:17:27.9160167Z   REGISTRY: ghcr.io
2026-07-26T08:17:27.9160347Z   IMAGE_NAME: pkinerd/ednsv
2026-07-26T08:17:27.9160539Z ##[endgroup]
2026-07-26T08:17:27.9326155Z Node 20 is being deprecated. This workflow is running with Node 24 by default. If you need to temporarily use Node 20, you can set the ACTIONS_ALLOW_USE_UNSECURE_NODE_VERSION=true environment variable. For more information see: https://github.blog/changelog/2025-09-19-deprecation-of-node-20-on-github-actions-runners/
2026-07-26T08:17:27.9327524Z ##[group]Run docker/setup-buildx-action@v3
2026-07-26T08:17:27.9327744Z with:
2026-07-26T08:17:27.9327913Z   driver: docker-container
2026-07-26T08:17:27.9328102Z   use: true
2026-07-26T08:17:27.9328259Z   keep-state: false
2026-07-26T08:17:27.9328430Z   cache-binary: true
2026-07-26T08:17:27.9328600Z   cleanup: true
2026-07-26T08:17:27.9328755Z   install: false
2026-07-26T08:17:27.9328910Z env:
2026-07-26T08:17:27.9329061Z   REGISTRY: ghcr.io
2026-07-26T08:17:27.9329249Z   IMAGE_NAME: pkinerd/ednsv
2026-07-26T08:17:27.9329436Z ##[endgroup]
2026-07-26T08:17:28.1307169Z (node:2044) [DEP0040] DeprecationWarning: The `punycode` module is deprecated. Please use a userland alternative instead.
2026-07-26T08:17:28.1307831Z (Use `node --trace-deprecation ...` to show where the warning was created)
2026-07-26T08:17:28.1348030Z ##[group]Docker info
2026-07-26T08:17:28.1367007Z [command]/usr/bin/docker version
2026-07-26T08:17:28.1780558Z Client: Docker Engine - Community
2026-07-26T08:17:28.1786080Z  Version:           28.0.4
2026-07-26T08:17:28.1786860Z  API version:       1.48
2026-07-26T08:17:28.1787385Z  Go version:        go1.23.7
2026-07-26T08:17:28.1787827Z  Git commit:        b8034c0
2026-07-26T08:17:28.1788276Z  Built:             Tue Mar 25 15:07:16 2025
2026-07-26T08:17:28.1788768Z  OS/Arch:           linux/amd64
2026-07-26T08:17:28.1789278Z  Context:           default
2026-07-26T08:17:28.1789612Z 
2026-07-26T08:17:28.1789880Z Server: Docker Engine - Community
2026-07-26T08:17:28.1790845Z  Engine:
2026-07-26T08:17:28.1791374Z   Version:          28.0.4
2026-07-26T08:17:28.1791878Z   API version:      1.48 (minimum version 1.24)
2026-07-26T08:17:28.1792569Z   Go version:       go1.23.7
2026-07-26T08:17:28.1793009Z   Git commit:       6430e49
2026-07-26T08:17:28.1793458Z   Built:            Tue Mar 25 15:07:16 2025
2026-07-26T08:17:28.1793973Z   OS/Arch:          linux/amd64
2026-07-26T08:17:28.1794481Z   Experimental:     false
2026-07-26T08:17:28.1795038Z  containerd:
2026-07-26T08:17:28.1795421Z   Version:          v2.2.6
2026-07-26T08:17:28.1795925Z   GitCommit:        11ce9d5f3c68c941867e82890e93e815c1304f1b
2026-07-26T08:17:28.1796451Z  runc:
2026-07-26T08:17:28.1796815Z   Version:          1.3.6
2026-07-26T08:17:28.1797255Z   GitCommit:        v1.3.6-0-g491b69ba
2026-07-26T08:17:28.1797746Z  docker-init:
2026-07-26T08:17:28.1798134Z   Version:          0.19.0
2026-07-26T08:17:28.1798553Z   GitCommit:        de40ad0
2026-07-26T08:17:28.1818999Z [command]/usr/bin/docker info
2026-07-26T08:17:29.5507328Z Client: Docker Engine - Community
2026-07-26T08:17:29.5510313Z  Version:    28.0.4
2026-07-26T08:17:29.5510923Z  Context:    default
2026-07-26T08:17:29.5511375Z  Debug Mode: false
2026-07-26T08:17:29.5511622Z  Plugins:
2026-07-26T08:17:29.5511860Z   buildx: Docker Buildx (Docker Inc.)
2026-07-26T08:17:29.5512175Z     Version:  v0.35.0
2026-07-26T08:17:29.5512523Z     Path:     /usr/libexec/docker/cli-plugins/docker-buildx
2026-07-26T08:17:29.5513017Z   compose: Docker Compose (Docker Inc.)
2026-07-26T08:17:29.5513326Z     Version:  v2.38.2
2026-07-26T08:17:29.5513634Z     Path:     /usr/libexec/docker/cli-plugins/docker-compose
2026-07-26T08:17:29.5513918Z 
2026-07-26T08:17:29.5514015Z Server:
2026-07-26T08:17:29.5514227Z  Containers: 0
2026-07-26T08:17:29.5514490Z   Running: 0
2026-07-26T08:17:29.5514873Z   Paused: 0
2026-07-26T08:17:29.5515081Z   Stopped: 0
2026-07-26T08:17:29.5515306Z  Images: 6
2026-07-26T08:17:29.5515550Z  Server Version: 28.0.4
2026-07-26T08:17:29.5515851Z  Storage Driver: overlay2
2026-07-26T08:17:29.5516116Z   Backing Filesystem: extfs
2026-07-26T08:17:29.5516377Z   Supports d_type: true
2026-07-26T08:17:29.5517126Z   Using metacopy: false
2026-07-26T08:17:29.5517375Z   Native Overlay Diff: false
2026-07-26T08:17:29.5517632Z   userxattr: false
2026-07-26T08:17:29.5517911Z  Logging Driver: json-file
2026-07-26T08:17:29.5518184Z  Cgroup Driver: systemd
2026-07-26T08:17:29.5518441Z  Cgroup Version: 2
2026-07-26T08:17:29.5518684Z  Plugins:
2026-07-26T08:17:29.5519000Z   Volume: local
2026-07-26T08:17:29.5519334Z   Network: bridge host ipvlan macvlan null overlay
2026-07-26T08:17:29.5519881Z   Log: awslogs fluentd gcplogs gelf journald json-file local splunk syslog
2026-07-26T08:17:29.5520347Z  Swarm: inactive
2026-07-26T08:17:29.5520629Z  Runtimes: io.containerd.runc.v2 runc
2026-07-26T08:17:29.5520973Z  Default Runtime: runc
2026-07-26T08:17:29.5521256Z  Init Binary: docker-init
2026-07-26T08:17:29.5521626Z  containerd version: 11ce9d5f3c68c941867e82890e93e815c1304f1b
2026-07-26T08:17:29.5522045Z  runc version: v1.3.6-0-g491b69ba
2026-07-26T08:17:29.5522349Z  init version: de40ad0
2026-07-26T08:17:29.5522601Z  Security Options:
2026-07-26T08:17:29.5522855Z   apparmor
2026-07-26T08:17:29.5523073Z   seccomp
2026-07-26T08:17:29.5523315Z    Profile: builtin
2026-07-26T08:17:29.5523581Z   cgroupns
2026-07-26T08:17:29.5523816Z  Kernel Version: 6.17.0-1020-azure
2026-07-26T08:17:29.5524130Z  Operating System: Ubuntu 24.04.4 LTS
2026-07-26T08:17:29.5524449Z  OSType: linux
2026-07-26T08:17:29.5524859Z  Architecture: x86_64
2026-07-26T08:17:29.5525104Z  CPUs: 4
2026-07-26T08:17:29.5525336Z  Total Memory: 15.61GiB
2026-07-26T08:17:29.5525604Z  Name: runnervmvrwv9
2026-07-26T08:17:29.5525896Z  ID: dce1e4a9-fc26-4218-aaf0-feee5194c8cb
2026-07-26T08:17:29.5526267Z  Docker Root Dir: /var/lib/docker
2026-07-26T08:17:29.5526578Z  Debug Mode: false
2026-07-26T08:17:29.5526844Z  Username: githubactions
2026-07-26T08:17:29.5527136Z  Experimental: false
2026-07-26T08:17:29.5527649Z  Insecure Registries:
2026-07-26T08:17:29.5531541Z   ::1/128
2026-07-26T08:17:29.5531813Z   127.0.0.0/8
2026-07-26T08:17:29.5532088Z  Live Restore Enabled: false
2026-07-26T08:17:29.5532313Z 
2026-07-26T08:17:29.5532888Z ##[endgroup]
2026-07-26T08:17:29.5978680Z ##[group]Buildx version
2026-07-26T08:17:29.5998729Z [command]/usr/bin/docker buildx version
2026-07-26T08:17:29.6393283Z github.com/docker/buildx v0.35.0 a319e5b15052cf6557ceb666eb8ff6e32380b782
2026-07-26T08:17:29.6419933Z ##[endgroup]
2026-07-26T08:17:29.6580377Z ##[group]Inspecting default docker context
2026-07-26T08:17:29.6725964Z [
2026-07-26T08:17:29.6726257Z   {
2026-07-26T08:17:29.6726489Z     "Name": "default",
2026-07-26T08:17:29.6726824Z     "Metadata": {},
2026-07-26T08:17:29.6727107Z     "Endpoints": {
2026-07-26T08:17:29.6727378Z       "docker": {
2026-07-26T08:17:29.6727669Z         "Host": "unix:///var/run/docker.sock",
2026-07-26T08:17:29.6728075Z         "SkipTLSVerify": false
2026-07-26T08:17:29.6728412Z       }
2026-07-26T08:17:29.6728631Z     },
2026-07-26T08:17:29.6728866Z     "TLSMaterial": {},
2026-07-26T08:17:29.6729163Z     "Storage": {
2026-07-26T08:17:29.6729456Z       "MetadataPath": "<IN MEMORY>",
2026-07-26T08:17:29.6729782Z       "TLSPath": "<IN MEMORY>"
2026-07-26T08:17:29.6730085Z     }
2026-07-26T08:17:29.6730293Z   }
2026-07-26T08:17:29.6730504Z ]
2026-07-26T08:17:29.6731578Z ##[endgroup]
2026-07-26T08:17:29.6732163Z ##[group]Creating a new builder instance
2026-07-26T08:17:29.7790836Z [command]/usr/bin/docker buildx create --name builder-4c1813f3-a510-4c23-aa65-7d1f8c2e1e13 --driver docker-container --buildkitd-flags --allow-insecure-entitlement security.insecure --allow-insecure-entitlement network.host --use
2026-07-26T08:17:29.8236300Z builder-4c1813f3-a510-4c23-aa65-7d1f8c2e1e13
2026-07-26T08:17:29.8265456Z ##[endgroup]
2026-07-26T08:17:29.8265811Z ##[group]Booting builder
2026-07-26T08:17:29.8293960Z [command]/usr/bin/docker buildx inspect --bootstrap --builder builder-4c1813f3-a510-4c23-aa65-7d1f8c2e1e13
2026-07-26T08:17:29.8718498Z #1 [internal] booting buildkit
2026-07-26T08:17:30.0224170Z #1 pulling image moby/buildkit:buildx-stable-1
2026-07-26T08:17:39.5323376Z #1 pulling image moby/buildkit:buildx-stable-1 9.7s done
2026-07-26T08:17:39.6826027Z #1 creating container buildx_buildkit_builder-4c1813f3-a510-4c23-aa65-7d1f8c2e1e130
2026-07-26T08:17:39.8957129Z #1 creating container buildx_buildkit_builder-4c1813f3-a510-4c23-aa65-7d1f8c2e1e130 0.4s done
2026-07-26T08:17:39.8982771Z #1 DONE 10.0s
2026-07-26T08:17:39.9256698Z Name:          builder-4c1813f3-a510-4c23-aa65-7d1f8c2e1e13
2026-07-26T08:17:39.9257685Z Driver:        docker-container
2026-07-26T08:17:39.9258188Z Last Activity: 2026-07-26 08:17:29 +0000 UTC
2026-07-26T08:17:39.9258501Z 
2026-07-26T08:17:39.9258696Z Nodes:
2026-07-26T08:17:39.9259098Z Name:                  builder-4c1813f3-a510-4c23-aa65-7d1f8c2e1e130
2026-07-26T08:17:39.9259531Z Endpoint:              unix:///var/run/docker.sock
2026-07-26T08:17:39.9259944Z Status:                running
2026-07-26T08:17:39.9260602Z BuildKit daemon flags: --allow-insecure-entitlement security.insecure --allow-insecure-entitlement network.host
2026-07-26T08:17:39.9261306Z BuildKit version:      v0.31.2
2026-07-26T08:17:39.9261740Z Platforms:             linux/amd64, linux/amd64/v2, linux/amd64/v3, linux/amd64/v4, linux/386
2026-07-26T08:17:39.9262283Z Labels:
2026-07-26T08:17:39.9262617Z  org.mobyproject.buildkit.worker.executor:         oci
2026-07-26T08:17:39.9263072Z  org.mobyproject.buildkit.worker.hostname:         530903b1a77b
2026-07-26T08:17:39.9263528Z  org.mobyproject.buildkit.worker.network:          host
2026-07-26T08:17:39.9264002Z  org.mobyproject.buildkit.worker.oci.process-mode: sandbox
2026-07-26T08:17:39.9264458Z  org.mobyproject.buildkit.worker.selinux.enabled:  false
2026-07-26T08:17:39.9265247Z  org.mobyproject.buildkit.worker.snapshotter:      overlayfs
2026-07-26T08:17:39.9265674Z GC Policy rule#0:
2026-07-26T08:17:39.9265918Z  All:            false
2026-07-26T08:17:39.9266573Z  Filters:        type==source.local type==exec.cachemount type==source.git.checkout
2026-07-26T08:17:39.9266881Z  Keep Duration:  48h0m0s
2026-07-26T08:17:39.9267072Z  Max Used Space: 488.3MiB
2026-07-26T08:17:39.9267250Z GC Policy rule#1:
2026-07-26T08:17:39.9267411Z  All:            false
2026-07-26T08:17:39.9267582Z  Keep Duration:  1440h0m0s
2026-07-26T08:17:39.9267763Z  Reserved Space: 9.313GiB
2026-07-26T08:17:39.9267969Z  Max Used Space: 93.13GiB
2026-07-26T08:17:39.9268142Z  Min Free Space: 27.01GiB
2026-07-26T08:17:39.9268313Z GC Policy rule#2:
2026-07-26T08:17:39.9268469Z  All:            false
2026-07-26T08:17:39.9268635Z  Reserved Space: 9.313GiB
2026-07-26T08:17:39.9268810Z  Max Used Space: 93.13GiB
2026-07-26T08:17:39.9268980Z  Min Free Space: 27.01GiB
2026-07-26T08:17:39.9269145Z GC Policy rule#3:
2026-07-26T08:17:39.9269303Z  All:            true
2026-07-26T08:17:39.9269464Z  Reserved Space: 9.313GiB
2026-07-26T08:17:39.9269635Z  Max Used Space: 93.13GiB
2026-07-26T08:17:39.9269805Z  Min Free Space: 27.01GiB
2026-07-26T08:17:39.9295871Z ##[endgroup]
2026-07-26T08:17:40.0026806Z ##[group]Inspect builder
2026-07-26T08:17:40.0028424Z {
2026-07-26T08:17:40.0028701Z   "nodes": [
2026-07-26T08:17:40.0028938Z     {
2026-07-26T08:17:40.0029248Z       "name": "builder-4c1813f3-a510-4c23-aa65-7d1f8c2e1e130",
2026-07-26T08:17:40.0030028Z       "endpoint": "unix:///var/run/docker.sock",
2026-07-26T08:17:40.0030384Z       "status": "running",
2026-07-26T08:17:40.0031026Z       "buildkitd-flags": "--allow-insecure-entitlement security.insecure --allow-insecure-entitlement network.host",
2026-07-26T08:17:40.0031684Z       "buildkit": "v0.31.2",
2026-07-26T08:17:40.0032138Z       "platforms": "linux/amd64,linux/amd64/v2,linux/amd64/v3,linux/amd64/v4,linux/386",
2026-07-26T08:17:40.0032629Z       "features": {
2026-07-26T08:17:40.0033009Z         "Automatically load images to the Docker Engine image store": true,
2026-07-26T08:17:40.0033460Z         "Cache export": true,
2026-07-26T08:17:40.0033772Z         "Direct push": true,
2026-07-26T08:17:40.0034057Z         "Docker exporter": true,
2026-07-26T08:17:40.0034367Z         "Multi-platform build": true,
2026-07-26T08:17:40.0035790Z         "OCI exporter": true
2026-07-26T08:17:40.0036840Z       },
2026-07-26T08:17:40.0037059Z       "labels": {
2026-07-26T08:17:40.0037393Z         "org.mobyproject.buildkit.worker.executor": "oci",
2026-07-26T08:17:40.0037952Z         "org.mobyproject.buildkit.worker.hostname": "530903b1a77b",
2026-07-26T08:17:40.0038483Z         "org.mobyproject.buildkit.worker.network": "host",
2026-07-26T08:17:40.0038933Z         "org.mobyproject.buildkit.worker.oci.process-mode": "sandbox",
2026-07-26T08:17:40.0039475Z         "org.mobyproject.buildkit.worker.selinux.enabled": "false",
2026-07-26T08:17:40.0039970Z         "org.mobyproject.buildkit.worker.snapshotter": "overlayfs"
2026-07-26T08:17:40.0040443Z       },
2026-07-26T08:17:40.0040651Z       "gcPolicy": [
2026-07-26T08:17:40.0040870Z         {
2026-07-26T08:17:40.0041247Z           "all": false,
2026-07-26T08:17:40.0041486Z           "filter": [
2026-07-26T08:17:40.0042080Z             "type==source.local type==exec.cachemount type==source.git.checkout"
2026-07-26T08:17:40.0042784Z           ],
2026-07-26T08:17:40.0043141Z           "keepDuration": "48h0m0s",
2026-07-26T08:17:40.0043525Z           "maxUsedSpace": "488.3MiB"
2026-07-26T08:17:40.0043938Z         },
2026-07-26T08:17:40.0044171Z         {
2026-07-26T08:17:40.0044367Z           "all": false,
2026-07-26T08:17:40.0044765Z           "keepDuration": "1440h0m0s",
2026-07-26T08:17:40.0045125Z           "reservedSpace": "9.313GiB",
2026-07-26T08:17:40.0045556Z           "maxUsedSpace": "93.13GiB",
2026-07-26T08:17:40.0045927Z           "minFreeSpace": "27.01GiB"
2026-07-26T08:17:40.0046212Z         },
2026-07-26T08:17:40.0046441Z         {
2026-07-26T08:17:40.0046656Z           "all": false,
2026-07-26T08:17:40.0046953Z           "reservedSpace": "9.313GiB",
2026-07-26T08:17:40.0047308Z           "maxUsedSpace": "93.13GiB",
2026-07-26T08:17:40.0047923Z           "minFreeSpace": "27.01GiB"
2026-07-26T08:17:40.0048185Z         },
2026-07-26T08:17:40.0048340Z         {
2026-07-26T08:17:40.0048486Z           "all": true,
2026-07-26T08:17:40.0048683Z           "reservedSpace": "9.313GiB",
2026-07-26T08:17:40.0048894Z           "maxUsedSpace": "93.13GiB",
2026-07-26T08:17:40.0049108Z           "minFreeSpace": "27.01GiB"
2026-07-26T08:17:40.0049307Z         }
2026-07-26T08:17:40.0049444Z       ]
2026-07-26T08:17:40.0049587Z     }
2026-07-26T08:17:40.0049718Z   ],
2026-07-26T08:17:40.0049908Z   "name": "builder-4c1813f3-a510-4c23-aa65-7d1f8c2e1e13",
2026-07-26T08:17:40.0050163Z   "driver": "docker-container",
2026-07-26T08:17:40.0050393Z   "lastActivity": "2026-07-26T08:17:29.000Z"
2026-07-26T08:17:40.0050601Z }
2026-07-26T08:17:40.0051007Z ##[endgroup]
2026-07-26T08:17:40.0051318Z ##[group]BuildKit version
2026-07-26T08:17:40.0051556Z builder-4c1813f3-a510-4c23-aa65-7d1f8c2e1e130: v0.31.2
2026-07-26T08:17:40.0052023Z ##[endgroup]
2026-07-26T08:17:40.0213538Z Node 20 is being deprecated. This workflow is running with Node 24 by default. If you need to temporarily use Node 20, you can set the ACTIONS_ALLOW_USE_UNSECURE_NODE_VERSION=true environment variable. For more information see: https://github.blog/changelog/2025-09-19-deprecation-of-node-20-on-github-actions-runners/
2026-07-26T08:17:40.0214501Z ##[group]Run docker/login-action@v3
2026-07-26T08:17:40.0214947Z with:
2026-07-26T08:17:40.0215107Z   registry: ghcr.io
2026-07-26T08:17:40.0215284Z   username: pkinerd
2026-07-26T08:17:40.0217239Z   password: ***
2026-07-26T08:17:40.0217417Z   logout: true
2026-07-26T08:17:40.0217576Z env:
2026-07-26T08:17:40.0217724Z   REGISTRY: ghcr.io
2026-07-26T08:17:40.0217902Z   IMAGE_NAME: pkinerd/ednsv
2026-07-26T08:17:40.0218095Z ##[endgroup]
2026-07-26T08:17:40.2748065Z Logging into ghcr.io...
2026-07-26T08:17:40.2768943Z (node:2558) [DEP0040] DeprecationWarning: The `punycode` module is deprecated. Please use a userland alternative instead.
2026-07-26T08:17:40.2770065Z (Use `node --trace-deprecation ...` to show where the warning was created)
2026-07-26T08:17:40.8843551Z Login Succeeded!
2026-07-26T08:17:40.8981517Z Node 20 is being deprecated. This workflow is running with Node 24 by default. If you need to temporarily use Node 20, you can set the ACTIONS_ALLOW_USE_UNSECURE_NODE_VERSION=true environment variable. For more information see: https://github.blog/changelog/2025-09-19-deprecation-of-node-20-on-github-actions-runners/
2026-07-26T08:17:40.8982738Z ##[group]Run docker/metadata-action@v5
2026-07-26T08:17:40.8982950Z with:
2026-07-26T08:17:40.8983120Z   images: ghcr.io/pkinerd/ednsv
2026-07-26T08:17:40.8983666Z   tags: type=ref,event=branch,prefix=branch-
type=ref,event=pr,prefix=pr-
type=sha,format=short,prefix=sha-
type=raw,value=latest,enable={{is_default_branch}}
type=raw,value=latest-any

2026-07-26T08:17:40.8984203Z   context: workflow
2026-07-26T08:17:40.8986383Z   github-token: ***
2026-07-26T08:17:40.8986559Z env:
2026-07-26T08:17:40.8986725Z   REGISTRY: ghcr.io
2026-07-26T08:17:40.8986903Z   IMAGE_NAME: pkinerd/ednsv
2026-07-26T08:17:40.8987090Z ##[endgroup]
2026-07-26T08:17:41.2076932Z (node:2581) [DEP0040] DeprecationWarning: The `punycode` module is deprecated. Please use a userland alternative instead.
2026-07-26T08:17:41.2077504Z (Use `node --trace-deprecation ...` to show where the warning was created)
2026-07-26T08:17:42.5021053Z ##[group]Context info
2026-07-26T08:17:42.5021372Z eventName: pull_request
2026-07-26T08:17:42.5021640Z sha: b37beee0661aceb8d243a8052c75579dcd4119a3
2026-07-26T08:17:42.5021891Z ref: refs/pull/28/merge
2026-07-26T08:17:42.5022069Z workflow: CI
2026-07-26T08:17:42.5022300Z action: meta
2026-07-26T08:17:42.5022458Z actor: pkinerd
2026-07-26T08:17:42.5022629Z runNumber: 215
2026-07-26T08:17:42.5022789Z runId: 30194326662
2026-07-26T08:17:42.5023030Z commitDate: Sun Jul 26 2026 08:16:30 GMT+0000 (Coordinated Universal Time)
2026-07-26T08:17:42.5023570Z ##[endgroup]
2026-07-26T08:17:42.5029281Z ##[group]Processing images input
2026-07-26T08:17:42.5030101Z name=ghcr.io/pkinerd/ednsv,enable=true
2026-07-26T08:17:42.5030663Z ##[endgroup]
2026-07-26T08:17:42.5044410Z ##[group]Processing tags input
2026-07-26T08:17:42.5045250Z type=ref,event=branch,prefix=branch-,enable=true,priority=600
2026-07-26T08:17:42.5045986Z type=ref,event=pr,prefix=pr-,enable=true,priority=600
2026-07-26T08:17:42.5046534Z type=raw,value=latest,enable={{is_default_branch}},priority=200
2026-07-26T08:17:42.5047042Z type=raw,value=latest-any,enable=true,priority=200
2026-07-26T08:17:42.5047498Z type=sha,format=short,prefix=sha-,enable=true,priority=100
2026-07-26T08:17:42.5048125Z ##[endgroup]
2026-07-26T08:17:42.5048557Z ##[group]Processing flavor input
2026-07-26T08:17:42.5048775Z latest=auto
2026-07-26T08:17:42.5048924Z prefix=
2026-07-26T08:17:42.5049076Z prefixLatest=false
2026-07-26T08:17:42.5049238Z suffix=
2026-07-26T08:17:42.5049387Z suffixLatest=false
2026-07-26T08:17:42.5049711Z ##[endgroup]
2026-07-26T08:17:42.5106104Z ##[group]Docker image version
2026-07-26T08:17:42.5106458Z pr-28
2026-07-26T08:17:42.5106879Z ##[endgroup]
2026-07-26T08:17:42.5108870Z ##[group]Docker tags
2026-07-26T08:17:42.5109181Z ghcr.io/pkinerd/ednsv:pr-28
2026-07-26T08:17:42.5109566Z ghcr.io/pkinerd/ednsv:latest-any
2026-07-26T08:17:42.5109889Z ghcr.io/pkinerd/ednsv:sha-b37beee
2026-07-26T08:17:42.5110387Z ##[endgroup]
2026-07-26T08:17:42.5168113Z ##[group]Docker labels
2026-07-26T08:17:42.5168475Z org.opencontainers.image.created=2026-07-26T08:17:42.504Z
2026-07-26T08:17:42.5168802Z org.opencontainers.image.description=
2026-07-26T08:17:42.5169037Z org.opencontainers.image.licenses=
2026-07-26T08:17:42.5169361Z org.opencontainers.image.revision=b37beee0661aceb8d243a8052c75579dcd4119a3
2026-07-26T08:17:42.5169756Z org.opencontainers.image.source=https://github.com/pkinerd/ednsv
2026-07-26T08:17:42.5170221Z org.opencontainers.image.title=ednsv
2026-07-26T08:17:42.5170602Z org.opencontainers.image.url=https://github.com/pkinerd/ednsv
2026-07-26T08:17:42.5170940Z org.opencontainers.image.version=pr-28
2026-07-26T08:17:42.5171308Z ##[endgroup]
2026-07-26T08:17:42.5172152Z ##[group]Annotations
2026-07-26T08:17:42.5172802Z manifest:org.opencontainers.image.created=2026-07-26T08:17:42.504Z
2026-07-26T08:17:42.5173127Z manifest:org.opencontainers.image.description=
2026-07-26T08:17:42.5173500Z manifest:org.opencontainers.image.licenses=
2026-07-26T08:17:42.5174076Z manifest:org.opencontainers.image.revision=b37beee0661aceb8d243a8052c75579dcd4119a3
2026-07-26T08:17:42.5174884Z manifest:org.opencontainers.image.source=https://github.com/pkinerd/ednsv
2026-07-26T08:17:42.5175250Z manifest:org.opencontainers.image.title=ednsv
2026-07-26T08:17:42.5175580Z manifest:org.opencontainers.image.url=https://github.com/pkinerd/ednsv
2026-07-26T08:17:42.5175948Z manifest:org.opencontainers.image.version=pr-28
2026-07-26T08:17:42.5176337Z ##[endgroup]
2026-07-26T08:17:42.5178017Z ##[group]JSON output
2026-07-26T08:17:42.5178297Z {
2026-07-26T08:17:42.5178518Z   "tags": [
2026-07-26T08:17:42.5178776Z     "ghcr.io/pkinerd/ednsv:pr-28",
2026-07-26T08:17:42.5179123Z     "ghcr.io/pkinerd/ednsv:latest-any",
2026-07-26T08:17:42.5179477Z     "ghcr.io/pkinerd/ednsv:sha-b37beee"
2026-07-26T08:17:42.5179680Z   ],
2026-07-26T08:17:42.5179827Z   "tag-names": [
2026-07-26T08:17:42.5179985Z     "pr-28",
2026-07-26T08:17:42.5180140Z     "latest-any",
2026-07-26T08:17:42.5180297Z     "sha-b37beee"
2026-07-26T08:17:42.5180443Z   ],
2026-07-26T08:17:42.5180583Z   "labels": {
2026-07-26T08:17:42.5180808Z     "org.opencontainers.image.created": "2026-07-26T08:17:42.504Z",
2026-07-26T08:17:42.5181133Z     "org.opencontainers.image.description": "",
2026-07-26T08:17:42.5181385Z     "org.opencontainers.image.licenses": "",
2026-07-26T08:17:42.5181717Z     "org.opencontainers.image.revision": "b37beee0661aceb8d243a8052c75579dcd4119a3",
2026-07-26T08:17:42.5182243Z     "org.opencontainers.image.source": "https://github.com/pkinerd/ednsv",
2026-07-26T08:17:42.5182629Z     "org.opencontainers.image.title": "ednsv",
2026-07-26T08:17:42.5183164Z     "org.opencontainers.image.url": "https://github.com/pkinerd/ednsv",
2026-07-26T08:17:42.5183624Z     "org.opencontainers.image.version": "pr-28"
2026-07-26T08:17:42.5183873Z   },
2026-07-26T08:17:42.5184029Z   "annotations": [
2026-07-26T08:17:42.5184286Z     "manifest:org.opencontainers.image.created=2026-07-26T08:17:42.504Z",
2026-07-26T08:17:42.5184775Z     "manifest:org.opencontainers.image.description=",
2026-07-26T08:17:42.5185050Z     "manifest:org.opencontainers.image.licenses=",
2026-07-26T08:17:42.5185582Z     "manifest:org.opencontainers.image.revision=b37beee0661aceb8d243a8052c75579dcd4119a3",
2026-07-26T08:17:42.5186146Z     "manifest:org.opencontainers.image.source=https://github.com/pkinerd/ednsv",
2026-07-26T08:17:42.5186595Z     "manifest:org.opencontainers.image.title=ednsv",
2026-07-26T08:17:42.5186958Z     "manifest:org.opencontainers.image.url=https://github.com/pkinerd/ednsv",
2026-07-26T08:17:42.5187309Z     "manifest:org.opencontainers.image.version=pr-28"
2026-07-26T08:17:42.5187542Z   ]
2026-07-26T08:17:42.5187686Z }
2026-07-26T08:17:42.5188146Z ##[endgroup]
2026-07-26T08:17:42.5188633Z ##[group]Bake file definition (tags)
2026-07-26T08:17:42.5188941Z {
2026-07-26T08:17:42.5189097Z   "target": {
2026-07-26T08:17:42.5189349Z     "docker-metadata-action": {
2026-07-26T08:17:42.5189540Z       "tags": [
2026-07-26T08:17:42.5189710Z         "ghcr.io/pkinerd/ednsv:pr-28",
2026-07-26T08:17:42.5190009Z         "ghcr.io/pkinerd/ednsv:latest-any",
2026-07-26T08:17:42.5190411Z         "ghcr.io/pkinerd/ednsv:sha-b37beee"
2026-07-26T08:17:42.5190748Z       ],
2026-07-26T08:17:42.5190913Z       "args": {
2026-07-26T08:17:42.5191099Z         "DOCKER_META_IMAGES": "ghcr.io/pkinerd/ednsv",
2026-07-26T08:17:42.5191334Z         "DOCKER_META_VERSION": "pr-28"
2026-07-26T08:17:42.5191522Z       }
2026-07-26T08:17:42.5191659Z     }
2026-07-26T08:17:42.5191814Z   }
2026-07-26T08:17:42.5191950Z }
2026-07-26T08:17:42.5192215Z ##[endgroup]
2026-07-26T08:17:42.5192476Z ##[group]Bake file definition (labels)
2026-07-26T08:17:42.5192676Z {
2026-07-26T08:17:42.5192810Z   "target": {
2026-07-26T08:17:42.5193147Z     "docker-metadata-action": {
2026-07-26T08:17:42.5193334Z       "labels": {
2026-07-26T08:17:42.5193562Z         "org.opencontainers.image.created": "2026-07-26T08:17:42.504Z",
2026-07-26T08:17:42.5194074Z         "org.opencontainers.image.description": "",
2026-07-26T08:17:42.5194480Z         "org.opencontainers.image.licenses": "",
2026-07-26T08:17:42.5195142Z         "org.opencontainers.image.revision": "b37beee0661aceb8d243a8052c75579dcd4119a3",
2026-07-26T08:17:42.5195824Z         "org.opencontainers.image.source": "https://github.com/pkinerd/ednsv",
2026-07-26T08:17:42.5196346Z         "org.opencontainers.image.title": "ednsv",
2026-07-26T08:17:42.5196845Z         "org.opencontainers.image.url": "https://github.com/pkinerd/ednsv",
2026-07-26T08:17:42.5197363Z         "org.opencontainers.image.version": "pr-28"
2026-07-26T08:17:42.5197685Z       }
2026-07-26T08:17:42.5197880Z     }
2026-07-26T08:17:42.5198075Z   }
2026-07-26T08:17:42.5198265Z }
2026-07-26T08:17:42.5198666Z ##[endgroup]
2026-07-26T08:17:42.5199141Z ##[group]Bake file definition (annotations)
2026-07-26T08:17:42.5199475Z {
2026-07-26T08:17:42.5199670Z   "target": {
2026-07-26T08:17:42.5199921Z     "docker-metadata-action": {
2026-07-26T08:17:42.5200399Z       "annotations": [
2026-07-26T08:17:42.5200796Z         "manifest:org.opencontainers.image.created=2026-07-26T08:17:42.504Z",
2026-07-26T08:17:42.5201298Z         "manifest:org.opencontainers.image.description=",
2026-07-26T08:17:42.5201750Z         "manifest:org.opencontainers.image.licenses=",
2026-07-26T08:17:42.5202359Z         "manifest:org.opencontainers.image.revision=b37beee0661aceb8d243a8052c75579dcd4119a3",
2026-07-26T08:17:42.5203085Z         "manifest:org.opencontainers.image.source=https://github.com/pkinerd/ednsv",
2026-07-26T08:17:42.5203651Z         "manifest:org.opencontainers.image.title=ednsv",
2026-07-26T08:17:42.5204210Z         "manifest:org.opencontainers.image.url=https://github.com/pkinerd/ednsv",
2026-07-26T08:17:42.5205199Z         "manifest:org.opencontainers.image.version=pr-28"
2026-07-26T08:17:42.5205578Z       ]
2026-07-26T08:17:42.5205790Z     }
2026-07-26T08:17:42.5205994Z   }
2026-07-26T08:17:42.5206199Z }
2026-07-26T08:17:42.5206598Z ##[endgroup]
2026-07-26T08:17:42.5377492Z Node 20 is being deprecated. This workflow is running with Node 24 by default. If you need to temporarily use Node 20, you can set the ACTIONS_ALLOW_USE_UNSECURE_NODE_VERSION=true environment variable. For more information see: https://github.blog/changelog/2025-09-19-deprecation-of-node-20-on-github-actions-runners/
2026-07-26T08:17:42.5378471Z ##[group]Run docker/build-push-action@v6
2026-07-26T08:17:42.5378692Z with:
2026-07-26T08:17:42.5378844Z   context: .
2026-07-26T08:17:42.5378997Z   file: ./Dockerfile
2026-07-26T08:17:42.5379165Z   push: true
2026-07-26T08:17:42.5379482Z   tags: ghcr.io/pkinerd/ednsv:pr-28
ghcr.io/pkinerd/ednsv:latest-any
ghcr.io/pkinerd/ednsv:sha-b37beee
2026-07-26T08:17:42.5380927Z   labels: org.opencontainers.image.created=2026-07-26T08:17:42.504Z
org.opencontainers.image.description=
org.opencontainers.image.licenses=
org.opencontainers.image.revision=b37beee0661aceb8d243a8052c75579dcd4119a3
org.opencontainers.image.source=https://github.com/pkinerd/ednsv
org.opencontainers.image.title=ednsv
org.opencontainers.image.url=https://github.com/pkinerd/ednsv
org.opencontainers.image.version=pr-28
2026-07-26T08:17:42.5382137Z   cache-from: type=gha
2026-07-26T08:17:42.5382325Z   cache-to: type=gha,mode=max
2026-07-26T08:17:42.5382517Z   load: false
2026-07-26T08:17:42.5382679Z   no-cache: false
2026-07-26T08:17:42.5382842Z   pull: false
2026-07-26T08:17:42.5384862Z   github-token: ***
2026-07-26T08:17:42.5385044Z env:
2026-07-26T08:17:42.5385196Z   REGISTRY: ghcr.io
2026-07-26T08:17:42.5385371Z   IMAGE_NAME: pkinerd/ednsv
2026-07-26T08:17:42.5385577Z   DOCKER_METADATA_OUTPUT_VERSION: pr-28
2026-07-26T08:17:42.5386013Z   DOCKER_METADATA_OUTPUT_TAGS: ghcr.io/pkinerd/ednsv:pr-28
ghcr.io/pkinerd/ednsv:latest-any
ghcr.io/pkinerd/ednsv:sha-b37beee
2026-07-26T08:17:42.5386495Z   DOCKER_METADATA_OUTPUT_TAG_NAMES: pr-28
latest-any
sha-b37beee
2026-07-26T08:17:42.5387852Z   DOCKER_METADATA_OUTPUT_LABELS: org.opencontainers.image.created=2026-07-26T08:17:42.504Z
org.opencontainers.image.description=
org.opencontainers.image.licenses=
org.opencontainers.image.revision=b37beee0661aceb8d243a8052c75579dcd4119a3
org.opencontainers.image.source=https://github.com/pkinerd/ednsv
org.opencontainers.image.title=ednsv
org.opencontainers.image.url=https://github.com/pkinerd/ednsv
org.opencontainers.image.version=pr-28
2026-07-26T08:17:42.5390351Z   DOCKER_METADATA_OUTPUT_ANNOTATIONS: manifest:org.opencontainers.image.created=2026-07-26T08:17:42.504Z
manifest:org.opencontainers.image.description=
manifest:org.opencontainers.image.licenses=
manifest:org.opencontainers.image.revision=b37beee0661aceb8d243a8052c75579dcd4119a3
manifest:org.opencontainers.image.source=https://github.com/pkinerd/ednsv
manifest:org.opencontainers.image.title=ednsv
manifest:org.opencontainers.image.url=https://github.com/pkinerd/ednsv
manifest:org.opencontainers.image.version=pr-28
2026-07-26T08:17:42.5394961Z   DOCKER_METADATA_OUTPUT_JSON: {"tags":["ghcr.io/pkinerd/ednsv:pr-28","ghcr.io/pkinerd/ednsv:latest-any","ghcr.io/pkinerd/ednsv:sha-b37beee"],"tag-names":["pr-28","latest-any","sha-b37beee"],"labels":{"org.opencontainers.image.created":"2026-07-26T08:17:42.504Z","org.opencontainers.image.description":"","org.opencontainers.image.licenses":"","org.opencontainers.image.revision":"b37beee0661aceb8d243a8052c75579dcd4119a3","org.opencontainers.image.source":"https://github.com/pkinerd/ednsv","org.opencontainers.image.title":"ednsv","org.opencontainers.image.url":"https://github.com/pkinerd/ednsv","org.opencontainers.image.version":"pr-28"},"annotations":["manifest:org.opencontainers.image.created=2026-07-26T08:17:42.504Z","manifest:org.opencontainers.image.description=","manifest:org.opencontainers.image.licenses=","manifest:org.opencontainers.image.revision=b37beee0661aceb8d243a8052c75579dcd4119a3","manifest:org.opencontainers.image.source=https://github.com/pkinerd/ednsv","manifest:org.opencontainers.image.title=ednsv","manifest:org.opencontainers.image.url=https://github.com/pkinerd/ednsv","manifest:org.opencontainers.image.version=pr-28"]}
2026-07-26T08:17:42.5398530Z   DOCKER_METADATA_OUTPUT_BAKE_FILE_TAGS: /home/runner/work/_temp/docker-actions-toolkit-2NP0aU/docker-metadata-action-bake-tags.json
2026-07-26T08:17:42.5399229Z   DOCKER_METADATA_OUTPUT_BAKE_FILE_LABELS: /home/runner/work/_temp/docker-actions-toolkit-2NP0aU/docker-metadata-action-bake-labels.json
2026-07-26T08:17:42.5399952Z   DOCKER_METADATA_OUTPUT_BAKE_FILE_ANNOTATIONS: /home/runner/work/_temp/docker-actions-toolkit-2NP0aU/docker-metadata-action-bake-annotations.json
2026-07-26T08:17:42.5400635Z   DOCKER_METADATA_OUTPUT_BAKE_FILE: /home/runner/work/_temp/docker-actions-toolkit-2NP0aU/docker-metadata-action-bake.json
2026-07-26T08:17:42.5401046Z ##[endgroup]
2026-07-26T08:17:42.7406495Z (node:2594) [DEP0040] DeprecationWarning: The `punycode` module is deprecated. Please use a userland alternative instead.
2026-07-26T08:17:42.7407396Z (Use `node --trace-deprecation ...` to show where the warning was created)
2026-07-26T08:17:42.7424984Z ##[group]GitHub Actions runtime token ACs
2026-07-26T08:17:42.7430721Z refs/pull/28/merge: read/write
2026-07-26T08:17:42.7431321Z refs/heads/main: read
2026-07-26T08:17:42.7432259Z ##[endgroup]
2026-07-26T08:17:42.7432989Z ##[group]Docker info
2026-07-26T08:17:42.7478130Z [command]/usr/bin/docker version
2026-07-26T08:17:42.7686151Z Client: Docker Engine - Community
2026-07-26T08:17:42.7690938Z  Version:           28.0.4
2026-07-26T08:17:42.7705663Z  API version:       1.48
2026-07-26T08:17:42.7706278Z  Go version:        go1.23.7
2026-07-26T08:17:42.7707174Z  Git commit:        b8034c0
2026-07-26T08:17:42.7707856Z  Built:             Tue Mar 25 15:07:16 2025
2026-07-26T08:17:42.7708609Z  OS/Arch:           linux/amd64
2026-07-26T08:17:42.7709273Z  Context:           default
2026-07-26T08:17:42.7709723Z 
2026-07-26T08:17:42.7710081Z Server: Docker Engine - Community
2026-07-26T08:17:42.7710848Z  Engine:
2026-07-26T08:17:42.7711382Z   Version:          28.0.4
2026-07-26T08:17:42.7729613Z   API version:      1.48 (minimum version 1.24)
2026-07-26T08:17:42.7730239Z   Go version:       go1.23.7
2026-07-26T08:17:42.7730767Z   Git commit:       6430e49
2026-07-26T08:17:42.7731112Z   Built:            Tue Mar 25 15:07:16 2025
2026-07-26T08:17:42.7731471Z   OS/Arch:          linux/amd64
2026-07-26T08:17:42.7731780Z   Experimental:     false
2026-07-26T08:17:42.7732060Z  containerd:
2026-07-26T08:17:42.7732297Z   Version:          v2.2.6
2026-07-26T08:17:42.7732658Z   GitCommit:        11ce9d5f3c68c941867e82890e93e815c1304f1b
2026-07-26T08:17:42.7733046Z  runc:
2026-07-26T08:17:42.7733271Z   Version:          1.3.6
2026-07-26T08:17:42.7733553Z   GitCommit:        v1.3.6-0-g491b69ba
2026-07-26T08:17:42.7733886Z  docker-init:
2026-07-26T08:17:42.7734120Z   Version:          0.19.0
2026-07-26T08:17:42.7734397Z   GitCommit:        de40ad0
2026-07-26T08:17:42.7747765Z [command]/usr/bin/docker info
2026-07-26T08:17:42.8269525Z Client: Docker Engine - Community
2026-07-26T08:17:42.8270211Z  Version:    28.0.4
2026-07-26T08:17:42.8270670Z  Context:    default
2026-07-26T08:17:42.8271085Z  Debug Mode: false
2026-07-26T08:17:42.8271597Z  Plugins:
2026-07-26T08:17:42.8271884Z   buildx: Docker Buildx (Docker Inc.)
2026-07-26T08:17:42.8272125Z     Version:  v0.35.0
2026-07-26T08:17:42.8272444Z     Path:     /usr/libexec/docker/cli-plugins/docker-buildx
2026-07-26T08:17:42.8272726Z   compose: Docker Compose (Docker Inc.)
2026-07-26T08:17:42.8272935Z     Version:  v2.38.2
2026-07-26T08:17:42.8273233Z     Path:     /usr/libexec/docker/cli-plugins/docker-compose
2026-07-26T08:17:42.8273421Z 
2026-07-26T08:17:42.8273487Z Server:
2026-07-26T08:17:42.8273636Z  Containers: 1
2026-07-26T08:17:42.8273798Z   Running: 1
2026-07-26T08:17:42.8274974Z   Paused: 0
2026-07-26T08:17:42.8275134Z   Stopped: 0
2026-07-26T08:17:42.8275288Z  Images: 7
2026-07-26T08:17:42.8275487Z  Server Version: 28.0.4
2026-07-26T08:17:42.8275731Z  Storage Driver: overlay2
2026-07-26T08:17:42.8275931Z   Backing Filesystem: extfs
2026-07-26T08:17:42.8276119Z   Supports d_type: true
2026-07-26T08:17:42.8276515Z   Using metacopy: false
2026-07-26T08:17:42.8276698Z   Native Overlay Diff: false
2026-07-26T08:17:42.8276885Z   userxattr: false
2026-07-26T08:17:42.8277111Z  Logging Driver: json-file
2026-07-26T08:17:42.8277319Z  Cgroup Driver: systemd
2026-07-26T08:17:42.8277488Z  Cgroup Version: 2
2026-07-26T08:17:42.8277647Z  Plugins:
2026-07-26T08:17:42.8277789Z   Volume: local
2026-07-26T08:17:42.8278058Z   Network: bridge host ipvlan macvlan null overlay
2026-07-26T08:17:42.8278382Z   Log: awslogs fluentd gcplogs gelf journald json-file local splunk syslog
2026-07-26T08:17:42.8278739Z  Swarm: inactive
2026-07-26T08:17:42.8278925Z  Runtimes: io.containerd.runc.v2 runc
2026-07-26T08:17:42.8279146Z  Default Runtime: runc
2026-07-26T08:17:42.8279328Z  Init Binary: docker-init
2026-07-26T08:17:42.8279641Z  containerd version: 11ce9d5f3c68c941867e82890e93e815c1304f1b
2026-07-26T08:17:42.8279907Z  runc version: v1.3.6-0-g491b69ba
2026-07-26T08:17:42.8280103Z  init version: de40ad0
2026-07-26T08:17:42.8280343Z  Security Options:
2026-07-26T08:17:42.8280509Z   apparmor
2026-07-26T08:17:42.8280652Z   seccomp
2026-07-26T08:17:42.8280800Z    Profile: builtin
2026-07-26T08:17:42.8280990Z   cgroupns
2026-07-26T08:17:42.8281191Z  Kernel Version: 6.17.0-1020-azure
2026-07-26T08:17:42.8281397Z  Operating System: Ubuntu 24.04.4 LTS
2026-07-26T08:17:42.8281595Z  OSType: linux
2026-07-26T08:17:42.8281793Z  Architecture: x86_64
2026-07-26T08:17:42.8282013Z  CPUs: 4
2026-07-26T08:17:42.8282168Z  Total Memory: 15.61GiB
2026-07-26T08:17:42.8282346Z  Name: runnervmvrwv9
2026-07-26T08:17:42.8282532Z  ID: dce1e4a9-fc26-4218-aaf0-feee5194c8cb
2026-07-26T08:17:42.8282838Z  Docker Root Dir: /var/lib/docker
2026-07-26T08:17:42.8283037Z  Debug Mode: false
2026-07-26T08:17:42.8283206Z  Username: githubactions
2026-07-26T08:17:42.8283456Z  Experimental: false
2026-07-26T08:17:42.8283631Z  Insecure Registries:
2026-07-26T08:17:42.8283824Z   ::1/128
2026-07-26T08:17:42.8283964Z   127.0.0.0/8
2026-07-26T08:17:42.8284161Z  Live Restore Enabled: false
2026-07-26T08:17:42.8284325Z 
2026-07-26T08:17:42.8305343Z ##[endgroup]
2026-07-26T08:17:42.8305774Z ##[group]Proxy configuration
2026-07-26T08:17:42.8308132Z No proxy configuration found
2026-07-26T08:17:42.8309863Z ##[endgroup]
2026-07-26T08:17:42.8796957Z ##[group]Buildx version
2026-07-26T08:17:42.8814885Z [command]/usr/bin/docker buildx version
2026-07-26T08:17:42.9229114Z github.com/docker/buildx v0.35.0 a319e5b15052cf6557ceb666eb8ff6e32380b782
2026-07-26T08:17:42.9257392Z ##[endgroup]
2026-07-26T08:17:42.9257721Z ##[group]Builder info
2026-07-26T08:17:43.0031945Z {
2026-07-26T08:17:43.0032272Z   "nodes": [
2026-07-26T08:17:43.0032496Z     {
2026-07-26T08:17:43.0032765Z       "name": "builder-4c1813f3-a510-4c23-aa65-7d1f8c2e1e130",
2026-07-26T08:17:43.0033071Z       "endpoint": "unix:///var/run/docker.sock",
2026-07-26T08:17:43.0033316Z       "status": "running",
2026-07-26T08:17:43.0033739Z       "buildkitd-flags": "--allow-insecure-entitlement security.insecure --allow-insecure-entitlement network.host",
2026-07-26T08:17:43.0034172Z       "buildkit": "v0.31.2",
2026-07-26T08:17:43.0034470Z       "platforms": "linux/amd64,linux/amd64/v2,linux/amd64/v3,linux/amd64/v4,linux/386",
2026-07-26T08:17:43.0034967Z       "features": {
2026-07-26T08:17:43.0035219Z         "Automatically load images to the Docker Engine image store": true,
2026-07-26T08:17:43.0035518Z         "Cache export": true,
2026-07-26T08:17:43.0035732Z         "Direct push": true,
2026-07-26T08:17:43.0035923Z         "Docker exporter": true,
2026-07-26T08:17:43.0036143Z         "Multi-platform build": true,
2026-07-26T08:17:43.0036355Z         "OCI exporter": true
2026-07-26T08:17:43.0036549Z       },
2026-07-26T08:17:43.0036975Z       "labels": {
2026-07-26T08:17:43.0037223Z         "org.mobyproject.buildkit.worker.executor": "oci",
2026-07-26T08:17:43.0037538Z         "org.mobyproject.buildkit.worker.hostname": "530903b1a77b",
2026-07-26T08:17:43.0037853Z         "org.mobyproject.buildkit.worker.network": "host",
2026-07-26T08:17:43.0038310Z         "org.mobyproject.buildkit.worker.oci.process-mode": "sandbox",
2026-07-26T08:17:43.0038665Z         "org.mobyproject.buildkit.worker.selinux.enabled": "false",
2026-07-26T08:17:43.0038999Z         "org.mobyproject.buildkit.worker.snapshotter": "overlayfs"
2026-07-26T08:17:43.0039266Z       },
2026-07-26T08:17:43.0039414Z       "gcPolicy": [
2026-07-26T08:17:43.0039578Z         {
2026-07-26T08:17:43.0039725Z           "all": false,
2026-07-26T08:17:43.0039890Z           "filter": [
2026-07-26T08:17:43.0040142Z             "type==source.local type==exec.cachemount type==source.git.checkout"
2026-07-26T08:17:43.0040423Z           ],
2026-07-26T08:17:43.0040585Z           "keepDuration": "48h0m0s",
2026-07-26T08:17:43.0040794Z           "maxUsedSpace": "488.3MiB"
2026-07-26T08:17:43.0041026Z         },
2026-07-26T08:17:43.0041173Z         {
2026-07-26T08:17:43.0041319Z           "all": false,
2026-07-26T08:17:43.0041499Z           "keepDuration": "1440h0m0s",
2026-07-26T08:17:43.0041715Z           "reservedSpace": "9.313GiB",
2026-07-26T08:17:43.0041934Z           "maxUsedSpace": "93.13GiB",
2026-07-26T08:17:43.0042134Z           "minFreeSpace": "27.01GiB"
2026-07-26T08:17:43.0042318Z         },
2026-07-26T08:17:43.0042474Z         {
2026-07-26T08:17:43.0042624Z           "all": false,
2026-07-26T08:17:43.0042810Z           "reservedSpace": "9.313GiB",
2026-07-26T08:17:43.0043021Z           "maxUsedSpace": "93.13GiB",
2026-07-26T08:17:43.0043215Z           "minFreeSpace": "27.01GiB"
2026-07-26T08:17:43.0043423Z         },
2026-07-26T08:17:43.0043567Z         {
2026-07-26T08:17:43.0043721Z           "all": true,
2026-07-26T08:17:43.0043916Z           "reservedSpace": "9.313GiB",
2026-07-26T08:17:43.0044126Z           "maxUsedSpace": "93.13GiB",
2026-07-26T08:17:43.0044328Z           "minFreeSpace": "27.01GiB"
2026-07-26T08:17:43.0044515Z         }
2026-07-26T08:17:43.0044898Z       ]
2026-07-26T08:17:43.0045101Z     }
2026-07-26T08:17:43.0045301Z   ],
2026-07-26T08:17:43.0045567Z   "name": "builder-4c1813f3-a510-4c23-aa65-7d1f8c2e1e13",
2026-07-26T08:17:43.0045827Z   "driver": "docker-container",
2026-07-26T08:17:43.0046071Z   "lastActivity": "2026-07-26T08:17:29.000Z"
2026-07-26T08:17:43.0046290Z }
2026-07-26T08:17:43.0046717Z ##[endgroup]
2026-07-26T08:17:43.1831889Z [command]/usr/bin/docker buildx build --cache-from type=gha --cache-to type=gha,mode=max --file ./Dockerfile --iidfile /home/runner/work/_temp/docker-actions-toolkit-wbirjq/build-iidfile-bce8470dc9.txt --label org.opencontainers.image.created=2026-07-26T08:17:42.504Z --label org.opencontainers.image.description= --label org.opencontainers.image.licenses= --label org.opencontainers.image.revision=b37beee0661aceb8d243a8052c75579dcd4119a3 --label org.opencontainers.image.source=https://github.com/pkinerd/ednsv --label org.opencontainers.image.title=ednsv --label org.opencontainers.image.url=https://github.com/pkinerd/ednsv --label org.opencontainers.image.version=pr-28 --attest type=provenance,mode=max,builder-id=https://github.com/pkinerd/ednsv/actions/runs/30194326662/attempts/1 --tag ghcr.io/pkinerd/ednsv:pr-28 --tag ghcr.io/pkinerd/ednsv:latest-any --tag ghcr.io/pkinerd/ednsv:sha-b37beee --metadata-file /home/runner/work/_temp/docker-actions-toolkit-wbirjq/build-metadata-1c3bb1dda9.json --push .
2026-07-26T08:17:43.4540121Z #0 building with "builder-4c1813f3-a510-4c23-aa65-7d1f8c2e1e13" instance using docker-container driver
2026-07-26T08:17:43.4540508Z 
2026-07-26T08:17:43.4540622Z #1 [internal] load build definition from Dockerfile
2026-07-26T08:17:43.4540890Z #1 transferring dockerfile: 827B done
2026-07-26T08:17:43.4541096Z #1 DONE 0.0s
2026-07-26T08:17:43.4541193Z 
2026-07-26T08:17:43.4541384Z #2 resolve image config for docker-image://docker.io/docker/dockerfile:1.7
2026-07-26T08:17:43.6242898Z #2 ...
2026-07-26T08:17:43.6243096Z 
2026-07-26T08:17:43.6243287Z #3 [auth] docker/dockerfile:pull token for registry-1.docker.io
2026-07-26T08:17:43.6243576Z #3 DONE 0.0s
2026-07-26T08:17:43.7746012Z 
2026-07-26T08:17:43.7747108Z #2 resolve image config for docker-image://docker.io/docker/dockerfile:1.7
2026-07-26T08:17:44.1121778Z #2 DONE 0.8s
2026-07-26T08:17:44.2688451Z 
2026-07-26T08:17:44.2689422Z #4 docker-image://docker.io/docker/dockerfile:1.7@sha256:a57df69d0ea827fb7266491f2813635de6f17269be881f696fbfdf2d83dda33e
2026-07-26T08:17:44.2690299Z #4 resolve docker.io/docker/dockerfile:1.7@sha256:a57df69d0ea827fb7266491f2813635de6f17269be881f696fbfdf2d83dda33e done
2026-07-26T08:17:44.2690945Z #4 sha256:96918c57e42509b97f10c074d80672ecdbd3bb7dcd38c1bd95960cf291207416 11.98MB / 11.98MB 0.1s done
2026-07-26T08:17:44.4064484Z #4 extracting sha256:96918c57e42509b97f10c074d80672ecdbd3bb7dcd38c1bd95960cf291207416 0.1s done
2026-07-26T08:17:44.4065371Z #4 DONE 0.2s
2026-07-26T08:17:44.4065524Z 
2026-07-26T08:17:44.4065750Z #5 [internal] load metadata for mcr.microsoft.com/dotnet/aspnet:8.0
2026-07-26T08:17:44.7379830Z #5 DONE 0.3s
2026-07-26T08:17:44.7380030Z 
2026-07-26T08:17:44.7380309Z #6 [internal] load metadata for mcr.microsoft.com/dotnet/sdk:8.0
2026-07-26T08:17:44.9292060Z #6 DONE 0.4s
2026-07-26T08:17:44.9292273Z 
2026-07-26T08:17:44.9292388Z #7 [internal] load .dockerignore
2026-07-26T08:17:44.9292751Z #7 transferring context: 249B done
2026-07-26T08:17:44.9293052Z #7 DONE 0.0s
2026-07-26T08:17:44.9374949Z 
2026-07-26T08:17:44.9379146Z #8 importing cache manifest from gha:12328059747080828276
2026-07-26T08:17:45.0935184Z #8 ...
2026-07-26T08:17:45.0935676Z 
2026-07-26T08:17:45.0935900Z #9 [internal] load build context
2026-07-26T08:17:45.0936359Z #9 DONE 0.0s
2026-07-26T08:17:45.0936499Z 
2026-07-26T08:17:45.0936820Z #10 [build 1/8] FROM mcr.microsoft.com/dotnet/sdk:8.0@sha256:3c0edbfe1549dd93fb789dc96299a40df865ad7bffefcaf38e8c05940686d641
2026-07-26T08:17:45.0937522Z #10 resolve mcr.microsoft.com/dotnet/sdk:8.0@sha256:3c0edbfe1549dd93fb789dc96299a40df865ad7bffefcaf38e8c05940686d641 done
2026-07-26T08:17:45.0937936Z #10 DONE 0.0s
2026-07-26T08:17:45.0938036Z 
2026-07-26T08:17:45.0938348Z #11 [runtime 1/3] FROM mcr.microsoft.com/dotnet/aspnet:8.0@sha256:8f6a307ae32fb393a4b4bcde0a81f0ce3f0a715de0e5575df71f3030448f2dde
2026-07-26T08:17:45.0938986Z #11 resolve mcr.microsoft.com/dotnet/aspnet:8.0@sha256:8f6a307ae32fb393a4b4bcde0a81f0ce3f0a715de0e5575df71f3030448f2dde done
2026-07-26T08:17:45.0939391Z #11 DONE 0.0s
2026-07-26T08:17:45.2437548Z 
2026-07-26T08:17:45.2438072Z #8 importing cache manifest from gha:12328059747080828276
2026-07-26T08:17:45.3532257Z #8 DONE 0.4s
2026-07-26T08:17:45.5264758Z 
2026-07-26T08:17:45.5265247Z #9 [internal] load build context
2026-07-26T08:17:45.5265602Z #9 transferring context: 933.51kB 0.0s done
2026-07-26T08:17:45.5265888Z #9 DONE 0.0s
2026-07-26T08:17:45.5266033Z 
2026-07-26T08:17:45.5266266Z #12 [build 5/8] RUN dotnet restore src/Ednsv.Web/Ednsv.Web.csproj
2026-07-26T08:17:45.5266654Z #12 CACHED
2026-07-26T08:17:45.5266767Z 
2026-07-26T08:17:45.5266877Z #13 [build 2/8] WORKDIR /src
2026-07-26T08:17:45.5267132Z #13 CACHED
2026-07-26T08:17:45.5267237Z 
2026-07-26T08:17:45.5267451Z #14 [build 3/8] COPY src/Ednsv.Core/Ednsv.Core.csproj src/Ednsv.Core/
2026-07-26T08:17:45.5267860Z #14 CACHED
2026-07-26T08:17:45.5267975Z 
2026-07-26T08:17:45.5268167Z #15 [build 4/8] COPY src/Ednsv.Web/Ednsv.Web.csproj src/Ednsv.Web/
2026-07-26T08:17:45.5268465Z #15 CACHED
2026-07-26T08:17:45.5268540Z 
2026-07-26T08:17:45.5268644Z #16 [build 6/8] COPY src/Ednsv.Core/ src/Ednsv.Core/
2026-07-26T08:17:45.5664250Z #16 CACHED
2026-07-26T08:17:45.7176274Z 
2026-07-26T08:17:45.7176853Z #16 [build 6/8] COPY src/Ednsv.Core/ src/Ednsv.Core/
2026-07-26T08:17:45.7199151Z #16 sha256:3adeb92f1ece50dbb3a745109df0a803133feade5b348498599a6aaa9717fd58 0B / 150.23kB 0.2s
2026-07-26T08:17:45.8698398Z #16 sha256:7c7616ad766245be8807f1899bc25fa05f61c48f8079fa36c964d481853af380 0B / 74.96MB 0.2s
2026-07-26T08:17:45.8699804Z #16 sha256:89f057fbd63d49c61fb415af2773f20380c76d858a5dc95dcdcd0ac198854624 456B / 456B 0.2s done
2026-07-26T08:17:45.8700640Z #16 sha256:704a261d6a0df1be6f054161284fc14ac0eaa21ceb629676ee3d0dd8ec908988 438B / 438B 0.2s done
2026-07-26T08:17:45.9769976Z #16 sha256:3adeb92f1ece50dbb3a745109df0a803133feade5b348498599a6aaa9717fd58 150.23kB / 150.23kB 0.4s done
2026-07-26T08:17:45.9770911Z #16 sha256:4d015ec68eada998a41dff557e9be9876100aacfd3adb78c32cccfb1faac8a40 92B / 92B 0.2s done
2026-07-26T08:17:45.9771730Z #16 sha256:aaea65f9d3756e15614c6efe86e2006b8fe74af0af07faefdcb6e6001dd705fc 0B / 17.06MB 0.2s
2026-07-26T08:17:46.0889133Z #16 sha256:ed43dda998e1a0c05efeddc9a24048ad8349ce02697b4db3061250e466b3a059 0B / 2.70kB 0.2s
2026-07-26T08:17:46.2572090Z #16 sha256:ed43dda998e1a0c05efeddc9a24048ad8349ce02697b4db3061250e466b3a059 2.70kB / 2.70kB 0.2s done
2026-07-26T08:17:46.2572722Z #16 sha256:34eabb9d45bfc2a02673ee3778040c44b0f3b59facbbf51f9c367482821ce92f 0B / 177.89MB 0.2s
2026-07-26T08:17:46.4072534Z #16 sha256:0aa6db834649082ea8d86f41789fce403a69c18bcec5994ceaf0ed4474563c7d 0B / 31.09MB 0.2s
2026-07-26T08:17:46.5579975Z #16 sha256:aaea65f9d3756e15614c6efe86e2006b8fe74af0af07faefdcb6e6001dd705fc 1.05MB / 17.06MB 0.8s
2026-07-26T08:17:46.7077383Z #16 sha256:7c7616ad766245be8807f1899bc25fa05f61c48f8079fa36c964d481853af380 6.29MB / 74.96MB 1.1s
2026-07-26T08:17:46.7078269Z #16 sha256:aaea65f9d3756e15614c6efe86e2006b8fe74af0af07faefdcb6e6001dd705fc 2.10MB / 17.06MB 0.9s
2026-07-26T08:17:46.8574826Z #16 sha256:7c7616ad766245be8807f1899bc25fa05f61c48f8079fa36c964d481853af380 12.58MB / 74.96MB 1.2s
2026-07-26T08:17:46.8575901Z #16 sha256:aaea65f9d3756e15614c6efe86e2006b8fe74af0af07faefdcb6e6001dd705fc 4.19MB / 17.06MB 1.1s
2026-07-26T08:17:47.0076389Z #16 sha256:7c7616ad766245be8807f1899bc25fa05f61c48f8079fa36c964d481853af380 18.87MB / 74.96MB 1.4s
2026-07-26T08:17:47.0076955Z #16 sha256:aaea65f9d3756e15614c6efe86e2006b8fe74af0af07faefdcb6e6001dd705fc 7.34MB / 17.06MB 1.2s
2026-07-26T08:17:47.1576188Z #16 sha256:7c7616ad766245be8807f1899bc25fa05f61c48f8079fa36c964d481853af380 27.26MB / 74.96MB 1.5s
2026-07-26T08:17:47.1576762Z #16 sha256:aaea65f9d3756e15614c6efe86e2006b8fe74af0af07faefdcb6e6001dd705fc 10.49MB / 17.06MB 1.4s
2026-07-26T08:17:47.1577339Z #16 sha256:34eabb9d45bfc2a02673ee3778040c44b0f3b59facbbf51f9c367482821ce92f 9.44MB / 177.89MB 1.1s
2026-07-26T08:17:47.1577844Z #16 sha256:0aa6db834649082ea8d86f41789fce403a69c18bcec5994ceaf0ed4474563c7d 4.19MB / 31.09MB 0.9s
2026-07-26T08:17:47.3074783Z #16 sha256:7c7616ad766245be8807f1899bc25fa05f61c48f8079fa36c964d481853af380 35.65MB / 74.96MB 1.7s
2026-07-26T08:17:47.3075373Z #16 sha256:aaea65f9d3756e15614c6efe86e2006b8fe74af0af07faefdcb6e6001dd705fc 12.58MB / 17.06MB 1.5s
2026-07-26T08:17:47.3075910Z #16 sha256:0aa6db834649082ea8d86f41789fce403a69c18bcec5994ceaf0ed4474563c7d 6.29MB / 31.09MB 1.1s
2026-07-26T08:17:47.4573378Z #16 sha256:7c7616ad766245be8807f1899bc25fa05f61c48f8079fa36c964d481853af380 44.04MB / 74.96MB 1.8s
2026-07-26T08:17:47.4574458Z #16 sha256:aaea65f9d3756e15614c6efe86e2006b8fe74af0af07faefdcb6e6001dd705fc 15.73MB / 17.06MB 1.7s
2026-07-26T08:17:47.4575653Z #16 sha256:0aa6db834649082ea8d86f41789fce403a69c18bcec5994ceaf0ed4474563c7d 10.49MB / 31.09MB 1.2s
2026-07-26T08:17:47.6076613Z #16 sha256:7c7616ad766245be8807f1899bc25fa05f61c48f8079fa36c964d481853af380 56.62MB / 74.96MB 2.0s
2026-07-26T08:17:47.6077257Z #16 sha256:aaea65f9d3756e15614c6efe86e2006b8fe74af0af07faefdcb6e6001dd705fc 17.06MB / 17.06MB 1.8s
2026-07-26T08:17:47.6077803Z #16 sha256:34eabb9d45bfc2a02673ee3778040c44b0f3b59facbbf51f9c367482821ce92f 19.92MB / 177.89MB 1.5s
2026-07-26T08:17:47.6078438Z #16 sha256:0aa6db834649082ea8d86f41789fce403a69c18bcec5994ceaf0ed4474563c7d 17.83MB / 31.09MB 1.4s
2026-07-26T08:17:47.7686693Z #16 sha256:7c7616ad766245be8807f1899bc25fa05f61c48f8079fa36c964d481853af380 65.01MB / 74.96MB 2.1s
2026-07-26T08:17:47.7687365Z #16 sha256:aaea65f9d3756e15614c6efe86e2006b8fe74af0af07faefdcb6e6001dd705fc 17.06MB / 17.06MB 1.8s done
2026-07-26T08:17:47.7688265Z #16 sha256:0aa6db834649082ea8d86f41789fce403a69c18bcec5994ceaf0ed4474563c7d 22.02MB / 31.09MB 1.5s
2026-07-26T08:17:47.7688768Z #16 sha256:77e3e8465ccd88a7ab4380ed823b77769274a8d0cd50332315a6e6884eeb185b 0B / 32.26MB 0.2s
2026-07-26T08:17:47.9182726Z #16 sha256:7c7616ad766245be8807f1899bc25fa05f61c48f8079fa36c964d481853af380 74.96MB / 74.96MB 2.3s
2026-07-26T08:17:47.9183311Z #16 sha256:0aa6db834649082ea8d86f41789fce403a69c18bcec5994ceaf0ed4474563c7d 30.41MB / 31.09MB 1.7s
2026-07-26T08:17:48.0686434Z #16 sha256:34eabb9d45bfc2a02673ee3778040c44b0f3b59facbbf51f9c367482821ce92f 29.36MB / 177.89MB 2.0s
2026-07-26T08:17:48.3209429Z #16 sha256:7c7616ad766245be8807f1899bc25fa05f61c48f8079fa36c964d481853af380 74.96MB / 74.96MB 2.7s done
2026-07-26T08:17:48.4710430Z #16 sha256:34eabb9d45bfc2a02673ee3778040c44b0f3b59facbbf51f9c367482821ce92f 39.85MB / 177.89MB 2.4s
2026-07-26T08:17:48.4711124Z #16 sha256:0aa6db834649082ea8d86f41789fce403a69c18bcec5994ceaf0ed4474563c7d 31.09MB / 31.09MB 2.1s done
2026-07-26T08:17:48.4711685Z #16 sha256:77e3e8465ccd88a7ab4380ed823b77769274a8d0cd50332315a6e6884eeb185b 3.15MB / 32.26MB 0.8s
2026-07-26T08:17:48.4712287Z #16 sha256:993b1a5b9814eb890928e53aa844227cd48d62a552cce9d9723401d3f323d7df 2.10MB / 11.10MB 0.2s
2026-07-26T08:17:48.6211178Z #16 sha256:77e3e8465ccd88a7ab4380ed823b77769274a8d0cd50332315a6e6884eeb185b 6.29MB / 32.26MB 0.9s
2026-07-26T08:17:48.6212026Z #16 sha256:993b1a5b9814eb890928e53aa844227cd48d62a552cce9d9723401d3f323d7df 4.19MB / 11.10MB 0.3s
2026-07-26T08:17:48.6212720Z #16 sha256:b450eb4b61483e158bba71e0972774dca3356aaccf083b4de394756826786dc3 166B / 166B 0.2s done
2026-07-26T08:17:48.7724016Z #16 sha256:77e3e8465ccd88a7ab4380ed823b77769274a8d0cd50332315a6e6884eeb185b 10.49MB / 32.26MB 1.1s
2026-07-26T08:17:48.7725142Z #16 sha256:993b1a5b9814eb890928e53aa844227cd48d62a552cce9d9723401d3f323d7df 7.34MB / 11.10MB 0.5s
2026-07-26T08:17:48.7726015Z #16 sha256:bcbf93830adb69dda1050c229181e9d0bbcd138e40c83062cfd41f7a8d79b4c7 0B / 18.74MB 0.2s
2026-07-26T08:17:48.9215734Z #16 sha256:34eabb9d45bfc2a02673ee3778040c44b0f3b59facbbf51f9c367482821ce92f 49.28MB / 177.89MB 2.9s
2026-07-26T08:17:48.9216308Z #16 sha256:77e3e8465ccd88a7ab4380ed823b77769274a8d0cd50332315a6e6884eeb185b 15.73MB / 32.26MB 1.2s
2026-07-26T08:17:48.9216836Z #16 sha256:993b1a5b9814eb890928e53aa844227cd48d62a552cce9d9723401d3f323d7df 10.49MB / 11.10MB 0.6s
2026-07-26T08:17:49.1191946Z #16 sha256:77e3e8465ccd88a7ab4380ed823b77769274a8d0cd50332315a6e6884eeb185b 28.31MB / 32.26MB 1.5s
2026-07-26T08:17:49.1192544Z #16 sha256:993b1a5b9814eb890928e53aa844227cd48d62a552cce9d9723401d3f323d7df 11.10MB / 11.10MB 0.7s done
2026-07-26T08:17:49.2683926Z #16 sha256:77e3e8465ccd88a7ab4380ed823b77769274a8d0cd50332315a6e6884eeb185b 32.26MB / 32.26MB 1.7s
2026-07-26T08:17:49.2684487Z #16 sha256:4afec8b5a48bb14028a2111abd144794fb4f088154db49009be3c5833f922deb 0B / 3.34kB 0.2s
2026-07-26T08:17:49.4251371Z #16 sha256:34eabb9d45bfc2a02673ee3778040c44b0f3b59facbbf51f9c367482821ce92f 58.72MB / 177.89MB 3.3s
2026-07-26T08:17:49.4252330Z #16 sha256:77e3e8465ccd88a7ab4380ed823b77769274a8d0cd50332315a6e6884eeb185b 32.26MB / 32.26MB 1.7s done
2026-07-26T08:17:49.4253180Z #16 sha256:bcbf93830adb69dda1050c229181e9d0bbcd138e40c83062cfd41f7a8d79b4c7 2.10MB / 18.74MB 0.9s
2026-07-26T08:17:49.4253974Z #16 sha256:4afec8b5a48bb14028a2111abd144794fb4f088154db49009be3c5833f922deb 3.34kB / 3.34kB 0.3s done
2026-07-26T08:17:49.5743846Z #16 sha256:bcbf93830adb69dda1050c229181e9d0bbcd138e40c83062cfd41f7a8d79b4c7 4.19MB / 18.74MB 1.1s
2026-07-26T08:17:49.5745191Z #16 sha256:597c6c618d36213af657a6a8444a5d87801f9a219682b206ad21ccb8f3e57bbd 0B / 28.23MB 0.2s
2026-07-26T08:17:49.7251899Z #16 sha256:bcbf93830adb69dda1050c229181e9d0bbcd138e40c83062cfd41f7a8d79b4c7 7.34MB / 18.74MB 1.2s
2026-07-26T08:17:49.8747548Z #16 sha256:34eabb9d45bfc2a02673ee3778040c44b0f3b59facbbf51f9c367482821ce92f 68.16MB / 177.89MB 3.8s
2026-07-26T08:17:49.8748325Z #16 sha256:bcbf93830adb69dda1050c229181e9d0bbcd138e40c83062cfd41f7a8d79b4c7 11.53MB / 18.74MB 1.4s
2026-07-26T08:17:50.0244880Z #16 sha256:bcbf93830adb69dda1050c229181e9d0bbcd138e40c83062cfd41f7a8d79b4c7 17.83MB / 18.74MB 1.5s
2026-07-26T08:17:50.0245452Z #16 sha256:597c6c618d36213af657a6a8444a5d87801f9a219682b206ad21ccb8f3e57bbd 3.15MB / 28.23MB 0.6s
2026-07-26T08:17:50.1486416Z #16 sha256:bcbf93830adb69dda1050c229181e9d0bbcd138e40c83062cfd41f7a8d79b4c7 18.74MB / 18.74MB 1.6s done
2026-07-26T08:17:50.1487126Z #16 sha256:597c6c618d36213af657a6a8444a5d87801f9a219682b206ad21ccb8f3e57bbd 6.29MB / 28.23MB 0.8s
2026-07-26T08:17:50.2487412Z #16 sha256:597c6c618d36213af657a6a8444a5d87801f9a219682b206ad21ccb8f3e57bbd 11.53MB / 28.23MB 0.9s
2026-07-26T08:17:50.3991428Z #16 sha256:34eabb9d45bfc2a02673ee3778040c44b0f3b59facbbf51f9c367482821ce92f 79.69MB / 177.89MB 4.4s
2026-07-26T08:17:50.3992114Z #16 sha256:597c6c618d36213af657a6a8444a5d87801f9a219682b206ad21ccb8f3e57bbd 18.87MB / 28.23MB 1.1s
2026-07-26T08:17:50.5495189Z #16 sha256:597c6c618d36213af657a6a8444a5d87801f9a219682b206ad21ccb8f3e57bbd 24.12MB / 28.23MB 1.2s
2026-07-26T08:17:50.6993306Z #16 sha256:597c6c618d36213af657a6a8444a5d87801f9a219682b206ad21ccb8f3e57bbd 28.23MB / 28.23MB 1.4s
2026-07-26T08:17:50.9274282Z #16 sha256:34eabb9d45bfc2a02673ee3778040c44b0f3b59facbbf51f9c367482821ce92f 89.13MB / 177.89MB 4.8s
2026-07-26T08:17:50.9275381Z #16 sha256:597c6c618d36213af657a6a8444a5d87801f9a219682b206ad21ccb8f3e57bbd 28.23MB / 28.23MB 1.4s done
2026-07-26T08:17:50.9275988Z #16 extracting sha256:597c6c618d36213af657a6a8444a5d87801f9a219682b206ad21ccb8f3e57bbd
2026-07-26T08:17:51.2274120Z #16 sha256:34eabb9d45bfc2a02673ee3778040c44b0f3b59facbbf51f9c367482821ce92f 99.61MB / 177.89MB 5.3s
2026-07-26T08:17:51.3771834Z #16 extracting sha256:597c6c618d36213af657a6a8444a5d87801f9a219682b206ad21ccb8f3e57bbd 0.6s done
2026-07-26T08:17:51.3773899Z #16 extracting sha256:bcbf93830adb69dda1050c229181e9d0bbcd138e40c83062cfd41f7a8d79b4c7
2026-07-26T08:17:51.5050211Z #16 extracting sha256:bcbf93830adb69dda1050c229181e9d0bbcd138e40c83062cfd41f7a8d79b4c7 0.2s done
2026-07-26T08:17:51.6773382Z #16 extracting sha256:4afec8b5a48bb14028a2111abd144794fb4f088154db49009be3c5833f922deb done
2026-07-26T08:17:51.6774399Z #16 extracting sha256:77e3e8465ccd88a7ab4380ed823b77769274a8d0cd50332315a6e6884eeb185b
2026-07-26T08:17:51.6775350Z #16 sha256:34eabb9d45bfc2a02673ee3778040c44b0f3b59facbbf51f9c367482821ce92f 109.05MB / 177.89MB 5.7s
2026-07-26T08:17:51.8049934Z #16 extracting sha256:77e3e8465ccd88a7ab4380ed823b77769274a8d0cd50332315a6e6884eeb185b 0.3s done
2026-07-26T08:17:51.9121564Z #16 extracting sha256:b450eb4b61483e158bba71e0972774dca3356aaccf083b4de394756826786dc3 done
2026-07-26T08:17:51.9122209Z #16 extracting sha256:993b1a5b9814eb890928e53aa844227cd48d62a552cce9d9723401d3f323d7df 0.1s done
2026-07-26T08:17:52.1271795Z #16 extracting sha256:0aa6db834649082ea8d86f41789fce403a69c18bcec5994ceaf0ed4474563c7d
2026-07-26T08:17:52.2774225Z #16 sha256:34eabb9d45bfc2a02673ee3778040c44b0f3b59facbbf51f9c367482821ce92f 121.63MB / 177.89MB 6.3s
2026-07-26T08:17:52.5779760Z #16 extracting sha256:0aa6db834649082ea8d86f41789fce403a69c18bcec5994ceaf0ed4474563c7d 0.5s done
2026-07-26T08:17:52.7271903Z #16 sha256:34eabb9d45bfc2a02673ee3778040c44b0f3b59facbbf51f9c367482821ce92f 131.07MB / 177.89MB 6.8s
2026-07-26T08:17:53.1780440Z #16 sha256:34eabb9d45bfc2a02673ee3778040c44b0f3b59facbbf51f9c367482821ce92f 141.56MB / 177.89MB 7.2s
2026-07-26T08:17:53.6278989Z #16 sha256:34eabb9d45bfc2a02673ee3778040c44b0f3b59facbbf51f9c367482821ce92f 150.99MB / 177.89MB 7.7s
2026-07-26T08:17:54.0777712Z #16 sha256:34eabb9d45bfc2a02673ee3778040c44b0f3b59facbbf51f9c367482821ce92f 161.48MB / 177.89MB 8.1s
2026-07-26T08:17:54.5274133Z #16 sha256:34eabb9d45bfc2a02673ee3778040c44b0f3b59facbbf51f9c367482821ce92f 170.92MB / 177.89MB 8.6s
2026-07-26T08:17:55.7270783Z #16 sha256:34eabb9d45bfc2a02673ee3778040c44b0f3b59facbbf51f9c367482821ce92f 177.89MB / 177.89MB 9.7s done
2026-07-26T08:17:55.8850477Z #16 extracting sha256:34eabb9d45bfc2a02673ee3778040c44b0f3b59facbbf51f9c367482821ce92f
2026-07-26T08:17:57.8170426Z #16 extracting sha256:34eabb9d45bfc2a02673ee3778040c44b0f3b59facbbf51f9c367482821ce92f 2.1s done
2026-07-26T08:17:57.8170957Z #16 DONE 12.4s
2026-07-26T08:17:57.9738263Z 
2026-07-26T08:17:57.9741776Z #16 [build 6/8] COPY src/Ednsv.Core/ src/Ednsv.Core/
2026-07-26T08:17:57.9742833Z #16 extracting sha256:ed43dda998e1a0c05efeddc9a24048ad8349ce02697b4db3061250e466b3a059 done
2026-07-26T08:17:57.9743455Z #16 extracting sha256:aaea65f9d3756e15614c6efe86e2006b8fe74af0af07faefdcb6e6001dd705fc
2026-07-26T08:17:58.0381994Z #16 extracting sha256:aaea65f9d3756e15614c6efe86e2006b8fe74af0af07faefdcb6e6001dd705fc 0.2s done
2026-07-26T08:17:58.0382642Z #16 DONE 12.7s
2026-07-26T08:17:58.2006160Z 
2026-07-26T08:17:58.2006789Z #16 [build 6/8] COPY src/Ednsv.Core/ src/Ednsv.Core/
2026-07-26T08:17:58.2007590Z #16 extracting sha256:4d015ec68eada998a41dff557e9be9876100aacfd3adb78c32cccfb1faac8a40 done
2026-07-26T08:17:58.2008475Z #16 extracting sha256:704a261d6a0df1be6f054161284fc14ac0eaa21ceb629676ee3d0dd8ec908988 done
2026-07-26T08:17:58.2009350Z #16 extracting sha256:89f057fbd63d49c61fb415af2773f20380c76d858a5dc95dcdcd0ac198854624 done
2026-07-26T08:17:58.2010155Z #16 extracting sha256:7c7616ad766245be8807f1899bc25fa05f61c48f8079fa36c964d481853af380
2026-07-26T08:17:58.6233340Z #16 extracting sha256:7c7616ad766245be8807f1899bc25fa05f61c48f8079fa36c964d481853af380 0.6s done
2026-07-26T08:17:58.6234063Z #16 DONE 13.2s
2026-07-26T08:17:58.7858079Z 
2026-07-26T08:17:58.7858521Z #16 [build 6/8] COPY src/Ednsv.Core/ src/Ednsv.Core/
2026-07-26T08:17:58.7858986Z #16 extracting sha256:3adeb92f1ece50dbb3a745109df0a803133feade5b348498599a6aaa9717fd58 0.0s done
2026-07-26T08:17:58.7859353Z #16 DONE 13.3s
2026-07-26T08:17:58.7859458Z 
2026-07-26T08:17:58.7859562Z #17 [build 7/8] COPY src/Ednsv.Web/ src/Ednsv.Web/
2026-07-26T08:18:04.0921450Z #17 DONE 5.5s
2026-07-26T08:18:04.2448732Z 
2026-07-26T08:18:04.2449904Z #18 [build 8/8] RUN dotnet publish src/Ednsv.Web/Ednsv.Web.csproj         --configuration Release         --no-restore         --output /app/publish         /p:UseAppHost=false
2026-07-26T08:18:07.8169135Z #18 3.723   Ednsv.Core -> /src/src/Ednsv.Core/bin/Release/net8.0/Ednsv.Core.dll
2026-07-26T08:18:08.9338419Z #18 4.840   Ednsv.Web -> /src/src/Ednsv.Web/bin/Release/net8.0/Ednsv.Web.dll
2026-07-26T08:18:09.0520289Z #18 4.888   Ednsv.Web -> /app/publish/
2026-07-26T08:18:09.0521024Z #18 DONE 5.0s
2026-07-26T08:18:09.1926191Z 
2026-07-26T08:18:09.1926494Z #19 [runtime 2/3] WORKDIR /app
2026-07-26T08:18:09.1927750Z #19 sha256:30a13c38083b6617b9701d16db3db957591d7d40742407e7c85fdea6d9fc6bdb 93B / 93B 0.1s done
2026-07-26T08:18:09.1928392Z #19 DONE 0.1s
2026-07-26T08:18:09.3925721Z 
2026-07-26T08:18:09.3926141Z #19 [runtime 2/3] WORKDIR /app
2026-07-26T08:18:09.3926562Z #19 extracting sha256:30a13c38083b6617b9701d16db3db957591d7d40742407e7c85fdea6d9fc6bdb done
2026-07-26T08:18:09.3926910Z #19 DONE 0.1s
2026-07-26T08:18:09.3927000Z 
2026-07-26T08:18:09.3927123Z #20 [runtime 3/3] COPY --from=build /app/publish ./
2026-07-26T08:18:09.3927392Z #20 DONE 0.0s
2026-07-26T08:18:09.3927479Z 
2026-07-26T08:18:09.3927554Z #21 exporting to image
2026-07-26T08:18:09.3927723Z #21 exporting layers
2026-07-26T08:18:09.4548601Z #21 exporting layers 0.2s done
2026-07-26T08:18:09.6257864Z #21 exporting manifest sha256:8745b714c8b23b5b18f882e954e0ed2b69a83b19644d88fab16b2425f79c552b done
2026-07-26T08:18:09.6258788Z #21 exporting config sha256:ab8f271338a193149d6a120dcdd5e28fb2ba18ebc81ba92eff054cb94beb820b done
2026-07-26T08:18:09.6259709Z #21 exporting attestation manifest sha256:1a1ed6cd0f12b6706a346e8fa2ca22b81597ec500520802e000dd2b6fce8729e done
2026-07-26T08:18:09.6260665Z #21 exporting manifest list sha256:bca32b90a3b9f16aedb751ec8787f15f023bc0c62fa54bfbcfaba4bc4bf254f6 done
2026-07-26T08:18:09.6261301Z #21 pushing layers
2026-07-26T08:18:09.7886246Z #21 ...
2026-07-26T08:18:09.7886455Z 
2026-07-26T08:18:09.7886653Z #22 [auth] pkinerd/ednsv:pull,push token for ghcr.io
2026-07-26T08:18:09.7887043Z #22 DONE 0.0s
2026-07-26T08:18:09.9390465Z 
2026-07-26T08:18:09.9390962Z #23 exporting to GitHub Actions Cache
2026-07-26T08:18:09.9391255Z #23 preparing build cache for export
2026-07-26T08:18:10.0218126Z #23 preparing build cache for export 0.5s done
2026-07-26T08:18:10.0218469Z #23 sending cache export
2026-07-26T08:18:10.3810104Z #23 writing layer sha256:3e59e579946fb2a4342b0d367b6848b730cbc9d1e27b1b4337114e74b49c8a5f
2026-07-26T08:18:11.2908452Z #23 writing layer sha256:3e59e579946fb2a4342b0d367b6848b730cbc9d1e27b1b4337114e74b49c8a5f 0.9s done
2026-07-26T08:18:11.6495670Z #23 writing layer sha256:51155e30ce990fd17dde9d98a05695ed3262462e1f2d3521554dc5e431959726
2026-07-26T08:18:12.8059440Z #23 writing layer sha256:51155e30ce990fd17dde9d98a05695ed3262462e1f2d3521554dc5e431959726 1.3s done
2026-07-26T08:18:13.0241287Z #23 writing layer sha256:575f550782103a4d31c66dbb8501da65bea58e007d2c62f1f1d547516c36624a
2026-07-26T08:18:13.1885375Z #23 writing layer sha256:575f550782103a4d31c66dbb8501da65bea58e007d2c62f1f1d547516c36624a 0.3s done
2026-07-26T08:18:14.2038770Z #23 ...
2026-07-26T08:18:14.2039033Z 
2026-07-26T08:18:14.2039273Z #21 exporting to image
2026-07-26T08:18:14.2039580Z #21 pushing layers 0.2s done
2026-07-26T08:18:14.2040331Z #21 pushing manifest for ghcr.io/pkinerd/ednsv:pr-28@sha256:bca32b90a3b9f16aedb751ec8787f15f023bc0c62fa54bfbcfaba4bc4bf254f6 1.2s done
2026-07-26T08:18:14.2041093Z #21 pushing manifest for ghcr.io/pkinerd/ednsv:latest-any@sha256:bca32b90a3b9f16aedb751ec8787f15f023bc0c62fa54bfbcfaba4bc4bf254f6 0.6s done
2026-07-26T08:18:14.2041808Z #21 pushing manifest for ghcr.io/pkinerd/ednsv:sha-b37beee@sha256:bca32b90a3b9f16aedb751ec8787f15f023bc0c62fa54bfbcfaba4bc4bf254f6 0.5s done
2026-07-26T08:18:14.2042265Z #21 DONE 5.0s
2026-07-26T08:18:14.2707907Z 
2026-07-26T08:18:14.2708674Z #23 exporting to GitHub Actions Cache
2026-07-26T08:18:14.2709397Z #23 sending cache export 4.2s done
2026-07-26T08:18:14.2709852Z #23 DONE 4.8s
2026-07-26T08:18:14.2710111Z 
2026-07-26T08:18:14.2710377Z #24 resolving provenance for metadata file
2026-07-26T08:18:14.2710885Z #24 DONE 0.0s
2026-07-26T08:18:14.2796032Z ##[group]ImageID
2026-07-26T08:18:14.2796550Z sha256:bca32b90a3b9f16aedb751ec8787f15f023bc0c62fa54bfbcfaba4bc4bf254f6
2026-07-26T08:18:14.2797280Z ##[endgroup]
2026-07-26T08:18:14.2797696Z ##[group]Digest
2026-07-26T08:18:14.2798150Z sha256:bca32b90a3b9f16aedb751ec8787f15f023bc0c62fa54bfbcfaba4bc4bf254f6
2026-07-26T08:18:14.2798775Z ##[endgroup]
2026-07-26T08:18:14.2799291Z ##[group]Metadata
2026-07-26T08:18:14.2802155Z {
2026-07-26T08:18:14.2802857Z   "buildx.build.provenance": {
2026-07-26T08:18:14.2803100Z     "builder": {
2026-07-26T08:18:14.2803390Z       "id": "https://github.com/pkinerd/ednsv/actions/runs/30194326662/attempts/1"
2026-07-26T08:18:14.2803700Z     },
2026-07-26T08:18:14.2803956Z     "buildType": "https://mobyproject.org/buildkit@v1",
2026-07-26T08:18:14.2804222Z     "materials": [
2026-07-26T08:18:14.2804383Z       {
2026-07-26T08:18:14.2804700Z         "uri": "pkg:docker/docker/dockerfile@1.7",
2026-07-26T08:18:14.2804980Z         "digest": {
2026-07-26T08:18:14.2805265Z           "sha256": "a57df69d0ea827fb7266491f2813635de6f17269be881f696fbfdf2d83dda33e"
2026-07-26T08:18:14.2805611Z         }
2026-07-26T08:18:14.2805752Z       },
2026-07-26T08:18:14.2805894Z       {
2026-07-26T08:18:14.2806153Z         "uri": "pkg:docker/mcr.microsoft.com/dotnet/aspnet@8.0?platform=linux%2Famd64",
2026-07-26T08:18:14.2806630Z         "digest": {
2026-07-26T08:18:14.2807002Z           "sha256": "8f6a307ae32fb393a4b4bcde0a81f0ce3f0a715de0e5575df71f3030448f2dde"
2026-07-26T08:18:14.2807321Z         }
2026-07-26T08:18:14.2807476Z       },
2026-07-26T08:18:14.2807639Z       {
2026-07-26T08:18:14.2807900Z         "uri": "pkg:docker/mcr.microsoft.com/dotnet/sdk@8.0?platform=linux%2Famd64",
2026-07-26T08:18:14.2808208Z         "digest": {
2026-07-26T08:18:14.2808574Z           "sha256": "3c0edbfe1549dd93fb789dc96299a40df865ad7bffefcaf38e8c05940686d641"
2026-07-26T08:18:14.2809049Z         }
2026-07-26T08:18:14.2809284Z       }
2026-07-26T08:18:14.2809787Z     ],
2026-07-26T08:18:14.2810010Z     "invocation": {
2026-07-26T08:18:14.2810258Z       "configSource": {
2026-07-26T08:18:14.2810542Z         "entryPoint": "Dockerfile"
2026-07-26T08:18:14.2810757Z       },
2026-07-26T08:18:14.2810916Z       "parameters": {
2026-07-26T08:18:14.2811091Z         "frontend": "gateway.v0",
2026-07-26T08:18:14.2811414Z         "args": {
2026-07-26T08:18:14.2811591Z           "cmdline": "docker/dockerfile:1.7",
2026-07-26T08:18:14.2811906Z           "label:org.opencontainers.image.created": "2026-07-26T08:17:42.504Z",
2026-07-26T08:18:14.2812243Z           "label:org.opencontainers.image.description": "",
2026-07-26T08:18:14.2812544Z           "label:org.opencontainers.image.licenses": "",
2026-07-26T08:18:14.2812974Z           "label:org.opencontainers.image.revision": "b37beee0661aceb8d243a8052c75579dcd4119a3",
2026-07-26T08:18:14.2813474Z           "label:org.opencontainers.image.source": "https://github.com/pkinerd/ednsv",
2026-07-26T08:18:14.2813884Z           "label:org.opencontainers.image.title": "ednsv",
2026-07-26T08:18:14.2814427Z           "label:org.opencontainers.image.url": "https://github.com/pkinerd/ednsv",
2026-07-26T08:18:14.2815224Z           "label:org.opencontainers.image.version": "pr-28",
2026-07-26T08:18:14.2815573Z           "source": "docker/dockerfile:1.7"
2026-07-26T08:18:14.2815895Z         },
2026-07-26T08:18:14.2816118Z         "locals": [
2026-07-26T08:18:14.2816335Z           {
2026-07-26T08:18:14.2816547Z             "name": "context"
2026-07-26T08:18:14.2816864Z           },
2026-07-26T08:18:14.2817122Z           {
2026-07-26T08:18:14.2817392Z             "name": "dockerfile"
2026-07-26T08:18:14.2817717Z           }
2026-07-26T08:18:14.2817958Z         ],
2026-07-26T08:18:14.2818180Z         "root": {
2026-07-26T08:18:14.2818431Z           "configSource": {
2026-07-26T08:18:14.2818719Z             "path": "Dockerfile"
2026-07-26T08:18:14.2818979Z           },
2026-07-26T08:18:14.2819188Z           "request": {
2026-07-26T08:18:14.2819424Z             "args": {
2026-07-26T08:18:14.2819783Z               "label:org.opencontainers.image.created": "2026-07-26T08:17:42.504Z",
2026-07-26T08:18:14.2820265Z               "label:org.opencontainers.image.description": "",
2026-07-26T08:18:14.2820748Z               "label:org.opencontainers.image.licenses": "",
2026-07-26T08:18:14.2821385Z               "label:org.opencontainers.image.revision": "b37beee0661aceb8d243a8052c75579dcd4119a3",
2026-07-26T08:18:14.2822109Z               "label:org.opencontainers.image.source": "https://github.com/pkinerd/ednsv",
2026-07-26T08:18:14.2822695Z               "label:org.opencontainers.image.title": "ednsv",
2026-07-26T08:18:14.2823268Z               "label:org.opencontainers.image.url": "https://github.com/pkinerd/ednsv",
2026-07-26T08:18:14.2823857Z               "label:org.opencontainers.image.version": "pr-28",
2026-07-26T08:18:14.2824280Z               "vcs:localdir:context": ".",
2026-07-26T08:18:14.2824905Z               "vcs:localdir:dockerfile": ".",
2026-07-26T08:18:14.2825345Z               "vcs:revision": "b37beee0661aceb8d243a8052c75579dcd4119a3",
2026-07-26T08:18:14.2825831Z               "vcs:source": "https://github.com/pkinerd/ednsv"
2026-07-26T08:18:14.2826215Z             }
2026-07-26T08:18:14.2826439Z           }
2026-07-26T08:18:14.2826651Z         },
2026-07-26T08:18:14.2826903Z         "compatibilityVersion": 30
2026-07-26T08:18:14.2827220Z       },
2026-07-26T08:18:14.2827452Z       "environment": {
2026-07-26T08:18:14.2827728Z         "github_actor": "pkinerd",
2026-07-26T08:18:14.2828039Z         "github_actor_id": "169779439",
2026-07-26T08:18:14.2828389Z         "github_event_name": "pull_request",
2026-07-26T08:18:14.2828752Z         "github_event_payload": {
2026-07-26T08:18:14.2829065Z           "action": "synchronize",
2026-07-26T08:18:14.2829432Z           "after": "787ac09533d755f4c7a694582c6b87ecf4c03df1",
2026-07-26T08:18:14.2829882Z           "before": "2654f17f4e06486f606319d6fce03c7b177ecb84",
2026-07-26T08:18:14.2830249Z           "number": 28,
2026-07-26T08:18:14.2830740Z           "pull_request": {
2026-07-26T08:18:14.2831008Z             "_links": {
2026-07-26T08:18:14.2831247Z               "comments": {
2026-07-26T08:18:14.2831584Z                 "href": "https://api.github.com/repos/pkinerd/ednsv/issues/28/comments"
2026-07-26T08:18:14.2832036Z               },
2026-07-26T08:18:14.2832260Z               "commits": {
2026-07-26T08:18:14.2832638Z                 "href": "https://api.github.com/repos/pkinerd/ednsv/pulls/28/commits"
2026-07-26T08:18:14.2833054Z               },
2026-07-26T08:18:14.2833265Z               "html": {
2026-07-26T08:18:14.2833557Z                 "href": "https://github.com/pkinerd/ednsv/pull/28"
2026-07-26T08:18:14.2833903Z               },
2026-07-26T08:18:14.2834127Z               "issue": {
2026-07-26T08:18:14.2834508Z                 "href": "https://api.github.com/repos/pkinerd/ednsv/issues/28"
2026-07-26T08:18:14.2835059Z               },
2026-07-26T08:18:14.2835336Z               "review_comment": {
2026-07-26T08:18:14.2835752Z                 "href": "https://api.github.com/repos/pkinerd/ednsv/pulls/comments{/number}"
2026-07-26T08:18:14.2836197Z               },
2026-07-26T08:18:14.2836428Z               "review_comments": {
2026-07-26T08:18:14.2836832Z                 "href": "https://api.github.com/repos/pkinerd/ednsv/pulls/28/comments"
2026-07-26T08:18:14.2837370Z               },
2026-07-26T08:18:14.2837589Z               "self": {
2026-07-26T08:18:14.2837971Z                 "href": "https://api.github.com/repos/pkinerd/ednsv/pulls/28"
2026-07-26T08:18:14.2838386Z               },
2026-07-26T08:18:14.2838615Z               "statuses": {
2026-07-26T08:18:14.2839151Z                 "href": "https://api.github.com/repos/pkinerd/ednsv/statuses/787ac09533d755f4c7a694582c6b87ecf4c03df1"
2026-07-26T08:18:14.2839758Z               }
2026-07-26T08:18:14.2839973Z             },
2026-07-26T08:18:14.2840201Z             "active_lock_reason": null,
2026-07-26T08:18:14.2840500Z             "additions": 6873,
2026-07-26T08:18:14.2840806Z             "assignee": null,
2026-07-26T08:18:14.2841098Z             "assignees": [],
2026-07-26T08:18:14.2841454Z             "author_association": "OWNER",
2026-07-26T08:18:14.2841795Z             "auto_merge": null,
2026-07-26T08:18:14.2842089Z             "base": {
2026-07-26T08:18:14.2842360Z               "label": "pkinerd:main",
2026-07-26T08:18:14.2842680Z               "ref": "main",
2026-07-26T08:18:14.2842953Z               "repo": {
2026-07-26T08:18:14.2843204Z                 "allow_auto_merge": false,
2026-07-26T08:18:14.2843550Z                 "allow_forking": true,
2026-07-26T08:18:14.2843885Z                 "allow_merge_commit": true,
2026-07-26T08:18:14.2844227Z                 "allow_rebase_merge": true,
2026-07-26T08:18:14.2845213Z                 "allow_squash_merge": true,
2026-07-26T08:18:14.2845581Z                 "allow_update_branch": false,
2026-07-26T08:18:14.2846174Z                 "archive_url": "https://api.github.com/repos/pkinerd/ednsv/{archive_format}{/ref}",
2026-07-26T08:18:14.2846731Z                 "archived": false,
2026-07-26T08:18:14.2847212Z                 "assignees_url": "https://api.github.com/repos/pkinerd/ednsv/assignees{/user}",
2026-07-26T08:18:14.2847791Z                 "blobs_url": "https://api.github.com/repos/pkinerd/ednsv/git/blobs{/sha}",
2026-07-26T08:18:14.2848455Z                 "branches_url": "https://api.github.com/repos/pkinerd/ednsv/branches{/branch}",
2026-07-26T08:18:14.2849044Z                 "clone_url": "https://github.com/pkinerd/ednsv.git",
2026-07-26T08:18:14.2849821Z                 "collaborators_url": "https://api.github.com/repos/pkinerd/ednsv/collaborators{/collaborator}",
2026-07-26T08:18:14.2850721Z                 "comments_url": "https://api.github.com/repos/pkinerd/ednsv/comments{/number}",
2026-07-26T08:18:14.2851401Z                 "commits_url": "https://api.github.com/repos/pkinerd/ednsv/commits{/sha}",
2026-07-26T08:18:14.2852060Z                 "compare_url": "https://api.github.com/repos/pkinerd/ednsv/compare/{base}...{head}",
2026-07-26T08:18:14.2852973Z                 "contents_url": "https://api.github.com/repos/pkinerd/ednsv/contents/{+path}",
2026-07-26T08:18:14.2853748Z                 "contributors_url": "https://api.github.com/repos/pkinerd/ednsv/contributors",
2026-07-26T08:18:14.2854442Z                 "created_at": "2026-03-30T21:24:40Z",
2026-07-26T08:18:14.2854925Z                 "default_branch": "main",
2026-07-26T08:18:14.2855282Z                 "delete_branch_on_merge": false,
2026-07-26T08:18:14.2855811Z                 "deployments_url": "https://api.github.com/repos/pkinerd/ednsv/deployments",
2026-07-26T08:18:14.2856335Z                 "description": null,
2026-07-26T08:18:14.2856659Z                 "disabled": false,
2026-07-26T08:18:14.2857112Z                 "downloads_url": "https://api.github.com/repos/pkinerd/ednsv/downloads",
2026-07-26T08:18:14.2857739Z                 "events_url": "https://api.github.com/repos/pkinerd/ednsv/events",
2026-07-26T08:18:14.2858211Z                 "fork": false,
2026-07-26T08:18:14.2858524Z                 "forks": 0,
2026-07-26T08:18:14.2858811Z                 "forks_count": 0,
2026-07-26T08:18:14.2859225Z                 "forks_url": "https://api.github.com/repos/pkinerd/ednsv/forks",
2026-07-26T08:18:14.2859689Z                 "full_name": "pkinerd/ednsv",
2026-07-26T08:18:14.2860221Z                 "git_commits_url": "https://api.github.com/repos/pkinerd/ednsv/git/commits{/sha}",
2026-07-26T08:18:14.2860891Z                 "git_refs_url": "https://api.github.com/repos/pkinerd/ednsv/git/refs{/sha}",
2026-07-26T08:18:14.2861574Z                 "git_tags_url": "https://api.github.com/repos/pkinerd/ednsv/git/tags{/sha}",
2026-07-26T08:18:14.2862158Z                 "git_url": "git://github.com/pkinerd/ednsv.git",
2026-07-26T08:18:14.2863412Z                 "has_discussions": false,
2026-07-26T08:18:14.2863750Z                 "has_downloads": false,
2026-07-26T08:18:14.2864071Z                 "has_issues": true,
2026-07-26T08:18:14.2864365Z                 "has_pages": false,
2026-07-26T08:18:14.2864793Z                 "has_projects": true,
2026-07-26T08:18:14.2865136Z                 "has_pull_requests": true,
2026-07-26T08:18:14.2865492Z                 "has_wiki": true,
2026-07-26T08:18:14.2865784Z                 "homepage": null,
2026-07-26T08:18:14.2866227Z                 "hooks_url": "https://api.github.com/repos/pkinerd/ednsv/hooks",
2026-07-26T08:18:14.2866747Z                 "html_url": "https://github.com/pkinerd/ednsv",
2026-07-26T08:18:14.2867139Z                 "id": 1196602452,
2026-07-26T08:18:14.2867449Z                 "is_template": false,
2026-07-26T08:18:14.2868012Z                 "issue_comment_url": "https://api.github.com/repos/pkinerd/ednsv/issues/comments{/number}",
2026-07-26T08:18:14.2868812Z                 "issue_events_url": "https://api.github.com/repos/pkinerd/ednsv/issues/events{/number}",
2026-07-26T08:18:14.2869536Z                 "issues_url": "https://api.github.com/repos/pkinerd/ednsv/issues{/number}",
2026-07-26T08:18:14.2870197Z                 "keys_url": "https://api.github.com/repos/pkinerd/ednsv/keys{/key_id}",
2026-07-26T08:18:14.2870842Z                 "labels_url": "https://api.github.com/repos/pkinerd/ednsv/labels{/name}",
2026-07-26T08:18:14.2871347Z                 "language": "C#",
2026-07-26T08:18:14.2871849Z                 "languages_url": "https://api.github.com/repos/pkinerd/ednsv/languages",
2026-07-26T08:18:14.2872376Z                 "license": null,
2026-07-26T08:18:14.2872716Z                 "merge_commit_message": "PR_TITLE",
2026-07-26T08:18:14.2873111Z                 "merge_commit_title": "MERGE_MESSAGE",
2026-07-26T08:18:14.2873615Z                 "merges_url": "https://api.github.com/repos/pkinerd/ednsv/merges",
2026-07-26T08:18:14.2874291Z                 "milestones_url": "https://api.github.com/repos/pkinerd/ednsv/milestones{/number}",
2026-07-26T08:18:14.2874987Z                 "mirror_url": null,
2026-07-26T08:18:14.2875302Z                 "name": "ednsv",
2026-07-26T08:18:14.2875813Z                 "node_id": "R_kgDOR1K0VA",
2026-07-26T08:18:14.2876505Z                 "notifications_url": "https://api.github.com/repos/pkinerd/ednsv/notifications{?since,all,participating}",
2026-07-26T08:18:14.2877191Z                 "open_issues": 1,
2026-07-26T08:18:14.2877633Z                 "open_issues_count": 1,
2026-07-26T08:18:14.2877967Z                 "owner": {
2026-07-26T08:18:14.2878401Z                   "avatar_url": "https://avatars.githubusercontent.com/u/169779439?v=4",
2026-07-26T08:18:14.2879062Z                   "events_url": "https://api.github.com/users/pkinerd/events{/privacy}",
2026-07-26T08:18:14.2879700Z                   "followers_url": "https://api.github.com/users/pkinerd/followers",
2026-07-26T08:18:14.2880371Z                   "following_url": "https://api.github.com/users/pkinerd/following{/other_user}",
2026-07-26T08:18:14.2881039Z                   "gists_url": "https://api.github.com/users/pkinerd/gists{/gist_id}",
2026-07-26T08:18:14.2881543Z                   "gravatar_id": "",
2026-07-26T08:18:14.2881920Z                   "html_url": "https://github.com/pkinerd",
2026-07-26T08:18:14.2882308Z                   "id": 169779439,
2026-07-26T08:18:14.2882622Z                   "login": "pkinerd",
2026-07-26T08:18:14.2882968Z                   "node_id": "U_kgDOCh6g7w",
2026-07-26T08:18:14.2883464Z                   "organizations_url": "https://api.github.com/users/pkinerd/orgs",
2026-07-26T08:18:14.2884274Z                   "received_events_url": "https://api.github.com/users/pkinerd/received_events",
2026-07-26T08:18:14.2885498Z                   "repos_url": "https://api.github.com/users/pkinerd/repos",
2026-07-26T08:18:14.2886070Z                   "site_admin": false,
2026-07-26T08:18:14.2886734Z                   "starred_url": "https://api.github.com/users/pkinerd/starred{/owner}{/repo}",
2026-07-26T08:18:14.2887537Z                   "subscriptions_url": "https://api.github.com/users/pkinerd/subscriptions",
2026-07-26T08:18:14.2888172Z                   "type": "User",
2026-07-26T08:18:14.2888706Z                   "url": "https://api.github.com/users/pkinerd",
2026-07-26T08:18:14.2905271Z                   "user_view_type": "public"
2026-07-26T08:18:14.2905615Z                 },
2026-07-26T08:18:14.2905880Z                 "private": false,
2026-07-26T08:18:14.2906214Z                 "pull_request_creation_policy": "all",
2026-07-26T08:18:14.2906707Z                 "pulls_url": "https://api.github.com/repos/pkinerd/ednsv/pulls{/number}",
2026-07-26T08:18:14.2907229Z                 "pushed_at": "2026-07-26T08:16:28Z",
2026-07-26T08:18:14.2907688Z                 "releases_url": "https://api.github.com/repos/pkinerd/ednsv/releases{/id}",
2026-07-26T08:18:14.2908132Z                 "size": 36094,
2026-07-26T08:18:14.2908469Z                 "squash_merge_commit_message": "COMMIT_MESSAGES",
2026-07-26T08:18:14.2908883Z                 "squash_merge_commit_title": "COMMIT_OR_PR_TITLE",
2026-07-26T08:18:14.2909281Z                 "ssh_url": "git@github.com:pkinerd/ednsv.git",
2026-07-26T08:18:14.2909637Z                 "stargazers_count": 0,
2026-07-26T08:18:14.2910069Z                 "stargazers_url": "https://api.github.com/repos/pkinerd/ednsv/stargazers",
2026-07-26T08:18:14.2910652Z                 "statuses_url": "https://api.github.com/repos/pkinerd/ednsv/statuses/{sha}",
2026-07-26T08:18:14.2911239Z                 "subscribers_url": "https://api.github.com/repos/pkinerd/ednsv/subscribers",
2026-07-26T08:18:14.2911882Z                 "subscription_url": "https://api.github.com/repos/pkinerd/ednsv/subscription",
2026-07-26T08:18:14.2912456Z                 "svn_url": "https://github.com/pkinerd/ednsv",
2026-07-26T08:18:14.2912897Z                 "tags_url": "https://api.github.com/repos/pkinerd/ednsv/tags",
2026-07-26T08:18:14.2913363Z                 "teams_url": "https://api.github.com/repos/pkinerd/ednsv/teams",
2026-07-26T08:18:14.2913764Z                 "topics": [],
2026-07-26T08:18:14.2914200Z                 "trees_url": "https://api.github.com/repos/pkinerd/ednsv/git/trees{/sha}",
2026-07-26T08:18:14.2915040Z                 "updated_at": "2026-07-24T14:18:46Z",
2026-07-26T08:18:14.2915462Z                 "url": "https://api.github.com/repos/pkinerd/ednsv",
2026-07-26T08:18:14.2916060Z                 "use_squash_pr_title_as_default": false,
2026-07-26T08:18:14.2916433Z                 "visibility": "public",
2026-07-26T08:18:14.2916755Z                 "watchers": 0,
2026-07-26T08:18:14.2917047Z                 "watchers_count": 0,
2026-07-26T08:18:14.2917385Z                 "web_commit_signoff_required": false
2026-07-26T08:18:14.2917725Z               },
2026-07-26T08:18:14.2918044Z               "sha": "0907a58f50a6c98d23ae466ed31c3a0c15264622",
2026-07-26T08:18:14.2918419Z               "user": {
2026-07-26T08:18:14.2918833Z                 "avatar_url": "https://avatars.githubusercontent.com/u/169779439?v=4",
2026-07-26T08:18:14.2919449Z                 "events_url": "https://api.github.com/users/pkinerd/events{/privacy}",
2026-07-26T08:18:14.2920110Z                 "followers_url": "https://api.github.com/users/pkinerd/followers",
2026-07-26T08:18:14.2920744Z                 "following_url": "https://api.github.com/users/pkinerd/following{/other_user}",
2026-07-26T08:18:14.2921379Z                 "gists_url": "https://api.github.com/users/pkinerd/gists{/gist_id}",
2026-07-26T08:18:14.2921836Z                 "gravatar_id": "",
2026-07-26T08:18:14.2922186Z                 "html_url": "https://github.com/pkinerd",
2026-07-26T08:18:14.2922540Z                 "id": 169779439,
2026-07-26T08:18:14.2922831Z                 "login": "pkinerd",
2026-07-26T08:18:14.2923144Z                 "node_id": "U_kgDOCh6g7w",
2026-07-26T08:18:14.2923598Z                 "organizations_url": "https://api.github.com/users/pkinerd/orgs",
2026-07-26T08:18:14.2924234Z                 "received_events_url": "https://api.github.com/users/pkinerd/received_events",
2026-07-26T08:18:14.2924976Z                 "repos_url": "https://api.github.com/users/pkinerd/repos",
2026-07-26T08:18:14.2925417Z                 "site_admin": false,
2026-07-26T08:18:14.2925933Z                 "starred_url": "https://api.github.com/users/pkinerd/starred{/owner}{/repo}",
2026-07-26T08:18:14.2926628Z                 "subscriptions_url": "https://api.github.com/users/pkinerd/subscriptions",
2026-07-26T08:18:14.2927140Z                 "type": "User",
2026-07-26T08:18:14.2927477Z                 "url": "https://api.github.com/users/pkinerd",
2026-07-26T08:18:14.2927854Z                 "user_view_type": "public"
2026-07-26T08:18:14.2928158Z               }
2026-07-26T08:18:14.2928371Z             },
2026-07-26T08:18:14.2942352Z             "body": "Four defects in the same family — file writes that assume they are the\nonly writer, and a read that destroys data when it fails.\n\n1. Fixed temp-file paths. Six write sites built their scratch file as\n   \"<target>.tmp\": ConfigService (config.json, revision bodies, the\n   history index), AuthService (users.json) and DiskCacheService (the\n   eleven merge-saved cache files, domain-results.json). The rename is\n   atomic, but the scratch path is shared state — two writers (two\n   replicas on one mount, a CLI run alongside the web service) truncate\n   and interleave into it, after which one rename publishes the mixture\n   and the other throws FileNotFoundException because the temp has\n   already been moved away. In ConfigService and AuthService that\n   exception escapes a save request as a 500.\n\n   Adds AtomicFile, which writes through a per-write unique temp name,\n   removes its scratch file when a write fails, and sweeps orphans left\n   by a killed process. The sweep is age-gated so it cannot delete a\n   temp belonging to an in-flight write. Concurrent writers still race\n   to publish and the last rename wins — the callers already assume\n   that — but the target is now always exactly one writer's complete\n   payload.\n\n   DiskCacheService.Clear and the startup load sweep the new names as\n   well as the legacy fixed one.\n\n2. ConfigService.LoadOrSeed overwrote a live config on a transient read\n   error. Any failure to read or parse an existing config.json fell\n   through to the seed path, which writes to disk — so a momentary I/O\n   error or sharing violation silently replaced the operator's saved\n   settings with env-var defaults and recorded that as a revision. It\n   now throws ConfigUnreadableException and the web host fails closed\n   with a clear message. An empty file still seeds, since there is\n   nothing to lose.\n\n3. CacheManager.ClearAllAsync deleted the cache files without holding\n   the flusher's lock. A flush that had already sampled the in-memory\n   caches would finish writing them out after the delete, so an admin\n   cache-clear reported success and the stale entries reappeared on\n   disk. The delete now runs under the same semaphore as the flush.\n\n4. CacheManager.FlushAsync bypassed all serialisation when no\n   background flusher exists (CLI runs), leaving concurrent saves free\n   to interleave read-modify-write on each cache file. It now takes a\n   local lock.\n\nAdds AtomicFileTests and CacheManagerClearTests, and extends\nConfigServiceTests and DiskCacheClearTests. The two concurrency tests\nwere verified to fail against the old fixed-name implementation.\n\nCo-Authored-By: Claude Opus 5 <noreply@anthropic.com>\nClaude-Session: https://claude.ai/code/session_01611PR4pvQSGB1t9K3hNAwE",
2026-07-26T08:18:14.2952876Z             "changed_files": 49,
2026-07-26T08:18:14.2953084Z             "closed_at": null,
2026-07-26T08:18:14.2953273Z             "comments": 0,
2026-07-26T08:18:14.2953585Z             "comments_url": "https://api.github.com/repos/pkinerd/ednsv/issues/28/comments",
2026-07-26T08:18:14.2953913Z             "commits": 18,
2026-07-26T08:18:14.2954194Z             "commits_url": "https://api.github.com/repos/pkinerd/ednsv/pulls/28/commits",
2026-07-26T08:18:14.2954517Z             "created_at": "2026-07-26T02:03:41Z",
2026-07-26T08:18:14.2954924Z             "deletions": 765,
2026-07-26T08:18:14.2955186Z             "diff_url": "https://github.com/pkinerd/ednsv/pull/28.diff",
2026-07-26T08:18:14.2955453Z             "draft": false,
2026-07-26T08:18:14.2955629Z             "head": {
2026-07-26T08:18:14.2955855Z               "label": "pkinerd:claude/redis-dependency-removal-213elh",
2026-07-26T08:18:14.2956163Z               "ref": "claude/redis-dependency-removal-213elh",
2026-07-26T08:18:14.2956405Z               "repo": {
2026-07-26T08:18:14.2956585Z                 "allow_auto_merge": false,
2026-07-26T08:18:14.2956800Z                 "allow_forking": true,
2026-07-26T08:18:14.2957004Z                 "allow_merge_commit": true,
2026-07-26T08:18:14.2957215Z                 "allow_rebase_merge": true,
2026-07-26T08:18:14.2957416Z                 "allow_squash_merge": true,
2026-07-26T08:18:14.2957625Z                 "allow_update_branch": false,
2026-07-26T08:18:14.2957955Z                 "archive_url": "https://api.github.com/repos/pkinerd/ednsv/{archive_format}{/ref}",
2026-07-26T08:18:14.2958282Z                 "archived": false,
2026-07-26T08:18:14.2958579Z                 "assignees_url": "https://api.github.com/repos/pkinerd/ednsv/assignees{/user}",
2026-07-26T08:18:14.2958980Z                 "blobs_url": "https://api.github.com/repos/pkinerd/ednsv/git/blobs{/sha}",
2026-07-26T08:18:14.2959381Z                 "branches_url": "https://api.github.com/repos/pkinerd/ednsv/branches{/branch}",
2026-07-26T08:18:14.2959735Z                 "clone_url": "https://github.com/pkinerd/ednsv.git",
2026-07-26T08:18:14.2960131Z                 "collaborators_url": "https://api.github.com/repos/pkinerd/ednsv/collaborators{/collaborator}",
2026-07-26T08:18:14.2960606Z                 "comments_url": "https://api.github.com/repos/pkinerd/ednsv/comments{/number}",
2026-07-26T08:18:14.2961004Z                 "commits_url": "https://api.github.com/repos/pkinerd/ednsv/commits{/sha}",
2026-07-26T08:18:14.2961422Z                 "compare_url": "https://api.github.com/repos/pkinerd/ednsv/compare/{base}...{head}",
2026-07-26T08:18:14.2962032Z                 "contents_url": "https://api.github.com/repos/pkinerd/ednsv/contents/{+path}",
2026-07-26T08:18:14.2962444Z                 "contributors_url": "https://api.github.com/repos/pkinerd/ednsv/contributors",
2026-07-26T08:18:14.2962872Z                 "created_at": "2026-03-30T21:24:40Z",
2026-07-26T08:18:14.2963107Z                 "default_branch": "main",
2026-07-26T08:18:14.2963331Z                 "delete_branch_on_merge": false,
2026-07-26T08:18:14.2963725Z                 "deployments_url": "https://api.github.com/repos/pkinerd/ednsv/deployments",
2026-07-26T08:18:14.2964222Z                 "description": null,
2026-07-26T08:18:14.2964530Z                 "disabled": false,
2026-07-26T08:18:14.2965079Z                 "downloads_url": "https://api.github.com/repos/pkinerd/ednsv/downloads",
2026-07-26T08:18:14.2965478Z                 "events_url": "https://api.github.com/repos/pkinerd/ednsv/events",
2026-07-26T08:18:14.2965765Z                 "fork": false,
2026-07-26T08:18:14.2965951Z                 "forks": 0,
2026-07-26T08:18:14.2966135Z                 "forks_count": 0,
2026-07-26T08:18:14.2966394Z                 "forks_url": "https://api.github.com/repos/pkinerd/ednsv/forks",
2026-07-26T08:18:14.2966684Z                 "full_name": "pkinerd/ednsv",
2026-07-26T08:18:14.2967011Z                 "git_commits_url": "https://api.github.com/repos/pkinerd/ednsv/git/commits{/sha}",
2026-07-26T08:18:14.2967419Z                 "git_refs_url": "https://api.github.com/repos/pkinerd/ednsv/git/refs{/sha}",
2026-07-26T08:18:14.2967797Z                 "git_tags_url": "https://api.github.com/repos/pkinerd/ednsv/git/tags{/sha}",
2026-07-26T08:18:14.2968136Z                 "git_url": "git://github.com/pkinerd/ednsv.git",
2026-07-26T08:18:14.2968381Z                 "has_discussions": false,
2026-07-26T08:18:14.2968592Z                 "has_downloads": false,
2026-07-26T08:18:14.2968793Z                 "has_issues": true,
2026-07-26T08:18:14.2968990Z                 "has_pages": false,
2026-07-26T08:18:14.2969183Z                 "has_projects": true,
2026-07-26T08:18:14.2969388Z                 "has_pull_requests": true,
2026-07-26T08:18:14.2969591Z                 "has_wiki": true,
2026-07-26T08:18:14.2969778Z                 "homepage": null,
2026-07-26T08:18:14.2970030Z                 "hooks_url": "https://api.github.com/repos/pkinerd/ednsv/hooks",
2026-07-26T08:18:14.2970338Z                 "html_url": "https://github.com/pkinerd/ednsv",
2026-07-26T08:18:14.2970575Z                 "id": 1196602452,
2026-07-26T08:18:14.2970777Z                 "is_template": false,
2026-07-26T08:18:14.2971107Z                 "issue_comment_url": "https://api.github.com/repos/pkinerd/ednsv/issues/comments{/number}",
2026-07-26T08:18:14.2971569Z                 "issue_events_url": "https://api.github.com/repos/pkinerd/ednsv/issues/events{/number}",
2026-07-26T08:18:14.2971987Z                 "issues_url": "https://api.github.com/repos/pkinerd/ednsv/issues{/number}",
2026-07-26T08:18:14.2972366Z                 "keys_url": "https://api.github.com/repos/pkinerd/ednsv/keys{/key_id}",
2026-07-26T08:18:14.2972732Z                 "labels_url": "https://api.github.com/repos/pkinerd/ednsv/labels{/name}",
2026-07-26T08:18:14.2973027Z                 "language": "C#",
2026-07-26T08:18:14.2973304Z                 "languages_url": "https://api.github.com/repos/pkinerd/ednsv/languages",
2026-07-26T08:18:14.2973600Z                 "license": null,
2026-07-26T08:18:14.2973807Z                 "merge_commit_message": "PR_TITLE",
2026-07-26T08:18:14.2974044Z                 "merge_commit_title": "MERGE_MESSAGE",
2026-07-26T08:18:14.2974332Z                 "merges_url": "https://api.github.com/repos/pkinerd/ednsv/merges",
2026-07-26T08:18:14.2974871Z                 "milestones_url": "https://api.github.com/repos/pkinerd/ednsv/milestones{/number}",
2026-07-26T08:18:14.2975202Z                 "mirror_url": null,
2026-07-26T08:18:14.2975397Z                 "name": "ednsv",
2026-07-26T08:18:14.2975734Z                 "node_id": "R_kgDOR1K0VA",
2026-07-26T08:18:14.2976127Z                 "notifications_url": "https://api.github.com/repos/pkinerd/ednsv/notifications{?since,all,participating}",
2026-07-26T08:18:14.2976514Z                 "open_issues": 1,
2026-07-26T08:18:14.2976800Z                 "open_issues_count": 1,
2026-07-26T08:18:14.2977002Z                 "owner": {
2026-07-26T08:18:14.2977267Z                   "avatar_url": "https://avatars.githubusercontent.com/u/169779439?v=4",
2026-07-26T08:18:14.2977637Z                   "events_url": "https://api.github.com/users/pkinerd/events{/privacy}",
2026-07-26T08:18:14.2978001Z                   "followers_url": "https://api.github.com/users/pkinerd/followers",
2026-07-26T08:18:14.2978410Z                   "following_url": "https://api.github.com/users/pkinerd/following{/other_user}",
2026-07-26T08:18:14.2978802Z                   "gists_url": "https://api.github.com/users/pkinerd/gists{/gist_id}",
2026-07-26T08:18:14.2979098Z                   "gravatar_id": "",
2026-07-26T08:18:14.2979332Z                   "html_url": "https://github.com/pkinerd",
2026-07-26T08:18:14.2979567Z                   "id": 169779439,
2026-07-26T08:18:14.2979770Z                   "login": "pkinerd",
2026-07-26T08:18:14.2979981Z                   "node_id": "U_kgDOCh6g7w",
2026-07-26T08:18:14.2980273Z                   "organizations_url": "https://api.github.com/users/pkinerd/orgs",
2026-07-26T08:18:14.2980664Z                   "received_events_url": "https://api.github.com/users/pkinerd/received_events",
2026-07-26T08:18:14.2981027Z                   "repos_url": "https://api.github.com/users/pkinerd/repos",
2026-07-26T08:18:14.2981296Z                   "site_admin": false,
2026-07-26T08:18:14.2981595Z                   "starred_url": "https://api.github.com/users/pkinerd/starred{/owner}{/repo}",
2026-07-26T08:18:14.2982005Z                   "subscriptions_url": "https://api.github.com/users/pkinerd/subscriptions",
2026-07-26T08:18:14.2982313Z                   "type": "User",
2026-07-26T08:18:14.2982547Z                   "url": "https://api.github.com/users/pkinerd",
2026-07-26T08:18:14.2982795Z                   "user_view_type": "public"
2026-07-26T08:18:14.2983003Z                 },
2026-07-26T08:18:14.2983174Z                 "private": false,
2026-07-26T08:18:14.2983397Z                 "pull_request_creation_policy": "all",
2026-07-26T08:18:14.2983718Z                 "pulls_url": "https://api.github.com/repos/pkinerd/ednsv/pulls{/number}",
2026-07-26T08:18:14.2984031Z                 "pushed_at": "2026-07-26T08:16:28Z",
2026-07-26T08:18:14.2984345Z                 "releases_url": "https://api.github.com/repos/pkinerd/ednsv/releases{/id}",
2026-07-26T08:18:14.2984816Z                 "size": 36094,
2026-07-26T08:18:14.2985042Z                 "squash_merge_commit_message": "COMMIT_MESSAGES",
2026-07-26T08:18:14.2985320Z                 "squash_merge_commit_title": "COMMIT_OR_PR_TITLE",
2026-07-26T08:18:14.2985588Z                 "ssh_url": "git@github.com:pkinerd/ednsv.git",
2026-07-26T08:18:14.2985832Z                 "stargazers_count": 0,
2026-07-26T08:18:14.2986127Z                 "stargazers_url": "https://api.github.com/repos/pkinerd/ednsv/stargazers",
2026-07-26T08:18:14.2986520Z                 "statuses_url": "https://api.github.com/repos/pkinerd/ednsv/statuses/{sha}",
2026-07-26T08:18:14.2986912Z                 "subscribers_url": "https://api.github.com/repos/pkinerd/ednsv/subscribers",
2026-07-26T08:18:14.2987313Z                 "subscription_url": "https://api.github.com/repos/pkinerd/ednsv/subscription",
2026-07-26T08:18:14.2987654Z                 "svn_url": "https://github.com/pkinerd/ednsv",
2026-07-26T08:18:14.2987948Z                 "tags_url": "https://api.github.com/repos/pkinerd/ednsv/tags",
2026-07-26T08:18:14.2988284Z                 "teams_url": "https://api.github.com/repos/pkinerd/ednsv/teams",
2026-07-26T08:18:14.2988554Z                 "topics": [],
2026-07-26T08:18:14.2988838Z                 "trees_url": "https://api.github.com/repos/pkinerd/ednsv/git/trees{/sha}",
2026-07-26T08:18:14.2989269Z                 "updated_at": "2026-07-24T14:18:46Z",
2026-07-26T08:18:14.2989527Z                 "url": "https://api.github.com/repos/pkinerd/ednsv",
2026-07-26T08:18:14.2989889Z                 "use_squash_pr_title_as_default": false,
2026-07-26T08:18:14.2990122Z                 "visibility": "public",
2026-07-26T08:18:14.2990325Z                 "watchers": 0,
2026-07-26T08:18:14.2990511Z                 "watchers_count": 0,
2026-07-26T08:18:14.2990721Z                 "web_commit_signoff_required": false
2026-07-26T08:18:14.2990933Z               },
2026-07-26T08:18:14.2991127Z               "sha": "787ac09533d755f4c7a694582c6b87ecf4c03df1",
2026-07-26T08:18:14.2991361Z               "user": {
2026-07-26T08:18:14.2991625Z                 "avatar_url": "https://avatars.githubusercontent.com/u/169779439?v=4",
2026-07-26T08:18:14.2991990Z                 "events_url": "https://api.github.com/users/pkinerd/events{/privacy}",
2026-07-26T08:18:14.2992347Z                 "followers_url": "https://api.github.com/users/pkinerd/followers",
2026-07-26T08:18:14.2992726Z                 "following_url": "https://api.github.com/users/pkinerd/following{/other_user}",
2026-07-26T08:18:14.2993107Z                 "gists_url": "https://api.github.com/users/pkinerd/gists{/gist_id}",
2026-07-26T08:18:14.2993384Z                 "gravatar_id": "",
2026-07-26T08:18:14.2993599Z                 "html_url": "https://github.com/pkinerd",
2026-07-26T08:18:14.2993823Z                 "id": 169779439,
2026-07-26T08:18:14.2994006Z                 "login": "pkinerd",
2026-07-26T08:18:14.2994202Z                 "node_id": "U_kgDOCh6g7w",
2026-07-26T08:18:14.2994486Z                 "organizations_url": "https://api.github.com/users/pkinerd/orgs",
2026-07-26T08:18:14.2995109Z                 "received_events_url": "https://api.github.com/users/pkinerd/received_events",
2026-07-26T08:18:14.2995466Z                 "repos_url": "https://api.github.com/users/pkinerd/repos",
2026-07-26T08:18:14.2995738Z                 "site_admin": false,
2026-07-26T08:18:14.2996029Z                 "starred_url": "https://api.github.com/users/pkinerd/starred{/owner}{/repo}",
2026-07-26T08:18:14.2996427Z                 "subscriptions_url": "https://api.github.com/users/pkinerd/subscriptions",
2026-07-26T08:18:14.2996726Z                 "type": "User",
2026-07-26T08:18:14.2996944Z                 "url": "https://api.github.com/users/pkinerd",
2026-07-26T08:18:14.2997183Z                 "user_view_type": "public"
2026-07-26T08:18:14.2997375Z               }
2026-07-26T08:18:14.2997525Z             },
2026-07-26T08:18:14.2997725Z             "html_url": "https://github.com/pkinerd/ednsv/pull/28",
2026-07-26T08:18:14.2997972Z             "id": 4134707627,
2026-07-26T08:18:14.2998227Z             "issue_url": "https://api.github.com/repos/pkinerd/ednsv/issues/28",
2026-07-26T08:18:14.2998503Z             "labels": [],
2026-07-26T08:18:14.2998677Z             "locked": false,
2026-07-26T08:18:14.2998870Z             "maintainer_can_modify": false,
2026-07-26T08:18:14.2999137Z             "merge_commit_sha": "f06d1ba03057d6e48a91da7b8aa05676f2444d25",
2026-07-26T08:18:14.2999402Z             "mergeable": null,
2026-07-26T08:18:14.2999600Z             "mergeable_state": "unknown",
2026-07-26T08:18:14.2999812Z             "merged": false,
2026-07-26T08:18:14.2999990Z             "merged_at": null,
2026-07-26T08:18:14.3000167Z             "merged_by": null,
2026-07-26T08:18:14.3000343Z             "milestone": null,
2026-07-26T08:18:14.3000537Z             "node_id": "PR_kwDOR1K0VM72cqGr",
2026-07-26T08:18:14.3000744Z             "number": 28,
2026-07-26T08:18:14.3000979Z             "patch_url": "https://github.com/pkinerd/ednsv/pull/28.patch",
2026-07-26T08:18:14.3001243Z             "rebaseable": null,
2026-07-26T08:18:14.3001439Z             "requested_reviewers": [],
2026-07-26T08:18:14.3001648Z             "requested_teams": [],
2026-07-26T08:18:14.3001978Z             "review_comment_url": "https://api.github.com/repos/pkinerd/ednsv/pulls/comments{/number}",
2026-07-26T08:18:14.3002447Z             "review_comments": 0,
2026-07-26T08:18:14.3002758Z             "review_comments_url": "https://api.github.com/repos/pkinerd/ednsv/pulls/28/comments",
2026-07-26T08:18:14.3003197Z             "state": "open",
2026-07-26T08:18:14.3003570Z             "statuses_url": "https://api.github.com/repos/pkinerd/ednsv/statuses/787ac09533d755f4c7a694582c6b87ecf4c03df1",
2026-07-26T08:18:14.3004058Z             "title": "Fix unguarded concurrent file access in config, auth and disk cache",
2026-07-26T08:18:14.3004371Z             "updated_at": "2026-07-26T08:16:29Z",
2026-07-26T08:18:14.3004806Z             "url": "https://api.github.com/repos/pkinerd/ednsv/pulls/28",
2026-07-26T08:18:14.3005068Z             "user": {
2026-07-26T08:18:14.3005318Z               "avatar_url": "https://avatars.githubusercontent.com/u/169779439?v=4",
2026-07-26T08:18:14.3005679Z               "events_url": "https://api.github.com/users/pkinerd/events{/privacy}",
2026-07-26T08:18:14.3006033Z               "followers_url": "https://api.github.com/users/pkinerd/followers",
2026-07-26T08:18:14.3006409Z               "following_url": "https://api.github.com/users/pkinerd/following{/other_user}",
2026-07-26T08:18:14.3006790Z               "gists_url": "https://api.github.com/users/pkinerd/gists{/gist_id}",
2026-07-26T08:18:14.3007071Z               "gravatar_id": "",
2026-07-26T08:18:14.3007284Z               "html_url": "https://github.com/pkinerd",
2026-07-26T08:18:14.3007502Z               "id": 169779439,
2026-07-26T08:18:14.3007695Z               "login": "pkinerd",
2026-07-26T08:18:14.3007894Z               "node_id": "U_kgDOCh6g7w",
2026-07-26T08:18:14.3008170Z               "organizations_url": "https://api.github.com/users/pkinerd/orgs",
2026-07-26T08:18:14.3008550Z               "received_events_url": "https://api.github.com/users/pkinerd/received_events",
2026-07-26T08:18:14.3008905Z               "repos_url": "https://api.github.com/users/pkinerd/repos",
2026-07-26T08:18:14.3009166Z               "site_admin": false,
2026-07-26T08:18:14.3009449Z               "starred_url": "https://api.github.com/users/pkinerd/starred{/owner}{/repo}",
2026-07-26T08:18:14.3009839Z               "subscriptions_url": "https://api.github.com/users/pkinerd/subscriptions",
2026-07-26T08:18:14.3010138Z               "type": "User",
2026-07-26T08:18:14.3010352Z               "url": "https://api.github.com/users/pkinerd",
2026-07-26T08:18:14.3010585Z               "user_view_type": "public"
2026-07-26T08:18:14.3010771Z             }
2026-07-26T08:18:14.3010915Z           },
2026-07-26T08:18:14.3011066Z           "repository": {
2026-07-26T08:18:14.3011246Z             "allow_forking": true,
2026-07-26T08:18:14.3011548Z             "archive_url": "https://api.github.com/repos/pkinerd/ednsv/{archive_format}{/ref}",
2026-07-26T08:18:14.3011858Z             "archived": false,
2026-07-26T08:18:14.3012132Z             "assignees_url": "https://api.github.com/repos/pkinerd/ednsv/assignees{/user}",
2026-07-26T08:18:14.3012518Z             "blobs_url": "https://api.github.com/repos/pkinerd/ednsv/git/blobs{/sha}",
2026-07-26T08:18:14.3012901Z             "branches_url": "https://api.github.com/repos/pkinerd/ednsv/branches{/branch}",
2026-07-26T08:18:14.3013243Z             "clone_url": "https://github.com/pkinerd/ednsv.git",
2026-07-26T08:18:14.3013628Z             "collaborators_url": "https://api.github.com/repos/pkinerd/ednsv/collaborators{/collaborator}",
2026-07-26T08:18:14.3014070Z             "comments_url": "https://api.github.com/repos/pkinerd/ednsv/comments{/number}",
2026-07-26T08:18:14.3014444Z             "commits_url": "https://api.github.com/repos/pkinerd/ednsv/commits{/sha}",
2026-07-26T08:18:14.3015121Z             "compare_url": "https://api.github.com/repos/pkinerd/ednsv/compare/{base}...{head}",
2026-07-26T08:18:14.3015570Z             "contents_url": "https://api.github.com/repos/pkinerd/ednsv/contents/{+path}",
2026-07-26T08:18:14.3016090Z             "contributors_url": "https://api.github.com/repos/pkinerd/ednsv/contributors",
2026-07-26T08:18:14.3016404Z             "created_at": "2026-03-30T21:24:40Z",
2026-07-26T08:18:14.3016620Z             "default_branch": "main",
2026-07-26T08:18:14.3016999Z             "deployments_url": "https://api.github.com/repos/pkinerd/ednsv/deployments",
2026-07-26T08:18:14.3017305Z             "description": null,
2026-07-26T08:18:14.3017490Z             "disabled": false,
2026-07-26T08:18:14.3017752Z             "downloads_url": "https://api.github.com/repos/pkinerd/ednsv/downloads",
2026-07-26T08:18:14.3018108Z             "events_url": "https://api.github.com/repos/pkinerd/ednsv/events",
2026-07-26T08:18:14.3018378Z             "fork": false,
2026-07-26T08:18:14.3018546Z             "forks": 0,
2026-07-26T08:18:14.3018716Z             "forks_count": 0,
2026-07-26T08:18:14.3018960Z             "forks_url": "https://api.github.com/repos/pkinerd/ednsv/forks",
2026-07-26T08:18:14.3019235Z             "full_name": "pkinerd/ednsv",
2026-07-26T08:18:14.3019546Z             "git_commits_url": "https://api.github.com/repos/pkinerd/ednsv/git/commits{/sha}",
2026-07-26T08:18:14.3019935Z             "git_refs_url": "https://api.github.com/repos/pkinerd/ednsv/git/refs{/sha}",
2026-07-26T08:18:14.3020305Z             "git_tags_url": "https://api.github.com/repos/pkinerd/ednsv/git/tags{/sha}",
2026-07-26T08:18:14.3020622Z             "git_url": "git://github.com/pkinerd/ednsv.git",
2026-07-26T08:18:14.3020855Z             "has_discussions": false,
2026-07-26T08:18:14.3021059Z             "has_downloads": false,
2026-07-26T08:18:14.3021256Z             "has_issues": true,
2026-07-26T08:18:14.3021443Z             "has_pages": false,
2026-07-26T08:18:14.3021622Z             "has_projects": true,
2026-07-26T08:18:14.3021815Z             "has_pull_requests": true,
2026-07-26T08:18:14.3022014Z             "has_wiki": true,
2026-07-26T08:18:14.3022194Z             "homepage": null,
2026-07-26T08:18:14.3022430Z             "hooks_url": "https://api.github.com/repos/pkinerd/ednsv/hooks",
2026-07-26T08:18:14.3022731Z             "html_url": "https://github.com/pkinerd/ednsv",
2026-07-26T08:18:14.3022954Z             "id": 1196602452,
2026-07-26T08:18:14.3023126Z             "is_template": false,
2026-07-26T08:18:14.3023441Z             "issue_comment_url": "https://api.github.com/repos/pkinerd/ednsv/issues/comments{/number}",
2026-07-26T08:18:14.3023887Z             "issue_events_url": "https://api.github.com/repos/pkinerd/ednsv/issues/events{/number}",
2026-07-26T08:18:14.3024293Z             "issues_url": "https://api.github.com/repos/pkinerd/ednsv/issues{/number}",
2026-07-26T08:18:14.3024823Z             "keys_url": "https://api.github.com/repos/pkinerd/ednsv/keys{/key_id}",
2026-07-26T08:18:14.3025188Z             "labels_url": "https://api.github.com/repos/pkinerd/ednsv/labels{/name}",
2026-07-26T08:18:14.3025471Z             "language": "C#",
2026-07-26T08:18:14.3025727Z             "languages_url": "https://api.github.com/repos/pkinerd/ednsv/languages",
2026-07-26T08:18:14.3026017Z             "license": null,
2026-07-26T08:18:14.3026260Z             "merges_url": "https://api.github.com/repos/pkinerd/ednsv/merges",
2026-07-26T08:18:14.3026642Z             "milestones_url": "https://api.github.com/repos/pkinerd/ednsv/milestones{/number}",
2026-07-26T08:18:14.3026977Z             "mirror_url": null,
2026-07-26T08:18:14.3027157Z             "name": "ednsv",
2026-07-26T08:18:14.3027332Z             "node_id": "R_kgDOR1K0VA",
2026-07-26T08:18:14.3027713Z             "notifications_url": "https://api.github.com/repos/pkinerd/ednsv/notifications{?since,all,participating}",
2026-07-26T08:18:14.3028089Z             "open_issues": 1,
2026-07-26T08:18:14.3028267Z             "open_issues_count": 1,
2026-07-26T08:18:14.3028454Z             "owner": {
2026-07-26T08:18:14.3028704Z               "avatar_url": "https://avatars.githubusercontent.com/u/169779439?v=4",
2026-07-26T08:18:14.3029055Z               "events_url": "https://api.github.com/users/pkinerd/events{/privacy}",
2026-07-26T08:18:14.3029530Z               "followers_url": "https://api.github.com/users/pkinerd/followers",
2026-07-26T08:18:14.3029909Z               "following_url": "https://api.github.com/users/pkinerd/following{/other_user}",
2026-07-26T08:18:14.3030382Z               "gists_url": "https://api.github.com/users/pkinerd/gists{/gist_id}",
2026-07-26T08:18:14.3030663Z               "gravatar_id": "",
2026-07-26T08:18:14.3030877Z               "html_url": "https://github.com/pkinerd",
2026-07-26T08:18:14.3031100Z               "id": 169779439,
2026-07-26T08:18:14.3031285Z               "login": "pkinerd",
2026-07-26T08:18:14.3031479Z               "node_id": "U_kgDOCh6g7w",
2026-07-26T08:18:14.3031756Z               "organizations_url": "https://api.github.com/users/pkinerd/orgs",
2026-07-26T08:18:14.3032134Z               "received_events_url": "https://api.github.com/users/pkinerd/received_events",
2026-07-26T08:18:14.3032483Z               "repos_url": "https://api.github.com/users/pkinerd/repos",
2026-07-26T08:18:14.3032751Z               "site_admin": false,
2026-07-26T08:18:14.3033035Z               "starred_url": "https://api.github.com/users/pkinerd/starred{/owner}{/repo}",
2026-07-26T08:18:14.3033427Z               "subscriptions_url": "https://api.github.com/users/pkinerd/subscriptions",
2026-07-26T08:18:14.3033725Z               "type": "User",
2026-07-26T08:18:14.3033938Z               "url": "https://api.github.com/users/pkinerd",
2026-07-26T08:18:14.3034175Z               "user_view_type": "public"
2026-07-26T08:18:14.3034370Z             },
2026-07-26T08:18:14.3034525Z             "private": false,
2026-07-26T08:18:14.3034937Z             "pull_request_creation_policy": "all",
2026-07-26T08:18:14.3035246Z             "pulls_url": "https://api.github.com/repos/pkinerd/ednsv/pulls{/number}",
2026-07-26T08:18:14.3035553Z             "pushed_at": "2026-07-26T08:16:28Z",
2026-07-26T08:18:14.3035850Z             "releases_url": "https://api.github.com/repos/pkinerd/ednsv/releases{/id}",
2026-07-26T08:18:14.3036149Z             "size": 36094,
2026-07-26T08:18:14.3036352Z             "ssh_url": "git@github.com:pkinerd/ednsv.git",
2026-07-26T08:18:14.3036584Z             "stargazers_count": 0,
2026-07-26T08:18:14.3036869Z             "stargazers_url": "https://api.github.com/repos/pkinerd/ednsv/stargazers",
2026-07-26T08:18:14.3037246Z             "statuses_url": "https://api.github.com/repos/pkinerd/ednsv/statuses/{sha}",
2026-07-26T08:18:14.3037627Z             "subscribers_url": "https://api.github.com/repos/pkinerd/ednsv/subscribers",
2026-07-26T08:18:14.3038021Z             "subscription_url": "https://api.github.com/repos/pkinerd/ednsv/subscription",
2026-07-26T08:18:14.3038351Z             "svn_url": "https://github.com/pkinerd/ednsv",
2026-07-26T08:18:14.3038635Z             "tags_url": "https://api.github.com/repos/pkinerd/ednsv/tags",
2026-07-26T08:18:14.3038964Z             "teams_url": "https://api.github.com/repos/pkinerd/ednsv/teams",
2026-07-26T08:18:14.3039231Z             "topics": [],
2026-07-26T08:18:14.3039490Z             "trees_url": "https://api.github.com/repos/pkinerd/ednsv/git/trees{/sha}",
2026-07-26T08:18:14.3039786Z             "updated_at": "2026-07-24T14:18:46Z",
2026-07-26T08:18:14.3040034Z             "url": "https://api.github.com/repos/pkinerd/ednsv",
2026-07-26T08:18:14.3040287Z             "visibility": "public",
2026-07-26T08:18:14.3040481Z             "watchers": 0,
2026-07-26T08:18:14.3040660Z             "watchers_count": 0,
2026-07-26T08:18:14.3040858Z             "web_commit_signoff_required": false
2026-07-26T08:18:14.3041064Z           },
2026-07-26T08:18:14.3041212Z           "sender": {
2026-07-26T08:18:14.3041460Z             "avatar_url": "https://avatars.githubusercontent.com/u/169779439?v=4",
2026-07-26T08:18:14.3041813Z             "events_url": "https://api.github.com/users/pkinerd/events{/privacy}",
2026-07-26T08:18:14.3042159Z             "followers_url": "https://api.github.com/users/pkinerd/followers",
2026-07-26T08:18:14.3042701Z             "following_url": "https://api.github.com/users/pkinerd/following{/other_user}",
2026-07-26T08:18:14.3043070Z             "gists_url": "https://api.github.com/users/pkinerd/gists{/gist_id}",
2026-07-26T08:18:14.3043343Z             "gravatar_id": "",
2026-07-26T08:18:14.3043653Z             "html_url": "https://github.com/pkinerd",
2026-07-26T08:18:14.3043880Z             "id": 169779439,
2026-07-26T08:18:14.3044057Z             "login": "pkinerd",
2026-07-26T08:18:14.3044249Z             "node_id": "U_kgDOCh6g7w",
2026-07-26T08:18:14.3044521Z             "organizations_url": "https://api.github.com/users/pkinerd/orgs",
2026-07-26T08:18:14.3045086Z             "received_events_url": "https://api.github.com/users/pkinerd/received_events",
2026-07-26T08:18:14.3045442Z             "repos_url": "https://api.github.com/users/pkinerd/repos",
2026-07-26T08:18:14.3045698Z             "site_admin": false,
2026-07-26T08:18:14.3045978Z             "starred_url": "https://api.github.com/users/pkinerd/starred{/owner}{/repo}",
2026-07-26T08:18:14.3046372Z             "subscriptions_url": "https://api.github.com/users/pkinerd/subscriptions",
2026-07-26T08:18:14.3046670Z             "type": "User",
2026-07-26T08:18:14.3046881Z             "url": "https://api.github.com/users/pkinerd",
2026-07-26T08:18:14.3047119Z             "user_view_type": "public"
2026-07-26T08:18:14.3047308Z           }
2026-07-26T08:18:14.3047453Z         },
2026-07-26T08:18:14.3047606Z         "github_job": "docker",
2026-07-26T08:18:14.3047797Z         "github_ref": "refs/pull/28/merge",
2026-07-26T08:18:14.3048010Z         "github_ref_name": "28/merge",
2026-07-26T08:18:14.3048207Z         "github_ref_protected": "false",
2026-07-26T08:18:14.3048412Z         "github_ref_type": "branch",
2026-07-26T08:18:14.3048622Z         "github_repository": "pkinerd/ednsv",
2026-07-26T08:18:14.3048839Z         "github_repository_id": "1196602452",
2026-07-26T08:18:14.3049065Z         "github_repository_owner": "pkinerd",
2026-07-26T08:18:14.3049291Z         "github_repository_owner_id": "169779439",
2026-07-26T08:18:14.3049510Z         "github_run_attempt": "1",
2026-07-26T08:18:14.3049708Z         "github_run_id": "30194326662",
2026-07-26T08:18:14.3049908Z         "github_run_number": "215",
2026-07-26T08:18:14.3050099Z         "github_runner_arch": "X64",
2026-07-26T08:18:14.3050322Z         "github_runner_environment": "github-hosted",
2026-07-26T08:18:14.3050555Z         "github_runner_image_os": "ubuntu24",
2026-07-26T08:18:14.3050790Z         "github_runner_image_version": "20260720.247.2",
2026-07-26T08:18:14.3051040Z         "github_runner_name": "GitHub Actions 1000002169",
2026-07-26T08:18:14.3051273Z         "github_runner_os": "Linux",
2026-07-26T08:18:14.3051561Z         "github_runner_tracking_id": "github_e4d5bfd8-6521-457b-acfe-889c05123ab0",
2026-07-26T08:18:14.3051879Z         "github_server_url": "https://github.com",
2026-07-26T08:18:14.3052112Z         "github_triggering_actor": "pkinerd",
2026-07-26T08:18:14.3052325Z         "github_workflow": "CI",
2026-07-26T08:18:14.3052632Z         "github_workflow_ref": "pkinerd/ednsv/.github/workflows/ci.yml@refs/pull/28/merge",
2026-07-26T08:18:14.3053014Z         "github_workflow_sha": "b37beee0661aceb8d243a8052c75579dcd4119a3",
2026-07-26T08:18:14.3053290Z         "platform": "linux/amd64"
2026-07-26T08:18:14.3053485Z       }
2026-07-26T08:18:14.3053626Z     }
2026-07-26T08:18:14.3053768Z   },
2026-07-26T08:18:14.3054190Z   "buildx.build.ref": "builder-4c1813f3-a510-4c23-aa65-7d1f8c2e1e13/builder-4c1813f3-a510-4c23-aa65-7d1f8c2e1e130/4cog8zjw08fyy6sgczbmj27tw",
2026-07-26T08:18:14.3054822Z   "containerimage.descriptor": {
2026-07-26T08:18:14.3055069Z     "mediaType": "application/vnd.oci.image.index.v1+json",
2026-07-26T08:18:14.3055432Z     "digest": "sha256:bca32b90a3b9f16aedb751ec8787f15f023bc0c62fa54bfbcfaba4bc4bf254f6",
2026-07-26T08:18:14.3055750Z     "size": 856
2026-07-26T08:18:14.3055898Z   },
2026-07-26T08:18:14.3056199Z   "containerimage.digest": "sha256:bca32b90a3b9f16aedb751ec8787f15f023bc0c62fa54bfbcfaba4bc4bf254f6",
2026-07-26T08:18:14.3056882Z   "image.name": "ghcr.io/pkinerd/ednsv:pr-28,ghcr.io/pkinerd/ednsv:latest-any,ghcr.io/pkinerd/ednsv:sha-b37beee"
2026-07-26T08:18:14.3057248Z }
2026-07-26T08:18:14.3057621Z ##[endgroup]
2026-07-26T08:18:14.3057887Z ##[group]Reference
2026-07-26T08:18:14.3058395Z builder-4c1813f3-a510-4c23-aa65-7d1f8c2e1e13/builder-4c1813f3-a510-4c23-aa65-7d1f8c2e1e130/4cog8zjw08fyy6sgczbmj27tw
2026-07-26T08:18:14.3058908Z ##[endgroup]
2026-07-26T08:18:14.3059163Z ##[group]Check build summary support
2026-07-26T08:18:14.3059475Z Build summary supported!
2026-07-26T08:18:14.3059737Z ##[endgroup]
2026-07-26T08:18:14.3135547Z Node 20 is being deprecated. This workflow is running with Node 24 by default. If you need to temporarily use Node 20, you can set the ACTIONS_ALLOW_USE_UNSECURE_NODE_VERSION=true environment variable. For more information see: https://github.blog/changelog/2025-09-19-deprecation-of-node-20-on-github-actions-runners/
2026-07-26T08:18:14.3136503Z Post job cleanup.
2026-07-26T08:18:14.5020336Z ##[group]Generating build summary
2026-07-26T08:18:14.5023400Z exporting build record to /home/runner/work/_temp/docker-actions-toolkit-RCt8UT/export
2026-07-26T08:18:14.5033596Z (node:3088) [DEP0040] DeprecationWarning: The `punycode` module is deprecated. Please use a userland alternative instead.
2026-07-26T08:18:14.5034127Z (Use `node --trace-deprecation ...` to show where the warning was created)
2026-07-26T08:18:14.6494422Z [command]/usr/bin/docker buildx history export --builder builder-4c1813f3-a510-4c23-aa65-7d1f8c2e1e13 --output /home/runner/work/_temp/docker-actions-toolkit-RCt8UT/export/pkinerd~ednsv~4COG8Z.dockerbuild 4cog8zjw08fyy6sgczbmj27tw --finalize
2026-07-26T08:18:14.8482243Z Build record written to /home/runner/work/_temp/docker-actions-toolkit-RCt8UT/export/pkinerd~ednsv~4COG8Z.dockerbuild (59.22 KB)
2026-07-26T08:18:14.8500237Z Uploading pkinerd~ednsv~4COG8Z.dockerbuild to blob storage
2026-07-26T08:18:15.1246834Z Beginning upload of artifact content to blob storage
2026-07-26T08:18:15.1314268Z (node:3088) [DEP0169] DeprecationWarning: `url.parse()` behavior is not standardized and prone to errors that have security implications. Use the WHATWG URL API instead. CVEs are not issued for `url.parse()` vulnerabilities.
2026-07-26T08:18:15.1320852Z Uploaded bytes 60640
2026-07-26T08:18:15.4416027Z Finished uploading artifact content to blob storage!
2026-07-26T08:18:15.4419433Z SHA256 hash of uploaded artifact is 625aaa1919ed8b08c5c8736c5eaa36883ae3a43bdb8aeacfe3d7cc7838015103
2026-07-26T08:18:15.4420916Z Finalizing artifact upload
2026-07-26T08:18:15.7649500Z Artifact successfully finalized (8629624081)
2026-07-26T08:18:15.7650656Z Artifact download URL: https://github.com/pkinerd/ednsv/actions/runs/30194326662/artifacts/8629624081
2026-07-26T08:18:15.7672845Z Writing summary
2026-07-26T08:18:15.7696819Z ##[endgroup]
2026-07-26T08:18:15.7697493Z ##[group]Removing temp folder /home/runner/work/_temp/docker-actions-toolkit-wbirjq
2026-07-26T08:18:15.7698253Z ##[endgroup]
2026-07-26T08:18:15.7698717Z ##[group]Post cache
2026-07-26T08:18:15.7699008Z State not set
2026-07-26T08:18:15.7699432Z ##[endgroup]
2026-07-26T08:18:15.7818456Z Node 20 is being deprecated. This workflow is running with Node 24 by default. If you need to temporarily use Node 20, you can set the ACTIONS_ALLOW_USE_UNSECURE_NODE_VERSION=true environment variable. For more information see: https://github.blog/changelog/2025-09-19-deprecation-of-node-20-on-github-actions-runners/
2026-07-26T08:18:15.7819374Z Post job cleanup.
2026-07-26T08:18:16.0360667Z ##[group]Logout from ghcr.io
2026-07-26T08:18:16.0377876Z (node:3233) [DEP0040] DeprecationWarning: The `punycode` module is deprecated. Please use a userland alternative instead.
2026-07-26T08:18:16.0378594Z (Use `node --trace-deprecation ...` to show where the warning was created)
2026-07-26T08:18:16.0403400Z [command]/usr/bin/docker logout ghcr.io
2026-07-26T08:18:16.0530813Z Removing login credentials for ghcr.io
2026-07-26T08:18:16.0553413Z ##[endgroup]
2026-07-26T08:18:16.0554021Z ##[group]Post cache
2026-07-26T08:18:16.0554715Z State not set
2026-07-26T08:18:16.0555513Z ##[endgroup]
2026-07-26T08:18:16.0729889Z Node 20 is being deprecated. This workflow is running with Node 24 by default. If you need to temporarily use Node 20, you can set the ACTIONS_ALLOW_USE_UNSECURE_NODE_VERSION=true environment variable. For more information see: https://github.blog/changelog/2025-09-19-deprecation-of-node-20-on-github-actions-runners/
2026-07-26T08:18:16.0731330Z Post job cleanup.
2026-07-26T08:18:16.2740445Z ##[group]Removing builder
2026-07-26T08:18:16.2745101Z (node:3253) [DEP0040] DeprecationWarning: The `punycode` module is deprecated. Please use a userland alternative instead.
2026-07-26T08:18:16.2745975Z (Use `node --trace-deprecation ...` to show where the warning was created)
2026-07-26T08:18:16.3571039Z [command]/usr/bin/docker buildx rm builder-4c1813f3-a510-4c23-aa65-7d1f8c2e1e13
2026-07-26T08:18:17.1675514Z builder-4c1813f3-a510-4c23-aa65-7d1f8c2e1e13 removed
2026-07-26T08:18:17.1710732Z ##[endgroup]
2026-07-26T08:18:17.1711193Z ##[group]Cleaning up certificates
2026-07-26T08:18:17.1713147Z ##[endgroup]
2026-07-26T08:18:17.1713456Z ##[group]Post cache
2026-07-26T08:18:17.1714712Z State not set
2026-07-26T08:18:17.1715351Z ##[endgroup]
2026-07-26T08:18:17.1863015Z Node 20 is being deprecated. This workflow is running with Node 24 by default. If you need to temporarily use Node 20, you can set the ACTIONS_ALLOW_USE_UNSECURE_NODE_VERSION=true environment variable. For more information see: https://github.blog/changelog/2025-09-19-deprecation-of-node-20-on-github-actions-runners/
2026-07-26T08:18:17.1863943Z Post job cleanup.
2026-07-26T08:18:17.2573449Z [command]/usr/bin/git version
2026-07-26T08:18:17.2610436Z git version 2.54.0
2026-07-26T08:18:17.2641235Z Temporarily overriding HOME='/home/runner/work/_temp/c8c46650-a214-4a20-8183-9b5c29d7df68' before making global git config changes
2026-07-26T08:18:17.2642210Z Adding repository directory to the temporary git global config as a safe directory
2026-07-26T08:18:17.2646484Z [command]/usr/bin/git config --global --add safe.directory /home/runner/work/ednsv/ednsv
2026-07-26T08:18:17.2680815Z [command]/usr/bin/git config --local --name-only --get-regexp core\.sshCommand
2026-07-26T08:18:17.2712041Z [command]/usr/bin/git submodule foreach --recursive sh -c "git config --local --name-only --get-regexp 'core\.sshCommand' && git config --local --unset-all 'core.sshCommand' || :"
2026-07-26T08:18:17.2924480Z [command]/usr/bin/git config --local --name-only --get-regexp http\.https\:\/\/github\.com\/\.extraheader
2026-07-26T08:18:17.2950836Z http.https://github.com/.extraheader
2026-07-26T08:18:17.2961541Z [command]/usr/bin/git config --local --unset-all http.https://github.com/.extraheader
2026-07-26T08:18:17.2991609Z [command]/usr/bin/git submodule foreach --recursive sh -c "git config --local --name-only --get-regexp 'http\.https\:\/\/github\.com\/\.extraheader' && git config --local --unset-all 'http.https://github.com/.extraheader' || :"
2026-07-26T08:18:17.3235397Z [command]/usr/bin/git config --local --name-only --get-regexp ^includeIf\.gitdir:
2026-07-26T08:18:17.3295713Z [command]/usr/bin/git submodule foreach --recursive git config --local --show-origin --name-only --get-regexp remote.origin.url
2026-07-26T08:18:17.3611773Z Cleaning up orphan processes
2026-07-26T08:18:17.3954331Z ##[warning]Node.js 20 is deprecated. The following actions target Node.js 20 but are being forced to run on Node.js 24: actions/checkout@v4, docker/build-push-action@v6, docker/login-action@v3, docker/metadata-action@v5, docker/setup-buildx-action@v3. For more information see: https://github.blog/changelog/2025-09-19-deprecation-of-node-20-on-github-actions-runners/
