2026-07-26T06:19:37.4982514Z Current runner version: '2.336.0'
2026-07-26T06:19:37.5006251Z ##[group]Runner Image Provisioner
2026-07-26T06:19:37.5007175Z Hosted Compute Agent
2026-07-26T06:19:37.5007794Z Version: 20260707.563
2026-07-26T06:19:37.5008442Z Commit: 02667638d2b423fbc733a8e32a88b44996a3ba6e
2026-07-26T06:19:37.5009178Z Build Date: 2026-07-07T19:33:50Z
2026-07-26T06:19:37.5009854Z Worker ID: {cb286390-742e-45e9-ac26-a4863d7e1975}
2026-07-26T06:19:37.5010615Z Azure Region: northcentralus
2026-07-26T06:19:37.5011251Z ##[endgroup]
2026-07-26T06:19:37.5013839Z ##[group]Operating System
2026-07-26T06:19:37.5014997Z Ubuntu
2026-07-26T06:19:37.5015891Z 24.04.4
2026-07-26T06:19:37.5016994Z LTS
2026-07-26T06:19:37.5017917Z ##[endgroup]
2026-07-26T06:19:37.5018911Z ##[group]Runner Image
2026-07-26T06:19:37.5020208Z Image: ubuntu-24.04
2026-07-26T06:19:37.5021249Z Version: 20260720.247.2
2026-07-26T06:19:37.5023768Z Included Software: https://github.com/actions/runner-images/blob/ubuntu24/20260720.247/images/ubuntu/Ubuntu2404-Readme.md
2026-07-26T06:19:37.5026630Z Image Release: https://github.com/actions/runner-images/releases/tag/ubuntu24%2F20260720.247
2026-07-26T06:19:37.5028339Z ##[endgroup]
2026-07-26T06:19:37.5030414Z ##[group]GITHUB_TOKEN Permissions
2026-07-26T06:19:37.5033147Z Contents: read
2026-07-26T06:19:37.5033825Z Metadata: read
2026-07-26T06:19:37.5034391Z Packages: write
2026-07-26T06:19:37.5035042Z ##[endgroup]
2026-07-26T06:19:37.5037055Z Secret source: Actions
2026-07-26T06:19:37.5038239Z Prepare workflow directory
2026-07-26T06:19:37.5784120Z Prepare all required actions
2026-07-26T06:19:37.5846409Z Getting action download info
2026-07-26T06:19:37.7988646Z Download action repository 'actions/checkout@v4' (SHA:11d5960a326750d5838078e36cf38b85af677262)
2026-07-26T06:19:38.2133787Z Download action repository 'docker/setup-buildx-action@v3' (SHA:8d2750c68a42422c14e847fe6c8ac0403b4cbd6f)
2026-07-26T06:19:38.6028175Z Download action repository 'docker/login-action@v3' (SHA:c94ce9fb468520275223c153574b00df6fe4bcc9)
2026-07-26T06:19:39.0348547Z Download action repository 'docker/metadata-action@v5' (SHA:c299e40c65443455700f0fdfc63efafe5b349051)
2026-07-26T06:19:39.5027936Z Download action repository 'docker/build-push-action@v6' (SHA:10e90e3645eae34f1e60eeb005ba3a3d33f178e8)
2026-07-26T06:19:40.0238616Z Complete job name: Build & Push Docker Image
2026-07-26T06:19:40.1012624Z Node 20 is being deprecated. This workflow is running with Node 24 by default. If you need to temporarily use Node 20, you can set the ACTIONS_ALLOW_USE_UNSECURE_NODE_VERSION=true environment variable. For more information see: https://github.blog/changelog/2025-09-19-deprecation-of-node-20-on-github-actions-runners/
2026-07-26T06:19:40.1020487Z ##[group]Run actions/checkout@v4
2026-07-26T06:19:40.1021002Z with:
2026-07-26T06:19:40.1021275Z   repository: pkinerd/ednsv
2026-07-26T06:19:40.1024529Z   token: ***
2026-07-26T06:19:40.1024801Z   ssh-strict: true
2026-07-26T06:19:40.1025055Z   ssh-user: git
2026-07-26T06:19:40.1025324Z   persist-credentials: true
2026-07-26T06:19:40.1025632Z   clean: true
2026-07-26T06:19:40.1025890Z   sparse-checkout-cone-mode: true
2026-07-26T06:19:40.1026195Z   fetch-depth: 1
2026-07-26T06:19:40.1026451Z   fetch-tags: false
2026-07-26T06:19:40.1026705Z   show-progress: true
2026-07-26T06:19:40.1026957Z   lfs: false
2026-07-26T06:19:40.1027215Z   submodules: false
2026-07-26T06:19:40.1027475Z   set-safe-directory: true
2026-07-26T06:19:40.1027767Z   allow-unsafe-pr-checkout: false
2026-07-26T06:19:40.1028365Z env:
2026-07-26T06:19:40.1028611Z   REGISTRY: ghcr.io
2026-07-26T06:19:40.1028888Z   IMAGE_NAME: pkinerd/ednsv
2026-07-26T06:19:40.1029167Z ##[endgroup]
2026-07-26T06:19:40.2161930Z Syncing repository: pkinerd/ednsv
2026-07-26T06:19:40.2164015Z ##[group]Getting Git version info
2026-07-26T06:19:40.2164479Z Working directory is '/home/runner/work/ednsv/ednsv'
2026-07-26T06:19:40.2165123Z [command]/usr/bin/git version
2026-07-26T06:19:40.2238926Z git version 2.54.0
2026-07-26T06:19:40.2265911Z ##[endgroup]
2026-07-26T06:19:40.2283838Z Temporarily overriding HOME='/home/runner/work/_temp/2718bec6-4041-4fbb-9b70-d9b943a8d46d' before making global git config changes
2026-07-26T06:19:40.2285515Z Adding repository directory to the temporary git global config as a safe directory
2026-07-26T06:19:40.2289490Z [command]/usr/bin/git config --global --add safe.directory /home/runner/work/ednsv/ednsv
2026-07-26T06:19:40.2348978Z Deleting the contents of '/home/runner/work/ednsv/ednsv'
2026-07-26T06:19:40.2352719Z ##[group]Initializing the repository
2026-07-26T06:19:40.2358138Z [command]/usr/bin/git init /home/runner/work/ednsv/ednsv
2026-07-26T06:19:40.2495509Z hint: Using 'master' as the name for the initial branch. This default branch name
2026-07-26T06:19:40.2497584Z hint: will change to "main" in Git 3.0. To configure the initial branch name
2026-07-26T06:19:40.2498559Z hint: to use in all of your new repositories, which will suppress this warning,
2026-07-26T06:19:40.2499273Z hint: call:
2026-07-26T06:19:40.2499637Z hint:
2026-07-26T06:19:40.2500387Z hint: 	git config --global init.defaultBranch <name>
2026-07-26T06:19:40.2501432Z hint:
2026-07-26T06:19:40.2502348Z hint: Names commonly chosen instead of 'master' are 'main', 'trunk' and
2026-07-26T06:19:40.2504234Z hint: 'development'. The just-created branch can be renamed via this command:
2026-07-26T06:19:40.2505610Z hint:
2026-07-26T06:19:40.2506247Z hint: 	git branch -m <name>
2026-07-26T06:19:40.2506777Z hint:
2026-07-26T06:19:40.2507499Z hint: Disable this message with "git config set advice.defaultBranchName false"
2026-07-26T06:19:40.2508785Z Initialized empty Git repository in /home/runner/work/ednsv/ednsv/.git/
2026-07-26T06:19:40.2518666Z [command]/usr/bin/git remote add origin https://github.com/pkinerd/ednsv
2026-07-26T06:19:40.2570971Z ##[endgroup]
2026-07-26T06:19:40.2571946Z ##[group]Disabling automatic garbage collection
2026-07-26T06:19:40.2577880Z [command]/usr/bin/git config --local gc.auto 0
2026-07-26T06:19:40.2610584Z ##[endgroup]
2026-07-26T06:19:40.2611725Z ##[group]Setting up auth
2026-07-26T06:19:40.2619704Z [command]/usr/bin/git config --local --name-only --get-regexp core\.sshCommand
2026-07-26T06:19:40.2674514Z [command]/usr/bin/git submodule foreach --recursive sh -c "git config --local --name-only --get-regexp 'core\.sshCommand' && git config --local --unset-all 'core.sshCommand' || :"
2026-07-26T06:19:40.3068032Z [command]/usr/bin/git config --local --name-only --get-regexp http\.https\:\/\/github\.com\/\.extraheader
2026-07-26T06:19:40.3104723Z [command]/usr/bin/git submodule foreach --recursive sh -c "git config --local --name-only --get-regexp 'http\.https\:\/\/github\.com\/\.extraheader' && git config --local --unset-all 'http.https://github.com/.extraheader' || :"
2026-07-26T06:19:40.3339625Z [command]/usr/bin/git config --local --name-only --get-regexp ^includeIf\.gitdir:
2026-07-26T06:19:40.3375068Z [command]/usr/bin/git submodule foreach --recursive git config --local --show-origin --name-only --get-regexp remote.origin.url
2026-07-26T06:19:40.3599424Z [command]/usr/bin/git config --local http.https://github.com/.extraheader AUTHORIZATION: basic ***
2026-07-26T06:19:40.3637406Z ##[endgroup]
2026-07-26T06:19:40.3638157Z ##[group]Fetching the repository
2026-07-26T06:19:40.3647101Z [command]/usr/bin/git -c protocol.version=2 fetch --no-tags --prune --no-recurse-submodules --depth=1 origin +6ed5a004cf8a3b00c36ef388242280a96da613a0:refs/remotes/pull/28/merge
2026-07-26T06:19:40.7775672Z From https://github.com/pkinerd/ednsv
2026-07-26T06:19:40.7776837Z  * [new ref]         6ed5a004cf8a3b00c36ef388242280a96da613a0 -> pull/28/merge
2026-07-26T06:19:40.7818037Z ##[endgroup]
2026-07-26T06:19:40.7821560Z ##[group]Determining the checkout info
2026-07-26T06:19:40.7822442Z ##[endgroup]
2026-07-26T06:19:40.7830294Z [command]/usr/bin/git sparse-checkout disable
2026-07-26T06:19:40.7882132Z [command]/usr/bin/git config --local --unset-all extensions.worktreeConfig
2026-07-26T06:19:40.7947802Z ##[group]Checking out the ref
2026-07-26T06:19:40.7951859Z [command]/usr/bin/git checkout --progress --force refs/remotes/pull/28/merge
2026-07-26T06:19:40.8098785Z Note: switching to 'refs/remotes/pull/28/merge'.
2026-07-26T06:19:40.8099282Z 
2026-07-26T06:19:40.8099654Z You are in 'detached HEAD' state. You can look around, make experimental
2026-07-26T06:19:40.8100600Z changes and commit them, and you can discard any commits you make in this
2026-07-26T06:19:40.8101535Z state without impacting any branches by switching back to a branch.
2026-07-26T06:19:40.8102100Z 
2026-07-26T06:19:40.8102449Z If you want to create a new branch to retain commits you create, you may
2026-07-26T06:19:40.8103536Z do so (now or later) by using -c with the switch command. Example:
2026-07-26T06:19:40.8104004Z 
2026-07-26T06:19:40.8104123Z   git switch -c <new-branch-name>
2026-07-26T06:19:40.8104335Z 
2026-07-26T06:19:40.8104450Z Or undo this operation with:
2026-07-26T06:19:40.8104642Z 
2026-07-26T06:19:40.8104740Z   git switch -
2026-07-26T06:19:40.8104881Z 
2026-07-26T06:19:40.8105121Z Turn off this advice by setting config variable advice.detachedHead to false
2026-07-26T06:19:40.8105492Z 
2026-07-26T06:19:40.8105889Z HEAD is now at 6ed5a00 Merge 63c367f39930c7e2bd81873da01b2d0e23f6a675 into 0907a58f50a6c98d23ae466ed31c3a0c15264622
2026-07-26T06:19:40.8107545Z ##[endgroup]
2026-07-26T06:19:40.8152062Z [command]/usr/bin/git log -1 --format=%H
2026-07-26T06:19:40.8178691Z 6ed5a004cf8a3b00c36ef388242280a96da613a0
2026-07-26T06:19:40.8405466Z ##[group]Run if [ "pull_request" != "pull_request" ]; then
2026-07-26T06:19:40.8405972Z [36;1mif [ "pull_request" != "pull_request" ]; then[0m
2026-07-26T06:19:40.8406339Z [36;1m  echo "push=true" >> "$GITHUB_OUTPUT"[0m
2026-07-26T06:19:40.8406699Z [36;1melif [ "pkinerd/ednsv" = "pkinerd/ednsv" ]; then[0m
2026-07-26T06:19:40.8407050Z [36;1m  echo "push=true" >> "$GITHUB_OUTPUT"[0m
2026-07-26T06:19:40.8407330Z [36;1melse[0m
2026-07-26T06:19:40.8407556Z [36;1m  echo "push=false" >> "$GITHUB_OUTPUT"[0m
2026-07-26T06:19:40.8407839Z [36;1mfi[0m
2026-07-26T06:19:40.8455064Z shell: /usr/bin/bash -e {0}
2026-07-26T06:19:40.8455343Z env:
2026-07-26T06:19:40.8455540Z   REGISTRY: ghcr.io
2026-07-26T06:19:40.8455777Z   IMAGE_NAME: pkinerd/ednsv
2026-07-26T06:19:40.8456019Z ##[endgroup]
2026-07-26T06:19:40.8638891Z Node 20 is being deprecated. This workflow is running with Node 24 by default. If you need to temporarily use Node 20, you can set the ACTIONS_ALLOW_USE_UNSECURE_NODE_VERSION=true environment variable. For more information see: https://github.blog/changelog/2025-09-19-deprecation-of-node-20-on-github-actions-runners/
2026-07-26T06:19:40.8640784Z ##[group]Run docker/setup-buildx-action@v3
2026-07-26T06:19:40.8641075Z with:
2026-07-26T06:19:40.8641279Z   driver: docker-container
2026-07-26T06:19:40.8641511Z   use: true
2026-07-26T06:19:40.8641701Z   keep-state: false
2026-07-26T06:19:40.8641910Z   cache-binary: true
2026-07-26T06:19:40.8642117Z   cleanup: true
2026-07-26T06:19:40.8642310Z   install: false
2026-07-26T06:19:40.8642503Z env:
2026-07-26T06:19:40.8642679Z   REGISTRY: ghcr.io
2026-07-26T06:19:40.8643209Z   IMAGE_NAME: pkinerd/ednsv
2026-07-26T06:19:40.8643440Z ##[endgroup]
2026-07-26T06:19:41.1133557Z (node:2259) [DEP0040] DeprecationWarning: The `punycode` module is deprecated. Please use a userland alternative instead.
2026-07-26T06:19:41.1135040Z (Use `node --trace-deprecation ...` to show where the warning was created)
2026-07-26T06:19:41.1204607Z ##[group]Docker info
2026-07-26T06:19:41.1226424Z [command]/usr/bin/docker version
2026-07-26T06:19:41.2424726Z Client: Docker Engine - Community
2026-07-26T06:19:41.2427404Z  Version:           28.0.4
2026-07-26T06:19:41.2427888Z  API version:       1.48
2026-07-26T06:19:41.2428353Z  Go version:        go1.23.7
2026-07-26T06:19:41.2428840Z  Git commit:        b8034c0
2026-07-26T06:19:41.2429268Z  Built:             Tue Mar 25 15:07:16 2025
2026-07-26T06:19:41.2429776Z  OS/Arch:           linux/amd64
2026-07-26T06:19:41.2430186Z  Context:           default
2026-07-26T06:19:41.2430434Z 
2026-07-26T06:19:41.2430636Z Server: Docker Engine - Community
2026-07-26T06:19:41.2431493Z  Engine:
2026-07-26T06:19:41.2431807Z   Version:          28.0.4
2026-07-26T06:19:41.2432251Z   API version:      1.48 (minimum version 1.24)
2026-07-26T06:19:41.2433013Z   Go version:       go1.23.7
2026-07-26T06:19:41.2433487Z   Git commit:       6430e49
2026-07-26T06:19:41.2433961Z   Built:            Tue Mar 25 15:07:16 2025
2026-07-26T06:19:41.2434441Z   OS/Arch:          linux/amd64
2026-07-26T06:19:41.2434855Z   Experimental:     false
2026-07-26T06:19:41.2435240Z  containerd:
2026-07-26T06:19:41.2435568Z   Version:          v2.2.6
2026-07-26T06:19:41.2436360Z   GitCommit:        11ce9d5f3c68c941867e82890e93e815c1304f1b
2026-07-26T06:19:41.2436887Z  runc:
2026-07-26T06:19:41.2437324Z   Version:          1.3.6
2026-07-26T06:19:41.2437846Z   GitCommit:        v1.3.6-0-g491b69ba
2026-07-26T06:19:41.2438393Z  docker-init:
2026-07-26T06:19:41.2438814Z   Version:          0.19.0
2026-07-26T06:19:41.2439286Z   GitCommit:        de40ad0
2026-07-26T06:19:41.2481258Z [command]/usr/bin/docker info
2026-07-26T06:19:41.4947036Z Client: Docker Engine - Community
2026-07-26T06:19:41.4947660Z  Version:    28.0.4
2026-07-26T06:19:41.4948150Z  Context:    default
2026-07-26T06:19:41.4948714Z  Debug Mode: false
2026-07-26T06:19:41.4949227Z  Plugins:
2026-07-26T06:19:41.4949733Z   buildx: Docker Buildx (Docker Inc.)
2026-07-26T06:19:41.4950290Z     Version:  v0.35.0
2026-07-26T06:19:41.4950922Z     Path:     /usr/libexec/docker/cli-plugins/docker-buildx
2026-07-26T06:19:41.4951529Z   compose: Docker Compose (Docker Inc.)
2026-07-26T06:19:41.4952090Z     Version:  v2.38.2
2026-07-26T06:19:41.4952713Z     Path:     /usr/libexec/docker/cli-plugins/docker-compose
2026-07-26T06:19:41.4954121Z 
2026-07-26T06:19:41.4954512Z Server:
2026-07-26T06:19:41.4954856Z  Containers: 0
2026-07-26T06:19:41.4955207Z   Running: 0
2026-07-26T06:19:41.4955858Z   Paused: 0
2026-07-26T06:19:41.4956188Z   Stopped: 0
2026-07-26T06:19:41.4956507Z  Images: 6
2026-07-26T06:19:41.4956828Z  Server Version: 28.0.4
2026-07-26T06:19:41.4957241Z  Storage Driver: overlay2
2026-07-26T06:19:41.4957648Z   Backing Filesystem: extfs
2026-07-26T06:19:41.4958056Z   Supports d_type: true
2026-07-26T06:19:41.4958801Z   Using metacopy: false
2026-07-26T06:19:41.4959203Z   Native Overlay Diff: false
2026-07-26T06:19:41.4959612Z   userxattr: false
2026-07-26T06:19:41.4960021Z  Logging Driver: json-file
2026-07-26T06:19:41.4960424Z  Cgroup Driver: systemd
2026-07-26T06:19:41.4960796Z  Cgroup Version: 2
2026-07-26T06:19:41.4961109Z  Plugins:
2026-07-26T06:19:41.4961312Z   Volume: local
2026-07-26T06:19:41.4961584Z   Network: bridge host ipvlan macvlan null overlay
2026-07-26T06:19:41.4962014Z   Log: awslogs fluentd gcplogs gelf journald json-file local splunk syslog
2026-07-26T06:19:41.4962389Z  Swarm: inactive
2026-07-26T06:19:41.4962616Z  Runtimes: io.containerd.runc.v2 runc
2026-07-26T06:19:41.4963224Z  Default Runtime: runc
2026-07-26T06:19:41.4963467Z  Init Binary: docker-init
2026-07-26T06:19:41.4963779Z  containerd version: 11ce9d5f3c68c941867e82890e93e815c1304f1b
2026-07-26T06:19:41.4964132Z  runc version: v1.3.6-0-g491b69ba
2026-07-26T06:19:41.4964386Z  init version: de40ad0
2026-07-26T06:19:41.4964599Z  Security Options:
2026-07-26T06:19:41.4964806Z   apparmor
2026-07-26T06:19:41.4964986Z   seccomp
2026-07-26T06:19:41.4965171Z    Profile: builtin
2026-07-26T06:19:41.4965369Z   cgroupns
2026-07-26T06:19:41.4965565Z  Kernel Version: 6.17.0-1020-azure
2026-07-26T06:19:41.4965833Z  Operating System: Ubuntu 24.04.4 LTS
2026-07-26T06:19:41.4966086Z  OSType: linux
2026-07-26T06:19:41.4966287Z  Architecture: x86_64
2026-07-26T06:19:41.4966491Z  CPUs: 4
2026-07-26T06:19:41.4966675Z  Total Memory: 15.61GiB
2026-07-26T06:19:41.4967090Z  Name: runnervmvrwv9
2026-07-26T06:19:41.4967497Z  ID: dce1e4a9-fc26-4218-aaf0-feee5194c8cb
2026-07-26T06:19:41.4967798Z  Docker Root Dir: /var/lib/docker
2026-07-26T06:19:41.4968067Z  Debug Mode: false
2026-07-26T06:19:41.4968276Z  Username: githubactions
2026-07-26T06:19:41.4968657Z  Experimental: false
2026-07-26T06:19:41.4969080Z  Insecure Registries:
2026-07-26T06:19:41.4972276Z   ::1/128
2026-07-26T06:19:41.4972501Z   127.0.0.0/8
2026-07-26T06:19:41.4972728Z  Live Restore Enabled: false
2026-07-26T06:19:41.4973253Z 
2026-07-26T06:19:41.4976201Z ##[endgroup]
2026-07-26T06:19:41.5650814Z ##[group]Buildx version
2026-07-26T06:19:41.5681991Z [command]/usr/bin/docker buildx version
2026-07-26T06:19:41.6209844Z github.com/docker/buildx v0.35.0 a319e5b15052cf6557ceb666eb8ff6e32380b782
2026-07-26T06:19:41.6253678Z ##[endgroup]
2026-07-26T06:19:41.6456320Z ##[group]Inspecting default docker context
2026-07-26T06:19:41.6628850Z [
2026-07-26T06:19:41.6629337Z   {
2026-07-26T06:19:41.6629685Z     "Name": "default",
2026-07-26T06:19:41.6630173Z     "Metadata": {},
2026-07-26T06:19:41.6630560Z     "Endpoints": {
2026-07-26T06:19:41.6631006Z       "docker": {
2026-07-26T06:19:41.6631429Z         "Host": "unix:///var/run/docker.sock",
2026-07-26T06:19:41.6632032Z         "SkipTLSVerify": false
2026-07-26T06:19:41.6632499Z       }
2026-07-26T06:19:41.6633066Z     },
2026-07-26T06:19:41.6633462Z     "TLSMaterial": {},
2026-07-26T06:19:41.6633898Z     "Storage": {
2026-07-26T06:19:41.6634994Z       "MetadataPath": "<IN MEMORY>",
2026-07-26T06:19:41.6635786Z       "TLSPath": "<IN MEMORY>"
2026-07-26T06:19:41.6636235Z     }
2026-07-26T06:19:41.6636609Z   }
2026-07-26T06:19:41.6636920Z ]
2026-07-26T06:19:41.6637719Z ##[endgroup]
2026-07-26T06:19:41.6638472Z ##[group]Creating a new builder instance
2026-07-26T06:19:41.8028974Z [command]/usr/bin/docker buildx create --name builder-5f050f0c-fcfb-4db1-9895-270c0610dec2 --driver docker-container --buildkitd-flags --allow-insecure-entitlement security.insecure --allow-insecure-entitlement network.host --use
2026-07-26T06:19:41.8730808Z builder-5f050f0c-fcfb-4db1-9895-270c0610dec2
2026-07-26T06:19:41.8762262Z ##[endgroup]
2026-07-26T06:19:41.8763479Z ##[group]Booting builder
2026-07-26T06:19:41.8809560Z [command]/usr/bin/docker buildx inspect --bootstrap --builder builder-5f050f0c-fcfb-4db1-9895-270c0610dec2
2026-07-26T06:19:41.9346751Z #1 [internal] booting buildkit
2026-07-26T06:19:42.0851904Z #1 pulling image moby/buildkit:buildx-stable-1
2026-07-26T06:19:46.9224184Z #1 pulling image moby/buildkit:buildx-stable-1 5.0s done
2026-07-26T06:19:47.0728589Z #1 creating container buildx_buildkit_builder-5f050f0c-fcfb-4db1-9895-270c0610dec20
2026-07-26T06:19:47.2274597Z #1 creating container buildx_buildkit_builder-5f050f0c-fcfb-4db1-9895-270c0610dec20 0.3s done
2026-07-26T06:19:47.2295470Z #1 DONE 5.3s
2026-07-26T06:19:47.2632188Z Name:          builder-5f050f0c-fcfb-4db1-9895-270c0610dec2
2026-07-26T06:19:47.2633038Z Driver:        docker-container
2026-07-26T06:19:47.2633422Z Last Activity: 2026-07-26 06:19:41 +0000 UTC
2026-07-26T06:19:47.2633742Z 
2026-07-26T06:19:47.2634206Z Nodes:
2026-07-26T06:19:47.2640434Z Name:                  builder-5f050f0c-fcfb-4db1-9895-270c0610dec20
2026-07-26T06:19:47.2641859Z Endpoint:              unix:///var/run/docker.sock
2026-07-26T06:19:47.2643070Z Status:                running
2026-07-26T06:19:47.2644428Z BuildKit daemon flags: --allow-insecure-entitlement security.insecure --allow-insecure-entitlement network.host
2026-07-26T06:19:47.2645803Z BuildKit version:      v0.31.2
2026-07-26T06:19:47.2646822Z Platforms:             linux/amd64, linux/amd64/v2, linux/amd64/v3, linux/386
2026-07-26T06:19:47.2647705Z Labels:
2026-07-26T06:19:47.2648471Z  org.mobyproject.buildkit.worker.executor:         oci
2026-07-26T06:19:47.2649573Z  org.mobyproject.buildkit.worker.hostname:         7ff56d995b45
2026-07-26T06:19:47.2650769Z  org.mobyproject.buildkit.worker.network:          host
2026-07-26T06:19:47.2651937Z  org.mobyproject.buildkit.worker.oci.process-mode: sandbox
2026-07-26T06:19:47.2653364Z  org.mobyproject.buildkit.worker.selinux.enabled:  false
2026-07-26T06:19:47.2654534Z  org.mobyproject.buildkit.worker.snapshotter:      overlayfs
2026-07-26T06:19:47.2655682Z GC Policy rule#0:
2026-07-26T06:19:47.2656367Z  All:            false
2026-07-26T06:19:47.2657265Z  Filters:        type==source.local type==exec.cachemount type==source.git.checkout
2026-07-26T06:19:47.2657844Z  Keep Duration:  48h0m0s
2026-07-26T06:19:47.2658164Z  Max Used Space: 488.3MiB
2026-07-26T06:19:47.2658484Z GC Policy rule#1:
2026-07-26T06:19:47.2658766Z  All:            false
2026-07-26T06:19:47.2659062Z  Keep Duration:  1440h0m0s
2026-07-26T06:19:47.2659377Z  Reserved Space: 9.313GiB
2026-07-26T06:19:47.2659681Z  Max Used Space: 93.13GiB
2026-07-26T06:19:47.2659982Z  Min Free Space: 27.01GiB
2026-07-26T06:19:47.2660278Z GC Policy rule#2:
2026-07-26T06:19:47.2660546Z  All:            false
2026-07-26T06:19:47.2660835Z  Reserved Space: 9.313GiB
2026-07-26T06:19:47.2661139Z  Max Used Space: 93.13GiB
2026-07-26T06:19:47.2661441Z  Min Free Space: 27.01GiB
2026-07-26T06:19:47.2661735Z GC Policy rule#3:
2026-07-26T06:19:47.2662003Z  All:            true
2026-07-26T06:19:47.2662296Z  Reserved Space: 9.313GiB
2026-07-26T06:19:47.2662609Z  Max Used Space: 93.13GiB
2026-07-26T06:19:47.2663153Z  Min Free Space: 27.01GiB
2026-07-26T06:19:47.2732355Z ##[endgroup]
2026-07-26T06:19:47.3662236Z ##[group]Inspect builder
2026-07-26T06:19:47.3668500Z {
2026-07-26T06:19:47.3669430Z   "nodes": [
2026-07-26T06:19:47.3669825Z     {
2026-07-26T06:19:47.3670357Z       "name": "builder-5f050f0c-fcfb-4db1-9895-270c0610dec20",
2026-07-26T06:19:47.3670769Z       "endpoint": "unix:///var/run/docker.sock",
2026-07-26T06:19:47.3671125Z       "status": "running",
2026-07-26T06:19:47.3671873Z       "buildkitd-flags": "--allow-insecure-entitlement security.insecure --allow-insecure-entitlement network.host",
2026-07-26T06:19:47.3672427Z       "buildkit": "v0.31.2",
2026-07-26T06:19:47.3672930Z       "platforms": "linux/amd64,linux/amd64/v2,linux/amd64/v3,linux/386",
2026-07-26T06:19:47.3673473Z       "features": {
2026-07-26T06:19:47.3673793Z         "Automatically load images to the Docker Engine image store": true,
2026-07-26T06:19:47.3674224Z         "Cache export": true,
2026-07-26T06:19:47.3674473Z         "Direct push": true,
2026-07-26T06:19:47.3674735Z         "Docker exporter": true,
2026-07-26T06:19:47.3675013Z         "Multi-platform build": true,
2026-07-26T06:19:47.3675277Z         "OCI exporter": true
2026-07-26T06:19:47.3675790Z       },
2026-07-26T06:19:47.3675981Z       "labels": {
2026-07-26T06:19:47.3676252Z         "org.mobyproject.buildkit.worker.executor": "oci",
2026-07-26T06:19:47.3676664Z         "org.mobyproject.buildkit.worker.hostname": "7ff56d995b45",
2026-07-26T06:19:47.3677117Z         "org.mobyproject.buildkit.worker.network": "host",
2026-07-26T06:19:47.3677533Z         "org.mobyproject.buildkit.worker.oci.process-mode": "sandbox",
2026-07-26T06:19:47.3677983Z         "org.mobyproject.buildkit.worker.selinux.enabled": "false",
2026-07-26T06:19:47.3678451Z         "org.mobyproject.buildkit.worker.snapshotter": "overlayfs"
2026-07-26T06:19:47.3678840Z       },
2026-07-26T06:19:47.3679017Z       "gcPolicy": [
2026-07-26T06:19:47.3679228Z         {
2026-07-26T06:19:47.3679405Z           "all": false,
2026-07-26T06:19:47.3679655Z           "filter": [
2026-07-26T06:19:47.3679993Z             "type==source.local type==exec.cachemount type==source.git.checkout"
2026-07-26T06:19:47.3680375Z           ],
2026-07-26T06:19:47.3680592Z           "keepDuration": "48h0m0s",
2026-07-26T06:19:47.3680863Z           "maxUsedSpace": "488.3MiB"
2026-07-26T06:19:47.3681097Z         },
2026-07-26T06:19:47.3681292Z         {
2026-07-26T06:19:47.3681467Z           "all": false,
2026-07-26T06:19:47.3681707Z           "keepDuration": "1440h0m0s",
2026-07-26T06:19:47.3682001Z           "reservedSpace": "9.313GiB",
2026-07-26T06:19:47.3682273Z           "maxUsedSpace": "93.13GiB",
2026-07-26T06:19:47.3682525Z           "minFreeSpace": "27.01GiB"
2026-07-26T06:19:47.3682992Z         },
2026-07-26T06:19:47.3683175Z         {
2026-07-26T06:19:47.3683348Z           "all": false,
2026-07-26T06:19:47.3683559Z           "reservedSpace": "9.313GiB",
2026-07-26T06:19:47.3683831Z           "maxUsedSpace": "93.13GiB",
2026-07-26T06:19:47.3684239Z           "minFreeSpace": "27.01GiB"
2026-07-26T06:19:47.3684470Z         },
2026-07-26T06:19:47.3684641Z         {
2026-07-26T06:19:47.3684842Z           "all": true,
2026-07-26T06:19:47.3685060Z           "reservedSpace": "9.313GiB",
2026-07-26T06:19:47.3685311Z           "maxUsedSpace": "93.13GiB",
2026-07-26T06:19:47.3685556Z           "minFreeSpace": "27.01GiB"
2026-07-26T06:19:47.3685785Z         }
2026-07-26T06:19:47.3685982Z       ]
2026-07-26T06:19:47.3686183Z     }
2026-07-26T06:19:47.3686385Z   ],
2026-07-26T06:19:47.3686662Z   "name": "builder-5f050f0c-fcfb-4db1-9895-270c0610dec2",
2026-07-26T06:19:47.3687027Z   "driver": "docker-container",
2026-07-26T06:19:47.3687306Z   "lastActivity": "2026-07-26T06:19:41.000Z"
2026-07-26T06:19:47.3687581Z }
2026-07-26T06:19:47.3688004Z ##[endgroup]
2026-07-26T06:19:47.3688414Z ##[group]BuildKit version
2026-07-26T06:19:47.3688747Z builder-5f050f0c-fcfb-4db1-9895-270c0610dec20: v0.31.2
2026-07-26T06:19:47.3689235Z ##[endgroup]
2026-07-26T06:19:47.3878888Z Node 20 is being deprecated. This workflow is running with Node 24 by default. If you need to temporarily use Node 20, you can set the ACTIONS_ALLOW_USE_UNSECURE_NODE_VERSION=true environment variable. For more information see: https://github.blog/changelog/2025-09-19-deprecation-of-node-20-on-github-actions-runners/
2026-07-26T06:19:47.3880386Z ##[group]Run docker/login-action@v3
2026-07-26T06:19:47.3880640Z with:
2026-07-26T06:19:47.3880822Z   registry: ghcr.io
2026-07-26T06:19:47.3881035Z   username: pkinerd
2026-07-26T06:19:47.3884456Z   password: ***
2026-07-26T06:19:47.3884682Z   logout: true
2026-07-26T06:19:47.3884868Z env:
2026-07-26T06:19:47.3885044Z   REGISTRY: ghcr.io
2026-07-26T06:19:47.3885257Z   IMAGE_NAME: pkinerd/ednsv
2026-07-26T06:19:47.3885489Z ##[endgroup]
2026-07-26T06:19:47.7042277Z Logging into ghcr.io...
2026-07-26T06:19:47.7066741Z (node:2739) [DEP0040] DeprecationWarning: The `punycode` module is deprecated. Please use a userland alternative instead.
2026-07-26T06:19:47.7068120Z (Use `node --trace-deprecation ...` to show where the warning was created)
2026-07-26T06:19:48.0096939Z Login Succeeded!
2026-07-26T06:19:48.0259383Z Node 20 is being deprecated. This workflow is running with Node 24 by default. If you need to temporarily use Node 20, you can set the ACTIONS_ALLOW_USE_UNSECURE_NODE_VERSION=true environment variable. For more information see: https://github.blog/changelog/2025-09-19-deprecation-of-node-20-on-github-actions-runners/
2026-07-26T06:19:48.0260691Z ##[group]Run docker/metadata-action@v5
2026-07-26T06:19:48.0260952Z with:
2026-07-26T06:19:48.0261150Z   images: ghcr.io/pkinerd/ednsv
2026-07-26T06:19:48.0261860Z   tags: type=ref,event=branch,prefix=branch-
type=ref,event=pr,prefix=pr-
type=sha,format=short,prefix=sha-
type=raw,value=latest,enable={{is_default_branch}}
type=raw,value=latest-any

2026-07-26T06:19:48.0262575Z   context: workflow
2026-07-26T06:19:48.0265760Z   github-token: ***
2026-07-26T06:19:48.0265971Z env:
2026-07-26T06:19:48.0266149Z   REGISTRY: ghcr.io
2026-07-26T06:19:48.0266382Z   IMAGE_NAME: pkinerd/ednsv
2026-07-26T06:19:48.0266612Z ##[endgroup]
2026-07-26T06:19:48.4031009Z (node:2759) [DEP0040] DeprecationWarning: The `punycode` module is deprecated. Please use a userland alternative instead.
2026-07-26T06:19:48.4031768Z (Use `node --trace-deprecation ...` to show where the warning was created)
2026-07-26T06:19:49.1743415Z ##[group]Context info
2026-07-26T06:19:49.1743963Z eventName: pull_request
2026-07-26T06:19:49.1744522Z sha: 6ed5a004cf8a3b00c36ef388242280a96da613a0
2026-07-26T06:19:49.1745170Z ref: refs/pull/28/merge
2026-07-26T06:19:49.1745645Z workflow: CI
2026-07-26T06:19:49.1746058Z action: meta
2026-07-26T06:19:49.1746472Z actor: pkinerd
2026-07-26T06:19:49.1746924Z runNumber: 213
2026-07-26T06:19:49.1747348Z runId: 30190834787
2026-07-26T06:19:49.1748039Z commitDate: Sun Jul 26 2026 06:18:43 GMT+0000 (Coordinated Universal Time)
2026-07-26T06:19:49.1749274Z ##[endgroup]
2026-07-26T06:19:49.1752725Z ##[group]Processing images input
2026-07-26T06:19:49.1753786Z name=ghcr.io/pkinerd/ednsv,enable=true
2026-07-26T06:19:49.1770686Z ##[endgroup]
2026-07-26T06:19:49.1771457Z ##[group]Processing tags input
2026-07-26T06:19:49.1772028Z type=ref,event=branch,prefix=branch-,enable=true,priority=600
2026-07-26T06:19:49.1772711Z type=ref,event=pr,prefix=pr-,enable=true,priority=600
2026-07-26T06:19:49.1773607Z type=raw,value=latest,enable={{is_default_branch}},priority=200
2026-07-26T06:19:49.1774303Z type=raw,value=latest-any,enable=true,priority=200
2026-07-26T06:19:49.1774966Z type=sha,format=short,prefix=sha-,enable=true,priority=100
2026-07-26T06:19:49.1775806Z ##[endgroup]
2026-07-26T06:19:49.1776403Z ##[group]Processing flavor input
2026-07-26T06:19:49.1776843Z latest=auto
2026-07-26T06:19:49.1777166Z prefix=
2026-07-26T06:19:49.1777472Z prefixLatest=false
2026-07-26T06:19:49.1777821Z suffix=
2026-07-26T06:19:49.1778147Z suffixLatest=false
2026-07-26T06:19:49.1778720Z ##[endgroup]
2026-07-26T06:19:49.1852300Z ##[group]Docker image version
2026-07-26T06:19:49.1853020Z pr-28
2026-07-26T06:19:49.1853616Z ##[endgroup]
2026-07-26T06:19:49.1858316Z ##[group]Docker tags
2026-07-26T06:19:49.1858715Z ghcr.io/pkinerd/ednsv:pr-28
2026-07-26T06:19:49.1859209Z ghcr.io/pkinerd/ednsv:latest-any
2026-07-26T06:19:49.1872522Z ghcr.io/pkinerd/ednsv:sha-6ed5a00
2026-07-26T06:19:49.1873654Z ##[endgroup]
2026-07-26T06:19:49.1935172Z ##[group]Docker labels
2026-07-26T06:19:49.1935893Z org.opencontainers.image.created=2026-07-26T06:19:49.177Z
2026-07-26T06:19:49.1936702Z org.opencontainers.image.description=
2026-07-26T06:19:49.1937359Z org.opencontainers.image.licenses=
2026-07-26T06:19:49.1937908Z org.opencontainers.image.revision=6ed5a004cf8a3b00c36ef388242280a96da613a0
2026-07-26T06:19:49.1939101Z org.opencontainers.image.source=https://github.com/pkinerd/ednsv
2026-07-26T06:19:49.1939597Z org.opencontainers.image.title=ednsv
2026-07-26T06:19:49.1940046Z org.opencontainers.image.url=https://github.com/pkinerd/ednsv
2026-07-26T06:19:49.1941029Z org.opencontainers.image.version=pr-28
2026-07-26T06:19:49.1941854Z ##[endgroup]
2026-07-26T06:19:49.1942281Z ##[group]Annotations
2026-07-26T06:19:49.1943214Z manifest:org.opencontainers.image.created=2026-07-26T06:19:49.177Z
2026-07-26T06:19:49.1943771Z manifest:org.opencontainers.image.description=
2026-07-26T06:19:49.1944184Z manifest:org.opencontainers.image.licenses=
2026-07-26T06:19:49.1944780Z manifest:org.opencontainers.image.revision=6ed5a004cf8a3b00c36ef388242280a96da613a0
2026-07-26T06:19:49.1945943Z manifest:org.opencontainers.image.source=https://github.com/pkinerd/ednsv
2026-07-26T06:19:49.1946484Z manifest:org.opencontainers.image.title=ednsv
2026-07-26T06:19:49.1947110Z manifest:org.opencontainers.image.url=https://github.com/pkinerd/ednsv
2026-07-26T06:19:49.1947669Z manifest:org.opencontainers.image.version=pr-28
2026-07-26T06:19:49.1948204Z ##[endgroup]
2026-07-26T06:19:49.1948625Z ##[group]JSON output
2026-07-26T06:19:49.1948867Z {
2026-07-26T06:19:49.1949065Z   "tags": [
2026-07-26T06:19:49.1949316Z     "ghcr.io/pkinerd/ednsv:pr-28",
2026-07-26T06:19:49.1949642Z     "ghcr.io/pkinerd/ednsv:latest-any",
2026-07-26T06:19:49.1949975Z     "ghcr.io/pkinerd/ednsv:sha-6ed5a00"
2026-07-26T06:19:49.1950271Z   ],
2026-07-26T06:19:49.1950595Z   "tag-names": [
2026-07-26T06:19:49.1950890Z     "pr-28",
2026-07-26T06:19:49.1951107Z     "latest-any",
2026-07-26T06:19:49.1951455Z     "sha-6ed5a00"
2026-07-26T06:19:49.1951815Z   ],
2026-07-26T06:19:49.1952006Z   "labels": {
2026-07-26T06:19:49.1952289Z     "org.opencontainers.image.created": "2026-07-26T06:19:49.177Z",
2026-07-26T06:19:49.1952990Z     "org.opencontainers.image.description": "",
2026-07-26T06:19:49.1953341Z     "org.opencontainers.image.licenses": "",
2026-07-26T06:19:49.1953798Z     "org.opencontainers.image.revision": "6ed5a004cf8a3b00c36ef388242280a96da613a0",
2026-07-26T06:19:49.1954351Z     "org.opencontainers.image.source": "https://github.com/pkinerd/ednsv",
2026-07-26T06:19:49.1954773Z     "org.opencontainers.image.title": "ednsv",
2026-07-26T06:19:49.1955642Z     "org.opencontainers.image.url": "https://github.com/pkinerd/ednsv",
2026-07-26T06:19:49.1956200Z     "org.opencontainers.image.version": "pr-28"
2026-07-26T06:19:49.1956477Z   },
2026-07-26T06:19:49.1956650Z   "annotations": [
2026-07-26T06:19:49.1957028Z     "manifest:org.opencontainers.image.created=2026-07-26T06:19:49.177Z",
2026-07-26T06:19:49.1957590Z     "manifest:org.opencontainers.image.description=",
2026-07-26T06:19:49.1957967Z     "manifest:org.opencontainers.image.licenses=",
2026-07-26T06:19:49.1958450Z     "manifest:org.opencontainers.image.revision=6ed5a004cf8a3b00c36ef388242280a96da613a0",
2026-07-26T06:19:49.1959308Z     "manifest:org.opencontainers.image.source=https://github.com/pkinerd/ednsv",
2026-07-26T06:19:49.1960146Z     "manifest:org.opencontainers.image.title=ednsv",
2026-07-26T06:19:49.1960591Z     "manifest:org.opencontainers.image.url=https://github.com/pkinerd/ednsv",
2026-07-26T06:19:49.1961234Z     "manifest:org.opencontainers.image.version=pr-28"
2026-07-26T06:19:49.1961540Z   ]
2026-07-26T06:19:49.1961705Z }
2026-07-26T06:19:49.1962238Z ##[endgroup]
2026-07-26T06:19:49.1963123Z ##[group]Bake file definition (tags)
2026-07-26T06:19:49.1963378Z {
2026-07-26T06:19:49.1963565Z   "target": {
2026-07-26T06:19:49.1963767Z     "docker-metadata-action": {
2026-07-26T06:19:49.1964001Z       "tags": [
2026-07-26T06:19:49.1964205Z         "ghcr.io/pkinerd/ednsv:pr-28",
2026-07-26T06:19:49.1964485Z         "ghcr.io/pkinerd/ednsv:latest-any",
2026-07-26T06:19:49.1964782Z         "ghcr.io/pkinerd/ednsv:sha-6ed5a00"
2026-07-26T06:19:49.1965038Z       ],
2026-07-26T06:19:49.1965208Z       "args": {
2026-07-26T06:19:49.1965435Z         "DOCKER_META_IMAGES": "ghcr.io/pkinerd/ednsv",
2026-07-26T06:19:49.1965741Z         "DOCKER_META_VERSION": "pr-28"
2026-07-26T06:19:49.1965982Z       }
2026-07-26T06:19:49.1966149Z     }
2026-07-26T06:19:49.1966311Z   }
2026-07-26T06:19:49.1966475Z }
2026-07-26T06:19:49.1967002Z ##[endgroup]
2026-07-26T06:19:49.1967664Z ##[group]Bake file definition (labels)
2026-07-26T06:19:49.1968077Z {
2026-07-26T06:19:49.1968355Z   "target": {
2026-07-26T06:19:49.1968905Z     "docker-metadata-action": {
2026-07-26T06:19:49.1969310Z       "labels": {
2026-07-26T06:19:49.1969806Z         "org.opencontainers.image.created": "2026-07-26T06:19:49.177Z",
2026-07-26T06:19:49.1970490Z         "org.opencontainers.image.description": "",
2026-07-26T06:19:49.1971066Z         "org.opencontainers.image.licenses": "",
2026-07-26T06:19:49.1971793Z         "org.opencontainers.image.revision": "6ed5a004cf8a3b00c36ef388242280a96da613a0",
2026-07-26T06:19:49.1972775Z         "org.opencontainers.image.source": "https://github.com/pkinerd/ednsv",
2026-07-26T06:19:49.1973757Z         "org.opencontainers.image.title": "ednsv",
2026-07-26T06:19:49.1974472Z         "org.opencontainers.image.url": "https://github.com/pkinerd/ednsv",
2026-07-26T06:19:49.1975205Z         "org.opencontainers.image.version": "pr-28"
2026-07-26T06:19:49.1975700Z       }
2026-07-26T06:19:49.1975978Z     }
2026-07-26T06:19:49.1976274Z   }
2026-07-26T06:19:49.1976550Z }
2026-07-26T06:19:49.1977106Z ##[endgroup]
2026-07-26T06:19:49.1977708Z ##[group]Bake file definition (annotations)
2026-07-26T06:19:49.1978148Z {
2026-07-26T06:19:49.1978412Z   "target": {
2026-07-26T06:19:49.1978745Z     "docker-metadata-action": {
2026-07-26T06:19:49.1979264Z       "annotations": [
2026-07-26T06:19:49.1979822Z         "manifest:org.opencontainers.image.created=2026-07-26T06:19:49.177Z",
2026-07-26T06:19:49.1980577Z         "manifest:org.opencontainers.image.description=",
2026-07-26T06:19:49.1981200Z         "manifest:org.opencontainers.image.licenses=",
2026-07-26T06:19:49.1982026Z         "manifest:org.opencontainers.image.revision=6ed5a004cf8a3b00c36ef388242280a96da613a0",
2026-07-26T06:19:49.1983269Z         "manifest:org.opencontainers.image.source=https://github.com/pkinerd/ednsv",
2026-07-26T06:19:49.1984101Z         "manifest:org.opencontainers.image.title=ednsv",
2026-07-26T06:19:49.1984934Z         "manifest:org.opencontainers.image.url=https://github.com/pkinerd/ednsv",
2026-07-26T06:19:49.1985951Z         "manifest:org.opencontainers.image.version=pr-28"
2026-07-26T06:19:49.1986482Z       ]
2026-07-26T06:19:49.1986783Z     }
2026-07-26T06:19:49.1987091Z   }
2026-07-26T06:19:49.1987304Z }
2026-07-26T06:19:49.1987675Z ##[endgroup]
2026-07-26T06:19:49.2191166Z Node 20 is being deprecated. This workflow is running with Node 24 by default. If you need to temporarily use Node 20, you can set the ACTIONS_ALLOW_USE_UNSECURE_NODE_VERSION=true environment variable. For more information see: https://github.blog/changelog/2025-09-19-deprecation-of-node-20-on-github-actions-runners/
2026-07-26T06:19:49.2192503Z ##[group]Run docker/build-push-action@v6
2026-07-26T06:19:49.2193001Z with:
2026-07-26T06:19:49.2193287Z   context: .
2026-07-26T06:19:49.2193479Z   file: ./Dockerfile
2026-07-26T06:19:49.2193686Z   push: true
2026-07-26T06:19:49.2194096Z   tags: ghcr.io/pkinerd/ednsv:pr-28
ghcr.io/pkinerd/ednsv:latest-any
ghcr.io/pkinerd/ednsv:sha-6ed5a00
2026-07-26T06:19:49.2196024Z   labels: org.opencontainers.image.created=2026-07-26T06:19:49.177Z
org.opencontainers.image.description=
org.opencontainers.image.licenses=
org.opencontainers.image.revision=6ed5a004cf8a3b00c36ef388242280a96da613a0
org.opencontainers.image.source=https://github.com/pkinerd/ednsv
org.opencontainers.image.title=ednsv
org.opencontainers.image.url=https://github.com/pkinerd/ednsv
org.opencontainers.image.version=pr-28
2026-07-26T06:19:49.2197672Z   cache-from: type=gha
2026-07-26T06:19:49.2197904Z   cache-to: type=gha,mode=max
2026-07-26T06:19:49.2198137Z   load: false
2026-07-26T06:19:49.2198325Z   no-cache: false
2026-07-26T06:19:49.2198517Z   pull: false
2026-07-26T06:19:49.2201195Z   github-token: ***
2026-07-26T06:19:49.2201402Z env:
2026-07-26T06:19:49.2201580Z   REGISTRY: ghcr.io
2026-07-26T06:19:49.2201790Z   IMAGE_NAME: pkinerd/ednsv
2026-07-26T06:19:49.2202039Z   DOCKER_METADATA_OUTPUT_VERSION: pr-28
2026-07-26T06:19:49.2202632Z   DOCKER_METADATA_OUTPUT_TAGS: ghcr.io/pkinerd/ednsv:pr-28
ghcr.io/pkinerd/ednsv:latest-any
ghcr.io/pkinerd/ednsv:sha-6ed5a00
2026-07-26T06:19:49.2203551Z   DOCKER_METADATA_OUTPUT_TAG_NAMES: pr-28
latest-any
sha-6ed5a00
2026-07-26T06:19:49.2205365Z   DOCKER_METADATA_OUTPUT_LABELS: org.opencontainers.image.created=2026-07-26T06:19:49.177Z
org.opencontainers.image.description=
org.opencontainers.image.licenses=
org.opencontainers.image.revision=6ed5a004cf8a3b00c36ef388242280a96da613a0
org.opencontainers.image.source=https://github.com/pkinerd/ednsv
org.opencontainers.image.title=ednsv
org.opencontainers.image.url=https://github.com/pkinerd/ednsv
org.opencontainers.image.version=pr-28
2026-07-26T06:19:49.2208785Z   DOCKER_METADATA_OUTPUT_ANNOTATIONS: manifest:org.opencontainers.image.created=2026-07-26T06:19:49.177Z
manifest:org.opencontainers.image.description=
manifest:org.opencontainers.image.licenses=
manifest:org.opencontainers.image.revision=6ed5a004cf8a3b00c36ef388242280a96da613a0
manifest:org.opencontainers.image.source=https://github.com/pkinerd/ednsv
manifest:org.opencontainers.image.title=ednsv
manifest:org.opencontainers.image.url=https://github.com/pkinerd/ednsv
manifest:org.opencontainers.image.version=pr-28
2026-07-26T06:19:49.2215136Z   DOCKER_METADATA_OUTPUT_JSON: {"tags":["ghcr.io/pkinerd/ednsv:pr-28","ghcr.io/pkinerd/ednsv:latest-any","ghcr.io/pkinerd/ednsv:sha-6ed5a00"],"tag-names":["pr-28","latest-any","sha-6ed5a00"],"labels":{"org.opencontainers.image.created":"2026-07-26T06:19:49.177Z","org.opencontainers.image.description":"","org.opencontainers.image.licenses":"","org.opencontainers.image.revision":"6ed5a004cf8a3b00c36ef388242280a96da613a0","org.opencontainers.image.source":"https://github.com/pkinerd/ednsv","org.opencontainers.image.title":"ednsv","org.opencontainers.image.url":"https://github.com/pkinerd/ednsv","org.opencontainers.image.version":"pr-28"},"annotations":["manifest:org.opencontainers.image.created=2026-07-26T06:19:49.177Z","manifest:org.opencontainers.image.description=","manifest:org.opencontainers.image.licenses=","manifest:org.opencontainers.image.revision=6ed5a004cf8a3b00c36ef388242280a96da613a0","manifest:org.opencontainers.image.source=https://github.com/pkinerd/ednsv","manifest:org.opencontainers.image.title=ednsv","manifest:org.opencontainers.image.url=https://github.com/pkinerd/ednsv","manifest:org.opencontainers.image.version=pr-28"]}
2026-07-26T06:19:49.2219924Z   DOCKER_METADATA_OUTPUT_BAKE_FILE_TAGS: /home/runner/work/_temp/docker-actions-toolkit-jSDOOP/docker-metadata-action-bake-tags.json
2026-07-26T06:19:49.2220863Z   DOCKER_METADATA_OUTPUT_BAKE_FILE_LABELS: /home/runner/work/_temp/docker-actions-toolkit-jSDOOP/docker-metadata-action-bake-labels.json
2026-07-26T06:19:49.2221853Z   DOCKER_METADATA_OUTPUT_BAKE_FILE_ANNOTATIONS: /home/runner/work/_temp/docker-actions-toolkit-jSDOOP/docker-metadata-action-bake-annotations.json
2026-07-26T06:19:49.2222948Z   DOCKER_METADATA_OUTPUT_BAKE_FILE: /home/runner/work/_temp/docker-actions-toolkit-jSDOOP/docker-metadata-action-bake.json
2026-07-26T06:19:49.2223501Z ##[endgroup]
2026-07-26T06:19:49.4663285Z (node:2771) [DEP0040] DeprecationWarning: The `punycode` module is deprecated. Please use a userland alternative instead.
2026-07-26T06:19:49.4664990Z (Use `node --trace-deprecation ...` to show where the warning was created)
2026-07-26T06:19:49.4684104Z ##[group]GitHub Actions runtime token ACs
2026-07-26T06:19:49.4692361Z refs/pull/28/merge: read/write
2026-07-26T06:19:49.4693549Z refs/heads/main: read
2026-07-26T06:19:49.4694467Z ##[endgroup]
2026-07-26T06:19:49.4695538Z ##[group]Docker info
2026-07-26T06:19:49.4742692Z [command]/usr/bin/docker version
2026-07-26T06:19:49.4984256Z Client: Docker Engine - Community
2026-07-26T06:19:49.4999749Z  Version:           28.0.4
2026-07-26T06:19:49.5000394Z  API version:       1.48
2026-07-26T06:19:49.5001261Z  Go version:        go1.23.7
2026-07-26T06:19:49.5002294Z  Git commit:        b8034c0
2026-07-26T06:19:49.5003480Z  Built:             Tue Mar 25 15:07:16 2025
2026-07-26T06:19:49.5004480Z  OS/Arch:           linux/amd64
2026-07-26T06:19:49.5021952Z  Context:           default
2026-07-26T06:19:49.5022542Z 
2026-07-26T06:19:49.5023245Z Server: Docker Engine - Community
2026-07-26T06:19:49.5024005Z  Engine:
2026-07-26T06:19:49.5024580Z   Version:          28.0.4
2026-07-26T06:19:49.5025333Z   API version:      1.48 (minimum version 1.24)
2026-07-26T06:19:49.5026148Z   Go version:       go1.23.7
2026-07-26T06:19:49.5026843Z   Git commit:       6430e49
2026-07-26T06:19:49.5027544Z   Built:            Tue Mar 25 15:07:16 2025
2026-07-26T06:19:49.5028245Z   OS/Arch:          linux/amd64
2026-07-26T06:19:49.5028901Z   Experimental:     false
2026-07-26T06:19:49.5029520Z  containerd:
2026-07-26T06:19:49.5030055Z   Version:          v2.2.6
2026-07-26T06:19:49.5030752Z   GitCommit:        11ce9d5f3c68c941867e82890e93e815c1304f1b
2026-07-26T06:19:49.5031534Z  runc:
2026-07-26T06:19:49.5032056Z   Version:          1.3.6
2026-07-26T06:19:49.5032656Z   GitCommit:        v1.3.6-0-g491b69ba
2026-07-26T06:19:49.5033683Z  docker-init:
2026-07-26T06:19:49.5034267Z   Version:          0.19.0
2026-07-26T06:19:49.5034884Z   GitCommit:        de40ad0
2026-07-26T06:19:49.5056649Z [command]/usr/bin/docker info
2026-07-26T06:19:49.5658999Z Client: Docker Engine - Community
2026-07-26T06:19:49.5659762Z  Version:    28.0.4
2026-07-26T06:19:49.5660272Z  Context:    default
2026-07-26T06:19:49.5660723Z  Debug Mode: false
2026-07-26T06:19:49.5661153Z  Plugins:
2026-07-26T06:19:49.5661682Z   buildx: Docker Buildx (Docker Inc.)
2026-07-26T06:19:49.5662217Z     Version:  v0.35.0
2026-07-26T06:19:49.5663020Z     Path:     /usr/libexec/docker/cli-plugins/docker-buildx
2026-07-26T06:19:49.5663614Z   compose: Docker Compose (Docker Inc.)
2026-07-26T06:19:49.5664123Z     Version:  v2.38.2
2026-07-26T06:19:49.5664688Z     Path:     /usr/libexec/docker/cli-plugins/docker-compose
2026-07-26T06:19:49.5665221Z 
2026-07-26T06:19:49.5680207Z Server:
2026-07-26T06:19:49.5680608Z  Containers: 1
2026-07-26T06:19:49.5680976Z   Running: 1
2026-07-26T06:19:49.5681329Z   Paused: 0
2026-07-26T06:19:49.5682431Z   Stopped: 0
2026-07-26T06:19:49.5682769Z  Images: 7
2026-07-26T06:19:49.5683316Z  Server Version: 28.0.4
2026-07-26T06:19:49.5683703Z  Storage Driver: overlay2
2026-07-26T06:19:49.5684088Z   Backing Filesystem: extfs
2026-07-26T06:19:49.5684470Z   Supports d_type: true
2026-07-26T06:19:49.5685015Z   Using metacopy: false
2026-07-26T06:19:49.5685388Z   Native Overlay Diff: false
2026-07-26T06:19:49.5685796Z   userxattr: false
2026-07-26T06:19:49.5686160Z  Logging Driver: json-file
2026-07-26T06:19:49.5686579Z  Cgroup Driver: systemd
2026-07-26T06:19:49.5686957Z  Cgroup Version: 2
2026-07-26T06:19:49.5687279Z  Plugins:
2026-07-26T06:19:49.5687571Z   Volume: local
2026-07-26T06:19:49.5687954Z   Network: bridge host ipvlan macvlan null overlay
2026-07-26T06:19:49.5688673Z   Log: awslogs fluentd gcplogs gelf journald json-file local splunk syslog
2026-07-26T06:19:49.5689302Z  Swarm: inactive
2026-07-26T06:19:49.5689653Z  Runtimes: io.containerd.runc.v2 runc
2026-07-26T06:19:49.5690101Z  Default Runtime: runc
2026-07-26T06:19:49.5690495Z  Init Binary: docker-init
2026-07-26T06:19:49.5691015Z  containerd version: 11ce9d5f3c68c941867e82890e93e815c1304f1b
2026-07-26T06:19:49.5691616Z  runc version: v1.3.6-0-g491b69ba
2026-07-26T06:19:49.5692026Z  init version: de40ad0
2026-07-26T06:19:49.5692373Z  Security Options:
2026-07-26T06:19:49.5692687Z   apparmor
2026-07-26T06:19:49.5693154Z   seccomp
2026-07-26T06:19:49.5693442Z    Profile: builtin
2026-07-26T06:19:49.5693754Z   cgroupns
2026-07-26T06:19:49.5694055Z  Kernel Version: 6.17.0-1020-azure
2026-07-26T06:19:49.5694480Z  Operating System: Ubuntu 24.04.4 LTS
2026-07-26T06:19:49.5694898Z  OSType: linux
2026-07-26T06:19:49.5695215Z  Architecture: x86_64
2026-07-26T06:19:49.5695586Z  CPUs: 4
2026-07-26T06:19:49.5695899Z  Total Memory: 15.61GiB
2026-07-26T06:19:49.5696263Z  Name: runnervmvrwv9
2026-07-26T06:19:49.5696658Z  ID: dce1e4a9-fc26-4218-aaf0-feee5194c8cb
2026-07-26T06:19:49.5697125Z  Docker Root Dir: /var/lib/docker
2026-07-26T06:19:49.5697528Z  Debug Mode: false
2026-07-26T06:19:49.5697869Z  Username: githubactions
2026-07-26T06:19:49.5698228Z  Experimental: false
2026-07-26T06:19:49.5698570Z  Insecure Registries:
2026-07-26T06:19:49.5698925Z   ::1/128
2026-07-26T06:19:49.5699202Z   127.0.0.0/8
2026-07-26T06:19:49.5699546Z  Live Restore Enabled: false
2026-07-26T06:19:49.5699806Z 
2026-07-26T06:19:49.5700227Z ##[endgroup]
2026-07-26T06:19:49.5700842Z ##[group]Proxy configuration
2026-07-26T06:19:49.5701390Z No proxy configuration found
2026-07-26T06:19:49.5702118Z ##[endgroup]
2026-07-26T06:19:49.6356757Z ##[group]Buildx version
2026-07-26T06:19:49.6385460Z [command]/usr/bin/docker buildx version
2026-07-26T06:19:49.6921004Z github.com/docker/buildx v0.35.0 a319e5b15052cf6557ceb666eb8ff6e32380b782
2026-07-26T06:19:49.6958819Z ##[endgroup]
2026-07-26T06:19:49.6959477Z ##[group]Builder info
2026-07-26T06:19:49.7852370Z {
2026-07-26T06:19:49.7853814Z   "nodes": [
2026-07-26T06:19:49.7854371Z     {
2026-07-26T06:19:49.7854913Z       "name": "builder-5f050f0c-fcfb-4db1-9895-270c0610dec20",
2026-07-26T06:19:49.7855578Z       "endpoint": "unix:///var/run/docker.sock",
2026-07-26T06:19:49.7855926Z       "status": "running",
2026-07-26T06:19:49.7856510Z       "buildkitd-flags": "--allow-insecure-entitlement security.insecure --allow-insecure-entitlement network.host",
2026-07-26T06:19:49.7857100Z       "buildkit": "v0.31.2",
2026-07-26T06:19:49.7857445Z       "platforms": "linux/amd64,linux/amd64/v2,linux/amd64/v3,linux/386",
2026-07-26T06:19:49.7857819Z       "features": {
2026-07-26T06:19:49.7858144Z         "Automatically load images to the Docker Engine image store": true,
2026-07-26T06:19:49.7858538Z         "Cache export": true,
2026-07-26T06:19:49.7858791Z         "Direct push": true,
2026-07-26T06:19:49.7859052Z         "Docker exporter": true,
2026-07-26T06:19:49.7859311Z         "Multi-platform build": true,
2026-07-26T06:19:49.7859593Z         "OCI exporter": true
2026-07-26T06:19:49.7859813Z       },
2026-07-26T06:19:49.7860002Z       "labels": {
2026-07-26T06:19:49.7860571Z         "org.mobyproject.buildkit.worker.executor": "oci",
2026-07-26T06:19:49.7860991Z         "org.mobyproject.buildkit.worker.hostname": "7ff56d995b45",
2026-07-26T06:19:49.7861435Z         "org.mobyproject.buildkit.worker.network": "host",
2026-07-26T06:19:49.7862010Z         "org.mobyproject.buildkit.worker.oci.process-mode": "sandbox",
2026-07-26T06:19:49.7862489Z         "org.mobyproject.buildkit.worker.selinux.enabled": "false",
2026-07-26T06:19:49.7863245Z         "org.mobyproject.buildkit.worker.snapshotter": "overlayfs"
2026-07-26T06:19:49.7863597Z       },
2026-07-26T06:19:49.7863819Z       "gcPolicy": [
2026-07-26T06:19:49.7864022Z         {
2026-07-26T06:19:49.7864200Z           "all": false,
2026-07-26T06:19:49.7864412Z           "filter": [
2026-07-26T06:19:49.7864736Z             "type==source.local type==exec.cachemount type==source.git.checkout"
2026-07-26T06:19:49.7865121Z           ],
2026-07-26T06:19:49.7865333Z           "keepDuration": "48h0m0s",
2026-07-26T06:19:49.7865605Z           "maxUsedSpace": "488.3MiB"
2026-07-26T06:19:49.7865847Z         },
2026-07-26T06:19:49.7866048Z         {
2026-07-26T06:19:49.7866249Z           "all": false,
2026-07-26T06:19:49.7866476Z           "keepDuration": "1440h0m0s",
2026-07-26T06:19:49.7866741Z           "reservedSpace": "9.313GiB",
2026-07-26T06:19:49.7867000Z           "maxUsedSpace": "93.13GiB",
2026-07-26T06:19:49.7867252Z           "minFreeSpace": "27.01GiB"
2026-07-26T06:19:49.7867495Z         },
2026-07-26T06:19:49.7867667Z         {
2026-07-26T06:19:49.7867869Z           "all": false,
2026-07-26T06:19:49.7868088Z           "reservedSpace": "9.313GiB",
2026-07-26T06:19:49.7868340Z           "maxUsedSpace": "93.13GiB",
2026-07-26T06:19:49.7868587Z           "minFreeSpace": "27.01GiB"
2026-07-26T06:19:49.7868821Z         },
2026-07-26T06:19:49.7868991Z         {
2026-07-26T06:19:49.7869178Z           "all": true,
2026-07-26T06:19:49.7869395Z           "reservedSpace": "9.313GiB",
2026-07-26T06:19:49.7869647Z           "maxUsedSpace": "93.13GiB",
2026-07-26T06:19:49.7869900Z           "minFreeSpace": "27.01GiB"
2026-07-26T06:19:49.7870149Z         }
2026-07-26T06:19:49.7870321Z       ]
2026-07-26T06:19:49.7870486Z     }
2026-07-26T06:19:49.7870652Z   ],
2026-07-26T06:19:49.7870929Z   "name": "builder-5f050f0c-fcfb-4db1-9895-270c0610dec2",
2026-07-26T06:19:49.7871258Z   "driver": "docker-container",
2026-07-26T06:19:49.7871518Z   "lastActivity": "2026-07-26T06:19:41.000Z"
2026-07-26T06:19:49.7871770Z }
2026-07-26T06:19:49.7872158Z ##[endgroup]
2026-07-26T06:19:49.9466400Z [command]/usr/bin/docker buildx build --cache-from type=gha --cache-to type=gha,mode=max --file ./Dockerfile --iidfile /home/runner/work/_temp/docker-actions-toolkit-fsqybp/build-iidfile-39354a2026.txt --label org.opencontainers.image.created=2026-07-26T06:19:49.177Z --label org.opencontainers.image.description= --label org.opencontainers.image.licenses= --label org.opencontainers.image.revision=6ed5a004cf8a3b00c36ef388242280a96da613a0 --label org.opencontainers.image.source=https://github.com/pkinerd/ednsv --label org.opencontainers.image.title=ednsv --label org.opencontainers.image.url=https://github.com/pkinerd/ednsv --label org.opencontainers.image.version=pr-28 --attest type=provenance,mode=max,builder-id=https://github.com/pkinerd/ednsv/actions/runs/30190834787/attempts/1 --tag ghcr.io/pkinerd/ednsv:pr-28 --tag ghcr.io/pkinerd/ednsv:latest-any --tag ghcr.io/pkinerd/ednsv:sha-6ed5a00 --metadata-file /home/runner/work/_temp/docker-actions-toolkit-fsqybp/build-metadata-8513a81cba.json --push .
2026-07-26T06:19:50.2979344Z #0 building with "builder-5f050f0c-fcfb-4db1-9895-270c0610dec2" instance using docker-container driver
2026-07-26T06:19:50.2980269Z 
2026-07-26T06:19:50.2980538Z #1 [internal] load build definition from Dockerfile
2026-07-26T06:19:50.2981187Z #1 transferring dockerfile: 827B done
2026-07-26T06:19:50.2981729Z #1 DONE 0.0s
2026-07-26T06:19:50.2981946Z 
2026-07-26T06:19:50.2982216Z #2 [auth] docker/dockerfile:pull token for registry-1.docker.io
2026-07-26T06:19:50.2983359Z #2 DONE 0.0s
2026-07-26T06:19:50.2983531Z 
2026-07-26T06:19:50.2983894Z #3 resolve image config for docker-image://docker.io/docker/dockerfile:1.7
2026-07-26T06:19:50.5238694Z #3 DONE 0.5s
2026-07-26T06:19:50.7164088Z 
2026-07-26T06:19:50.7165667Z #4 docker-image://docker.io/docker/dockerfile:1.7@sha256:a57df69d0ea827fb7266491f2813635de6f17269be881f696fbfdf2d83dda33e
2026-07-26T06:19:50.7166905Z #4 resolve docker.io/docker/dockerfile:1.7@sha256:a57df69d0ea827fb7266491f2813635de6f17269be881f696fbfdf2d83dda33e done
2026-07-26T06:19:50.7168284Z #4 sha256:96918c57e42509b97f10c074d80672ecdbd3bb7dcd38c1bd95960cf291207416 11.98MB / 11.98MB 0.1s done
2026-07-26T06:19:50.7169151Z #4 extracting sha256:96918c57e42509b97f10c074d80672ecdbd3bb7dcd38c1bd95960cf291207416 0.1s done
2026-07-26T06:19:50.7169880Z #4 DONE 0.2s
2026-07-26T06:19:50.9280388Z 
2026-07-26T06:19:50.9281041Z #5 [internal] load metadata for mcr.microsoft.com/dotnet/sdk:8.0
2026-07-26T06:19:50.9377486Z #5 DONE 0.2s
2026-07-26T06:19:50.9377847Z 
2026-07-26T06:19:50.9378893Z #6 [internal] load metadata for mcr.microsoft.com/dotnet/aspnet:8.0
2026-07-26T06:19:51.1326327Z #6 DONE 0.2s
2026-07-26T06:19:51.1326678Z 
2026-07-26T06:19:51.1326906Z #7 [internal] load .dockerignore
2026-07-26T06:19:51.1327375Z #7 transferring context: 249B done
2026-07-26T06:19:51.1327764Z #7 DONE 0.0s
2026-07-26T06:19:51.1327936Z 
2026-07-26T06:19:51.1328075Z #8 [internal] load build context
2026-07-26T06:19:51.1328441Z #8 DONE 0.0s
2026-07-26T06:19:51.1328610Z 
2026-07-26T06:19:51.1329271Z #9 [runtime 1/3] FROM mcr.microsoft.com/dotnet/aspnet:8.0@sha256:8f6a307ae32fb393a4b4bcde0a81f0ce3f0a715de0e5575df71f3030448f2dde
2026-07-26T06:19:51.1330696Z #9 resolve mcr.microsoft.com/dotnet/aspnet:8.0@sha256:8f6a307ae32fb393a4b4bcde0a81f0ce3f0a715de0e5575df71f3030448f2dde done
2026-07-26T06:19:51.1331613Z #9 DONE 0.0s
2026-07-26T06:19:51.1331789Z 
2026-07-26T06:19:51.1332405Z #10 [build 1/8] FROM mcr.microsoft.com/dotnet/sdk:8.0@sha256:3c0edbfe1549dd93fb789dc96299a40df865ad7bffefcaf38e8c05940686d641
2026-07-26T06:19:51.1334132Z #10 resolve mcr.microsoft.com/dotnet/sdk:8.0@sha256:3c0edbfe1549dd93fb789dc96299a40df865ad7bffefcaf38e8c05940686d641 done
2026-07-26T06:19:51.1335051Z #10 DONE 0.0s
2026-07-26T06:19:51.1335231Z 
2026-07-26T06:19:51.1335457Z #11 importing cache manifest from gha:5555525350779041814
2026-07-26T06:19:51.1677276Z #11 DONE 0.2s
2026-07-26T06:19:51.3108510Z 
2026-07-26T06:19:51.3109310Z #8 [internal] load build context
2026-07-26T06:19:51.3110463Z #8 transferring context: 931.83kB 0.0s done
2026-07-26T06:19:51.3111297Z #8 DONE 0.0s
2026-07-26T06:19:51.3111751Z 
2026-07-26T06:19:51.3112200Z #12 [build 3/8] COPY src/Ednsv.Core/Ednsv.Core.csproj src/Ednsv.Core/
2026-07-26T06:19:51.3114715Z #12 CACHED
2026-07-26T06:19:51.3114944Z 
2026-07-26T06:19:51.3115431Z #13 [build 4/8] COPY src/Ednsv.Web/Ednsv.Web.csproj src/Ednsv.Web/
2026-07-26T06:19:51.3116089Z #13 CACHED
2026-07-26T06:19:51.3116307Z 
2026-07-26T06:19:51.3116465Z #14 [build 2/8] WORKDIR /src
2026-07-26T06:19:51.3116926Z #14 CACHED
2026-07-26T06:19:51.3117132Z 
2026-07-26T06:19:51.3117435Z #15 [build 5/8] RUN dotnet restore src/Ednsv.Web/Ednsv.Web.csproj
2026-07-26T06:19:51.3118202Z #15 CACHED
2026-07-26T06:19:51.4116146Z 
2026-07-26T06:19:51.4117214Z #15 [build 5/8] RUN dotnet restore src/Ednsv.Web/Ednsv.Web.csproj
2026-07-26T06:19:51.4118228Z #15 sha256:704a261d6a0df1be6f054161284fc14ac0eaa21ceb629676ee3d0dd8ec908988 438B / 438B 0.1s done
2026-07-26T06:19:51.4119387Z #15 sha256:89f057fbd63d49c61fb415af2773f20380c76d858a5dc95dcdcd0ac198854624 456B / 456B 0.1s done
2026-07-26T06:19:51.5526716Z #15 sha256:4d015ec68eada998a41dff557e9be9876100aacfd3adb78c32cccfb1faac8a40 92B / 92B 0.1s done
2026-07-26T06:19:51.5528381Z #15 sha256:7c7616ad766245be8807f1899bc25fa05f61c48f8079fa36c964d481853af380 0B / 74.96MB 0.2s
2026-07-26T06:19:51.5529664Z #15 sha256:ed43dda998e1a0c05efeddc9a24048ad8349ce02697b4db3061250e466b3a059 2.70kB / 2.70kB 0.1s done
2026-07-26T06:19:51.5530974Z #15 sha256:aaea65f9d3756e15614c6efe86e2006b8fe74af0af07faefdcb6e6001dd705fc 0B / 17.06MB 0.2s
2026-07-26T06:19:51.6574467Z #15 sha256:34eabb9d45bfc2a02673ee3778040c44b0f3b59facbbf51f9c367482821ce92f 0B / 177.89MB 0.2s
2026-07-26T06:19:51.6576740Z #15 sha256:0aa6db834649082ea8d86f41789fce403a69c18bcec5994ceaf0ed4474563c7d 0B / 31.09MB 0.2s
2026-07-26T06:19:51.7647171Z #15 sha256:aaea65f9d3756e15614c6efe86e2006b8fe74af0af07faefdcb6e6001dd705fc 1.05MB / 17.06MB 0.3s
2026-07-26T06:19:51.8648139Z #15 sha256:aaea65f9d3756e15614c6efe86e2006b8fe74af0af07faefdcb6e6001dd705fc 4.19MB / 17.06MB 0.5s
2026-07-26T06:19:52.0024780Z #15 sha256:aaea65f9d3756e15614c6efe86e2006b8fe74af0af07faefdcb6e6001dd705fc 9.44MB / 17.06MB 0.6s
2026-07-26T06:19:52.0025943Z #15 sha256:0aa6db834649082ea8d86f41789fce403a69c18bcec5994ceaf0ed4474563c7d 4.19MB / 31.09MB 0.5s
2026-07-26T06:19:52.1074525Z #15 sha256:7c7616ad766245be8807f1899bc25fa05f61c48f8079fa36c964d481853af380 6.29MB / 74.96MB 0.8s
2026-07-26T06:19:52.1075794Z #15 sha256:34eabb9d45bfc2a02673ee3778040c44b0f3b59facbbf51f9c367482821ce92f 10.49MB / 177.89MB 0.6s
2026-07-26T06:19:52.1077383Z #15 sha256:0aa6db834649082ea8d86f41789fce403a69c18bcec5994ceaf0ed4474563c7d 11.53MB / 31.09MB 0.6s
2026-07-26T06:19:52.2147835Z #15 sha256:7c7616ad766245be8807f1899bc25fa05f61c48f8079fa36c964d481853af380 14.68MB / 74.96MB 0.9s
2026-07-26T06:19:52.2149640Z #15 sha256:aaea65f9d3756e15614c6efe86e2006b8fe74af0af07faefdcb6e6001dd705fc 14.68MB / 17.06MB 0.8s
2026-07-26T06:19:52.3150291Z #15 sha256:aaea65f9d3756e15614c6efe86e2006b8fe74af0af07faefdcb6e6001dd705fc 17.06MB / 17.06MB 0.9s done
2026-07-26T06:19:52.3151665Z #15 sha256:34eabb9d45bfc2a02673ee3778040c44b0f3b59facbbf51f9c367482821ce92f 20.97MB / 177.89MB 0.9s
2026-07-26T06:19:52.3152706Z #15 sha256:0aa6db834649082ea8d86f41789fce403a69c18bcec5994ceaf0ed4474563c7d 23.07MB / 31.09MB 0.8s
2026-07-26T06:19:52.4214013Z #15 sha256:7c7616ad766245be8807f1899bc25fa05f61c48f8079fa36c964d481853af380 26.21MB / 74.96MB 1.1s
2026-07-26T06:19:52.4215407Z #15 sha256:0aa6db834649082ea8d86f41789fce403a69c18bcec5994ceaf0ed4474563c7d 31.09MB / 31.09MB 0.9s done
2026-07-26T06:19:52.4216894Z #15 sha256:993b1a5b9814eb890928e53aa844227cd48d62a552cce9d9723401d3f323d7df 5.24MB / 11.10MB 0.2s
2026-07-26T06:19:52.5717620Z #15 sha256:7c7616ad766245be8807f1899bc25fa05f61c48f8079fa36c964d481853af380 39.85MB / 74.96MB 1.2s
2026-07-26T06:19:52.5719442Z #15 sha256:993b1a5b9814eb890928e53aa844227cd48d62a552cce9d9723401d3f323d7df 9.44MB / 11.10MB 0.3s
2026-07-26T06:19:52.5720876Z #15 sha256:b450eb4b61483e158bba71e0972774dca3356aaccf083b4de394756826786dc3 166B / 166B 0.1s done
2026-07-26T06:19:52.7432994Z #15 sha256:7c7616ad766245be8807f1899bc25fa05f61c48f8079fa36c964d481853af380 56.62MB / 74.96MB 1.4s
2026-07-26T06:19:52.7434982Z #15 sha256:993b1a5b9814eb890928e53aa844227cd48d62a552cce9d9723401d3f323d7df 11.10MB / 11.10MB 0.4s done
2026-07-26T06:19:52.7436548Z #15 sha256:77e3e8465ccd88a7ab4380ed823b77769274a8d0cd50332315a6e6884eeb185b 0B / 32.26MB 0.2s
2026-07-26T06:19:52.7437664Z #15 sha256:4afec8b5a48bb14028a2111abd144794fb4f088154db49009be3c5833f922deb 3.34kB / 3.34kB 0.1s done
2026-07-26T06:19:52.8568671Z #15 sha256:7c7616ad766245be8807f1899bc25fa05f61c48f8079fa36c964d481853af380 74.96MB / 74.96MB 1.5s done
2026-07-26T06:19:52.8570543Z #15 sha256:34eabb9d45bfc2a02673ee3778040c44b0f3b59facbbf51f9c367482821ce92f 33.55MB / 177.89MB 1.4s
2026-07-26T06:19:52.8572059Z #15 sha256:77e3e8465ccd88a7ab4380ed823b77769274a8d0cd50332315a6e6884eeb185b 2.10MB / 32.26MB 0.3s
2026-07-26T06:19:53.0076056Z #15 sha256:77e3e8465ccd88a7ab4380ed823b77769274a8d0cd50332315a6e6884eeb185b 6.29MB / 32.26MB 0.5s
2026-07-26T06:19:53.0077364Z #15 sha256:bcbf93830adb69dda1050c229181e9d0bbcd138e40c83062cfd41f7a8d79b4c7 0B / 18.74MB 0.2s
2026-07-26T06:19:53.0078420Z #15 sha256:597c6c618d36213af657a6a8444a5d87801f9a219682b206ad21ccb8f3e57bbd 0B / 28.23MB 0.2s
2026-07-26T06:19:53.1577186Z #15 sha256:34eabb9d45bfc2a02673ee3778040c44b0f3b59facbbf51f9c367482821ce92f 42.99MB / 177.89MB 1.7s
2026-07-26T06:19:53.1578424Z #15 sha256:77e3e8465ccd88a7ab4380ed823b77769274a8d0cd50332315a6e6884eeb185b 10.49MB / 32.26MB 0.6s
2026-07-26T06:19:53.1579856Z #15 sha256:bcbf93830adb69dda1050c229181e9d0bbcd138e40c83062cfd41f7a8d79b4c7 2.10MB / 18.74MB 0.3s
2026-07-26T06:19:53.3073844Z #15 sha256:77e3e8465ccd88a7ab4380ed823b77769274a8d0cd50332315a6e6884eeb185b 15.73MB / 32.26MB 0.8s
2026-07-26T06:19:53.3075424Z #15 sha256:bcbf93830adb69dda1050c229181e9d0bbcd138e40c83062cfd41f7a8d79b4c7 8.39MB / 18.74MB 0.5s
2026-07-26T06:19:53.3077031Z #15 sha256:597c6c618d36213af657a6a8444a5d87801f9a219682b206ad21ccb8f3e57bbd 5.24MB / 28.23MB 0.5s
2026-07-26T06:19:53.4577794Z #15 sha256:34eabb9d45bfc2a02673ee3778040c44b0f3b59facbbf51f9c367482821ce92f 53.48MB / 177.89MB 2.0s
2026-07-26T06:19:53.4579237Z #15 sha256:77e3e8465ccd88a7ab4380ed823b77769274a8d0cd50332315a6e6884eeb185b 20.97MB / 32.26MB 0.9s
2026-07-26T06:19:53.4580633Z #15 sha256:bcbf93830adb69dda1050c229181e9d0bbcd138e40c83062cfd41f7a8d79b4c7 18.74MB / 18.74MB 0.6s done
2026-07-26T06:19:53.4582272Z #15 sha256:597c6c618d36213af657a6a8444a5d87801f9a219682b206ad21ccb8f3e57bbd 11.53MB / 28.23MB 0.6s
2026-07-26T06:19:53.6067725Z #15 sha256:77e3e8465ccd88a7ab4380ed823b77769274a8d0cd50332315a6e6884eeb185b 26.21MB / 32.26MB 1.1s
2026-07-26T06:19:53.6069036Z #15 sha256:597c6c618d36213af657a6a8444a5d87801f9a219682b206ad21ccb8f3e57bbd 24.12MB / 28.23MB 0.8s
2026-07-26T06:19:53.8146970Z #15 sha256:34eabb9d45bfc2a02673ee3778040c44b0f3b59facbbf51f9c367482821ce92f 68.16MB / 177.89MB 2.4s
2026-07-26T06:19:53.8147899Z #15 sha256:77e3e8465ccd88a7ab4380ed823b77769274a8d0cd50332315a6e6884eeb185b 32.26MB / 32.26MB 1.2s done
2026-07-26T06:19:53.8148759Z #15 sha256:597c6c618d36213af657a6a8444a5d87801f9a219682b206ad21ccb8f3e57bbd 28.23MB / 28.23MB 0.8s done
2026-07-26T06:19:53.8149550Z #15 extracting sha256:597c6c618d36213af657a6a8444a5d87801f9a219682b206ad21ccb8f3e57bbd
2026-07-26T06:19:54.2647389Z #15 sha256:34eabb9d45bfc2a02673ee3778040c44b0f3b59facbbf51f9c367482821ce92f 79.69MB / 177.89MB 2.9s
2026-07-26T06:19:54.5650621Z #15 sha256:34eabb9d45bfc2a02673ee3778040c44b0f3b59facbbf51f9c367482821ce92f 89.13MB / 177.89MB 3.2s
2026-07-26T06:19:54.5651651Z #15 extracting sha256:597c6c618d36213af657a6a8444a5d87801f9a219682b206ad21ccb8f3e57bbd 0.7s done
2026-07-26T06:19:54.5652289Z #15 extracting sha256:bcbf93830adb69dda1050c229181e9d0bbcd138e40c83062cfd41f7a8d79b4c7
2026-07-26T06:19:54.6711821Z #15 extracting sha256:bcbf93830adb69dda1050c229181e9d0bbcd138e40c83062cfd41f7a8d79b4c7 0.3s done
2026-07-26T06:19:54.8648141Z #15 extracting sha256:4afec8b5a48bb14028a2111abd144794fb4f088154db49009be3c5833f922deb done
2026-07-26T06:19:54.8650249Z #15 extracting sha256:77e3e8465ccd88a7ab4380ed823b77769274a8d0cd50332315a6e6884eeb185b
2026-07-26T06:19:55.0146742Z #15 sha256:34eabb9d45bfc2a02673ee3778040c44b0f3b59facbbf51f9c367482821ce92f 103.81MB / 177.89MB 3.6s
2026-07-26T06:19:55.1671797Z #15 extracting sha256:77e3e8465ccd88a7ab4380ed823b77769274a8d0cd50332315a6e6884eeb185b 0.4s done
2026-07-26T06:19:55.1674331Z #15 extracting sha256:b450eb4b61483e158bba71e0972774dca3356aaccf083b4de394756826786dc3 done
2026-07-26T06:19:55.1676000Z #15 extracting sha256:993b1a5b9814eb890928e53aa844227cd48d62a552cce9d9723401d3f323d7df 0.1s done
2026-07-26T06:19:55.1677333Z #15 extracting sha256:0aa6db834649082ea8d86f41789fce403a69c18bcec5994ceaf0ed4474563c7d
2026-07-26T06:19:55.4647132Z #15 sha256:34eabb9d45bfc2a02673ee3778040c44b0f3b59facbbf51f9c367482821ce92f 116.39MB / 177.89MB 4.1s
2026-07-26T06:19:55.7649142Z #15 sha256:34eabb9d45bfc2a02673ee3778040c44b0f3b59facbbf51f9c367482821ce92f 126.88MB / 177.89MB 4.4s
2026-07-26T06:19:55.9149027Z #15 extracting sha256:0aa6db834649082ea8d86f41789fce403a69c18bcec5994ceaf0ed4474563c7d 0.7s done
2026-07-26T06:19:56.0652639Z #15 sha256:34eabb9d45bfc2a02673ee3778040c44b0f3b59facbbf51f9c367482821ce92f 138.41MB / 177.89MB 4.7s
2026-07-26T06:19:56.3650550Z #15 sha256:34eabb9d45bfc2a02673ee3778040c44b0f3b59facbbf51f9c367482821ce92f 148.90MB / 177.89MB 5.0s
2026-07-26T06:19:56.8157570Z #15 sha256:34eabb9d45bfc2a02673ee3778040c44b0f3b59facbbf51f9c367482821ce92f 162.53MB / 177.89MB 5.4s
2026-07-26T06:19:57.1155642Z #15 sha256:34eabb9d45bfc2a02673ee3778040c44b0f3b59facbbf51f9c367482821ce92f 171.97MB / 177.89MB 5.7s
2026-07-26T06:19:57.5940485Z #15 sha256:34eabb9d45bfc2a02673ee3778040c44b0f3b59facbbf51f9c367482821ce92f 177.89MB / 177.89MB 6.0s done
2026-07-26T06:19:57.5941837Z #15 extracting sha256:34eabb9d45bfc2a02673ee3778040c44b0f3b59facbbf51f9c367482821ce92f
2026-07-26T06:19:59.9935054Z #15 extracting sha256:34eabb9d45bfc2a02673ee3778040c44b0f3b59facbbf51f9c367482821ce92f 2.6s done
2026-07-26T06:19:59.9936398Z #15 DONE 8.8s
2026-07-26T06:20:00.1529637Z 
2026-07-26T06:20:00.1530162Z #15 [build 5/8] RUN dotnet restore src/Ednsv.Web/Ednsv.Web.csproj
2026-07-26T06:20:00.1531339Z #15 extracting sha256:ed43dda998e1a0c05efeddc9a24048ad8349ce02697b4db3061250e466b3a059 done
2026-07-26T06:20:00.1532479Z #15 extracting sha256:aaea65f9d3756e15614c6efe86e2006b8fe74af0af07faefdcb6e6001dd705fc
2026-07-26T06:20:00.2652241Z #15 extracting sha256:aaea65f9d3756e15614c6efe86e2006b8fe74af0af07faefdcb6e6001dd705fc 0.3s done
2026-07-26T06:20:00.2654113Z #15 DONE 9.1s
2026-07-26T06:20:00.4290943Z 
2026-07-26T06:20:00.4291554Z #15 [build 5/8] RUN dotnet restore src/Ednsv.Web/Ednsv.Web.csproj
2026-07-26T06:20:00.4292600Z #15 extracting sha256:4d015ec68eada998a41dff557e9be9876100aacfd3adb78c32cccfb1faac8a40 done
2026-07-26T06:20:00.4293651Z #15 extracting sha256:704a261d6a0df1be6f054161284fc14ac0eaa21ceb629676ee3d0dd8ec908988 done
2026-07-26T06:20:00.4294470Z #15 extracting sha256:89f057fbd63d49c61fb415af2773f20380c76d858a5dc95dcdcd0ac198854624 done
2026-07-26T06:20:00.4295341Z #15 extracting sha256:7c7616ad766245be8807f1899bc25fa05f61c48f8079fa36c964d481853af380
2026-07-26T06:20:00.9968243Z #15 extracting sha256:7c7616ad766245be8807f1899bc25fa05f61c48f8079fa36c964d481853af380 0.7s done
2026-07-26T06:20:00.9969081Z #15 DONE 9.8s
2026-07-26T06:20:01.1473506Z 
2026-07-26T06:20:01.1474436Z #16 [build 6/8] COPY src/Ednsv.Core/ src/Ednsv.Core/
2026-07-26T06:20:03.2435453Z #16 DONE 2.2s
2026-07-26T06:20:03.4063356Z 
2026-07-26T06:20:03.4064026Z #17 [build 7/8] COPY src/Ednsv.Web/ src/Ednsv.Web/
2026-07-26T06:20:03.4064745Z #17 DONE 0.0s
2026-07-26T06:20:03.4064951Z 
2026-07-26T06:20:03.4065853Z #18 [build 8/8] RUN dotnet publish src/Ednsv.Web/Ednsv.Web.csproj         --configuration Release         --no-restore         --output /app/publish         /p:UseAppHost=false
2026-07-26T06:20:08.1781845Z #18 4.923   Ednsv.Core -> /src/src/Ednsv.Core/bin/Release/net8.0/Ednsv.Core.dll
2026-07-26T06:20:09.9658507Z #18 6.710   Ednsv.Web -> /src/src/Ednsv.Web/bin/Release/net8.0/Ednsv.Web.dll
2026-07-26T06:20:10.1063849Z #18 6.768   Ednsv.Web -> /app/publish/
2026-07-26T06:20:10.1064659Z #18 DONE 6.9s
2026-07-26T06:20:10.2063619Z 
2026-07-26T06:20:10.2064366Z #19 [runtime 2/3] WORKDIR /app
2026-07-26T06:20:10.2065661Z #19 sha256:30a13c38083b6617b9701d16db3db957591d7d40742407e7c85fdea6d9fc6bdb 93B / 93B 0.0s done
2026-07-26T06:20:10.2066694Z #19 extracting sha256:30a13c38083b6617b9701d16db3db957591d7d40742407e7c85fdea6d9fc6bdb
2026-07-26T06:20:10.3788877Z #19 extracting sha256:30a13c38083b6617b9701d16db3db957591d7d40742407e7c85fdea6d9fc6bdb done
2026-07-26T06:20:10.3789706Z #19 DONE 0.1s
2026-07-26T06:20:10.3789898Z 
2026-07-26T06:20:10.3790126Z #20 [runtime 3/3] COPY --from=build /app/publish ./
2026-07-26T06:20:10.3790660Z #20 DONE 0.0s
2026-07-26T06:20:10.3790851Z 
2026-07-26T06:20:10.3791000Z #21 exporting to image
2026-07-26T06:20:10.3791361Z #21 exporting layers
2026-07-26T06:20:10.4567403Z #21 exporting layers 0.2s done
2026-07-26T06:20:10.6978284Z #21 ...
2026-07-26T06:20:10.6978718Z 
2026-07-26T06:20:10.6979241Z #22 [auth] pkinerd/ednsv:pull,push token for ghcr.io
2026-07-26T06:20:10.6979765Z #22 DONE 0.0s
2026-07-26T06:20:10.6979972Z 
2026-07-26T06:20:10.6980112Z #21 exporting to image
2026-07-26T06:20:10.6980832Z #21 exporting manifest sha256:edb0e0028bb143f004ddf62c0c5730e767d8d593aa1d95583f61083d9dd1d9c0 done
2026-07-26T06:20:10.6981998Z #21 exporting config sha256:2cc1743efe154b125ef244969add4b7efaf832beb9483df69ed9c2d0e43ca2dd done
2026-07-26T06:20:10.6983813Z #21 exporting attestation manifest sha256:8075b58b656a3712f93fbee71b4557289f342ba2acb330be515262f2fd71cbdd done
2026-07-26T06:20:10.6985083Z #21 exporting manifest list sha256:7e48a5335519ef7d3bb4f868e8546b0d6ffd6216afb2e85cdd4b30ab085f8e72 done
2026-07-26T06:20:10.6986119Z #21 pushing layers
2026-07-26T06:20:11.8918001Z #21 pushing layers 1.4s done
2026-07-26T06:20:11.8919804Z #21 pushing manifest for ghcr.io/pkinerd/ednsv:pr-28@sha256:7e48a5335519ef7d3bb4f868e8546b0d6ffd6216afb2e85cdd4b30ab085f8e72
2026-07-26T06:20:13.0304262Z #21 pushing manifest for ghcr.io/pkinerd/ednsv:pr-28@sha256:7e48a5335519ef7d3bb4f868e8546b0d6ffd6216afb2e85cdd4b30ab085f8e72 1.1s done
2026-07-26T06:20:13.1460725Z #21 pushing layers 0.1s done
2026-07-26T06:20:13.1462514Z #21 pushing manifest for ghcr.io/pkinerd/ednsv:latest-any@sha256:7e48a5335519ef7d3bb4f868e8546b0d6ffd6216afb2e85cdd4b30ab085f8e72
2026-07-26T06:20:13.3822213Z #21 ...
2026-07-26T06:20:13.3822535Z 
2026-07-26T06:20:13.3823044Z #23 exporting to GitHub Actions Cache
2026-07-26T06:20:13.3823754Z #23 preparing build cache for export 0.6s done
2026-07-26T06:20:13.3824439Z #23 sending cache export 2.3s done
2026-07-26T06:20:13.3825535Z #23 writing layer sha256:103e5907738c6acac2b382650a9ac9c06a6be637b4bdf3f2125e3c501c5fca1e 0.4s done
2026-07-26T06:20:13.3827007Z #23 writing layer sha256:3adeb92f1ece50dbb3a745109df0a803133feade5b348498599a6aaa9717fd58 0.2s done
2026-07-26T06:20:13.3828003Z #23 writing layer sha256:d2e47ed3a95e7c4028d049c52eb1f24629ae089c0ddaf4bf91f278435b1171b1 0.6s done
2026-07-26T06:20:13.3828961Z #23 writing layer sha256:d34881a6d03b25e4409e967add9622418484f8cf3e6b35f30e047fe7849069f5 0.2s done
2026-07-26T06:20:13.3829614Z #23 DONE 2.9s
2026-07-26T06:20:13.5330403Z 
2026-07-26T06:20:13.5330705Z #21 exporting to image
2026-07-26T06:20:13.5547655Z #21 pushing manifest for ghcr.io/pkinerd/ednsv:latest-any@sha256:7e48a5335519ef7d3bb4f868e8546b0d6ffd6216afb2e85cdd4b30ab085f8e72 0.4s done
2026-07-26T06:20:13.6597130Z #21 pushing layers 0.1s done
2026-07-26T06:20:13.6598316Z #21 pushing manifest for ghcr.io/pkinerd/ednsv:sha-6ed5a00@sha256:7e48a5335519ef7d3bb4f868e8546b0d6ffd6216afb2e85cdd4b30ab085f8e72
2026-07-26T06:20:14.0802172Z #21 pushing manifest for ghcr.io/pkinerd/ednsv:sha-6ed5a00@sha256:7e48a5335519ef7d3bb4f868e8546b0d6ffd6216afb2e85cdd4b30ab085f8e72 0.4s done
2026-07-26T06:20:14.0804496Z #21 DONE 3.9s
2026-07-26T06:20:14.1085159Z 
2026-07-26T06:20:14.1086135Z #24 resolving provenance for metadata file
2026-07-26T06:20:14.1086578Z #24 DONE 0.0s
2026-07-26T06:20:14.1176870Z ##[group]ImageID
2026-07-26T06:20:14.1177543Z sha256:7e48a5335519ef7d3bb4f868e8546b0d6ffd6216afb2e85cdd4b30ab085f8e72
2026-07-26T06:20:14.1178658Z ##[endgroup]
2026-07-26T06:20:14.1179323Z ##[group]Digest
2026-07-26T06:20:14.1180056Z sha256:7e48a5335519ef7d3bb4f868e8546b0d6ffd6216afb2e85cdd4b30ab085f8e72
2026-07-26T06:20:14.1181292Z ##[endgroup]
2026-07-26T06:20:14.1181975Z ##[group]Metadata
2026-07-26T06:20:14.1185941Z {
2026-07-26T06:20:14.1186605Z   "buildx.build.provenance": {
2026-07-26T06:20:14.1187166Z     "builder": {
2026-07-26T06:20:14.1187736Z       "id": "https://github.com/pkinerd/ednsv/actions/runs/30190834787/attempts/1"
2026-07-26T06:20:14.1188418Z     },
2026-07-26T06:20:14.1189075Z     "buildType": "https://mobyproject.org/buildkit@v1",
2026-07-26T06:20:14.1189654Z     "materials": [
2026-07-26T06:20:14.1190047Z       {
2026-07-26T06:20:14.1190432Z         "uri": "pkg:docker/docker/dockerfile@1.7",
2026-07-26T06:20:14.1190950Z         "digest": {
2026-07-26T06:20:14.1191548Z           "sha256": "a57df69d0ea827fb7266491f2813635de6f17269be881f696fbfdf2d83dda33e"
2026-07-26T06:20:14.1192483Z         }
2026-07-26T06:20:14.1193127Z       },
2026-07-26T06:20:14.1193478Z       {
2026-07-26T06:20:14.1194080Z         "uri": "pkg:docker/mcr.microsoft.com/dotnet/aspnet@8.0?platform=linux%2Famd64",
2026-07-26T06:20:14.1194897Z         "digest": {
2026-07-26T06:20:14.1195520Z           "sha256": "8f6a307ae32fb393a4b4bcde0a81f0ce3f0a715de0e5575df71f3030448f2dde"
2026-07-26T06:20:14.1196870Z         }
2026-07-26T06:20:14.1197206Z       },
2026-07-26T06:20:14.1197525Z       {
2026-07-26T06:20:14.1198128Z         "uri": "pkg:docker/mcr.microsoft.com/dotnet/sdk@8.0?platform=linux%2Famd64",
2026-07-26T06:20:14.1198861Z         "digest": {
2026-07-26T06:20:14.1199737Z           "sha256": "3c0edbfe1549dd93fb789dc96299a40df865ad7bffefcaf38e8c05940686d641"
2026-07-26T06:20:14.1200554Z         }
2026-07-26T06:20:14.1200980Z       }
2026-07-26T06:20:14.1201260Z     ],
2026-07-26T06:20:14.1201585Z     "invocation": {
2026-07-26T06:20:14.1201961Z       "configSource": {
2026-07-26T06:20:14.1202381Z         "entryPoint": "Dockerfile"
2026-07-26T06:20:14.1203087Z       },
2026-07-26T06:20:14.1203433Z       "parameters": {
2026-07-26T06:20:14.1203858Z         "frontend": "gateway.v0",
2026-07-26T06:20:14.1204303Z         "args": {
2026-07-26T06:20:14.1204737Z           "cmdline": "docker/dockerfile:1.7",
2026-07-26T06:20:14.1205379Z           "label:org.opencontainers.image.created": "2026-07-26T06:19:49.177Z",
2026-07-26T06:20:14.1206153Z           "label:org.opencontainers.image.description": "",
2026-07-26T06:20:14.1206778Z           "label:org.opencontainers.image.licenses": "",
2026-07-26T06:20:14.1207645Z           "label:org.opencontainers.image.revision": "6ed5a004cf8a3b00c36ef388242280a96da613a0",
2026-07-26T06:20:14.1208655Z           "label:org.opencontainers.image.source": "https://github.com/pkinerd/ednsv",
2026-07-26T06:20:14.1209412Z           "label:org.opencontainers.image.title": "ednsv",
2026-07-26T06:20:14.1210111Z           "label:org.opencontainers.image.url": "https://github.com/pkinerd/ednsv",
2026-07-26T06:20:14.1210822Z           "label:org.opencontainers.image.version": "pr-28",
2026-07-26T06:20:14.1211364Z           "source": "docker/dockerfile:1.7"
2026-07-26T06:20:14.1211794Z         },
2026-07-26T06:20:14.1212087Z         "locals": [
2026-07-26T06:20:14.1212400Z           {
2026-07-26T06:20:14.1212702Z             "name": "context"
2026-07-26T06:20:14.1213460Z           },
2026-07-26T06:20:14.1213738Z           {
2026-07-26T06:20:14.1214029Z             "name": "dockerfile"
2026-07-26T06:20:14.1214401Z           }
2026-07-26T06:20:14.1214685Z         ],
2026-07-26T06:20:14.1214964Z         "root": {
2026-07-26T06:20:14.1215261Z           "configSource": {
2026-07-26T06:20:14.1215616Z             "path": "Dockerfile"
2026-07-26T06:20:14.1215992Z           },
2026-07-26T06:20:14.1216289Z           "request": {
2026-07-26T06:20:14.1216642Z             "args": {
2026-07-26T06:20:14.1217179Z               "label:org.opencontainers.image.created": "2026-07-26T06:19:49.177Z",
2026-07-26T06:20:14.1217953Z               "label:org.opencontainers.image.description": "",
2026-07-26T06:20:14.1218624Z               "label:org.opencontainers.image.licenses": "",
2026-07-26T06:20:14.1219472Z               "label:org.opencontainers.image.revision": "6ed5a004cf8a3b00c36ef388242280a96da613a0",
2026-07-26T06:20:14.1220499Z               "label:org.opencontainers.image.source": "https://github.com/pkinerd/ednsv",
2026-07-26T06:20:14.1221112Z               "label:org.opencontainers.image.title": "ednsv",
2026-07-26T06:20:14.1221823Z               "label:org.opencontainers.image.url": "https://github.com/pkinerd/ednsv",
2026-07-26T06:20:14.1222665Z               "label:org.opencontainers.image.version": "pr-28",
2026-07-26T06:20:14.1223848Z               "vcs:localdir:context": ".",
2026-07-26T06:20:14.1224140Z               "vcs:localdir:dockerfile": ".",
2026-07-26T06:20:14.1224485Z               "vcs:revision": "6ed5a004cf8a3b00c36ef388242280a96da613a0",
2026-07-26T06:20:14.1224889Z               "vcs:source": "https://github.com/pkinerd/ednsv"
2026-07-26T06:20:14.1225192Z             }
2026-07-26T06:20:14.1225372Z           }
2026-07-26T06:20:14.1225541Z         },
2026-07-26T06:20:14.1225772Z         "compatibilityVersion": 30
2026-07-26T06:20:14.1226010Z       },
2026-07-26T06:20:14.1226184Z       "environment": {
2026-07-26T06:20:14.1226399Z         "github_actor": "pkinerd",
2026-07-26T06:20:14.1226887Z         "github_actor_id": "169779439",
2026-07-26T06:20:14.1227153Z         "github_event_name": "pull_request",
2026-07-26T06:20:14.1227444Z         "github_event_payload": {
2026-07-26T06:20:14.1227705Z           "action": "synchronize",
2026-07-26T06:20:14.1228102Z           "after": "63c367f39930c7e2bd81873da01b2d0e23f6a675",
2026-07-26T06:20:14.1228453Z           "before": "8a838e09f8521e2d4f27b74e6f91e8ad08dae53b",
2026-07-26T06:20:14.1228797Z           "number": 28,
2026-07-26T06:20:14.1229042Z           "pull_request": {
2026-07-26T06:20:14.1229277Z             "_links": {
2026-07-26T06:20:14.1229501Z               "comments": {
2026-07-26T06:20:14.1229865Z                 "href": "https://api.github.com/repos/pkinerd/ednsv/issues/28/comments"
2026-07-26T06:20:14.1230296Z               },
2026-07-26T06:20:14.1230513Z               "commits": {
2026-07-26T06:20:14.1230873Z                 "href": "https://api.github.com/repos/pkinerd/ednsv/pulls/28/commits"
2026-07-26T06:20:14.1231273Z               },
2026-07-26T06:20:14.1231486Z               "html": {
2026-07-26T06:20:14.1231779Z                 "href": "https://github.com/pkinerd/ednsv/pull/28"
2026-07-26T06:20:14.1232111Z               },
2026-07-26T06:20:14.1232318Z               "issue": {
2026-07-26T06:20:14.1232674Z                 "href": "https://api.github.com/repos/pkinerd/ednsv/issues/28"
2026-07-26T06:20:14.1233457Z               },
2026-07-26T06:20:14.1233665Z               "review_comment": {
2026-07-26T06:20:14.1234066Z                 "href": "https://api.github.com/repos/pkinerd/ednsv/pulls/comments{/number}"
2026-07-26T06:20:14.1234479Z               },
2026-07-26T06:20:14.1234679Z               "review_comments": {
2026-07-26T06:20:14.1235029Z                 "href": "https://api.github.com/repos/pkinerd/ednsv/pulls/28/comments"
2026-07-26T06:20:14.1235412Z               },
2026-07-26T06:20:14.1235597Z               "self": {
2026-07-26T06:20:14.1235889Z                 "href": "https://api.github.com/repos/pkinerd/ednsv/pulls/28"
2026-07-26T06:20:14.1236266Z               },
2026-07-26T06:20:14.1236491Z               "statuses": {
2026-07-26T06:20:14.1237007Z                 "href": "https://api.github.com/repos/pkinerd/ednsv/statuses/63c367f39930c7e2bd81873da01b2d0e23f6a675"
2026-07-26T06:20:14.1237516Z               }
2026-07-26T06:20:14.1237721Z             },
2026-07-26T06:20:14.1237946Z             "active_lock_reason": null,
2026-07-26T06:20:14.1238230Z             "additions": 6731,
2026-07-26T06:20:14.1238485Z             "assignee": null,
2026-07-26T06:20:14.1238730Z             "assignees": [],
2026-07-26T06:20:14.1238985Z             "author_association": "OWNER",
2026-07-26T06:20:14.1239269Z             "auto_merge": null,
2026-07-26T06:20:14.1239508Z             "base": {
2026-07-26T06:20:14.1239742Z               "label": "pkinerd:main",
2026-07-26T06:20:14.1240006Z               "ref": "main",
2026-07-26T06:20:14.1240240Z               "repo": {
2026-07-26T06:20:14.1240474Z                 "allow_auto_merge": false,
2026-07-26T06:20:14.1240754Z                 "allow_forking": true,
2026-07-26T06:20:14.1241041Z                 "allow_merge_commit": true,
2026-07-26T06:20:14.1241327Z                 "allow_rebase_merge": true,
2026-07-26T06:20:14.1241608Z                 "allow_squash_merge": true,
2026-07-26T06:20:14.1241915Z                 "allow_update_branch": false,
2026-07-26T06:20:14.1242382Z                 "archive_url": "https://api.github.com/repos/pkinerd/ednsv/{archive_format}{/ref}",
2026-07-26T06:20:14.1243064Z                 "archived": false,
2026-07-26T06:20:14.1243537Z                 "assignees_url": "https://api.github.com/repos/pkinerd/ednsv/assignees{/user}",
2026-07-26T06:20:14.1244207Z                 "blobs_url": "https://api.github.com/repos/pkinerd/ednsv/git/blobs{/sha}",
2026-07-26T06:20:14.1244847Z                 "branches_url": "https://api.github.com/repos/pkinerd/ednsv/branches{/branch}",
2026-07-26T06:20:14.1245355Z                 "clone_url": "https://github.com/pkinerd/ednsv.git",
2026-07-26T06:20:14.1246113Z                 "collaborators_url": "https://api.github.com/repos/pkinerd/ednsv/collaborators{/collaborator}",
2026-07-26T06:20:14.1246786Z                 "comments_url": "https://api.github.com/repos/pkinerd/ednsv/comments{/number}",
2026-07-26T06:20:14.1247480Z                 "commits_url": "https://api.github.com/repos/pkinerd/ednsv/commits{/sha}",
2026-07-26T06:20:14.1248071Z                 "compare_url": "https://api.github.com/repos/pkinerd/ednsv/compare/{base}...{head}",
2026-07-26T06:20:14.1248685Z                 "contents_url": "https://api.github.com/repos/pkinerd/ednsv/contents/{+path}",
2026-07-26T06:20:14.1249272Z                 "contributors_url": "https://api.github.com/repos/pkinerd/ednsv/contributors",
2026-07-26T06:20:14.1249740Z                 "created_at": "2026-03-30T21:24:40Z",
2026-07-26T06:20:14.1250047Z                 "default_branch": "main",
2026-07-26T06:20:14.1250343Z                 "delete_branch_on_merge": false,
2026-07-26T06:20:14.1250791Z                 "deployments_url": "https://api.github.com/repos/pkinerd/ednsv/deployments",
2026-07-26T06:20:14.1251219Z                 "description": null,
2026-07-26T06:20:14.1251508Z                 "disabled": false,
2026-07-26T06:20:14.1251891Z                 "downloads_url": "https://api.github.com/repos/pkinerd/ednsv/downloads",
2026-07-26T06:20:14.1252427Z                 "events_url": "https://api.github.com/repos/pkinerd/ednsv/events",
2026-07-26T06:20:14.1253034Z                 "fork": false,
2026-07-26T06:20:14.1253296Z                 "forks": 0,
2026-07-26T06:20:14.1253576Z                 "forks_count": 0,
2026-07-26T06:20:14.1253937Z                 "forks_url": "https://api.github.com/repos/pkinerd/ednsv/forks",
2026-07-26T06:20:14.1254353Z                 "full_name": "pkinerd/ednsv",
2026-07-26T06:20:14.1254817Z                 "git_commits_url": "https://api.github.com/repos/pkinerd/ednsv/git/commits{/sha}",
2026-07-26T06:20:14.1255403Z                 "git_refs_url": "https://api.github.com/repos/pkinerd/ednsv/git/refs{/sha}",
2026-07-26T06:20:14.1255972Z                 "git_tags_url": "https://api.github.com/repos/pkinerd/ednsv/git/tags{/sha}",
2026-07-26T06:20:14.1256457Z                 "git_url": "git://github.com/pkinerd/ednsv.git",
2026-07-26T06:20:14.1256795Z                 "has_discussions": false,
2026-07-26T06:20:14.1257079Z                 "has_downloads": false,
2026-07-26T06:20:14.1257352Z                 "has_issues": true,
2026-07-26T06:20:14.1257616Z                 "has_pages": false,
2026-07-26T06:20:14.1257877Z                 "has_projects": true,
2026-07-26T06:20:14.1258152Z                 "has_pull_requests": true,
2026-07-26T06:20:14.1258427Z                 "has_wiki": true,
2026-07-26T06:20:14.1258676Z                 "homepage": null,
2026-07-26T06:20:14.1259020Z                 "hooks_url": "https://api.github.com/repos/pkinerd/ednsv/hooks",
2026-07-26T06:20:14.1259449Z                 "html_url": "https://github.com/pkinerd/ednsv",
2026-07-26T06:20:14.1259780Z                 "id": 1196602452,
2026-07-26T06:20:14.1260032Z                 "is_template": false,
2026-07-26T06:20:14.1260507Z                 "issue_comment_url": "https://api.github.com/repos/pkinerd/ednsv/issues/comments{/number}",
2026-07-26T06:20:14.1261188Z                 "issue_events_url": "https://api.github.com/repos/pkinerd/ednsv/issues/events{/number}",
2026-07-26T06:20:14.1261832Z                 "issues_url": "https://api.github.com/repos/pkinerd/ednsv/issues{/number}",
2026-07-26T06:20:14.1262893Z                 "keys_url": "https://api.github.com/repos/pkinerd/ednsv/keys{/key_id}",
2026-07-26T06:20:14.1263605Z                 "labels_url": "https://api.github.com/repos/pkinerd/ednsv/labels{/name}",
2026-07-26T06:20:14.1264041Z                 "language": "C#",
2026-07-26T06:20:14.1264393Z                 "languages_url": "https://api.github.com/repos/pkinerd/ednsv/languages",
2026-07-26T06:20:14.1264778Z                 "license": null,
2026-07-26T06:20:14.1265219Z                 "merge_commit_message": "PR_TITLE",
2026-07-26T06:20:14.1265542Z                 "merge_commit_title": "MERGE_MESSAGE",
2026-07-26T06:20:14.1265930Z                 "merges_url": "https://api.github.com/repos/pkinerd/ednsv/merges",
2026-07-26T06:20:14.1266572Z                 "milestones_url": "https://api.github.com/repos/pkinerd/ednsv/milestones{/number}",
2026-07-26T06:20:14.1267023Z                 "mirror_url": null,
2026-07-26T06:20:14.1267382Z                 "name": "ednsv",
2026-07-26T06:20:14.1268814Z                 "node_id": "R_kgDOR1K0VA",
2026-07-26T06:20:14.1269549Z                 "notifications_url": "https://api.github.com/repos/pkinerd/ednsv/notifications{?since,all,participating}",
2026-07-26T06:20:14.1270092Z                 "open_issues": 1,
2026-07-26T06:20:14.1270342Z                 "open_issues_count": 1,
2026-07-26T06:20:14.1270591Z                 "owner": {
2026-07-26T06:20:14.1270937Z                   "avatar_url": "https://avatars.githubusercontent.com/u/169779439?v=4",
2026-07-26T06:20:14.1271454Z                   "events_url": "https://api.github.com/users/pkinerd/events{/privacy}",
2026-07-26T06:20:14.1271956Z                   "followers_url": "https://api.github.com/users/pkinerd/followers",
2026-07-26T06:20:14.1272484Z                   "following_url": "https://api.github.com/users/pkinerd/following{/other_user}",
2026-07-26T06:20:14.1273421Z                   "gists_url": "https://api.github.com/users/pkinerd/gists{/gist_id}",
2026-07-26T06:20:14.1273812Z                   "gravatar_id": "",
2026-07-26T06:20:14.1274106Z                   "html_url": "https://github.com/pkinerd",
2026-07-26T06:20:14.1274409Z                   "id": 169779439,
2026-07-26T06:20:14.1274648Z                   "login": "pkinerd",
2026-07-26T06:20:14.1274906Z                   "node_id": "U_kgDOCh6g7w",
2026-07-26T06:20:14.1275285Z                   "organizations_url": "https://api.github.com/users/pkinerd/orgs",
2026-07-26T06:20:14.1275803Z                   "received_events_url": "https://api.github.com/users/pkinerd/received_events",
2026-07-26T06:20:14.1276302Z                   "repos_url": "https://api.github.com/users/pkinerd/repos",
2026-07-26T06:20:14.1276674Z                   "site_admin": false,
2026-07-26T06:20:14.1277070Z                   "starred_url": "https://api.github.com/users/pkinerd/starred{/owner}{/repo}",
2026-07-26T06:20:14.1277607Z                   "subscriptions_url": "https://api.github.com/users/pkinerd/subscriptions",
2026-07-26T06:20:14.1278010Z                   "type": "User",
2026-07-26T06:20:14.1278297Z                   "url": "https://api.github.com/users/pkinerd",
2026-07-26T06:20:14.1278614Z                   "user_view_type": "public"
2026-07-26T06:20:14.1278868Z                 },
2026-07-26T06:20:14.1279067Z                 "private": false,
2026-07-26T06:20:14.1279330Z                 "pull_request_creation_policy": "all",
2026-07-26T06:20:14.1279735Z                 "pulls_url": "https://api.github.com/repos/pkinerd/ednsv/pulls{/number}",
2026-07-26T06:20:14.1280143Z                 "pushed_at": "2026-07-26T06:18:41Z",
2026-07-26T06:20:14.1280546Z                 "releases_url": "https://api.github.com/repos/pkinerd/ednsv/releases{/id}",
2026-07-26T06:20:14.1280937Z                 "size": 35253,
2026-07-26T06:20:14.1281213Z                 "squash_merge_commit_message": "COMMIT_MESSAGES",
2026-07-26T06:20:14.1281567Z                 "squash_merge_commit_title": "COMMIT_OR_PR_TITLE",
2026-07-26T06:20:14.1281915Z                 "ssh_url": "git@github.com:pkinerd/ednsv.git",
2026-07-26T06:20:14.1282218Z                 "stargazers_count": 0,
2026-07-26T06:20:14.1282594Z                 "stargazers_url": "https://api.github.com/repos/pkinerd/ednsv/stargazers",
2026-07-26T06:20:14.1283425Z                 "statuses_url": "https://api.github.com/repos/pkinerd/ednsv/statuses/{sha}",
2026-07-26T06:20:14.1284040Z                 "subscribers_url": "https://api.github.com/repos/pkinerd/ednsv/subscribers",
2026-07-26T06:20:14.1285017Z                 "subscription_url": "https://api.github.com/repos/pkinerd/ednsv/subscription",
2026-07-26T06:20:14.1285491Z                 "svn_url": "https://github.com/pkinerd/ednsv",
2026-07-26T06:20:14.1285880Z                 "tags_url": "https://api.github.com/repos/pkinerd/ednsv/tags",
2026-07-26T06:20:14.1286455Z                 "teams_url": "https://api.github.com/repos/pkinerd/ednsv/teams",
2026-07-26T06:20:14.1286817Z                 "topics": [],
2026-07-26T06:20:14.1287167Z                 "trees_url": "https://api.github.com/repos/pkinerd/ednsv/git/trees{/sha}",
2026-07-26T06:20:14.1287572Z                 "updated_at": "2026-07-24T14:18:46Z",
2026-07-26T06:20:14.1287906Z                 "url": "https://api.github.com/repos/pkinerd/ednsv",
2026-07-26T06:20:14.1288252Z                 "use_squash_pr_title_as_default": false,
2026-07-26T06:20:14.1288550Z                 "visibility": "public",
2026-07-26T06:20:14.1288803Z                 "watchers": 0,
2026-07-26T06:20:14.1289031Z                 "watchers_count": 0,
2026-07-26T06:20:14.1289305Z                 "web_commit_signoff_required": false
2026-07-26T06:20:14.1289571Z               },
2026-07-26T06:20:14.1289811Z               "sha": "0907a58f50a6c98d23ae466ed31c3a0c15264622",
2026-07-26T06:20:14.1290102Z               "user": {
2026-07-26T06:20:14.1290435Z                 "avatar_url": "https://avatars.githubusercontent.com/u/169779439?v=4",
2026-07-26T06:20:14.1290928Z                 "events_url": "https://api.github.com/users/pkinerd/events{/privacy}",
2026-07-26T06:20:14.1291406Z                 "followers_url": "https://api.github.com/users/pkinerd/followers",
2026-07-26T06:20:14.1291909Z                 "following_url": "https://api.github.com/users/pkinerd/following{/other_user}",
2026-07-26T06:20:14.1292405Z                 "gists_url": "https://api.github.com/users/pkinerd/gists{/gist_id}",
2026-07-26T06:20:14.1293110Z                 "gravatar_id": "",
2026-07-26T06:20:14.1293592Z                 "html_url": "https://github.com/pkinerd",
2026-07-26T06:20:14.1293898Z                 "id": 169779439,
2026-07-26T06:20:14.1294164Z                 "login": "pkinerd",
2026-07-26T06:20:14.1294442Z                 "node_id": "U_kgDOCh6g7w",
2026-07-26T06:20:14.1294854Z                 "organizations_url": "https://api.github.com/users/pkinerd/orgs",
2026-07-26T06:20:14.1295504Z                 "received_events_url": "https://api.github.com/users/pkinerd/received_events",
2026-07-26T06:20:14.1296073Z                 "repos_url": "https://api.github.com/users/pkinerd/repos",
2026-07-26T06:20:14.1296494Z                 "site_admin": false,
2026-07-26T06:20:14.1311538Z                 "starred_url": "https://api.github.com/users/pkinerd/starred{/owner}{/repo}",
2026-07-26T06:20:14.1312115Z                 "subscriptions_url": "https://api.github.com/users/pkinerd/subscriptions",
2026-07-26T06:20:14.1312544Z                 "type": "User",
2026-07-26T06:20:14.1313208Z                 "url": "https://api.github.com/users/pkinerd",
2026-07-26T06:20:14.1313568Z                 "user_view_type": "public"
2026-07-26T06:20:14.1313827Z               }
2026-07-26T06:20:14.1314019Z             },
2026-07-26T06:20:14.1325829Z             "body": "Four defects in the same family — file writes that assume they are the\nonly writer, and a read that destroys data when it fails.\n\n1. Fixed temp-file paths. Six write sites built their scratch file as\n   \"<target>.tmp\": ConfigService (config.json, revision bodies, the\n   history index), AuthService (users.json) and DiskCacheService (the\n   eleven merge-saved cache files, domain-results.json). The rename is\n   atomic, but the scratch path is shared state — two writers (two\n   replicas on one mount, a CLI run alongside the web service) truncate\n   and interleave into it, after which one rename publishes the mixture\n   and the other throws FileNotFoundException because the temp has\n   already been moved away. In ConfigService and AuthService that\n   exception escapes a save request as a 500.\n\n   Adds AtomicFile, which writes through a per-write unique temp name,\n   removes its scratch file when a write fails, and sweeps orphans left\n   by a killed process. The sweep is age-gated so it cannot delete a\n   temp belonging to an in-flight write. Concurrent writers still race\n   to publish and the last rename wins — the callers already assume\n   that — but the target is now always exactly one writer's complete\n   payload.\n\n   DiskCacheService.Clear and the startup load sweep the new names as\n   well as the legacy fixed one.\n\n2. ConfigService.LoadOrSeed overwrote a live config on a transient read\n   error. Any failure to read or parse an existing config.json fell\n   through to the seed path, which writes to disk — so a momentary I/O\n   error or sharing violation silently replaced the operator's saved\n   settings with env-var defaults and recorded that as a revision. It\n   now throws ConfigUnreadableException and the web host fails closed\n   with a clear message. An empty file still seeds, since there is\n   nothing to lose.\n\n3. CacheManager.ClearAllAsync deleted the cache files without holding\n   the flusher's lock. A flush that had already sampled the in-memory\n   caches would finish writing them out after the delete, so an admin\n   cache-clear reported success and the stale entries reappeared on\n   disk. The delete now runs under the same semaphore as the flush.\n\n4. CacheManager.FlushAsync bypassed all serialisation when no\n   background flusher exists (CLI runs), leaving concurrent saves free\n   to interleave read-modify-write on each cache file. It now takes a\n   local lock.\n\nAdds AtomicFileTests and CacheManagerClearTests, and extends\nConfigServiceTests and DiskCacheClearTests. The two concurrency tests\nwere verified to fail against the old fixed-name implementation.\n\nCo-Authored-By: Claude Opus 5 <noreply@anthropic.com>\nClaude-Session: https://claude.ai/code/session_01611PR4pvQSGB1t9K3hNAwE",
2026-07-26T06:20:14.1337283Z             "changed_files": 49,
2026-07-26T06:20:14.1337547Z             "closed_at": null,
2026-07-26T06:20:14.1337781Z             "comments": 0,
2026-07-26T06:20:14.1338161Z             "comments_url": "https://api.github.com/repos/pkinerd/ednsv/issues/28/comments",
2026-07-26T06:20:14.1338579Z             "commits": 16,
2026-07-26T06:20:14.1338945Z             "commits_url": "https://api.github.com/repos/pkinerd/ednsv/pulls/28/commits",
2026-07-26T06:20:14.1339366Z             "created_at": "2026-07-26T02:03:41Z",
2026-07-26T06:20:14.1339644Z             "deletions": 765,
2026-07-26T06:20:14.1339961Z             "diff_url": "https://github.com/pkinerd/ednsv/pull/28.diff",
2026-07-26T06:20:14.1340300Z             "draft": false,
2026-07-26T06:20:14.1340515Z             "head": {
2026-07-26T06:20:14.1340805Z               "label": "pkinerd:claude/redis-dependency-removal-213elh",
2026-07-26T06:20:14.1341202Z               "ref": "claude/redis-dependency-removal-213elh",
2026-07-26T06:20:14.1341510Z               "repo": {
2026-07-26T06:20:14.1341732Z                 "allow_auto_merge": false,
2026-07-26T06:20:14.1342007Z                 "allow_forking": true,
2026-07-26T06:20:14.1342264Z                 "allow_merge_commit": true,
2026-07-26T06:20:14.1342529Z                 "allow_rebase_merge": true,
2026-07-26T06:20:14.1343155Z                 "allow_squash_merge": true,
2026-07-26T06:20:14.1343551Z                 "allow_update_branch": false,
2026-07-26T06:20:14.1343994Z                 "archive_url": "https://api.github.com/repos/pkinerd/ednsv/{archive_format}{/ref}",
2026-07-26T06:20:14.1344430Z                 "archived": false,
2026-07-26T06:20:14.1344815Z                 "assignees_url": "https://api.github.com/repos/pkinerd/ednsv/assignees{/user}",
2026-07-26T06:20:14.1345347Z                 "blobs_url": "https://api.github.com/repos/pkinerd/ednsv/git/blobs{/sha}",
2026-07-26T06:20:14.1345876Z                 "branches_url": "https://api.github.com/repos/pkinerd/ednsv/branches{/branch}",
2026-07-26T06:20:14.1346348Z                 "clone_url": "https://github.com/pkinerd/ednsv.git",
2026-07-26T06:20:14.1347059Z                 "collaborators_url": "https://api.github.com/repos/pkinerd/ednsv/collaborators{/collaborator}",
2026-07-26T06:20:14.1347673Z                 "comments_url": "https://api.github.com/repos/pkinerd/ednsv/comments{/number}",
2026-07-26T06:20:14.1348311Z                 "commits_url": "https://api.github.com/repos/pkinerd/ednsv/commits{/sha}",
2026-07-26T06:20:14.1348859Z                 "compare_url": "https://api.github.com/repos/pkinerd/ednsv/compare/{base}...{head}",
2026-07-26T06:20:14.1349420Z                 "contents_url": "https://api.github.com/repos/pkinerd/ednsv/contents/{+path}",
2026-07-26T06:20:14.1349964Z                 "contributors_url": "https://api.github.com/repos/pkinerd/ednsv/contributors",
2026-07-26T06:20:14.1350397Z                 "created_at": "2026-03-30T21:24:40Z",
2026-07-26T06:20:14.1350684Z                 "default_branch": "main",
2026-07-26T06:20:14.1350965Z                 "delete_branch_on_merge": false,
2026-07-26T06:20:14.1351384Z                 "deployments_url": "https://api.github.com/repos/pkinerd/ednsv/deployments",
2026-07-26T06:20:14.1351945Z                 "description": null,
2026-07-26T06:20:14.1352292Z                 "disabled": false,
2026-07-26T06:20:14.1352664Z                 "downloads_url": "https://api.github.com/repos/pkinerd/ednsv/downloads",
2026-07-26T06:20:14.1353496Z                 "events_url": "https://api.github.com/repos/pkinerd/ednsv/events",
2026-07-26T06:20:14.1353867Z                 "fork": false,
2026-07-26T06:20:14.1354097Z                 "forks": 0,
2026-07-26T06:20:14.1354323Z                 "forks_count": 0,
2026-07-26T06:20:14.1354654Z                 "forks_url": "https://api.github.com/repos/pkinerd/ednsv/forks",
2026-07-26T06:20:14.1355025Z                 "full_name": "pkinerd/ednsv",
2026-07-26T06:20:14.1355444Z                 "git_commits_url": "https://api.github.com/repos/pkinerd/ednsv/git/commits{/sha}",
2026-07-26T06:20:14.1356261Z                 "git_refs_url": "https://api.github.com/repos/pkinerd/ednsv/git/refs{/sha}",
2026-07-26T06:20:14.1356799Z                 "git_tags_url": "https://api.github.com/repos/pkinerd/ednsv/git/tags{/sha}",
2026-07-26T06:20:14.1357394Z                 "git_url": "git://github.com/pkinerd/ednsv.git",
2026-07-26T06:20:14.1357728Z                 "has_discussions": false,
2026-07-26T06:20:14.1357995Z                 "has_downloads": false,
2026-07-26T06:20:14.1358355Z                 "has_issues": true,
2026-07-26T06:20:14.1358647Z                 "has_pages": false,
2026-07-26T06:20:14.1358896Z                 "has_projects": true,
2026-07-26T06:20:14.1359157Z                 "has_pull_requests": true,
2026-07-26T06:20:14.1359507Z                 "has_wiki": true,
2026-07-26T06:20:14.1359816Z                 "homepage": null,
2026-07-26T06:20:14.1360153Z                 "hooks_url": "https://api.github.com/repos/pkinerd/ednsv/hooks",
2026-07-26T06:20:14.1360625Z                 "html_url": "https://github.com/pkinerd/ednsv",
2026-07-26T06:20:14.1361039Z                 "id": 1196602452,
2026-07-26T06:20:14.1361283Z                 "is_template": false,
2026-07-26T06:20:14.1361731Z                 "issue_comment_url": "https://api.github.com/repos/pkinerd/ednsv/issues/comments{/number}",
2026-07-26T06:20:14.1362574Z                 "issue_events_url": "https://api.github.com/repos/pkinerd/ednsv/issues/events{/number}",
2026-07-26T06:20:14.1363753Z                 "issues_url": "https://api.github.com/repos/pkinerd/ednsv/issues{/number}",
2026-07-26T06:20:14.1364296Z                 "keys_url": "https://api.github.com/repos/pkinerd/ednsv/keys{/key_id}",
2026-07-26T06:20:14.1364804Z                 "labels_url": "https://api.github.com/repos/pkinerd/ednsv/labels{/name}",
2026-07-26T06:20:14.1365197Z                 "language": "C#",
2026-07-26T06:20:14.1365560Z                 "languages_url": "https://api.github.com/repos/pkinerd/ednsv/languages",
2026-07-26T06:20:14.1365955Z                 "license": null,
2026-07-26T06:20:14.1366397Z                 "merge_commit_message": "PR_TITLE",
2026-07-26T06:20:14.1366707Z                 "merge_commit_title": "MERGE_MESSAGE",
2026-07-26T06:20:14.1367117Z                 "merges_url": "https://api.github.com/repos/pkinerd/ednsv/merges",
2026-07-26T06:20:14.1367764Z                 "milestones_url": "https://api.github.com/repos/pkinerd/ednsv/milestones{/number}",
2026-07-26T06:20:14.1368205Z                 "mirror_url": null,
2026-07-26T06:20:14.1368457Z                 "name": "ednsv",
2026-07-26T06:20:14.1368702Z                 "node_id": "R_kgDOR1K0VA",
2026-07-26T06:20:14.1369221Z                 "notifications_url": "https://api.github.com/repos/pkinerd/ednsv/notifications{?since,all,participating}",
2026-07-26T06:20:14.1369745Z                 "open_issues": 1,
2026-07-26T06:20:14.1369993Z                 "open_issues_count": 1,
2026-07-26T06:20:14.1370250Z                 "owner": {
2026-07-26T06:20:14.1370592Z                   "avatar_url": "https://avatars.githubusercontent.com/u/169779439?v=4",
2026-07-26T06:20:14.1371099Z                   "events_url": "https://api.github.com/users/pkinerd/events{/privacy}",
2026-07-26T06:20:14.1371575Z                   "followers_url": "https://api.github.com/users/pkinerd/followers",
2026-07-26T06:20:14.1372094Z                   "following_url": "https://api.github.com/users/pkinerd/following{/other_user}",
2026-07-26T06:20:14.1372603Z                   "gists_url": "https://api.github.com/users/pkinerd/gists{/gist_id}",
2026-07-26T06:20:14.1373290Z                   "gravatar_id": "",
2026-07-26T06:20:14.1373592Z                   "html_url": "https://github.com/pkinerd",
2026-07-26T06:20:14.1373892Z                   "id": 169779439,
2026-07-26T06:20:14.1374138Z                   "login": "pkinerd",
2026-07-26T06:20:14.1374396Z                   "node_id": "U_kgDOCh6g7w",
2026-07-26T06:20:14.1374766Z                   "organizations_url": "https://api.github.com/users/pkinerd/orgs",
2026-07-26T06:20:14.1375285Z                   "received_events_url": "https://api.github.com/users/pkinerd/received_events",
2026-07-26T06:20:14.1375786Z                   "repos_url": "https://api.github.com/users/pkinerd/repos",
2026-07-26T06:20:14.1376133Z                   "site_admin": false,
2026-07-26T06:20:14.1376525Z                   "starred_url": "https://api.github.com/users/pkinerd/starred{/owner}{/repo}",
2026-07-26T06:20:14.1377062Z                   "subscriptions_url": "https://api.github.com/users/pkinerd/subscriptions",
2026-07-26T06:20:14.1377463Z                   "type": "User",
2026-07-26T06:20:14.1377746Z                   "url": "https://api.github.com/users/pkinerd",
2026-07-26T06:20:14.1378072Z                   "user_view_type": "public"
2026-07-26T06:20:14.1378327Z                 },
2026-07-26T06:20:14.1378532Z                 "private": false,
2026-07-26T06:20:14.1378798Z                 "pull_request_creation_policy": "all",
2026-07-26T06:20:14.1379202Z                 "pulls_url": "https://api.github.com/repos/pkinerd/ednsv/pulls{/number}",
2026-07-26T06:20:14.1379617Z                 "pushed_at": "2026-07-26T06:18:41Z",
2026-07-26T06:20:14.1380026Z                 "releases_url": "https://api.github.com/repos/pkinerd/ednsv/releases{/id}",
2026-07-26T06:20:14.1380423Z                 "size": 35253,
2026-07-26T06:20:14.1380706Z                 "squash_merge_commit_message": "COMMIT_MESSAGES",
2026-07-26T06:20:14.1381064Z                 "squash_merge_commit_title": "COMMIT_OR_PR_TITLE",
2026-07-26T06:20:14.1381418Z                 "ssh_url": "git@github.com:pkinerd/ednsv.git",
2026-07-26T06:20:14.1381731Z                 "stargazers_count": 0,
2026-07-26T06:20:14.1382113Z                 "stargazers_url": "https://api.github.com/repos/pkinerd/ednsv/stargazers",
2026-07-26T06:20:14.1382636Z                 "statuses_url": "https://api.github.com/repos/pkinerd/ednsv/statuses/{sha}",
2026-07-26T06:20:14.1383469Z                 "subscribers_url": "https://api.github.com/repos/pkinerd/ednsv/subscribers",
2026-07-26T06:20:14.1384014Z                 "subscription_url": "https://api.github.com/repos/pkinerd/ednsv/subscription",
2026-07-26T06:20:14.1384612Z                 "svn_url": "https://github.com/pkinerd/ednsv",
2026-07-26T06:20:14.1385002Z                 "tags_url": "https://api.github.com/repos/pkinerd/ednsv/tags",
2026-07-26T06:20:14.1385547Z                 "teams_url": "https://api.github.com/repos/pkinerd/ednsv/teams",
2026-07-26T06:20:14.1385910Z                 "topics": [],
2026-07-26T06:20:14.1386262Z                 "trees_url": "https://api.github.com/repos/pkinerd/ednsv/git/trees{/sha}",
2026-07-26T06:20:14.1386670Z                 "updated_at": "2026-07-24T14:18:46Z",
2026-07-26T06:20:14.1387009Z                 "url": "https://api.github.com/repos/pkinerd/ednsv",
2026-07-26T06:20:14.1387359Z                 "use_squash_pr_title_as_default": false,
2026-07-26T06:20:14.1387657Z                 "visibility": "public",
2026-07-26T06:20:14.1387917Z                 "watchers": 0,
2026-07-26T06:20:14.1388153Z                 "watchers_count": 0,
2026-07-26T06:20:14.1388432Z                 "web_commit_signoff_required": false
2026-07-26T06:20:14.1388706Z               },
2026-07-26T06:20:14.1388947Z               "sha": "63c367f39930c7e2bd81873da01b2d0e23f6a675",
2026-07-26T06:20:14.1389245Z               "user": {
2026-07-26T06:20:14.1389577Z                 "avatar_url": "https://avatars.githubusercontent.com/u/169779439?v=4",
2026-07-26T06:20:14.1390070Z                 "events_url": "https://api.github.com/users/pkinerd/events{/privacy}",
2026-07-26T06:20:14.1390548Z                 "followers_url": "https://api.github.com/users/pkinerd/followers",
2026-07-26T06:20:14.1391053Z                 "following_url": "https://api.github.com/users/pkinerd/following{/other_user}",
2026-07-26T06:20:14.1391560Z                 "gists_url": "https://api.github.com/users/pkinerd/gists{/gist_id}",
2026-07-26T06:20:14.1391934Z                 "gravatar_id": "",
2026-07-26T06:20:14.1392211Z                 "html_url": "https://github.com/pkinerd",
2026-07-26T06:20:14.1392505Z                 "id": 169779439,
2026-07-26T06:20:14.1392737Z                 "login": "pkinerd",
2026-07-26T06:20:14.1393269Z                 "node_id": "U_kgDOCh6g7w",
2026-07-26T06:20:14.1393647Z                 "organizations_url": "https://api.github.com/users/pkinerd/orgs",
2026-07-26T06:20:14.1394161Z                 "received_events_url": "https://api.github.com/users/pkinerd/received_events",
2026-07-26T06:20:14.1394638Z                 "repos_url": "https://api.github.com/users/pkinerd/repos",
2026-07-26T06:20:14.1394982Z                 "site_admin": false,
2026-07-26T06:20:14.1395367Z                 "starred_url": "https://api.github.com/users/pkinerd/starred{/owner}{/repo}",
2026-07-26T06:20:14.1395895Z                 "subscriptions_url": "https://api.github.com/users/pkinerd/subscriptions",
2026-07-26T06:20:14.1396293Z                 "type": "User",
2026-07-26T06:20:14.1396567Z                 "url": "https://api.github.com/users/pkinerd",
2026-07-26T06:20:14.1396894Z                 "user_view_type": "public"
2026-07-26T06:20:14.1397141Z               }
2026-07-26T06:20:14.1397323Z             },
2026-07-26T06:20:14.1397575Z             "html_url": "https://github.com/pkinerd/ednsv/pull/28",
2026-07-26T06:20:14.1397895Z             "id": 4134707627,
2026-07-26T06:20:14.1398224Z             "issue_url": "https://api.github.com/repos/pkinerd/ednsv/issues/28",
2026-07-26T06:20:14.1398585Z             "labels": [],
2026-07-26T06:20:14.1398800Z             "locked": false,
2026-07-26T06:20:14.1399034Z             "maintainer_can_modify": false,
2026-07-26T06:20:14.1399389Z             "merge_commit_sha": "fba6ab4bdeb7db8be6d547f6feec73822ac280c0",
2026-07-26T06:20:14.1399745Z             "mergeable": null,
2026-07-26T06:20:14.1399983Z             "mergeable_state": "unknown",
2026-07-26T06:20:14.1400269Z             "merged": false,
2026-07-26T06:20:14.1400492Z             "merged_at": null,
2026-07-26T06:20:14.1400713Z             "merged_by": null,
2026-07-26T06:20:14.1401059Z             "milestone": null,
2026-07-26T06:20:14.1401302Z             "node_id": "PR_kwDOR1K0VM72cqGr",
2026-07-26T06:20:14.1401566Z             "number": 28,
2026-07-26T06:20:14.1401861Z             "patch_url": "https://github.com/pkinerd/ednsv/pull/28.patch",
2026-07-26T06:20:14.1402348Z             "rebaseable": null,
2026-07-26T06:20:14.1402591Z             "requested_reviewers": [],
2026-07-26T06:20:14.1403048Z             "requested_teams": [],
2026-07-26T06:20:14.1403597Z             "review_comment_url": "https://api.github.com/repos/pkinerd/ednsv/pulls/comments{/number}",
2026-07-26T06:20:14.1404056Z             "review_comments": 0,
2026-07-26T06:20:14.1404463Z             "review_comments_url": "https://api.github.com/repos/pkinerd/ednsv/pulls/28/comments",
2026-07-26T06:20:14.1404894Z             "state": "open",
2026-07-26T06:20:14.1405378Z             "statuses_url": "https://api.github.com/repos/pkinerd/ednsv/statuses/63c367f39930c7e2bd81873da01b2d0e23f6a675",
2026-07-26T06:20:14.1406045Z             "title": "Fix unguarded concurrent file access in config, auth and disk cache",
2026-07-26T06:20:14.1406462Z             "updated_at": "2026-07-26T06:18:42Z",
2026-07-26T06:20:14.1406813Z             "url": "https://api.github.com/repos/pkinerd/ednsv/pulls/28",
2026-07-26T06:20:14.1407153Z             "user": {
2026-07-26T06:20:14.1407477Z               "avatar_url": "https://avatars.githubusercontent.com/u/169779439?v=4",
2026-07-26T06:20:14.1407962Z               "events_url": "https://api.github.com/users/pkinerd/events{/privacy}",
2026-07-26T06:20:14.1408435Z               "followers_url": "https://api.github.com/users/pkinerd/followers",
2026-07-26T06:20:14.1408930Z               "following_url": "https://api.github.com/users/pkinerd/following{/other_user}",
2026-07-26T06:20:14.1409433Z               "gists_url": "https://api.github.com/users/pkinerd/gists{/gist_id}",
2026-07-26T06:20:14.1409800Z               "gravatar_id": "",
2026-07-26T06:20:14.1410075Z               "html_url": "https://github.com/pkinerd",
2026-07-26T06:20:14.1410366Z               "id": 169779439,
2026-07-26T06:20:14.1410594Z               "login": "pkinerd",
2026-07-26T06:20:14.1410839Z               "node_id": "U_kgDOCh6g7w",
2026-07-26T06:20:14.1411203Z               "organizations_url": "https://api.github.com/users/pkinerd/orgs",
2026-07-26T06:20:14.1411706Z               "received_events_url": "https://api.github.com/users/pkinerd/received_events",
2026-07-26T06:20:14.1412180Z               "repos_url": "https://api.github.com/users/pkinerd/repos",
2026-07-26T06:20:14.1412515Z               "site_admin": false,
2026-07-26T06:20:14.1413481Z               "starred_url": "https://api.github.com/users/pkinerd/starred{/owner}{/repo}",
2026-07-26T06:20:14.1414016Z               "subscriptions_url": "https://api.github.com/users/pkinerd/subscriptions",
2026-07-26T06:20:14.1414413Z               "type": "User",
2026-07-26T06:20:14.1414686Z               "url": "https://api.github.com/users/pkinerd",
2026-07-26T06:20:14.1415005Z               "user_view_type": "public"
2026-07-26T06:20:14.1415250Z             }
2026-07-26T06:20:14.1415431Z           },
2026-07-26T06:20:14.1415619Z           "repository": {
2026-07-26T06:20:14.1415842Z             "allow_forking": true,
2026-07-26T06:20:14.1416243Z             "archive_url": "https://api.github.com/repos/pkinerd/ednsv/{archive_format}{/ref}",
2026-07-26T06:20:14.1416662Z             "archived": false,
2026-07-26T06:20:14.1417027Z             "assignees_url": "https://api.github.com/repos/pkinerd/ednsv/assignees{/user}",
2026-07-26T06:20:14.1417540Z             "blobs_url": "https://api.github.com/repos/pkinerd/ednsv/git/blobs{/sha}",
2026-07-26T06:20:14.1418057Z             "branches_url": "https://api.github.com/repos/pkinerd/ednsv/branches{/branch}",
2026-07-26T06:20:14.1418505Z             "clone_url": "https://github.com/pkinerd/ednsv.git",
2026-07-26T06:20:14.1419018Z             "collaborators_url": "https://api.github.com/repos/pkinerd/ednsv/collaborators{/collaborator}",
2026-07-26T06:20:14.1419765Z             "comments_url": "https://api.github.com/repos/pkinerd/ednsv/comments{/number}",
2026-07-26T06:20:14.1420282Z             "commits_url": "https://api.github.com/repos/pkinerd/ednsv/commits{/sha}",
2026-07-26T06:20:14.1420916Z             "compare_url": "https://api.github.com/repos/pkinerd/ednsv/compare/{base}...{head}",
2026-07-26T06:20:14.1421467Z             "contents_url": "https://api.github.com/repos/pkinerd/ednsv/contents/{+path}",
2026-07-26T06:20:14.1421997Z             "contributors_url": "https://api.github.com/repos/pkinerd/ednsv/contributors",
2026-07-26T06:20:14.1422413Z             "created_at": "2026-03-30T21:24:40Z",
2026-07-26T06:20:14.1422697Z             "default_branch": "main",
2026-07-26T06:20:14.1423237Z             "deployments_url": "https://api.github.com/repos/pkinerd/ednsv/deployments",
2026-07-26T06:20:14.1423637Z             "description": null,
2026-07-26T06:20:14.1423871Z             "disabled": false,
2026-07-26T06:20:14.1424220Z             "downloads_url": "https://api.github.com/repos/pkinerd/ednsv/downloads",
2026-07-26T06:20:14.1424699Z             "events_url": "https://api.github.com/repos/pkinerd/ednsv/events",
2026-07-26T06:20:14.1425058Z             "fork": false,
2026-07-26T06:20:14.1425275Z             "forks": 0,
2026-07-26T06:20:14.1425489Z             "forks_count": 0,
2026-07-26T06:20:14.1425803Z             "forks_url": "https://api.github.com/repos/pkinerd/ednsv/forks",
2026-07-26T06:20:14.1426163Z             "full_name": "pkinerd/ednsv",
2026-07-26T06:20:14.1426569Z             "git_commits_url": "https://api.github.com/repos/pkinerd/ednsv/git/commits{/sha}",
2026-07-26T06:20:14.1427103Z             "git_refs_url": "https://api.github.com/repos/pkinerd/ednsv/git/refs{/sha}",
2026-07-26T06:20:14.1427603Z             "git_tags_url": "https://api.github.com/repos/pkinerd/ednsv/git/tags{/sha}",
2026-07-26T06:20:14.1428028Z             "git_url": "git://github.com/pkinerd/ednsv.git",
2026-07-26T06:20:14.1428335Z             "has_discussions": false,
2026-07-26T06:20:14.1428593Z             "has_downloads": false,
2026-07-26T06:20:14.1428835Z             "has_issues": true,
2026-07-26T06:20:14.1429066Z             "has_pages": false,
2026-07-26T06:20:14.1429294Z             "has_projects": true,
2026-07-26T06:20:14.1429545Z             "has_pull_requests": true,
2026-07-26T06:20:14.1429794Z             "has_wiki": true,
2026-07-26T06:20:14.1430020Z             "homepage": null,
2026-07-26T06:20:14.1430335Z             "hooks_url": "https://api.github.com/repos/pkinerd/ednsv/hooks",
2026-07-26T06:20:14.1430732Z             "html_url": "https://github.com/pkinerd/ednsv",
2026-07-26T06:20:14.1431031Z             "id": 1196602452,
2026-07-26T06:20:14.1431255Z             "is_template": false,
2026-07-26T06:20:14.1431673Z             "issue_comment_url": "https://api.github.com/repos/pkinerd/ednsv/issues/comments{/number}",
2026-07-26T06:20:14.1432282Z             "issue_events_url": "https://api.github.com/repos/pkinerd/ednsv/issues/events{/number}",
2026-07-26T06:20:14.1432960Z             "issues_url": "https://api.github.com/repos/pkinerd/ednsv/issues{/number}",
2026-07-26T06:20:14.1433458Z             "keys_url": "https://api.github.com/repos/pkinerd/ednsv/keys{/key_id}",
2026-07-26T06:20:14.1433944Z             "labels_url": "https://api.github.com/repos/pkinerd/ednsv/labels{/name}",
2026-07-26T06:20:14.1434322Z             "language": "C#",
2026-07-26T06:20:14.1434659Z             "languages_url": "https://api.github.com/repos/pkinerd/ednsv/languages",
2026-07-26T06:20:14.1435034Z             "license": null,
2026-07-26T06:20:14.1435352Z             "merges_url": "https://api.github.com/repos/pkinerd/ednsv/merges",
2026-07-26T06:20:14.1435862Z             "milestones_url": "https://api.github.com/repos/pkinerd/ednsv/milestones{/number}",
2026-07-26T06:20:14.1436283Z             "mirror_url": null,
2026-07-26T06:20:14.1436510Z             "name": "ednsv",
2026-07-26T06:20:14.1436738Z             "node_id": "R_kgDOR1K0VA",
2026-07-26T06:20:14.1437362Z             "notifications_url": "https://api.github.com/repos/pkinerd/ednsv/notifications{?since,all,participating}",
2026-07-26T06:20:14.1437873Z             "open_issues": 1,
2026-07-26T06:20:14.1438104Z             "open_issues_count": 1,
2026-07-26T06:20:14.1438441Z             "owner": {
2026-07-26T06:20:14.1438766Z               "avatar_url": "https://avatars.githubusercontent.com/u/169779439?v=4",
2026-07-26T06:20:14.1439251Z               "events_url": "https://api.github.com/users/pkinerd/events{/privacy}",
2026-07-26T06:20:14.1439719Z               "followers_url": "https://api.github.com/users/pkinerd/followers",
2026-07-26T06:20:14.1440223Z               "following_url": "https://api.github.com/users/pkinerd/following{/other_user}",
2026-07-26T06:20:14.1440723Z               "gists_url": "https://api.github.com/users/pkinerd/gists{/gist_id}",
2026-07-26T06:20:14.1441085Z               "gravatar_id": "",
2026-07-26T06:20:14.1441356Z               "html_url": "https://github.com/pkinerd",
2026-07-26T06:20:14.1441643Z               "id": 169779439,
2026-07-26T06:20:14.1441866Z               "login": "pkinerd",
2026-07-26T06:20:14.1442108Z               "node_id": "U_kgDOCh6g7w",
2026-07-26T06:20:14.1442467Z               "organizations_url": "https://api.github.com/users/pkinerd/orgs",
2026-07-26T06:20:14.1443293Z               "received_events_url": "https://api.github.com/users/pkinerd/received_events",
2026-07-26T06:20:14.1443769Z               "repos_url": "https://api.github.com/users/pkinerd/repos",
2026-07-26T06:20:14.1444110Z               "site_admin": false,
2026-07-26T06:20:14.1444487Z               "starred_url": "https://api.github.com/users/pkinerd/starred{/owner}{/repo}",
2026-07-26T06:20:14.1445006Z               "subscriptions_url": "https://api.github.com/users/pkinerd/subscriptions",
2026-07-26T06:20:14.1445396Z               "type": "User",
2026-07-26T06:20:14.1445668Z               "url": "https://api.github.com/users/pkinerd",
2026-07-26T06:20:14.1445975Z               "user_view_type": "public"
2026-07-26T06:20:14.1446222Z             },
2026-07-26T06:20:14.1446415Z             "private": false,
2026-07-26T06:20:14.1446665Z             "pull_request_creation_policy": "all",
2026-07-26T06:20:14.1447063Z             "pulls_url": "https://api.github.com/repos/pkinerd/ednsv/pulls{/number}",
2026-07-26T06:20:14.1447457Z             "pushed_at": "2026-07-26T06:18:41Z",
2026-07-26T06:20:14.1447845Z             "releases_url": "https://api.github.com/repos/pkinerd/ednsv/releases{/id}",
2026-07-26T06:20:14.1448229Z             "size": 35253,
2026-07-26T06:20:14.1448486Z             "ssh_url": "git@github.com:pkinerd/ednsv.git",
2026-07-26T06:20:14.1448786Z             "stargazers_count": 0,
2026-07-26T06:20:14.1449145Z             "stargazers_url": "https://api.github.com/repos/pkinerd/ednsv/stargazers",
2026-07-26T06:20:14.1449650Z             "statuses_url": "https://api.github.com/repos/pkinerd/ednsv/statuses/{sha}",
2026-07-26T06:20:14.1450159Z             "subscribers_url": "https://api.github.com/repos/pkinerd/ednsv/subscribers",
2026-07-26T06:20:14.1450690Z             "subscription_url": "https://api.github.com/repos/pkinerd/ednsv/subscription",
2026-07-26T06:20:14.1451130Z             "svn_url": "https://github.com/pkinerd/ednsv",
2026-07-26T06:20:14.1451507Z             "tags_url": "https://api.github.com/repos/pkinerd/ednsv/tags",
2026-07-26T06:20:14.1451939Z             "teams_url": "https://api.github.com/repos/pkinerd/ednsv/teams",
2026-07-26T06:20:14.1452292Z             "topics": [],
2026-07-26T06:20:14.1452620Z             "trees_url": "https://api.github.com/repos/pkinerd/ednsv/git/trees{/sha}",
2026-07-26T06:20:14.1453161Z             "updated_at": "2026-07-24T14:18:46Z",
2026-07-26T06:20:14.1453487Z             "url": "https://api.github.com/repos/pkinerd/ednsv",
2026-07-26T06:20:14.1453808Z             "visibility": "public",
2026-07-26T06:20:14.1454051Z             "watchers": 0,
2026-07-26T06:20:14.1454279Z             "watchers_count": 0,
2026-07-26T06:20:14.1454707Z             "web_commit_signoff_required": false
2026-07-26T06:20:14.1454970Z           },
2026-07-26T06:20:14.1455153Z           "sender": {
2026-07-26T06:20:14.1455473Z             "avatar_url": "https://avatars.githubusercontent.com/u/169779439?v=4",
2026-07-26T06:20:14.1456066Z             "events_url": "https://api.github.com/users/pkinerd/events{/privacy}",
2026-07-26T06:20:14.1456536Z             "followers_url": "https://api.github.com/users/pkinerd/followers",
2026-07-26T06:20:14.1457035Z             "following_url": "https://api.github.com/users/pkinerd/following{/other_user}",
2026-07-26T06:20:14.1457532Z             "gists_url": "https://api.github.com/users/pkinerd/gists{/gist_id}",
2026-07-26T06:20:14.1457895Z             "gravatar_id": "",
2026-07-26T06:20:14.1458157Z             "html_url": "https://github.com/pkinerd",
2026-07-26T06:20:14.1458436Z             "id": 169779439,
2026-07-26T06:20:14.1458656Z             "login": "pkinerd",
2026-07-26T06:20:14.1458891Z             "node_id": "U_kgDOCh6g7w",
2026-07-26T06:20:14.1459243Z             "organizations_url": "https://api.github.com/users/pkinerd/orgs",
2026-07-26T06:20:14.1459733Z             "received_events_url": "https://api.github.com/users/pkinerd/received_events",
2026-07-26T06:20:14.1460204Z             "repos_url": "https://api.github.com/users/pkinerd/repos",
2026-07-26T06:20:14.1460538Z             "site_admin": false,
2026-07-26T06:20:14.1460893Z             "starred_url": "https://api.github.com/users/pkinerd/starred{/owner}{/repo}",
2026-07-26T06:20:14.1461408Z             "subscriptions_url": "https://api.github.com/users/pkinerd/subscriptions",
2026-07-26T06:20:14.1461797Z             "type": "User",
2026-07-26T06:20:14.1462058Z             "url": "https://api.github.com/users/pkinerd",
2026-07-26T06:20:14.1462359Z             "user_view_type": "public"
2026-07-26T06:20:14.1462601Z           }
2026-07-26T06:20:14.1462917Z         },
2026-07-26T06:20:14.1463103Z         "github_job": "docker",
2026-07-26T06:20:14.1463349Z         "github_ref": "refs/pull/28/merge",
2026-07-26T06:20:14.1463620Z         "github_ref_name": "28/merge",
2026-07-26T06:20:14.1463877Z         "github_ref_protected": "false",
2026-07-26T06:20:14.1464137Z         "github_ref_type": "branch",
2026-07-26T06:20:14.1464405Z         "github_repository": "pkinerd/ednsv",
2026-07-26T06:20:14.1464685Z         "github_repository_id": "1196602452",
2026-07-26T06:20:14.1464957Z         "github_repository_owner": "pkinerd",
2026-07-26T06:20:14.1465245Z         "github_repository_owner_id": "169779439",
2026-07-26T06:20:14.1465531Z         "github_run_attempt": "1",
2026-07-26T06:20:14.1465782Z         "github_run_id": "30190834787",
2026-07-26T06:20:14.1466037Z         "github_run_number": "213",
2026-07-26T06:20:14.1466284Z         "github_runner_arch": "X64",
2026-07-26T06:20:14.1466568Z         "github_runner_environment": "github-hosted",
2026-07-26T06:20:14.1466871Z         "github_runner_image_os": "ubuntu24",
2026-07-26T06:20:14.1467169Z         "github_runner_image_version": "20260720.247.2",
2026-07-26T06:20:14.1467499Z         "github_runner_name": "GitHub Actions 1000002162",
2026-07-26T06:20:14.1467801Z         "github_runner_os": "Linux",
2026-07-26T06:20:14.1468170Z         "github_runner_tracking_id": "github_dbb9cc6a-b89a-49a1-9038-eff28e9a178c",
2026-07-26T06:20:14.1468594Z         "github_server_url": "https://github.com",
2026-07-26T06:20:14.1468901Z         "github_triggering_actor": "pkinerd",
2026-07-26T06:20:14.1469174Z         "github_workflow": "CI",
2026-07-26T06:20:14.1469557Z         "github_workflow_ref": "pkinerd/ednsv/.github/workflows/ci.yml@refs/pull/28/merge",
2026-07-26T06:20:14.1470058Z         "github_workflow_sha": "6ed5a004cf8a3b00c36ef388242280a96da613a0",
2026-07-26T06:20:14.1470417Z         "platform": "linux/amd64"
2026-07-26T06:20:14.1470650Z       }
2026-07-26T06:20:14.1470819Z     }
2026-07-26T06:20:14.1470988Z   },
2026-07-26T06:20:14.1471540Z   "buildx.build.ref": "builder-5f050f0c-fcfb-4db1-9895-270c0610dec2/builder-5f050f0c-fcfb-4db1-9895-270c0610dec20/4kzzuwvvdmj71bjulv0mqepnu",
2026-07-26T06:20:14.1472312Z   "containerimage.descriptor": {
2026-07-26T06:20:14.1472625Z     "mediaType": "application/vnd.oci.image.index.v1+json",
2026-07-26T06:20:14.1473326Z     "digest": "sha256:7e48a5335519ef7d3bb4f868e8546b0d6ffd6216afb2e85cdd4b30ab085f8e72",
2026-07-26T06:20:14.1473741Z     "size": 856
2026-07-26T06:20:14.1473925Z   },
2026-07-26T06:20:14.1474308Z   "containerimage.digest": "sha256:7e48a5335519ef7d3bb4f868e8546b0d6ffd6216afb2e85cdd4b30ab085f8e72",
2026-07-26T06:20:14.1475021Z   "image.name": "ghcr.io/pkinerd/ednsv:pr-28,ghcr.io/pkinerd/ednsv:latest-any,ghcr.io/pkinerd/ednsv:sha-6ed5a00"
2026-07-26T06:20:14.1475505Z }
2026-07-26T06:20:14.1475899Z ##[endgroup]
2026-07-26T06:20:14.1476252Z ##[group]Reference
2026-07-26T06:20:14.1476748Z builder-5f050f0c-fcfb-4db1-9895-270c0610dec2/builder-5f050f0c-fcfb-4db1-9895-270c0610dec20/4kzzuwvvdmj71bjulv0mqepnu
2026-07-26T06:20:14.1477422Z ##[endgroup]
2026-07-26T06:20:14.1477752Z ##[group]Check build summary support
2026-07-26T06:20:14.1478139Z Build summary supported!
2026-07-26T06:20:14.1478486Z ##[endgroup]
2026-07-26T06:20:14.1574615Z Node 20 is being deprecated. This workflow is running with Node 24 by default. If you need to temporarily use Node 20, you can set the ACTIONS_ALLOW_USE_UNSECURE_NODE_VERSION=true environment variable. For more information see: https://github.blog/changelog/2025-09-19-deprecation-of-node-20-on-github-actions-runners/
2026-07-26T06:20:14.1575897Z Post job cleanup.
2026-07-26T06:20:14.3930847Z ##[group]Generating build summary
2026-07-26T06:20:14.3936338Z exporting build record to /home/runner/work/_temp/docker-actions-toolkit-B0bS2Q/export
2026-07-26T06:20:14.3949526Z (node:3268) [DEP0040] DeprecationWarning: The `punycode` module is deprecated. Please use a userland alternative instead.
2026-07-26T06:20:14.3950653Z (Use `node --trace-deprecation ...` to show where the warning was created)
2026-07-26T06:20:14.5974373Z [command]/usr/bin/docker buildx history export --builder builder-5f050f0c-fcfb-4db1-9895-270c0610dec2 --output /home/runner/work/_temp/docker-actions-toolkit-B0bS2Q/export/pkinerd~ednsv~4KZZUW.dockerbuild 4kzzuwvvdmj71bjulv0mqepnu --finalize
2026-07-26T06:20:14.8478423Z Build record written to /home/runner/work/_temp/docker-actions-toolkit-B0bS2Q/export/pkinerd~ednsv~4KZZUW.dockerbuild (58.56 KB)
2026-07-26T06:20:14.8504595Z Uploading pkinerd~ednsv~4KZZUW.dockerbuild to blob storage
2026-07-26T06:20:15.0223534Z Beginning upload of artifact content to blob storage
2026-07-26T06:20:15.0313955Z (node:3268) [DEP0169] DeprecationWarning: `url.parse()` behavior is not standardized and prone to errors that have security implications. Use the WHATWG URL API instead. CVEs are not issued for `url.parse()` vulnerabilities.
2026-07-26T06:20:15.0322118Z Uploaded bytes 59964
2026-07-26T06:20:15.1469676Z Finished uploading artifact content to blob storage!
2026-07-26T06:20:15.1474904Z SHA256 hash of uploaded artifact is 8a7bc32ffb3af46f329e9ef4f9dafcb4e026a48d7f5c9c485cac0138d5e9f07f
2026-07-26T06:20:15.1476489Z Finalizing artifact upload
2026-07-26T06:20:15.3510994Z Artifact successfully finalized (8628510656)
2026-07-26T06:20:15.3512763Z Artifact download URL: https://github.com/pkinerd/ednsv/actions/runs/30190834787/artifacts/8628510656
2026-07-26T06:20:15.3542034Z Writing summary
2026-07-26T06:20:15.3556336Z ##[endgroup]
2026-07-26T06:20:15.3557320Z ##[group]Removing temp folder /home/runner/work/_temp/docker-actions-toolkit-fsqybp
2026-07-26T06:20:15.3559053Z ##[endgroup]
2026-07-26T06:20:15.3559791Z ##[group]Post cache
2026-07-26T06:20:15.3561546Z State not set
2026-07-26T06:20:15.3562187Z ##[endgroup]
2026-07-26T06:20:15.3736887Z Node 20 is being deprecated. This workflow is running with Node 24 by default. If you need to temporarily use Node 20, you can set the ACTIONS_ALLOW_USE_UNSECURE_NODE_VERSION=true environment variable. For more information see: https://github.blog/changelog/2025-09-19-deprecation-of-node-20-on-github-actions-runners/
2026-07-26T06:20:15.3738329Z Post job cleanup.
2026-07-26T06:20:15.6825721Z ##[group]Logout from ghcr.io
2026-07-26T06:20:15.6848347Z (node:3417) [DEP0040] DeprecationWarning: The `punycode` module is deprecated. Please use a userland alternative instead.
2026-07-26T06:20:15.6849621Z (Use `node --trace-deprecation ...` to show where the warning was created)
2026-07-26T06:20:15.6875180Z [command]/usr/bin/docker logout ghcr.io
2026-07-26T06:20:15.7013845Z Removing login credentials for ghcr.io
2026-07-26T06:20:15.7045245Z ##[endgroup]
2026-07-26T06:20:15.7045950Z ##[group]Post cache
2026-07-26T06:20:15.7047614Z State not set
2026-07-26T06:20:15.7048527Z ##[endgroup]
2026-07-26T06:20:15.7281610Z Node 20 is being deprecated. This workflow is running with Node 24 by default. If you need to temporarily use Node 20, you can set the ACTIONS_ALLOW_USE_UNSECURE_NODE_VERSION=true environment variable. For more information see: https://github.blog/changelog/2025-09-19-deprecation-of-node-20-on-github-actions-runners/
2026-07-26T06:20:15.7284091Z Post job cleanup.
2026-07-26T06:20:15.9816768Z ##[group]Removing builder
2026-07-26T06:20:15.9824250Z (node:3438) [DEP0040] DeprecationWarning: The `punycode` module is deprecated. Please use a userland alternative instead.
2026-07-26T06:20:15.9826428Z (Use `node --trace-deprecation ...` to show where the warning was created)
2026-07-26T06:20:16.0888988Z [command]/usr/bin/docker buildx rm builder-5f050f0c-fcfb-4db1-9895-270c0610dec2
2026-07-26T06:20:16.7680072Z builder-5f050f0c-fcfb-4db1-9895-270c0610dec2 removed
2026-07-26T06:20:16.7716123Z ##[endgroup]
2026-07-26T06:20:16.7716839Z ##[group]Cleaning up certificates
2026-07-26T06:20:16.7719468Z ##[endgroup]
2026-07-26T06:20:16.7720324Z ##[group]Post cache
2026-07-26T06:20:16.7721845Z State not set
2026-07-26T06:20:16.7722992Z ##[endgroup]
2026-07-26T06:20:16.7941286Z Node 20 is being deprecated. This workflow is running with Node 24 by default. If you need to temporarily use Node 20, you can set the ACTIONS_ALLOW_USE_UNSECURE_NODE_VERSION=true environment variable. For more information see: https://github.blog/changelog/2025-09-19-deprecation-of-node-20-on-github-actions-runners/
2026-07-26T06:20:16.7944114Z Post job cleanup.
2026-07-26T06:20:16.8805158Z [command]/usr/bin/git version
2026-07-26T06:20:16.8849461Z git version 2.54.0
2026-07-26T06:20:16.8894989Z Temporarily overriding HOME='/home/runner/work/_temp/7245d884-cabf-43c7-8988-5511adfeb0f3' before making global git config changes
2026-07-26T06:20:16.8896702Z Adding repository directory to the temporary git global config as a safe directory
2026-07-26T06:20:16.8900458Z [command]/usr/bin/git config --global --add safe.directory /home/runner/work/ednsv/ednsv
2026-07-26T06:20:16.8941341Z [command]/usr/bin/git config --local --name-only --get-regexp core\.sshCommand
2026-07-26T06:20:16.9006050Z [command]/usr/bin/git submodule foreach --recursive sh -c "git config --local --name-only --get-regexp 'core\.sshCommand' && git config --local --unset-all 'core.sshCommand' || :"
2026-07-26T06:20:16.9280008Z [command]/usr/bin/git config --local --name-only --get-regexp http\.https\:\/\/github\.com\/\.extraheader
2026-07-26T06:20:16.9311281Z http.https://github.com/.extraheader
2026-07-26T06:20:16.9324406Z [command]/usr/bin/git config --local --unset-all http.https://github.com/.extraheader
2026-07-26T06:20:16.9359985Z [command]/usr/bin/git submodule foreach --recursive sh -c "git config --local --name-only --get-regexp 'http\.https\:\/\/github\.com\/\.extraheader' && git config --local --unset-all 'http.https://github.com/.extraheader' || :"
2026-07-26T06:20:16.9621739Z [command]/usr/bin/git config --local --name-only --get-regexp ^includeIf\.gitdir:
2026-07-26T06:20:16.9663746Z [command]/usr/bin/git submodule foreach --recursive git config --local --show-origin --name-only --get-regexp remote.origin.url
2026-07-26T06:20:17.0056840Z Cleaning up orphan processes
2026-07-26T06:20:17.0432634Z ##[warning]Node.js 20 is deprecated. The following actions target Node.js 20 but are being forced to run on Node.js 24: actions/checkout@v4, docker/build-push-action@v6, docker/login-action@v3, docker/metadata-action@v5, docker/setup-buildx-action@v3. For more information see: https://github.blog/changelog/2025-09-19-deprecation-of-node-20-on-github-actions-runners/
