2026-07-26T21:18:29.4295922Z Current runner version: '2.336.0'
2026-07-26T21:18:29.4321118Z ##[group]Runner Image Provisioner
2026-07-26T21:18:29.4322055Z Hosted Compute Agent
2026-07-26T21:18:29.4322689Z Version: 20260707.563
2026-07-26T21:18:29.4323337Z Commit: 02667638d2b423fbc733a8e32a88b44996a3ba6e
2026-07-26T21:18:29.4324212Z Build Date: 2026-07-07T19:33:50Z
2026-07-26T21:18:29.4324924Z Worker ID: {8a62483f-1f9b-40d7-8cd9-4c5bf6f09182}
2026-07-26T21:18:29.4325690Z Azure Region: centralus
2026-07-26T21:18:29.4326289Z ##[endgroup]
2026-07-26T21:18:29.4328619Z ##[group]Operating System
2026-07-26T21:18:29.4329413Z Ubuntu
2026-07-26T21:18:29.4329965Z 24.04.4
2026-07-26T21:18:29.4330466Z LTS
2026-07-26T21:18:29.4331074Z ##[endgroup]
2026-07-26T21:18:29.4331646Z ##[group]Runner Image
2026-07-26T21:18:29.4332296Z Image: ubuntu-24.04
2026-07-26T21:18:29.4332909Z Version: 20260720.247.2
2026-07-26T21:18:29.4334201Z Included Software: https://github.com/actions/runner-images/blob/ubuntu24/20260720.247/images/ubuntu/Ubuntu2404-Readme.md
2026-07-26T21:18:29.4335729Z Image Release: https://github.com/actions/runner-images/releases/tag/ubuntu24%2F20260720.247
2026-07-26T21:18:29.4336784Z ##[endgroup]
2026-07-26T21:18:29.4338183Z ##[group]GITHUB_TOKEN Permissions
2026-07-26T21:18:29.4340453Z Contents: read
2026-07-26T21:18:29.4341089Z Metadata: read
2026-07-26T21:18:29.4341638Z Packages: write
2026-07-26T21:18:29.4342350Z ##[endgroup]
2026-07-26T21:18:29.4344393Z Secret source: Actions
2026-07-26T21:18:29.4345916Z Prepare workflow directory
2026-07-26T21:18:29.4886012Z Prepare all required actions
2026-07-26T21:18:29.4928455Z Getting action download info
2026-07-26T21:18:29.7454288Z Download action repository 'actions/checkout@v4' (SHA:11d5960a326750d5838078e36cf38b85af677262)
2026-07-26T21:18:30.1719150Z Download action repository 'docker/setup-buildx-action@v3' (SHA:8d2750c68a42422c14e847fe6c8ac0403b4cbd6f)
2026-07-26T21:18:31.0361867Z Download action repository 'docker/login-action@v3' (SHA:c94ce9fb468520275223c153574b00df6fe4bcc9)
2026-07-26T21:18:31.6178774Z Download action repository 'docker/metadata-action@v5' (SHA:c299e40c65443455700f0fdfc63efafe5b349051)
2026-07-26T21:18:32.2840239Z Download action repository 'docker/build-push-action@v6' (SHA:10e90e3645eae34f1e60eeb005ba3a3d33f178e8)
2026-07-26T21:18:32.9424779Z Complete job name: Build & Push Docker Image
2026-07-26T21:18:33.0177879Z Node 20 is being deprecated. This workflow is running with Node 24 by default. If you need to temporarily use Node 20, you can set the ACTIONS_ALLOW_USE_UNSECURE_NODE_VERSION=true environment variable. For more information see: https://github.blog/changelog/2025-09-19-deprecation-of-node-20-on-github-actions-runners/
2026-07-26T21:18:33.0186246Z ##[group]Run actions/checkout@v4
2026-07-26T21:18:33.0186747Z with:
2026-07-26T21:18:33.0186978Z   repository: pkinerd/ednsv
2026-07-26T21:18:33.0189547Z   token: ***
2026-07-26T21:18:33.0189779Z   ssh-strict: true
2026-07-26T21:18:33.0189997Z   ssh-user: git
2026-07-26T21:18:33.0190229Z   persist-credentials: true
2026-07-26T21:18:33.0190493Z   clean: true
2026-07-26T21:18:33.0190725Z   sparse-checkout-cone-mode: true
2026-07-26T21:18:33.0190999Z   fetch-depth: 1
2026-07-26T21:18:33.0191229Z   fetch-tags: false
2026-07-26T21:18:33.0191449Z   show-progress: true
2026-07-26T21:18:33.0191666Z   lfs: false
2026-07-26T21:18:33.0191920Z   submodules: false
2026-07-26T21:18:33.0192160Z   set-safe-directory: true
2026-07-26T21:18:33.0192419Z   allow-unsafe-pr-checkout: false
2026-07-26T21:18:33.0192960Z env:
2026-07-26T21:18:33.0193178Z   REGISTRY: ghcr.io
2026-07-26T21:18:33.0193416Z   IMAGE_NAME: pkinerd/ednsv
2026-07-26T21:18:33.0193672Z ##[endgroup]
2026-07-26T21:18:33.1277955Z Syncing repository: pkinerd/ednsv
2026-07-26T21:18:33.1279824Z ##[group]Getting Git version info
2026-07-26T21:18:33.1280424Z Working directory is '/home/runner/work/ednsv/ednsv'
2026-07-26T21:18:33.1281298Z [command]/usr/bin/git version
2026-07-26T21:18:33.1330792Z git version 2.54.0
2026-07-26T21:18:33.1353865Z ##[endgroup]
2026-07-26T21:18:33.1369233Z Temporarily overriding HOME='/home/runner/work/_temp/2f81ec5d-3b6f-4c93-8851-091538c73d3b' before making global git config changes
2026-07-26T21:18:33.1371072Z Adding repository directory to the temporary git global config as a safe directory
2026-07-26T21:18:33.1374707Z [command]/usr/bin/git config --global --add safe.directory /home/runner/work/ednsv/ednsv
2026-07-26T21:18:33.1431197Z Deleting the contents of '/home/runner/work/ednsv/ednsv'
2026-07-26T21:18:33.1435258Z ##[group]Initializing the repository
2026-07-26T21:18:33.1439988Z [command]/usr/bin/git init /home/runner/work/ednsv/ednsv
2026-07-26T21:18:33.1549911Z hint: Using 'master' as the name for the initial branch. This default branch name
2026-07-26T21:18:33.1550917Z hint: will change to "main" in Git 3.0. To configure the initial branch name
2026-07-26T21:18:33.1551819Z hint: to use in all of your new repositories, which will suppress this warning,
2026-07-26T21:18:33.1552539Z hint: call:
2026-07-26T21:18:33.1552858Z hint:
2026-07-26T21:18:33.1553341Z hint: 	git config --global init.defaultBranch <name>
2026-07-26T21:18:33.1553882Z hint:
2026-07-26T21:18:33.1554418Z hint: Names commonly chosen instead of 'master' are 'main', 'trunk' and
2026-07-26T21:18:33.1555345Z hint: 'development'. The just-created branch can be renamed via this command:
2026-07-26T21:18:33.1556042Z hint:
2026-07-26T21:18:33.1556375Z hint: 	git branch -m <name>
2026-07-26T21:18:33.1556768Z hint:
2026-07-26T21:18:33.1557710Z hint: Disable this message with "git config set advice.defaultBranchName false"
2026-07-26T21:18:33.1559116Z Initialized empty Git repository in /home/runner/work/ednsv/ednsv/.git/
2026-07-26T21:18:33.1569771Z [command]/usr/bin/git remote add origin https://github.com/pkinerd/ednsv
2026-07-26T21:18:33.1615573Z ##[endgroup]
2026-07-26T21:18:33.1616229Z ##[group]Disabling automatic garbage collection
2026-07-26T21:18:33.1621258Z [command]/usr/bin/git config --local gc.auto 0
2026-07-26T21:18:33.1652850Z ##[endgroup]
2026-07-26T21:18:33.1653502Z ##[group]Setting up auth
2026-07-26T21:18:33.1660565Z [command]/usr/bin/git config --local --name-only --get-regexp core\.sshCommand
2026-07-26T21:18:33.1705909Z [command]/usr/bin/git submodule foreach --recursive sh -c "git config --local --name-only --get-regexp 'core\.sshCommand' && git config --local --unset-all 'core.sshCommand' || :"
2026-07-26T21:18:33.2080117Z [command]/usr/bin/git config --local --name-only --get-regexp http\.https\:\/\/github\.com\/\.extraheader
2026-07-26T21:18:33.2118905Z [command]/usr/bin/git submodule foreach --recursive sh -c "git config --local --name-only --get-regexp 'http\.https\:\/\/github\.com\/\.extraheader' && git config --local --unset-all 'http.https://github.com/.extraheader' || :"
2026-07-26T21:18:33.2360629Z [command]/usr/bin/git config --local --name-only --get-regexp ^includeIf\.gitdir:
2026-07-26T21:18:33.2397743Z [command]/usr/bin/git submodule foreach --recursive git config --local --show-origin --name-only --get-regexp remote.origin.url
2026-07-26T21:18:33.2624383Z [command]/usr/bin/git config --local http.https://github.com/.extraheader AUTHORIZATION: basic ***
2026-07-26T21:18:33.2663094Z ##[endgroup]
2026-07-26T21:18:33.2663610Z ##[group]Fetching the repository
2026-07-26T21:18:33.2674958Z [command]/usr/bin/git -c protocol.version=2 fetch --no-tags --prune --no-recurse-submodules --depth=1 origin +fd67ba5ec362f4b77c77158206da97d478198c61:refs/remotes/pull/28/merge
2026-07-26T21:18:33.8228652Z From https://github.com/pkinerd/ednsv
2026-07-26T21:18:33.8229456Z  * [new ref]         fd67ba5ec362f4b77c77158206da97d478198c61 -> pull/28/merge
2026-07-26T21:18:33.8266720Z ##[endgroup]
2026-07-26T21:18:33.8267791Z ##[group]Determining the checkout info
2026-07-26T21:18:33.8270910Z ##[endgroup]
2026-07-26T21:18:33.8277856Z [command]/usr/bin/git sparse-checkout disable
2026-07-26T21:18:33.8330579Z [command]/usr/bin/git config --local --unset-all extensions.worktreeConfig
2026-07-26T21:18:33.8368980Z ##[group]Checking out the ref
2026-07-26T21:18:33.8372778Z [command]/usr/bin/git checkout --progress --force refs/remotes/pull/28/merge
2026-07-26T21:18:33.8521941Z Note: switching to 'refs/remotes/pull/28/merge'.
2026-07-26T21:18:33.8522619Z 
2026-07-26T21:18:33.8523450Z You are in 'detached HEAD' state. You can look around, make experimental
2026-07-26T21:18:33.8524740Z changes and commit them, and you can discard any commits you make in this
2026-07-26T21:18:33.8525927Z state without impacting any branches by switching back to a branch.
2026-07-26T21:18:33.8526624Z 
2026-07-26T21:18:33.8527071Z If you want to create a new branch to retain commits you create, you may
2026-07-26T21:18:33.8528343Z do so (now or later) by using -c with the switch command. Example:
2026-07-26T21:18:33.8528964Z 
2026-07-26T21:18:33.8529146Z   git switch -c <new-branch-name>
2026-07-26T21:18:33.8529405Z 
2026-07-26T21:18:33.8529558Z Or undo this operation with:
2026-07-26T21:18:33.8529796Z 
2026-07-26T21:18:33.8529927Z   git switch -
2026-07-26T21:18:33.8530119Z 
2026-07-26T21:18:33.8530483Z Turn off this advice by setting config variable advice.detachedHead to false
2026-07-26T21:18:33.8530974Z 
2026-07-26T21:18:33.8531523Z HEAD is now at fd67ba5 Merge 24d01cb5d7d3a4db7c0b3640d2545f5170cec9e9 into 0907a58f50a6c98d23ae466ed31c3a0c15264622
2026-07-26T21:18:33.8540639Z ##[endgroup]
2026-07-26T21:18:33.8581942Z [command]/usr/bin/git log -1 --format=%H
2026-07-26T21:18:33.8608533Z fd67ba5ec362f4b77c77158206da97d478198c61
2026-07-26T21:18:33.8877184Z ##[group]Run if [ "pull_request" != "pull_request" ]; then
2026-07-26T21:18:33.8877931Z [36;1mif [ "pull_request" != "pull_request" ]; then[0m
2026-07-26T21:18:33.8878310Z [36;1m  echo "push=true" >> "$GITHUB_OUTPUT"[0m
2026-07-26T21:18:33.8878685Z [36;1melif [ "pkinerd/ednsv" = "pkinerd/ednsv" ]; then[0m
2026-07-26T21:18:33.8879040Z [36;1m  echo "push=true" >> "$GITHUB_OUTPUT"[0m
2026-07-26T21:18:33.8879330Z [36;1melse[0m
2026-07-26T21:18:33.8879573Z [36;1m  echo "push=false" >> "$GITHUB_OUTPUT"[0m
2026-07-26T21:18:33.8879864Z [36;1mfi[0m
2026-07-26T21:18:33.8927164Z shell: /usr/bin/bash -e {0}
2026-07-26T21:18:33.8927633Z env:
2026-07-26T21:18:33.8927836Z   REGISTRY: ghcr.io
2026-07-26T21:18:33.8928076Z   IMAGE_NAME: pkinerd/ednsv
2026-07-26T21:18:33.8928318Z ##[endgroup]
2026-07-26T21:18:33.9120028Z Node 20 is being deprecated. This workflow is running with Node 24 by default. If you need to temporarily use Node 20, you can set the ACTIONS_ALLOW_USE_UNSECURE_NODE_VERSION=true environment variable. For more information see: https://github.blog/changelog/2025-09-19-deprecation-of-node-20-on-github-actions-runners/
2026-07-26T21:18:33.9121700Z ##[group]Run docker/setup-buildx-action@v3
2026-07-26T21:18:33.9121989Z with:
2026-07-26T21:18:33.9122206Z   driver: docker-container
2026-07-26T21:18:33.9122441Z   use: true
2026-07-26T21:18:33.9122641Z   keep-state: false
2026-07-26T21:18:33.9122857Z   cache-binary: true
2026-07-26T21:18:33.9123073Z   cleanup: true
2026-07-26T21:18:33.9123277Z   install: false
2026-07-26T21:18:33.9123474Z env:
2026-07-26T21:18:33.9123661Z   REGISTRY: ghcr.io
2026-07-26T21:18:33.9123896Z   IMAGE_NAME: pkinerd/ednsv
2026-07-26T21:18:33.9124129Z ##[endgroup]
2026-07-26T21:18:34.1669249Z (node:2255) [DEP0040] DeprecationWarning: The `punycode` module is deprecated. Please use a userland alternative instead.
2026-07-26T21:18:34.1670750Z (Use `node --trace-deprecation ...` to show where the warning was created)
2026-07-26T21:18:34.1726925Z ##[group]Docker info
2026-07-26T21:18:34.1755599Z [command]/usr/bin/docker version
2026-07-26T21:18:34.2817173Z Client: Docker Engine - Community
2026-07-26T21:18:34.2818043Z  Version:           28.0.4
2026-07-26T21:18:34.2818454Z  API version:       1.48
2026-07-26T21:18:34.2818724Z  Go version:        go1.23.7
2026-07-26T21:18:34.2819014Z  Git commit:        b8034c0
2026-07-26T21:18:34.2831382Z  Built:             Tue Mar 25 15:07:16 2025
2026-07-26T21:18:34.2831949Z  OS/Arch:           linux/amd64
2026-07-26T21:18:34.2832383Z  Context:           default
2026-07-26T21:18:34.2832595Z 
2026-07-26T21:18:34.2832720Z Server: Docker Engine - Community
2026-07-26T21:18:34.2833390Z  Engine:
2026-07-26T21:18:34.2833600Z   Version:          28.0.4
2026-07-26T21:18:34.2833904Z   API version:      1.48 (minimum version 1.24)
2026-07-26T21:18:34.2834233Z   Go version:       go1.23.7
2026-07-26T21:18:34.2834485Z   Git commit:       6430e49
2026-07-26T21:18:34.2834746Z   Built:            Tue Mar 25 15:07:16 2025
2026-07-26T21:18:34.2835031Z   OS/Arch:          linux/amd64
2026-07-26T21:18:34.2835287Z   Experimental:     false
2026-07-26T21:18:34.2835518Z  containerd:
2026-07-26T21:18:34.2835727Z   Version:          v2.2.6
2026-07-26T21:18:34.2836022Z   GitCommit:        11ce9d5f3c68c941867e82890e93e815c1304f1b
2026-07-26T21:18:34.2836356Z  runc:
2026-07-26T21:18:34.2836555Z   Version:          1.3.6
2026-07-26T21:18:34.2836801Z   GitCommit:        v1.3.6-0-g491b69ba
2026-07-26T21:18:34.2837073Z  docker-init:
2026-07-26T21:18:34.2837550Z   Version:          0.19.0
2026-07-26T21:18:34.2837959Z   GitCommit:        de40ad0
2026-07-26T21:18:34.2867859Z [command]/usr/bin/docker info
2026-07-26T21:18:34.5365409Z Client: Docker Engine - Community
2026-07-26T21:18:34.5366069Z  Version:    28.0.4
2026-07-26T21:18:34.5366355Z  Context:    default
2026-07-26T21:18:34.5366658Z  Debug Mode: false
2026-07-26T21:18:34.5367010Z  Plugins:
2026-07-26T21:18:34.5367425Z   buildx: Docker Buildx (Docker Inc.)
2026-07-26T21:18:34.5367966Z     Version:  v0.35.0
2026-07-26T21:18:34.5368538Z     Path:     /usr/libexec/docker/cli-plugins/docker-buildx
2026-07-26T21:18:34.5369224Z   compose: Docker Compose (Docker Inc.)
2026-07-26T21:18:34.5369700Z     Version:  v2.38.2
2026-07-26T21:18:34.5370150Z     Path:     /usr/libexec/docker/cli-plugins/docker-compose
2026-07-26T21:18:34.5370504Z 
2026-07-26T21:18:34.5370612Z Server:
2026-07-26T21:18:34.5370836Z  Containers: 0
2026-07-26T21:18:34.5371077Z   Running: 0
2026-07-26T21:18:34.5371308Z   Paused: 0
2026-07-26T21:18:34.5371535Z   Stopped: 0
2026-07-26T21:18:34.5371762Z  Images: 6
2026-07-26T21:18:34.5371995Z  Server Version: 28.0.4
2026-07-26T21:18:34.5372330Z  Storage Driver: overlay2
2026-07-26T21:18:34.5372712Z   Backing Filesystem: extfs
2026-07-26T21:18:34.5373008Z   Supports d_type: true
2026-07-26T21:18:34.5373663Z   Using metacopy: false
2026-07-26T21:18:34.5373953Z   Native Overlay Diff: false
2026-07-26T21:18:34.5374248Z   userxattr: false
2026-07-26T21:18:34.5374493Z  Logging Driver: json-file
2026-07-26T21:18:34.5374750Z  Cgroup Driver: systemd
2026-07-26T21:18:34.5374990Z  Cgroup Version: 2
2026-07-26T21:18:34.5375208Z  Plugins:
2026-07-26T21:18:34.5375410Z   Volume: local
2026-07-26T21:18:34.5375694Z   Network: bridge host ipvlan macvlan null overlay
2026-07-26T21:18:34.5376267Z   Log: awslogs fluentd gcplogs gelf journald json-file local splunk syslog
2026-07-26T21:18:34.5376810Z  Swarm: inactive
2026-07-26T21:18:34.5377087Z  Runtimes: runc io.containerd.runc.v2
2026-07-26T21:18:34.5377705Z  Default Runtime: runc
2026-07-26T21:18:34.5378020Z  Init Binary: docker-init
2026-07-26T21:18:34.5378404Z  containerd version: 11ce9d5f3c68c941867e82890e93e815c1304f1b
2026-07-26T21:18:34.5378836Z  runc version: v1.3.6-0-g491b69ba
2026-07-26T21:18:34.5379132Z  init version: de40ad0
2026-07-26T21:18:34.5379375Z  Security Options:
2026-07-26T21:18:34.5379613Z   apparmor
2026-07-26T21:18:34.5379812Z   seccomp
2026-07-26T21:18:34.5380022Z    Profile: builtin
2026-07-26T21:18:34.5380249Z   cgroupns
2026-07-26T21:18:34.5380485Z  Kernel Version: 6.17.0-1020-azure
2026-07-26T21:18:34.5380807Z  Operating System: Ubuntu 24.04.4 LTS
2026-07-26T21:18:34.5381108Z  OSType: linux
2026-07-26T21:18:34.5381345Z  Architecture: x86_64
2026-07-26T21:18:34.5381577Z  CPUs: 4
2026-07-26T21:18:34.5381792Z  Total Memory: 15.61GiB
2026-07-26T21:18:34.5382045Z  Name: runnervmvrwv9
2026-07-26T21:18:34.5382330Z  ID: dce1e4a9-fc26-4218-aaf0-feee5194c8cb
2026-07-26T21:18:34.5382667Z  Docker Root Dir: /var/lib/docker
2026-07-26T21:18:34.5382954Z  Debug Mode: false
2026-07-26T21:18:34.5383198Z  Username: githubactions
2026-07-26T21:18:34.5383606Z  Experimental: false
2026-07-26T21:18:34.5384128Z  Insecure Registries:
2026-07-26T21:18:34.5387947Z   ::1/128
2026-07-26T21:18:34.5388237Z   127.0.0.0/8
2026-07-26T21:18:34.5388499Z  Live Restore Enabled: false
2026-07-26T21:18:34.5388709Z 
2026-07-26T21:18:34.5397503Z ##[endgroup]
2026-07-26T21:18:34.6184781Z ##[group]Buildx version
2026-07-26T21:18:34.6212555Z [command]/usr/bin/docker buildx version
2026-07-26T21:18:34.7014079Z github.com/docker/buildx v0.35.0 a319e5b15052cf6557ceb666eb8ff6e32380b782
2026-07-26T21:18:34.7050759Z ##[endgroup]
2026-07-26T21:18:34.7225392Z ##[group]Inspecting default docker context
2026-07-26T21:18:34.7410543Z [
2026-07-26T21:18:34.7411145Z   {
2026-07-26T21:18:34.7411634Z     "Name": "default",
2026-07-26T21:18:34.7412194Z     "Metadata": {},
2026-07-26T21:18:34.7412756Z     "Endpoints": {
2026-07-26T21:18:34.7413274Z       "docker": {
2026-07-26T21:18:34.7413876Z         "Host": "unix:///var/run/docker.sock",
2026-07-26T21:18:34.7414556Z         "SkipTLSVerify": false
2026-07-26T21:18:34.7415147Z       }
2026-07-26T21:18:34.7415538Z     },
2026-07-26T21:18:34.7416029Z     "TLSMaterial": {},
2026-07-26T21:18:34.7416598Z     "Storage": {
2026-07-26T21:18:34.7417199Z       "MetadataPath": "<IN MEMORY>",
2026-07-26T21:18:34.7418166Z       "TLSPath": "<IN MEMORY>"
2026-07-26T21:18:34.7418741Z     }
2026-07-26T21:18:34.7419134Z   }
2026-07-26T21:18:34.7419483Z ]
2026-07-26T21:18:34.7420448Z ##[endgroup]
2026-07-26T21:18:34.7421431Z ##[group]Creating a new builder instance
2026-07-26T21:18:34.8740841Z [command]/usr/bin/docker buildx create --name builder-7ab33380-f41f-4d3e-a41c-38431f639765 --driver docker-container --buildkitd-flags --allow-insecure-entitlement security.insecure --allow-insecure-entitlement network.host --use
2026-07-26T21:18:34.9410648Z builder-7ab33380-f41f-4d3e-a41c-38431f639765
2026-07-26T21:18:34.9443003Z ##[endgroup]
2026-07-26T21:18:34.9443680Z ##[group]Booting builder
2026-07-26T21:18:34.9485565Z [command]/usr/bin/docker buildx inspect --bootstrap --builder builder-7ab33380-f41f-4d3e-a41c-38431f639765
2026-07-26T21:18:35.0040594Z #1 [internal] booting buildkit
2026-07-26T21:18:35.1544533Z #1 pulling image moby/buildkit:buildx-stable-1
2026-07-26T21:18:40.1591737Z #1 pulling image moby/buildkit:buildx-stable-1 5.2s done
2026-07-26T21:18:40.3102905Z #1 creating container buildx_buildkit_builder-7ab33380-f41f-4d3e-a41c-38431f6397650
2026-07-26T21:18:40.4473305Z #1 creating container buildx_buildkit_builder-7ab33380-f41f-4d3e-a41c-38431f6397650 0.3s done
2026-07-26T21:18:40.4539470Z #1 DONE 5.4s
2026-07-26T21:18:40.4891592Z Name:          builder-7ab33380-f41f-4d3e-a41c-38431f639765
2026-07-26T21:18:40.4892693Z Driver:        docker-container
2026-07-26T21:18:40.4893473Z Last Activity: 2026-07-26 21:18:34 +0000 UTC
2026-07-26T21:18:40.4893922Z 
2026-07-26T21:18:40.4894245Z Nodes:
2026-07-26T21:18:40.4898317Z Name:                  builder-7ab33380-f41f-4d3e-a41c-38431f6397650
2026-07-26T21:18:40.4899273Z Endpoint:              unix:///var/run/docker.sock
2026-07-26T21:18:40.4900046Z Status:                running
2026-07-26T21:18:40.4901240Z BuildKit daemon flags: --allow-insecure-entitlement security.insecure --allow-insecure-entitlement network.host
2026-07-26T21:18:40.4901991Z BuildKit version:      v0.31.2
2026-07-26T21:18:40.4902428Z Platforms:             linux/amd64, linux/amd64/v2, linux/amd64/v3, linux/386
2026-07-26T21:18:40.4902864Z Labels:
2026-07-26T21:18:40.4903158Z  org.mobyproject.buildkit.worker.executor:         oci
2026-07-26T21:18:40.4903654Z  org.mobyproject.buildkit.worker.hostname:         6d88efdbe4b1
2026-07-26T21:18:40.4904147Z  org.mobyproject.buildkit.worker.network:          host
2026-07-26T21:18:40.4904623Z  org.mobyproject.buildkit.worker.oci.process-mode: sandbox
2026-07-26T21:18:40.4905115Z  org.mobyproject.buildkit.worker.selinux.enabled:  false
2026-07-26T21:18:40.4905605Z  org.mobyproject.buildkit.worker.snapshotter:      overlayfs
2026-07-26T21:18:40.4906021Z GC Policy rule#0:
2026-07-26T21:18:40.4906254Z  All:            false
2026-07-26T21:18:40.4906967Z  Filters:        type==source.local type==exec.cachemount type==source.git.checkout
2026-07-26T21:18:40.4907736Z  Keep Duration:  48h0m0s
2026-07-26T21:18:40.4908006Z  Max Used Space: 488.3MiB
2026-07-26T21:18:40.4908270Z GC Policy rule#1:
2026-07-26T21:18:40.4908556Z  All:            false
2026-07-26T21:18:40.4908834Z  Keep Duration:  1440h0m0s
2026-07-26T21:18:40.4909116Z  Reserved Space: 9.313GiB
2026-07-26T21:18:40.4909358Z  Max Used Space: 93.13GiB
2026-07-26T21:18:40.4909587Z  Min Free Space: 27.01GiB
2026-07-26T21:18:40.4909811Z GC Policy rule#2:
2026-07-26T21:18:40.4910027Z  All:            false
2026-07-26T21:18:40.4910250Z  Reserved Space: 9.313GiB
2026-07-26T21:18:40.4910480Z  Max Used Space: 93.13GiB
2026-07-26T21:18:40.4910713Z  Min Free Space: 27.01GiB
2026-07-26T21:18:40.4910940Z GC Policy rule#3:
2026-07-26T21:18:40.4911145Z  All:            true
2026-07-26T21:18:40.4911367Z  Reserved Space: 9.313GiB
2026-07-26T21:18:40.4911599Z  Max Used Space: 93.13GiB
2026-07-26T21:18:40.4911900Z  Min Free Space: 27.01GiB
2026-07-26T21:18:40.4968472Z ##[endgroup]
2026-07-26T21:18:40.5855694Z ##[group]Inspect builder
2026-07-26T21:18:40.5856603Z {
2026-07-26T21:18:40.5856943Z   "nodes": [
2026-07-26T21:18:40.5857614Z     {
2026-07-26T21:18:40.5859559Z       "name": "builder-7ab33380-f41f-4d3e-a41c-38431f6397650",
2026-07-26T21:18:40.5860610Z       "endpoint": "unix:///var/run/docker.sock",
2026-07-26T21:18:40.5861239Z       "status": "running",
2026-07-26T21:18:40.5862233Z       "buildkitd-flags": "--allow-insecure-entitlement security.insecure --allow-insecure-entitlement network.host",
2026-07-26T21:18:40.5863290Z       "buildkit": "v0.31.2",
2026-07-26T21:18:40.5863810Z       "platforms": "linux/amd64,linux/amd64/v2,linux/amd64/v3,linux/386",
2026-07-26T21:18:40.5864274Z       "features": {
2026-07-26T21:18:40.5864869Z         "Automatically load images to the Docker Engine image store": true,
2026-07-26T21:18:40.5865568Z         "Cache export": true,
2026-07-26T21:18:40.5866024Z         "Direct push": true,
2026-07-26T21:18:40.5866488Z         "Docker exporter": true,
2026-07-26T21:18:40.5867025Z         "Multi-platform build": true,
2026-07-26T21:18:40.5867778Z         "OCI exporter": true
2026-07-26T21:18:40.5868530Z       },
2026-07-26T21:18:40.5868861Z       "labels": {
2026-07-26T21:18:40.5869378Z         "org.mobyproject.buildkit.worker.executor": "oci",
2026-07-26T21:18:40.5870203Z         "org.mobyproject.buildkit.worker.hostname": "6d88efdbe4b1",
2026-07-26T21:18:40.5870967Z         "org.mobyproject.buildkit.worker.network": "host",
2026-07-26T21:18:40.5871725Z         "org.mobyproject.buildkit.worker.oci.process-mode": "sandbox",
2026-07-26T21:18:40.5872635Z         "org.mobyproject.buildkit.worker.selinux.enabled": "false",
2026-07-26T21:18:40.5873732Z         "org.mobyproject.buildkit.worker.snapshotter": "overlayfs"
2026-07-26T21:18:40.5874527Z       },
2026-07-26T21:18:40.5874830Z       "gcPolicy": [
2026-07-26T21:18:40.5875051Z         {
2026-07-26T21:18:40.5875244Z           "all": false,
2026-07-26T21:18:40.5875502Z           "filter": [
2026-07-26T21:18:40.5876224Z             "type==source.local type==exec.cachemount type==source.git.checkout"
2026-07-26T21:18:40.5877010Z           ],
2026-07-26T21:18:40.5877746Z           "keepDuration": "48h0m0s",
2026-07-26T21:18:40.5878266Z           "maxUsedSpace": "488.3MiB"
2026-07-26T21:18:40.5878801Z         },
2026-07-26T21:18:40.5879168Z         {
2026-07-26T21:18:40.5879542Z           "all": false,
2026-07-26T21:18:40.5879946Z           "keepDuration": "1440h0m0s",
2026-07-26T21:18:40.5880258Z           "reservedSpace": "9.313GiB",
2026-07-26T21:18:40.5880742Z           "maxUsedSpace": "93.13GiB",
2026-07-26T21:18:40.5881048Z           "minFreeSpace": "27.01GiB"
2026-07-26T21:18:40.5881317Z         },
2026-07-26T21:18:40.5881518Z         {
2026-07-26T21:18:40.5881705Z           "all": false,
2026-07-26T21:18:40.5881951Z           "reservedSpace": "9.313GiB",
2026-07-26T21:18:40.5882232Z           "maxUsedSpace": "93.13GiB",
2026-07-26T21:18:40.5882752Z           "minFreeSpace": "27.01GiB"
2026-07-26T21:18:40.5882997Z         },
2026-07-26T21:18:40.5883176Z         {
2026-07-26T21:18:40.5883360Z           "all": true,
2026-07-26T21:18:40.5883628Z           "reservedSpace": "9.313GiB",
2026-07-26T21:18:40.5883896Z           "maxUsedSpace": "93.13GiB",
2026-07-26T21:18:40.5884153Z           "minFreeSpace": "27.01GiB"
2026-07-26T21:18:40.5884392Z         }
2026-07-26T21:18:40.5884572Z       ]
2026-07-26T21:18:40.5884766Z     }
2026-07-26T21:18:40.5884945Z   ],
2026-07-26T21:18:40.5885195Z   "name": "builder-7ab33380-f41f-4d3e-a41c-38431f639765",
2026-07-26T21:18:40.5885552Z   "driver": "docker-container",
2026-07-26T21:18:40.5885917Z   "lastActivity": "2026-07-26T21:18:34.000Z"
2026-07-26T21:18:40.5886253Z }
2026-07-26T21:18:40.5886722Z ##[endgroup]
2026-07-26T21:18:40.5887109Z ##[group]BuildKit version
2026-07-26T21:18:40.5887926Z builder-7ab33380-f41f-4d3e-a41c-38431f6397650: v0.31.2
2026-07-26T21:18:40.5888518Z ##[endgroup]
2026-07-26T21:18:40.6087899Z Node 20 is being deprecated. This workflow is running with Node 24 by default. If you need to temporarily use Node 20, you can set the ACTIONS_ALLOW_USE_UNSECURE_NODE_VERSION=true environment variable. For more information see: https://github.blog/changelog/2025-09-19-deprecation-of-node-20-on-github-actions-runners/
2026-07-26T21:18:40.6089311Z ##[group]Run docker/login-action@v3
2026-07-26T21:18:40.6089594Z with:
2026-07-26T21:18:40.6089796Z   registry: ghcr.io
2026-07-26T21:18:40.6090027Z   username: pkinerd
2026-07-26T21:18:40.6092360Z   password: ***
2026-07-26T21:18:40.6092591Z   logout: true
2026-07-26T21:18:40.6092800Z env:
2026-07-26T21:18:40.6092995Z   REGISTRY: ghcr.io
2026-07-26T21:18:40.6093228Z   IMAGE_NAME: pkinerd/ednsv
2026-07-26T21:18:40.6093473Z ##[endgroup]
2026-07-26T21:18:40.9351745Z Logging into ghcr.io...
2026-07-26T21:18:40.9386988Z (node:2741) [DEP0040] DeprecationWarning: The `punycode` module is deprecated. Please use a userland alternative instead.
2026-07-26T21:18:40.9391530Z (Use `node --trace-deprecation ...` to show where the warning was created)
2026-07-26T21:18:41.3078509Z Login Succeeded!
2026-07-26T21:18:41.3252489Z Node 20 is being deprecated. This workflow is running with Node 24 by default. If you need to temporarily use Node 20, you can set the ACTIONS_ALLOW_USE_UNSECURE_NODE_VERSION=true environment variable. For more information see: https://github.blog/changelog/2025-09-19-deprecation-of-node-20-on-github-actions-runners/
2026-07-26T21:18:41.3253821Z ##[group]Run docker/metadata-action@v5
2026-07-26T21:18:41.3254096Z with:
2026-07-26T21:18:41.3254305Z   images: ghcr.io/pkinerd/ednsv
2026-07-26T21:18:41.3255040Z   tags: type=ref,event=branch,prefix=branch-
type=ref,event=pr,prefix=pr-
type=sha,format=short,prefix=sha-
type=raw,value=latest,enable={{is_default_branch}}
type=raw,value=latest-any

2026-07-26T21:18:41.3255783Z   context: workflow
2026-07-26T21:18:41.3258496Z   github-token: ***
2026-07-26T21:18:41.3258732Z env:
2026-07-26T21:18:41.3258927Z   REGISTRY: ghcr.io
2026-07-26T21:18:41.3259173Z   IMAGE_NAME: pkinerd/ednsv
2026-07-26T21:18:41.3259412Z ##[endgroup]
2026-07-26T21:18:41.7135515Z (node:2762) [DEP0040] DeprecationWarning: The `punycode` module is deprecated. Please use a userland alternative instead.
2026-07-26T21:18:41.7137040Z (Use `node --trace-deprecation ...` to show where the warning was created)
2026-07-26T21:18:42.6926171Z ##[group]Context info
2026-07-26T21:18:42.6926610Z eventName: pull_request
2026-07-26T21:18:42.6927119Z sha: fd67ba5ec362f4b77c77158206da97d478198c61
2026-07-26T21:18:42.6927865Z ref: refs/pull/28/merge
2026-07-26T21:18:42.6928252Z workflow: CI
2026-07-26T21:18:42.6928585Z action: meta
2026-07-26T21:18:42.6928914Z actor: pkinerd
2026-07-26T21:18:42.6929286Z runNumber: 228
2026-07-26T21:18:42.6929621Z runId: 30220761455
2026-07-26T21:18:42.6930172Z commitDate: Sun Jul 26 2026 21:17:17 GMT+0000 (Coordinated Universal Time)
2026-07-26T21:18:42.6931100Z ##[endgroup]
2026-07-26T21:18:42.6935689Z ##[group]Processing images input
2026-07-26T21:18:42.6936557Z name=ghcr.io/pkinerd/ednsv,enable=true
2026-07-26T21:18:42.6937074Z ##[endgroup]
2026-07-26T21:18:42.6952867Z ##[group]Processing tags input
2026-07-26T21:18:42.6953465Z type=ref,event=branch,prefix=branch-,enable=true,priority=600
2026-07-26T21:18:42.6954472Z type=ref,event=pr,prefix=pr-,enable=true,priority=600
2026-07-26T21:18:42.6955932Z type=raw,value=latest,enable={{is_default_branch}},priority=200
2026-07-26T21:18:42.6957001Z type=raw,value=latest-any,enable=true,priority=200
2026-07-26T21:18:42.6958324Z type=sha,format=short,prefix=sha-,enable=true,priority=100
2026-07-26T21:18:42.6959333Z ##[endgroup]
2026-07-26T21:18:42.6960041Z ##[group]Processing flavor input
2026-07-26T21:18:42.6960512Z latest=auto
2026-07-26T21:18:42.6960846Z prefix=
2026-07-26T21:18:42.6961175Z prefixLatest=false
2026-07-26T21:18:42.6961513Z suffix=
2026-07-26T21:18:42.6961837Z suffixLatest=false
2026-07-26T21:18:42.6962503Z ##[endgroup]
2026-07-26T21:18:42.7028313Z ##[group]Docker image version
2026-07-26T21:18:42.7028770Z pr-28
2026-07-26T21:18:42.7029344Z ##[endgroup]
2026-07-26T21:18:42.7033587Z ##[group]Docker tags
2026-07-26T21:18:42.7033958Z ghcr.io/pkinerd/ednsv:pr-28
2026-07-26T21:18:42.7034242Z ghcr.io/pkinerd/ednsv:latest-any
2026-07-26T21:18:42.7034527Z ghcr.io/pkinerd/ednsv:sha-fd67ba5
2026-07-26T21:18:42.7034946Z ##[endgroup]
2026-07-26T21:18:42.7111077Z ##[group]Docker labels
2026-07-26T21:18:42.7111677Z org.opencontainers.image.created=2026-07-26T21:18:42.695Z
2026-07-26T21:18:42.7112394Z org.opencontainers.image.description=
2026-07-26T21:18:42.7112956Z org.opencontainers.image.licenses=
2026-07-26T21:18:42.7113717Z org.opencontainers.image.revision=fd67ba5ec362f4b77c77158206da97d478198c61
2026-07-26T21:18:42.7114698Z org.opencontainers.image.source=https://github.com/pkinerd/ednsv
2026-07-26T21:18:42.7115456Z org.opencontainers.image.title=ednsv
2026-07-26T21:18:42.7115954Z org.opencontainers.image.url=https://github.com/pkinerd/ednsv
2026-07-26T21:18:42.7116387Z org.opencontainers.image.version=pr-28
2026-07-26T21:18:42.7116917Z ##[endgroup]
2026-07-26T21:18:42.7117285Z ##[group]Annotations
2026-07-26T21:18:42.7118383Z manifest:org.opencontainers.image.created=2026-07-26T21:18:42.695Z
2026-07-26T21:18:42.7119267Z manifest:org.opencontainers.image.description=
2026-07-26T21:18:42.7119918Z manifest:org.opencontainers.image.licenses=
2026-07-26T21:18:42.7120768Z manifest:org.opencontainers.image.revision=fd67ba5ec362f4b77c77158206da97d478198c61
2026-07-26T21:18:42.7121887Z manifest:org.opencontainers.image.source=https://github.com/pkinerd/ednsv
2026-07-26T21:18:42.7122760Z manifest:org.opencontainers.image.title=ednsv
2026-07-26T21:18:42.7123569Z manifest:org.opencontainers.image.url=https://github.com/pkinerd/ednsv
2026-07-26T21:18:42.7124420Z manifest:org.opencontainers.image.version=pr-28
2026-07-26T21:18:42.7125363Z ##[endgroup]
2026-07-26T21:18:42.7126002Z ##[group]JSON output
2026-07-26T21:18:42.7126360Z {
2026-07-26T21:18:42.7126651Z   "tags": [
2026-07-26T21:18:42.7127021Z     "ghcr.io/pkinerd/ednsv:pr-28",
2026-07-26T21:18:42.7127815Z     "ghcr.io/pkinerd/ednsv:latest-any",
2026-07-26T21:18:42.7128365Z     "ghcr.io/pkinerd/ednsv:sha-fd67ba5"
2026-07-26T21:18:42.7128842Z   ],
2026-07-26T21:18:42.7129163Z   "tag-names": [
2026-07-26T21:18:42.7129538Z     "pr-28",
2026-07-26T21:18:42.7129891Z     "latest-any",
2026-07-26T21:18:42.7130253Z     "sha-fd67ba5"
2026-07-26T21:18:42.7130602Z   ],
2026-07-26T21:18:42.7130920Z   "labels": {
2026-07-26T21:18:42.7131455Z     "org.opencontainers.image.created": "2026-07-26T21:18:42.695Z",
2026-07-26T21:18:42.7132224Z     "org.opencontainers.image.description": "",
2026-07-26T21:18:42.7132881Z     "org.opencontainers.image.licenses": "",
2026-07-26T21:18:42.7133705Z     "org.opencontainers.image.revision": "fd67ba5ec362f4b77c77158206da97d478198c61",
2026-07-26T21:18:42.7134775Z     "org.opencontainers.image.source": "https://github.com/pkinerd/ednsv",
2026-07-26T21:18:42.7135608Z     "org.opencontainers.image.title": "ednsv",
2026-07-26T21:18:42.7136688Z     "org.opencontainers.image.url": "https://github.com/pkinerd/ednsv",
2026-07-26T21:18:42.7138203Z     "org.opencontainers.image.version": "pr-28"
2026-07-26T21:18:42.7138769Z   },
2026-07-26T21:18:42.7139096Z   "annotations": [
2026-07-26T21:18:42.7139693Z     "manifest:org.opencontainers.image.created=2026-07-26T21:18:42.695Z",
2026-07-26T21:18:42.7140484Z     "manifest:org.opencontainers.image.description=",
2026-07-26T21:18:42.7141112Z     "manifest:org.opencontainers.image.licenses=",
2026-07-26T21:18:42.7141869Z     "manifest:org.opencontainers.image.revision=fd67ba5ec362f4b77c77158206da97d478198c61",
2026-07-26T21:18:42.7142837Z     "manifest:org.opencontainers.image.source=https://github.com/pkinerd/ednsv",
2026-07-26T21:18:42.7143587Z     "manifest:org.opencontainers.image.title=ednsv",
2026-07-26T21:18:42.7144326Z     "manifest:org.opencontainers.image.url=https://github.com/pkinerd/ednsv",
2026-07-26T21:18:42.7145199Z     "manifest:org.opencontainers.image.version=pr-28"
2026-07-26T21:18:42.7145745Z   ]
2026-07-26T21:18:42.7146034Z }
2026-07-26T21:18:42.7146657Z ##[endgroup]
2026-07-26T21:18:42.7147664Z ##[group]Bake file definition (tags)
2026-07-26T21:18:42.7148178Z {
2026-07-26T21:18:42.7148452Z   "target": {
2026-07-26T21:18:42.7148752Z     "docker-metadata-action": {
2026-07-26T21:18:42.7149166Z       "tags": [
2026-07-26T21:18:42.7149547Z         "ghcr.io/pkinerd/ednsv:pr-28",
2026-07-26T21:18:42.7150002Z         "ghcr.io/pkinerd/ednsv:latest-any",
2026-07-26T21:18:42.7150461Z         "ghcr.io/pkinerd/ednsv:sha-fd67ba5"
2026-07-26T21:18:42.7150896Z       ],
2026-07-26T21:18:42.7151184Z       "args": {
2026-07-26T21:18:42.7151639Z         "DOCKER_META_IMAGES": "ghcr.io/pkinerd/ednsv",
2026-07-26T21:18:42.7152274Z         "DOCKER_META_VERSION": "pr-28"
2026-07-26T21:18:42.7152758Z       }
2026-07-26T21:18:42.7153078Z     }
2026-07-26T21:18:42.7153349Z   }
2026-07-26T21:18:42.7153660Z }
2026-07-26T21:18:42.7154289Z ##[endgroup]
2026-07-26T21:18:42.7155009Z ##[group]Bake file definition (labels)
2026-07-26T21:18:42.7155473Z {
2026-07-26T21:18:42.7155777Z   "target": {
2026-07-26T21:18:42.7156368Z     "docker-metadata-action": {
2026-07-26T21:18:42.7156824Z       "labels": {
2026-07-26T21:18:42.7157566Z         "org.opencontainers.image.created": "2026-07-26T21:18:42.695Z",
2026-07-26T21:18:42.7158333Z         "org.opencontainers.image.description": "",
2026-07-26T21:18:42.7159003Z         "org.opencontainers.image.licenses": "",
2026-07-26T21:18:42.7159844Z         "org.opencontainers.image.revision": "fd67ba5ec362f4b77c77158206da97d478198c61",
2026-07-26T21:18:42.7160918Z         "org.opencontainers.image.source": "https://github.com/pkinerd/ednsv",
2026-07-26T21:18:42.7161617Z         "org.opencontainers.image.title": "ednsv",
2026-07-26T21:18:42.7162277Z         "org.opencontainers.image.url": "https://github.com/pkinerd/ednsv",
2026-07-26T21:18:42.7163053Z         "org.opencontainers.image.version": "pr-28"
2026-07-26T21:18:42.7163559Z       }
2026-07-26T21:18:42.7163850Z     }
2026-07-26T21:18:42.7164149Z   }
2026-07-26T21:18:42.7164460Z }
2026-07-26T21:18:42.7165146Z ##[endgroup]
2026-07-26T21:18:42.7165839Z ##[group]Bake file definition (annotations)
2026-07-26T21:18:42.7166369Z {
2026-07-26T21:18:42.7166689Z   "target": {
2026-07-26T21:18:42.7167065Z     "docker-metadata-action": {
2026-07-26T21:18:42.7167918Z       "annotations": [
2026-07-26T21:18:42.7168564Z         "manifest:org.opencontainers.image.created=2026-07-26T21:18:42.695Z",
2026-07-26T21:18:42.7169424Z         "manifest:org.opencontainers.image.description=",
2026-07-26T21:18:42.7170122Z         "manifest:org.opencontainers.image.licenses=",
2026-07-26T21:18:42.7171061Z         "manifest:org.opencontainers.image.revision=fd67ba5ec362f4b77c77158206da97d478198c61",
2026-07-26T21:18:42.7172193Z         "manifest:org.opencontainers.image.source=https://github.com/pkinerd/ednsv",
2026-07-26T21:18:42.7173107Z         "manifest:org.opencontainers.image.title=ednsv",
2026-07-26T21:18:42.7173980Z         "manifest:org.opencontainers.image.url=https://github.com/pkinerd/ednsv",
2026-07-26T21:18:42.7175104Z         "manifest:org.opencontainers.image.version=pr-28"
2026-07-26T21:18:42.7175719Z       ]
2026-07-26T21:18:42.7176049Z     }
2026-07-26T21:18:42.7176370Z   }
2026-07-26T21:18:42.7176680Z }
2026-07-26T21:18:42.7177518Z ##[endgroup]
2026-07-26T21:18:42.7346316Z Node 20 is being deprecated. This workflow is running with Node 24 by default. If you need to temporarily use Node 20, you can set the ACTIONS_ALLOW_USE_UNSECURE_NODE_VERSION=true environment variable. For more information see: https://github.blog/changelog/2025-09-19-deprecation-of-node-20-on-github-actions-runners/
2026-07-26T21:18:42.7347992Z ##[group]Run docker/build-push-action@v6
2026-07-26T21:18:42.7348287Z with:
2026-07-26T21:18:42.7348487Z   context: .
2026-07-26T21:18:42.7348695Z   file: ./Dockerfile
2026-07-26T21:18:42.7348917Z   push: true
2026-07-26T21:18:42.7349351Z   tags: ghcr.io/pkinerd/ednsv:pr-28
ghcr.io/pkinerd/ednsv:latest-any
ghcr.io/pkinerd/ednsv:sha-fd67ba5
2026-07-26T21:18:42.7351296Z   labels: org.opencontainers.image.created=2026-07-26T21:18:42.695Z
org.opencontainers.image.description=
org.opencontainers.image.licenses=
org.opencontainers.image.revision=fd67ba5ec362f4b77c77158206da97d478198c61
org.opencontainers.image.source=https://github.com/pkinerd/ednsv
org.opencontainers.image.title=ednsv
org.opencontainers.image.url=https://github.com/pkinerd/ednsv
org.opencontainers.image.version=pr-28
2026-07-26T21:18:42.7352988Z   cache-from: type=gha
2026-07-26T21:18:42.7353242Z   cache-to: type=gha,mode=max
2026-07-26T21:18:42.7353493Z   load: false
2026-07-26T21:18:42.7353702Z   no-cache: false
2026-07-26T21:18:42.7353918Z   pull: false
2026-07-26T21:18:42.7356144Z   github-token: ***
2026-07-26T21:18:42.7356365Z env:
2026-07-26T21:18:42.7356561Z   REGISTRY: ghcr.io
2026-07-26T21:18:42.7356785Z   IMAGE_NAME: pkinerd/ednsv
2026-07-26T21:18:42.7357054Z   DOCKER_METADATA_OUTPUT_VERSION: pr-28
2026-07-26T21:18:42.7357963Z   DOCKER_METADATA_OUTPUT_TAGS: ghcr.io/pkinerd/ednsv:pr-28
ghcr.io/pkinerd/ednsv:latest-any
ghcr.io/pkinerd/ednsv:sha-fd67ba5
2026-07-26T21:18:42.7358671Z   DOCKER_METADATA_OUTPUT_TAG_NAMES: pr-28
latest-any
sha-fd67ba5
2026-07-26T21:18:42.7360541Z   DOCKER_METADATA_OUTPUT_LABELS: org.opencontainers.image.created=2026-07-26T21:18:42.695Z
org.opencontainers.image.description=
org.opencontainers.image.licenses=
org.opencontainers.image.revision=fd67ba5ec362f4b77c77158206da97d478198c61
org.opencontainers.image.source=https://github.com/pkinerd/ednsv
org.opencontainers.image.title=ednsv
org.opencontainers.image.url=https://github.com/pkinerd/ednsv
org.opencontainers.image.version=pr-28
2026-07-26T21:18:42.7364042Z   DOCKER_METADATA_OUTPUT_ANNOTATIONS: manifest:org.opencontainers.image.created=2026-07-26T21:18:42.695Z
manifest:org.opencontainers.image.description=
manifest:org.opencontainers.image.licenses=
manifest:org.opencontainers.image.revision=fd67ba5ec362f4b77c77158206da97d478198c61
manifest:org.opencontainers.image.source=https://github.com/pkinerd/ednsv
manifest:org.opencontainers.image.title=ednsv
manifest:org.opencontainers.image.url=https://github.com/pkinerd/ednsv
manifest:org.opencontainers.image.version=pr-28
2026-07-26T21:18:42.7370485Z   DOCKER_METADATA_OUTPUT_JSON: {"tags":["ghcr.io/pkinerd/ednsv:pr-28","ghcr.io/pkinerd/ednsv:latest-any","ghcr.io/pkinerd/ednsv:sha-fd67ba5"],"tag-names":["pr-28","latest-any","sha-fd67ba5"],"labels":{"org.opencontainers.image.created":"2026-07-26T21:18:42.695Z","org.opencontainers.image.description":"","org.opencontainers.image.licenses":"","org.opencontainers.image.revision":"fd67ba5ec362f4b77c77158206da97d478198c61","org.opencontainers.image.source":"https://github.com/pkinerd/ednsv","org.opencontainers.image.title":"ednsv","org.opencontainers.image.url":"https://github.com/pkinerd/ednsv","org.opencontainers.image.version":"pr-28"},"annotations":["manifest:org.opencontainers.image.created=2026-07-26T21:18:42.695Z","manifest:org.opencontainers.image.description=","manifest:org.opencontainers.image.licenses=","manifest:org.opencontainers.image.revision=fd67ba5ec362f4b77c77158206da97d478198c61","manifest:org.opencontainers.image.source=https://github.com/pkinerd/ednsv","manifest:org.opencontainers.image.title=ednsv","manifest:org.opencontainers.image.url=https://github.com/pkinerd/ednsv","manifest:org.opencontainers.image.version=pr-28"]}
2026-07-26T21:18:42.7375374Z   DOCKER_METADATA_OUTPUT_BAKE_FILE_TAGS: /home/runner/work/_temp/docker-actions-toolkit-o09Nuh/docker-metadata-action-bake-tags.json
2026-07-26T21:18:42.7376338Z   DOCKER_METADATA_OUTPUT_BAKE_FILE_LABELS: /home/runner/work/_temp/docker-actions-toolkit-o09Nuh/docker-metadata-action-bake-labels.json
2026-07-26T21:18:42.7377612Z   DOCKER_METADATA_OUTPUT_BAKE_FILE_ANNOTATIONS: /home/runner/work/_temp/docker-actions-toolkit-o09Nuh/docker-metadata-action-bake-annotations.json
2026-07-26T21:18:42.7378611Z   DOCKER_METADATA_OUTPUT_BAKE_FILE: /home/runner/work/_temp/docker-actions-toolkit-o09Nuh/docker-metadata-action-bake.json
2026-07-26T21:18:42.7379185Z ##[endgroup]
2026-07-26T21:18:42.9860245Z (node:2775) [DEP0040] DeprecationWarning: The `punycode` module is deprecated. Please use a userland alternative instead.
2026-07-26T21:18:42.9861184Z (Use `node --trace-deprecation ...` to show where the warning was created)
2026-07-26T21:18:42.9881036Z ##[group]GitHub Actions runtime token ACs
2026-07-26T21:18:42.9889173Z refs/pull/28/merge: read/write
2026-07-26T21:18:42.9890432Z refs/heads/main: read
2026-07-26T21:18:42.9891201Z ##[endgroup]
2026-07-26T21:18:42.9891864Z ##[group]Docker info
2026-07-26T21:18:42.9942727Z [command]/usr/bin/docker version
2026-07-26T21:18:43.0152741Z Client: Docker Engine - Community
2026-07-26T21:18:43.0156217Z  Version:           28.0.4
2026-07-26T21:18:43.0157085Z  API version:       1.48
2026-07-26T21:18:43.0158194Z  Go version:        go1.23.7
2026-07-26T21:18:43.0158951Z  Git commit:        b8034c0
2026-07-26T21:18:43.0159488Z  Built:             Tue Mar 25 15:07:16 2025
2026-07-26T21:18:43.0159986Z  OS/Arch:           linux/amd64
2026-07-26T21:18:43.0160439Z  Context:           default
2026-07-26T21:18:43.0160728Z 
2026-07-26T21:18:43.0160977Z Server: Docker Engine - Community
2026-07-26T21:18:43.0175858Z  Engine:
2026-07-26T21:18:43.0176486Z   Version:          28.0.4
2026-07-26T21:18:43.0177121Z   API version:      1.48 (minimum version 1.24)
2026-07-26T21:18:43.0178296Z   Go version:       go1.23.7
2026-07-26T21:18:43.0178865Z   Git commit:       6430e49
2026-07-26T21:18:43.0179425Z   Built:            Tue Mar 25 15:07:16 2025
2026-07-26T21:18:43.0180040Z   OS/Arch:          linux/amd64
2026-07-26T21:18:43.0180602Z   Experimental:     false
2026-07-26T21:18:43.0181128Z  containerd:
2026-07-26T21:18:43.0181614Z   Version:          v2.2.6
2026-07-26T21:18:43.0182301Z   GitCommit:        11ce9d5f3c68c941867e82890e93e815c1304f1b
2026-07-26T21:18:43.0183072Z  runc:
2026-07-26T21:18:43.0183608Z   Version:          1.3.6
2026-07-26T21:18:43.0184252Z   GitCommit:        v1.3.6-0-g491b69ba
2026-07-26T21:18:43.0184959Z  docker-init:
2026-07-26T21:18:43.0185564Z   Version:          0.19.0
2026-07-26T21:18:43.0186204Z   GitCommit:        de40ad0
2026-07-26T21:18:43.0222015Z [command]/usr/bin/docker info
2026-07-26T21:18:43.0838728Z Client: Docker Engine - Community
2026-07-26T21:18:43.0845009Z  Version:    28.0.4
2026-07-26T21:18:43.0845427Z  Context:    default
2026-07-26T21:18:43.0845822Z  Debug Mode: false
2026-07-26T21:18:43.0846180Z  Plugins:
2026-07-26T21:18:43.0846516Z   buildx: Docker Buildx (Docker Inc.)
2026-07-26T21:18:43.0846959Z     Version:  v0.35.0
2026-07-26T21:18:43.0847637Z     Path:     /usr/libexec/docker/cli-plugins/docker-buildx
2026-07-26T21:18:43.0848254Z   compose: Docker Compose (Docker Inc.)
2026-07-26T21:18:43.0848742Z     Version:  v2.38.2
2026-07-26T21:18:43.0849206Z     Path:     /usr/libexec/docker/cli-plugins/docker-compose
2026-07-26T21:18:43.0849645Z 
2026-07-26T21:18:43.0849777Z Server:
2026-07-26T21:18:43.0850086Z  Containers: 1
2026-07-26T21:18:43.0850422Z   Running: 1
2026-07-26T21:18:43.0850741Z   Paused: 0
2026-07-26T21:18:43.0851411Z   Stopped: 0
2026-07-26T21:18:43.0851719Z  Images: 7
2026-07-26T21:18:43.0852230Z  Server Version: 28.0.4
2026-07-26T21:18:43.0852845Z  Storage Driver: overlay2
2026-07-26T21:18:43.0853296Z   Backing Filesystem: extfs
2026-07-26T21:18:43.0853704Z   Supports d_type: true
2026-07-26T21:18:43.0854291Z   Using metacopy: false
2026-07-26T21:18:43.0854695Z   Native Overlay Diff: false
2026-07-26T21:18:43.0855267Z   userxattr: false
2026-07-26T21:18:43.0855639Z  Logging Driver: json-file
2026-07-26T21:18:43.0856041Z  Cgroup Driver: systemd
2026-07-26T21:18:43.0856401Z  Cgroup Version: 2
2026-07-26T21:18:43.0856738Z  Plugins:
2026-07-26T21:18:43.0857045Z   Volume: local
2026-07-26T21:18:43.0857654Z   Network: bridge host ipvlan macvlan null overlay
2026-07-26T21:18:43.0858387Z   Log: awslogs fluentd gcplogs gelf journald json-file local splunk syslog
2026-07-26T21:18:43.0859070Z  Swarm: inactive
2026-07-26T21:18:43.0859462Z  Runtimes: io.containerd.runc.v2 runc
2026-07-26T21:18:43.0859951Z  Default Runtime: runc
2026-07-26T21:18:43.0860356Z  Init Binary: docker-init
2026-07-26T21:18:43.0860886Z  containerd version: 11ce9d5f3c68c941867e82890e93e815c1304f1b
2026-07-26T21:18:43.0861481Z  runc version: v1.3.6-0-g491b69ba
2026-07-26T21:18:43.0861911Z  init version: de40ad0
2026-07-26T21:18:43.0862283Z  Security Options:
2026-07-26T21:18:43.0862619Z   apparmor
2026-07-26T21:18:43.0862917Z   seccomp
2026-07-26T21:18:43.0863221Z    Profile: builtin
2026-07-26T21:18:43.0863552Z   cgroupns
2026-07-26T21:18:43.0863871Z  Kernel Version: 6.17.0-1020-azure
2026-07-26T21:18:43.0864323Z  Operating System: Ubuntu 24.04.4 LTS
2026-07-26T21:18:43.0864767Z  OSType: linux
2026-07-26T21:18:43.0865136Z  Architecture: x86_64
2026-07-26T21:18:43.0865506Z  CPUs: 4
2026-07-26T21:18:43.0865814Z  Total Memory: 15.61GiB
2026-07-26T21:18:43.0866193Z  Name: runnervmvrwv9
2026-07-26T21:18:43.0866598Z  ID: dce1e4a9-fc26-4218-aaf0-feee5194c8cb
2026-07-26T21:18:43.0867113Z  Docker Root Dir: /var/lib/docker
2026-07-26T21:18:43.0867734Z  Debug Mode: false
2026-07-26T21:18:43.0868088Z  Username: githubactions
2026-07-26T21:18:43.0868476Z  Experimental: false
2026-07-26T21:18:43.0868839Z  Insecure Registries:
2026-07-26T21:18:43.0869222Z   ::1/128
2026-07-26T21:18:43.0869514Z   127.0.0.0/8
2026-07-26T21:18:43.0869852Z  Live Restore Enabled: false
2026-07-26T21:18:43.0870122Z 
2026-07-26T21:18:43.0870564Z ##[endgroup]
2026-07-26T21:18:43.0871197Z ##[group]Proxy configuration
2026-07-26T21:18:43.0871635Z No proxy configuration found
2026-07-26T21:18:43.0872269Z ##[endgroup]
2026-07-26T21:18:43.1466727Z ##[group]Buildx version
2026-07-26T21:18:43.1490721Z [command]/usr/bin/docker buildx version
2026-07-26T21:18:43.2055502Z github.com/docker/buildx v0.35.0 a319e5b15052cf6557ceb666eb8ff6e32380b782
2026-07-26T21:18:43.2107925Z ##[endgroup]
2026-07-26T21:18:43.2108595Z ##[group]Builder info
2026-07-26T21:18:43.3147230Z {
2026-07-26T21:18:43.3152289Z   "nodes": [
2026-07-26T21:18:43.3153086Z     {
2026-07-26T21:18:43.3153958Z       "name": "builder-7ab33380-f41f-4d3e-a41c-38431f6397650",
2026-07-26T21:18:43.3154987Z       "endpoint": "unix:///var/run/docker.sock",
2026-07-26T21:18:43.3155898Z       "status": "running",
2026-07-26T21:18:43.3157559Z       "buildkitd-flags": "--allow-insecure-entitlement security.insecure --allow-insecure-entitlement network.host",
2026-07-26T21:18:43.3158870Z       "buildkit": "v0.31.2",
2026-07-26T21:18:43.3159718Z       "platforms": "linux/amd64,linux/amd64/v2,linux/amd64/v3,linux/386",
2026-07-26T21:18:43.3160673Z       "features": {
2026-07-26T21:18:43.3161449Z         "Automatically load images to the Docker Engine image store": true,
2026-07-26T21:18:43.3162391Z         "Cache export": true,
2026-07-26T21:18:43.3163153Z         "Direct push": true,
2026-07-26T21:18:43.3163803Z         "Docker exporter": true,
2026-07-26T21:18:43.3164500Z         "Multi-platform build": true,
2026-07-26T21:18:43.3165225Z         "OCI exporter": true
2026-07-26T21:18:43.3165889Z       },
2026-07-26T21:18:43.3166449Z       "labels": {
2026-07-26T21:18:43.3168544Z         "org.mobyproject.buildkit.worker.executor": "oci",
2026-07-26T21:18:43.3169606Z         "org.mobyproject.buildkit.worker.hostname": "6d88efdbe4b1",
2026-07-26T21:18:43.3170686Z         "org.mobyproject.buildkit.worker.network": "host",
2026-07-26T21:18:43.3172043Z         "org.mobyproject.buildkit.worker.oci.process-mode": "sandbox",
2026-07-26T21:18:43.3173307Z         "org.mobyproject.buildkit.worker.selinux.enabled": "false",
2026-07-26T21:18:43.3174157Z         "org.mobyproject.buildkit.worker.snapshotter": "overlayfs"
2026-07-26T21:18:43.3174694Z       },
2026-07-26T21:18:43.3175049Z       "gcPolicy": [
2026-07-26T21:18:43.3175441Z         {
2026-07-26T21:18:43.3175805Z           "all": false,
2026-07-26T21:18:43.3176185Z           "filter": [
2026-07-26T21:18:43.3176691Z             "type==source.local type==exec.cachemount type==source.git.checkout"
2026-07-26T21:18:43.3177255Z           ],
2026-07-26T21:18:43.3178026Z           "keepDuration": "48h0m0s",
2026-07-26T21:18:43.3178553Z           "maxUsedSpace": "488.3MiB"
2026-07-26T21:18:43.3178981Z         },
2026-07-26T21:18:43.3179245Z         {
2026-07-26T21:18:43.3179449Z           "all": false,
2026-07-26T21:18:43.3179707Z           "keepDuration": "1440h0m0s",
2026-07-26T21:18:43.3180032Z           "reservedSpace": "9.313GiB",
2026-07-26T21:18:43.3180328Z           "maxUsedSpace": "93.13GiB",
2026-07-26T21:18:43.3180609Z           "minFreeSpace": "27.01GiB"
2026-07-26T21:18:43.3180868Z         },
2026-07-26T21:18:43.3181082Z         {
2026-07-26T21:18:43.3181275Z           "all": false,
2026-07-26T21:18:43.3181521Z           "reservedSpace": "9.313GiB",
2026-07-26T21:18:43.3181829Z           "maxUsedSpace": "93.13GiB",
2026-07-26T21:18:43.3182115Z           "minFreeSpace": "27.01GiB"
2026-07-26T21:18:43.3182375Z         },
2026-07-26T21:18:43.3182563Z         {
2026-07-26T21:18:43.3182767Z           "all": true,
2026-07-26T21:18:43.3183004Z           "reservedSpace": "9.313GiB",
2026-07-26T21:18:43.3183274Z           "maxUsedSpace": "93.13GiB",
2026-07-26T21:18:43.3183543Z           "minFreeSpace": "27.01GiB"
2026-07-26T21:18:43.3183793Z         }
2026-07-26T21:18:43.3183977Z       ]
2026-07-26T21:18:43.3184161Z     }
2026-07-26T21:18:43.3184345Z   ],
2026-07-26T21:18:43.3184624Z   "name": "builder-7ab33380-f41f-4d3e-a41c-38431f639765",
2026-07-26T21:18:43.3184976Z   "driver": "docker-container",
2026-07-26T21:18:43.3185268Z   "lastActivity": "2026-07-26T21:18:34.000Z"
2026-07-26T21:18:43.3185565Z }
2026-07-26T21:18:43.3186015Z ##[endgroup]
2026-07-26T21:18:43.4744489Z [command]/usr/bin/docker buildx build --cache-from type=gha --cache-to type=gha,mode=max --file ./Dockerfile --iidfile /home/runner/work/_temp/docker-actions-toolkit-TkC3Le/build-iidfile-24649a3062.txt --label org.opencontainers.image.created=2026-07-26T21:18:42.695Z --label org.opencontainers.image.description= --label org.opencontainers.image.licenses= --label org.opencontainers.image.revision=fd67ba5ec362f4b77c77158206da97d478198c61 --label org.opencontainers.image.source=https://github.com/pkinerd/ednsv --label org.opencontainers.image.title=ednsv --label org.opencontainers.image.url=https://github.com/pkinerd/ednsv --label org.opencontainers.image.version=pr-28 --attest type=provenance,mode=max,builder-id=https://github.com/pkinerd/ednsv/actions/runs/30220761455/attempts/1 --tag ghcr.io/pkinerd/ednsv:pr-28 --tag ghcr.io/pkinerd/ednsv:latest-any --tag ghcr.io/pkinerd/ednsv:sha-fd67ba5 --metadata-file /home/runner/work/_temp/docker-actions-toolkit-TkC3Le/build-metadata-53a102cf2b.json --push .
2026-07-26T21:18:43.5761704Z #0 building with "builder-7ab33380-f41f-4d3e-a41c-38431f639765" instance using docker-container driver
2026-07-26T21:18:43.5762220Z 
2026-07-26T21:18:43.5762390Z #1 [internal] load build definition from Dockerfile
2026-07-26T21:18:43.6827879Z #1 transferring dockerfile: 827B done
2026-07-26T21:18:43.6828627Z #1 DONE 0.0s
2026-07-26T21:18:43.6828762Z 
2026-07-26T21:18:43.6829012Z #2 [auth] docker/dockerfile:pull token for registry-1.docker.io
2026-07-26T21:18:43.8330717Z #2 DONE 0.0s
2026-07-26T21:18:43.8331035Z 
2026-07-26T21:18:43.8331397Z #3 resolve image config for docker-image://docker.io/docker/dockerfile:1.7
2026-07-26T21:18:44.1878282Z #3 DONE 0.6s
2026-07-26T21:18:44.3476981Z 
2026-07-26T21:18:44.3478559Z #4 docker-image://docker.io/docker/dockerfile:1.7@sha256:a57df69d0ea827fb7266491f2813635de6f17269be881f696fbfdf2d83dda33e
2026-07-26T21:18:44.3479777Z #4 resolve docker.io/docker/dockerfile:1.7@sha256:a57df69d0ea827fb7266491f2813635de6f17269be881f696fbfdf2d83dda33e done
2026-07-26T21:18:44.3497304Z #4 sha256:96918c57e42509b97f10c074d80672ecdbd3bb7dcd38c1bd95960cf291207416 1.05MB / 11.98MB 0.2s
2026-07-26T21:18:44.5440093Z #4 sha256:96918c57e42509b97f10c074d80672ecdbd3bb7dcd38c1bd95960cf291207416 11.98MB / 11.98MB 0.2s done
2026-07-26T21:18:44.5441517Z #4 extracting sha256:96918c57e42509b97f10c074d80672ecdbd3bb7dcd38c1bd95960cf291207416 0.1s done
2026-07-26T21:18:44.5442569Z #4 DONE 0.4s
2026-07-26T21:18:44.7228472Z 
2026-07-26T21:18:44.7229716Z #5 [internal] load metadata for mcr.microsoft.com/dotnet/sdk:8.0
2026-07-26T21:18:44.7230764Z #5 DONE 0.1s
2026-07-26T21:18:44.7231083Z 
2026-07-26T21:18:44.7231457Z #6 [internal] load metadata for mcr.microsoft.com/dotnet/aspnet:8.0
2026-07-26T21:18:44.9351711Z #6 DONE 0.1s
2026-07-26T21:18:44.9351995Z 
2026-07-26T21:18:44.9352199Z #7 [internal] load .dockerignore
2026-07-26T21:18:44.9352705Z #7 transferring context: 249B done
2026-07-26T21:18:44.9353129Z #7 DONE 0.0s
2026-07-26T21:18:44.9353311Z 
2026-07-26T21:18:44.9353471Z #8 [internal] load build context
2026-07-26T21:18:44.9353871Z #8 DONE 0.0s
2026-07-26T21:18:44.9354048Z 
2026-07-26T21:18:44.9354758Z #9 [runtime 1/3] FROM mcr.microsoft.com/dotnet/aspnet:8.0@sha256:8f6a307ae32fb393a4b4bcde0a81f0ce3f0a715de0e5575df71f3030448f2dde
2026-07-26T21:18:44.9356230Z #9 resolve mcr.microsoft.com/dotnet/aspnet:8.0@sha256:8f6a307ae32fb393a4b4bcde0a81f0ce3f0a715de0e5575df71f3030448f2dde done
2026-07-26T21:18:44.9356876Z #9 DONE 0.0s
2026-07-26T21:18:44.9357020Z 
2026-07-26T21:18:44.9357797Z #10 [build 1/8] FROM mcr.microsoft.com/dotnet/sdk:8.0@sha256:3c0edbfe1549dd93fb789dc96299a40df865ad7bffefcaf38e8c05940686d641
2026-07-26T21:18:44.9358837Z #10 resolve mcr.microsoft.com/dotnet/sdk:8.0@sha256:3c0edbfe1549dd93fb789dc96299a40df865ad7bffefcaf38e8c05940686d641 done
2026-07-26T21:18:44.9359470Z #10 DONE 0.0s
2026-07-26T21:18:44.9359602Z 
2026-07-26T21:18:44.9359765Z #11 importing cache manifest from gha:11010107966748277387
2026-07-26T21:18:45.0999483Z #11 DONE 0.3s
2026-07-26T21:18:45.2303601Z 
2026-07-26T21:18:45.2308482Z #8 [internal] load build context
2026-07-26T21:18:45.2309395Z #8 transferring context: 929.73kB 0.0s done
2026-07-26T21:18:45.2310114Z #8 DONE 0.0s
2026-07-26T21:18:45.2310471Z 
2026-07-26T21:18:45.2311319Z #12 [build 5/8] RUN dotnet restore src/Ednsv.Web/Ednsv.Web.csproj
2026-07-26T21:18:45.2312124Z #12 CACHED
2026-07-26T21:18:45.2312484Z 
2026-07-26T21:18:45.2312846Z #13 [build 7/8] COPY src/Ednsv.Web/ src/Ednsv.Web/
2026-07-26T21:18:45.2313583Z #13 CACHED
2026-07-26T21:18:45.2313905Z 
2026-07-26T21:18:45.2314228Z #14 [runtime 2/3] WORKDIR /app
2026-07-26T21:18:45.2314775Z #14 CACHED
2026-07-26T21:18:45.2315094Z 
2026-07-26T21:18:45.2315549Z #15 [build 4/8] COPY src/Ednsv.Web/Ednsv.Web.csproj src/Ednsv.Web/
2026-07-26T21:18:45.2316317Z #15 CACHED
2026-07-26T21:18:45.2316668Z 
2026-07-26T21:18:45.2317987Z #16 [build 8/8] RUN dotnet publish src/Ednsv.Web/Ednsv.Web.csproj         --configuration Release         --no-restore         --output /app/publish         /p:UseAppHost=false
2026-07-26T21:18:45.2319763Z #16 CACHED
2026-07-26T21:18:45.2320123Z 
2026-07-26T21:18:45.2320412Z #17 [build 2/8] WORKDIR /src
2026-07-26T21:18:45.2320958Z #17 CACHED
2026-07-26T21:18:45.2321311Z 
2026-07-26T21:18:45.2321803Z #18 [build 3/8] COPY src/Ednsv.Core/Ednsv.Core.csproj src/Ednsv.Core/
2026-07-26T21:18:45.2322611Z #18 CACHED
2026-07-26T21:18:45.2323022Z 
2026-07-26T21:18:45.2323295Z #19 [build 6/8] COPY src/Ednsv.Core/ src/Ednsv.Core/
2026-07-26T21:18:45.2324265Z #19 CACHED
2026-07-26T21:18:45.2324392Z 
2026-07-26T21:18:45.2324548Z #20 [runtime 3/3] COPY --from=build /app/publish ./
2026-07-26T21:18:45.2324936Z #20 CACHED
2026-07-26T21:18:45.3370387Z 
2026-07-26T21:18:45.3373560Z #21 [auth] pkinerd/ednsv:pull,push token for ghcr.io
2026-07-26T21:18:45.5473594Z #21 DONE 0.0s
2026-07-26T21:18:45.5473862Z 
2026-07-26T21:18:45.5473995Z #22 exporting to image
2026-07-26T21:18:45.5474251Z #22 exporting layers done
2026-07-26T21:18:45.5474739Z #22 exporting manifest sha256:2e58fb872870b0c002d6747e121d86e917c7e7f12dfd44eaf76394ace3adc73e done
2026-07-26T21:18:45.5475454Z #22 exporting config sha256:a888d625e2a728349ca73948ee73bcffff2626a38cc2b18ca5be88973f04d280 done
2026-07-26T21:18:45.5476199Z #22 exporting attestation manifest sha256:6d16b923215cd1745893d2610ace1c6b777b4fd7e63f4ba695de777631b04669 done
2026-07-26T21:18:45.5477599Z #22 exporting manifest list sha256:0a0a687276f67887c4d17325fd5101b00804a4d9357cdaf25d13bfa976bf6498 done
2026-07-26T21:18:45.5478263Z #22 pushing layers
2026-07-26T21:18:46.5524657Z #22 ...
2026-07-26T21:18:46.5524966Z 
2026-07-26T21:18:46.5525182Z #23 exporting to GitHub Actions Cache
2026-07-26T21:18:46.5525723Z #23 preparing build cache for export 0.1s done
2026-07-26T21:18:46.5526338Z #23 sending cache export 1.2s done
2026-07-26T21:18:46.5526693Z #23 DONE 1.3s
2026-07-26T21:18:46.7033725Z 
2026-07-26T21:18:46.7033916Z #22 exporting to image
2026-07-26T21:18:46.7488265Z #22 pushing layers 1.5s done
2026-07-26T21:18:46.7489269Z #22 pushing manifest for ghcr.io/pkinerd/ednsv:pr-28@sha256:0a0a687276f67887c4d17325fd5101b00804a4d9357cdaf25d13bfa976bf6498
2026-07-26T21:18:47.8396577Z #22 pushing manifest for ghcr.io/pkinerd/ednsv:pr-28@sha256:0a0a687276f67887c4d17325fd5101b00804a4d9357cdaf25d13bfa976bf6498 1.1s done
2026-07-26T21:18:47.9583218Z #22 pushing layers 0.1s done
2026-07-26T21:18:47.9584254Z #22 pushing manifest for ghcr.io/pkinerd/ednsv:latest-any@sha256:0a0a687276f67887c4d17325fd5101b00804a4d9357cdaf25d13bfa976bf6498
2026-07-26T21:18:48.4525643Z #22 pushing manifest for ghcr.io/pkinerd/ednsv:latest-any@sha256:0a0a687276f67887c4d17325fd5101b00804a4d9357cdaf25d13bfa976bf6498 0.5s done
2026-07-26T21:18:48.5813078Z #22 pushing layers 0.1s done
2026-07-26T21:18:48.5814250Z #22 pushing manifest for ghcr.io/pkinerd/ednsv:sha-fd67ba5@sha256:0a0a687276f67887c4d17325fd5101b00804a4d9357cdaf25d13bfa976bf6498
2026-07-26T21:18:49.0224867Z #22 pushing manifest for ghcr.io/pkinerd/ednsv:sha-fd67ba5@sha256:0a0a687276f67887c4d17325fd5101b00804a4d9357cdaf25d13bfa976bf6498 0.4s done
2026-07-26T21:18:49.0226345Z #22 DONE 3.8s
2026-07-26T21:18:49.0463526Z 
2026-07-26T21:18:49.0463868Z #24 resolving provenance for metadata file
2026-07-26T21:18:49.0464385Z #24 DONE 0.0s
2026-07-26T21:18:49.0545761Z ##[group]ImageID
2026-07-26T21:18:49.0546303Z sha256:0a0a687276f67887c4d17325fd5101b00804a4d9357cdaf25d13bfa976bf6498
2026-07-26T21:18:49.0548162Z ##[endgroup]
2026-07-26T21:18:49.0548790Z ##[group]Digest
2026-07-26T21:18:49.0549306Z sha256:0a0a687276f67887c4d17325fd5101b00804a4d9357cdaf25d13bfa976bf6498
2026-07-26T21:18:49.0558424Z ##[endgroup]
2026-07-26T21:18:49.0559085Z ##[group]Metadata
2026-07-26T21:18:49.0559451Z {
2026-07-26T21:18:49.0559797Z   "buildx.build.provenance": {
2026-07-26T21:18:49.0560239Z     "builder": {
2026-07-26T21:18:49.0560864Z       "id": "https://github.com/pkinerd/ednsv/actions/runs/30220761455/attempts/1"
2026-07-26T21:18:49.0561579Z     },
2026-07-26T21:18:49.0562029Z     "buildType": "https://mobyproject.org/buildkit@v1",
2026-07-26T21:18:49.0562602Z     "materials": [
2026-07-26T21:18:49.0562940Z       {
2026-07-26T21:18:49.0563339Z         "uri": "pkg:docker/docker/dockerfile@1.7",
2026-07-26T21:18:49.0563847Z         "digest": {
2026-07-26T21:18:49.0564428Z           "sha256": "a57df69d0ea827fb7266491f2813635de6f17269be881f696fbfdf2d83dda33e"
2026-07-26T21:18:49.0564968Z         }
2026-07-26T21:18:49.0565159Z       },
2026-07-26T21:18:49.0565361Z       {
2026-07-26T21:18:49.0565706Z         "uri": "pkg:docker/mcr.microsoft.com/dotnet/aspnet@8.0?platform=linux%2Famd64",
2026-07-26T21:18:49.0566403Z         "digest": {
2026-07-26T21:18:49.0566762Z           "sha256": "8f6a307ae32fb393a4b4bcde0a81f0ce3f0a715de0e5575df71f3030448f2dde"
2026-07-26T21:18:49.0567264Z         }
2026-07-26T21:18:49.0568007Z       },
2026-07-26T21:18:49.0568360Z       {
2026-07-26T21:18:49.0568698Z         "uri": "pkg:docker/mcr.microsoft.com/dotnet/sdk@8.0?platform=linux%2Famd64",
2026-07-26T21:18:49.0569121Z         "digest": {
2026-07-26T21:18:49.0569477Z           "sha256": "3c0edbfe1549dd93fb789dc96299a40df865ad7bffefcaf38e8c05940686d641"
2026-07-26T21:18:49.0569885Z         }
2026-07-26T21:18:49.0570072Z       }
2026-07-26T21:18:49.0570246Z     ],
2026-07-26T21:18:49.0570435Z     "invocation": {
2026-07-26T21:18:49.0570797Z       "configSource": {
2026-07-26T21:18:49.0571047Z         "entryPoint": "Dockerfile"
2026-07-26T21:18:49.0571313Z       },
2026-07-26T21:18:49.0571558Z       "parameters": {
2026-07-26T21:18:49.0571947Z         "frontend": "gateway.v0",
2026-07-26T21:18:49.0572539Z         "args": {
2026-07-26T21:18:49.0572787Z           "cmdline": "docker/dockerfile:1.7",
2026-07-26T21:18:49.0573211Z           "label:org.opencontainers.image.created": "2026-07-26T21:18:42.695Z",
2026-07-26T21:18:49.0573678Z           "label:org.opencontainers.image.description": "",
2026-07-26T21:18:49.0574070Z           "label:org.opencontainers.image.licenses": "",
2026-07-26T21:18:49.0574563Z           "label:org.opencontainers.image.revision": "fd67ba5ec362f4b77c77158206da97d478198c61",
2026-07-26T21:18:49.0575452Z           "label:org.opencontainers.image.source": "https://github.com/pkinerd/ednsv",
2026-07-26T21:18:49.0576238Z           "label:org.opencontainers.image.title": "ednsv",
2026-07-26T21:18:49.0576946Z           "label:org.opencontainers.image.url": "https://github.com/pkinerd/ednsv",
2026-07-26T21:18:49.0577968Z           "label:org.opencontainers.image.version": "pr-28",
2026-07-26T21:18:49.0578569Z           "source": "docker/dockerfile:1.7"
2026-07-26T21:18:49.0579016Z         },
2026-07-26T21:18:49.0579314Z         "locals": [
2026-07-26T21:18:49.0579636Z           {
2026-07-26T21:18:49.0579938Z             "name": "context"
2026-07-26T21:18:49.0580298Z           },
2026-07-26T21:18:49.0580596Z           {
2026-07-26T21:18:49.0580926Z             "name": "dockerfile"
2026-07-26T21:18:49.0581322Z           }
2026-07-26T21:18:49.0581620Z         ],
2026-07-26T21:18:49.0581931Z         "root": {
2026-07-26T21:18:49.0582282Z           "configSource": {
2026-07-26T21:18:49.0582692Z             "path": "Dockerfile"
2026-07-26T21:18:49.0583090Z           },
2026-07-26T21:18:49.0583406Z           "request": {
2026-07-26T21:18:49.0583772Z             "args": {
2026-07-26T21:18:49.0584342Z               "label:org.opencontainers.image.created": "2026-07-26T21:18:42.695Z",
2026-07-26T21:18:49.0585123Z               "label:org.opencontainers.image.description": "",
2026-07-26T21:18:49.0586121Z               "label:org.opencontainers.image.licenses": "",
2026-07-26T21:18:49.0586964Z               "label:org.opencontainers.image.revision": "fd67ba5ec362f4b77c77158206da97d478198c61",
2026-07-26T21:18:49.0588171Z               "label:org.opencontainers.image.source": "https://github.com/pkinerd/ednsv",
2026-07-26T21:18:49.0588901Z               "label:org.opencontainers.image.title": "ednsv",
2026-07-26T21:18:49.0589454Z               "label:org.opencontainers.image.url": "https://github.com/pkinerd/ednsv",
2026-07-26T21:18:49.0589957Z               "label:org.opencontainers.image.version": "pr-28",
2026-07-26T21:18:49.0591172Z               "vcs:localdir:context": ".",
2026-07-26T21:18:49.0591688Z               "vcs:localdir:dockerfile": ".",
2026-07-26T21:18:49.0592210Z               "vcs:revision": "fd67ba5ec362f4b77c77158206da97d478198c61",
2026-07-26T21:18:49.0592648Z               "vcs:source": "https://github.com/pkinerd/ednsv"
2026-07-26T21:18:49.0592973Z             }
2026-07-26T21:18:49.0593175Z           }
2026-07-26T21:18:49.0593362Z         },
2026-07-26T21:18:49.0593847Z         "compatibilityVersion": 30
2026-07-26T21:18:49.0594105Z       },
2026-07-26T21:18:49.0594302Z       "environment": {
2026-07-26T21:18:49.0594536Z         "github_actor": "pkinerd",
2026-07-26T21:18:49.0594834Z         "github_actor_id": "169779439",
2026-07-26T21:18:49.0595255Z         "github_event_name": "pull_request",
2026-07-26T21:18:49.0595591Z         "github_event_payload": {
2026-07-26T21:18:49.0595871Z           "action": "synchronize",
2026-07-26T21:18:49.0596180Z           "after": "24d01cb5d7d3a4db7c0b3640d2545f5170cec9e9",
2026-07-26T21:18:49.0596549Z           "before": "9012533888b63a2e30bc7d7b70f133be52c53278",
2026-07-26T21:18:49.0596905Z           "number": 28,
2026-07-26T21:18:49.0597191Z           "pull_request": {
2026-07-26T21:18:49.0597769Z             "_links": {
2026-07-26T21:18:49.0598019Z               "comments": {
2026-07-26T21:18:49.0598413Z                 "href": "https://api.github.com/repos/pkinerd/ednsv/issues/28/comments"
2026-07-26T21:18:49.0598857Z               },
2026-07-26T21:18:49.0599106Z               "commits": {
2026-07-26T21:18:49.0599471Z                 "href": "https://api.github.com/repos/pkinerd/ednsv/pulls/28/commits"
2026-07-26T21:18:49.0599876Z               },
2026-07-26T21:18:49.0600098Z               "html": {
2026-07-26T21:18:49.0600403Z                 "href": "https://github.com/pkinerd/ednsv/pull/28"
2026-07-26T21:18:49.0600744Z               },
2026-07-26T21:18:49.0600969Z               "issue": {
2026-07-26T21:18:49.0601329Z                 "href": "https://api.github.com/repos/pkinerd/ednsv/issues/28"
2026-07-26T21:18:49.0601687Z               },
2026-07-26T21:18:49.0601916Z               "review_comment": {
2026-07-26T21:18:49.0602341Z                 "href": "https://api.github.com/repos/pkinerd/ednsv/pulls/comments{/number}"
2026-07-26T21:18:49.0602779Z               },
2026-07-26T21:18:49.0603013Z               "review_comments": {
2026-07-26T21:18:49.0603381Z                 "href": "https://api.github.com/repos/pkinerd/ednsv/pulls/28/comments"
2026-07-26T21:18:49.0603772Z               },
2026-07-26T21:18:49.0604018Z               "self": {
2026-07-26T21:18:49.0604384Z                 "href": "https://api.github.com/repos/pkinerd/ednsv/pulls/28"
2026-07-26T21:18:49.0604780Z               },
2026-07-26T21:18:49.0605007Z               "statuses": {
2026-07-26T21:18:49.0605517Z                 "href": "https://api.github.com/repos/pkinerd/ednsv/statuses/24d01cb5d7d3a4db7c0b3640d2545f5170cec9e9"
2026-07-26T21:18:49.0606053Z               }
2026-07-26T21:18:49.0606274Z             },
2026-07-26T21:18:49.0606507Z             "active_lock_reason": null,
2026-07-26T21:18:49.0606812Z             "additions": 8750,
2026-07-26T21:18:49.0607082Z             "assignee": null,
2026-07-26T21:18:49.0607572Z             "assignees": [],
2026-07-26T21:18:49.0607858Z             "author_association": "OWNER",
2026-07-26T21:18:49.0608164Z             "auto_merge": null,
2026-07-26T21:18:49.0608424Z             "base": {
2026-07-26T21:18:49.0608676Z               "label": "pkinerd:main",
2026-07-26T21:18:49.0608974Z               "ref": "main",
2026-07-26T21:18:49.0609229Z               "repo": {
2026-07-26T21:18:49.0609489Z                 "allow_auto_merge": false,
2026-07-26T21:18:49.0609785Z                 "allow_forking": true,
2026-07-26T21:18:49.0610084Z                 "allow_merge_commit": true,
2026-07-26T21:18:49.0610391Z                 "allow_rebase_merge": true,
2026-07-26T21:18:49.0610691Z                 "allow_squash_merge": true,
2026-07-26T21:18:49.0610998Z                 "allow_update_branch": false,
2026-07-26T21:18:49.0611494Z                 "archive_url": "https://api.github.com/repos/pkinerd/ednsv/{archive_format}{/ref}",
2026-07-26T21:18:49.0612028Z                 "archived": false,
2026-07-26T21:18:49.0612518Z                 "assignees_url": "https://api.github.com/repos/pkinerd/ednsv/assignees{/user}",
2026-07-26T21:18:49.0613229Z                 "blobs_url": "https://api.github.com/repos/pkinerd/ednsv/git/blobs{/sha}",
2026-07-26T21:18:49.0614017Z                 "branches_url": "https://api.github.com/repos/pkinerd/ednsv/branches{/branch}",
2026-07-26T21:18:49.0614551Z                 "clone_url": "https://github.com/pkinerd/ednsv.git",
2026-07-26T21:18:49.0615265Z                 "collaborators_url": "https://api.github.com/repos/pkinerd/ednsv/collaborators{/collaborator}",
2026-07-26T21:18:49.0615964Z                 "comments_url": "https://api.github.com/repos/pkinerd/ednsv/comments{/number}",
2026-07-26T21:18:49.0616558Z                 "commits_url": "https://api.github.com/repos/pkinerd/ednsv/commits{/sha}",
2026-07-26T21:18:49.0617171Z                 "compare_url": "https://api.github.com/repos/pkinerd/ednsv/compare/{base}...{head}",
2026-07-26T21:18:49.0618106Z                 "contents_url": "https://api.github.com/repos/pkinerd/ednsv/contents/{+path}",
2026-07-26T21:18:49.0618711Z                 "contributors_url": "https://api.github.com/repos/pkinerd/ednsv/contributors",
2026-07-26T21:18:49.0619206Z                 "created_at": "2026-03-30T21:24:40Z",
2026-07-26T21:18:49.0619536Z                 "default_branch": "main",
2026-07-26T21:18:49.0619855Z                 "delete_branch_on_merge": false,
2026-07-26T21:18:49.0620339Z                 "deployments_url": "https://api.github.com/repos/pkinerd/ednsv/deployments",
2026-07-26T21:18:49.0620795Z                 "description": null,
2026-07-26T21:18:49.0621100Z                 "disabled": false,
2026-07-26T21:18:49.0621503Z                 "downloads_url": "https://api.github.com/repos/pkinerd/ednsv/downloads",
2026-07-26T21:18:49.0622055Z                 "events_url": "https://api.github.com/repos/pkinerd/ednsv/events",
2026-07-26T21:18:49.0622474Z                 "fork": false,
2026-07-26T21:18:49.0622736Z                 "forks": 0,
2026-07-26T21:18:49.0622996Z                 "forks_count": 0,
2026-07-26T21:18:49.0623361Z                 "forks_url": "https://api.github.com/repos/pkinerd/ednsv/forks",
2026-07-26T21:18:49.0623778Z                 "full_name": "pkinerd/ednsv",
2026-07-26T21:18:49.0624266Z                 "git_commits_url": "https://api.github.com/repos/pkinerd/ednsv/git/commits{/sha}",
2026-07-26T21:18:49.0624877Z                 "git_refs_url": "https://api.github.com/repos/pkinerd/ednsv/git/refs{/sha}",
2026-07-26T21:18:49.0625457Z                 "git_tags_url": "https://api.github.com/repos/pkinerd/ednsv/git/tags{/sha}",
2026-07-26T21:18:49.0625986Z                 "git_url": "git://github.com/pkinerd/ednsv.git",
2026-07-26T21:18:49.0626367Z                 "has_discussions": false,
2026-07-26T21:18:49.0626677Z                 "has_downloads": false,
2026-07-26T21:18:49.0626971Z                 "has_issues": true,
2026-07-26T21:18:49.0627250Z                 "has_pages": false,
2026-07-26T21:18:49.0628341Z                 "has_projects": true,
2026-07-26T21:18:49.0628649Z                 "has_pull_requests": true,
2026-07-26T21:18:49.0628953Z                 "has_wiki": true,
2026-07-26T21:18:49.0629241Z                 "homepage": null,
2026-07-26T21:18:49.0629631Z                 "hooks_url": "https://api.github.com/repos/pkinerd/ednsv/hooks",
2026-07-26T21:18:49.0630110Z                 "html_url": "https://github.com/pkinerd/ednsv",
2026-07-26T21:18:49.0630464Z                 "id": 1196602452,
2026-07-26T21:18:49.0630766Z                 "is_template": false,
2026-07-26T21:18:49.0631251Z                 "issue_comment_url": "https://api.github.com/repos/pkinerd/ednsv/issues/comments{/number}",
2026-07-26T21:18:49.0631987Z                 "issue_events_url": "https://api.github.com/repos/pkinerd/ednsv/issues/events{/number}",
2026-07-26T21:18:49.0632644Z                 "issues_url": "https://api.github.com/repos/pkinerd/ednsv/issues{/number}",
2026-07-26T21:18:49.0633258Z                 "keys_url": "https://api.github.com/repos/pkinerd/ednsv/keys{/key_id}",
2026-07-26T21:18:49.0633852Z                 "labels_url": "https://api.github.com/repos/pkinerd/ednsv/labels{/name}",
2026-07-26T21:18:49.0634285Z                 "language": "C#",
2026-07-26T21:18:49.0634845Z                 "languages_url": "https://api.github.com/repos/pkinerd/ednsv/languages",
2026-07-26T21:18:49.0635281Z                 "license": null,
2026-07-26T21:18:49.0635576Z                 "merge_commit_message": "PR_TITLE",
2026-07-26T21:18:49.0636026Z                 "merge_commit_title": "MERGE_MESSAGE",
2026-07-26T21:18:49.0636454Z                 "merges_url": "https://api.github.com/repos/pkinerd/ednsv/merges",
2026-07-26T21:18:49.0637021Z                 "milestones_url": "https://api.github.com/repos/pkinerd/ednsv/milestones{/number}",
2026-07-26T21:18:49.0637901Z                 "mirror_url": null,
2026-07-26T21:18:49.0638354Z                 "name": "ednsv",
2026-07-26T21:18:49.0638836Z                 "node_id": "R_kgDOR1K0VA",
2026-07-26T21:18:49.0639460Z                 "notifications_url": "https://api.github.com/repos/pkinerd/ednsv/notifications{?since,all,participating}",
2026-07-26T21:18:49.0640037Z                 "open_issues": 1,
2026-07-26T21:18:49.0640324Z                 "open_issues_count": 1,
2026-07-26T21:18:49.0640604Z                 "owner": {
2026-07-26T21:18:49.0640960Z                   "avatar_url": "https://avatars.githubusercontent.com/u/169779439?v=4",
2026-07-26T21:18:49.0641482Z                   "events_url": "https://api.github.com/users/pkinerd/events{/privacy}",
2026-07-26T21:18:49.0641983Z                   "followers_url": "https://api.github.com/users/pkinerd/followers",
2026-07-26T21:18:49.0642514Z                   "following_url": "https://api.github.com/users/pkinerd/following{/other_user}",
2026-07-26T21:18:49.0643050Z                   "gists_url": "https://api.github.com/users/pkinerd/gists{/gist_id}",
2026-07-26T21:18:49.0643440Z                   "gravatar_id": "",
2026-07-26T21:18:49.0643747Z                   "html_url": "https://github.com/pkinerd",
2026-07-26T21:18:49.0644061Z                   "id": 169779439,
2026-07-26T21:18:49.0644321Z                   "login": "pkinerd",
2026-07-26T21:18:49.0644601Z                   "node_id": "U_kgDOCh6g7w",
2026-07-26T21:18:49.0644996Z                   "organizations_url": "https://api.github.com/users/pkinerd/orgs",
2026-07-26T21:18:49.0645539Z                   "received_events_url": "https://api.github.com/users/pkinerd/received_events",
2026-07-26T21:18:49.0646043Z                   "repos_url": "https://api.github.com/users/pkinerd/repos",
2026-07-26T21:18:49.0646410Z                   "site_admin": false,
2026-07-26T21:18:49.0646817Z                   "starred_url": "https://api.github.com/users/pkinerd/starred{/owner}{/repo}",
2026-07-26T21:18:49.0647722Z                   "subscriptions_url": "https://api.github.com/users/pkinerd/subscriptions",
2026-07-26T21:18:49.0648175Z                   "type": "User",
2026-07-26T21:18:49.0648480Z                   "url": "https://api.github.com/users/pkinerd",
2026-07-26T21:18:49.0648814Z                   "user_view_type": "public"
2026-07-26T21:18:49.0649082Z                 },
2026-07-26T21:18:49.0649299Z                 "private": false,
2026-07-26T21:18:49.0649595Z                 "pull_request_creation_policy": "all",
2026-07-26T21:18:49.0650022Z                 "pulls_url": "https://api.github.com/repos/pkinerd/ednsv/pulls{/number}",
2026-07-26T21:18:49.0650455Z                 "pushed_at": "2026-07-26T21:17:14Z",
2026-07-26T21:18:49.0650882Z                 "releases_url": "https://api.github.com/repos/pkinerd/ednsv/releases{/id}",
2026-07-26T21:18:49.0651299Z                 "size": 41137,
2026-07-26T21:18:49.0651597Z                 "squash_merge_commit_message": "COMMIT_MESSAGES",
2026-07-26T21:18:49.0651983Z                 "squash_merge_commit_title": "COMMIT_OR_PR_TITLE",
2026-07-26T21:18:49.0652350Z                 "ssh_url": "git@github.com:pkinerd/ednsv.git",
2026-07-26T21:18:49.0652674Z                 "stargazers_count": 0,
2026-07-26T21:18:49.0653077Z                 "stargazers_url": "https://api.github.com/repos/pkinerd/ednsv/stargazers",
2026-07-26T21:18:49.0653618Z                 "statuses_url": "https://api.github.com/repos/pkinerd/ednsv/statuses/{sha}",
2026-07-26T21:18:49.0654528Z                 "subscribers_url": "https://api.github.com/repos/pkinerd/ednsv/subscribers",
2026-07-26T21:18:49.0655184Z                 "subscription_url": "https://api.github.com/repos/pkinerd/ednsv/subscription",
2026-07-26T21:18:49.0656085Z                 "svn_url": "https://github.com/pkinerd/ednsv",
2026-07-26T21:18:49.0656849Z                 "tags_url": "https://api.github.com/repos/pkinerd/ednsv/tags",
2026-07-26T21:18:49.0657875Z                 "teams_url": "https://api.github.com/repos/pkinerd/ednsv/teams",
2026-07-26T21:18:49.0658262Z                 "topics": [],
2026-07-26T21:18:49.0658808Z                 "trees_url": "https://api.github.com/repos/pkinerd/ednsv/git/trees{/sha}",
2026-07-26T21:18:49.0659256Z                 "updated_at": "2026-07-24T14:18:46Z",
2026-07-26T21:18:49.0659615Z                 "url": "https://api.github.com/repos/pkinerd/ednsv",
2026-07-26T21:18:49.0659989Z                 "use_squash_pr_title_as_default": false,
2026-07-26T21:18:49.0660313Z                 "visibility": "public",
2026-07-26T21:18:49.0660592Z                 "watchers": 0,
2026-07-26T21:18:49.0660844Z                 "watchers_count": 0,
2026-07-26T21:18:49.0661136Z                 "web_commit_signoff_required": false
2026-07-26T21:18:49.0661425Z               },
2026-07-26T21:18:49.0661679Z               "sha": "0907a58f50a6c98d23ae466ed31c3a0c15264622",
2026-07-26T21:18:49.0661998Z               "user": {
2026-07-26T21:18:49.0662354Z                 "avatar_url": "https://avatars.githubusercontent.com/u/169779439?v=4",
2026-07-26T21:18:49.0662879Z                 "events_url": "https://api.github.com/users/pkinerd/events{/privacy}",
2026-07-26T21:18:49.0663384Z                 "followers_url": "https://api.github.com/users/pkinerd/followers",
2026-07-26T21:18:49.0663911Z                 "following_url": "https://api.github.com/users/pkinerd/following{/other_user}",
2026-07-26T21:18:49.0664442Z                 "gists_url": "https://api.github.com/users/pkinerd/gists{/gist_id}",
2026-07-26T21:18:49.0664836Z                 "gravatar_id": "",
2026-07-26T21:18:49.0665136Z                 "html_url": "https://github.com/pkinerd",
2026-07-26T21:18:49.0665452Z                 "id": 169779439,
2026-07-26T21:18:49.0665711Z                 "login": "pkinerd",
2026-07-26T21:18:49.0665990Z                 "node_id": "U_kgDOCh6g7w",
2026-07-26T21:18:49.0666412Z                 "organizations_url": "https://api.github.com/users/pkinerd/orgs",
2026-07-26T21:18:49.0666951Z                 "received_events_url": "https://api.github.com/users/pkinerd/received_events",
2026-07-26T21:18:49.0667671Z                 "repos_url": "https://api.github.com/users/pkinerd/repos",
2026-07-26T21:18:49.0668039Z                 "site_admin": false,
2026-07-26T21:18:49.0668442Z                 "starred_url": "https://api.github.com/users/pkinerd/starred{/owner}{/repo}",
2026-07-26T21:18:49.0668995Z                 "subscriptions_url": "https://api.github.com/users/pkinerd/subscriptions",
2026-07-26T21:18:49.0669417Z                 "type": "User",
2026-07-26T21:18:49.0669722Z                 "url": "https://api.github.com/users/pkinerd",
2026-07-26T21:18:49.0670059Z                 "user_view_type": "public"
2026-07-26T21:18:49.0670323Z               }
2026-07-26T21:18:49.0670524Z             },
2026-07-26T21:18:49.0682293Z             "body": "Four defects in the same family — file writes that assume they are the\nonly writer, and a read that destroys data when it fails.\n\n1. Fixed temp-file paths. Six write sites built their scratch file as\n   \"<target>.tmp\": ConfigService (config.json, revision bodies, the\n   history index), AuthService (users.json) and DiskCacheService (the\n   eleven merge-saved cache files, domain-results.json). The rename is\n   atomic, but the scratch path is shared state — two writers (two\n   replicas on one mount, a CLI run alongside the web service) truncate\n   and interleave into it, after which one rename publishes the mixture\n   and the other throws FileNotFoundException because the temp has\n   already been moved away. In ConfigService and AuthService that\n   exception escapes a save request as a 500.\n\n   Adds AtomicFile, which writes through a per-write unique temp name,\n   removes its scratch file when a write fails, and sweeps orphans left\n   by a killed process. The sweep is age-gated so it cannot delete a\n   temp belonging to an in-flight write. Concurrent writers still race\n   to publish and the last rename wins — the callers already assume\n   that — but the target is now always exactly one writer's complete\n   payload.\n\n   DiskCacheService.Clear and the startup load sweep the new names as\n   well as the legacy fixed one.\n\n2. ConfigService.LoadOrSeed overwrote a live config on a transient read\n   error. Any failure to read or parse an existing config.json fell\n   through to the seed path, which writes to disk — so a momentary I/O\n   error or sharing violation silently replaced the operator's saved\n   settings with env-var defaults and recorded that as a revision. It\n   now throws ConfigUnreadableException and the web host fails closed\n   with a clear message. An empty file still seeds, since there is\n   nothing to lose.\n\n3. CacheManager.ClearAllAsync deleted the cache files without holding\n   the flusher's lock. A flush that had already sampled the in-memory\n   caches would finish writing them out after the delete, so an admin\n   cache-clear reported success and the stale entries reappeared on\n   disk. The delete now runs under the same semaphore as the flush.\n\n4. CacheManager.FlushAsync bypassed all serialisation when no\n   background flusher exists (CLI runs), leaving concurrent saves free\n   to interleave read-modify-write on each cache file. It now takes a\n   local lock.\n\nAdds AtomicFileTests and CacheManagerClearTests, and extends\nConfigServiceTests and DiskCacheClearTests. The two concurrency tests\nwere verified to fail against the old fixed-name implementation.\n\nCo-Authored-By: Claude Opus 5 <noreply@anthropic.com>\nClaude-Session: https://claude.ai/code/session_01611PR4pvQSGB1t9K3hNAwE",
2026-07-26T21:18:49.0692315Z             "changed_files": 59,
2026-07-26T21:18:49.0692585Z             "closed_at": null,
2026-07-26T21:18:49.0692834Z             "comments": 0,
2026-07-26T21:18:49.0693231Z             "comments_url": "https://api.github.com/repos/pkinerd/ednsv/issues/28/comments",
2026-07-26T21:18:49.0693700Z             "commits": 33,
2026-07-26T21:18:49.0694091Z             "commits_url": "https://api.github.com/repos/pkinerd/ednsv/pulls/28/commits",
2026-07-26T21:18:49.0694530Z             "created_at": "2026-07-26T02:03:41Z",
2026-07-26T21:18:49.0694949Z             "deletions": 1101,
2026-07-26T21:18:49.0695664Z             "diff_url": "https://github.com/pkinerd/ednsv/pull/28.diff",
2026-07-26T21:18:49.0696457Z             "draft": false,
2026-07-26T21:18:49.0696705Z             "head": {
2026-07-26T21:18:49.0697025Z               "label": "pkinerd:claude/redis-dependency-removal-213elh",
2026-07-26T21:18:49.0697801Z               "ref": "claude/redis-dependency-removal-213elh",
2026-07-26T21:18:49.0698157Z               "repo": {
2026-07-26T21:18:49.0698409Z                 "allow_auto_merge": false,
2026-07-26T21:18:49.0698699Z                 "allow_forking": true,
2026-07-26T21:18:49.0698987Z                 "allow_merge_commit": true,
2026-07-26T21:18:49.0699284Z                 "allow_rebase_merge": true,
2026-07-26T21:18:49.0699573Z                 "allow_squash_merge": true,
2026-07-26T21:18:49.0699862Z                 "allow_update_branch": false,
2026-07-26T21:18:49.0700318Z                 "archive_url": "https://api.github.com/repos/pkinerd/ednsv/{archive_format}{/ref}",
2026-07-26T21:18:49.0700773Z                 "archived": false,
2026-07-26T21:18:49.0701178Z                 "assignees_url": "https://api.github.com/repos/pkinerd/ednsv/assignees{/user}",
2026-07-26T21:18:49.0701727Z                 "blobs_url": "https://api.github.com/repos/pkinerd/ednsv/git/blobs{/sha}",
2026-07-26T21:18:49.0702445Z                 "branches_url": "https://api.github.com/repos/pkinerd/ednsv/branches{/branch}",
2026-07-26T21:18:49.0702937Z                 "clone_url": "https://github.com/pkinerd/ednsv.git",
2026-07-26T21:18:49.0703659Z                 "collaborators_url": "https://api.github.com/repos/pkinerd/ednsv/collaborators{/collaborator}",
2026-07-26T21:18:49.0704301Z                 "comments_url": "https://api.github.com/repos/pkinerd/ednsv/comments{/number}",
2026-07-26T21:18:49.0704856Z                 "commits_url": "https://api.github.com/repos/pkinerd/ednsv/commits{/sha}",
2026-07-26T21:18:49.0705422Z                 "compare_url": "https://api.github.com/repos/pkinerd/ednsv/compare/{base}...{head}",
2026-07-26T21:18:49.0706016Z                 "contents_url": "https://api.github.com/repos/pkinerd/ednsv/contents/{+path}",
2026-07-26T21:18:49.0706600Z                 "contributors_url": "https://api.github.com/repos/pkinerd/ednsv/contributors",
2026-07-26T21:18:49.0707051Z                 "created_at": "2026-03-30T21:24:40Z",
2026-07-26T21:18:49.0707569Z                 "default_branch": "main",
2026-07-26T21:18:49.0707891Z                 "delete_branch_on_merge": false,
2026-07-26T21:18:49.0708349Z                 "deployments_url": "https://api.github.com/repos/pkinerd/ednsv/deployments",
2026-07-26T21:18:49.0708785Z                 "description": null,
2026-07-26T21:18:49.0709050Z                 "disabled": false,
2026-07-26T21:18:49.0709432Z                 "downloads_url": "https://api.github.com/repos/pkinerd/ednsv/downloads",
2026-07-26T21:18:49.0709941Z                 "events_url": "https://api.github.com/repos/pkinerd/ednsv/events",
2026-07-26T21:18:49.0710325Z                 "fork": false,
2026-07-26T21:18:49.0710564Z                 "forks": 0,
2026-07-26T21:18:49.0710801Z                 "forks_count": 0,
2026-07-26T21:18:49.0711147Z                 "forks_url": "https://api.github.com/repos/pkinerd/ednsv/forks",
2026-07-26T21:18:49.0711536Z                 "full_name": "pkinerd/ednsv",
2026-07-26T21:18:49.0711978Z                 "git_commits_url": "https://api.github.com/repos/pkinerd/ednsv/git/commits{/sha}",
2026-07-26T21:18:49.0712546Z                 "git_refs_url": "https://api.github.com/repos/pkinerd/ednsv/git/refs{/sha}",
2026-07-26T21:18:49.0713084Z                 "git_tags_url": "https://api.github.com/repos/pkinerd/ednsv/git/tags{/sha}",
2026-07-26T21:18:49.0713545Z                 "git_url": "git://github.com/pkinerd/ednsv.git",
2026-07-26T21:18:49.0713881Z                 "has_discussions": false,
2026-07-26T21:18:49.0714160Z                 "has_downloads": false,
2026-07-26T21:18:49.0714435Z                 "has_issues": true,
2026-07-26T21:18:49.0714700Z                 "has_pages": false,
2026-07-26T21:18:49.0714961Z                 "has_projects": true,
2026-07-26T21:18:49.0715245Z                 "has_pull_requests": true,
2026-07-26T21:18:49.0715523Z                 "has_wiki": true,
2026-07-26T21:18:49.0715777Z                 "homepage": null,
2026-07-26T21:18:49.0716130Z                 "hooks_url": "https://api.github.com/repos/pkinerd/ednsv/hooks",
2026-07-26T21:18:49.0716559Z                 "html_url": "https://github.com/pkinerd/ednsv",
2026-07-26T21:18:49.0716887Z                 "id": 1196602452,
2026-07-26T21:18:49.0717142Z                 "is_template": false,
2026-07-26T21:18:49.0717881Z                 "issue_comment_url": "https://api.github.com/repos/pkinerd/ednsv/issues/comments{/number}",
2026-07-26T21:18:49.0718534Z                 "issue_events_url": "https://api.github.com/repos/pkinerd/ednsv/issues/events{/number}",
2026-07-26T21:18:49.0719119Z                 "issues_url": "https://api.github.com/repos/pkinerd/ednsv/issues{/number}",
2026-07-26T21:18:49.0719642Z                 "keys_url": "https://api.github.com/repos/pkinerd/ednsv/keys{/key_id}",
2026-07-26T21:18:49.0720157Z                 "labels_url": "https://api.github.com/repos/pkinerd/ednsv/labels{/name}",
2026-07-26T21:18:49.0720560Z                 "language": "C#",
2026-07-26T21:18:49.0721069Z                 "languages_url": "https://api.github.com/repos/pkinerd/ednsv/languages",
2026-07-26T21:18:49.0721476Z                 "license": null,
2026-07-26T21:18:49.0721756Z                 "merge_commit_message": "PR_TITLE",
2026-07-26T21:18:49.0722190Z                 "merge_commit_title": "MERGE_MESSAGE",
2026-07-26T21:18:49.0722592Z                 "merges_url": "https://api.github.com/repos/pkinerd/ednsv/merges",
2026-07-26T21:18:49.0723135Z                 "milestones_url": "https://api.github.com/repos/pkinerd/ednsv/milestones{/number}",
2026-07-26T21:18:49.0723589Z                 "mirror_url": null,
2026-07-26T21:18:49.0723847Z                 "name": "ednsv",
2026-07-26T21:18:49.0724103Z                 "node_id": "R_kgDOR1K0VA",
2026-07-26T21:18:49.0724640Z                 "notifications_url": "https://api.github.com/repos/pkinerd/ednsv/notifications{?since,all,participating}",
2026-07-26T21:18:49.0725181Z                 "open_issues": 1,
2026-07-26T21:18:49.0725443Z                 "open_issues_count": 1,
2026-07-26T21:18:49.0725716Z                 "owner": {
2026-07-26T21:18:49.0726069Z                   "avatar_url": "https://avatars.githubusercontent.com/u/169779439?v=4",
2026-07-26T21:18:49.0726585Z                   "events_url": "https://api.github.com/users/pkinerd/events{/privacy}",
2026-07-26T21:18:49.0727084Z                   "followers_url": "https://api.github.com/users/pkinerd/followers",
2026-07-26T21:18:49.0727850Z                   "following_url": "https://api.github.com/users/pkinerd/following{/other_user}",
2026-07-26T21:18:49.0728380Z                   "gists_url": "https://api.github.com/users/pkinerd/gists{/gist_id}",
2026-07-26T21:18:49.0728764Z                   "gravatar_id": "",
2026-07-26T21:18:49.0729065Z                   "html_url": "https://github.com/pkinerd",
2026-07-26T21:18:49.0729377Z                   "id": 169779439,
2026-07-26T21:18:49.0729632Z                   "login": "pkinerd",
2026-07-26T21:18:49.0729908Z                   "node_id": "U_kgDOCh6g7w",
2026-07-26T21:18:49.0730302Z                   "organizations_url": "https://api.github.com/users/pkinerd/orgs",
2026-07-26T21:18:49.0730836Z                   "received_events_url": "https://api.github.com/users/pkinerd/received_events",
2026-07-26T21:18:49.0731342Z                   "repos_url": "https://api.github.com/users/pkinerd/repos",
2026-07-26T21:18:49.0731711Z                   "site_admin": false,
2026-07-26T21:18:49.0732117Z                   "starred_url": "https://api.github.com/users/pkinerd/starred{/owner}{/repo}",
2026-07-26T21:18:49.0732678Z                   "subscriptions_url": "https://api.github.com/users/pkinerd/subscriptions",
2026-07-26T21:18:49.0733097Z                   "type": "User",
2026-07-26T21:18:49.0733404Z                   "url": "https://api.github.com/users/pkinerd",
2026-07-26T21:18:49.0733745Z                   "user_view_type": "public"
2026-07-26T21:18:49.0734019Z                 },
2026-07-26T21:18:49.0734242Z                 "private": false,
2026-07-26T21:18:49.0734530Z                 "pull_request_creation_policy": "all",
2026-07-26T21:18:49.0734954Z                 "pulls_url": "https://api.github.com/repos/pkinerd/ednsv/pulls{/number}",
2026-07-26T21:18:49.0735389Z                 "pushed_at": "2026-07-26T21:17:14Z",
2026-07-26T21:18:49.0735817Z                 "releases_url": "https://api.github.com/repos/pkinerd/ednsv/releases{/id}",
2026-07-26T21:18:49.0736234Z                 "size": 41137,
2026-07-26T21:18:49.0736529Z                 "squash_merge_commit_message": "COMMIT_MESSAGES",
2026-07-26T21:18:49.0736905Z                 "squash_merge_commit_title": "COMMIT_OR_PR_TITLE",
2026-07-26T21:18:49.0737453Z                 "ssh_url": "git@github.com:pkinerd/ednsv.git",
2026-07-26T21:18:49.0737920Z                 "stargazers_count": 0,
2026-07-26T21:18:49.0738331Z                 "stargazers_url": "https://api.github.com/repos/pkinerd/ednsv/stargazers",
2026-07-26T21:18:49.0739003Z                 "statuses_url": "https://api.github.com/repos/pkinerd/ednsv/statuses/{sha}",
2026-07-26T21:18:49.0739794Z                 "subscribers_url": "https://api.github.com/repos/pkinerd/ednsv/subscribers",
2026-07-26T21:18:49.0740547Z                 "subscription_url": "https://api.github.com/repos/pkinerd/ednsv/subscription",
2026-07-26T21:18:49.0741284Z                 "svn_url": "https://github.com/pkinerd/ednsv",
2026-07-26T21:18:49.0741794Z                 "tags_url": "https://api.github.com/repos/pkinerd/ednsv/tags",
2026-07-26T21:18:49.0742411Z                 "teams_url": "https://api.github.com/repos/pkinerd/ednsv/teams",
2026-07-26T21:18:49.0742880Z                 "topics": [],
2026-07-26T21:18:49.0743414Z                 "trees_url": "https://api.github.com/repos/pkinerd/ednsv/git/trees{/sha}",
2026-07-26T21:18:49.0743984Z                 "updated_at": "2026-07-24T14:18:46Z",
2026-07-26T21:18:49.0744427Z                 "url": "https://api.github.com/repos/pkinerd/ednsv",
2026-07-26T21:18:49.0744931Z                 "use_squash_pr_title_as_default": false,
2026-07-26T21:18:49.0757100Z                 "visibility": "public",
2026-07-26T21:18:49.0757896Z                 "watchers": 0,
2026-07-26T21:18:49.0758307Z                 "watchers_count": 0,
2026-07-26T21:18:49.0758628Z                 "web_commit_signoff_required": false
2026-07-26T21:18:49.0758949Z               },
2026-07-26T21:18:49.0759222Z               "sha": "24d01cb5d7d3a4db7c0b3640d2545f5170cec9e9",
2026-07-26T21:18:49.0759552Z               "user": {
2026-07-26T21:18:49.0759926Z                 "avatar_url": "https://avatars.githubusercontent.com/u/169779439?v=4",
2026-07-26T21:18:49.0760481Z                 "events_url": "https://api.github.com/users/pkinerd/events{/privacy}",
2026-07-26T21:18:49.0760997Z                 "followers_url": "https://api.github.com/users/pkinerd/followers",
2026-07-26T21:18:49.0761554Z                 "following_url": "https://api.github.com/users/pkinerd/following{/other_user}",
2026-07-26T21:18:49.0762110Z                 "gists_url": "https://api.github.com/users/pkinerd/gists{/gist_id}",
2026-07-26T21:18:49.0762515Z                 "gravatar_id": "",
2026-07-26T21:18:49.0762828Z                 "html_url": "https://github.com/pkinerd",
2026-07-26T21:18:49.0763149Z                 "id": 169779439,
2026-07-26T21:18:49.0763411Z                 "login": "pkinerd",
2026-07-26T21:18:49.0763694Z                 "node_id": "U_kgDOCh6g7w",
2026-07-26T21:18:49.0764082Z                 "organizations_url": "https://api.github.com/users/pkinerd/orgs",
2026-07-26T21:18:49.0764614Z                 "received_events_url": "https://api.github.com/users/pkinerd/received_events",
2026-07-26T21:18:49.0765116Z                 "repos_url": "https://api.github.com/users/pkinerd/repos",
2026-07-26T21:18:49.0765482Z                 "site_admin": false,
2026-07-26T21:18:49.0765892Z                 "starred_url": "https://api.github.com/users/pkinerd/starred{/owner}{/repo}",
2026-07-26T21:18:49.0766477Z                 "subscriptions_url": "https://api.github.com/users/pkinerd/subscriptions",
2026-07-26T21:18:49.0767061Z                 "type": "User",
2026-07-26T21:18:49.0767469Z                 "url": "https://api.github.com/users/pkinerd",
2026-07-26T21:18:49.0767970Z                 "user_view_type": "public"
2026-07-26T21:18:49.0768251Z               }
2026-07-26T21:18:49.0768463Z             },
2026-07-26T21:18:49.0768748Z             "html_url": "https://github.com/pkinerd/ednsv/pull/28",
2026-07-26T21:18:49.0769102Z             "id": 4134707627,
2026-07-26T21:18:49.0769458Z             "issue_url": "https://api.github.com/repos/pkinerd/ednsv/issues/28",
2026-07-26T21:18:49.0769850Z             "labels": [],
2026-07-26T21:18:49.0770093Z             "locked": false,
2026-07-26T21:18:49.0770354Z             "maintainer_can_modify": false,
2026-07-26T21:18:49.0770718Z             "merge_commit_sha": "285482a46824db34961018a1dddf2b334f67a3fa",
2026-07-26T21:18:49.0771106Z             "mergeable": null,
2026-07-26T21:18:49.0771373Z             "mergeable_state": "unknown",
2026-07-26T21:18:49.0772024Z             "merged": false,
2026-07-26T21:18:49.0772525Z             "merged_at": null,
2026-07-26T21:18:49.0776221Z             "merged_by": null,
2026-07-26T21:18:49.0776493Z             "milestone": null,
2026-07-26T21:18:49.0776770Z             "node_id": "PR_kwDOR1K0VM72cqGr",
2026-07-26T21:18:49.0777476Z             "number": 28,
2026-07-26T21:18:49.0777898Z             "patch_url": "https://github.com/pkinerd/ednsv/pull/28.patch",
2026-07-26T21:18:49.0778287Z             "rebaseable": null,
2026-07-26T21:18:49.0778559Z             "requested_reviewers": [],
2026-07-26T21:18:49.0799578Z             "requested_teams": [],
2026-07-26T21:18:49.0800049Z             "review_comment_url": "https://api.github.com/repos/pkinerd/ednsv/pulls/comments{/number}",
2026-07-26T21:18:49.0800519Z             "review_comments": 0,
2026-07-26T21:18:49.0800944Z             "review_comments_url": "https://api.github.com/repos/pkinerd/ednsv/pulls/28/comments",
2026-07-26T21:18:49.0801394Z             "state": "open",
2026-07-26T21:18:49.0801915Z             "statuses_url": "https://api.github.com/repos/pkinerd/ednsv/statuses/24d01cb5d7d3a4db7c0b3640d2545f5170cec9e9",
2026-07-26T21:18:49.0802588Z             "title": "Fix unguarded concurrent file access in config, auth and disk cache",
2026-07-26T21:18:49.0803026Z             "updated_at": "2026-07-26T21:17:16Z",
2026-07-26T21:18:49.0803401Z             "url": "https://api.github.com/repos/pkinerd/ednsv/pulls/28",
2026-07-26T21:18:49.0803750Z             "user": {
2026-07-26T21:18:49.0804094Z               "avatar_url": "https://avatars.githubusercontent.com/u/169779439?v=4",
2026-07-26T21:18:49.0804606Z               "events_url": "https://api.github.com/users/pkinerd/events{/privacy}",
2026-07-26T21:18:49.0805102Z               "followers_url": "https://api.github.com/users/pkinerd/followers",
2026-07-26T21:18:49.0805618Z               "following_url": "https://api.github.com/users/pkinerd/following{/other_user}",
2026-07-26T21:18:49.0806139Z               "gists_url": "https://api.github.com/users/pkinerd/gists{/gist_id}",
2026-07-26T21:18:49.0806530Z               "gravatar_id": "",
2026-07-26T21:18:49.0806815Z               "html_url": "https://github.com/pkinerd",
2026-07-26T21:18:49.0807118Z               "id": 169779439,
2026-07-26T21:18:49.0807592Z               "login": "pkinerd",
2026-07-26T21:18:49.0807875Z               "node_id": "U_kgDOCh6g7w",
2026-07-26T21:18:49.0808282Z               "organizations_url": "https://api.github.com/users/pkinerd/orgs",
2026-07-26T21:18:49.0808825Z               "received_events_url": "https://api.github.com/users/pkinerd/received_events",
2026-07-26T21:18:49.0809318Z               "repos_url": "https://api.github.com/users/pkinerd/repos",
2026-07-26T21:18:49.0809673Z               "site_admin": false,
2026-07-26T21:18:49.0810067Z               "starred_url": "https://api.github.com/users/pkinerd/starred{/owner}{/repo}",
2026-07-26T21:18:49.0810607Z               "subscriptions_url": "https://api.github.com/users/pkinerd/subscriptions",
2026-07-26T21:18:49.0811020Z               "type": "User",
2026-07-26T21:18:49.0811311Z               "url": "https://api.github.com/users/pkinerd",
2026-07-26T21:18:49.0811637Z               "user_view_type": "public"
2026-07-26T21:18:49.0811900Z             }
2026-07-26T21:18:49.0812093Z           },
2026-07-26T21:18:49.0812290Z           "repository": {
2026-07-26T21:18:49.0812531Z             "allow_forking": true,
2026-07-26T21:18:49.0812948Z             "archive_url": "https://api.github.com/repos/pkinerd/ednsv/{archive_format}{/ref}",
2026-07-26T21:18:49.0813386Z             "archived": false,
2026-07-26T21:18:49.0813795Z             "assignees_url": "https://api.github.com/repos/pkinerd/ednsv/assignees{/user}",
2026-07-26T21:18:49.0814332Z             "blobs_url": "https://api.github.com/repos/pkinerd/ednsv/git/blobs{/sha}",
2026-07-26T21:18:49.0814872Z             "branches_url": "https://api.github.com/repos/pkinerd/ednsv/branches{/branch}",
2026-07-26T21:18:49.0815346Z             "clone_url": "https://github.com/pkinerd/ednsv.git",
2026-07-26T21:18:49.0816039Z             "collaborators_url": "https://api.github.com/repos/pkinerd/ednsv/collaborators{/collaborator}",
2026-07-26T21:18:49.0816753Z             "comments_url": "https://api.github.com/repos/pkinerd/ednsv/comments{/number}",
2026-07-26T21:18:49.0817481Z             "commits_url": "https://api.github.com/repos/pkinerd/ednsv/commits{/sha}",
2026-07-26T21:18:49.0818129Z             "compare_url": "https://api.github.com/repos/pkinerd/ednsv/compare/{base}...{head}",
2026-07-26T21:18:49.0818698Z             "contents_url": "https://api.github.com/repos/pkinerd/ednsv/contents/{+path}",
2026-07-26T21:18:49.0819248Z             "contributors_url": "https://api.github.com/repos/pkinerd/ednsv/contributors",
2026-07-26T21:18:49.0819696Z             "created_at": "2026-03-30T21:24:40Z",
2026-07-26T21:18:49.0819996Z             "default_branch": "main",
2026-07-26T21:18:49.0820398Z             "deployments_url": "https://api.github.com/repos/pkinerd/ednsv/deployments",
2026-07-26T21:18:49.0820832Z             "description": null,
2026-07-26T21:18:49.0821094Z             "disabled": false,
2026-07-26T21:18:49.0821460Z             "downloads_url": "https://api.github.com/repos/pkinerd/ednsv/downloads",
2026-07-26T21:18:49.0821962Z             "events_url": "https://api.github.com/repos/pkinerd/ednsv/events",
2026-07-26T21:18:49.0822345Z             "fork": false,
2026-07-26T21:18:49.0822577Z             "forks": 0,
2026-07-26T21:18:49.0822811Z             "forks_count": 0,
2026-07-26T21:18:49.0823147Z             "forks_url": "https://api.github.com/repos/pkinerd/ednsv/forks",
2026-07-26T21:18:49.0823528Z             "full_name": "pkinerd/ednsv",
2026-07-26T21:18:49.0823959Z             "git_commits_url": "https://api.github.com/repos/pkinerd/ednsv/git/commits{/sha}",
2026-07-26T21:18:49.0824511Z             "git_refs_url": "https://api.github.com/repos/pkinerd/ednsv/git/refs{/sha}",
2026-07-26T21:18:49.0825035Z             "git_tags_url": "https://api.github.com/repos/pkinerd/ednsv/git/tags{/sha}",
2026-07-26T21:18:49.0825489Z             "git_url": "git://github.com/pkinerd/ednsv.git",
2026-07-26T21:18:49.0825826Z             "has_discussions": false,
2026-07-26T21:18:49.0826102Z             "has_downloads": false,
2026-07-26T21:18:49.0826370Z             "has_issues": true,
2026-07-26T21:18:49.0826619Z             "has_pages": false,
2026-07-26T21:18:49.0826874Z             "has_projects": true,
2026-07-26T21:18:49.0827142Z             "has_pull_requests": true,
2026-07-26T21:18:49.0827625Z             "has_wiki": true,
2026-07-26T21:18:49.0827886Z             "homepage": null,
2026-07-26T21:18:49.0828224Z             "hooks_url": "https://api.github.com/repos/pkinerd/ednsv/hooks",
2026-07-26T21:18:49.0828645Z             "html_url": "https://github.com/pkinerd/ednsv",
2026-07-26T21:18:49.0828963Z             "id": 1196602452,
2026-07-26T21:18:49.0829199Z             "is_template": false,
2026-07-26T21:18:49.0829633Z             "issue_comment_url": "https://api.github.com/repos/pkinerd/ednsv/issues/comments{/number}",
2026-07-26T21:18:49.0830265Z             "issue_events_url": "https://api.github.com/repos/pkinerd/ednsv/issues/events{/number}",
2026-07-26T21:18:49.0830839Z             "issues_url": "https://api.github.com/repos/pkinerd/ednsv/issues{/number}",
2026-07-26T21:18:49.0831354Z             "keys_url": "https://api.github.com/repos/pkinerd/ednsv/keys{/key_id}",
2026-07-26T21:18:49.0831862Z             "labels_url": "https://api.github.com/repos/pkinerd/ednsv/labels{/name}",
2026-07-26T21:18:49.0832260Z             "language": "C#",
2026-07-26T21:18:49.0832622Z             "languages_url": "https://api.github.com/repos/pkinerd/ednsv/languages",
2026-07-26T21:18:49.0833014Z             "license": null,
2026-07-26T21:18:49.0833356Z             "merges_url": "https://api.github.com/repos/pkinerd/ednsv/merges",
2026-07-26T21:18:49.0833890Z             "milestones_url": "https://api.github.com/repos/pkinerd/ednsv/milestones{/number}",
2026-07-26T21:18:49.0834467Z             "mirror_url": null,
2026-07-26T21:18:49.0834721Z             "name": "ednsv",
2026-07-26T21:18:49.0834971Z             "node_id": "R_kgDOR1K0VA",
2026-07-26T21:18:49.0835598Z             "notifications_url": "https://api.github.com/repos/pkinerd/ednsv/notifications{?since,all,participating}",
2026-07-26T21:18:49.0836130Z             "open_issues": 1,
2026-07-26T21:18:49.0836381Z             "open_issues_count": 1,
2026-07-26T21:18:49.0836640Z             "owner": {
2026-07-26T21:18:49.0836981Z               "avatar_url": "https://avatars.githubusercontent.com/u/169779439?v=4",
2026-07-26T21:18:49.0837760Z               "events_url": "https://api.github.com/users/pkinerd/events{/privacy}",
2026-07-26T21:18:49.0838285Z               "followers_url": "https://api.github.com/users/pkinerd/followers",
2026-07-26T21:18:49.0838821Z               "following_url": "https://api.github.com/users/pkinerd/following{/other_user}",
2026-07-26T21:18:49.0839352Z               "gists_url": "https://api.github.com/users/pkinerd/gists{/gist_id}",
2026-07-26T21:18:49.0839752Z               "gravatar_id": "",
2026-07-26T21:18:49.0840047Z               "html_url": "https://github.com/pkinerd",
2026-07-26T21:18:49.0840353Z               "id": 169779439,
2026-07-26T21:18:49.0840605Z               "login": "pkinerd",
2026-07-26T21:18:49.0840874Z               "node_id": "U_kgDOCh6g7w",
2026-07-26T21:18:49.0841260Z               "organizations_url": "https://api.github.com/users/pkinerd/orgs",
2026-07-26T21:18:49.0841781Z               "received_events_url": "https://api.github.com/users/pkinerd/received_events",
2026-07-26T21:18:49.0842278Z               "repos_url": "https://api.github.com/users/pkinerd/repos",
2026-07-26T21:18:49.0842636Z               "site_admin": false,
2026-07-26T21:18:49.0843029Z               "starred_url": "https://api.github.com/users/pkinerd/starred{/owner}{/repo}",
2026-07-26T21:18:49.0843573Z               "subscriptions_url": "https://api.github.com/users/pkinerd/subscriptions",
2026-07-26T21:18:49.0843990Z               "type": "User",
2026-07-26T21:18:49.0844289Z               "url": "https://api.github.com/users/pkinerd",
2026-07-26T21:18:49.0844621Z               "user_view_type": "public"
2026-07-26T21:18:49.0844879Z             },
2026-07-26T21:18:49.0845089Z             "private": false,
2026-07-26T21:18:49.0845360Z             "pull_request_creation_policy": "all",
2026-07-26T21:18:49.0845781Z             "pulls_url": "https://api.github.com/repos/pkinerd/ednsv/pulls{/number}",
2026-07-26T21:18:49.0846195Z             "pushed_at": "2026-07-26T21:17:14Z",
2026-07-26T21:18:49.0846599Z             "releases_url": "https://api.github.com/repos/pkinerd/ednsv/releases{/id}",
2026-07-26T21:18:49.0847001Z             "size": 41137,
2026-07-26T21:18:49.0847444Z             "ssh_url": "git@github.com:pkinerd/ednsv.git",
2026-07-26T21:18:49.0847790Z             "stargazers_count": 0,
2026-07-26T21:18:49.0848169Z             "stargazers_url": "https://api.github.com/repos/pkinerd/ednsv/stargazers",
2026-07-26T21:18:49.0848701Z             "statuses_url": "https://api.github.com/repos/pkinerd/ednsv/statuses/{sha}",
2026-07-26T21:18:49.0849235Z             "subscribers_url": "https://api.github.com/repos/pkinerd/ednsv/subscribers",
2026-07-26T21:18:49.0849787Z             "subscription_url": "https://api.github.com/repos/pkinerd/ednsv/subscription",
2026-07-26T21:18:49.0850247Z             "svn_url": "https://github.com/pkinerd/ednsv",
2026-07-26T21:18:49.0850644Z             "tags_url": "https://api.github.com/repos/pkinerd/ednsv/tags",
2026-07-26T21:18:49.0851096Z             "teams_url": "https://api.github.com/repos/pkinerd/ednsv/teams",
2026-07-26T21:18:49.0851463Z             "topics": [],
2026-07-26T21:18:49.0851817Z             "trees_url": "https://api.github.com/repos/pkinerd/ednsv/git/trees{/sha}",
2026-07-26T21:18:49.0852233Z             "updated_at": "2026-07-24T14:18:46Z",
2026-07-26T21:18:49.0852572Z             "url": "https://api.github.com/repos/pkinerd/ednsv",
2026-07-26T21:18:49.0853090Z             "visibility": "public",
2026-07-26T21:18:49.0853353Z             "watchers": 0,
2026-07-26T21:18:49.0853594Z             "watchers_count": 0,
2026-07-26T21:18:49.0853863Z             "web_commit_signoff_required": false
2026-07-26T21:18:49.0854147Z           },
2026-07-26T21:18:49.0854452Z           "sender": {
2026-07-26T21:18:49.0854794Z             "avatar_url": "https://avatars.githubusercontent.com/u/169779439?v=4",
2026-07-26T21:18:49.0855291Z             "events_url": "https://api.github.com/users/pkinerd/events{/privacy}",
2026-07-26T21:18:49.0855773Z             "followers_url": "https://api.github.com/users/pkinerd/followers",
2026-07-26T21:18:49.0856282Z             "following_url": "https://api.github.com/users/pkinerd/following{/other_user}",
2026-07-26T21:18:49.0856795Z             "gists_url": "https://api.github.com/users/pkinerd/gists{/gist_id}",
2026-07-26T21:18:49.0857173Z             "gravatar_id": "",
2026-07-26T21:18:49.0857693Z             "html_url": "https://github.com/pkinerd",
2026-07-26T21:18:49.0858003Z             "id": 169779439,
2026-07-26T21:18:49.0858240Z             "login": "pkinerd",
2026-07-26T21:18:49.0858498Z             "node_id": "U_kgDOCh6g7w",
2026-07-26T21:18:49.0858874Z             "organizations_url": "https://api.github.com/users/pkinerd/orgs",
2026-07-26T21:18:49.0859389Z             "received_events_url": "https://api.github.com/users/pkinerd/received_events",
2026-07-26T21:18:49.0859874Z             "repos_url": "https://api.github.com/users/pkinerd/repos",
2026-07-26T21:18:49.0860226Z             "site_admin": false,
2026-07-26T21:18:49.0860608Z             "starred_url": "https://api.github.com/users/pkinerd/starred{/owner}{/repo}",
2026-07-26T21:18:49.0861151Z             "subscriptions_url": "https://api.github.com/users/pkinerd/subscriptions",
2026-07-26T21:18:49.0861558Z             "type": "User",
2026-07-26T21:18:49.0861844Z             "url": "https://api.github.com/users/pkinerd",
2026-07-26T21:18:49.0862165Z             "user_view_type": "public"
2026-07-26T21:18:49.0862426Z           }
2026-07-26T21:18:49.0862612Z         },
2026-07-26T21:18:49.0862812Z         "github_job": "docker",
2026-07-26T21:18:49.0863073Z         "github_ref": "refs/pull/28/merge",
2026-07-26T21:18:49.0863364Z         "github_ref_name": "28/merge",
2026-07-26T21:18:49.0863648Z         "github_ref_protected": "false",
2026-07-26T21:18:49.0863928Z         "github_ref_type": "branch",
2026-07-26T21:18:49.0864215Z         "github_repository": "pkinerd/ednsv",
2026-07-26T21:18:49.0864549Z         "github_repository_id": "1196602452",
2026-07-26T21:18:49.0864842Z         "github_repository_owner": "pkinerd",
2026-07-26T21:18:49.0865148Z         "github_repository_owner_id": "169779439",
2026-07-26T21:18:49.0865448Z         "github_run_attempt": "1",
2026-07-26T21:18:49.0865712Z         "github_run_id": "30220761455",
2026-07-26T21:18:49.0865985Z         "github_run_number": "228",
2026-07-26T21:18:49.0866248Z         "github_runner_arch": "X64",
2026-07-26T21:18:49.0866553Z         "github_runner_environment": "github-hosted",
2026-07-26T21:18:49.0866877Z         "github_runner_image_os": "ubuntu24",
2026-07-26T21:18:49.0867193Z         "github_runner_image_version": "20260720.247.2",
2026-07-26T21:18:49.0867849Z         "github_runner_name": "GitHub Actions 1000002221",
2026-07-26T21:18:49.0868182Z         "github_runner_os": "Linux",
2026-07-26T21:18:49.0868560Z         "github_runner_tracking_id": "github_85887282-0704-4a00-a567-ebd95b8537b7",
2026-07-26T21:18:49.0868990Z         "github_server_url": "https://github.com",
2026-07-26T21:18:49.0869310Z         "github_triggering_actor": "pkinerd",
2026-07-26T21:18:49.0869598Z         "github_workflow": "CI",
2026-07-26T21:18:49.0870003Z         "github_workflow_ref": "pkinerd/ednsv/.github/workflows/ci.yml@refs/pull/28/merge",
2026-07-26T21:18:49.0870519Z         "github_workflow_sha": "fd67ba5ec362f4b77c77158206da97d478198c61",
2026-07-26T21:18:49.0870890Z         "platform": "linux/amd64"
2026-07-26T21:18:49.0871280Z       }
2026-07-26T21:18:49.0871461Z     }
2026-07-26T21:18:49.0871641Z   },
2026-07-26T21:18:49.0872200Z   "buildx.build.ref": "builder-7ab33380-f41f-4d3e-a41c-38431f639765/builder-7ab33380-f41f-4d3e-a41c-38431f6397650/bkc1z3781x9dc9j83sil8ypt9",
2026-07-26T21:18:49.0872971Z   "containerimage.descriptor": {
2026-07-26T21:18:49.0873308Z     "mediaType": "application/vnd.oci.image.index.v1+json",
2026-07-26T21:18:49.0873797Z     "digest": "sha256:0a0a687276f67887c4d17325fd5101b00804a4d9357cdaf25d13bfa976bf6498",
2026-07-26T21:18:49.0874213Z     "size": 856
2026-07-26T21:18:49.0874415Z   },
2026-07-26T21:18:49.0874810Z   "containerimage.digest": "sha256:0a0a687276f67887c4d17325fd5101b00804a4d9357cdaf25d13bfa976bf6498",
2026-07-26T21:18:49.0875540Z   "image.name": "ghcr.io/pkinerd/ednsv:pr-28,ghcr.io/pkinerd/ednsv:latest-any,ghcr.io/pkinerd/ednsv:sha-fd67ba5"
2026-07-26T21:18:49.0876049Z }
2026-07-26T21:18:49.0876431Z ##[endgroup]
2026-07-26T21:18:49.0876811Z ##[group]Reference
2026-07-26T21:18:49.0877475Z builder-7ab33380-f41f-4d3e-a41c-38431f639765/builder-7ab33380-f41f-4d3e-a41c-38431f6397650/bkc1z3781x9dc9j83sil8ypt9
2026-07-26T21:18:49.0878179Z ##[endgroup]
2026-07-26T21:18:49.0878535Z ##[group]Check build summary support
2026-07-26T21:18:49.0878943Z Build summary supported!
2026-07-26T21:18:49.0879329Z ##[endgroup]
2026-07-26T21:18:49.0978237Z Node 20 is being deprecated. This workflow is running with Node 24 by default. If you need to temporarily use Node 20, you can set the ACTIONS_ALLOW_USE_UNSECURE_NODE_VERSION=true environment variable. For more information see: https://github.blog/changelog/2025-09-19-deprecation-of-node-20-on-github-actions-runners/
2026-07-26T21:18:49.0979555Z Post job cleanup.
2026-07-26T21:18:49.3519059Z ##[group]Generating build summary
2026-07-26T21:18:49.3524943Z exporting build record to /home/runner/work/_temp/docker-actions-toolkit-Y74S5W/export
2026-07-26T21:18:49.3539456Z (node:3109) [DEP0040] DeprecationWarning: The `punycode` module is deprecated. Please use a userland alternative instead.
2026-07-26T21:18:49.3541120Z (Use `node --trace-deprecation ...` to show where the warning was created)
2026-07-26T21:18:49.5491893Z [command]/usr/bin/docker buildx history export --builder builder-7ab33380-f41f-4d3e-a41c-38431f639765 --output /home/runner/work/_temp/docker-actions-toolkit-Y74S5W/export/pkinerd~ednsv~BKC1Z3.dockerbuild bkc1z3781x9dc9j83sil8ypt9 --finalize
2026-07-26T21:18:49.7907702Z Build record written to /home/runner/work/_temp/docker-actions-toolkit-Y74S5W/export/pkinerd~ednsv~BKC1Z3.dockerbuild (50.84 KB)
2026-07-26T21:18:49.7935371Z Uploading pkinerd~ednsv~BKC1Z3.dockerbuild to blob storage
2026-07-26T21:18:49.9865452Z Beginning upload of artifact content to blob storage
2026-07-26T21:18:49.9952305Z (node:3109) [DEP0169] DeprecationWarning: `url.parse()` behavior is not standardized and prone to errors that have security implications. Use the WHATWG URL API instead. CVEs are not issued for `url.parse()` vulnerabilities.
2026-07-26T21:18:49.9962441Z Uploaded bytes 52060
2026-07-26T21:18:50.1866705Z Finished uploading artifact content to blob storage!
2026-07-26T21:18:50.1871116Z SHA256 hash of uploaded artifact is 4ce9b0910b48d60d4a7ff34170e19d31b2c3701f1160edc621b61eb837233470
2026-07-26T21:18:50.1873091Z Finalizing artifact upload
2026-07-26T21:18:50.4238750Z Artifact successfully finalized (8637140591)
2026-07-26T21:18:50.4240519Z Artifact download URL: https://github.com/pkinerd/ednsv/actions/runs/30220761455/artifacts/8637140591
2026-07-26T21:18:50.4269223Z Writing summary
2026-07-26T21:18:50.4283537Z ##[endgroup]
2026-07-26T21:18:50.4284450Z ##[group]Removing temp folder /home/runner/work/_temp/docker-actions-toolkit-TkC3Le
2026-07-26T21:18:50.4285923Z ##[endgroup]
2026-07-26T21:18:50.4286716Z ##[group]Post cache
2026-07-26T21:18:50.4288713Z State not set
2026-07-26T21:18:50.4289329Z ##[endgroup]
2026-07-26T21:18:50.4438378Z Node 20 is being deprecated. This workflow is running with Node 24 by default. If you need to temporarily use Node 20, you can set the ACTIONS_ALLOW_USE_UNSECURE_NODE_VERSION=true environment variable. For more information see: https://github.blog/changelog/2025-09-19-deprecation-of-node-20-on-github-actions-runners/
2026-07-26T21:18:50.4439858Z Post job cleanup.
2026-07-26T21:18:50.7536412Z ##[group]Logout from ghcr.io
2026-07-26T21:18:50.7560924Z (node:3247) [DEP0040] DeprecationWarning: The `punycode` module is deprecated. Please use a userland alternative instead.
2026-07-26T21:18:50.7562058Z (Use `node --trace-deprecation ...` to show where the warning was created)
2026-07-26T21:18:50.7586215Z [command]/usr/bin/docker logout ghcr.io
2026-07-26T21:18:50.7741066Z Removing login credentials for ghcr.io
2026-07-26T21:18:50.7776334Z ##[endgroup]
2026-07-26T21:18:50.7776992Z ##[group]Post cache
2026-07-26T21:18:50.7778576Z State not set
2026-07-26T21:18:50.7779428Z ##[endgroup]
2026-07-26T21:18:50.7988490Z Node 20 is being deprecated. This workflow is running with Node 24 by default. If you need to temporarily use Node 20, you can set the ACTIONS_ALLOW_USE_UNSECURE_NODE_VERSION=true environment variable. For more information see: https://github.blog/changelog/2025-09-19-deprecation-of-node-20-on-github-actions-runners/
2026-07-26T21:18:50.7990843Z Post job cleanup.
2026-07-26T21:18:51.0581741Z ##[group]Removing builder
2026-07-26T21:18:51.0589033Z (node:3267) [DEP0040] DeprecationWarning: The `punycode` module is deprecated. Please use a userland alternative instead.
2026-07-26T21:18:51.0590391Z (Use `node --trace-deprecation ...` to show where the warning was created)
2026-07-26T21:18:51.1600853Z [command]/usr/bin/docker buildx rm builder-7ab33380-f41f-4d3e-a41c-38431f639765
2026-07-26T21:18:51.3109760Z builder-7ab33380-f41f-4d3e-a41c-38431f639765 removed
2026-07-26T21:18:51.3136424Z ##[endgroup]
2026-07-26T21:18:51.3137161Z ##[group]Cleaning up certificates
2026-07-26T21:18:51.3139747Z ##[endgroup]
2026-07-26T21:18:51.3140531Z ##[group]Post cache
2026-07-26T21:18:51.3142227Z State not set
2026-07-26T21:18:51.3142842Z ##[endgroup]
2026-07-26T21:18:51.3310541Z Node 20 is being deprecated. This workflow is running with Node 24 by default. If you need to temporarily use Node 20, you can set the ACTIONS_ALLOW_USE_UNSECURE_NODE_VERSION=true environment variable. For more information see: https://github.blog/changelog/2025-09-19-deprecation-of-node-20-on-github-actions-runners/
2026-07-26T21:18:51.3311831Z Post job cleanup.
2026-07-26T21:18:51.4176563Z [command]/usr/bin/git version
2026-07-26T21:18:51.4221505Z git version 2.54.0
2026-07-26T21:18:51.4265615Z Temporarily overriding HOME='/home/runner/work/_temp/70c69192-5d10-4c31-a1e9-fe6ba0c06596' before making global git config changes
2026-07-26T21:18:51.4267559Z Adding repository directory to the temporary git global config as a safe directory
2026-07-26T21:18:51.4272221Z [command]/usr/bin/git config --global --add safe.directory /home/runner/work/ednsv/ednsv
2026-07-26T21:18:51.4348780Z [command]/usr/bin/git config --local --name-only --get-regexp core\.sshCommand
2026-07-26T21:18:51.4396688Z [command]/usr/bin/git submodule foreach --recursive sh -c "git config --local --name-only --get-regexp 'core\.sshCommand' && git config --local --unset-all 'core.sshCommand' || :"
2026-07-26T21:18:51.4657040Z [command]/usr/bin/git config --local --name-only --get-regexp http\.https\:\/\/github\.com\/\.extraheader
2026-07-26T21:18:51.4689759Z http.https://github.com/.extraheader
2026-07-26T21:18:51.4703053Z [command]/usr/bin/git config --local --unset-all http.https://github.com/.extraheader
2026-07-26T21:18:51.4769120Z [command]/usr/bin/git submodule foreach --recursive sh -c "git config --local --name-only --get-regexp 'http\.https\:\/\/github\.com\/\.extraheader' && git config --local --unset-all 'http.https://github.com/.extraheader' || :"
2026-07-26T21:18:51.5056279Z [command]/usr/bin/git config --local --name-only --get-regexp ^includeIf\.gitdir:
2026-07-26T21:18:51.5090804Z [command]/usr/bin/git submodule foreach --recursive git config --local --show-origin --name-only --get-regexp remote.origin.url
2026-07-26T21:18:51.5474270Z Cleaning up orphan processes
2026-07-26T21:18:51.5836550Z ##[warning]Node.js 20 is deprecated. The following actions target Node.js 20 but are being forced to run on Node.js 24: actions/checkout@v4, docker/build-push-action@v6, docker/login-action@v3, docker/metadata-action@v5, docker/setup-buildx-action@v3. For more information see: https://github.blog/changelog/2025-09-19-deprecation-of-node-20-on-github-actions-runners/
