2026-07-24T12:30:27.1710806Z Current runner version: '2.336.0'
2026-07-24T12:30:27.1746793Z ##[group]Runner Image Provisioner
2026-07-24T12:30:27.1748191Z Hosted Compute Agent
2026-07-24T12:30:27.1749127Z Version: 20260707.563
2026-07-24T12:30:27.1750414Z Commit: 02667638d2b423fbc733a8e32a88b44996a3ba6e
2026-07-24T12:30:27.1751840Z Build Date: 2026-07-07T19:33:50Z
2026-07-24T12:30:27.1752961Z Worker ID: {cc469886-f438-44d2-93a9-6adfe636824e}
2026-07-24T12:30:27.1754341Z Azure Region: eastus
2026-07-24T12:30:27.1755385Z ##[endgroup]
2026-07-24T12:30:27.1757683Z ##[group]Operating System
2026-07-24T12:30:27.1758851Z Ubuntu
2026-07-24T12:30:27.1760027Z 24.04.4
2026-07-24T12:30:27.1760887Z LTS
2026-07-24T12:30:27.1761826Z ##[endgroup]
2026-07-24T12:30:27.1762688Z ##[group]Runner Image
2026-07-24T12:30:27.1763669Z Image: ubuntu-24.04
2026-07-24T12:30:27.1764671Z Version: 20260720.247.2
2026-07-24T12:30:27.1767095Z Included Software: https://github.com/actions/runner-images/blob/ubuntu24/20260720.247/images/ubuntu/Ubuntu2404-Readme.md
2026-07-24T12:30:27.1770175Z Image Release: https://github.com/actions/runner-images/releases/tag/ubuntu24%2F20260720.247
2026-07-24T12:30:27.1772014Z ##[endgroup]
2026-07-24T12:30:27.1774010Z ##[group]GITHUB_TOKEN Permissions
2026-07-24T12:30:27.1776912Z Contents: read
2026-07-24T12:30:27.1777904Z Metadata: read
2026-07-24T12:30:27.1778811Z Packages: write
2026-07-24T12:30:27.1780143Z ##[endgroup]
2026-07-24T12:30:27.1783728Z Secret source: Actions
2026-07-24T12:30:27.1785830Z Prepare workflow directory
2026-07-24T12:30:27.2559097Z Prepare all required actions
2026-07-24T12:30:27.2626962Z Getting action download info
2026-07-24T12:30:27.4708232Z Download action repository 'actions/checkout@v4' (SHA:11d5960a326750d5838078e36cf38b85af677262)
2026-07-24T12:30:27.7220565Z Download action repository 'docker/setup-buildx-action@v3' (SHA:8d2750c68a42422c14e847fe6c8ac0403b4cbd6f)
2026-07-24T12:30:27.9226251Z Download action repository 'docker/login-action@v3' (SHA:c94ce9fb468520275223c153574b00df6fe4bcc9)
2026-07-24T12:30:28.1313050Z Download action repository 'docker/metadata-action@v5' (SHA:c299e40c65443455700f0fdfc63efafe5b349051)
2026-07-24T12:30:28.3849054Z Download action repository 'docker/build-push-action@v6' (SHA:10e90e3645eae34f1e60eeb005ba3a3d33f178e8)
2026-07-24T12:30:28.7048018Z Complete job name: Build & Push Docker Image
2026-07-24T12:30:28.8058245Z Node 20 is being deprecated. This workflow is running with Node 24 by default. If you need to temporarily use Node 20, you can set the ACTIONS_ALLOW_USE_UNSECURE_NODE_VERSION=true environment variable. For more information see: https://github.blog/changelog/2025-09-19-deprecation-of-node-20-on-github-actions-runners/
2026-07-24T12:30:28.8069490Z ##[group]Run actions/checkout@v4
2026-07-24T12:30:28.8071025Z with:
2026-07-24T12:30:28.8071937Z   repository: pkinerd/ednsv
2026-07-24T12:30:28.8081069Z   token: ***
2026-07-24T12:30:28.8081982Z   ssh-strict: true
2026-07-24T12:30:28.8082902Z   ssh-user: git
2026-07-24T12:30:28.8083837Z   persist-credentials: true
2026-07-24T12:30:28.8084868Z   clean: true
2026-07-24T12:30:28.8085806Z   sparse-checkout-cone-mode: true
2026-07-24T12:30:28.8086872Z   fetch-depth: 1
2026-07-24T12:30:28.8087774Z   fetch-tags: false
2026-07-24T12:30:28.8088685Z   show-progress: true
2026-07-24T12:30:28.8089790Z   lfs: false
2026-07-24T12:30:28.8090709Z   submodules: false
2026-07-24T12:30:28.8091655Z   set-safe-directory: true
2026-07-24T12:30:28.8092686Z   allow-unsafe-pr-checkout: false
2026-07-24T12:30:28.8094129Z env:
2026-07-24T12:30:28.8094964Z   REGISTRY: ghcr.io
2026-07-24T12:30:28.8095900Z   IMAGE_NAME: pkinerd/ednsv
2026-07-24T12:30:28.8096871Z ##[endgroup]
2026-07-24T12:30:28.9234440Z Syncing repository: pkinerd/ednsv
2026-07-24T12:30:28.9237886Z ##[group]Getting Git version info
2026-07-24T12:30:28.9239378Z Working directory is '/home/runner/work/ednsv/ednsv'
2026-07-24T12:30:28.9241751Z [command]/usr/bin/git version
2026-07-24T12:30:28.9328130Z git version 2.54.0
2026-07-24T12:30:28.9353407Z ##[endgroup]
2026-07-24T12:30:28.9380608Z Temporarily overriding HOME='/home/runner/work/_temp/ce189639-7983-44e8-b928-c8e3974423d4' before making global git config changes
2026-07-24T12:30:28.9391760Z Adding repository directory to the temporary git global config as a safe directory
2026-07-24T12:30:28.9395735Z [command]/usr/bin/git config --global --add safe.directory /home/runner/work/ednsv/ednsv
2026-07-24T12:30:28.9448932Z Deleting the contents of '/home/runner/work/ednsv/ednsv'
2026-07-24T12:30:28.9459248Z ##[group]Initializing the repository
2026-07-24T12:30:28.9461820Z [command]/usr/bin/git init /home/runner/work/ednsv/ednsv
2026-07-24T12:30:28.9612135Z hint: Using 'master' as the name for the initial branch. This default branch name
2026-07-24T12:30:28.9615433Z hint: will change to "main" in Git 3.0. To configure the initial branch name
2026-07-24T12:30:28.9618285Z hint: to use in all of your new repositories, which will suppress this warning,
2026-07-24T12:30:28.9620759Z hint: call:
2026-07-24T12:30:28.9622054Z hint:
2026-07-24T12:30:28.9623782Z hint: 	git config --global init.defaultBranch <name>
2026-07-24T12:30:28.9625691Z hint:
2026-07-24T12:30:28.9627463Z hint: Names commonly chosen instead of 'master' are 'main', 'trunk' and
2026-07-24T12:30:28.9631655Z hint: 'development'. The just-created branch can be renamed via this command:
2026-07-24T12:30:28.9634000Z hint:
2026-07-24T12:30:28.9634989Z hint: 	git branch -m <name>
2026-07-24T12:30:28.9635930Z hint:
2026-07-24T12:30:28.9638603Z hint: Disable this message with "git config set advice.defaultBranchName false"
2026-07-24T12:30:28.9641837Z Initialized empty Git repository in /home/runner/work/ednsv/ednsv/.git/
2026-07-24T12:30:28.9646739Z [command]/usr/bin/git remote add origin https://github.com/pkinerd/ednsv
2026-07-24T12:30:28.9720940Z ##[endgroup]
2026-07-24T12:30:28.9723420Z ##[group]Disabling automatic garbage collection
2026-07-24T12:30:28.9725511Z [command]/usr/bin/git config --local gc.auto 0
2026-07-24T12:30:28.9768247Z ##[endgroup]
2026-07-24T12:30:28.9770774Z ##[group]Setting up auth
2026-07-24T12:30:28.9775194Z [command]/usr/bin/git config --local --name-only --get-regexp core\.sshCommand
2026-07-24T12:30:28.9822788Z [command]/usr/bin/git submodule foreach --recursive sh -c "git config --local --name-only --get-regexp 'core\.sshCommand' && git config --local --unset-all 'core.sshCommand' || :"
2026-07-24T12:30:29.0271343Z [command]/usr/bin/git config --local --name-only --get-regexp http\.https\:\/\/github\.com\/\.extraheader
2026-07-24T12:30:29.0315256Z [command]/usr/bin/git submodule foreach --recursive sh -c "git config --local --name-only --get-regexp 'http\.https\:\/\/github\.com\/\.extraheader' && git config --local --unset-all 'http.https://github.com/.extraheader' || :"
2026-07-24T12:30:29.0554981Z [command]/usr/bin/git config --local --name-only --get-regexp ^includeIf\.gitdir:
2026-07-24T12:30:29.0595398Z [command]/usr/bin/git submodule foreach --recursive git config --local --show-origin --name-only --get-regexp remote.origin.url
2026-07-24T12:30:29.0832043Z [command]/usr/bin/git config --local http.https://github.com/.extraheader AUTHORIZATION: basic ***
2026-07-24T12:30:29.0874441Z ##[endgroup]
2026-07-24T12:30:29.0876792Z ##[group]Fetching the repository
2026-07-24T12:30:29.0884807Z [command]/usr/bin/git -c protocol.version=2 fetch --no-tags --prune --no-recurse-submodules --depth=1 origin +c8b7d555257fa3d14c0d097b7570f6b01251cafc:refs/remotes/pull/26/merge
2026-07-24T12:30:29.4112674Z From https://github.com/pkinerd/ednsv
2026-07-24T12:30:29.4114465Z  * [new ref]         c8b7d555257fa3d14c0d097b7570f6b01251cafc -> pull/26/merge
2026-07-24T12:30:29.4156445Z ##[endgroup]
2026-07-24T12:30:29.4158988Z ##[group]Determining the checkout info
2026-07-24T12:30:29.4161131Z ##[endgroup]
2026-07-24T12:30:29.4165413Z [command]/usr/bin/git sparse-checkout disable
2026-07-24T12:30:29.4221813Z [command]/usr/bin/git config --local --unset-all extensions.worktreeConfig
2026-07-24T12:30:29.4261114Z ##[group]Checking out the ref
2026-07-24T12:30:29.4265264Z [command]/usr/bin/git checkout --progress --force refs/remotes/pull/26/merge
2026-07-24T12:30:29.4403594Z Note: switching to 'refs/remotes/pull/26/merge'.
2026-07-24T12:30:29.4405156Z 
2026-07-24T12:30:29.4406331Z You are in 'detached HEAD' state. You can look around, make experimental
2026-07-24T12:30:29.4408290Z changes and commit them, and you can discard any commits you make in this
2026-07-24T12:30:29.4410716Z state without impacting any branches by switching back to a branch.
2026-07-24T12:30:29.4412066Z 
2026-07-24T12:30:29.4412860Z If you want to create a new branch to retain commits you create, you may
2026-07-24T12:30:29.4414631Z do so (now or later) by using -c with the switch command. Example:
2026-07-24T12:30:29.4415603Z 
2026-07-24T12:30:29.4416323Z   git switch -c <new-branch-name>
2026-07-24T12:30:29.4417028Z 
2026-07-24T12:30:29.4417474Z Or undo this operation with:
2026-07-24T12:30:29.4418080Z 
2026-07-24T12:30:29.4418471Z   git switch -
2026-07-24T12:30:29.4418980Z 
2026-07-24T12:30:29.4420137Z Turn off this advice by setting config variable advice.detachedHead to false
2026-07-24T12:30:29.4421240Z 
2026-07-24T12:30:29.4422364Z HEAD is now at c8b7d55 Merge cc98e6562daf8d384d872684210577e86cfc29dc into 374f865d9d38820f5cad275fa9cd55a64196b54a
2026-07-24T12:30:29.4426348Z ##[endgroup]
2026-07-24T12:30:29.4465263Z [command]/usr/bin/git log -1 --format=%H
2026-07-24T12:30:29.4494949Z c8b7d555257fa3d14c0d097b7570f6b01251cafc
2026-07-24T12:30:29.4772106Z ##[group]Run if [ "pull_request" != "pull_request" ]; then
2026-07-24T12:30:29.4773650Z [36;1mif [ "pull_request" != "pull_request" ]; then[0m
2026-07-24T12:30:29.4774915Z [36;1m  echo "push=true" >> "$GITHUB_OUTPUT"[0m
2026-07-24T12:30:29.4776209Z [36;1melif [ "pkinerd/ednsv" = "pkinerd/ednsv" ]; then[0m
2026-07-24T12:30:29.4777477Z [36;1m  echo "push=true" >> "$GITHUB_OUTPUT"[0m
2026-07-24T12:30:29.4778612Z [36;1melse[0m
2026-07-24T12:30:29.4779802Z [36;1m  echo "push=false" >> "$GITHUB_OUTPUT"[0m
2026-07-24T12:30:29.4780933Z [36;1mfi[0m
2026-07-24T12:30:29.4834556Z shell: /usr/bin/bash -e {0}
2026-07-24T12:30:29.4835621Z env:
2026-07-24T12:30:29.4836427Z   REGISTRY: ghcr.io
2026-07-24T12:30:29.4837338Z   IMAGE_NAME: pkinerd/ednsv
2026-07-24T12:30:29.4838303Z ##[endgroup]
2026-07-24T12:30:29.5145669Z Node 20 is being deprecated. This workflow is running with Node 24 by default. If you need to temporarily use Node 20, you can set the ACTIONS_ALLOW_USE_UNSECURE_NODE_VERSION=true environment variable. For more information see: https://github.blog/changelog/2025-09-19-deprecation-of-node-20-on-github-actions-runners/
2026-07-24T12:30:29.5150326Z ##[group]Run docker/setup-buildx-action@v3
2026-07-24T12:30:29.5151393Z with:
2026-07-24T12:30:29.5152243Z   driver: docker-container
2026-07-24T12:30:29.5153165Z   use: true
2026-07-24T12:30:29.5153972Z   keep-state: false
2026-07-24T12:30:29.5154840Z   cache-binary: true
2026-07-24T12:30:29.5155714Z   cleanup: true
2026-07-24T12:30:29.5156543Z   install: false
2026-07-24T12:30:29.5157378Z env:
2026-07-24T12:30:29.5158152Z   REGISTRY: ghcr.io
2026-07-24T12:30:29.5159063Z   IMAGE_NAME: pkinerd/ednsv
2026-07-24T12:30:29.5160423Z ##[endgroup]
2026-07-24T12:30:29.7831349Z (node:2185) [DEP0040] DeprecationWarning: The `punycode` module is deprecated. Please use a userland alternative instead.
2026-07-24T12:30:29.7903595Z (Use `node --trace-deprecation ...` to show where the warning was created)
2026-07-24T12:30:29.7913376Z ##[group]Docker info
2026-07-24T12:30:29.7951888Z [command]/usr/bin/docker version
2026-07-24T12:30:30.9270205Z Client: Docker Engine - Community
2026-07-24T12:30:30.9271044Z  Version:           28.0.4
2026-07-24T12:30:30.9271581Z  API version:       1.48
2026-07-24T12:30:30.9272091Z  Go version:        go1.23.7
2026-07-24T12:30:30.9273121Z  Git commit:        b8034c0
2026-07-24T12:30:30.9274119Z  Built:             Tue Mar 25 15:07:16 2025
2026-07-24T12:30:30.9303797Z  OS/Arch:           linux/amd64
2026-07-24T12:30:30.9304577Z  Context:           default
2026-07-24T12:30:30.9305043Z 
2026-07-24T12:30:30.9305313Z Server: Docker Engine - Community
2026-07-24T12:30:30.9310973Z  Engine:
2026-07-24T12:30:30.9311458Z   Version:          28.0.4
2026-07-24T12:30:30.9312087Z   API version:      1.48 (minimum version 1.24)
2026-07-24T12:30:30.9312777Z   Go version:       go1.23.7
2026-07-24T12:30:30.9313370Z   Git commit:       6430e49
2026-07-24T12:30:30.9314092Z   Built:            Tue Mar 25 15:07:16 2025
2026-07-24T12:30:30.9314739Z   OS/Arch:          linux/amd64
2026-07-24T12:30:30.9315389Z   Experimental:     false
2026-07-24T12:30:30.9316037Z  containerd:
2026-07-24T12:30:30.9316502Z   Version:          v2.2.6
2026-07-24T12:30:30.9317140Z   GitCommit:        11ce9d5f3c68c941867e82890e93e815c1304f1b
2026-07-24T12:30:30.9317742Z  runc:
2026-07-24T12:30:30.9318165Z   Version:          1.3.6
2026-07-24T12:30:30.9318673Z   GitCommit:        v1.3.6-0-g491b69ba
2026-07-24T12:30:30.9319229Z  docker-init:
2026-07-24T12:30:30.9319983Z   Version:          0.19.0
2026-07-24T12:30:30.9320477Z   GitCommit:        de40ad0
2026-07-24T12:30:30.9321832Z [command]/usr/bin/docker info
2026-07-24T12:30:34.3018495Z Client: Docker Engine - Community
2026-07-24T12:30:34.3019170Z  Version:    28.0.4
2026-07-24T12:30:34.3019938Z  Context:    default
2026-07-24T12:30:34.3020477Z  Debug Mode: false
2026-07-24T12:30:34.3020775Z  Plugins:
2026-07-24T12:30:34.3021006Z   buildx: Docker Buildx (Docker Inc.)
2026-07-24T12:30:34.3021286Z     Version:  v0.35.0
2026-07-24T12:30:34.3021769Z     Path:     /usr/libexec/docker/cli-plugins/docker-buildx
2026-07-24T12:30:34.3022128Z   compose: Docker Compose (Docker Inc.)
2026-07-24T12:30:34.3022401Z     Version:  v2.38.2
2026-07-24T12:30:34.3022826Z     Path:     /usr/libexec/docker/cli-plugins/docker-compose
2026-07-24T12:30:34.3023076Z 
2026-07-24T12:30:34.3023160Z Server:
2026-07-24T12:30:34.3023352Z  Containers: 0
2026-07-24T12:30:34.3023551Z   Running: 0
2026-07-24T12:30:34.3023827Z   Paused: 0
2026-07-24T12:30:34.3024099Z   Stopped: 0
2026-07-24T12:30:34.3024291Z  Images: 6
2026-07-24T12:30:34.3024488Z  Server Version: 28.0.4
2026-07-24T12:30:34.3024761Z  Storage Driver: overlay2
2026-07-24T12:30:34.3025126Z   Backing Filesystem: extfs
2026-07-24T12:30:34.3025396Z   Supports d_type: true
2026-07-24T12:30:34.3026045Z   Using metacopy: false
2026-07-24T12:30:34.3026300Z   Native Overlay Diff: false
2026-07-24T12:30:34.3026714Z   userxattr: false
2026-07-24T12:30:34.3026950Z  Logging Driver: json-file
2026-07-24T12:30:34.3027183Z  Cgroup Driver: systemd
2026-07-24T12:30:34.3027402Z  Cgroup Version: 2
2026-07-24T12:30:34.3027603Z  Plugins:
2026-07-24T12:30:34.3027939Z   Volume: local
2026-07-24T12:30:34.3028182Z   Network: bridge host ipvlan macvlan null overlay
2026-07-24T12:30:34.3028600Z   Log: awslogs fluentd gcplogs gelf journald json-file local splunk syslog
2026-07-24T12:30:34.3029281Z  Swarm: inactive
2026-07-24T12:30:34.3029527Z  Runtimes: io.containerd.runc.v2 runc
2026-07-24T12:30:34.3030099Z  Default Runtime: runc
2026-07-24T12:30:34.3030494Z  Init Binary: docker-init
2026-07-24T12:30:34.3030836Z  containerd version: 11ce9d5f3c68c941867e82890e93e815c1304f1b
2026-07-24T12:30:34.3031230Z  runc version: v1.3.6-0-g491b69ba
2026-07-24T12:30:34.3031487Z  init version: de40ad0
2026-07-24T12:30:34.3031704Z  Security Options:
2026-07-24T12:30:34.3031911Z   apparmor
2026-07-24T12:30:34.3032097Z   seccomp
2026-07-24T12:30:34.3032285Z    Profile: builtin
2026-07-24T12:30:34.3032492Z   cgroupns
2026-07-24T12:30:34.3032825Z  Kernel Version: 6.17.0-1020-azure
2026-07-24T12:30:34.3033125Z  Operating System: Ubuntu 24.04.4 LTS
2026-07-24T12:30:34.3033388Z  OSType: linux
2026-07-24T12:30:34.3033595Z  Architecture: x86_64
2026-07-24T12:30:34.3033835Z  CPUs: 4
2026-07-24T12:30:34.3034045Z  Total Memory: 15.61GiB
2026-07-24T12:30:34.3034269Z  Name: runnervmvrwv9
2026-07-24T12:30:34.3034505Z  ID: dce1e4a9-fc26-4218-aaf0-feee5194c8cb
2026-07-24T12:30:34.3034788Z  Docker Root Dir: /var/lib/docker
2026-07-24T12:30:34.3035035Z  Debug Mode: false
2026-07-24T12:30:34.3035242Z  Username: githubactions
2026-07-24T12:30:34.3035475Z  Experimental: false
2026-07-24T12:30:34.3035902Z  Insecure Registries:
2026-07-24T12:30:34.3039264Z   ::1/128
2026-07-24T12:30:34.3039490Z   127.0.0.0/8
2026-07-24T12:30:34.3040424Z  Live Restore Enabled: false
2026-07-24T12:30:34.3040623Z 
2026-07-24T12:30:34.3058456Z ##[endgroup]
2026-07-24T12:30:34.4378946Z ##[group]Buildx version
2026-07-24T12:30:34.4412963Z [command]/usr/bin/docker buildx version
2026-07-24T12:30:34.5243903Z github.com/docker/buildx v0.35.0 a319e5b15052cf6557ceb666eb8ff6e32380b782
2026-07-24T12:30:34.5280700Z ##[endgroup]
2026-07-24T12:30:34.5454735Z ##[group]Inspecting default docker context
2026-07-24T12:30:34.5621287Z [
2026-07-24T12:30:34.5621705Z   {
2026-07-24T12:30:34.5622031Z     "Name": "default",
2026-07-24T12:30:34.5622477Z     "Metadata": {},
2026-07-24T12:30:34.5622874Z     "Endpoints": {
2026-07-24T12:30:34.5623241Z       "docker": {
2026-07-24T12:30:34.5623641Z         "Host": "unix:///var/run/docker.sock",
2026-07-24T12:30:34.5624140Z         "SkipTLSVerify": false
2026-07-24T12:30:34.5624602Z       }
2026-07-24T12:30:34.5624952Z     },
2026-07-24T12:30:34.5625285Z     "TLSMaterial": {},
2026-07-24T12:30:34.5625646Z     "Storage": {
2026-07-24T12:30:34.5626061Z       "MetadataPath": "<IN MEMORY>",
2026-07-24T12:30:34.5626542Z       "TLSPath": "<IN MEMORY>"
2026-07-24T12:30:34.5626988Z     }
2026-07-24T12:30:34.5627301Z   }
2026-07-24T12:30:34.5627603Z ]
2026-07-24T12:30:34.5628678Z ##[endgroup]
2026-07-24T12:30:34.5629527Z ##[group]Creating a new builder instance
2026-07-24T12:30:34.7054034Z [command]/usr/bin/docker buildx create --name builder-d4c58703-b2b8-409d-8000-87ff15e4a6d0 --driver docker-container --buildkitd-flags --allow-insecure-entitlement security.insecure --allow-insecure-entitlement network.host --use
2026-07-24T12:30:34.8134128Z builder-d4c58703-b2b8-409d-8000-87ff15e4a6d0
2026-07-24T12:30:34.8172808Z ##[endgroup]
2026-07-24T12:30:34.8173426Z ##[group]Booting builder
2026-07-24T12:30:34.8219051Z [command]/usr/bin/docker buildx inspect --bootstrap --builder builder-d4c58703-b2b8-409d-8000-87ff15e4a6d0
2026-07-24T12:30:34.8929751Z #1 [internal] booting buildkit
2026-07-24T12:30:35.0437601Z #1 pulling image moby/buildkit:buildx-stable-1
2026-07-24T12:30:39.5093819Z #1 pulling image moby/buildkit:buildx-stable-1 4.6s done
2026-07-24T12:30:39.6600971Z #1 creating container buildx_buildkit_builder-d4c58703-b2b8-409d-8000-87ff15e4a6d00
2026-07-24T12:30:40.2409319Z #1 creating container buildx_buildkit_builder-d4c58703-b2b8-409d-8000-87ff15e4a6d00 0.7s done
2026-07-24T12:30:40.2433581Z #1 DONE 5.3s
2026-07-24T12:30:40.3007533Z Name:          builder-d4c58703-b2b8-409d-8000-87ff15e4a6d0
2026-07-24T12:30:40.3008534Z Driver:        docker-container
2026-07-24T12:30:40.3009304Z Last Activity: 2026-07-24 12:30:34 +0000 UTC
2026-07-24T12:30:40.3010090Z 
2026-07-24T12:30:40.3010440Z Nodes:
2026-07-24T12:30:40.3017190Z Name:                  builder-d4c58703-b2b8-409d-8000-87ff15e4a6d00
2026-07-24T12:30:40.3036730Z Endpoint:              unix:///var/run/docker.sock
2026-07-24T12:30:40.3039379Z Status:                running
2026-07-24T12:30:40.3040757Z BuildKit daemon flags: --allow-insecure-entitlement security.insecure --allow-insecure-entitlement network.host
2026-07-24T12:30:40.3044460Z BuildKit version:      v0.31.2
2026-07-24T12:30:40.3045204Z Platforms:             linux/amd64, linux/amd64/v2, linux/amd64/v3, linux/386
2026-07-24T12:30:40.3045845Z Labels:
2026-07-24T12:30:40.3046329Z  org.mobyproject.buildkit.worker.executor:         oci
2026-07-24T12:30:40.3047087Z  org.mobyproject.buildkit.worker.hostname:         866353aa1c9f
2026-07-24T12:30:40.3047929Z  org.mobyproject.buildkit.worker.network:          host
2026-07-24T12:30:40.3048721Z  org.mobyproject.buildkit.worker.oci.process-mode: sandbox
2026-07-24T12:30:40.3053521Z  org.mobyproject.buildkit.worker.selinux.enabled:  false
2026-07-24T12:30:40.3054418Z  org.mobyproject.buildkit.worker.snapshotter:      overlayfs
2026-07-24T12:30:40.3055071Z GC Policy rule#0:
2026-07-24T12:30:40.3061299Z  All:            false
2026-07-24T12:30:40.3077262Z  Filters:        type==source.local type==exec.cachemount type==source.git.checkout
2026-07-24T12:30:40.3078106Z  Keep Duration:  48h0m0s
2026-07-24T12:30:40.3078615Z  Max Used Space: 488.3MiB
2026-07-24T12:30:40.3079117Z GC Policy rule#1:
2026-07-24T12:30:40.3079766Z  All:            false
2026-07-24T12:30:40.3080285Z  Keep Duration:  1440h0m0s
2026-07-24T12:30:40.3080852Z  Reserved Space: 9.313GiB
2026-07-24T12:30:40.3085530Z  Max Used Space: 93.13GiB
2026-07-24T12:30:40.3085945Z  Min Free Space: 27.01GiB
2026-07-24T12:30:40.3144617Z GC Policy rule#2:
2026-07-24T12:30:40.3174524Z  All:            false
2026-07-24T12:30:40.3174979Z  Reserved Space: 9.313GiB
2026-07-24T12:30:40.3175409Z  Max Used Space: 93.13GiB
2026-07-24T12:30:40.3175839Z  Min Free Space: 27.01GiB
2026-07-24T12:30:40.3176259Z GC Policy rule#3:
2026-07-24T12:30:40.3176631Z  All:            true
2026-07-24T12:30:40.3177022Z  Reserved Space: 9.313GiB
2026-07-24T12:30:40.3177440Z  Max Used Space: 93.13GiB
2026-07-24T12:30:40.3177845Z  Min Free Space: 27.01GiB
2026-07-24T12:30:40.3178769Z ##[endgroup]
2026-07-24T12:30:40.4077201Z ##[group]Inspect builder
2026-07-24T12:30:40.4077689Z {
2026-07-24T12:30:40.4079781Z   "nodes": [
2026-07-24T12:30:40.4081650Z     {
2026-07-24T12:30:40.4083175Z       "name": "builder-d4c58703-b2b8-409d-8000-87ff15e4a6d00",
2026-07-24T12:30:40.4084479Z       "endpoint": "unix:///var/run/docker.sock",
2026-07-24T12:30:40.4084916Z       "status": "running",
2026-07-24T12:30:40.4085510Z       "buildkitd-flags": "--allow-insecure-entitlement security.insecure --allow-insecure-entitlement network.host",
2026-07-24T12:30:40.4086061Z       "buildkit": "v0.31.2",
2026-07-24T12:30:40.4086400Z       "platforms": "linux/amd64,linux/amd64/v2,linux/amd64/v3,linux/386",
2026-07-24T12:30:40.4086919Z       "features": {
2026-07-24T12:30:40.4087470Z         "Automatically load images to the Docker Engine image store": true,
2026-07-24T12:30:40.4088700Z         "Cache export": true,
2026-07-24T12:30:40.4089136Z         "Direct push": true,
2026-07-24T12:30:40.4092295Z         "Docker exporter": true,
2026-07-24T12:30:40.4092615Z         "Multi-platform build": true,
2026-07-24T12:30:40.4092939Z         "OCI exporter": true
2026-07-24T12:30:40.4093634Z       },
2026-07-24T12:30:40.4093876Z       "labels": {
2026-07-24T12:30:40.4094166Z         "org.mobyproject.buildkit.worker.executor": "oci",
2026-07-24T12:30:40.4094761Z         "org.mobyproject.buildkit.worker.hostname": "866353aa1c9f",
2026-07-24T12:30:40.4095226Z         "org.mobyproject.buildkit.worker.network": "host",
2026-07-24T12:30:40.4096235Z         "org.mobyproject.buildkit.worker.oci.process-mode": "sandbox",
2026-07-24T12:30:40.4097946Z         "org.mobyproject.buildkit.worker.selinux.enabled": "false",
2026-07-24T12:30:40.4099068Z         "org.mobyproject.buildkit.worker.snapshotter": "overlayfs"
2026-07-24T12:30:40.4099723Z       },
2026-07-24T12:30:40.4100618Z       "gcPolicy": [
2026-07-24T12:30:40.4101020Z         {
2026-07-24T12:30:40.4101322Z           "all": false,
2026-07-24T12:30:40.4101771Z           "filter": [
2026-07-24T12:30:40.4102431Z             "type==source.local type==exec.cachemount type==source.git.checkout"
2026-07-24T12:30:40.4103585Z           ],
2026-07-24T12:30:40.4103926Z           "keepDuration": "48h0m0s",
2026-07-24T12:30:40.4104605Z           "maxUsedSpace": "488.3MiB"
2026-07-24T12:30:40.4105018Z         },
2026-07-24T12:30:40.4105297Z         {
2026-07-24T12:30:40.4105622Z           "all": false,
2026-07-24T12:30:40.4106028Z           "keepDuration": "1440h0m0s",
2026-07-24T12:30:40.4106439Z           "reservedSpace": "9.313GiB",
2026-07-24T12:30:40.4106708Z           "maxUsedSpace": "93.13GiB",
2026-07-24T12:30:40.4107004Z           "minFreeSpace": "27.01GiB"
2026-07-24T12:30:40.4107292Z         },
2026-07-24T12:30:40.4107506Z         {
2026-07-24T12:30:40.4107724Z           "all": false,
2026-07-24T12:30:40.4107988Z           "reservedSpace": "9.313GiB",
2026-07-24T12:30:40.4108300Z           "maxUsedSpace": "93.13GiB",
2026-07-24T12:30:40.4108906Z           "minFreeSpace": "27.01GiB"
2026-07-24T12:30:40.4109182Z         },
2026-07-24T12:30:40.4109358Z         {
2026-07-24T12:30:40.4109780Z           "all": true,
2026-07-24T12:30:40.4110171Z           "reservedSpace": "9.313GiB",
2026-07-24T12:30:40.4110452Z           "maxUsedSpace": "93.13GiB",
2026-07-24T12:30:40.4110758Z           "minFreeSpace": "27.01GiB"
2026-07-24T12:30:40.4111037Z         }
2026-07-24T12:30:40.4111232Z       ]
2026-07-24T12:30:40.4111428Z     }
2026-07-24T12:30:40.4111619Z   ],
2026-07-24T12:30:40.4111881Z   "name": "builder-d4c58703-b2b8-409d-8000-87ff15e4a6d0",
2026-07-24T12:30:40.4112235Z   "driver": "docker-container",
2026-07-24T12:30:40.4112526Z   "lastActivity": "2026-07-24T12:30:34.000Z"
2026-07-24T12:30:40.4112841Z }
2026-07-24T12:30:40.4113349Z ##[endgroup]
2026-07-24T12:30:40.4113746Z ##[group]BuildKit version
2026-07-24T12:30:40.4114073Z builder-d4c58703-b2b8-409d-8000-87ff15e4a6d00: v0.31.2
2026-07-24T12:30:40.4114577Z ##[endgroup]
2026-07-24T12:30:40.4321105Z Node 20 is being deprecated. This workflow is running with Node 24 by default. If you need to temporarily use Node 20, you can set the ACTIONS_ALLOW_USE_UNSECURE_NODE_VERSION=true environment variable. For more information see: https://github.blog/changelog/2025-09-19-deprecation-of-node-20-on-github-actions-runners/
2026-07-24T12:30:40.4322739Z ##[group]Run docker/login-action@v3
2026-07-24T12:30:40.4323042Z with:
2026-07-24T12:30:40.4323268Z   registry: ghcr.io
2026-07-24T12:30:40.4323522Z   username: pkinerd
2026-07-24T12:30:40.4326610Z   password: ***
2026-07-24T12:30:40.4326869Z   logout: true
2026-07-24T12:30:40.4327096Z env:
2026-07-24T12:30:40.4327321Z   REGISTRY: ghcr.io
2026-07-24T12:30:40.4327590Z   IMAGE_NAME: pkinerd/ednsv
2026-07-24T12:30:40.4327866Z ##[endgroup]
2026-07-24T12:30:40.7549030Z Logging into ghcr.io...
2026-07-24T12:30:40.7573461Z (node:2672) [DEP0040] DeprecationWarning: The `punycode` module is deprecated. Please use a userland alternative instead.
2026-07-24T12:30:40.7574624Z (Use `node --trace-deprecation ...` to show where the warning was created)
2026-07-24T12:30:40.9154195Z Login Succeeded!
2026-07-24T12:30:40.9338520Z Node 20 is being deprecated. This workflow is running with Node 24 by default. If you need to temporarily use Node 20, you can set the ACTIONS_ALLOW_USE_UNSECURE_NODE_VERSION=true environment variable. For more information see: https://github.blog/changelog/2025-09-19-deprecation-of-node-20-on-github-actions-runners/
2026-07-24T12:30:40.9340467Z ##[group]Run docker/metadata-action@v5
2026-07-24T12:30:40.9340795Z with:
2026-07-24T12:30:40.9341044Z   images: ghcr.io/pkinerd/ednsv
2026-07-24T12:30:40.9341944Z   tags: type=ref,event=branch,prefix=branch-
type=ref,event=pr,prefix=pr-
type=sha,format=short,prefix=sha-
type=raw,value=latest,enable={{is_default_branch}}
type=raw,value=latest-any

2026-07-24T12:30:40.9342840Z   context: workflow
2026-07-24T12:30:40.9345855Z   github-token: ***
2026-07-24T12:30:40.9346105Z env:
2026-07-24T12:30:40.9346326Z   REGISTRY: ghcr.io
2026-07-24T12:30:40.9346614Z   IMAGE_NAME: pkinerd/ednsv
2026-07-24T12:30:40.9346893Z ##[endgroup]
2026-07-24T12:30:41.3542108Z (node:2694) [DEP0040] DeprecationWarning: The `punycode` module is deprecated. Please use a userland alternative instead.
2026-07-24T12:30:41.3543011Z (Use `node --trace-deprecation ...` to show where the warning was created)
2026-07-24T12:30:41.9780296Z ##[group]Context info
2026-07-24T12:30:41.9780827Z eventName: pull_request
2026-07-24T12:30:41.9781335Z sha: c8b7d555257fa3d14c0d097b7570f6b01251cafc
2026-07-24T12:30:41.9781783Z ref: refs/pull/26/merge
2026-07-24T12:30:41.9782148Z workflow: CI
2026-07-24T12:30:41.9782556Z action: meta
2026-07-24T12:30:41.9783003Z actor: pkinerd
2026-07-24T12:30:41.9783311Z runNumber: 202
2026-07-24T12:30:41.9783764Z runId: 30093284639
2026-07-24T12:30:41.9784234Z commitDate: Fri Jul 24 2026 12:29:42 GMT+0000 (Coordinated Universal Time)
2026-07-24T12:30:41.9784999Z ##[endgroup]
2026-07-24T12:30:41.9789893Z ##[group]Processing images input
2026-07-24T12:30:41.9790813Z name=ghcr.io/pkinerd/ednsv,enable=true
2026-07-24T12:30:41.9791412Z ##[endgroup]
2026-07-24T12:30:41.9809041Z ##[group]Processing tags input
2026-07-24T12:30:41.9810079Z type=ref,event=branch,prefix=branch-,enable=true,priority=600
2026-07-24T12:30:41.9810797Z type=ref,event=pr,prefix=pr-,enable=true,priority=600
2026-07-24T12:30:41.9811340Z type=raw,value=latest,enable={{is_default_branch}},priority=200
2026-07-24T12:30:41.9811886Z type=raw,value=latest-any,enable=true,priority=200
2026-07-24T12:30:41.9812488Z type=sha,format=short,prefix=sha-,enable=true,priority=100
2026-07-24T12:30:41.9813213Z ##[endgroup]
2026-07-24T12:30:41.9813951Z ##[group]Processing flavor input
2026-07-24T12:30:41.9814479Z latest=auto
2026-07-24T12:30:41.9820659Z prefix=
2026-07-24T12:30:41.9821064Z prefixLatest=false
2026-07-24T12:30:41.9821446Z suffix=
2026-07-24T12:30:41.9821798Z suffixLatest=false
2026-07-24T12:30:41.9822489Z ##[endgroup]
2026-07-24T12:30:41.9896031Z ##[group]Docker image version
2026-07-24T12:30:41.9896527Z pr-26
2026-07-24T12:30:41.9911228Z ##[endgroup]
2026-07-24T12:30:41.9911994Z ##[group]Docker tags
2026-07-24T12:30:41.9912532Z ghcr.io/pkinerd/ednsv:pr-26
2026-07-24T12:30:41.9913073Z ghcr.io/pkinerd/ednsv:latest-any
2026-07-24T12:30:41.9913633Z ghcr.io/pkinerd/ednsv:sha-c8b7d55
2026-07-24T12:30:41.9914392Z ##[endgroup]
2026-07-24T12:30:41.9984287Z ##[group]Docker labels
2026-07-24T12:30:41.9984850Z org.opencontainers.image.created=2026-07-24T12:30:41.981Z
2026-07-24T12:30:41.9985485Z org.opencontainers.image.description=
2026-07-24T12:30:41.9986186Z org.opencontainers.image.licenses=
2026-07-24T12:30:41.9986980Z org.opencontainers.image.revision=c8b7d555257fa3d14c0d097b7570f6b01251cafc
2026-07-24T12:30:41.9987890Z org.opencontainers.image.source=https://github.com/pkinerd/ednsv
2026-07-24T12:30:41.9988689Z org.opencontainers.image.title=ednsv
2026-07-24T12:30:41.9989458Z org.opencontainers.image.url=https://github.com/pkinerd/ednsv
2026-07-24T12:30:41.9990498Z org.opencontainers.image.version=pr-26
2026-07-24T12:30:41.9991639Z ##[endgroup]
2026-07-24T12:30:41.9992478Z ##[group]Annotations
2026-07-24T12:30:41.9993497Z manifest:org.opencontainers.image.created=2026-07-24T12:30:41.981Z
2026-07-24T12:30:41.9994399Z manifest:org.opencontainers.image.description=
2026-07-24T12:30:41.9995099Z manifest:org.opencontainers.image.licenses=
2026-07-24T12:30:41.9995950Z manifest:org.opencontainers.image.revision=c8b7d555257fa3d14c0d097b7570f6b01251cafc
2026-07-24T12:30:41.9997063Z manifest:org.opencontainers.image.source=https://github.com/pkinerd/ednsv
2026-07-24T12:30:41.9997971Z manifest:org.opencontainers.image.title=ednsv
2026-07-24T12:30:41.9998835Z manifest:org.opencontainers.image.url=https://github.com/pkinerd/ednsv
2026-07-24T12:30:41.9999985Z manifest:org.opencontainers.image.version=pr-26
2026-07-24T12:30:42.0000940Z ##[endgroup]
2026-07-24T12:30:42.0001610Z ##[group]JSON output
2026-07-24T12:30:42.0002007Z {
2026-07-24T12:30:42.0002409Z   "tags": [
2026-07-24T12:30:42.0002822Z     "ghcr.io/pkinerd/ednsv:pr-26",
2026-07-24T12:30:42.0003395Z     "ghcr.io/pkinerd/ednsv:latest-any",
2026-07-24T12:30:42.0004053Z     "ghcr.io/pkinerd/ednsv:sha-c8b7d55"
2026-07-24T12:30:42.0004782Z   ],
2026-07-24T12:30:42.0005188Z   "tag-names": [
2026-07-24T12:30:42.0005574Z     "pr-26",
2026-07-24T12:30:42.0005935Z     "latest-any",
2026-07-24T12:30:42.0006322Z     "sha-c8b7d55"
2026-07-24T12:30:42.0006678Z   ],
2026-07-24T12:30:42.0007067Z   "labels": {
2026-07-24T12:30:42.0007619Z     "org.opencontainers.image.created": "2026-07-24T12:30:41.981Z",
2026-07-24T12:30:42.0008457Z     "org.opencontainers.image.description": "",
2026-07-24T12:30:42.0009145Z     "org.opencontainers.image.licenses": "",
2026-07-24T12:30:42.0010446Z     "org.opencontainers.image.revision": "c8b7d555257fa3d14c0d097b7570f6b01251cafc",
2026-07-24T12:30:42.0011590Z     "org.opencontainers.image.source": "https://github.com/pkinerd/ednsv",
2026-07-24T12:30:42.0012441Z     "org.opencontainers.image.title": "ednsv",
2026-07-24T12:30:42.0013322Z     "org.opencontainers.image.url": "https://github.com/pkinerd/ednsv",
2026-07-24T12:30:42.0014489Z     "org.opencontainers.image.version": "pr-26"
2026-07-24T12:30:42.0015098Z   },
2026-07-24T12:30:42.0015460Z   "annotations": [
2026-07-24T12:30:42.0016098Z     "manifest:org.opencontainers.image.created=2026-07-24T12:30:41.981Z",
2026-07-24T12:30:42.0016994Z     "manifest:org.opencontainers.image.description=",
2026-07-24T12:30:42.0017691Z     "manifest:org.opencontainers.image.licenses=",
2026-07-24T12:30:42.0018672Z     "manifest:org.opencontainers.image.revision=c8b7d555257fa3d14c0d097b7570f6b01251cafc",
2026-07-24T12:30:42.0020083Z     "manifest:org.opencontainers.image.source=https://github.com/pkinerd/ednsv",
2026-07-24T12:30:42.0021031Z     "manifest:org.opencontainers.image.title=ednsv",
2026-07-24T12:30:42.0021838Z     "manifest:org.opencontainers.image.url=https://github.com/pkinerd/ednsv",
2026-07-24T12:30:42.0022631Z     "manifest:org.opencontainers.image.version=pr-26"
2026-07-24T12:30:42.0023141Z   ]
2026-07-24T12:30:42.0023409Z }
2026-07-24T12:30:42.0023961Z ##[endgroup]
2026-07-24T12:30:42.0024578Z ##[group]Bake file definition (tags)
2026-07-24T12:30:42.0024994Z {
2026-07-24T12:30:42.0025262Z   "target": {
2026-07-24T12:30:42.0025603Z     "docker-metadata-action": {
2026-07-24T12:30:42.0025992Z       "tags": [
2026-07-24T12:30:42.0026406Z         "ghcr.io/pkinerd/ednsv:pr-26",
2026-07-24T12:30:42.0026935Z         "ghcr.io/pkinerd/ednsv:latest-any",
2026-07-24T12:30:42.0027465Z         "ghcr.io/pkinerd/ednsv:sha-c8b7d55"
2026-07-24T12:30:42.0027938Z       ],
2026-07-24T12:30:42.0028244Z       "args": {
2026-07-24T12:30:42.0028724Z         "DOCKER_META_IMAGES": "ghcr.io/pkinerd/ednsv",
2026-07-24T12:30:42.0029346Z         "DOCKER_META_VERSION": "pr-26"
2026-07-24T12:30:42.0030055Z       }
2026-07-24T12:30:42.0030383Z     }
2026-07-24T12:30:42.0030664Z   }
2026-07-24T12:30:42.0030921Z }
2026-07-24T12:30:42.0031443Z ##[endgroup]
2026-07-24T12:30:42.0032089Z ##[group]Bake file definition (labels)
2026-07-24T12:30:42.0032554Z {
2026-07-24T12:30:42.0032827Z   "target": {
2026-07-24T12:30:42.0033465Z     "docker-metadata-action": {
2026-07-24T12:30:42.0033878Z       "labels": {
2026-07-24T12:30:42.0034469Z         "org.opencontainers.image.created": "2026-07-24T12:30:41.981Z",
2026-07-24T12:30:42.0035288Z         "org.opencontainers.image.description": "",
2026-07-24T12:30:42.0035906Z         "org.opencontainers.image.licenses": "",
2026-07-24T12:30:42.0036748Z         "org.opencontainers.image.revision": "c8b7d555257fa3d14c0d097b7570f6b01251cafc",
2026-07-24T12:30:42.0037750Z         "org.opencontainers.image.source": "https://github.com/pkinerd/ednsv",
2026-07-24T12:30:42.0038553Z         "org.opencontainers.image.title": "ednsv",
2026-07-24T12:30:42.0039344Z         "org.opencontainers.image.url": "https://github.com/pkinerd/ednsv",
2026-07-24T12:30:42.0040310Z         "org.opencontainers.image.version": "pr-26"
2026-07-24T12:30:42.0040852Z       }
2026-07-24T12:30:42.0041164Z     }
2026-07-24T12:30:42.0041487Z   }
2026-07-24T12:30:42.0041806Z }
2026-07-24T12:30:42.0042597Z ##[endgroup]
2026-07-24T12:30:42.0043672Z ##[group]Bake file definition (annotations)
2026-07-24T12:30:42.0044205Z {
2026-07-24T12:30:42.0044501Z   "target": {
2026-07-24T12:30:42.0044892Z     "docker-metadata-action": {
2026-07-24T12:30:42.0045455Z       "annotations": [
2026-07-24T12:30:42.0046074Z         "manifest:org.opencontainers.image.created=2026-07-24T12:30:41.981Z",
2026-07-24T12:30:42.0046926Z         "manifest:org.opencontainers.image.description=",
2026-07-24T12:30:42.0047635Z         "manifest:org.opencontainers.image.licenses=",
2026-07-24T12:30:42.0048579Z         "manifest:org.opencontainers.image.revision=c8b7d555257fa3d14c0d097b7570f6b01251cafc",
2026-07-24T12:30:42.0050014Z         "manifest:org.opencontainers.image.source=https://github.com/pkinerd/ednsv",
2026-07-24T12:30:42.0050928Z         "manifest:org.opencontainers.image.title=ednsv",
2026-07-24T12:30:42.0051811Z         "manifest:org.opencontainers.image.url=https://github.com/pkinerd/ednsv",
2026-07-24T12:30:42.0052968Z         "manifest:org.opencontainers.image.version=pr-26"
2026-07-24T12:30:42.0053553Z       ]
2026-07-24T12:30:42.0053882Z     }
2026-07-24T12:30:42.0054206Z   }
2026-07-24T12:30:42.0054524Z }
2026-07-24T12:30:42.0055111Z ##[endgroup]
2026-07-24T12:30:42.0237208Z Node 20 is being deprecated. This workflow is running with Node 24 by default. If you need to temporarily use Node 20, you can set the ACTIONS_ALLOW_USE_UNSECURE_NODE_VERSION=true environment variable. For more information see: https://github.blog/changelog/2025-09-19-deprecation-of-node-20-on-github-actions-runners/
2026-07-24T12:30:42.0238513Z ##[group]Run docker/build-push-action@v6
2026-07-24T12:30:42.0238787Z with:
2026-07-24T12:30:42.0238981Z   context: .
2026-07-24T12:30:42.0239177Z   file: ./Dockerfile
2026-07-24T12:30:42.0239387Z   push: true
2026-07-24T12:30:42.0239982Z   tags: ghcr.io/pkinerd/ednsv:pr-26
ghcr.io/pkinerd/ednsv:latest-any
ghcr.io/pkinerd/ednsv:sha-c8b7d55
2026-07-24T12:30:42.0241834Z   labels: org.opencontainers.image.created=2026-07-24T12:30:41.981Z
org.opencontainers.image.description=
org.opencontainers.image.licenses=
org.opencontainers.image.revision=c8b7d555257fa3d14c0d097b7570f6b01251cafc
org.opencontainers.image.source=https://github.com/pkinerd/ednsv
org.opencontainers.image.title=ednsv
org.opencontainers.image.url=https://github.com/pkinerd/ednsv
org.opencontainers.image.version=pr-26
2026-07-24T12:30:42.0243415Z   cache-from: type=gha
2026-07-24T12:30:42.0243645Z   cache-to: type=gha,mode=max
2026-07-24T12:30:42.0243880Z   load: false
2026-07-24T12:30:42.0244076Z   no-cache: false
2026-07-24T12:30:42.0244273Z   pull: false
2026-07-24T12:30:42.0246873Z   github-token: ***
2026-07-24T12:30:42.0247085Z env:
2026-07-24T12:30:42.0247273Z   REGISTRY: ghcr.io
2026-07-24T12:30:42.0247490Z   IMAGE_NAME: pkinerd/ednsv
2026-07-24T12:30:42.0247750Z   DOCKER_METADATA_OUTPUT_VERSION: pr-26
2026-07-24T12:30:42.0248301Z   DOCKER_METADATA_OUTPUT_TAGS: ghcr.io/pkinerd/ednsv:pr-26
ghcr.io/pkinerd/ednsv:latest-any
ghcr.io/pkinerd/ednsv:sha-c8b7d55
2026-07-24T12:30:42.0248932Z   DOCKER_METADATA_OUTPUT_TAG_NAMES: pr-26
latest-any
sha-c8b7d55
2026-07-24T12:30:42.0250854Z   DOCKER_METADATA_OUTPUT_LABELS: org.opencontainers.image.created=2026-07-24T12:30:41.981Z
org.opencontainers.image.description=
org.opencontainers.image.licenses=
org.opencontainers.image.revision=c8b7d555257fa3d14c0d097b7570f6b01251cafc
org.opencontainers.image.source=https://github.com/pkinerd/ednsv
org.opencontainers.image.title=ednsv
org.opencontainers.image.url=https://github.com/pkinerd/ednsv
org.opencontainers.image.version=pr-26
2026-07-24T12:30:42.0254174Z   DOCKER_METADATA_OUTPUT_ANNOTATIONS: manifest:org.opencontainers.image.created=2026-07-24T12:30:41.981Z
manifest:org.opencontainers.image.description=
manifest:org.opencontainers.image.licenses=
manifest:org.opencontainers.image.revision=c8b7d555257fa3d14c0d097b7570f6b01251cafc
manifest:org.opencontainers.image.source=https://github.com/pkinerd/ednsv
manifest:org.opencontainers.image.title=ednsv
manifest:org.opencontainers.image.url=https://github.com/pkinerd/ednsv
manifest:org.opencontainers.image.version=pr-26
2026-07-24T12:30:42.0260303Z   DOCKER_METADATA_OUTPUT_JSON: {"tags":["ghcr.io/pkinerd/ednsv:pr-26","ghcr.io/pkinerd/ednsv:latest-any","ghcr.io/pkinerd/ednsv:sha-c8b7d55"],"tag-names":["pr-26","latest-any","sha-c8b7d55"],"labels":{"org.opencontainers.image.created":"2026-07-24T12:30:41.981Z","org.opencontainers.image.description":"","org.opencontainers.image.licenses":"","org.opencontainers.image.revision":"c8b7d555257fa3d14c0d097b7570f6b01251cafc","org.opencontainers.image.source":"https://github.com/pkinerd/ednsv","org.opencontainers.image.title":"ednsv","org.opencontainers.image.url":"https://github.com/pkinerd/ednsv","org.opencontainers.image.version":"pr-26"},"annotations":["manifest:org.opencontainers.image.created=2026-07-24T12:30:41.981Z","manifest:org.opencontainers.image.description=","manifest:org.opencontainers.image.licenses=","manifest:org.opencontainers.image.revision=c8b7d555257fa3d14c0d097b7570f6b01251cafc","manifest:org.opencontainers.image.source=https://github.com/pkinerd/ednsv","manifest:org.opencontainers.image.title=ednsv","manifest:org.opencontainers.image.url=https://github.com/pkinerd/ednsv","manifest:org.opencontainers.image.version=pr-26"]}
2026-07-24T12:30:42.0264974Z   DOCKER_METADATA_OUTPUT_BAKE_FILE_TAGS: /home/runner/work/_temp/docker-actions-toolkit-OPjrmq/docker-metadata-action-bake-tags.json
2026-07-24T12:30:42.0265895Z   DOCKER_METADATA_OUTPUT_BAKE_FILE_LABELS: /home/runner/work/_temp/docker-actions-toolkit-OPjrmq/docker-metadata-action-bake-labels.json
2026-07-24T12:30:42.0266853Z   DOCKER_METADATA_OUTPUT_BAKE_FILE_ANNOTATIONS: /home/runner/work/_temp/docker-actions-toolkit-OPjrmq/docker-metadata-action-bake-annotations.json
2026-07-24T12:30:42.0267760Z   DOCKER_METADATA_OUTPUT_BAKE_FILE: /home/runner/work/_temp/docker-actions-toolkit-OPjrmq/docker-metadata-action-bake.json
2026-07-24T12:30:42.0268303Z ##[endgroup]
2026-07-24T12:30:42.2901191Z (node:2706) [DEP0040] DeprecationWarning: The `punycode` module is deprecated. Please use a userland alternative instead.
2026-07-24T12:30:42.2902403Z (Use `node --trace-deprecation ...` to show where the warning was created)
2026-07-24T12:30:42.2923671Z ##[group]GitHub Actions runtime token ACs
2026-07-24T12:30:42.2932145Z refs/pull/26/merge: read/write
2026-07-24T12:30:42.2932650Z refs/heads/main: read
2026-07-24T12:30:42.2933382Z ##[endgroup]
2026-07-24T12:30:42.2934025Z ##[group]Docker info
2026-07-24T12:30:42.2985157Z [command]/usr/bin/docker version
2026-07-24T12:30:42.3218096Z Client: Docker Engine - Community
2026-07-24T12:30:42.3221483Z  Version:           28.0.4
2026-07-24T12:30:42.3223978Z  API version:       1.48
2026-07-24T12:30:42.3224589Z  Go version:        go1.23.7
2026-07-24T12:30:42.3225352Z  Git commit:        b8034c0
2026-07-24T12:30:42.3225774Z  Built:             Tue Mar 25 15:07:16 2025
2026-07-24T12:30:42.3226506Z  OS/Arch:           linux/amd64
2026-07-24T12:30:42.3226942Z  Context:           default
2026-07-24T12:30:42.3227177Z 
2026-07-24T12:30:42.3227343Z Server: Docker Engine - Community
2026-07-24T12:30:42.3228006Z  Engine:
2026-07-24T12:30:42.3228318Z   Version:          28.0.4
2026-07-24T12:30:42.3228886Z   API version:      1.48 (minimum version 1.24)
2026-07-24T12:30:42.3229212Z   Go version:       go1.23.7
2026-07-24T12:30:42.3229457Z   Git commit:       6430e49
2026-07-24T12:30:42.3230105Z   Built:            Tue Mar 25 15:07:16 2025
2026-07-24T12:30:42.3230411Z   OS/Arch:          linux/amd64
2026-07-24T12:30:42.3230660Z   Experimental:     false
2026-07-24T12:30:42.3230958Z  containerd:
2026-07-24T12:30:42.3231523Z   Version:          v2.2.6
2026-07-24T12:30:42.3258276Z   GitCommit:        11ce9d5f3c68c941867e82890e93e815c1304f1b
2026-07-24T12:30:42.3258825Z  runc:
2026-07-24T12:30:42.3259157Z   Version:          1.3.6
2026-07-24T12:30:42.3259492Z   GitCommit:        v1.3.6-0-g491b69ba
2026-07-24T12:30:42.3260267Z  docker-init:
2026-07-24T12:30:42.3260510Z   Version:          0.19.0
2026-07-24T12:30:42.3260770Z   GitCommit:        de40ad0
2026-07-24T12:30:42.3297944Z [command]/usr/bin/docker info
2026-07-24T12:30:42.4368210Z Client: Docker Engine - Community
2026-07-24T12:30:42.4368751Z  Version:    28.0.4
2026-07-24T12:30:42.4369146Z  Context:    default
2026-07-24T12:30:42.4369494Z  Debug Mode: false
2026-07-24T12:30:42.4370060Z  Plugins:
2026-07-24T12:30:42.4370377Z   buildx: Docker Buildx (Docker Inc.)
2026-07-24T12:30:42.4370659Z     Version:  v0.35.0
2026-07-24T12:30:42.4370949Z     Path:     /usr/libexec/docker/cli-plugins/docker-buildx
2026-07-24T12:30:42.4371301Z   compose: Docker Compose (Docker Inc.)
2026-07-24T12:30:42.4371583Z     Version:  v2.38.2
2026-07-24T12:30:42.4371870Z     Path:     /usr/libexec/docker/cli-plugins/docker-compose
2026-07-24T12:30:42.4372122Z 
2026-07-24T12:30:42.4372201Z Server:
2026-07-24T12:30:42.4372387Z  Containers: 1
2026-07-24T12:30:42.4372588Z   Running: 1
2026-07-24T12:30:42.4372776Z   Paused: 0
2026-07-24T12:30:42.4373298Z   Stopped: 0
2026-07-24T12:30:42.4373491Z  Images: 7
2026-07-24T12:30:42.4373688Z  Server Version: 28.0.4
2026-07-24T12:30:42.4373928Z  Storage Driver: overlay2
2026-07-24T12:30:42.4374164Z   Backing Filesystem: extfs
2026-07-24T12:30:42.4374402Z   Supports d_type: true
2026-07-24T12:30:42.4374787Z   Using metacopy: false
2026-07-24T12:30:42.4375020Z   Native Overlay Diff: false
2026-07-24T12:30:42.4375261Z   userxattr: false
2026-07-24T12:30:42.4375479Z  Logging Driver: json-file
2026-07-24T12:30:42.4375713Z  Cgroup Driver: systemd
2026-07-24T12:30:42.4375929Z  Cgroup Version: 2
2026-07-24T12:30:42.4376133Z  Plugins:
2026-07-24T12:30:42.4376322Z   Volume: local
2026-07-24T12:30:42.4376562Z   Network: bridge host ipvlan macvlan null overlay
2026-07-24T12:30:42.4376976Z   Log: awslogs fluentd gcplogs gelf journald json-file local splunk syslog
2026-07-24T12:30:42.4377362Z  Swarm: inactive
2026-07-24T12:30:42.4377604Z  Runtimes: io.containerd.runc.v2 runc
2026-07-24T12:30:42.4377887Z  Default Runtime: runc
2026-07-24T12:30:42.4378127Z  Init Binary: docker-init
2026-07-24T12:30:42.4378432Z  containerd version: 11ce9d5f3c68c941867e82890e93e815c1304f1b
2026-07-24T12:30:42.4378799Z  runc version: v1.3.6-0-g491b69ba
2026-07-24T12:30:42.4379062Z  init version: de40ad0
2026-07-24T12:30:42.4379285Z  Security Options:
2026-07-24T12:30:42.4379492Z   apparmor
2026-07-24T12:30:42.4380102Z   seccomp
2026-07-24T12:30:42.4380316Z    Profile: builtin
2026-07-24T12:30:42.4380535Z   cgroupns
2026-07-24T12:30:42.4380751Z  Kernel Version: 6.17.0-1020-azure
2026-07-24T12:30:42.4381029Z  Operating System: Ubuntu 24.04.4 LTS
2026-07-24T12:30:42.4381305Z  OSType: linux
2026-07-24T12:30:42.4381514Z  Architecture: x86_64
2026-07-24T12:30:42.4381730Z  CPUs: 4
2026-07-24T12:30:42.4381931Z  Total Memory: 15.61GiB
2026-07-24T12:30:42.4382164Z  Name: runnervmvrwv9
2026-07-24T12:30:42.4382404Z  ID: dce1e4a9-fc26-4218-aaf0-feee5194c8cb
2026-07-24T12:30:42.4382695Z  Docker Root Dir: /var/lib/docker
2026-07-24T12:30:42.4382941Z  Debug Mode: false
2026-07-24T12:30:42.4383161Z  Username: githubactions
2026-07-24T12:30:42.4383402Z  Experimental: false
2026-07-24T12:30:42.4383616Z  Insecure Registries:
2026-07-24T12:30:42.4383850Z   ::1/128
2026-07-24T12:30:42.4384032Z   127.0.0.0/8
2026-07-24T12:30:42.4384241Z  Live Restore Enabled: false
2026-07-24T12:30:42.4384392Z 
2026-07-24T12:30:42.4401769Z ##[endgroup]
2026-07-24T12:30:42.4402449Z ##[group]Proxy configuration
2026-07-24T12:30:42.4405176Z No proxy configuration found
2026-07-24T12:30:42.4405867Z ##[endgroup]
2026-07-24T12:30:42.4984254Z ##[group]Buildx version
2026-07-24T12:30:42.5012030Z [command]/usr/bin/docker buildx version
2026-07-24T12:30:42.5580971Z github.com/docker/buildx v0.35.0 a319e5b15052cf6557ceb666eb8ff6e32380b782
2026-07-24T12:30:42.5630444Z ##[endgroup]
2026-07-24T12:30:42.5631174Z ##[group]Builder info
2026-07-24T12:30:42.6667975Z {
2026-07-24T12:30:42.6680766Z   "nodes": [
2026-07-24T12:30:42.6681100Z     {
2026-07-24T12:30:42.6681384Z       "name": "builder-d4c58703-b2b8-409d-8000-87ff15e4a6d00",
2026-07-24T12:30:42.6681791Z       "endpoint": "unix:///var/run/docker.sock",
2026-07-24T12:30:42.6682096Z       "status": "running",
2026-07-24T12:30:42.6682618Z       "buildkitd-flags": "--allow-insecure-entitlement security.insecure --allow-insecure-entitlement network.host",
2026-07-24T12:30:42.6683154Z       "buildkit": "v0.31.2",
2026-07-24T12:30:42.6683488Z       "platforms": "linux/amd64,linux/amd64/v2,linux/amd64/v3,linux/386",
2026-07-24T12:30:42.6683847Z       "features": {
2026-07-24T12:30:42.6684165Z         "Automatically load images to the Docker Engine image store": true,
2026-07-24T12:30:42.6684571Z         "Cache export": true,
2026-07-24T12:30:42.6684845Z         "Direct push": true,
2026-07-24T12:30:42.6685081Z         "Docker exporter": true,
2026-07-24T12:30:42.6685336Z         "Multi-platform build": true,
2026-07-24T12:30:42.6685869Z         "OCI exporter": true
2026-07-24T12:30:42.6686104Z       },
2026-07-24T12:30:42.6686325Z       "labels": {
2026-07-24T12:30:42.6686842Z         "org.mobyproject.buildkit.worker.executor": "oci",
2026-07-24T12:30:42.6687292Z         "org.mobyproject.buildkit.worker.hostname": "866353aa1c9f",
2026-07-24T12:30:42.6687715Z         "org.mobyproject.buildkit.worker.network": "host",
2026-07-24T12:30:42.6688297Z         "org.mobyproject.buildkit.worker.oci.process-mode": "sandbox",
2026-07-24T12:30:42.6688783Z         "org.mobyproject.buildkit.worker.selinux.enabled": "false",
2026-07-24T12:30:42.6689242Z         "org.mobyproject.buildkit.worker.snapshotter": "overlayfs"
2026-07-24T12:30:42.6689835Z       },
2026-07-24T12:30:42.6690092Z       "gcPolicy": [
2026-07-24T12:30:42.6690358Z         {
2026-07-24T12:30:42.6690558Z           "all": false,
2026-07-24T12:30:42.6690773Z           "filter": [
2026-07-24T12:30:42.6691100Z             "type==source.local type==exec.cachemount type==source.git.checkout"
2026-07-24T12:30:42.6691463Z           ],
2026-07-24T12:30:42.6691665Z           "keepDuration": "48h0m0s",
2026-07-24T12:30:42.6691954Z           "maxUsedSpace": "488.3MiB"
2026-07-24T12:30:42.6692207Z         },
2026-07-24T12:30:42.6692397Z         {
2026-07-24T12:30:42.6692576Z           "all": false,
2026-07-24T12:30:42.6692815Z           "keepDuration": "1440h0m0s",
2026-07-24T12:30:42.6693077Z           "reservedSpace": "9.313GiB",
2026-07-24T12:30:42.6693331Z           "maxUsedSpace": "93.13GiB",
2026-07-24T12:30:42.6693581Z           "minFreeSpace": "27.01GiB"
2026-07-24T12:30:42.6693815Z         },
2026-07-24T12:30:42.6693989Z         {
2026-07-24T12:30:42.6694167Z           "all": false,
2026-07-24T12:30:42.6694382Z           "reservedSpace": "9.313GiB",
2026-07-24T12:30:42.6694632Z           "maxUsedSpace": "93.13GiB",
2026-07-24T12:30:42.6694894Z           "minFreeSpace": "27.01GiB"
2026-07-24T12:30:42.6695121Z         },
2026-07-24T12:30:42.6695309Z         {
2026-07-24T12:30:42.6695485Z           "all": true,
2026-07-24T12:30:42.6695703Z           "reservedSpace": "9.313GiB",
2026-07-24T12:30:42.6695953Z           "maxUsedSpace": "93.13GiB",
2026-07-24T12:30:42.6696226Z           "minFreeSpace": "27.01GiB"
2026-07-24T12:30:42.6696459Z         }
2026-07-24T12:30:42.6696636Z       ]
2026-07-24T12:30:42.6696812Z     }
2026-07-24T12:30:42.6696985Z   ],
2026-07-24T12:30:42.6697226Z   "name": "builder-d4c58703-b2b8-409d-8000-87ff15e4a6d0",
2026-07-24T12:30:42.6697566Z   "driver": "docker-container",
2026-07-24T12:30:42.6697825Z   "lastActivity": "2026-07-24T12:30:34.000Z"
2026-07-24T12:30:42.6698108Z }
2026-07-24T12:30:42.6698503Z ##[endgroup]
2026-07-24T12:30:42.8410226Z [command]/usr/bin/docker buildx build --cache-from type=gha --cache-to type=gha,mode=max --file ./Dockerfile --iidfile /home/runner/work/_temp/docker-actions-toolkit-7HkTPd/build-iidfile-f33ad3ead9.txt --label org.opencontainers.image.created=2026-07-24T12:30:41.981Z --label org.opencontainers.image.description= --label org.opencontainers.image.licenses= --label org.opencontainers.image.revision=c8b7d555257fa3d14c0d097b7570f6b01251cafc --label org.opencontainers.image.source=https://github.com/pkinerd/ednsv --label org.opencontainers.image.title=ednsv --label org.opencontainers.image.url=https://github.com/pkinerd/ednsv --label org.opencontainers.image.version=pr-26 --attest type=provenance,mode=max,builder-id=https://github.com/pkinerd/ednsv/actions/runs/30093284639/attempts/1 --tag ghcr.io/pkinerd/ednsv:pr-26 --tag ghcr.io/pkinerd/ednsv:latest-any --tag ghcr.io/pkinerd/ednsv:sha-c8b7d55 --metadata-file /home/runner/work/_temp/docker-actions-toolkit-7HkTPd/build-metadata-9cfde8c5df.json --push .
2026-07-24T12:30:43.0237403Z #0 building with "builder-d4c58703-b2b8-409d-8000-87ff15e4a6d0" instance using docker-container driver
2026-07-24T12:30:43.0237882Z 
2026-07-24T12:30:43.0238280Z #1 [internal] load build definition from Dockerfile
2026-07-24T12:30:43.2262648Z #1 transferring dockerfile: 827B 0.0s done
2026-07-24T12:30:43.2263168Z #1 DONE 0.0s
2026-07-24T12:30:43.2263307Z 
2026-07-24T12:30:43.2263491Z #2 [auth] docker/dockerfile:pull token for registry-1.docker.io
2026-07-24T12:30:43.2264221Z #2 DONE 0.0s
2026-07-24T12:30:43.2264346Z 
2026-07-24T12:30:43.2264593Z #3 resolve image config for docker-image://docker.io/docker/dockerfile:1.7
2026-07-24T12:30:43.3843002Z #3 DONE 0.3s
2026-07-24T12:30:43.5605061Z 
2026-07-24T12:30:43.5606630Z #4 docker-image://docker.io/docker/dockerfile:1.7@sha256:a57df69d0ea827fb7266491f2813635de6f17269be881f696fbfdf2d83dda33e
2026-07-24T12:30:43.5607989Z #4 resolve docker.io/docker/dockerfile:1.7@sha256:a57df69d0ea827fb7266491f2813635de6f17269be881f696fbfdf2d83dda33e done
2026-07-24T12:30:43.5609032Z #4 sha256:96918c57e42509b97f10c074d80672ecdbd3bb7dcd38c1bd95960cf291207416 11.98MB / 11.98MB 0.1s done
2026-07-24T12:30:43.5609994Z #4 extracting sha256:96918c57e42509b97f10c074d80672ecdbd3bb7dcd38c1bd95960cf291207416 0.1s done
2026-07-24T12:30:43.5610451Z #4 DONE 0.2s
2026-07-24T12:30:43.7715969Z 
2026-07-24T12:30:43.7717319Z #5 [internal] load metadata for mcr.microsoft.com/dotnet/aspnet:8.0
2026-07-24T12:30:43.7717919Z #5 DONE 0.1s
2026-07-24T12:30:43.7718140Z 
2026-07-24T12:30:43.7718391Z #6 [internal] load metadata for mcr.microsoft.com/dotnet/sdk:8.0
2026-07-24T12:30:43.9097905Z #6 DONE 0.2s
2026-07-24T12:30:43.9098498Z 
2026-07-24T12:30:43.9098756Z #7 [internal] load .dockerignore
2026-07-24T12:30:43.9099461Z #7 transferring context: 249B done
2026-07-24T12:30:43.9100312Z #7 DONE 0.0s
2026-07-24T12:30:43.9100528Z 
2026-07-24T12:30:43.9100696Z #8 [internal] load build context
2026-07-24T12:30:43.9101103Z #8 DONE 0.0s
2026-07-24T12:30:43.9101299Z 
2026-07-24T12:30:43.9101986Z #9 [runtime 1/3] FROM mcr.microsoft.com/dotnet/aspnet:8.0@sha256:9822a6201c64c9f38b8a190832a7ae21cd30150d509b3ea170fd83b4f4e6166a
2026-07-24T12:30:43.9103570Z #9 resolve mcr.microsoft.com/dotnet/aspnet:8.0@sha256:9822a6201c64c9f38b8a190832a7ae21cd30150d509b3ea170fd83b4f4e6166a done
2026-07-24T12:30:43.9104559Z #9 DONE 0.0s
2026-07-24T12:30:43.9104743Z 
2026-07-24T12:30:43.9105273Z #10 [build 1/8] FROM mcr.microsoft.com/dotnet/sdk:8.0@sha256:89ce6291bde9acdf59594e79fb8277c6d84c46e4b1f5bf126a4f18766e4bd597
2026-07-24T12:30:43.9106329Z #10 resolve mcr.microsoft.com/dotnet/sdk:8.0@sha256:89ce6291bde9acdf59594e79fb8277c6d84c46e4b1f5bf126a4f18766e4bd597 done
2026-07-24T12:30:43.9106870Z #10 DONE 0.0s
2026-07-24T12:30:43.9106991Z 
2026-07-24T12:30:43.9107150Z #11 importing cache manifest from gha:1484357279730625600
2026-07-24T12:30:43.9107468Z #11 DONE 0.1s
2026-07-24T12:30:44.0164264Z 
2026-07-24T12:30:44.0165316Z #8 [internal] load build context
2026-07-24T12:30:44.0166229Z #8 transferring context: 810.40kB 0.0s done
2026-07-24T12:30:44.0166788Z #8 DONE 0.0s
2026-07-24T12:30:44.0167361Z 
2026-07-24T12:30:44.0167570Z #12 [build 2/8] WORKDIR /src
2026-07-24T12:30:44.0168026Z #12 CACHED
2026-07-24T12:30:44.1734185Z 
2026-07-24T12:30:44.1734608Z #12 [build 2/8] WORKDIR /src
2026-07-24T12:30:44.1735107Z #12 sha256:527e962643720863df9b6d7e1029f629eb5f4ae8ec95166afd6bb178bbbbe997 93B / 93B 0.0s done
2026-07-24T12:30:44.1742320Z #12 sha256:669b654f76f36f76f7e9ee1d5a81a55def35a6aab072f561e6417db52da31b7a 2.69kB / 2.69kB 0.0s done
2026-07-24T12:30:44.1743591Z #12 sha256:4a1adfe703f2293ec5cde3dd610e571357be78d64c0d3de84e96ca94d8439dbf 2.10MB / 17.06MB 0.2s
2026-07-24T12:30:44.3266905Z #12 sha256:4a1adfe703f2293ec5cde3dd610e571357be78d64c0d3de84e96ca94d8439dbf 5.24MB / 17.06MB 0.3s
2026-07-24T12:30:44.3269141Z #12 sha256:b0d7d832459327548cd7a8510001f16e317e0620d38b30d75a6ba9c5b1a1482d 7.34MB / 177.89MB 0.3s
2026-07-24T12:30:44.3271278Z #12 sha256:e1832c1b48a6042dc2be559908683ef9dae2586a8d8e47c9c9fbc48c6aa03c2e 11.10MB / 11.10MB 0.2s done
2026-07-24T12:30:44.3272251Z #12 sha256:f643d834db55faad1eb60e02f90129bbc582d5780c4ab56e4f2c610a7f5b9583 2.10MB / 31.09MB 0.2s
2026-07-24T12:30:44.4716858Z #12 sha256:4a1adfe703f2293ec5cde3dd610e571357be78d64c0d3de84e96ca94d8439dbf 17.06MB / 17.06MB 0.5s
2026-07-24T12:30:44.4718371Z #12 sha256:f643d834db55faad1eb60e02f90129bbc582d5780c4ab56e4f2c610a7f5b9583 18.87MB / 31.09MB 0.3s
2026-07-24T12:30:44.4720633Z #12 sha256:369e46e487316155d09f898ec50c02180d49f7ac3f9a3f6069b0d21d80557714 12.58MB / 32.26MB 0.2s
2026-07-24T12:30:44.5749268Z #12 sha256:4a1adfe703f2293ec5cde3dd610e571357be78d64c0d3de84e96ca94d8439dbf 17.06MB / 17.06MB 0.5s done
2026-07-24T12:30:44.5751321Z #12 sha256:f643d834db55faad1eb60e02f90129bbc582d5780c4ab56e4f2c610a7f5b9583 23.07MB / 31.09MB 0.5s
2026-07-24T12:30:44.5752600Z #12 sha256:369e46e487316155d09f898ec50c02180d49f7ac3f9a3f6069b0d21d80557714 32.26MB / 32.26MB 0.3s done
2026-07-24T12:30:44.5753732Z #12 sha256:0e5539ed2775bdbdae40e349b882518e23f72473c3c0ee9b36fbe3b48430ff6d 164B / 164B 0.0s done
2026-07-24T12:30:44.5754884Z #12 sha256:33ab927dd0b40e0e12b1c744ea555a3d4bd3d5134535dfbda2d86ee99a868ea0 3.33kB / 3.33kB 0.0s done
2026-07-24T12:30:44.7260051Z #12 sha256:f643d834db55faad1eb60e02f90129bbc582d5780c4ab56e4f2c610a7f5b9583 31.09MB / 31.09MB 0.6s done
2026-07-24T12:30:44.7260983Z #12 sha256:5cc52b0eabac9e33649ff857181545e129e3763895cd0c30a82ef5a4f532659f 2.10MB / 18.74MB 0.2s
2026-07-24T12:30:44.7261811Z #12 sha256:68629629b516c3cd6f5e71ffbe18e32afb1ae5b4926c92d058c0f11ef1fd58a3 9.44MB / 28.24MB 0.2s
2026-07-24T12:30:44.8370225Z #12 sha256:b0d7d832459327548cd7a8510001f16e317e0620d38b30d75a6ba9c5b1a1482d 18.87MB / 177.89MB 0.8s
2026-07-24T12:30:44.8371565Z #12 sha256:5cc52b0eabac9e33649ff857181545e129e3763895cd0c30a82ef5a4f532659f 18.74MB / 18.74MB 0.3s done
2026-07-24T12:30:45.0232657Z #12 sha256:68629629b516c3cd6f5e71ffbe18e32afb1ae5b4926c92d058c0f11ef1fd58a3 28.24MB / 28.24MB 0.4s done
2026-07-24T12:30:45.2235143Z #12 sha256:b0d7d832459327548cd7a8510001f16e317e0620d38b30d75a6ba9c5b1a1482d 32.51MB / 177.89MB 1.2s
2026-07-24T12:30:45.2238321Z #12 extracting sha256:68629629b516c3cd6f5e71ffbe18e32afb1ae5b4926c92d058c0f11ef1fd58a3
2026-07-24T12:30:45.5234316Z #12 sha256:b0d7d832459327548cd7a8510001f16e317e0620d38b30d75a6ba9c5b1a1482d 45.09MB / 177.89MB 1.5s
2026-07-24T12:30:45.8111148Z #12 extracting sha256:68629629b516c3cd6f5e71ffbe18e32afb1ae5b4926c92d058c0f11ef1fd58a3 0.8s done
2026-07-24T12:30:45.9737436Z #12 sha256:b0d7d832459327548cd7a8510001f16e317e0620d38b30d75a6ba9c5b1a1482d 54.53MB / 177.89MB 2.0s
2026-07-24T12:30:45.9739755Z #12 extracting sha256:5cc52b0eabac9e33649ff857181545e129e3763895cd0c30a82ef5a4f532659f
2026-07-24T12:30:46.0792444Z #12 extracting sha256:5cc52b0eabac9e33649ff857181545e129e3763895cd0c30a82ef5a4f532659f 0.3s done
2026-07-24T12:30:46.0793899Z #12 extracting sha256:33ab927dd0b40e0e12b1c744ea555a3d4bd3d5134535dfbda2d86ee99a868ea0 done
2026-07-24T12:30:46.2736809Z #12 sha256:b0d7d832459327548cd7a8510001f16e317e0620d38b30d75a6ba9c5b1a1482d 63.96MB / 177.89MB 2.3s
2026-07-24T12:30:46.2738227Z #12 extracting sha256:369e46e487316155d09f898ec50c02180d49f7ac3f9a3f6069b0d21d80557714
2026-07-24T12:30:46.5736295Z #12 extracting sha256:369e46e487316155d09f898ec50c02180d49f7ac3f9a3f6069b0d21d80557714 0.4s done
2026-07-24T12:30:46.5738099Z #12 extracting sha256:0e5539ed2775bdbdae40e349b882518e23f72473c3c0ee9b36fbe3b48430ff6d done
2026-07-24T12:30:46.5740812Z #12 extracting sha256:e1832c1b48a6042dc2be559908683ef9dae2586a8d8e47c9c9fbc48c6aa03c2e
2026-07-24T12:30:46.7238668Z #12 sha256:b0d7d832459327548cd7a8510001f16e317e0620d38b30d75a6ba9c5b1a1482d 76.55MB / 177.89MB 2.7s
2026-07-24T12:30:46.7240087Z #12 extracting sha256:e1832c1b48a6042dc2be559908683ef9dae2586a8d8e47c9c9fbc48c6aa03c2e 0.1s done
2026-07-24T12:30:46.7241746Z #12 extracting sha256:f643d834db55faad1eb60e02f90129bbc582d5780c4ab56e4f2c610a7f5b9583
2026-07-24T12:30:47.1735031Z #12 sha256:b0d7d832459327548cd7a8510001f16e317e0620d38b30d75a6ba9c5b1a1482d 91.23MB / 177.89MB 3.2s
2026-07-24T12:30:47.2879930Z #12 extracting sha256:f643d834db55faad1eb60e02f90129bbc582d5780c4ab56e4f2c610a7f5b9583 0.7s done
2026-07-24T12:30:47.6236093Z #12 sha256:b0d7d832459327548cd7a8510001f16e317e0620d38b30d75a6ba9c5b1a1482d 102.76MB / 177.89MB 3.6s
2026-07-24T12:30:48.0742271Z #12 sha256:b0d7d832459327548cd7a8510001f16e317e0620d38b30d75a6ba9c5b1a1482d 115.34MB / 177.89MB 4.1s
2026-07-24T12:30:48.5235962Z #12 sha256:b0d7d832459327548cd7a8510001f16e317e0620d38b30d75a6ba9c5b1a1482d 126.88MB / 177.89MB 4.5s
2026-07-24T12:30:48.9740187Z #12 sha256:b0d7d832459327548cd7a8510001f16e317e0620d38b30d75a6ba9c5b1a1482d 138.41MB / 177.89MB 5.0s
2026-07-24T12:30:49.2735532Z #12 sha256:b0d7d832459327548cd7a8510001f16e317e0620d38b30d75a6ba9c5b1a1482d 147.85MB / 177.89MB 5.3s
2026-07-24T12:30:49.7236280Z #12 sha256:b0d7d832459327548cd7a8510001f16e317e0620d38b30d75a6ba9c5b1a1482d 159.38MB / 177.89MB 5.7s
2026-07-24T12:30:50.0239416Z #12 sha256:b0d7d832459327548cd7a8510001f16e317e0620d38b30d75a6ba9c5b1a1482d 169.87MB / 177.89MB 6.0s
2026-07-24T12:30:50.4398884Z #12 sha256:b0d7d832459327548cd7a8510001f16e317e0620d38b30d75a6ba9c5b1a1482d 177.89MB / 177.89MB 6.4s done
2026-07-24T12:30:50.4400054Z #12 DONE 6.5s
2026-07-24T12:30:50.5919092Z 
2026-07-24T12:30:50.5920129Z #12 [build 2/8] WORKDIR /src
2026-07-24T12:30:50.5920619Z #12 extracting sha256:b0d7d832459327548cd7a8510001f16e317e0620d38b30d75a6ba9c5b1a1482d
2026-07-24T12:30:53.0258132Z #12 extracting sha256:b0d7d832459327548cd7a8510001f16e317e0620d38b30d75a6ba9c5b1a1482d 2.6s done
2026-07-24T12:30:53.0259126Z #12 DONE 9.1s
2026-07-24T12:30:53.1841837Z 
2026-07-24T12:30:53.1842330Z #12 [build 2/8] WORKDIR /src
2026-07-24T12:30:53.1843372Z #12 extracting sha256:669b654f76f36f76f7e9ee1d5a81a55def35a6aab072f561e6417db52da31b7a done
2026-07-24T12:30:53.1844729Z #12 extracting sha256:4a1adfe703f2293ec5cde3dd610e571357be78d64c0d3de84e96ca94d8439dbf
2026-07-24T12:30:53.3004669Z #12 extracting sha256:4a1adfe703f2293ec5cde3dd610e571357be78d64c0d3de84e96ca94d8439dbf 0.3s done
2026-07-24T12:30:53.3005578Z #12 DONE 9.4s
2026-07-24T12:30:53.4575619Z 
2026-07-24T12:30:53.4576140Z #12 [build 2/8] WORKDIR /src
2026-07-24T12:30:53.4576877Z #12 extracting sha256:527e962643720863df9b6d7e1029f629eb5f4ae8ec95166afd6bb178bbbbe997 done
2026-07-24T12:30:53.4577596Z #12 DONE 9.4s
2026-07-24T12:30:53.4577774Z 
2026-07-24T12:30:53.4578065Z #13 [build 3/8] COPY src/Ednsv.Core/Ednsv.Core.csproj src/Ednsv.Core/
2026-07-24T12:30:55.1874521Z #13 DONE 1.9s
2026-07-24T12:30:55.3506094Z 
2026-07-24T12:30:55.3506971Z #14 [build 4/8] COPY src/Ednsv.Web/Ednsv.Web.csproj src/Ednsv.Web/
2026-07-24T12:30:55.3507606Z #14 DONE 0.0s
2026-07-24T12:30:55.3507766Z 
2026-07-24T12:30:55.3507969Z #15 [build 5/8] RUN dotnet restore src/Ednsv.Web/Ednsv.Web.csproj
2026-07-24T12:30:55.8878301Z #15 0.687   Determining projects to restore...
2026-07-24T12:30:57.9298484Z #15 2.729   Restored /src/src/Ednsv.Core/Ednsv.Core.csproj (in 1.57 sec).
2026-07-24T12:30:58.0503325Z #15 2.732   Restored /src/src/Ednsv.Web/Ednsv.Web.csproj (in 1.57 sec).
2026-07-24T12:30:58.0504634Z #15 DONE 2.8s
2026-07-24T12:30:58.0505738Z 
2026-07-24T12:30:58.0506441Z #16 [build 6/8] COPY src/Ednsv.Core/ src/Ednsv.Core/
2026-07-24T12:30:58.0507667Z #16 DONE 0.0s
2026-07-24T12:30:58.2153660Z 
2026-07-24T12:30:58.2154204Z #17 [build 7/8] COPY src/Ednsv.Web/ src/Ednsv.Web/
2026-07-24T12:30:58.2154642Z #17 DONE 0.0s
2026-07-24T12:30:58.2154868Z 
2026-07-24T12:30:58.2155803Z #18 [build 8/8] RUN dotnet publish src/Ednsv.Web/Ednsv.Web.csproj         --configuration Release         --no-restore         --output /app/publish         /p:UseAppHost=false
2026-07-24T12:31:03.1215289Z #18 5.057   Ednsv.Core -> /src/src/Ednsv.Core/bin/Release/net8.0/Ednsv.Core.dll
2026-07-24T12:31:05.0228132Z #18 6.958   Ednsv.Web -> /src/src/Ednsv.Web/bin/Release/net8.0/Ednsv.Web.dll
2026-07-24T12:31:05.1778988Z #18 7.034   Ednsv.Web -> /app/publish/
2026-07-24T12:31:05.1780191Z #18 DONE 7.1s
2026-07-24T12:31:05.4134573Z 
2026-07-24T12:31:05.4135111Z #19 [runtime 2/3] WORKDIR /app
2026-07-24T12:31:05.4135952Z #19 sha256:bdfb1b7be15f0038506cb2710b7f14f953d0fe0b5f6f7b8d1d91b1f840367f0b 93B / 93B 0.0s done
2026-07-24T12:31:05.4137040Z #19 extracting sha256:bdfb1b7be15f0038506cb2710b7f14f953d0fe0b5f6f7b8d1d91b1f840367f0b done
2026-07-24T12:31:05.4137796Z #19 DONE 0.1s
2026-07-24T12:31:05.4137987Z 
2026-07-24T12:31:05.4138211Z #20 [runtime 3/3] COPY --from=build /app/publish ./
2026-07-24T12:31:05.4138721Z #20 DONE 0.0s
2026-07-24T12:31:05.4138927Z 
2026-07-24T12:31:05.4139069Z #21 exporting to image
2026-07-24T12:31:05.4140283Z #21 exporting layers
2026-07-24T12:31:05.4990607Z #21 exporting layers 0.2s done
2026-07-24T12:31:05.7009422Z #21 ...
2026-07-24T12:31:05.7010028Z 
2026-07-24T12:31:05.7010487Z #22 [auth] pkinerd/ednsv:pull,push token for ghcr.io
2026-07-24T12:31:05.7011552Z #22 DONE 0.0s
2026-07-24T12:31:05.7011943Z 
2026-07-24T12:31:05.7012250Z #21 exporting to image
2026-07-24T12:31:05.7013115Z #21 exporting manifest sha256:668f28b08091621db9439a25e388950a1ea96ce0ed3684ef716e146d0fe15972 done
2026-07-24T12:31:05.7014440Z #21 exporting config sha256:6c01dfb6d360cc70dc34fa397ac33943c87cd8aa2b83aa00ae77eea7283d522e done
2026-07-24T12:31:05.7015822Z #21 exporting attestation manifest sha256:ef064a980fc6928801856e4cfe882e533febb6a4b9d4fc7e3ebea2ef4d19eb6e done
2026-07-24T12:31:05.7017234Z #21 exporting manifest list sha256:f079e7115e02e41f5cd7644065b48cc26d9c8bda706fa746a55fbfe0d163ae59 done
2026-07-24T12:31:05.7018318Z #21 pushing layers
2026-07-24T12:31:06.7847013Z #21 pushing layers 1.3s done
2026-07-24T12:31:06.7848218Z #21 pushing manifest for ghcr.io/pkinerd/ednsv:pr-26@sha256:f079e7115e02e41f5cd7644065b48cc26d9c8bda706fa746a55fbfe0d163ae59
2026-07-24T12:31:09.3898637Z #21 pushing manifest for ghcr.io/pkinerd/ednsv:pr-26@sha256:f079e7115e02e41f5cd7644065b48cc26d9c8bda706fa746a55fbfe0d163ae59 2.6s done
2026-07-24T12:31:09.9123238Z #21 pushing layers 0.5s done
2026-07-24T12:31:09.9124385Z #21 pushing manifest for ghcr.io/pkinerd/ednsv:latest-any@sha256:f079e7115e02e41f5cd7644065b48cc26d9c8bda706fa746a55fbfe0d163ae59
2026-07-24T12:31:10.2971583Z #21 pushing manifest for ghcr.io/pkinerd/ednsv:latest-any@sha256:f079e7115e02e41f5cd7644065b48cc26d9c8bda706fa746a55fbfe0d163ae59 0.4s done
2026-07-24T12:31:10.4876137Z #21 pushing layers 0.2s done
2026-07-24T12:31:10.4877618Z #21 pushing manifest for ghcr.io/pkinerd/ednsv:sha-c8b7d55@sha256:f079e7115e02e41f5cd7644065b48cc26d9c8bda706fa746a55fbfe0d163ae59
2026-07-24T12:31:10.8517000Z #21 pushing manifest for ghcr.io/pkinerd/ednsv:sha-c8b7d55@sha256:f079e7115e02e41f5cd7644065b48cc26d9c8bda706fa746a55fbfe0d163ae59 0.4s done
2026-07-24T12:31:10.8518845Z #21 DONE 5.6s
2026-07-24T12:31:10.8519186Z 
2026-07-24T12:31:10.8519395Z #23 exporting to GitHub Actions Cache
2026-07-24T12:31:10.8520338Z #23 preparing build cache for export 3.0s done
2026-07-24T12:31:10.8520974Z #23 sending cache export
2026-07-24T12:31:10.8521849Z #23 writing layer sha256:1b5d2944c577b4acadaa844e02179bf31ebfb088629dc14695102b7060e8abbd
2026-07-24T12:31:11.3732966Z #23 writing layer sha256:1b5d2944c577b4acadaa844e02179bf31ebfb088629dc14695102b7060e8abbd 2.8s done
2026-07-24T12:31:11.5400282Z #23 writing layer sha256:289993d4abf7f01974a86377bec8a772ce8349dfdd96ee99ae1b644d491d758e
2026-07-24T12:31:11.6019796Z #23 writing layer sha256:289993d4abf7f01974a86377bec8a772ce8349dfdd96ee99ae1b644d491d758e 0.2s done
2026-07-24T12:31:11.7739319Z #23 writing layer sha256:3f4f20633b5066a394e32bb85bb9bf9854850a7ab7a08ac5b63752bc9032b577 0.1s done
2026-07-24T12:31:11.8851092Z #23 writing layer sha256:49ea8be4168c721b0f7f509cf357908c5bb8566b8a4045fc14b79e875e85bcef 0.1s done
2026-07-24T12:31:12.0808300Z #23 writing layer sha256:4d6e61a3786ff591078749b466b9c63223012ed6822a03e2a96cc55155ead889
2026-07-24T12:31:12.3008171Z #23 writing layer sha256:4d6e61a3786ff591078749b466b9c63223012ed6822a03e2a96cc55155ead889 0.4s done
2026-07-24T12:31:12.4667208Z #23 writing layer sha256:c449ae29ddbf8e367283da6c8702c0b12423f5f6513f34a1550143a0af9e23eb
2026-07-24T12:31:12.6001413Z #23 writing layer sha256:c449ae29ddbf8e367283da6c8702c0b12423f5f6513f34a1550143a0af9e23eb 0.1s done
2026-07-24T12:31:12.8493020Z #23 writing layer sha256:cd087c11eb8020b7d6d391fd5a149b7df1fb2732c54d7a6605ecf2efdce33134 0.1s done
2026-07-24T12:31:12.8594401Z #23 sending cache export 4.3s done
2026-07-24T12:31:12.8594983Z #23 DONE 7.3s
2026-07-24T12:31:12.8913102Z 
2026-07-24T12:31:12.8918952Z #24 resolving provenance for metadata file
2026-07-24T12:31:12.8919832Z #24 DONE 0.0s
2026-07-24T12:31:12.9004414Z ##[group]ImageID
2026-07-24T12:31:12.9004980Z sha256:f079e7115e02e41f5cd7644065b48cc26d9c8bda706fa746a55fbfe0d163ae59
2026-07-24T12:31:12.9006171Z ##[endgroup]
2026-07-24T12:31:12.9006732Z ##[group]Digest
2026-07-24T12:31:12.9007281Z sha256:f079e7115e02e41f5cd7644065b48cc26d9c8bda706fa746a55fbfe0d163ae59
2026-07-24T12:31:12.9008096Z ##[endgroup]
2026-07-24T12:31:12.9008966Z ##[group]Metadata
2026-07-24T12:31:12.9010785Z {
2026-07-24T12:31:12.9011029Z   "buildx.build.provenance": {
2026-07-24T12:31:12.9011316Z     "builder": {
2026-07-24T12:31:12.9011802Z       "id": "https://github.com/pkinerd/ednsv/actions/runs/30093284639/attempts/1"
2026-07-24T12:31:12.9012179Z     },
2026-07-24T12:31:12.9012475Z     "buildType": "https://mobyproject.org/buildkit@v1",
2026-07-24T12:31:12.9012806Z     "materials": [
2026-07-24T12:31:12.9013003Z       {
2026-07-24T12:31:12.9013211Z         "uri": "pkg:docker/docker/dockerfile@1.7",
2026-07-24T12:31:12.9013489Z         "digest": {
2026-07-24T12:31:12.9013816Z           "sha256": "a57df69d0ea827fb7266491f2813635de6f17269be881f696fbfdf2d83dda33e"
2026-07-24T12:31:12.9014220Z         }
2026-07-24T12:31:12.9014440Z       },
2026-07-24T12:31:12.9014677Z       {
2026-07-24T12:31:12.9014997Z         "uri": "pkg:docker/mcr.microsoft.com/dotnet/aspnet@8.0?platform=linux%2Famd64",
2026-07-24T12:31:12.9015432Z         "digest": {
2026-07-24T12:31:12.9015798Z           "sha256": "9822a6201c64c9f38b8a190832a7ae21cd30150d509b3ea170fd83b4f4e6166a"
2026-07-24T12:31:12.9016321Z         }
2026-07-24T12:31:12.9016617Z       },
2026-07-24T12:31:12.9016943Z       {
2026-07-24T12:31:12.9017454Z         "uri": "pkg:docker/mcr.microsoft.com/dotnet/sdk@8.0?platform=linux%2Famd64",
2026-07-24T12:31:12.9018136Z         "digest": {
2026-07-24T12:31:12.9018577Z           "sha256": "89ce6291bde9acdf59594e79fb8277c6d84c46e4b1f5bf126a4f18766e4bd597"
2026-07-24T12:31:12.9018978Z         }
2026-07-24T12:31:12.9019156Z       }
2026-07-24T12:31:12.9019333Z     ],
2026-07-24T12:31:12.9019529Z     "invocation": {
2026-07-24T12:31:12.9020253Z       "configSource": {
2026-07-24T12:31:12.9021118Z         "entryPoint": "Dockerfile"
2026-07-24T12:31:12.9021562Z       },
2026-07-24T12:31:12.9021916Z       "parameters": {
2026-07-24T12:31:12.9022479Z         "frontend": "gateway.v0",
2026-07-24T12:31:12.9023048Z         "args": {
2026-07-24T12:31:12.9023474Z           "cmdline": "docker/dockerfile:1.7",
2026-07-24T12:31:12.9024185Z           "label:org.opencontainers.image.created": "2026-07-24T12:30:41.981Z",
2026-07-24T12:31:12.9024931Z           "label:org.opencontainers.image.description": "",
2026-07-24T12:31:12.9025496Z           "label:org.opencontainers.image.licenses": "",
2026-07-24T12:31:12.9026244Z           "label:org.opencontainers.image.revision": "c8b7d555257fa3d14c0d097b7570f6b01251cafc",
2026-07-24T12:31:12.9027159Z           "label:org.opencontainers.image.source": "https://github.com/pkinerd/ednsv",
2026-07-24T12:31:12.9027960Z           "label:org.opencontainers.image.title": "ednsv",
2026-07-24T12:31:12.9028668Z           "label:org.opencontainers.image.url": "https://github.com/pkinerd/ednsv",
2026-07-24T12:31:12.9029459Z           "label:org.opencontainers.image.version": "pr-26",
2026-07-24T12:31:12.9030686Z           "source": "docker/dockerfile:1.7"
2026-07-24T12:31:12.9031093Z         },
2026-07-24T12:31:12.9031369Z         "locals": [
2026-07-24T12:31:12.9031677Z           {
2026-07-24T12:31:12.9031973Z             "name": "context"
2026-07-24T12:31:12.9032376Z           },
2026-07-24T12:31:12.9032696Z           {
2026-07-24T12:31:12.9032983Z             "name": "dockerfile"
2026-07-24T12:31:12.9033334Z           }
2026-07-24T12:31:12.9033600Z         ],
2026-07-24T12:31:12.9033880Z         "root": {
2026-07-24T12:31:12.9034270Z           "configSource": {
2026-07-24T12:31:12.9034694Z             "path": "Dockerfile"
2026-07-24T12:31:12.9035133Z           },
2026-07-24T12:31:12.9035470Z           "request": {
2026-07-24T12:31:12.9035827Z             "args": {
2026-07-24T12:31:12.9036383Z               "label:org.opencontainers.image.created": "2026-07-24T12:30:41.981Z",
2026-07-24T12:31:12.9037436Z               "label:org.opencontainers.image.description": "",
2026-07-24T12:31:12.9038075Z               "label:org.opencontainers.image.licenses": "",
2026-07-24T12:31:12.9039088Z               "label:org.opencontainers.image.revision": "c8b7d555257fa3d14c0d097b7570f6b01251cafc",
2026-07-24T12:31:12.9040383Z               "label:org.opencontainers.image.source": "https://github.com/pkinerd/ednsv",
2026-07-24T12:31:12.9041281Z               "label:org.opencontainers.image.title": "ednsv",
2026-07-24T12:31:12.9042033Z               "label:org.opencontainers.image.url": "https://github.com/pkinerd/ednsv",
2026-07-24T12:31:12.9042864Z               "label:org.opencontainers.image.version": "pr-26",
2026-07-24T12:31:12.9043379Z               "vcs:localdir:context": ".",
2026-07-24T12:31:12.9043803Z               "vcs:localdir:dockerfile": ".",
2026-07-24T12:31:12.9044382Z               "vcs:revision": "c8b7d555257fa3d14c0d097b7570f6b01251cafc",
2026-07-24T12:31:12.9045033Z               "vcs:source": "https://github.com/pkinerd/ednsv"
2026-07-24T12:31:12.9045528Z             }
2026-07-24T12:31:12.9045809Z           }
2026-07-24T12:31:12.9046079Z         },
2026-07-24T12:31:12.9046379Z         "compatibilityVersion": 30
2026-07-24T12:31:12.9046760Z       },
2026-07-24T12:31:12.9047052Z       "environment": {
2026-07-24T12:31:12.9047398Z         "github_actor": "pkinerd",
2026-07-24T12:31:12.9047925Z         "github_actor_id": "169779439",
2026-07-24T12:31:12.9048481Z         "github_event_name": "pull_request",
2026-07-24T12:31:12.9049050Z         "github_event_payload": {
2026-07-24T12:31:12.9049991Z           "action": "synchronize",
2026-07-24T12:31:12.9050526Z           "after": "cc98e6562daf8d384d872684210577e86cfc29dc",
2026-07-24T12:31:12.9051164Z           "before": "30958c1df8b5441b8c747cf0d306e8946e68ced5",
2026-07-24T12:31:12.9051722Z           "number": 26,
2026-07-24T12:31:12.9052109Z           "pull_request": {
2026-07-24T12:31:12.9052504Z             "_links": {
2026-07-24T12:31:12.9052884Z               "comments": {
2026-07-24T12:31:12.9053506Z                 "href": "https://api.github.com/repos/pkinerd/ednsv/issues/26/comments"
2026-07-24T12:31:12.9054175Z               },
2026-07-24T12:31:12.9054523Z               "commits": {
2026-07-24T12:31:12.9055117Z                 "href": "https://api.github.com/repos/pkinerd/ednsv/pulls/26/commits"
2026-07-24T12:31:12.9055819Z               },
2026-07-24T12:31:12.9056212Z               "html": {
2026-07-24T12:31:12.9056716Z                 "href": "https://github.com/pkinerd/ednsv/pull/26"
2026-07-24T12:31:12.9057271Z               },
2026-07-24T12:31:12.9057618Z               "issue": {
2026-07-24T12:31:12.9058144Z                 "href": "https://api.github.com/repos/pkinerd/ednsv/issues/26"
2026-07-24T12:31:12.9058763Z               },
2026-07-24T12:31:12.9059118Z               "review_comment": {
2026-07-24T12:31:12.9060004Z                 "href": "https://api.github.com/repos/pkinerd/ednsv/pulls/comments{/number}"
2026-07-24T12:31:12.9060743Z               },
2026-07-24T12:31:12.9061098Z               "review_comments": {
2026-07-24T12:31:12.9061715Z                 "href": "https://api.github.com/repos/pkinerd/ednsv/pulls/26/comments"
2026-07-24T12:31:12.9062378Z               },
2026-07-24T12:31:12.9062726Z               "self": {
2026-07-24T12:31:12.9063274Z                 "href": "https://api.github.com/repos/pkinerd/ednsv/pulls/26"
2026-07-24T12:31:12.9063867Z               },
2026-07-24T12:31:12.9064208Z               "statuses": {
2026-07-24T12:31:12.9065012Z                 "href": "https://api.github.com/repos/pkinerd/ednsv/statuses/cc98e6562daf8d384d872684210577e86cfc29dc"
2026-07-24T12:31:12.9065863Z               }
2026-07-24T12:31:12.9066187Z             },
2026-07-24T12:31:12.9066552Z             "active_lock_reason": null,
2026-07-24T12:31:12.9067012Z             "additions": 1510,
2026-07-24T12:31:12.9067417Z             "assignee": null,
2026-07-24T12:31:12.9067817Z             "assignees": [],
2026-07-24T12:31:12.9068456Z             "author_association": "OWNER",
2026-07-24T12:31:12.9068948Z             "auto_merge": null,
2026-07-24T12:31:12.9069349Z             "base": {
2026-07-24T12:31:12.9069929Z               "label": "pkinerd:main",
2026-07-24T12:31:12.9070557Z               "ref": "main",
2026-07-24T12:31:12.9070968Z               "repo": {
2026-07-24T12:31:12.9071367Z                 "allow_auto_merge": false,
2026-07-24T12:31:12.9071869Z                 "allow_forking": true,
2026-07-24T12:31:12.9072333Z                 "allow_merge_commit": true,
2026-07-24T12:31:12.9072811Z                 "allow_rebase_merge": true,
2026-07-24T12:31:12.9073311Z                 "allow_squash_merge": true,
2026-07-24T12:31:12.9073797Z                 "allow_update_branch": false,
2026-07-24T12:31:12.9074579Z                 "archive_url": "https://api.github.com/repos/pkinerd/ednsv/{archive_format}{/ref}",
2026-07-24T12:31:12.9075371Z                 "archived": false,
2026-07-24T12:31:12.9076086Z                 "assignees_url": "https://api.github.com/repos/pkinerd/ednsv/assignees{/user}",
2026-07-24T12:31:12.9077074Z                 "blobs_url": "https://api.github.com/repos/pkinerd/ednsv/git/blobs{/sha}",
2026-07-24T12:31:12.9078044Z                 "branches_url": "https://api.github.com/repos/pkinerd/ednsv/branches{/branch}",
2026-07-24T12:31:12.9078883Z                 "clone_url": "https://github.com/pkinerd/ednsv.git",
2026-07-24T12:31:12.9080034Z                 "collaborators_url": "https://api.github.com/repos/pkinerd/ednsv/collaborators{/collaborator}",
2026-07-24T12:31:12.9081119Z                 "comments_url": "https://api.github.com/repos/pkinerd/ednsv/comments{/number}",
2026-07-24T12:31:12.9082081Z                 "commits_url": "https://api.github.com/repos/pkinerd/ednsv/commits{/sha}",
2026-07-24T12:31:12.9083053Z                 "compare_url": "https://api.github.com/repos/pkinerd/ednsv/compare/{base}...{head}",
2026-07-24T12:31:12.9084081Z                 "contents_url": "https://api.github.com/repos/pkinerd/ednsv/contents/{+path}",
2026-07-24T12:31:12.9085091Z                 "contributors_url": "https://api.github.com/repos/pkinerd/ednsv/contributors",
2026-07-24T12:31:12.9085872Z                 "created_at": "2026-03-30T21:24:40Z",
2026-07-24T12:31:12.9086449Z                 "default_branch": "main",
2026-07-24T12:31:12.9086989Z                 "delete_branch_on_merge": false,
2026-07-24T12:31:12.9087739Z                 "deployments_url": "https://api.github.com/repos/pkinerd/ednsv/deployments",
2026-07-24T12:31:12.9088440Z                 "description": null,
2026-07-24T12:31:12.9088901Z                 "disabled": false,
2026-07-24T12:31:12.9089521Z                 "downloads_url": "https://api.github.com/repos/pkinerd/ednsv/downloads",
2026-07-24T12:31:12.9090543Z                 "events_url": "https://api.github.com/repos/pkinerd/ednsv/events",
2026-07-24T12:31:12.9091186Z                 "fork": false,
2026-07-24T12:31:12.9091561Z                 "forks": 0,
2026-07-24T12:31:12.9091955Z                 "forks_count": 0,
2026-07-24T12:31:12.9092553Z                 "forks_url": "https://api.github.com/repos/pkinerd/ednsv/forks",
2026-07-24T12:31:12.9093147Z                 "full_name": "pkinerd/ednsv",
2026-07-24T12:31:12.9094031Z                 "git_commits_url": "https://api.github.com/repos/pkinerd/ednsv/git/commits{/sha}",
2026-07-24T12:31:12.9095231Z                 "git_refs_url": "https://api.github.com/repos/pkinerd/ednsv/git/refs{/sha}",
2026-07-24T12:31:12.9096219Z                 "git_tags_url": "https://api.github.com/repos/pkinerd/ednsv/git/tags{/sha}",
2026-07-24T12:31:12.9096904Z                 "git_url": "git://github.com/pkinerd/ednsv.git",
2026-07-24T12:31:12.9097402Z                 "has_discussions": false,
2026-07-24T12:31:12.9097823Z                 "has_downloads": false,
2026-07-24T12:31:12.9098224Z                 "has_issues": true,
2026-07-24T12:31:12.9098603Z                 "has_pages": false,
2026-07-24T12:31:12.9098986Z                 "has_projects": true,
2026-07-24T12:31:12.9099874Z                 "has_pull_requests": true,
2026-07-24T12:31:12.9100306Z                 "has_wiki": true,
2026-07-24T12:31:12.9100679Z                 "homepage": null,
2026-07-24T12:31:12.9101368Z                 "hooks_url": "https://api.github.com/repos/pkinerd/ednsv/hooks",
2026-07-24T12:31:12.9102017Z                 "html_url": "https://github.com/pkinerd/ednsv",
2026-07-24T12:31:12.9102493Z                 "id": 1196602452,
2026-07-24T12:31:12.9102913Z                 "is_template": false,
2026-07-24T12:31:12.9103600Z                 "issue_comment_url": "https://api.github.com/repos/pkinerd/ednsv/issues/comments{/number}",
2026-07-24T12:31:12.9104585Z                 "issue_events_url": "https://api.github.com/repos/pkinerd/ednsv/issues/events{/number}",
2026-07-24T12:31:12.9105471Z                 "issues_url": "https://api.github.com/repos/pkinerd/ednsv/issues{/number}",
2026-07-24T12:31:12.9106263Z                 "keys_url": "https://api.github.com/repos/pkinerd/ednsv/keys{/key_id}",
2026-07-24T12:31:12.9107110Z                 "labels_url": "https://api.github.com/repos/pkinerd/ednsv/labels{/name}",
2026-07-24T12:31:12.9107693Z                 "language": "C#",
2026-07-24T12:31:12.9108233Z                 "languages_url": "https://api.github.com/repos/pkinerd/ednsv/languages",
2026-07-24T12:31:12.9108822Z                 "license": null,
2026-07-24T12:31:12.9109213Z                 "merge_commit_message": "PR_TITLE",
2026-07-24T12:31:12.9109921Z                 "merge_commit_title": "MERGE_MESSAGE",
2026-07-24T12:31:12.9110500Z                 "merges_url": "https://api.github.com/repos/pkinerd/ednsv/merges",
2026-07-24T12:31:12.9111324Z                 "milestones_url": "https://api.github.com/repos/pkinerd/ednsv/milestones{/number}",
2026-07-24T12:31:12.9112043Z                 "mirror_url": null,
2026-07-24T12:31:12.9112384Z                 "name": "ednsv",
2026-07-24T12:31:12.9112762Z                 "node_id": "R_kgDOR1K0VA",
2026-07-24T12:31:12.9113562Z                 "notifications_url": "https://api.github.com/repos/pkinerd/ednsv/notifications{?since,all,participating}",
2026-07-24T12:31:12.9114384Z                 "open_issues": 1,
2026-07-24T12:31:12.9114749Z                 "open_issues_count": 1,
2026-07-24T12:31:12.9115136Z                 "owner": {
2026-07-24T12:31:12.9115646Z                   "avatar_url": "https://avatars.githubusercontent.com/u/169779439?v=4",
2026-07-24T12:31:12.9116457Z                   "events_url": "https://api.github.com/users/pkinerd/events{/privacy}",
2026-07-24T12:31:12.9117480Z                   "followers_url": "https://api.github.com/users/pkinerd/followers",
2026-07-24T12:31:12.9118041Z                   "following_url": "https://api.github.com/users/pkinerd/following{/other_user}",
2026-07-24T12:31:12.9118565Z                   "gists_url": "https://api.github.com/users/pkinerd/gists{/gist_id}",
2026-07-24T12:31:12.9119111Z                   "gravatar_id": "",
2026-07-24T12:31:12.9119961Z                   "html_url": "https://github.com/pkinerd",
2026-07-24T12:31:12.9120476Z                   "id": 169779439,
2026-07-24T12:31:12.9120877Z                   "login": "pkinerd",
2026-07-24T12:31:12.9121301Z                   "node_id": "U_kgDOCh6g7w",
2026-07-24T12:31:12.9121927Z                   "organizations_url": "https://api.github.com/users/pkinerd/orgs",
2026-07-24T12:31:12.9122807Z                   "received_events_url": "https://api.github.com/users/pkinerd/received_events",
2026-07-24T12:31:12.9123633Z                   "repos_url": "https://api.github.com/users/pkinerd/repos",
2026-07-24T12:31:12.9124219Z                   "site_admin": false,
2026-07-24T12:31:12.9124871Z                   "starred_url": "https://api.github.com/users/pkinerd/starred{/owner}{/repo}",
2026-07-24T12:31:12.9125788Z                   "subscriptions_url": "https://api.github.com/users/pkinerd/subscriptions",
2026-07-24T12:31:12.9126466Z                   "type": "User",
2026-07-24T12:31:12.9126944Z                   "url": "https://api.github.com/users/pkinerd",
2026-07-24T12:31:12.9127683Z                   "user_view_type": "public"
2026-07-24T12:31:12.9128108Z                 },
2026-07-24T12:31:12.9128439Z                 "private": false,
2026-07-24T12:31:12.9129017Z                 "pull_request_creation_policy": "all",
2026-07-24T12:31:12.9129938Z                 "pulls_url": "https://api.github.com/repos/pkinerd/ednsv/pulls{/number}",
2026-07-24T12:31:12.9130633Z                 "pushed_at": "2026-07-24T12:29:39Z",
2026-07-24T12:31:12.9131317Z                 "releases_url": "https://api.github.com/repos/pkinerd/ednsv/releases{/id}",
2026-07-24T12:31:12.9131985Z                 "size": 32155,
2026-07-24T12:31:12.9132450Z                 "squash_merge_commit_message": "COMMIT_MESSAGES",
2026-07-24T12:31:12.9133054Z                 "squash_merge_commit_title": "COMMIT_OR_PR_TITLE",
2026-07-24T12:31:12.9133652Z                 "ssh_url": "git@github.com:pkinerd/ednsv.git",
2026-07-24T12:31:12.9134173Z                 "stargazers_count": 0,
2026-07-24T12:31:12.9134825Z                 "stargazers_url": "https://api.github.com/repos/pkinerd/ednsv/stargazers",
2026-07-24T12:31:12.9135765Z                 "statuses_url": "https://api.github.com/repos/pkinerd/ednsv/statuses/{sha}",
2026-07-24T12:31:12.9136692Z                 "subscribers_url": "https://api.github.com/repos/pkinerd/ednsv/subscribers",
2026-07-24T12:31:12.9137606Z                 "subscription_url": "https://api.github.com/repos/pkinerd/ednsv/subscription",
2026-07-24T12:31:12.9138343Z                 "svn_url": "https://github.com/pkinerd/ednsv",
2026-07-24T12:31:12.9138933Z                 "tags_url": "https://api.github.com/repos/pkinerd/ednsv/tags",
2026-07-24T12:31:12.9139791Z                 "teams_url": "https://api.github.com/repos/pkinerd/ednsv/teams",
2026-07-24T12:31:12.9140379Z                 "topics": [],
2026-07-24T12:31:12.9140926Z                 "trees_url": "https://api.github.com/repos/pkinerd/ednsv/git/trees{/sha}",
2026-07-24T12:31:12.9141552Z                 "updated_at": "2026-07-24T12:18:21Z",
2026-07-24T12:31:12.9142063Z                 "url": "https://api.github.com/repos/pkinerd/ednsv",
2026-07-24T12:31:12.9142602Z                 "use_squash_pr_title_as_default": false,
2026-07-24T12:31:12.9143064Z                 "visibility": "public",
2026-07-24T12:31:12.9143474Z                 "watchers": 0,
2026-07-24T12:31:12.9143835Z                 "watchers_count": 0,
2026-07-24T12:31:12.9144260Z                 "web_commit_signoff_required": false
2026-07-24T12:31:12.9144683Z               },
2026-07-24T12:31:12.9145055Z               "sha": "374f865d9d38820f5cad275fa9cd55a64196b54a",
2026-07-24T12:31:12.9145529Z               "user": {
2026-07-24T12:31:12.9146068Z                 "avatar_url": "https://avatars.githubusercontent.com/u/169779439?v=4",
2026-07-24T12:31:12.9146878Z                 "events_url": "https://api.github.com/users/pkinerd/events{/privacy}",
2026-07-24T12:31:12.9147653Z                 "followers_url": "https://api.github.com/users/pkinerd/followers",
2026-07-24T12:31:12.9148550Z                 "following_url": "https://api.github.com/users/pkinerd/following{/other_user}",
2026-07-24T12:31:12.9149395Z                 "gists_url": "https://api.github.com/users/pkinerd/gists{/gist_id}",
2026-07-24T12:31:12.9150195Z                 "gravatar_id": "",
2026-07-24T12:31:12.9150661Z                 "html_url": "https://github.com/pkinerd",
2026-07-24T12:31:12.9151141Z                 "id": 169779439,
2026-07-24T12:31:12.9151524Z                 "login": "pkinerd",
2026-07-24T12:31:12.9151997Z                 "node_id": "U_kgDOCh6g7w",
2026-07-24T12:31:12.9152568Z                 "organizations_url": "https://api.github.com/users/pkinerd/orgs",
2026-07-24T12:31:12.9153426Z                 "received_events_url": "https://api.github.com/users/pkinerd/received_events",
2026-07-24T12:31:12.9154239Z                 "repos_url": "https://api.github.com/users/pkinerd/repos",
2026-07-24T12:31:12.9154811Z                 "site_admin": false,
2026-07-24T12:31:12.9155602Z                 "starred_url": "https://api.github.com/users/pkinerd/starred{/owner}{/repo}",
2026-07-24T12:31:12.9156420Z                 "subscriptions_url": "https://api.github.com/users/pkinerd/subscriptions",
2026-07-24T12:31:12.9157070Z                 "type": "User",
2026-07-24T12:31:12.9157789Z                 "url": "https://api.github.com/users/pkinerd",
2026-07-24T12:31:12.9158315Z                 "user_view_type": "public"
2026-07-24T12:31:12.9158838Z               }
2026-07-24T12:31:12.9159144Z             },
2026-07-24T12:31:12.9159455Z             "body": null,
2026-07-24T12:31:12.9160046Z             "changed_files": 19,
2026-07-24T12:31:12.9160444Z             "closed_at": null,
2026-07-24T12:31:12.9160822Z             "comments": 0,
2026-07-24T12:31:12.9161392Z             "comments_url": "https://api.github.com/repos/pkinerd/ednsv/issues/26/comments",
2026-07-24T12:31:12.9162048Z             "commits": 2,
2026-07-24T12:31:12.9162582Z             "commits_url": "https://api.github.com/repos/pkinerd/ednsv/pulls/26/commits",
2026-07-24T12:31:12.9163315Z             "created_at": "2026-07-24T12:23:46Z",
2026-07-24T12:31:12.9163750Z             "deletions": 167,
2026-07-24T12:31:12.9164290Z             "diff_url": "https://github.com/pkinerd/ednsv/pull/26.diff",
2026-07-24T12:31:12.9164855Z             "draft": false,
2026-07-24T12:31:12.9165596Z             "head": {
2026-07-24T12:31:12.9166137Z               "label": "pkinerd:claude/external-idp-entra-auth-31ftjw",
2026-07-24T12:31:12.9166885Z               "ref": "claude/external-idp-entra-auth-31ftjw",
2026-07-24T12:31:12.9167287Z               "repo": {
2026-07-24T12:31:12.9167710Z                 "allow_auto_merge": false,
2026-07-24T12:31:12.9168115Z                 "allow_forking": true,
2026-07-24T12:31:12.9168457Z                 "allow_merge_commit": true,
2026-07-24T12:31:12.9183110Z                 "allow_rebase_merge": true,
2026-07-24T12:31:12.9183686Z                 "allow_squash_merge": true,
2026-07-24T12:31:12.9184161Z                 "allow_update_branch": false,
2026-07-24T12:31:12.9184856Z                 "archive_url": "https://api.github.com/repos/pkinerd/ednsv/{archive_format}{/ref}",
2026-07-24T12:31:12.9185529Z                 "archived": false,
2026-07-24T12:31:12.9186156Z                 "assignees_url": "https://api.github.com/repos/pkinerd/ednsv/assignees{/user}",
2026-07-24T12:31:12.9187019Z                 "blobs_url": "https://api.github.com/repos/pkinerd/ednsv/git/blobs{/sha}",
2026-07-24T12:31:12.9187878Z                 "branches_url": "https://api.github.com/repos/pkinerd/ednsv/branches{/branch}",
2026-07-24T12:31:12.9188645Z                 "clone_url": "https://github.com/pkinerd/ednsv.git",
2026-07-24T12:31:12.9189493Z                 "collaborators_url": "https://api.github.com/repos/pkinerd/ednsv/collaborators{/collaborator}",
2026-07-24T12:31:12.9190725Z                 "comments_url": "https://api.github.com/repos/pkinerd/ednsv/comments{/number}",
2026-07-24T12:31:12.9191570Z                 "commits_url": "https://api.github.com/repos/pkinerd/ednsv/commits{/sha}",
2026-07-24T12:31:12.9192450Z                 "compare_url": "https://api.github.com/repos/pkinerd/ednsv/compare/{base}...{head}",
2026-07-24T12:31:12.9193348Z                 "contents_url": "https://api.github.com/repos/pkinerd/ednsv/contents/{+path}",
2026-07-24T12:31:12.9194236Z                 "contributors_url": "https://api.github.com/repos/pkinerd/ednsv/contributors",
2026-07-24T12:31:12.9194925Z                 "created_at": "2026-03-30T21:24:40Z",
2026-07-24T12:31:12.9195396Z                 "default_branch": "main",
2026-07-24T12:31:12.9195848Z                 "delete_branch_on_merge": false,
2026-07-24T12:31:12.9196503Z                 "deployments_url": "https://api.github.com/repos/pkinerd/ednsv/deployments",
2026-07-24T12:31:12.9197150Z                 "description": null,
2026-07-24T12:31:12.9197553Z                 "disabled": false,
2026-07-24T12:31:12.9198131Z                 "downloads_url": "https://api.github.com/repos/pkinerd/ednsv/downloads",
2026-07-24T12:31:12.9199143Z                 "events_url": "https://api.github.com/repos/pkinerd/ednsv/events",
2026-07-24T12:31:12.9200008Z                 "fork": false,
2026-07-24T12:31:12.9200563Z                 "forks": 0,
2026-07-24T12:31:12.9204559Z                 "forks_count": 0,
2026-07-24T12:31:12.9205246Z                 "forks_url": "https://api.github.com/repos/pkinerd/ednsv/forks",
2026-07-24T12:31:12.9205889Z                 "full_name": "pkinerd/ednsv",
2026-07-24T12:31:12.9206625Z                 "git_commits_url": "https://api.github.com/repos/pkinerd/ednsv/git/commits{/sha}",
2026-07-24T12:31:12.9207584Z                 "git_refs_url": "https://api.github.com/repos/pkinerd/ednsv/git/refs{/sha}",
2026-07-24T12:31:12.9208484Z                 "git_tags_url": "https://api.github.com/repos/pkinerd/ednsv/git/tags{/sha}",
2026-07-24T12:31:12.9209218Z                 "git_url": "git://github.com/pkinerd/ednsv.git",
2026-07-24T12:31:12.9210036Z                 "has_discussions": false,
2026-07-24T12:31:12.9210501Z                 "has_downloads": false,
2026-07-24T12:31:12.9210924Z                 "has_issues": true,
2026-07-24T12:31:12.9211329Z                 "has_pages": false,
2026-07-24T12:31:12.9211739Z                 "has_projects": true,
2026-07-24T12:31:12.9212195Z                 "has_pull_requests": true,
2026-07-24T12:31:12.9212634Z                 "has_wiki": true,
2026-07-24T12:31:12.9212874Z                 "homepage": null,
2026-07-24T12:31:12.9213222Z                 "hooks_url": "https://api.github.com/repos/pkinerd/ednsv/hooks",
2026-07-24T12:31:12.9213660Z                 "html_url": "https://github.com/pkinerd/ednsv",
2026-07-24T12:31:12.9213970Z                 "id": 1196602452,
2026-07-24T12:31:12.9214201Z                 "is_template": false,
2026-07-24T12:31:12.9214633Z                 "issue_comment_url": "https://api.github.com/repos/pkinerd/ednsv/issues/comments{/number}",
2026-07-24T12:31:12.9215231Z                 "issue_events_url": "https://api.github.com/repos/pkinerd/ednsv/issues/events{/number}",
2026-07-24T12:31:12.9215773Z                 "issues_url": "https://api.github.com/repos/pkinerd/ednsv/issues{/number}",
2026-07-24T12:31:12.9216262Z                 "keys_url": "https://api.github.com/repos/pkinerd/ednsv/keys{/key_id}",
2026-07-24T12:31:12.9216734Z                 "labels_url": "https://api.github.com/repos/pkinerd/ednsv/labels{/name}",
2026-07-24T12:31:12.9217099Z                 "language": "C#",
2026-07-24T12:31:12.9217440Z                 "languages_url": "https://api.github.com/repos/pkinerd/ednsv/languages",
2026-07-24T12:31:12.9217816Z                 "license": null,
2026-07-24T12:31:12.9218073Z                 "merge_commit_message": "PR_TITLE",
2026-07-24T12:31:12.9218374Z                 "merge_commit_title": "MERGE_MESSAGE",
2026-07-24T12:31:12.9218744Z                 "merges_url": "https://api.github.com/repos/pkinerd/ednsv/merges",
2026-07-24T12:31:12.9219248Z                 "milestones_url": "https://api.github.com/repos/pkinerd/ednsv/milestones{/number}",
2026-07-24T12:31:12.9220021Z                 "mirror_url": null,
2026-07-24T12:31:12.9220431Z                 "name": "ednsv",
2026-07-24T12:31:12.9220800Z                 "node_id": "R_kgDOR1K0VA",
2026-07-24T12:31:12.9221316Z                 "notifications_url": "https://api.github.com/repos/pkinerd/ednsv/notifications{?since,all,participating}",
2026-07-24T12:31:12.9221820Z                 "open_issues": 1,
2026-07-24T12:31:12.9222058Z                 "open_issues_count": 1,
2026-07-24T12:31:12.9222308Z                 "owner": {
2026-07-24T12:31:12.9222639Z                   "avatar_url": "https://avatars.githubusercontent.com/u/169779439?v=4",
2026-07-24T12:31:12.9223120Z                   "events_url": "https://api.github.com/users/pkinerd/events{/privacy}",
2026-07-24T12:31:12.9223582Z                   "followers_url": "https://api.github.com/users/pkinerd/followers",
2026-07-24T12:31:12.9224083Z                   "following_url": "https://api.github.com/users/pkinerd/following{/other_user}",
2026-07-24T12:31:12.9224764Z                   "gists_url": "https://api.github.com/users/pkinerd/gists{/gist_id}",
2026-07-24T12:31:12.9225124Z                   "gravatar_id": "",
2026-07-24T12:31:12.9225516Z                   "html_url": "https://github.com/pkinerd",
2026-07-24T12:31:12.9225815Z                   "id": 169779439,
2026-07-24T12:31:12.9226055Z                   "login": "pkinerd",
2026-07-24T12:31:12.9226314Z                   "node_id": "U_kgDOCh6g7w",
2026-07-24T12:31:12.9226673Z                   "organizations_url": "https://api.github.com/users/pkinerd/orgs",
2026-07-24T12:31:12.9227170Z                   "received_events_url": "https://api.github.com/users/pkinerd/received_events",
2026-07-24T12:31:12.9227641Z                   "repos_url": "https://api.github.com/users/pkinerd/repos",
2026-07-24T12:31:12.9227977Z                   "site_admin": false,
2026-07-24T12:31:12.9228378Z                   "starred_url": "https://api.github.com/users/pkinerd/starred{/owner}{/repo}",
2026-07-24T12:31:12.9228906Z                   "subscriptions_url": "https://api.github.com/users/pkinerd/subscriptions",
2026-07-24T12:31:12.9229307Z                   "type": "User",
2026-07-24T12:31:12.9229839Z                   "url": "https://api.github.com/users/pkinerd",
2026-07-24T12:31:12.9230167Z                   "user_view_type": "public"
2026-07-24T12:31:12.9230418Z                 },
2026-07-24T12:31:12.9230617Z                 "private": false,
2026-07-24T12:31:12.9230875Z                 "pull_request_creation_policy": "all",
2026-07-24T12:31:12.9231268Z                 "pulls_url": "https://api.github.com/repos/pkinerd/ednsv/pulls{/number}",
2026-07-24T12:31:12.9231673Z                 "pushed_at": "2026-07-24T12:29:39Z",
2026-07-24T12:31:12.9232067Z                 "releases_url": "https://api.github.com/repos/pkinerd/ednsv/releases{/id}",
2026-07-24T12:31:12.9232457Z                 "size": 32155,
2026-07-24T12:31:12.9232734Z                 "squash_merge_commit_message": "COMMIT_MESSAGES",
2026-07-24T12:31:12.9233093Z                 "squash_merge_commit_title": "COMMIT_OR_PR_TITLE",
2026-07-24T12:31:12.9233437Z                 "ssh_url": "git@github.com:pkinerd/ednsv.git",
2026-07-24T12:31:12.9233739Z                 "stargazers_count": 0,
2026-07-24T12:31:12.9234118Z                 "stargazers_url": "https://api.github.com/repos/pkinerd/ednsv/stargazers",
2026-07-24T12:31:12.9234629Z                 "statuses_url": "https://api.github.com/repos/pkinerd/ednsv/statuses/{sha}",
2026-07-24T12:31:12.9235146Z                 "subscribers_url": "https://api.github.com/repos/pkinerd/ednsv/subscribers",
2026-07-24T12:31:12.9235670Z                 "subscription_url": "https://api.github.com/repos/pkinerd/ednsv/subscription",
2026-07-24T12:31:12.9236112Z                 "svn_url": "https://github.com/pkinerd/ednsv",
2026-07-24T12:31:12.9236500Z                 "tags_url": "https://api.github.com/repos/pkinerd/ednsv/tags",
2026-07-24T12:31:12.9236930Z                 "teams_url": "https://api.github.com/repos/pkinerd/ednsv/teams",
2026-07-24T12:31:12.9237279Z                 "topics": [],
2026-07-24T12:31:12.9237619Z                 "trees_url": "https://api.github.com/repos/pkinerd/ednsv/git/trees{/sha}",
2026-07-24T12:31:12.9238018Z                 "updated_at": "2026-07-24T12:18:21Z",
2026-07-24T12:31:12.9238349Z                 "url": "https://api.github.com/repos/pkinerd/ednsv",
2026-07-24T12:31:12.9238693Z                 "use_squash_pr_title_as_default": false,
2026-07-24T12:31:12.9238979Z                 "visibility": "public",
2026-07-24T12:31:12.9239231Z                 "watchers": 0,
2026-07-24T12:31:12.9239462Z                 "watchers_count": 0,
2026-07-24T12:31:12.9240086Z                 "web_commit_signoff_required": false
2026-07-24T12:31:12.9240356Z               },
2026-07-24T12:31:12.9240594Z               "sha": "cc98e6562daf8d384d872684210577e86cfc29dc",
2026-07-24T12:31:12.9240885Z               "user": {
2026-07-24T12:31:12.9241206Z                 "avatar_url": "https://avatars.githubusercontent.com/u/169779439?v=4",
2026-07-24T12:31:12.9241905Z                 "events_url": "https://api.github.com/users/pkinerd/events{/privacy}",
2026-07-24T12:31:12.9242371Z                 "followers_url": "https://api.github.com/users/pkinerd/followers",
2026-07-24T12:31:12.9242981Z                 "following_url": "https://api.github.com/users/pkinerd/following{/other_user}",
2026-07-24T12:31:12.9243486Z                 "gists_url": "https://api.github.com/users/pkinerd/gists{/gist_id}",
2026-07-24T12:31:12.9243847Z                 "gravatar_id": "",
2026-07-24T12:31:12.9244123Z                 "html_url": "https://github.com/pkinerd",
2026-07-24T12:31:12.9244408Z                 "id": 169779439,
2026-07-24T12:31:12.9244641Z                 "login": "pkinerd",
2026-07-24T12:31:12.9244894Z                 "node_id": "U_kgDOCh6g7w",
2026-07-24T12:31:12.9245252Z                 "organizations_url": "https://api.github.com/users/pkinerd/orgs",
2026-07-24T12:31:12.9245753Z                 "received_events_url": "https://api.github.com/users/pkinerd/received_events",
2026-07-24T12:31:12.9246214Z                 "repos_url": "https://api.github.com/users/pkinerd/repos",
2026-07-24T12:31:12.9246553Z                 "site_admin": false,
2026-07-24T12:31:12.9246925Z                 "starred_url": "https://api.github.com/users/pkinerd/starred{/owner}{/repo}",
2026-07-24T12:31:12.9247437Z                 "subscriptions_url": "https://api.github.com/users/pkinerd/subscriptions",
2026-07-24T12:31:12.9247821Z                 "type": "User",
2026-07-24T12:31:12.9248092Z                 "url": "https://api.github.com/users/pkinerd",
2026-07-24T12:31:12.9248396Z                 "user_view_type": "public"
2026-07-24T12:31:12.9248639Z               }
2026-07-24T12:31:12.9248826Z             },
2026-07-24T12:31:12.9249077Z             "html_url": "https://github.com/pkinerd/ednsv/pull/26",
2026-07-24T12:31:12.9249392Z             "id": 4124634995,
2026-07-24T12:31:12.9250084Z             "issue_url": "https://api.github.com/repos/pkinerd/ednsv/issues/26",
2026-07-24T12:31:12.9250473Z             "labels": [],
2026-07-24T12:31:12.9250694Z             "locked": false,
2026-07-24T12:31:12.9250933Z             "maintainer_can_modify": false,
2026-07-24T12:31:12.9251210Z             "merge_commit_sha": null,
2026-07-24T12:31:12.9251461Z             "mergeable": null,
2026-07-24T12:31:12.9251702Z             "mergeable_state": "unknown",
2026-07-24T12:31:12.9251957Z             "merged": false,
2026-07-24T12:31:12.9252177Z             "merged_at": null,
2026-07-24T12:31:12.9252398Z             "merged_by": null,
2026-07-24T12:31:12.9252621Z             "milestone": null,
2026-07-24T12:31:12.9252861Z             "node_id": "PR_kwDOR1K0VM712O9z",
2026-07-24T12:31:12.9253127Z             "number": 26,
2026-07-24T12:31:12.9253420Z             "patch_url": "https://github.com/pkinerd/ednsv/pull/26.patch",
2026-07-24T12:31:12.9253764Z             "rebaseable": null,
2026-07-24T12:31:12.9254004Z             "requested_reviewers": [],
2026-07-24T12:31:12.9254265Z             "requested_teams": [],
2026-07-24T12:31:12.9254681Z             "review_comment_url": "https://api.github.com/repos/pkinerd/ednsv/pulls/comments{/number}",
2026-07-24T12:31:12.9255124Z             "review_comments": 0,
2026-07-24T12:31:12.9255519Z             "review_comments_url": "https://api.github.com/repos/pkinerd/ednsv/pulls/26/comments",
2026-07-24T12:31:12.9255941Z             "state": "open",
2026-07-24T12:31:12.9256412Z             "statuses_url": "https://api.github.com/repos/pkinerd/ednsv/statuses/cc98e6562daf8d384d872684210577e86cfc29dc",
2026-07-24T12:31:12.9256979Z             "title": "added support for horizontal scale via redis",
2026-07-24T12:31:12.9257313Z             "updated_at": "2026-07-24T12:29:40Z",
2026-07-24T12:31:12.9257665Z             "url": "https://api.github.com/repos/pkinerd/ednsv/pulls/26",
2026-07-24T12:31:12.9257994Z             "user": {
2026-07-24T12:31:12.9258315Z               "avatar_url": "https://avatars.githubusercontent.com/u/169779439?v=4",
2026-07-24T12:31:12.9258945Z               "events_url": "https://api.github.com/users/pkinerd/events{/privacy}",
2026-07-24T12:31:12.9259403Z               "followers_url": "https://api.github.com/users/pkinerd/followers",
2026-07-24T12:31:12.9260378Z               "following_url": "https://api.github.com/users/pkinerd/following{/other_user}",
2026-07-24T12:31:12.9260880Z               "gists_url": "https://api.github.com/users/pkinerd/gists{/gist_id}",
2026-07-24T12:31:12.9261234Z               "gravatar_id": "",
2026-07-24T12:31:12.9261502Z               "html_url": "https://github.com/pkinerd",
2026-07-24T12:31:12.9261781Z               "id": 169779439,
2026-07-24T12:31:12.9262004Z               "login": "pkinerd",
2026-07-24T12:31:12.9262243Z               "node_id": "U_kgDOCh6g7w",
2026-07-24T12:31:12.9262597Z               "organizations_url": "https://api.github.com/users/pkinerd/orgs",
2026-07-24T12:31:12.9263084Z               "received_events_url": "https://api.github.com/users/pkinerd/received_events",
2026-07-24T12:31:12.9263551Z               "repos_url": "https://api.github.com/users/pkinerd/repos",
2026-07-24T12:31:12.9263877Z               "site_admin": false,
2026-07-24T12:31:12.9264243Z               "starred_url": "https://api.github.com/users/pkinerd/starred{/owner}{/repo}",
2026-07-24T12:31:12.9264748Z               "subscriptions_url": "https://api.github.com/users/pkinerd/subscriptions",
2026-07-24T12:31:12.9265134Z               "type": "User",
2026-07-24T12:31:12.9265399Z               "url": "https://api.github.com/users/pkinerd",
2026-07-24T12:31:12.9265698Z               "user_view_type": "public"
2026-07-24T12:31:12.9265937Z             }
2026-07-24T12:31:12.9266128Z           },
2026-07-24T12:31:12.9266318Z           "repository": {
2026-07-24T12:31:12.9266539Z             "allow_forking": true,
2026-07-24T12:31:12.9266925Z             "archive_url": "https://api.github.com/repos/pkinerd/ednsv/{archive_format}{/ref}",
2026-07-24T12:31:12.9267333Z             "archived": false,
2026-07-24T12:31:12.9267689Z             "assignees_url": "https://api.github.com/repos/pkinerd/ednsv/assignees{/user}",
2026-07-24T12:31:12.9268187Z             "blobs_url": "https://api.github.com/repos/pkinerd/ednsv/git/blobs{/sha}",
2026-07-24T12:31:12.9268697Z             "branches_url": "https://api.github.com/repos/pkinerd/ednsv/branches{/branch}",
2026-07-24T12:31:12.9269148Z             "clone_url": "https://github.com/pkinerd/ednsv.git",
2026-07-24T12:31:12.9269972Z             "collaborators_url": "https://api.github.com/repos/pkinerd/ednsv/collaborators{/collaborator}",
2026-07-24T12:31:12.9270572Z             "comments_url": "https://api.github.com/repos/pkinerd/ednsv/comments{/number}",
2026-07-24T12:31:12.9271084Z             "commits_url": "https://api.github.com/repos/pkinerd/ednsv/commits{/sha}",
2026-07-24T12:31:12.9271603Z             "compare_url": "https://api.github.com/repos/pkinerd/ednsv/compare/{base}...{head}",
2026-07-24T12:31:12.9272140Z             "contents_url": "https://api.github.com/repos/pkinerd/ednsv/contents/{+path}",
2026-07-24T12:31:12.9272658Z             "contributors_url": "https://api.github.com/repos/pkinerd/ednsv/contributors",
2026-07-24T12:31:12.9273067Z             "created_at": "2026-03-30T21:24:40Z",
2026-07-24T12:31:12.9273345Z             "default_branch": "main",
2026-07-24T12:31:12.9273718Z             "deployments_url": "https://api.github.com/repos/pkinerd/ednsv/deployments",
2026-07-24T12:31:12.9274110Z             "description": null,
2026-07-24T12:31:12.9274349Z             "disabled": false,
2026-07-24T12:31:12.9274687Z             "downloads_url": "https://api.github.com/repos/pkinerd/ednsv/downloads",
2026-07-24T12:31:12.9275156Z             "events_url": "https://api.github.com/repos/pkinerd/ednsv/events",
2026-07-24T12:31:12.9275504Z             "fork": false,
2026-07-24T12:31:12.9275718Z             "forks": 0,
2026-07-24T12:31:12.9275930Z             "forks_count": 0,
2026-07-24T12:31:12.9276243Z             "forks_url": "https://api.github.com/repos/pkinerd/ednsv/forks",
2026-07-24T12:31:12.9276798Z             "full_name": "pkinerd/ednsv",
2026-07-24T12:31:12.9277200Z             "git_commits_url": "https://api.github.com/repos/pkinerd/ednsv/git/commits{/sha}",
2026-07-24T12:31:12.9277826Z             "git_refs_url": "https://api.github.com/repos/pkinerd/ednsv/git/refs{/sha}",
2026-07-24T12:31:12.9278321Z             "git_tags_url": "https://api.github.com/repos/pkinerd/ednsv/git/tags{/sha}",
2026-07-24T12:31:12.9278741Z             "git_url": "git://github.com/pkinerd/ednsv.git",
2026-07-24T12:31:12.9279043Z             "has_discussions": false,
2026-07-24T12:31:12.9279302Z             "has_downloads": false,
2026-07-24T12:31:12.9279781Z             "has_issues": true,
2026-07-24T12:31:12.9280036Z             "has_pages": false,
2026-07-24T12:31:12.9280266Z             "has_projects": true,
2026-07-24T12:31:12.9280513Z             "has_pull_requests": true,
2026-07-24T12:31:12.9280763Z             "has_wiki": true,
2026-07-24T12:31:12.9280995Z             "homepage": null,
2026-07-24T12:31:12.9281312Z             "hooks_url": "https://api.github.com/repos/pkinerd/ednsv/hooks",
2026-07-24T12:31:12.9281698Z             "html_url": "https://github.com/pkinerd/ednsv",
2026-07-24T12:31:12.9281992Z             "id": 1196602452,
2026-07-24T12:31:12.9282216Z             "is_template": false,
2026-07-24T12:31:12.9282628Z             "issue_comment_url": "https://api.github.com/repos/pkinerd/ednsv/issues/comments{/number}",
2026-07-24T12:31:12.9283221Z             "issue_events_url": "https://api.github.com/repos/pkinerd/ednsv/issues/events{/number}",
2026-07-24T12:31:12.9283753Z             "issues_url": "https://api.github.com/repos/pkinerd/ednsv/issues{/number}",
2026-07-24T12:31:12.9284235Z             "keys_url": "https://api.github.com/repos/pkinerd/ednsv/keys{/key_id}",
2026-07-24T12:31:12.9284708Z             "labels_url": "https://api.github.com/repos/pkinerd/ednsv/labels{/name}",
2026-07-24T12:31:12.9285082Z             "language": "C#",
2026-07-24T12:31:12.9285423Z             "languages_url": "https://api.github.com/repos/pkinerd/ednsv/languages",
2026-07-24T12:31:12.9285795Z             "license": null,
2026-07-24T12:31:12.9286117Z             "merges_url": "https://api.github.com/repos/pkinerd/ednsv/merges",
2026-07-24T12:31:12.9286619Z             "milestones_url": "https://api.github.com/repos/pkinerd/ednsv/milestones{/number}",
2026-07-24T12:31:12.9287028Z             "mirror_url": null,
2026-07-24T12:31:12.9287251Z             "name": "ednsv",
2026-07-24T12:31:12.9287480Z             "node_id": "R_kgDOR1K0VA",
2026-07-24T12:31:12.9287963Z             "notifications_url": "https://api.github.com/repos/pkinerd/ednsv/notifications{?since,all,participating}",
2026-07-24T12:31:12.9288463Z             "open_issues": 1,
2026-07-24T12:31:12.9288689Z             "open_issues_count": 1,
2026-07-24T12:31:12.9288921Z             "owner": {
2026-07-24T12:31:12.9289242Z               "avatar_url": "https://avatars.githubusercontent.com/u/169779439?v=4",
2026-07-24T12:31:12.9290069Z               "events_url": "https://api.github.com/users/pkinerd/events{/privacy}",
2026-07-24T12:31:12.9290541Z               "followers_url": "https://api.github.com/users/pkinerd/followers",
2026-07-24T12:31:12.9291033Z               "following_url": "https://api.github.com/users/pkinerd/following{/other_user}",
2026-07-24T12:31:12.9291521Z               "gists_url": "https://api.github.com/users/pkinerd/gists{/gist_id}",
2026-07-24T12:31:12.9291877Z               "gravatar_id": "",
2026-07-24T12:31:12.9292143Z               "html_url": "https://github.com/pkinerd",
2026-07-24T12:31:12.9292427Z               "id": 169779439,
2026-07-24T12:31:12.9292651Z               "login": "pkinerd",
2026-07-24T12:31:12.9292893Z               "node_id": "U_kgDOCh6g7w",
2026-07-24T12:31:12.9293246Z               "organizations_url": "https://api.github.com/users/pkinerd/orgs",
2026-07-24T12:31:12.9293734Z               "received_events_url": "https://api.github.com/users/pkinerd/received_events",
2026-07-24T12:31:12.9294341Z               "repos_url": "https://api.github.com/users/pkinerd/repos",
2026-07-24T12:31:12.9294680Z               "site_admin": false,
2026-07-24T12:31:12.9295151Z               "starred_url": "https://api.github.com/users/pkinerd/starred{/owner}{/repo}",
2026-07-24T12:31:12.9295673Z               "subscriptions_url": "https://api.github.com/users/pkinerd/subscriptions",
2026-07-24T12:31:12.9296060Z               "type": "User",
2026-07-24T12:31:12.9296336Z               "url": "https://api.github.com/users/pkinerd",
2026-07-24T12:31:12.9296644Z               "user_view_type": "public"
2026-07-24T12:31:12.9296888Z             },
2026-07-24T12:31:12.9297079Z             "private": false,
2026-07-24T12:31:12.9297329Z             "pull_request_creation_policy": "all",
2026-07-24T12:31:12.9297717Z             "pulls_url": "https://api.github.com/repos/pkinerd/ednsv/pulls{/number}",
2026-07-24T12:31:12.9298107Z             "pushed_at": "2026-07-24T12:29:39Z",
2026-07-24T12:31:12.9298495Z             "releases_url": "https://api.github.com/repos/pkinerd/ednsv/releases{/id}",
2026-07-24T12:31:12.9298873Z             "size": 32155,
2026-07-24T12:31:12.9299130Z             "ssh_url": "git@github.com:pkinerd/ednsv.git",
2026-07-24T12:31:12.9299434Z             "stargazers_count": 0,
2026-07-24T12:31:12.9300026Z             "stargazers_url": "https://api.github.com/repos/pkinerd/ednsv/stargazers",
2026-07-24T12:31:12.9300521Z             "statuses_url": "https://api.github.com/repos/pkinerd/ednsv/statuses/{sha}",
2026-07-24T12:31:12.9301019Z             "subscribers_url": "https://api.github.com/repos/pkinerd/ednsv/subscribers",
2026-07-24T12:31:12.9301536Z             "subscription_url": "https://api.github.com/repos/pkinerd/ednsv/subscription",
2026-07-24T12:31:12.9301970Z             "svn_url": "https://github.com/pkinerd/ednsv",
2026-07-24T12:31:12.9302342Z             "tags_url": "https://api.github.com/repos/pkinerd/ednsv/tags",
2026-07-24T12:31:12.9302771Z             "teams_url": "https://api.github.com/repos/pkinerd/ednsv/teams",
2026-07-24T12:31:12.9303118Z             "topics": [],
2026-07-24T12:31:12.9303447Z             "trees_url": "https://api.github.com/repos/pkinerd/ednsv/git/trees{/sha}",
2026-07-24T12:31:12.9303855Z             "updated_at": "2026-07-24T12:18:21Z",
2026-07-24T12:31:12.9304183Z             "url": "https://api.github.com/repos/pkinerd/ednsv",
2026-07-24T12:31:12.9304500Z             "visibility": "public",
2026-07-24T12:31:12.9304741Z             "watchers": 0,
2026-07-24T12:31:12.9304959Z             "watchers_count": 0,
2026-07-24T12:31:12.9305247Z             "web_commit_signoff_required": false
2026-07-24T12:31:12.9305509Z           },
2026-07-24T12:31:12.9305693Z           "sender": {
2026-07-24T12:31:12.9306012Z             "avatar_url": "https://avatars.githubusercontent.com/u/169779439?v=4",
2026-07-24T12:31:12.9306488Z             "events_url": "https://api.github.com/users/pkinerd/events{/privacy}",
2026-07-24T12:31:12.9306959Z             "followers_url": "https://api.github.com/users/pkinerd/followers",
2026-07-24T12:31:12.9307445Z             "following_url": "https://api.github.com/users/pkinerd/following{/other_user}",
2026-07-24T12:31:12.9307937Z             "gists_url": "https://api.github.com/users/pkinerd/gists{/gist_id}",
2026-07-24T12:31:12.9308290Z             "gravatar_id": "",
2026-07-24T12:31:12.9308555Z             "html_url": "https://github.com/pkinerd",
2026-07-24T12:31:12.9308837Z             "id": 169779439,
2026-07-24T12:31:12.9309059Z             "login": "pkinerd",
2026-07-24T12:31:12.9309297Z             "node_id": "U_kgDOCh6g7w",
2026-07-24T12:31:12.9309857Z             "organizations_url": "https://api.github.com/users/pkinerd/orgs",
2026-07-24T12:31:12.9310350Z             "received_events_url": "https://api.github.com/users/pkinerd/received_events",
2026-07-24T12:31:12.9310811Z             "repos_url": "https://api.github.com/users/pkinerd/repos",
2026-07-24T12:31:12.9311141Z             "site_admin": false,
2026-07-24T12:31:12.9311640Z             "starred_url": "https://api.github.com/users/pkinerd/starred{/owner}{/repo}",
2026-07-24T12:31:12.9312147Z             "subscriptions_url": "https://api.github.com/users/pkinerd/subscriptions",
2026-07-24T12:31:12.9312630Z             "type": "User",
2026-07-24T12:31:12.9312897Z             "url": "https://api.github.com/users/pkinerd",
2026-07-24T12:31:12.9313196Z             "user_view_type": "public"
2026-07-24T12:31:12.9313433Z           }
2026-07-24T12:31:12.9313612Z         },
2026-07-24T12:31:12.9313797Z         "github_job": "docker",
2026-07-24T12:31:12.9314044Z         "github_ref": "refs/pull/26/merge",
2026-07-24T12:31:12.9314316Z         "github_ref_name": "26/merge",
2026-07-24T12:31:12.9314573Z         "github_ref_protected": "false",
2026-07-24T12:31:12.9314835Z         "github_ref_type": "branch",
2026-07-24T12:31:12.9315096Z         "github_repository": "pkinerd/ednsv",
2026-07-24T12:31:12.9315376Z         "github_repository_id": "1196602452",
2026-07-24T12:31:12.9315653Z         "github_repository_owner": "pkinerd",
2026-07-24T12:31:12.9315937Z         "github_repository_owner_id": "169779439",
2026-07-24T12:31:12.9316223Z         "github_run_attempt": "1",
2026-07-24T12:31:12.9316483Z         "github_run_id": "30093284639",
2026-07-24T12:31:12.9316744Z         "github_run_number": "202",
2026-07-24T12:31:12.9316994Z         "github_runner_arch": "X64",
2026-07-24T12:31:12.9317281Z         "github_runner_environment": "github-hosted",
2026-07-24T12:31:12.9317588Z         "github_runner_image_os": "ubuntu24",
2026-07-24T12:31:12.9317891Z         "github_runner_image_version": "20260720.247.2",
2026-07-24T12:31:12.9318213Z         "github_runner_name": "GitHub Actions 1000002116",
2026-07-24T12:31:12.9318507Z         "github_runner_os": "Linux",
2026-07-24T12:31:12.9318889Z         "github_runner_tracking_id": "github_3689872c-1964-4c0e-9457-540a610d3dd9",
2026-07-24T12:31:12.9319291Z         "github_server_url": "https://github.com",
2026-07-24T12:31:12.9319800Z         "github_triggering_actor": "pkinerd",
2026-07-24T12:31:12.9320080Z         "github_workflow": "CI",
2026-07-24T12:31:12.9320461Z         "github_workflow_ref": "pkinerd/ednsv/.github/workflows/ci.yml@refs/pull/26/merge",
2026-07-24T12:31:12.9320954Z         "github_workflow_sha": "c8b7d555257fa3d14c0d097b7570f6b01251cafc",
2026-07-24T12:31:12.9321303Z         "platform": "linux/amd64"
2026-07-24T12:31:12.9321537Z       }
2026-07-24T12:31:12.9321707Z     }
2026-07-24T12:31:12.9321872Z   },
2026-07-24T12:31:12.9322408Z   "buildx.build.ref": "builder-d4c58703-b2b8-409d-8000-87ff15e4a6d0/builder-d4c58703-b2b8-409d-8000-87ff15e4a6d00/xl8skg9j9hwlwyrt9pwfps8tt",
2026-07-24T12:31:12.9323041Z   "containerimage.descriptor": {
2026-07-24T12:31:12.9323355Z     "mediaType": "application/vnd.oci.image.index.v1+json",
2026-07-24T12:31:12.9323819Z     "digest": "sha256:f079e7115e02e41f5cd7644065b48cc26d9c8bda706fa746a55fbfe0d163ae59",
2026-07-24T12:31:12.9324220Z     "size": 856
2026-07-24T12:31:12.9324410Z   },
2026-07-24T12:31:12.9324793Z   "containerimage.digest": "sha256:f079e7115e02e41f5cd7644065b48cc26d9c8bda706fa746a55fbfe0d163ae59",
2026-07-24T12:31:12.9325489Z   "image.name": "ghcr.io/pkinerd/ednsv:pr-26,ghcr.io/pkinerd/ednsv:latest-any,ghcr.io/pkinerd/ednsv:sha-c8b7d55"
2026-07-24T12:31:12.9325968Z }
2026-07-24T12:31:12.9326612Z ##[endgroup]
2026-07-24T12:31:12.9326964Z ##[group]Reference
2026-07-24T12:31:12.9327444Z builder-d4c58703-b2b8-409d-8000-87ff15e4a6d0/builder-d4c58703-b2b8-409d-8000-87ff15e4a6d00/xl8skg9j9hwlwyrt9pwfps8tt
2026-07-24T12:31:12.9328103Z ##[endgroup]
2026-07-24T12:31:12.9328449Z ##[group]Check build summary support
2026-07-24T12:31:12.9328856Z Build summary supported!
2026-07-24T12:31:12.9329203Z ##[endgroup]
2026-07-24T12:31:12.9427346Z Node 20 is being deprecated. This workflow is running with Node 24 by default. If you need to temporarily use Node 20, you can set the ACTIONS_ALLOW_USE_UNSECURE_NODE_VERSION=true environment variable. For more information see: https://github.blog/changelog/2025-09-19-deprecation-of-node-20-on-github-actions-runners/
2026-07-24T12:31:12.9428729Z Post job cleanup.
2026-07-24T12:31:13.1946379Z ##[group]Generating build summary
2026-07-24T12:31:13.1953244Z exporting build record to /home/runner/work/_temp/docker-actions-toolkit-pmg4ca/export
2026-07-24T12:31:13.1968126Z (node:3267) [DEP0040] DeprecationWarning: The `punycode` module is deprecated. Please use a userland alternative instead.
2026-07-24T12:31:13.1969298Z (Use `node --trace-deprecation ...` to show where the warning was created)
2026-07-24T12:31:13.3994901Z [command]/usr/bin/docker buildx history export --builder builder-d4c58703-b2b8-409d-8000-87ff15e4a6d0 --output /home/runner/work/_temp/docker-actions-toolkit-pmg4ca/export/pkinerd~ednsv~XL8SKG.dockerbuild xl8skg9j9hwlwyrt9pwfps8tt --finalize
2026-07-24T12:31:13.6712030Z Build record written to /home/runner/work/_temp/docker-actions-toolkit-pmg4ca/export/pkinerd~ednsv~XL8SKG.dockerbuild (56.22 KB)
2026-07-24T12:31:13.6732327Z Uploading pkinerd~ednsv~XL8SKG.dockerbuild to blob storage
2026-07-24T12:31:13.8039146Z Beginning upload of artifact content to blob storage
2026-07-24T12:31:13.8164812Z (node:3267) [DEP0169] DeprecationWarning: `url.parse()` behavior is not standardized and prone to errors that have security implications. Use the WHATWG URL API instead. CVEs are not issued for `url.parse()` vulnerabilities.
2026-07-24T12:31:13.8173888Z Uploaded bytes 57571
2026-07-24T12:31:13.8601365Z Finished uploading artifact content to blob storage!
2026-07-24T12:31:13.8606278Z SHA256 hash of uploaded artifact is f64086a6f78323e5574890056c104055b938ced8528d6949b1046da5c17caa16
2026-07-24T12:31:13.8608066Z Finalizing artifact upload
2026-07-24T12:31:14.0602741Z Artifact successfully finalized (8596554993)
2026-07-24T12:31:14.0604373Z Artifact download URL: https://github.com/pkinerd/ednsv/actions/runs/30093284639/artifacts/8596554993
2026-07-24T12:31:14.0636079Z Writing summary
2026-07-24T12:31:14.0652500Z ##[endgroup]
2026-07-24T12:31:14.0653556Z ##[group]Removing temp folder /home/runner/work/_temp/docker-actions-toolkit-7HkTPd
2026-07-24T12:31:14.0655398Z ##[endgroup]
2026-07-24T12:31:14.0656238Z ##[group]Post cache
2026-07-24T12:31:14.0658300Z State not set
2026-07-24T12:31:14.0659042Z ##[endgroup]
2026-07-24T12:31:14.0840805Z Node 20 is being deprecated. This workflow is running with Node 24 by default. If you need to temporarily use Node 20, you can set the ACTIONS_ALLOW_USE_UNSECURE_NODE_VERSION=true environment variable. For more information see: https://github.blog/changelog/2025-09-19-deprecation-of-node-20-on-github-actions-runners/
2026-07-24T12:31:14.0842109Z Post job cleanup.
2026-07-24T12:31:14.3991765Z ##[group]Logout from ghcr.io
2026-07-24T12:31:14.4016115Z (node:3414) [DEP0040] DeprecationWarning: The `punycode` module is deprecated. Please use a userland alternative instead.
2026-07-24T12:31:14.4017692Z (Use `node --trace-deprecation ...` to show where the warning was created)
2026-07-24T12:31:14.4050470Z [command]/usr/bin/docker logout ghcr.io
2026-07-24T12:31:14.4228467Z Removing login credentials for ghcr.io
2026-07-24T12:31:14.4259925Z ##[endgroup]
2026-07-24T12:31:14.4260782Z ##[group]Post cache
2026-07-24T12:31:14.4261510Z State not set
2026-07-24T12:31:14.4262325Z ##[endgroup]
2026-07-24T12:31:14.4497806Z Node 20 is being deprecated. This workflow is running with Node 24 by default. If you need to temporarily use Node 20, you can set the ACTIONS_ALLOW_USE_UNSECURE_NODE_VERSION=true environment variable. For more information see: https://github.blog/changelog/2025-09-19-deprecation-of-node-20-on-github-actions-runners/
2026-07-24T12:31:14.4500223Z Post job cleanup.
2026-07-24T12:31:14.7091065Z ##[group]Removing builder
2026-07-24T12:31:14.7099102Z (node:3434) [DEP0040] DeprecationWarning: The `punycode` module is deprecated. Please use a userland alternative instead.
2026-07-24T12:31:14.7100222Z (Use `node --trace-deprecation ...` to show where the warning was created)
2026-07-24T12:31:14.8198553Z [command]/usr/bin/docker buildx rm builder-d4c58703-b2b8-409d-8000-87ff15e4a6d0
2026-07-24T12:31:15.5148214Z builder-d4c58703-b2b8-409d-8000-87ff15e4a6d0 removed
2026-07-24T12:31:15.5185483Z ##[endgroup]
2026-07-24T12:31:15.5186705Z ##[group]Cleaning up certificates
2026-07-24T12:31:15.5188418Z ##[endgroup]
2026-07-24T12:31:15.5189295Z ##[group]Post cache
2026-07-24T12:31:15.5192223Z State not set
2026-07-24T12:31:15.5193154Z ##[endgroup]
2026-07-24T12:31:15.5367617Z Node 20 is being deprecated. This workflow is running with Node 24 by default. If you need to temporarily use Node 20, you can set the ACTIONS_ALLOW_USE_UNSECURE_NODE_VERSION=true environment variable. For more information see: https://github.blog/changelog/2025-09-19-deprecation-of-node-20-on-github-actions-runners/
2026-07-24T12:31:15.5368874Z Post job cleanup.
2026-07-24T12:31:15.6245791Z [command]/usr/bin/git version
2026-07-24T12:31:15.6291571Z git version 2.54.0
2026-07-24T12:31:15.6333666Z Temporarily overriding HOME='/home/runner/work/_temp/77c11368-2dca-4d0d-bd59-6c079874fd96' before making global git config changes
2026-07-24T12:31:15.6335361Z Adding repository directory to the temporary git global config as a safe directory
2026-07-24T12:31:15.6340631Z [command]/usr/bin/git config --global --add safe.directory /home/runner/work/ednsv/ednsv
2026-07-24T12:31:15.6382390Z [command]/usr/bin/git config --local --name-only --get-regexp core\.sshCommand
2026-07-24T12:31:15.6431071Z [command]/usr/bin/git submodule foreach --recursive sh -c "git config --local --name-only --get-regexp 'core\.sshCommand' && git config --local --unset-all 'core.sshCommand' || :"
2026-07-24T12:31:15.6688158Z [command]/usr/bin/git config --local --name-only --get-regexp http\.https\:\/\/github\.com\/\.extraheader
2026-07-24T12:31:15.6732584Z http.https://github.com/.extraheader
2026-07-24T12:31:15.6738867Z [command]/usr/bin/git config --local --unset-all http.https://github.com/.extraheader
2026-07-24T12:31:15.6787478Z [command]/usr/bin/git submodule foreach --recursive sh -c "git config --local --name-only --get-regexp 'http\.https\:\/\/github\.com\/\.extraheader' && git config --local --unset-all 'http.https://github.com/.extraheader' || :"
2026-07-24T12:31:15.7050184Z [command]/usr/bin/git config --local --name-only --get-regexp ^includeIf\.gitdir:
2026-07-24T12:31:15.7102371Z [command]/usr/bin/git submodule foreach --recursive git config --local --show-origin --name-only --get-regexp remote.origin.url
2026-07-24T12:31:15.7503448Z Cleaning up orphan processes
2026-07-24T12:31:15.7852397Z ##[warning]Node.js 20 is deprecated. The following actions target Node.js 20 but are being forced to run on Node.js 24: actions/checkout@v4, docker/build-push-action@v6, docker/login-action@v3, docker/metadata-action@v5, docker/setup-buildx-action@v3. For more information see: https://github.blog/changelog/2025-09-19-deprecation-of-node-20-on-github-actions-runners/
