2026-07-24T12:41:20.2444789Z Current runner version: '2.335.1'
2026-07-24T12:41:20.2467076Z ##[group]Runner Image Provisioner
2026-07-24T12:41:20.2467889Z Hosted Compute Agent
2026-07-24T12:41:20.2468671Z Version: 20260707.563
2026-07-24T12:41:20.2469280Z Commit: 02667638d2b423fbc733a8e32a88b44996a3ba6e
2026-07-24T12:41:20.2469985Z Build Date: 2026-07-07T19:33:50Z
2026-07-24T12:41:20.2470639Z Worker ID: {a22cb2e5-aff2-4d0c-a3fd-c3f75ff84259}
2026-07-24T12:41:20.2471293Z Azure Region: westus3
2026-07-24T12:41:20.2472090Z ##[endgroup]
2026-07-24T12:41:20.2473394Z ##[group]Operating System
2026-07-24T12:41:20.2473975Z Ubuntu
2026-07-24T12:41:20.2474464Z 24.04.4
2026-07-24T12:41:20.2474950Z LTS
2026-07-24T12:41:20.2475415Z ##[endgroup]
2026-07-24T12:41:20.2475933Z ##[group]Runner Image
2026-07-24T12:41:20.2476487Z Image: ubuntu-24.04
2026-07-24T12:41:20.2476989Z Version: 20260720.247.2
2026-07-24T12:41:20.2478173Z Included Software: https://github.com/actions/runner-images/blob/ubuntu24/20260720.247/images/ubuntu/Ubuntu2404-Readme.md
2026-07-24T12:41:20.2479750Z Image Release: https://github.com/actions/runner-images/releases/tag/ubuntu24%2F20260720.247
2026-07-24T12:41:20.2480638Z ##[endgroup]
2026-07-24T12:41:20.2481705Z ##[group]GITHUB_TOKEN Permissions
2026-07-24T12:41:20.2483855Z Contents: read
2026-07-24T12:41:20.2484374Z Metadata: read
2026-07-24T12:41:20.2484926Z Packages: write
2026-07-24T12:41:20.2485519Z ##[endgroup]
2026-07-24T12:41:20.2487423Z Secret source: Actions
2026-07-24T12:41:20.2488095Z Prepare workflow directory
2026-07-24T12:41:20.2933479Z Prepare all required actions
2026-07-24T12:41:20.2970949Z Getting action download info
2026-07-24T12:41:20.6998203Z Download action repository 'actions/checkout@v4' (SHA:11d5960a326750d5838078e36cf38b85af677262)
2026-07-24T12:41:21.3644988Z Download action repository 'docker/setup-buildx-action@v3' (SHA:8d2750c68a42422c14e847fe6c8ac0403b4cbd6f)
2026-07-24T12:41:22.3146092Z Download action repository 'docker/login-action@v3' (SHA:c94ce9fb468520275223c153574b00df6fe4bcc9)
2026-07-24T12:41:23.2780099Z Download action repository 'docker/metadata-action@v5' (SHA:c299e40c65443455700f0fdfc63efafe5b349051)
2026-07-24T12:41:24.3121581Z Download action repository 'docker/build-push-action@v6' (SHA:10e90e3645eae34f1e60eeb005ba3a3d33f178e8)
2026-07-24T12:41:25.6324948Z Complete job name: Build & Push Docker Image
2026-07-24T12:41:25.6843771Z Node 20 is being deprecated. This workflow is running with Node 24 by default. If you need to temporarily use Node 20, you can set the ACTIONS_ALLOW_USE_UNSECURE_NODE_VERSION=true environment variable. For more information see: https://github.blog/changelog/2025-09-19-deprecation-of-node-20-on-github-actions-runners/
2026-07-24T12:41:25.6851243Z ##[group]Run actions/checkout@v4
2026-07-24T12:41:25.6851786Z with:
2026-07-24T12:41:25.6852082Z   repository: pkinerd/ednsv
2026-07-24T12:41:25.6854722Z   token: ***
2026-07-24T12:41:25.6855027Z   ssh-strict: true
2026-07-24T12:41:25.6855316Z   ssh-user: git
2026-07-24T12:41:25.6855637Z   persist-credentials: true
2026-07-24T12:41:25.6855975Z   clean: true
2026-07-24T12:41:25.6856290Z   sparse-checkout-cone-mode: true
2026-07-24T12:41:25.6856659Z   fetch-depth: 1
2026-07-24T12:41:25.6856938Z   fetch-tags: false
2026-07-24T12:41:25.6857224Z   show-progress: true
2026-07-24T12:41:25.6857527Z   lfs: false
2026-07-24T12:41:25.6857941Z   submodules: false
2026-07-24T12:41:25.6858236Z   set-safe-directory: true
2026-07-24T12:41:25.6858759Z   allow-unsafe-pr-checkout: false
2026-07-24T12:41:25.6859248Z env:
2026-07-24T12:41:25.6859541Z   REGISTRY: ghcr.io
2026-07-24T12:41:25.6859894Z   IMAGE_NAME: pkinerd/ednsv
2026-07-24T12:41:25.6860223Z ##[endgroup]
2026-07-24T12:41:25.7821177Z Syncing repository: pkinerd/ednsv
2026-07-24T12:41:25.7823082Z ##[group]Getting Git version info
2026-07-24T12:41:25.7823851Z Working directory is '/home/runner/work/ednsv/ednsv'
2026-07-24T12:41:25.7824847Z [command]/usr/bin/git version
2026-07-24T12:41:25.7825864Z git version 2.54.0
2026-07-24T12:41:25.7867337Z ##[endgroup]
2026-07-24T12:41:25.7878106Z Temporarily overriding HOME='/home/runner/work/_temp/3f49b6df-39b6-4728-ae1e-aae2728636a8' before making global git config changes
2026-07-24T12:41:25.7879932Z Adding repository directory to the temporary git global config as a safe directory
2026-07-24T12:41:25.7881972Z [command]/usr/bin/git config --global --add safe.directory /home/runner/work/ednsv/ednsv
2026-07-24T12:41:25.7914264Z Deleting the contents of '/home/runner/work/ednsv/ednsv'
2026-07-24T12:41:25.7920411Z ##[group]Initializing the repository
2026-07-24T12:41:25.7926049Z [command]/usr/bin/git init /home/runner/work/ednsv/ednsv
2026-07-24T12:41:25.8040415Z hint: Using 'master' as the name for the initial branch. This default branch name
2026-07-24T12:41:25.8051040Z hint: will change to "main" in Git 3.0. To configure the initial branch name
2026-07-24T12:41:25.8057434Z hint: to use in all of your new repositories, which will suppress this warning,
2026-07-24T12:41:25.8058581Z hint: call:
2026-07-24T12:41:25.8059198Z hint:
2026-07-24T12:41:25.8059998Z hint: 	git config --global init.defaultBranch <name>
2026-07-24T12:41:25.8060708Z hint:
2026-07-24T12:41:25.8063939Z hint: Names commonly chosen instead of 'master' are 'main', 'trunk' and
2026-07-24T12:41:25.8065211Z hint: 'development'. The just-created branch can be renamed via this command:
2026-07-24T12:41:25.8066068Z hint:
2026-07-24T12:41:25.8066667Z hint: 	git branch -m <name>
2026-07-24T12:41:25.8067308Z hint:
2026-07-24T12:41:25.8067965Z hint: Disable this message with "git config set advice.defaultBranchName false"
2026-07-24T12:41:25.8069443Z Initialized empty Git repository in /home/runner/work/ednsv/ednsv/.git/
2026-07-24T12:41:25.8071318Z [command]/usr/bin/git remote add origin https://github.com/pkinerd/ednsv
2026-07-24T12:41:25.8083164Z ##[endgroup]
2026-07-24T12:41:25.8083949Z ##[group]Disabling automatic garbage collection
2026-07-24T12:41:25.8085689Z [command]/usr/bin/git config --local gc.auto 0
2026-07-24T12:41:25.8116673Z ##[endgroup]
2026-07-24T12:41:25.8117229Z ##[group]Setting up auth
2026-07-24T12:41:25.8117733Z [command]/usr/bin/git config --local --name-only --get-regexp core\.sshCommand
2026-07-24T12:41:25.8150946Z [command]/usr/bin/git submodule foreach --recursive sh -c "git config --local --name-only --get-regexp 'core\.sshCommand' && git config --local --unset-all 'core.sshCommand' || :"
2026-07-24T12:41:25.8455497Z [command]/usr/bin/git config --local --name-only --get-regexp http\.https\:\/\/github\.com\/\.extraheader
2026-07-24T12:41:25.8482067Z [command]/usr/bin/git submodule foreach --recursive sh -c "git config --local --name-only --get-regexp 'http\.https\:\/\/github\.com\/\.extraheader' && git config --local --unset-all 'http.https://github.com/.extraheader' || :"
2026-07-24T12:41:25.8690950Z [command]/usr/bin/git config --local --name-only --get-regexp ^includeIf\.gitdir:
2026-07-24T12:41:25.8719740Z [command]/usr/bin/git submodule foreach --recursive git config --local --show-origin --name-only --get-regexp remote.origin.url
2026-07-24T12:41:25.8896365Z [command]/usr/bin/git config --local http.https://github.com/.extraheader AUTHORIZATION: basic ***
2026-07-24T12:41:25.8925897Z ##[endgroup]
2026-07-24T12:41:25.8926522Z ##[group]Fetching the repository
2026-07-24T12:41:25.8934844Z [command]/usr/bin/git -c protocol.version=2 fetch --no-tags --prune --no-recurse-submodules --depth=1 origin +820c0019085f5073eb31d9822b29a158ec3c4826:refs/remotes/origin/main
2026-07-24T12:41:26.6047659Z From https://github.com/pkinerd/ednsv
2026-07-24T12:41:26.6049025Z  * [new ref]         820c0019085f5073eb31d9822b29a158ec3c4826 -> origin/main
2026-07-24T12:41:26.6068824Z ##[endgroup]
2026-07-24T12:41:26.6069556Z ##[group]Determining the checkout info
2026-07-24T12:41:26.6070953Z ##[endgroup]
2026-07-24T12:41:26.6077138Z [command]/usr/bin/git sparse-checkout disable
2026-07-24T12:41:26.6112073Z [command]/usr/bin/git config --local --unset-all extensions.worktreeConfig
2026-07-24T12:41:26.6136908Z ##[group]Checking out the ref
2026-07-24T12:41:26.6141426Z [command]/usr/bin/git checkout --progress --force -B main refs/remotes/origin/main
2026-07-24T12:41:26.6240944Z Switched to a new branch 'main'
2026-07-24T12:41:26.6242136Z branch 'main' set up to track 'origin/main'.
2026-07-24T12:41:26.6250827Z ##[endgroup]
2026-07-24T12:41:26.6286160Z [command]/usr/bin/git log -1 --format=%H
2026-07-24T12:41:26.6307557Z 820c0019085f5073eb31d9822b29a158ec3c4826
2026-07-24T12:41:26.6488663Z ##[group]Run if [ "push" != "pull_request" ]; then
2026-07-24T12:41:26.6489158Z [36;1mif [ "push" != "pull_request" ]; then[0m
2026-07-24T12:41:26.6489601Z [36;1m  echo "push=true" >> "$GITHUB_OUTPUT"[0m
2026-07-24T12:41:26.6489978Z [36;1melif [ "" = "pkinerd/ednsv" ]; then[0m
2026-07-24T12:41:26.6490335Z [36;1m  echo "push=true" >> "$GITHUB_OUTPUT"[0m
2026-07-24T12:41:26.6490681Z [36;1melse[0m
2026-07-24T12:41:26.6490972Z [36;1m  echo "push=false" >> "$GITHUB_OUTPUT"[0m
2026-07-24T12:41:26.6491315Z [36;1mfi[0m
2026-07-24T12:41:26.6520892Z shell: /usr/bin/bash -e {0}
2026-07-24T12:41:26.6521344Z env:
2026-07-24T12:41:26.6521638Z   REGISTRY: ghcr.io
2026-07-24T12:41:26.6521953Z   IMAGE_NAME: pkinerd/ednsv
2026-07-24T12:41:26.6522292Z ##[endgroup]
2026-07-24T12:41:26.6683429Z Node 20 is being deprecated. This workflow is running with Node 24 by default. If you need to temporarily use Node 20, you can set the ACTIONS_ALLOW_USE_UNSECURE_NODE_VERSION=true environment variable. For more information see: https://github.blog/changelog/2025-09-19-deprecation-of-node-20-on-github-actions-runners/
2026-07-24T12:41:26.6684983Z ##[group]Run docker/setup-buildx-action@v3
2026-07-24T12:41:26.6685414Z with:
2026-07-24T12:41:26.6685721Z   driver: docker-container
2026-07-24T12:41:26.6686052Z   use: true
2026-07-24T12:41:26.6686344Z   keep-state: false
2026-07-24T12:41:26.6686645Z   cache-binary: true
2026-07-24T12:41:26.6686989Z   cleanup: true
2026-07-24T12:41:26.6687278Z   install: false
2026-07-24T12:41:26.6687546Z env:
2026-07-24T12:41:26.6687853Z   REGISTRY: ghcr.io
2026-07-24T12:41:26.6688160Z   IMAGE_NAME: pkinerd/ednsv
2026-07-24T12:41:26.6688745Z ##[endgroup]
2026-07-24T12:41:26.8922268Z (node:2041) [DEP0040] DeprecationWarning: The `punycode` module is deprecated. Please use a userland alternative instead.
2026-07-24T12:41:26.8923103Z (Use `node --trace-deprecation ...` to show where the warning was created)
2026-07-24T12:41:26.8970253Z ##[group]Docker info
2026-07-24T12:41:26.8994959Z [command]/usr/bin/docker version
2026-07-24T12:41:26.9557734Z Client: Docker Engine - Community
2026-07-24T12:41:26.9558628Z  Version:           28.0.4
2026-07-24T12:41:26.9559270Z  API version:       1.48
2026-07-24T12:41:26.9559704Z  Go version:        go1.23.7
2026-07-24T12:41:26.9560184Z  Git commit:        b8034c0
2026-07-24T12:41:26.9560809Z  Built:             Tue Mar 25 15:07:16 2025
2026-07-24T12:41:26.9561191Z  OS/Arch:           linux/amd64
2026-07-24T12:41:26.9561542Z  Context:           default
2026-07-24T12:41:26.9561754Z 
2026-07-24T12:41:26.9561916Z Server: Docker Engine - Community
2026-07-24T12:41:26.9562231Z  Engine:
2026-07-24T12:41:26.9562592Z   Version:          28.0.4
2026-07-24T12:41:26.9562929Z   API version:      1.48 (minimum version 1.24)
2026-07-24T12:41:26.9563303Z   Go version:       go1.23.7
2026-07-24T12:41:26.9563626Z   Git commit:       6430e49
2026-07-24T12:41:26.9563951Z   Built:            Tue Mar 25 15:07:16 2025
2026-07-24T12:41:26.9564351Z   OS/Arch:          linux/amd64
2026-07-24T12:41:26.9568856Z   Experimental:     false
2026-07-24T12:41:26.9569360Z  containerd:
2026-07-24T12:41:26.9569813Z   Version:          v2.2.6
2026-07-24T12:41:26.9570329Z   GitCommit:        11ce9d5f3c68c941867e82890e93e815c1304f1b
2026-07-24T12:41:26.9571455Z  runc:
2026-07-24T12:41:26.9571841Z   Version:          1.3.6
2026-07-24T12:41:26.9572440Z   GitCommit:        v1.3.6-0-g491b69ba
2026-07-24T12:41:26.9572937Z  docker-init:
2026-07-24T12:41:26.9573296Z   Version:          0.19.0
2026-07-24T12:41:26.9573809Z   GitCommit:        de40ad0
2026-07-24T12:41:26.9648606Z [command]/usr/bin/docker info
2026-07-24T12:41:27.1063145Z Client: Docker Engine - Community
2026-07-24T12:41:27.1064422Z  Version:    28.0.4
2026-07-24T12:41:27.1064875Z  Context:    default
2026-07-24T12:41:27.1065306Z  Debug Mode: false
2026-07-24T12:41:27.1065629Z  Plugins:
2026-07-24T12:41:27.1065950Z   buildx: Docker Buildx (Docker Inc.)
2026-07-24T12:41:27.1066354Z     Version:  v0.35.0
2026-07-24T12:41:27.1066767Z     Path:     /usr/libexec/docker/cli-plugins/docker-buildx
2026-07-24T12:41:27.1067195Z   compose: Docker Compose (Docker Inc.)
2026-07-24T12:41:27.1067581Z     Version:  v2.38.2
2026-07-24T12:41:27.1067955Z     Path:     /usr/libexec/docker/cli-plugins/docker-compose
2026-07-24T12:41:27.1068220Z 
2026-07-24T12:41:27.1068604Z Server:
2026-07-24T12:41:27.1069075Z  Containers: 0
2026-07-24T12:41:27.1069518Z   Running: 0
2026-07-24T12:41:27.1069907Z   Paused: 0
2026-07-24T12:41:27.1070298Z   Stopped: 0
2026-07-24T12:41:27.1070610Z  Images: 6
2026-07-24T12:41:27.1070908Z  Server Version: 28.0.4
2026-07-24T12:41:27.1071235Z  Storage Driver: overlay2
2026-07-24T12:41:27.1071585Z   Backing Filesystem: extfs
2026-07-24T12:41:27.1071910Z   Supports d_type: true
2026-07-24T12:41:27.1072427Z   Using metacopy: false
2026-07-24T12:41:27.1072782Z   Native Overlay Diff: false
2026-07-24T12:41:27.1073099Z   userxattr: false
2026-07-24T12:41:27.1073394Z  Logging Driver: json-file
2026-07-24T12:41:27.1073720Z  Cgroup Driver: systemd
2026-07-24T12:41:27.1074040Z  Cgroup Version: 2
2026-07-24T12:41:27.1074332Z  Plugins:
2026-07-24T12:41:27.1074595Z   Volume: local
2026-07-24T12:41:27.1074930Z   Network: bridge host ipvlan macvlan null overlay
2026-07-24T12:41:27.1075434Z   Log: awslogs fluentd gcplogs gelf journald json-file local splunk syslog
2026-07-24T12:41:27.1075885Z  Swarm: inactive
2026-07-24T12:41:27.1076199Z  Runtimes: io.containerd.runc.v2 runc
2026-07-24T12:41:27.1076587Z  Default Runtime: runc
2026-07-24T12:41:27.1076886Z  Init Binary: docker-init
2026-07-24T12:41:27.1077284Z  containerd version: 11ce9d5f3c68c941867e82890e93e815c1304f1b
2026-07-24T12:41:27.1077726Z  runc version: v1.3.6-0-g491b69ba
2026-07-24T12:41:27.1078045Z  init version: de40ad0
2026-07-24T12:41:27.1078810Z  Security Options:
2026-07-24T12:41:27.1079124Z   apparmor
2026-07-24T12:41:27.1079606Z   seccomp
2026-07-24T12:41:27.1079890Z    Profile: builtin
2026-07-24T12:41:27.1080376Z   cgroupns
2026-07-24T12:41:27.1080682Z  Kernel Version: 6.17.0-1020-azure
2026-07-24T12:41:27.1081036Z  Operating System: Ubuntu 24.04.4 LTS
2026-07-24T12:41:27.1081530Z  OSType: linux
2026-07-24T12:41:27.1081843Z  Architecture: x86_64
2026-07-24T12:41:27.1082167Z  CPUs: 4
2026-07-24T12:41:27.1082456Z  Total Memory: 15.61GiB
2026-07-24T12:41:27.1082920Z  Name: runnervmvrwv9
2026-07-24T12:41:27.1083245Z  ID: dce1e4a9-fc26-4218-aaf0-feee5194c8cb
2026-07-24T12:41:27.1083734Z  Docker Root Dir: /var/lib/docker
2026-07-24T12:41:27.1084087Z  Debug Mode: false
2026-07-24T12:41:27.1084376Z  Username: githubactions
2026-07-24T12:41:27.1084738Z  Experimental: false
2026-07-24T12:41:27.1085186Z  Insecure Registries:
2026-07-24T12:41:27.1096805Z   ::1/128
2026-07-24T12:41:27.1097298Z   127.0.0.0/8
2026-07-24T12:41:27.1097733Z  Live Restore Enabled: false
2026-07-24T12:41:27.1098035Z 
2026-07-24T12:41:27.1103286Z ##[endgroup]
2026-07-24T12:41:27.1606093Z ##[group]Buildx version
2026-07-24T12:41:27.1627207Z [command]/usr/bin/docker buildx version
2026-07-24T12:41:27.2067891Z github.com/docker/buildx v0.35.0 a319e5b15052cf6557ceb666eb8ff6e32380b782
2026-07-24T12:41:27.2087589Z ##[endgroup]
2026-07-24T12:41:27.2229792Z ##[group]Inspecting default docker context
2026-07-24T12:41:27.2375676Z [
2026-07-24T12:41:27.2376398Z   {
2026-07-24T12:41:27.2376942Z     "Name": "default",
2026-07-24T12:41:27.2377718Z     "Metadata": {},
2026-07-24T12:41:27.2378194Z     "Endpoints": {
2026-07-24T12:41:27.2378998Z       "docker": {
2026-07-24T12:41:27.2379517Z         "Host": "unix:///var/run/docker.sock",
2026-07-24T12:41:27.2380065Z         "SkipTLSVerify": false
2026-07-24T12:41:27.2380551Z       }
2026-07-24T12:41:27.2380888Z     },
2026-07-24T12:41:27.2381587Z     "TLSMaterial": {},
2026-07-24T12:41:27.2382043Z     "Storage": {
2026-07-24T12:41:27.2382490Z       "MetadataPath": "<IN MEMORY>",
2026-07-24T12:41:27.2383018Z       "TLSPath": "<IN MEMORY>"
2026-07-24T12:41:27.2383473Z     }
2026-07-24T12:41:27.2383810Z   }
2026-07-24T12:41:27.2384208Z ]
2026-07-24T12:41:27.2384954Z ##[endgroup]
2026-07-24T12:41:27.2385682Z ##[group]Creating a new builder instance
2026-07-24T12:41:27.3550832Z [command]/usr/bin/docker buildx create --name builder-9a9b0493-7624-43bf-a567-c3c231d00dee --driver docker-container --buildkitd-flags --allow-insecure-entitlement security.insecure --allow-insecure-entitlement network.host --use
2026-07-24T12:41:27.4140986Z builder-9a9b0493-7624-43bf-a567-c3c231d00dee
2026-07-24T12:41:27.4159925Z ##[endgroup]
2026-07-24T12:41:27.4161124Z ##[group]Booting builder
2026-07-24T12:41:27.4190752Z [command]/usr/bin/docker buildx inspect --bootstrap --builder builder-9a9b0493-7624-43bf-a567-c3c231d00dee
2026-07-24T12:41:27.4641111Z #1 [internal] booting buildkit
2026-07-24T12:41:27.6148090Z #1 pulling image moby/buildkit:buildx-stable-1
2026-07-24T12:41:34.0621927Z #1 pulling image moby/buildkit:buildx-stable-1 6.6s done
2026-07-24T12:41:34.2133961Z #1 creating container buildx_buildkit_builder-9a9b0493-7624-43bf-a567-c3c231d00dee0
2026-07-24T12:41:34.3428928Z #1 creating container buildx_buildkit_builder-9a9b0493-7624-43bf-a567-c3c231d00dee0 0.3s done
2026-07-24T12:41:34.3442816Z #1 DONE 6.9s
2026-07-24T12:41:34.3717549Z Name:          builder-9a9b0493-7624-43bf-a567-c3c231d00dee
2026-07-24T12:41:34.3718747Z Driver:        docker-container
2026-07-24T12:41:34.3719694Z Last Activity: 2026-07-24 12:41:27 +0000 UTC
2026-07-24T12:41:34.3720176Z 
2026-07-24T12:41:34.3720675Z Nodes:
2026-07-24T12:41:34.3721303Z Name:                  builder-9a9b0493-7624-43bf-a567-c3c231d00dee0
2026-07-24T12:41:34.3722009Z Endpoint:              unix:///var/run/docker.sock
2026-07-24T12:41:34.3722530Z Status:                running
2026-07-24T12:41:34.3723346Z BuildKit daemon flags: --allow-insecure-entitlement security.insecure --allow-insecure-entitlement network.host
2026-07-24T12:41:34.3724207Z BuildKit version:      v0.31.2
2026-07-24T12:41:34.3724810Z Platforms:             linux/amd64, linux/amd64/v2, linux/amd64/v3, linux/amd64/v4, linux/386
2026-07-24T12:41:34.3725380Z Labels:
2026-07-24T12:41:34.3725806Z  org.mobyproject.buildkit.worker.executor:         oci
2026-07-24T12:41:34.3726351Z  org.mobyproject.buildkit.worker.hostname:         4e01b4b7d5ae
2026-07-24T12:41:34.3727033Z  org.mobyproject.buildkit.worker.network:          host
2026-07-24T12:41:34.3727580Z  org.mobyproject.buildkit.worker.oci.process-mode: sandbox
2026-07-24T12:41:34.3728200Z  org.mobyproject.buildkit.worker.selinux.enabled:  false
2026-07-24T12:41:34.3729108Z  org.mobyproject.buildkit.worker.snapshotter:      overlayfs
2026-07-24T12:41:34.3730062Z GC Policy rule#0:
2026-07-24T12:41:34.3730700Z  All:            false
2026-07-24T12:41:34.3731353Z  Filters:        type==source.local type==exec.cachemount type==source.git.checkout
2026-07-24T12:41:34.3732014Z  Keep Duration:  48h0m0s
2026-07-24T12:41:34.3732482Z  Max Used Space: 488.3MiB
2026-07-24T12:41:34.3732958Z GC Policy rule#1:
2026-07-24T12:41:34.3733381Z  All:            false
2026-07-24T12:41:34.3733975Z  Keep Duration:  1440h0m0s
2026-07-24T12:41:34.3734473Z  Reserved Space: 9.313GiB
2026-07-24T12:41:34.3734909Z  Max Used Space: 93.13GiB
2026-07-24T12:41:34.3735421Z  Min Free Space: 27.01GiB
2026-07-24T12:41:34.3735990Z GC Policy rule#2:
2026-07-24T12:41:34.3736536Z  All:            false
2026-07-24T12:41:34.3737064Z  Reserved Space: 9.313GiB
2026-07-24T12:41:34.3737625Z  Max Used Space: 93.13GiB
2026-07-24T12:41:34.3738025Z  Min Free Space: 27.01GiB
2026-07-24T12:41:34.3738698Z GC Policy rule#3:
2026-07-24T12:41:34.3739299Z  All:            true
2026-07-24T12:41:34.3739883Z  Reserved Space: 9.313GiB
2026-07-24T12:41:34.3741475Z  Max Used Space: 93.13GiB
2026-07-24T12:41:34.3741996Z  Min Free Space: 27.01GiB
2026-07-24T12:41:34.3760188Z ##[endgroup]
2026-07-24T12:41:34.4603327Z ##[group]Inspect builder
2026-07-24T12:41:34.4604345Z {
2026-07-24T12:41:34.4606544Z   "nodes": [
2026-07-24T12:41:34.4607393Z     {
2026-07-24T12:41:34.4608233Z       "name": "builder-9a9b0493-7624-43bf-a567-c3c231d00dee0",
2026-07-24T12:41:34.4609757Z       "endpoint": "unix:///var/run/docker.sock",
2026-07-24T12:41:34.4610613Z       "status": "running",
2026-07-24T12:41:34.4611804Z       "buildkitd-flags": "--allow-insecure-entitlement security.insecure --allow-insecure-entitlement network.host",
2026-07-24T12:41:34.4612960Z       "buildkit": "v0.31.2",
2026-07-24T12:41:34.4613700Z       "platforms": "linux/amd64,linux/amd64/v2,linux/amd64/v3,linux/amd64/v4,linux/386",
2026-07-24T12:41:34.4614638Z       "features": {
2026-07-24T12:41:34.4615270Z         "Automatically load images to the Docker Engine image store": true,
2026-07-24T12:41:34.4616010Z         "Cache export": true,
2026-07-24T12:41:34.4616690Z         "Direct push": true,
2026-07-24T12:41:34.4617340Z         "Docker exporter": true,
2026-07-24T12:41:34.4617960Z         "Multi-platform build": true,
2026-07-24T12:41:34.4618918Z         "OCI exporter": true
2026-07-24T12:41:34.4619602Z       },
2026-07-24T12:41:34.4620318Z       "labels": {
2026-07-24T12:41:34.4620984Z         "org.mobyproject.buildkit.worker.executor": "oci",
2026-07-24T12:41:34.4621951Z         "org.mobyproject.buildkit.worker.hostname": "4e01b4b7d5ae",
2026-07-24T12:41:34.4622911Z         "org.mobyproject.buildkit.worker.network": "host",
2026-07-24T12:41:34.4623852Z         "org.mobyproject.buildkit.worker.oci.process-mode": "sandbox",
2026-07-24T12:41:34.4624957Z         "org.mobyproject.buildkit.worker.selinux.enabled": "false",
2026-07-24T12:41:34.4625955Z         "org.mobyproject.buildkit.worker.snapshotter": "overlayfs"
2026-07-24T12:41:34.4626820Z       },
2026-07-24T12:41:34.4627543Z       "gcPolicy": [
2026-07-24T12:41:34.4628230Z         {
2026-07-24T12:41:34.4629436Z           "all": false,
2026-07-24T12:41:34.4630143Z           "filter": [
2026-07-24T12:41:34.4631151Z             "type==source.local type==exec.cachemount type==source.git.checkout"
2026-07-24T12:41:34.4632135Z           ],
2026-07-24T12:41:34.4632869Z           "keepDuration": "48h0m0s",
2026-07-24T12:41:34.4633677Z           "maxUsedSpace": "488.3MiB"
2026-07-24T12:41:34.4634433Z         },
2026-07-24T12:41:34.4635099Z         {
2026-07-24T12:41:34.4635789Z           "all": false,
2026-07-24T12:41:34.4636503Z           "keepDuration": "1440h0m0s",
2026-07-24T12:41:34.4637253Z           "reservedSpace": "9.313GiB",
2026-07-24T12:41:34.4638264Z           "maxUsedSpace": "93.13GiB",
2026-07-24T12:41:34.4639005Z           "minFreeSpace": "27.01GiB"
2026-07-24T12:41:34.4639806Z         },
2026-07-24T12:41:34.4640433Z         {
2026-07-24T12:41:34.4641072Z           "all": false,
2026-07-24T12:41:34.4641780Z           "reservedSpace": "9.313GiB",
2026-07-24T12:41:34.4642546Z           "maxUsedSpace": "93.13GiB",
2026-07-24T12:41:34.4643288Z           "minFreeSpace": "27.01GiB"
2026-07-24T12:41:34.4644026Z         },
2026-07-24T12:41:34.4644605Z         {
2026-07-24T12:41:34.4645227Z           "all": true,
2026-07-24T12:41:34.4645997Z           "reservedSpace": "9.313GiB",
2026-07-24T12:41:34.4646779Z           "maxUsedSpace": "93.13GiB",
2026-07-24T12:41:34.4647568Z           "minFreeSpace": "27.01GiB"
2026-07-24T12:41:34.4648238Z         }
2026-07-24T12:41:34.4648937Z       ]
2026-07-24T12:41:34.4649421Z     }
2026-07-24T12:41:34.4649852Z   ],
2026-07-24T12:41:34.4650475Z   "name": "builder-9a9b0493-7624-43bf-a567-c3c231d00dee",
2026-07-24T12:41:34.4651192Z   "driver": "docker-container",
2026-07-24T12:41:34.4651783Z   "lastActivity": "2026-07-24T12:41:27.000Z"
2026-07-24T12:41:34.4652385Z }
2026-07-24T12:41:34.4653241Z ##[endgroup]
2026-07-24T12:41:34.4654006Z ##[group]BuildKit version
2026-07-24T12:41:34.4654595Z builder-9a9b0493-7624-43bf-a567-c3c231d00dee0: v0.31.2
2026-07-24T12:41:34.4655577Z ##[endgroup]
2026-07-24T12:41:34.4772533Z Node 20 is being deprecated. This workflow is running with Node 24 by default. If you need to temporarily use Node 20, you can set the ACTIONS_ALLOW_USE_UNSECURE_NODE_VERSION=true environment variable. For more information see: https://github.blog/changelog/2025-09-19-deprecation-of-node-20-on-github-actions-runners/
2026-07-24T12:41:34.4773929Z ##[group]Run docker/login-action@v3
2026-07-24T12:41:34.4774269Z with:
2026-07-24T12:41:34.4774592Z   registry: ghcr.io
2026-07-24T12:41:34.4774903Z   username: pkinerd
2026-07-24T12:41:34.4777569Z   password: ***
2026-07-24T12:41:34.4777895Z   logout: true
2026-07-24T12:41:34.4778165Z env:
2026-07-24T12:41:34.4778655Z   REGISTRY: ghcr.io
2026-07-24T12:41:34.4778980Z   IMAGE_NAME: pkinerd/ednsv
2026-07-24T12:41:34.4779310Z ##[endgroup]
2026-07-24T12:41:34.7525180Z Logging into ghcr.io...
2026-07-24T12:41:34.7546329Z (node:2525) [DEP0040] DeprecationWarning: The `punycode` module is deprecated. Please use a userland alternative instead.
2026-07-24T12:41:34.7547594Z (Use `node --trace-deprecation ...` to show where the warning was created)
2026-07-24T12:41:35.4340610Z Login Succeeded!
2026-07-24T12:41:35.4476596Z Node 20 is being deprecated. This workflow is running with Node 24 by default. If you need to temporarily use Node 20, you can set the ACTIONS_ALLOW_USE_UNSECURE_NODE_VERSION=true environment variable. For more information see: https://github.blog/changelog/2025-09-19-deprecation-of-node-20-on-github-actions-runners/
2026-07-24T12:41:35.4477876Z ##[group]Run docker/metadata-action@v5
2026-07-24T12:41:35.4478250Z with:
2026-07-24T12:41:35.4478923Z   images: ghcr.io/pkinerd/ednsv
2026-07-24T12:41:35.4479719Z   tags: type=ref,event=branch,prefix=branch-
type=ref,event=pr,prefix=pr-
type=sha,format=short,prefix=sha-
type=raw,value=latest,enable={{is_default_branch}}
type=raw,value=latest-any

2026-07-24T12:41:35.4480524Z   context: workflow
2026-07-24T12:41:35.4483242Z   github-token: ***
2026-07-24T12:41:35.4483554Z env:
2026-07-24T12:41:35.4483863Z   REGISTRY: ghcr.io
2026-07-24T12:41:35.4484388Z   IMAGE_NAME: pkinerd/ednsv
2026-07-24T12:41:35.4484759Z ##[endgroup]
2026-07-24T12:41:35.7878808Z (node:2545) [DEP0040] DeprecationWarning: The `punycode` module is deprecated. Please use a userland alternative instead.
2026-07-24T12:41:35.7880058Z (Use `node --trace-deprecation ...` to show where the warning was created)
2026-07-24T12:41:36.2145445Z ##[group]Context info
2026-07-24T12:41:36.2146452Z eventName: push
2026-07-24T12:41:36.2146904Z sha: 820c0019085f5073eb31d9822b29a158ec3c4826
2026-07-24T12:41:36.2147573Z ref: refs/heads/main
2026-07-24T12:41:36.2148023Z workflow: CI
2026-07-24T12:41:36.2148838Z action: meta
2026-07-24T12:41:36.2149498Z actor: pkinerd
2026-07-24T12:41:36.2149910Z runNumber: 203
2026-07-24T12:41:36.2150497Z runId: 30093968641
2026-07-24T12:41:36.2151331Z commitDate: Fri Jul 24 2026 12:40:43 GMT+0000 (Coordinated Universal Time)
2026-07-24T12:41:36.2152389Z ##[endgroup]
2026-07-24T12:41:36.2156244Z ##[group]Processing images input
2026-07-24T12:41:36.2157084Z name=ghcr.io/pkinerd/ednsv,enable=true
2026-07-24T12:41:36.2158514Z ##[endgroup]
2026-07-24T12:41:36.2174679Z ##[group]Processing tags input
2026-07-24T12:41:36.2175801Z type=ref,event=branch,prefix=branch-,enable=true,priority=600
2026-07-24T12:41:36.2176554Z type=ref,event=pr,prefix=pr-,enable=true,priority=600
2026-07-24T12:41:36.2177308Z type=raw,value=latest,enable={{is_default_branch}},priority=200
2026-07-24T12:41:36.2179258Z type=raw,value=latest-any,enable=true,priority=200
2026-07-24T12:41:36.2180283Z type=sha,format=short,prefix=sha-,enable=true,priority=100
2026-07-24T12:41:36.2181536Z ##[endgroup]
2026-07-24T12:41:36.2182496Z ##[group]Processing flavor input
2026-07-24T12:41:36.2183260Z latest=auto
2026-07-24T12:41:36.2183879Z prefix=
2026-07-24T12:41:36.2184807Z prefixLatest=false
2026-07-24T12:41:36.2185292Z suffix=
2026-07-24T12:41:36.2185676Z suffixLatest=false
2026-07-24T12:41:36.2186666Z ##[endgroup]
2026-07-24T12:41:36.2247199Z ##[group]Docker image version
2026-07-24T12:41:36.2248019Z branch-main
2026-07-24T12:41:36.2249526Z ##[endgroup]
2026-07-24T12:41:36.2253276Z ##[group]Docker tags
2026-07-24T12:41:36.2254058Z ghcr.io/pkinerd/ednsv:branch-main
2026-07-24T12:41:36.2254742Z ghcr.io/pkinerd/ednsv:latest
2026-07-24T12:41:36.2255456Z ghcr.io/pkinerd/ednsv:latest-any
2026-07-24T12:41:36.2256294Z ghcr.io/pkinerd/ednsv:sha-820c001
2026-07-24T12:41:36.2257229Z ##[endgroup]
2026-07-24T12:41:36.2325709Z ##[group]Docker labels
2026-07-24T12:41:36.2326360Z org.opencontainers.image.created=2026-07-24T12:41:36.217Z
2026-07-24T12:41:36.2327207Z org.opencontainers.image.description=
2026-07-24T12:41:36.2327842Z org.opencontainers.image.licenses=
2026-07-24T12:41:36.2328927Z org.opencontainers.image.revision=820c0019085f5073eb31d9822b29a158ec3c4826
2026-07-24T12:41:36.2329894Z org.opencontainers.image.source=https://github.com/pkinerd/ednsv
2026-07-24T12:41:36.2330627Z org.opencontainers.image.title=ednsv
2026-07-24T12:41:36.2331309Z org.opencontainers.image.url=https://github.com/pkinerd/ednsv
2026-07-24T12:41:36.2332167Z org.opencontainers.image.version=branch-main
2026-07-24T12:41:36.2333205Z ##[endgroup]
2026-07-24T12:41:36.2334365Z ##[group]Annotations
2026-07-24T12:41:36.2335168Z manifest:org.opencontainers.image.created=2026-07-24T12:41:36.217Z
2026-07-24T12:41:36.2336024Z manifest:org.opencontainers.image.description=
2026-07-24T12:41:36.2336692Z manifest:org.opencontainers.image.licenses=
2026-07-24T12:41:36.2337794Z manifest:org.opencontainers.image.revision=820c0019085f5073eb31d9822b29a158ec3c4826
2026-07-24T12:41:36.2339159Z manifest:org.opencontainers.image.source=https://github.com/pkinerd/ednsv
2026-07-24T12:41:36.2340265Z manifest:org.opencontainers.image.title=ednsv
2026-07-24T12:41:36.2341085Z manifest:org.opencontainers.image.url=https://github.com/pkinerd/ednsv
2026-07-24T12:41:36.2341947Z manifest:org.opencontainers.image.version=branch-main
2026-07-24T12:41:36.2343079Z ##[endgroup]
2026-07-24T12:41:36.2345029Z ##[group]JSON output
2026-07-24T12:41:36.2345502Z {
2026-07-24T12:41:36.2345875Z   "tags": [
2026-07-24T12:41:36.2346469Z     "ghcr.io/pkinerd/ednsv:branch-main",
2026-07-24T12:41:36.2347140Z     "ghcr.io/pkinerd/ednsv:latest",
2026-07-24T12:41:36.2347659Z     "ghcr.io/pkinerd/ednsv:latest-any",
2026-07-24T12:41:36.2348439Z     "ghcr.io/pkinerd/ednsv:sha-820c001"
2026-07-24T12:41:36.2348950Z   ],
2026-07-24T12:41:36.2349338Z   "tag-names": [
2026-07-24T12:41:36.2349840Z     "branch-main",
2026-07-24T12:41:36.2350259Z     "latest",
2026-07-24T12:41:36.2350638Z     "latest-any",
2026-07-24T12:41:36.2351025Z     "sha-820c001"
2026-07-24T12:41:36.2351390Z   ],
2026-07-24T12:41:36.2351813Z   "labels": {
2026-07-24T12:41:36.2352349Z     "org.opencontainers.image.created": "2026-07-24T12:41:36.217Z",
2026-07-24T12:41:36.2353072Z     "org.opencontainers.image.description": "",
2026-07-24T12:41:36.2353762Z     "org.opencontainers.image.licenses": "",
2026-07-24T12:41:36.2354525Z     "org.opencontainers.image.revision": "820c0019085f5073eb31d9822b29a158ec3c4826",
2026-07-24T12:41:36.2355679Z     "org.opencontainers.image.source": "https://github.com/pkinerd/ednsv",
2026-07-24T12:41:36.2356579Z     "org.opencontainers.image.title": "ednsv",
2026-07-24T12:41:36.2357307Z     "org.opencontainers.image.url": "https://github.com/pkinerd/ednsv",
2026-07-24T12:41:36.2358083Z     "org.opencontainers.image.version": "branch-main"
2026-07-24T12:41:36.2358791Z   },
2026-07-24T12:41:36.2359250Z   "annotations": [
2026-07-24T12:41:36.2360025Z     "manifest:org.opencontainers.image.created=2026-07-24T12:41:36.217Z",
2026-07-24T12:41:36.2360943Z     "manifest:org.opencontainers.image.description=",
2026-07-24T12:41:36.2361742Z     "manifest:org.opencontainers.image.licenses=",
2026-07-24T12:41:36.2362741Z     "manifest:org.opencontainers.image.revision=820c0019085f5073eb31d9822b29a158ec3c4826",
2026-07-24T12:41:36.2363824Z     "manifest:org.opencontainers.image.source=https://github.com/pkinerd/ednsv",
2026-07-24T12:41:36.2364752Z     "manifest:org.opencontainers.image.title=ednsv",
2026-07-24T12:41:36.2365709Z     "manifest:org.opencontainers.image.url=https://github.com/pkinerd/ednsv",
2026-07-24T12:41:36.2367066Z     "manifest:org.opencontainers.image.version=branch-main"
2026-07-24T12:41:36.2367831Z   ]
2026-07-24T12:41:36.2368267Z }
2026-07-24T12:41:36.2369616Z ##[endgroup]
2026-07-24T12:41:36.2370558Z ##[group]Bake file definition (tags)
2026-07-24T12:41:36.2371477Z {
2026-07-24T12:41:36.2371978Z   "target": {
2026-07-24T12:41:36.2372564Z     "docker-metadata-action": {
2026-07-24T12:41:36.2373181Z       "tags": [
2026-07-24T12:41:36.2373742Z         "ghcr.io/pkinerd/ednsv:branch-main",
2026-07-24T12:41:36.2374432Z         "ghcr.io/pkinerd/ednsv:latest",
2026-07-24T12:41:36.2375104Z         "ghcr.io/pkinerd/ednsv:latest-any",
2026-07-24T12:41:36.2375889Z         "ghcr.io/pkinerd/ednsv:sha-820c001"
2026-07-24T12:41:36.2376531Z       ],
2026-07-24T12:41:36.2376987Z       "args": {
2026-07-24T12:41:36.2377616Z         "DOCKER_META_IMAGES": "ghcr.io/pkinerd/ednsv",
2026-07-24T12:41:36.2378486Z         "DOCKER_META_VERSION": "branch-main"
2026-07-24T12:41:36.2379089Z       }
2026-07-24T12:41:36.2379586Z     }
2026-07-24T12:41:36.2380254Z   }
2026-07-24T12:41:36.2380737Z }
2026-07-24T12:41:36.2381676Z ##[endgroup]
2026-07-24T12:41:36.2382740Z ##[group]Bake file definition (labels)
2026-07-24T12:41:36.2383328Z {
2026-07-24T12:41:36.2383772Z   "target": {
2026-07-24T12:41:36.2384355Z     "docker-metadata-action": {
2026-07-24T12:41:36.2384981Z       "labels": {
2026-07-24T12:41:36.2385739Z         "org.opencontainers.image.created": "2026-07-24T12:41:36.217Z",
2026-07-24T12:41:36.2386810Z         "org.opencontainers.image.description": "",
2026-07-24T12:41:36.2387477Z         "org.opencontainers.image.licenses": "",
2026-07-24T12:41:36.2388248Z         "org.opencontainers.image.revision": "820c0019085f5073eb31d9822b29a158ec3c4826",
2026-07-24T12:41:36.2389332Z         "org.opencontainers.image.source": "https://github.com/pkinerd/ednsv",
2026-07-24T12:41:36.2390053Z         "org.opencontainers.image.title": "ednsv",
2026-07-24T12:41:36.2390720Z         "org.opencontainers.image.url": "https://github.com/pkinerd/ednsv",
2026-07-24T12:41:36.2391233Z         "org.opencontainers.image.version": "branch-main"
2026-07-24T12:41:36.2391610Z       }
2026-07-24T12:41:36.2391901Z     }
2026-07-24T12:41:36.2392161Z   }
2026-07-24T12:41:36.2392429Z }
2026-07-24T12:41:36.2392969Z ##[endgroup]
2026-07-24T12:41:36.2393690Z ##[group]Bake file definition (annotations)
2026-07-24T12:41:36.2394112Z {
2026-07-24T12:41:36.2394415Z   "target": {
2026-07-24T12:41:36.2394785Z     "docker-metadata-action": {
2026-07-24T12:41:36.2395249Z       "annotations": [
2026-07-24T12:41:36.2395840Z         "manifest:org.opencontainers.image.created=2026-07-24T12:41:36.217Z",
2026-07-24T12:41:36.2396549Z         "manifest:org.opencontainers.image.description=",
2026-07-24T12:41:36.2397122Z         "manifest:org.opencontainers.image.licenses=",
2026-07-24T12:41:36.2397891Z         "manifest:org.opencontainers.image.revision=820c0019085f5073eb31d9822b29a158ec3c4826",
2026-07-24T12:41:36.2398937Z         "manifest:org.opencontainers.image.source=https://github.com/pkinerd/ednsv",
2026-07-24T12:41:36.2399945Z         "manifest:org.opencontainers.image.title=ednsv",
2026-07-24T12:41:36.2400709Z         "manifest:org.opencontainers.image.url=https://github.com/pkinerd/ednsv",
2026-07-24T12:41:36.2401495Z         "manifest:org.opencontainers.image.version=branch-main"
2026-07-24T12:41:36.2402114Z       ]
2026-07-24T12:41:36.2402471Z     }
2026-07-24T12:41:36.2402847Z   }
2026-07-24T12:41:36.2403259Z }
2026-07-24T12:41:36.2403931Z ##[endgroup]
2026-07-24T12:41:36.2524979Z Node 20 is being deprecated. This workflow is running with Node 24 by default. If you need to temporarily use Node 20, you can set the ACTIONS_ALLOW_USE_UNSECURE_NODE_VERSION=true environment variable. For more information see: https://github.blog/changelog/2025-09-19-deprecation-of-node-20-on-github-actions-runners/
2026-07-24T12:41:36.2526264Z ##[group]Run docker/build-push-action@v6
2026-07-24T12:41:36.2526641Z with:
2026-07-24T12:41:36.2527085Z   context: .
2026-07-24T12:41:36.2527376Z   file: ./Dockerfile
2026-07-24T12:41:36.2527700Z   push: true
2026-07-24T12:41:36.2528552Z   tags: ghcr.io/pkinerd/ednsv:branch-main
ghcr.io/pkinerd/ednsv:latest
ghcr.io/pkinerd/ednsv:latest-any
ghcr.io/pkinerd/ednsv:sha-820c001
2026-07-24T12:41:36.2530660Z   labels: org.opencontainers.image.created=2026-07-24T12:41:36.217Z
org.opencontainers.image.description=
org.opencontainers.image.licenses=
org.opencontainers.image.revision=820c0019085f5073eb31d9822b29a158ec3c4826
org.opencontainers.image.source=https://github.com/pkinerd/ednsv
org.opencontainers.image.title=ednsv
org.opencontainers.image.url=https://github.com/pkinerd/ednsv
org.opencontainers.image.version=branch-main
2026-07-24T12:41:36.2532277Z   cache-from: type=gha
2026-07-24T12:41:36.2532592Z   cache-to: type=gha,mode=max
2026-07-24T12:41:36.2532960Z   load: false
2026-07-24T12:41:36.2533248Z   no-cache: false
2026-07-24T12:41:36.2533544Z   pull: false
2026-07-24T12:41:36.2536354Z   github-token: ***
2026-07-24T12:41:36.2536657Z env:
2026-07-24T12:41:36.2536966Z   REGISTRY: ghcr.io
2026-07-24T12:41:36.2537278Z   IMAGE_NAME: pkinerd/ednsv
2026-07-24T12:41:36.2537657Z   DOCKER_METADATA_OUTPUT_VERSION: branch-main
2026-07-24T12:41:36.2538597Z   DOCKER_METADATA_OUTPUT_TAGS: ghcr.io/pkinerd/ednsv:branch-main
ghcr.io/pkinerd/ednsv:latest
ghcr.io/pkinerd/ednsv:latest-any
ghcr.io/pkinerd/ednsv:sha-820c001
2026-07-24T12:41:36.2539436Z   DOCKER_METADATA_OUTPUT_TAG_NAMES: branch-main
latest
latest-any
sha-820c001
2026-07-24T12:41:36.2541232Z   DOCKER_METADATA_OUTPUT_LABELS: org.opencontainers.image.created=2026-07-24T12:41:36.217Z
org.opencontainers.image.description=
org.opencontainers.image.licenses=
org.opencontainers.image.revision=820c0019085f5073eb31d9822b29a158ec3c4826
org.opencontainers.image.source=https://github.com/pkinerd/ednsv
org.opencontainers.image.title=ednsv
org.opencontainers.image.url=https://github.com/pkinerd/ednsv
org.opencontainers.image.version=branch-main
2026-07-24T12:41:36.2544271Z   DOCKER_METADATA_OUTPUT_ANNOTATIONS: manifest:org.opencontainers.image.created=2026-07-24T12:41:36.217Z
manifest:org.opencontainers.image.description=
manifest:org.opencontainers.image.licenses=
manifest:org.opencontainers.image.revision=820c0019085f5073eb31d9822b29a158ec3c4826
manifest:org.opencontainers.image.source=https://github.com/pkinerd/ednsv
manifest:org.opencontainers.image.title=ednsv
manifest:org.opencontainers.image.url=https://github.com/pkinerd/ednsv
manifest:org.opencontainers.image.version=branch-main
2026-07-24T12:41:36.2549963Z   DOCKER_METADATA_OUTPUT_JSON: {"tags":["ghcr.io/pkinerd/ednsv:branch-main","ghcr.io/pkinerd/ednsv:latest","ghcr.io/pkinerd/ednsv:latest-any","ghcr.io/pkinerd/ednsv:sha-820c001"],"tag-names":["branch-main","latest","latest-any","sha-820c001"],"labels":{"org.opencontainers.image.created":"2026-07-24T12:41:36.217Z","org.opencontainers.image.description":"","org.opencontainers.image.licenses":"","org.opencontainers.image.revision":"820c0019085f5073eb31d9822b29a158ec3c4826","org.opencontainers.image.source":"https://github.com/pkinerd/ednsv","org.opencontainers.image.title":"ednsv","org.opencontainers.image.url":"https://github.com/pkinerd/ednsv","org.opencontainers.image.version":"branch-main"},"annotations":["manifest:org.opencontainers.image.created=2026-07-24T12:41:36.217Z","manifest:org.opencontainers.image.description=","manifest:org.opencontainers.image.licenses=","manifest:org.opencontainers.image.revision=820c0019085f5073eb31d9822b29a158ec3c4826","manifest:org.opencontainers.image.source=https://github.com/pkinerd/ednsv","manifest:org.opencontainers.image.title=ednsv","manifest:org.opencontainers.image.url=https://github.com/pkinerd/ednsv","manifest:org.opencontainers.image.version=branch-main"]}
2026-07-24T12:41:36.2554367Z   DOCKER_METADATA_OUTPUT_BAKE_FILE_TAGS: /home/runner/work/_temp/docker-actions-toolkit-TY0kGQ/docker-metadata-action-bake-tags.json
2026-07-24T12:41:36.2555342Z   DOCKER_METADATA_OUTPUT_BAKE_FILE_LABELS: /home/runner/work/_temp/docker-actions-toolkit-TY0kGQ/docker-metadata-action-bake-labels.json
2026-07-24T12:41:36.2556425Z   DOCKER_METADATA_OUTPUT_BAKE_FILE_ANNOTATIONS: /home/runner/work/_temp/docker-actions-toolkit-TY0kGQ/docker-metadata-action-bake-annotations.json
2026-07-24T12:41:36.2557364Z   DOCKER_METADATA_OUTPUT_BAKE_FILE: /home/runner/work/_temp/docker-actions-toolkit-TY0kGQ/docker-metadata-action-bake.json
2026-07-24T12:41:36.2557975Z ##[endgroup]
2026-07-24T12:41:36.4784114Z (node:2557) [DEP0040] DeprecationWarning: The `punycode` module is deprecated. Please use a userland alternative instead.
2026-07-24T12:41:36.4785484Z (Use `node --trace-deprecation ...` to show where the warning was created)
2026-07-24T12:41:36.4803978Z ##[group]GitHub Actions runtime token ACs
2026-07-24T12:41:36.4812593Z refs/heads/main: read/write
2026-07-24T12:41:36.4813474Z ##[endgroup]
2026-07-24T12:41:36.4814332Z ##[group]Docker info
2026-07-24T12:41:36.4868991Z [command]/usr/bin/docker version
2026-07-24T12:41:36.5127364Z Client: Docker Engine - Community
2026-07-24T12:41:36.5149309Z  Version:           28.0.4
2026-07-24T12:41:36.5150049Z  API version:       1.48
2026-07-24T12:41:36.5150633Z  Go version:        go1.23.7
2026-07-24T12:41:36.5151148Z  Git commit:        b8034c0
2026-07-24T12:41:36.5151735Z  Built:             Tue Mar 25 15:07:16 2025
2026-07-24T12:41:36.5152363Z  OS/Arch:           linux/amd64
2026-07-24T12:41:36.5153417Z  Context:           default
2026-07-24T12:41:36.5153788Z 
2026-07-24T12:41:36.5153983Z Server: Docker Engine - Community
2026-07-24T12:41:36.5154464Z  Engine:
2026-07-24T12:41:36.5154900Z   Version:          28.0.4
2026-07-24T12:41:36.5155385Z   API version:      1.48 (minimum version 1.24)
2026-07-24T12:41:36.5156053Z   Go version:       go1.23.7
2026-07-24T12:41:36.5156546Z   Git commit:       6430e49
2026-07-24T12:41:36.5157001Z   Built:            Tue Mar 25 15:07:16 2025
2026-07-24T12:41:36.5157508Z   OS/Arch:          linux/amd64
2026-07-24T12:41:36.5157982Z   Experimental:     false
2026-07-24T12:41:36.5158606Z  containerd:
2026-07-24T12:41:36.5159041Z   Version:          v2.2.6
2026-07-24T12:41:36.5159564Z   GitCommit:        11ce9d5f3c68c941867e82890e93e815c1304f1b
2026-07-24T12:41:36.5160179Z  runc:
2026-07-24T12:41:36.5160523Z   Version:          1.3.6
2026-07-24T12:41:36.5160995Z   GitCommit:        v1.3.6-0-g491b69ba
2026-07-24T12:41:36.5161528Z  docker-init:
2026-07-24T12:41:36.5161913Z   Version:          0.19.0
2026-07-24T12:41:36.5162332Z   GitCommit:        de40ad0
2026-07-24T12:41:36.5172822Z [command]/usr/bin/docker info
2026-07-24T12:41:36.5720102Z Client: Docker Engine - Community
2026-07-24T12:41:36.5720683Z  Version:    28.0.4
2026-07-24T12:41:36.5721204Z  Context:    default
2026-07-24T12:41:36.5721866Z  Debug Mode: false
2026-07-24T12:41:36.5722283Z  Plugins:
2026-07-24T12:41:36.5722633Z   buildx: Docker Buildx (Docker Inc.)
2026-07-24T12:41:36.5722980Z     Version:  v0.35.0
2026-07-24T12:41:36.5723355Z     Path:     /usr/libexec/docker/cli-plugins/docker-buildx
2026-07-24T12:41:36.5723813Z   compose: Docker Compose (Docker Inc.)
2026-07-24T12:41:36.5724175Z     Version:  v2.38.2
2026-07-24T12:41:36.5724547Z     Path:     /usr/libexec/docker/cli-plugins/docker-compose
2026-07-24T12:41:36.5724832Z 
2026-07-24T12:41:36.5724939Z Server:
2026-07-24T12:41:36.5725192Z  Containers: 1
2026-07-24T12:41:36.5725529Z   Running: 1
2026-07-24T12:41:36.5725802Z   Paused: 0
2026-07-24T12:41:36.5726073Z   Stopped: 0
2026-07-24T12:41:36.5726359Z  Images: 7
2026-07-24T12:41:36.5726670Z  Server Version: 28.0.4
2026-07-24T12:41:36.5727032Z  Storage Driver: overlay2
2026-07-24T12:41:36.5727876Z   Backing Filesystem: extfs
2026-07-24T12:41:36.5728209Z   Supports d_type: true
2026-07-24T12:41:36.5728963Z   Using metacopy: false
2026-07-24T12:41:36.5729280Z   Native Overlay Diff: false
2026-07-24T12:41:36.5729612Z   userxattr: false
2026-07-24T12:41:36.5729956Z  Logging Driver: json-file
2026-07-24T12:41:36.5730272Z  Cgroup Driver: systemd
2026-07-24T12:41:36.5730590Z  Cgroup Version: 2
2026-07-24T12:41:36.5730874Z  Plugins:
2026-07-24T12:41:36.5731259Z   Volume: local
2026-07-24T12:41:36.5731611Z   Network: bridge host ipvlan macvlan null overlay
2026-07-24T12:41:36.5732083Z   Log: awslogs fluentd gcplogs gelf journald json-file local splunk syslog
2026-07-24T12:41:36.5732516Z  Swarm: inactive
2026-07-24T12:41:36.5732841Z  Runtimes: runc io.containerd.runc.v2
2026-07-24T12:41:36.5733214Z  Default Runtime: runc
2026-07-24T12:41:36.5733562Z  Init Binary: docker-init
2026-07-24T12:41:36.5733939Z  containerd version: 11ce9d5f3c68c941867e82890e93e815c1304f1b
2026-07-24T12:41:36.5734360Z  runc version: v1.3.6-0-g491b69ba
2026-07-24T12:41:36.5734729Z  init version: de40ad0
2026-07-24T12:41:36.5735153Z  Security Options:
2026-07-24T12:41:36.5735549Z   apparmor
2026-07-24T12:41:36.5735831Z   seccomp
2026-07-24T12:41:36.5736086Z    Profile: builtin
2026-07-24T12:41:36.5736398Z   cgroupns
2026-07-24T12:41:36.5736702Z  Kernel Version: 6.17.0-1020-azure
2026-07-24T12:41:36.5737049Z  Operating System: Ubuntu 24.04.4 LTS
2026-07-24T12:41:36.5737402Z  OSType: linux
2026-07-24T12:41:36.5737685Z  Architecture: x86_64
2026-07-24T12:41:36.5738001Z  CPUs: 4
2026-07-24T12:41:36.5738562Z  Total Memory: 15.61GiB
2026-07-24T12:41:36.5738958Z  Name: runnervmvrwv9
2026-07-24T12:41:36.5739324Z  ID: dce1e4a9-fc26-4218-aaf0-feee5194c8cb
2026-07-24T12:41:36.5739813Z  Docker Root Dir: /var/lib/docker
2026-07-24T12:41:36.5740157Z  Debug Mode: false
2026-07-24T12:41:36.5740564Z  Username: githubactions
2026-07-24T12:41:36.5740997Z  Experimental: false
2026-07-24T12:41:36.5741367Z  Insecure Registries:
2026-07-24T12:41:36.5741698Z   ::1/128
2026-07-24T12:41:36.5741990Z   127.0.0.0/8
2026-07-24T12:41:36.5742310Z  Live Restore Enabled: false
2026-07-24T12:41:36.5742483Z 
2026-07-24T12:41:36.5742924Z ##[endgroup]
2026-07-24T12:41:36.5743479Z ##[group]Proxy configuration
2026-07-24T12:41:36.5743807Z No proxy configuration found
2026-07-24T12:41:36.5744281Z ##[endgroup]
2026-07-24T12:41:36.6241138Z ##[group]Buildx version
2026-07-24T12:41:36.6257165Z [command]/usr/bin/docker buildx version
2026-07-24T12:41:36.6677848Z github.com/docker/buildx v0.35.0 a319e5b15052cf6557ceb666eb8ff6e32380b782
2026-07-24T12:41:36.6694447Z ##[endgroup]
2026-07-24T12:41:36.6695249Z ##[group]Builder info
2026-07-24T12:41:36.7486514Z {
2026-07-24T12:41:36.7490049Z   "nodes": [
2026-07-24T12:41:36.7490431Z     {
2026-07-24T12:41:36.7490887Z       "name": "builder-9a9b0493-7624-43bf-a567-c3c231d00dee0",
2026-07-24T12:41:36.7491565Z       "endpoint": "unix:///var/run/docker.sock",
2026-07-24T12:41:36.7492138Z       "status": "running",
2026-07-24T12:41:36.7493142Z       "buildkitd-flags": "--allow-insecure-entitlement security.insecure --allow-insecure-entitlement network.host",
2026-07-24T12:41:36.7494172Z       "buildkit": "v0.31.2",
2026-07-24T12:41:36.7494828Z       "platforms": "linux/amd64,linux/amd64/v2,linux/amd64/v3,linux/amd64/v4,linux/386",
2026-07-24T12:41:36.7495562Z       "features": {
2026-07-24T12:41:36.7496106Z         "Automatically load images to the Docker Engine image store": true,
2026-07-24T12:41:36.7496783Z         "Cache export": true,
2026-07-24T12:41:36.7497273Z         "Direct push": true,
2026-07-24T12:41:36.7497700Z         "Docker exporter": true,
2026-07-24T12:41:36.7498166Z         "Multi-platform build": true,
2026-07-24T12:41:36.7498964Z         "OCI exporter": true
2026-07-24T12:41:36.7499463Z       },
2026-07-24T12:41:36.7499859Z       "labels": {
2026-07-24T12:41:36.7500327Z         "org.mobyproject.buildkit.worker.executor": "oci",
2026-07-24T12:41:36.7501406Z         "org.mobyproject.buildkit.worker.hostname": "4e01b4b7d5ae",
2026-07-24T12:41:36.7502107Z         "org.mobyproject.buildkit.worker.network": "host",
2026-07-24T12:41:36.7502888Z         "org.mobyproject.buildkit.worker.oci.process-mode": "sandbox",
2026-07-24T12:41:36.7503730Z         "org.mobyproject.buildkit.worker.selinux.enabled": "false",
2026-07-24T12:41:36.7504457Z         "org.mobyproject.buildkit.worker.snapshotter": "overlayfs"
2026-07-24T12:41:36.7505041Z       },
2026-07-24T12:41:36.7505464Z       "gcPolicy": [
2026-07-24T12:41:36.7506083Z         {
2026-07-24T12:41:36.7506525Z           "all": false,
2026-07-24T12:41:36.7506979Z           "filter": [
2026-07-24T12:41:36.7507567Z             "type==source.local type==exec.cachemount type==source.git.checkout"
2026-07-24T12:41:36.7508248Z           ],
2026-07-24T12:41:36.7510623Z           "keepDuration": "48h0m0s",
2026-07-24T12:41:36.7511516Z           "maxUsedSpace": "488.3MiB"
2026-07-24T12:41:36.7512178Z         },
2026-07-24T12:41:36.7512531Z         {
2026-07-24T12:41:36.7513082Z           "all": false,
2026-07-24T12:41:36.7513834Z           "keepDuration": "1440h0m0s",
2026-07-24T12:41:36.7514314Z           "reservedSpace": "9.313GiB",
2026-07-24T12:41:36.7514867Z           "maxUsedSpace": "93.13GiB",
2026-07-24T12:41:36.7515554Z           "minFreeSpace": "27.01GiB"
2026-07-24T12:41:36.7516359Z         },
2026-07-24T12:41:36.7516805Z         {
2026-07-24T12:41:36.7517168Z           "all": false,
2026-07-24T12:41:36.7517745Z           "reservedSpace": "9.313GiB",
2026-07-24T12:41:36.7519194Z           "maxUsedSpace": "93.13GiB",
2026-07-24T12:41:36.7519708Z           "minFreeSpace": "27.01GiB"
2026-07-24T12:41:36.7520454Z         },
2026-07-24T12:41:36.7521139Z         {
2026-07-24T12:41:36.7521498Z           "all": true,
2026-07-24T12:41:36.7522050Z           "reservedSpace": "9.313GiB",
2026-07-24T12:41:36.7522573Z           "maxUsedSpace": "93.13GiB",
2026-07-24T12:41:36.7523151Z           "minFreeSpace": "27.01GiB"
2026-07-24T12:41:36.7523624Z         }
2026-07-24T12:41:36.7524003Z       ]
2026-07-24T12:41:36.7524379Z     }
2026-07-24T12:41:36.7524733Z   ],
2026-07-24T12:41:36.7525220Z   "name": "builder-9a9b0493-7624-43bf-a567-c3c231d00dee",
2026-07-24T12:41:36.7525923Z   "driver": "docker-container",
2026-07-24T12:41:36.7526528Z   "lastActivity": "2026-07-24T12:41:27.000Z"
2026-07-24T12:41:36.7527106Z }
2026-07-24T12:41:36.7527913Z ##[endgroup]
2026-07-24T12:41:36.8901950Z [command]/usr/bin/docker buildx build --cache-from type=gha --cache-to type=gha,mode=max --file ./Dockerfile --iidfile /home/runner/work/_temp/docker-actions-toolkit-dHO4Ds/build-iidfile-377042ebcc.txt --label org.opencontainers.image.created=2026-07-24T12:41:36.217Z --label org.opencontainers.image.description= --label org.opencontainers.image.licenses= --label org.opencontainers.image.revision=820c0019085f5073eb31d9822b29a158ec3c4826 --label org.opencontainers.image.source=https://github.com/pkinerd/ednsv --label org.opencontainers.image.title=ednsv --label org.opencontainers.image.url=https://github.com/pkinerd/ednsv --label org.opencontainers.image.version=branch-main --attest type=provenance,mode=max,builder-id=https://github.com/pkinerd/ednsv/actions/runs/30093968641/attempts/1 --tag ghcr.io/pkinerd/ednsv:branch-main --tag ghcr.io/pkinerd/ednsv:latest --tag ghcr.io/pkinerd/ednsv:latest-any --tag ghcr.io/pkinerd/ednsv:sha-820c001 --metadata-file /home/runner/work/_temp/docker-actions-toolkit-dHO4Ds/build-metadata-95ab3091aa.json --push .
2026-07-24T12:41:37.1522655Z #0 building with "builder-9a9b0493-7624-43bf-a567-c3c231d00dee" instance using docker-container driver
2026-07-24T12:41:37.1523515Z 
2026-07-24T12:41:37.1523846Z #1 [internal] load build definition from Dockerfile
2026-07-24T12:41:37.1524418Z #1 transferring dockerfile: 827B done
2026-07-24T12:41:37.1524828Z #1 DONE 0.0s
2026-07-24T12:41:37.1525026Z 
2026-07-24T12:41:37.1525277Z #2 resolve image config for docker-image://docker.io/docker/dockerfile:1.7
2026-07-24T12:41:37.3540868Z #2 ...
2026-07-24T12:41:37.3541175Z 
2026-07-24T12:41:37.3541852Z #3 [auth] docker/dockerfile:pull token for registry-1.docker.io
2026-07-24T12:41:37.3542551Z #3 DONE 0.0s
2026-07-24T12:41:37.5044965Z 
2026-07-24T12:41:37.5046139Z #2 resolve image config for docker-image://docker.io/docker/dockerfile:1.7
2026-07-24T12:41:37.8196073Z #2 DONE 0.8s
2026-07-24T12:41:38.0085115Z 
2026-07-24T12:41:38.0086560Z #4 docker-image://docker.io/docker/dockerfile:1.7@sha256:a57df69d0ea827fb7266491f2813635de6f17269be881f696fbfdf2d83dda33e
2026-07-24T12:41:38.0087743Z #4 resolve docker.io/docker/dockerfile:1.7@sha256:a57df69d0ea827fb7266491f2813635de6f17269be881f696fbfdf2d83dda33e done
2026-07-24T12:41:38.0152441Z #4 sha256:96918c57e42509b97f10c074d80672ecdbd3bb7dcd38c1bd95960cf291207416 11.98MB / 11.98MB 0.2s
2026-07-24T12:41:38.1751286Z #4 sha256:96918c57e42509b97f10c074d80672ecdbd3bb7dcd38c1bd95960cf291207416 11.98MB / 11.98MB 0.2s done
2026-07-24T12:41:38.1752235Z #4 extracting sha256:96918c57e42509b97f10c074d80672ecdbd3bb7dcd38c1bd95960cf291207416 0.1s done
2026-07-24T12:41:38.1752957Z #4 DONE 0.3s
2026-07-24T12:41:38.3772784Z 
2026-07-24T12:41:38.3773652Z #5 [internal] load metadata for mcr.microsoft.com/dotnet/sdk:8.0
2026-07-24T12:41:38.5800884Z #5 ...
2026-07-24T12:41:38.5801284Z 
2026-07-24T12:41:38.5801735Z #6 [internal] load metadata for mcr.microsoft.com/dotnet/aspnet:8.0
2026-07-24T12:41:38.5802509Z #6 DONE 0.4s
2026-07-24T12:41:38.7305902Z 
2026-07-24T12:41:38.7307025Z #5 [internal] load metadata for mcr.microsoft.com/dotnet/sdk:8.0
2026-07-24T12:41:42.8361383Z #5 DONE 4.6s
2026-07-24T12:41:42.9904886Z 
2026-07-24T12:41:42.9905890Z #7 [internal] load .dockerignore
2026-07-24T12:41:42.9906712Z #7 transferring context: 249B done
2026-07-24T12:41:42.9907579Z #7 DONE 0.0s
2026-07-24T12:41:42.9907846Z 
2026-07-24T12:41:42.9908242Z #8 importing cache manifest from gha:13036769410903073404
2026-07-24T12:41:43.1588199Z #8 ...
2026-07-24T12:41:43.1589036Z 
2026-07-24T12:41:43.1589257Z #9 [internal] load build context
2026-07-24T12:41:43.1589794Z #9 DONE 0.0s
2026-07-24T12:41:43.1590132Z 
2026-07-24T12:41:43.1590944Z #10 [build 1/8] FROM mcr.microsoft.com/dotnet/sdk:8.0@sha256:89ce6291bde9acdf59594e79fb8277c6d84c46e4b1f5bf126a4f18766e4bd597
2026-07-24T12:41:43.1592584Z #10 resolve mcr.microsoft.com/dotnet/sdk:8.0@sha256:89ce6291bde9acdf59594e79fb8277c6d84c46e4b1f5bf126a4f18766e4bd597 done
2026-07-24T12:41:43.1593572Z #10 DONE 0.0s
2026-07-24T12:41:43.1593812Z 
2026-07-24T12:41:43.1594355Z #11 [runtime 1/3] FROM mcr.microsoft.com/dotnet/aspnet:8.0@sha256:9822a6201c64c9f38b8a190832a7ae21cd30150d509b3ea170fd83b4f4e6166a
2026-07-24T12:41:43.1595552Z #11 resolve mcr.microsoft.com/dotnet/aspnet:8.0@sha256:9822a6201c64c9f38b8a190832a7ae21cd30150d509b3ea170fd83b4f4e6166a 0.0s done
2026-07-24T12:41:43.1596409Z #11 DONE 0.0s
2026-07-24T12:41:43.3090115Z 
2026-07-24T12:41:43.3091240Z #8 importing cache manifest from gha:13036769410903073404
2026-07-24T12:41:43.4174302Z #8 DONE 0.4s
2026-07-24T12:41:43.5919620Z 
2026-07-24T12:41:43.5920310Z #9 [internal] load build context
2026-07-24T12:41:43.5921050Z #9 transferring context: 810.40kB 0.0s done
2026-07-24T12:41:43.5921482Z #9 DONE 0.0s
2026-07-24T12:41:43.5921652Z 
2026-07-24T12:41:43.5921824Z #12 [build 2/8] WORKDIR /src
2026-07-24T12:41:43.6925767Z #12 CACHED
2026-07-24T12:41:43.8438858Z 
2026-07-24T12:41:43.8439855Z #12 [build 2/8] WORKDIR /src
2026-07-24T12:41:43.8473306Z #12 sha256:527e962643720863df9b6d7e1029f629eb5f4ae8ec95166afd6bb178bbbbe997 0B / 93B 0.2s
2026-07-24T12:41:43.9976202Z #12 sha256:669b654f76f36f76f7e9ee1d5a81a55def35a6aab072f561e6417db52da31b7a 2.69kB / 2.69kB 0.2s done
2026-07-24T12:41:43.9977415Z #12 sha256:4a1adfe703f2293ec5cde3dd610e571357be78d64c0d3de84e96ca94d8439dbf 0B / 17.06MB 0.2s
2026-07-24T12:41:43.9978692Z #12 sha256:b0d7d832459327548cd7a8510001f16e317e0620d38b30d75a6ba9c5b1a1482d 0B / 177.89MB 0.2s
2026-07-24T12:41:44.1539041Z #12 sha256:527e962643720863df9b6d7e1029f629eb5f4ae8ec95166afd6bb178bbbbe997 93B / 93B 0.3s done
2026-07-24T12:41:44.1540584Z #12 sha256:f643d834db55faad1eb60e02f90129bbc582d5780c4ab56e4f2c610a7f5b9583 0B / 31.09MB 0.2s
2026-07-24T12:41:44.3042511Z #12 sha256:e1832c1b48a6042dc2be559908683ef9dae2586a8d8e47c9c9fbc48c6aa03c2e 0B / 11.10MB 0.2s
2026-07-24T12:41:44.4547042Z #12 sha256:4a1adfe703f2293ec5cde3dd610e571357be78d64c0d3de84e96ca94d8439dbf 1.05MB / 17.06MB 0.8s
2026-07-24T12:41:44.6064972Z #12 sha256:4a1adfe703f2293ec5cde3dd610e571357be78d64c0d3de84e96ca94d8439dbf 3.15MB / 17.06MB 0.9s
2026-07-24T12:41:44.7539589Z #12 sha256:4a1adfe703f2293ec5cde3dd610e571357be78d64c0d3de84e96ca94d8439dbf 5.24MB / 17.06MB 1.1s
2026-07-24T12:41:44.7540689Z #12 sha256:f643d834db55faad1eb60e02f90129bbc582d5780c4ab56e4f2c610a7f5b9583 2.10MB / 31.09MB 0.8s
2026-07-24T12:41:44.9039096Z #12 sha256:4a1adfe703f2293ec5cde3dd610e571357be78d64c0d3de84e96ca94d8439dbf 9.44MB / 17.06MB 1.2s
2026-07-24T12:41:44.9039886Z #12 sha256:e1832c1b48a6042dc2be559908683ef9dae2586a8d8e47c9c9fbc48c6aa03c2e 1.05MB / 11.10MB 0.8s
2026-07-24T12:41:45.0543051Z #12 sha256:4a1adfe703f2293ec5cde3dd610e571357be78d64c0d3de84e96ca94d8439dbf 14.68MB / 17.06MB 1.4s
2026-07-24T12:41:45.0544655Z #12 sha256:f643d834db55faad1eb60e02f90129bbc582d5780c4ab56e4f2c610a7f5b9583 7.34MB / 31.09MB 1.1s
2026-07-24T12:41:45.0545660Z #12 sha256:e1832c1b48a6042dc2be559908683ef9dae2586a8d8e47c9c9fbc48c6aa03c2e 2.10MB / 11.10MB 0.9s
2026-07-24T12:41:45.2044726Z #12 sha256:4a1adfe703f2293ec5cde3dd610e571357be78d64c0d3de84e96ca94d8439dbf 17.06MB / 17.06MB 1.5s
2026-07-24T12:41:45.2045625Z #12 sha256:f643d834db55faad1eb60e02f90129bbc582d5780c4ab56e4f2c610a7f5b9583 11.53MB / 31.09MB 1.2s
2026-07-24T12:41:45.2046595Z #12 sha256:e1832c1b48a6042dc2be559908683ef9dae2586a8d8e47c9c9fbc48c6aa03c2e 4.19MB / 11.10MB 1.1s
2026-07-24T12:41:45.3428837Z #12 sha256:4a1adfe703f2293ec5cde3dd610e571357be78d64c0d3de84e96ca94d8439dbf 17.06MB / 17.06MB 1.6s done
2026-07-24T12:41:45.3430339Z #12 sha256:b0d7d832459327548cd7a8510001f16e317e0620d38b30d75a6ba9c5b1a1482d 10.49MB / 177.89MB 1.5s
2026-07-24T12:41:45.3431736Z #12 sha256:f643d834db55faad1eb60e02f90129bbc582d5780c4ab56e4f2c610a7f5b9583 15.73MB / 31.09MB 1.4s
2026-07-24T12:41:45.3432820Z #12 sha256:e1832c1b48a6042dc2be559908683ef9dae2586a8d8e47c9c9fbc48c6aa03c2e 7.34MB / 11.10MB 1.2s
2026-07-24T12:41:45.4923164Z #12 sha256:f643d834db55faad1eb60e02f90129bbc582d5780c4ab56e4f2c610a7f5b9583 24.12MB / 31.09MB 1.5s
2026-07-24T12:41:45.4924116Z #12 sha256:e1832c1b48a6042dc2be559908683ef9dae2586a8d8e47c9c9fbc48c6aa03c2e 11.10MB / 11.10MB 1.4s done
2026-07-24T12:41:45.4925127Z #12 sha256:0e5539ed2775bdbdae40e349b882518e23f72473c3c0ee9b36fbe3b48430ff6d 0B / 164B 0.2s
2026-07-24T12:41:45.6423597Z #12 sha256:f643d834db55faad1eb60e02f90129bbc582d5780c4ab56e4f2c610a7f5b9583 31.09MB / 31.09MB 1.7s
2026-07-24T12:41:45.6424736Z #12 sha256:0e5539ed2775bdbdae40e349b882518e23f72473c3c0ee9b36fbe3b48430ff6d 164B / 164B 0.3s
2026-07-24T12:41:45.6425544Z #12 sha256:369e46e487316155d09f898ec50c02180d49f7ac3f9a3f6069b0d21d80557714 0B / 32.26MB 0.2s
2026-07-24T12:41:45.8088178Z #12 sha256:b0d7d832459327548cd7a8510001f16e317e0620d38b30d75a6ba9c5b1a1482d 20.97MB / 177.89MB 2.1s
2026-07-24T12:41:45.9581119Z #12 sha256:f643d834db55faad1eb60e02f90129bbc582d5780c4ab56e4f2c610a7f5b9583 31.09MB / 31.09MB 1.9s done
2026-07-24T12:41:45.9582454Z #12 sha256:0e5539ed2775bdbdae40e349b882518e23f72473c3c0ee9b36fbe3b48430ff6d 164B / 164B 0.4s done
2026-07-24T12:41:45.9583728Z #12 sha256:33ab927dd0b40e0e12b1c744ea555a3d4bd3d5134535dfbda2d86ee99a868ea0 3.33kB / 3.33kB 0.1s done
2026-07-24T12:41:46.1089242Z #12 sha256:68629629b516c3cd6f5e71ffbe18e32afb1ae5b4926c92d058c0f11ef1fd58a3 2.10MB / 28.24MB 0.2s
2026-07-24T12:41:46.1090777Z #12 sha256:5cc52b0eabac9e33649ff857181545e129e3763895cd0c30a82ef5a4f532659f 3.15MB / 18.74MB 0.2s
2026-07-24T12:41:46.2586487Z #12 sha256:68629629b516c3cd6f5e71ffbe18e32afb1ae5b4926c92d058c0f11ef1fd58a3 4.19MB / 28.24MB 0.3s
2026-07-24T12:41:46.2587845Z #12 sha256:5cc52b0eabac9e33649ff857181545e129e3763895cd0c30a82ef5a4f532659f 11.53MB / 18.74MB 0.3s
2026-07-24T12:41:46.3997445Z #12 sha256:68629629b516c3cd6f5e71ffbe18e32afb1ae5b4926c92d058c0f11ef1fd58a3 10.49MB / 28.24MB 0.5s
2026-07-24T12:41:46.3998898Z #12 sha256:5cc52b0eabac9e33649ff857181545e129e3763895cd0c30a82ef5a4f532659f 18.74MB / 18.74MB 0.5s done
2026-07-24T12:41:46.5587263Z #12 sha256:b0d7d832459327548cd7a8510001f16e317e0620d38b30d75a6ba9c5b1a1482d 34.60MB / 177.89MB 2.9s
2026-07-24T12:41:46.5589028Z #12 sha256:369e46e487316155d09f898ec50c02180d49f7ac3f9a3f6069b0d21d80557714 2.10MB / 32.26MB 1.1s
2026-07-24T12:41:46.5590461Z #12 sha256:68629629b516c3cd6f5e71ffbe18e32afb1ae5b4926c92d058c0f11ef1fd58a3 14.68MB / 28.24MB 0.6s
2026-07-24T12:41:46.7081200Z #12 sha256:68629629b516c3cd6f5e71ffbe18e32afb1ae5b4926c92d058c0f11ef1fd58a3 20.97MB / 28.24MB 0.8s
2026-07-24T12:41:46.8580417Z #12 sha256:369e46e487316155d09f898ec50c02180d49f7ac3f9a3f6069b0d21d80557714 6.29MB / 32.26MB 1.4s
2026-07-24T12:41:46.8583529Z #12 sha256:68629629b516c3cd6f5e71ffbe18e32afb1ae5b4926c92d058c0f11ef1fd58a3 25.17MB / 28.24MB 0.9s
2026-07-24T12:41:47.0084405Z #12 sha256:369e46e487316155d09f898ec50c02180d49f7ac3f9a3f6069b0d21d80557714 8.39MB / 32.26MB 1.5s
2026-07-24T12:41:47.0086534Z #12 sha256:68629629b516c3cd6f5e71ffbe18e32afb1ae5b4926c92d058c0f11ef1fd58a3 28.24MB / 28.24MB 1.1s done
2026-07-24T12:41:47.0087771Z #12 extracting sha256:68629629b516c3cd6f5e71ffbe18e32afb1ae5b4926c92d058c0f11ef1fd58a3
2026-07-24T12:41:47.1583038Z #12 sha256:b0d7d832459327548cd7a8510001f16e317e0620d38b30d75a6ba9c5b1a1482d 44.04MB / 177.89MB 3.5s
2026-07-24T12:41:47.1584304Z #12 sha256:369e46e487316155d09f898ec50c02180d49f7ac3f9a3f6069b0d21d80557714 14.68MB / 32.26MB 1.7s
2026-07-24T12:41:47.3079810Z #12 sha256:369e46e487316155d09f898ec50c02180d49f7ac3f9a3f6069b0d21d80557714 18.87MB / 32.26MB 1.8s
2026-07-24T12:41:47.4580834Z #12 sha256:369e46e487316155d09f898ec50c02180d49f7ac3f9a3f6069b0d21d80557714 23.07MB / 32.26MB 2.0s
2026-07-24T12:41:47.6081261Z #12 sha256:369e46e487316155d09f898ec50c02180d49f7ac3f9a3f6069b0d21d80557714 31.46MB / 32.26MB 2.1s
2026-07-24T12:41:47.6085352Z #12 extracting sha256:68629629b516c3cd6f5e71ffbe18e32afb1ae5b4926c92d058c0f11ef1fd58a3 0.6s done
2026-07-24T12:41:47.6087275Z #12 extracting sha256:5cc52b0eabac9e33649ff857181545e129e3763895cd0c30a82ef5a4f532659f
2026-07-24T12:41:47.7276269Z #12 sha256:369e46e487316155d09f898ec50c02180d49f7ac3f9a3f6069b0d21d80557714 32.26MB / 32.26MB 2.3s done
2026-07-24T12:41:47.9085609Z #12 sha256:b0d7d832459327548cd7a8510001f16e317e0620d38b30d75a6ba9c5b1a1482d 56.62MB / 177.89MB 4.2s
2026-07-24T12:41:47.9087046Z #12 extracting sha256:5cc52b0eabac9e33649ff857181545e129e3763895cd0c30a82ef5a4f532659f 0.3s done
2026-07-24T12:41:47.9088728Z #12 extracting sha256:33ab927dd0b40e0e12b1c744ea555a3d4bd3d5134535dfbda2d86ee99a868ea0 done
2026-07-24T12:41:47.9089783Z #12 extracting sha256:369e46e487316155d09f898ec50c02180d49f7ac3f9a3f6069b0d21d80557714
2026-07-24T12:41:48.3580811Z #12 extracting sha256:369e46e487316155d09f898ec50c02180d49f7ac3f9a3f6069b0d21d80557714 0.4s done
2026-07-24T12:41:48.3581851Z #12 extracting sha256:0e5539ed2775bdbdae40e349b882518e23f72473c3c0ee9b36fbe3b48430ff6d done
2026-07-24T12:41:48.3582653Z #12 extracting sha256:e1832c1b48a6042dc2be559908683ef9dae2586a8d8e47c9c9fbc48c6aa03c2e
2026-07-24T12:41:48.5082891Z #12 sha256:b0d7d832459327548cd7a8510001f16e317e0620d38b30d75a6ba9c5b1a1482d 66.06MB / 177.89MB 4.8s
2026-07-24T12:41:48.5084136Z #12 extracting sha256:e1832c1b48a6042dc2be559908683ef9dae2586a8d8e47c9c9fbc48c6aa03c2e 0.1s done
2026-07-24T12:41:48.5085276Z #12 extracting sha256:f643d834db55faad1eb60e02f90129bbc582d5780c4ab56e4f2c610a7f5b9583
2026-07-24T12:41:48.9587955Z #12 extracting sha256:f643d834db55faad1eb60e02f90129bbc582d5780c4ab56e4f2c610a7f5b9583 0.5s done
2026-07-24T12:41:49.4089720Z #12 sha256:b0d7d832459327548cd7a8510001f16e317e0620d38b30d75a6ba9c5b1a1482d 75.50MB / 177.89MB 5.7s
2026-07-24T12:41:50.0090465Z #12 sha256:b0d7d832459327548cd7a8510001f16e317e0620d38b30d75a6ba9c5b1a1482d 85.98MB / 177.89MB 6.3s
2026-07-24T12:41:50.6086766Z #12 sha256:b0d7d832459327548cd7a8510001f16e317e0620d38b30d75a6ba9c5b1a1482d 96.47MB / 177.89MB 6.9s
2026-07-24T12:41:51.2085675Z #12 sha256:b0d7d832459327548cd7a8510001f16e317e0620d38b30d75a6ba9c5b1a1482d 106.95MB / 177.89MB 7.5s
2026-07-24T12:41:51.8088617Z #12 sha256:b0d7d832459327548cd7a8510001f16e317e0620d38b30d75a6ba9c5b1a1482d 117.44MB / 177.89MB 8.1s
2026-07-24T12:41:52.4090234Z #12 sha256:b0d7d832459327548cd7a8510001f16e317e0620d38b30d75a6ba9c5b1a1482d 127.93MB / 177.89MB 8.7s
2026-07-24T12:41:53.6089500Z #12 sha256:b0d7d832459327548cd7a8510001f16e317e0620d38b30d75a6ba9c5b1a1482d 137.36MB / 177.89MB 9.9s
2026-07-24T12:41:54.6584323Z #12 sha256:b0d7d832459327548cd7a8510001f16e317e0620d38b30d75a6ba9c5b1a1482d 146.80MB / 177.89MB 11.0s
2026-07-24T12:41:55.7086228Z #12 sha256:b0d7d832459327548cd7a8510001f16e317e0620d38b30d75a6ba9c5b1a1482d 156.24MB / 177.89MB 12.0s
2026-07-24T12:41:56.7588993Z #12 sha256:b0d7d832459327548cd7a8510001f16e317e0620d38b30d75a6ba9c5b1a1482d 166.72MB / 177.89MB 13.1s
2026-07-24T12:41:57.8085757Z #12 sha256:b0d7d832459327548cd7a8510001f16e317e0620d38b30d75a6ba9c5b1a1482d 176.16MB / 177.89MB 14.1s
2026-07-24T12:41:58.9175310Z #12 sha256:b0d7d832459327548cd7a8510001f16e317e0620d38b30d75a6ba9c5b1a1482d 177.89MB / 177.89MB 15.1s done
2026-07-24T12:41:58.9176204Z #12 extracting sha256:b0d7d832459327548cd7a8510001f16e317e0620d38b30d75a6ba9c5b1a1482d
2026-07-24T12:42:01.1677776Z #12 extracting sha256:b0d7d832459327548cd7a8510001f16e317e0620d38b30d75a6ba9c5b1a1482d 2.4s done
2026-07-24T12:42:01.1679152Z #12 DONE 17.7s
2026-07-24T12:42:01.3241405Z 
2026-07-24T12:42:01.3242059Z #12 [build 2/8] WORKDIR /src
2026-07-24T12:42:01.3242966Z #12 extracting sha256:669b654f76f36f76f7e9ee1d5a81a55def35a6aab072f561e6417db52da31b7a done
2026-07-24T12:42:01.3243835Z #12 extracting sha256:4a1adfe703f2293ec5cde3dd610e571357be78d64c0d3de84e96ca94d8439dbf
2026-07-24T12:42:01.4281450Z #12 extracting sha256:4a1adfe703f2293ec5cde3dd610e571357be78d64c0d3de84e96ca94d8439dbf 0.3s done
2026-07-24T12:42:01.4282844Z #12 DONE 18.0s
2026-07-24T12:42:01.5856172Z 
2026-07-24T12:42:01.5857516Z #12 [build 2/8] WORKDIR /src
2026-07-24T12:42:01.5859107Z #12 extracting sha256:527e962643720863df9b6d7e1029f629eb5f4ae8ec95166afd6bb178bbbbe997 done
2026-07-24T12:42:01.5859916Z #12 DONE 18.0s
2026-07-24T12:42:01.5860220Z 
2026-07-24T12:42:01.5860563Z #13 [build 3/8] COPY src/Ednsv.Core/Ednsv.Core.csproj src/Ednsv.Core/
2026-07-24T12:42:06.3931747Z #13 DONE 5.0s
2026-07-24T12:42:06.5638211Z 
2026-07-24T12:42:06.5639178Z #14 [build 4/8] COPY src/Ednsv.Web/Ednsv.Web.csproj src/Ednsv.Web/
2026-07-24T12:42:06.5639889Z #14 DONE 0.0s
2026-07-24T12:42:06.5640104Z 
2026-07-24T12:42:06.5640364Z #15 [build 5/8] RUN dotnet restore src/Ednsv.Web/Ednsv.Web.csproj
2026-07-24T12:42:06.9751128Z #15 0.562   Determining projects to restore...
2026-07-24T12:42:09.1991992Z #15 2.786   Restored /src/src/Ednsv.Web/Ednsv.Web.csproj (in 1.86 sec).
2026-07-24T12:42:09.1993544Z #15 2.786   Restored /src/src/Ednsv.Core/Ednsv.Core.csproj (in 1.86 sec).
2026-07-24T12:42:09.6263943Z #15 DONE 3.2s
2026-07-24T12:42:09.8358101Z 
2026-07-24T12:42:09.8359468Z #16 [build 6/8] COPY src/Ednsv.Core/ src/Ednsv.Core/
2026-07-24T12:42:09.8360213Z #16 DONE 0.0s
2026-07-24T12:42:09.8360419Z 
2026-07-24T12:42:09.8360656Z #17 [build 7/8] COPY src/Ednsv.Web/ src/Ednsv.Web/
2026-07-24T12:42:09.8361158Z #17 DONE 0.0s
2026-07-24T12:42:09.8361330Z 
2026-07-24T12:42:09.8362269Z #18 [build 8/8] RUN dotnet publish src/Ednsv.Web/Ednsv.Web.csproj         --configuration Release         --no-restore         --output /app/publish         /p:UseAppHost=false
2026-07-24T12:42:13.5577745Z #18 3.873   Ednsv.Core -> /src/src/Ednsv.Core/bin/Release/net8.0/Ednsv.Core.dll
2026-07-24T12:42:14.9898583Z #18 5.305   Ednsv.Web -> /src/src/Ednsv.Web/bin/Release/net8.0/Ednsv.Web.dll
2026-07-24T12:42:15.0924020Z #18 5.353   Ednsv.Web -> /app/publish/
2026-07-24T12:42:15.0924924Z #18 DONE 5.4s
2026-07-24T12:42:15.1969298Z 
2026-07-24T12:42:15.1969823Z #19 [runtime 2/3] WORKDIR /app
2026-07-24T12:42:15.1970233Z #19 CACHED
2026-07-24T12:42:15.3491622Z 
2026-07-24T12:42:15.3492401Z #19 [runtime 2/3] WORKDIR /app
2026-07-24T12:42:15.3522986Z #19 sha256:bdfb1b7be15f0038506cb2710b7f14f953d0fe0b5f6f7b8d1d91b1f840367f0b 0B / 93B 0.2s
2026-07-24T12:42:15.4665291Z #19 sha256:bdfb1b7be15f0038506cb2710b7f14f953d0fe0b5f6f7b8d1d91b1f840367f0b 93B / 93B 0.3s done
2026-07-24T12:42:15.4666393Z #19 DONE 0.4s
2026-07-24T12:42:15.6736351Z 
2026-07-24T12:42:15.6737267Z #19 [runtime 2/3] WORKDIR /app
2026-07-24T12:42:15.6738885Z #19 extracting sha256:bdfb1b7be15f0038506cb2710b7f14f953d0fe0b5f6f7b8d1d91b1f840367f0b 0.0s done
2026-07-24T12:42:15.6739661Z #19 DONE 0.4s
2026-07-24T12:42:15.6740246Z 
2026-07-24T12:42:15.6740457Z #20 [runtime 3/3] COPY --from=build /app/publish ./
2026-07-24T12:42:15.6741046Z #20 DONE 0.0s
2026-07-24T12:42:15.6741287Z 
2026-07-24T12:42:15.6741440Z #21 exporting to image
2026-07-24T12:42:15.6741838Z #21 exporting layers
2026-07-24T12:42:15.7768901Z #21 exporting layers 0.3s done
2026-07-24T12:42:15.9860252Z #21 exporting manifest sha256:048c097d7b573a8d1f016daf4fa186647ebbb9aaf5b1cb05b89d345234280b37 done
2026-07-24T12:42:15.9861096Z #21 exporting config sha256:3e75ed167451df54330f0068b65f6c197248597fd1abcd5de02b1871ee55c197 done
2026-07-24T12:42:15.9861802Z #21 exporting attestation manifest sha256:ed2d3782e666ed59b84e189173ab3b59a5eeea0f6c8fd9c79dd26a88a8663a45 0.0s done
2026-07-24T12:42:15.9862591Z #21 exporting manifest list sha256:2ad0117d75d905310691c14d61b12c79aff906d02983bdead2033bf01ebdf489 0.0s done
2026-07-24T12:42:15.9863108Z #21 pushing layers
2026-07-24T12:42:16.1949199Z #21 ...
2026-07-24T12:42:16.1949486Z 
2026-07-24T12:42:16.1949780Z #22 [auth] pkinerd/ednsv:pull,push token for ghcr.io
2026-07-24T12:42:16.1950412Z #22 DONE 0.0s
2026-07-24T12:42:16.3453200Z 
2026-07-24T12:42:16.3453967Z #23 exporting to GitHub Actions Cache
2026-07-24T12:42:16.3454648Z #23 preparing build cache for export
2026-07-24T12:42:18.9301469Z #23 preparing build cache for export 3.1s done
2026-07-24T12:42:18.9302105Z #23 sending cache export
2026-07-24T12:42:19.0962579Z #23 writing layer sha256:211371f29f7c4fca7eb7a209f41f8321ed68dd15ab2594c8f8566a2c0c1457da
2026-07-24T12:42:19.6022046Z #23 writing layer sha256:211371f29f7c4fca7eb7a209f41f8321ed68dd15ab2594c8f8566a2c0c1457da 0.5s done
2026-07-24T12:42:19.8228758Z #23 writing layer sha256:2b6187f5a691efc81da31b0e2de159ba67163f896c49b50939574c68211818c6
2026-07-24T12:42:20.2360180Z #23 writing layer sha256:2b6187f5a691efc81da31b0e2de159ba67163f896c49b50939574c68211818c6 0.6s done
2026-07-24T12:42:20.7791050Z #23 writing layer sha256:67accd5c1ebe29d79b6e94e5ddc944f15dca2e5bdd0cd3b0cbacde6e7392721a
2026-07-24T12:42:22.0160303Z #23 writing layer sha256:67accd5c1ebe29d79b6e94e5ddc944f15dca2e5bdd0cd3b0cbacde6e7392721a 1.2s done
2026-07-24T12:42:22.1810870Z #23 writing layer sha256:6e661a098e6196d9ed9814a82e488a4dc837a7ee53982a26fe4ce5c0f302dede
2026-07-24T12:42:22.3954818Z #23 ...
2026-07-24T12:42:22.3955266Z 
2026-07-24T12:42:22.3955712Z #21 exporting to image
2026-07-24T12:42:22.3956251Z #21 pushing layers 0.3s done
2026-07-24T12:42:22.3957309Z #21 pushing manifest for ghcr.io/pkinerd/ednsv:branch-main@sha256:2ad0117d75d905310691c14d61b12c79aff906d02983bdead2033bf01ebdf489 1.4s done
2026-07-24T12:42:22.3959129Z #21 pushing manifest for ghcr.io/pkinerd/ednsv:latest@sha256:2ad0117d75d905310691c14d61b12c79aff906d02983bdead2033bf01ebdf489 0.6s done
2026-07-24T12:42:22.3960500Z #21 pushing manifest for ghcr.io/pkinerd/ednsv:latest-any@sha256:2ad0117d75d905310691c14d61b12c79aff906d02983bdead2033bf01ebdf489 0.9s done
2026-07-24T12:42:22.3961716Z #21 pushing manifest for ghcr.io/pkinerd/ednsv:sha-820c001@sha256:2ad0117d75d905310691c14d61b12c79aff906d02983bdead2033bf01ebdf489 0.7s done
2026-07-24T12:42:22.3962549Z #21 DONE 6.9s
2026-07-24T12:42:22.5462273Z 
2026-07-24T12:42:22.5463288Z #23 exporting to GitHub Actions Cache
2026-07-24T12:42:23.2695848Z #23 writing layer sha256:6e661a098e6196d9ed9814a82e488a4dc837a7ee53982a26fe4ce5c0f302dede 1.1s done
2026-07-24T12:42:23.4985538Z #23 writing layer sha256:a8149a111a6fb6479dbd4fc7d6ad0bebbdaba37313113f74813b465baf1959c0
2026-07-24T12:42:23.7579682Z #23 writing layer sha256:a8149a111a6fb6479dbd4fc7d6ad0bebbdaba37313113f74813b465baf1959c0 0.4s done
2026-07-24T12:42:23.9856372Z #23 writing layer sha256:a8a860f8dc9079188587159aea1866680d0899e71089ac5770b19db77a58e374
2026-07-24T12:42:24.3711692Z #23 writing layer sha256:a8a860f8dc9079188587159aea1866680d0899e71089ac5770b19db77a58e374 0.5s done
2026-07-24T12:42:24.6022663Z #23 writing layer sha256:ce2c57129a410f21f57267ecac2abd3ee7a9d09910bdb87562a28c267c3939d9
2026-07-24T12:42:32.4599538Z #23 writing layer sha256:ce2c57129a410f21f57267ecac2abd3ee7a9d09910bdb87562a28c267c3939d9 7.9s done
2026-07-24T12:42:33.0447275Z #23 sending cache export 14.1s done
2026-07-24T12:42:33.0448184Z #23 DONE 17.2s
2026-07-24T12:42:33.1242972Z 
2026-07-24T12:42:33.1243680Z #24 resolving provenance for metadata file
2026-07-24T12:42:33.1244236Z #24 DONE 0.0s
2026-07-24T12:42:33.1297516Z ##[group]ImageID
2026-07-24T12:42:33.1300626Z sha256:2ad0117d75d905310691c14d61b12c79aff906d02983bdead2033bf01ebdf489
2026-07-24T12:42:33.1301739Z ##[endgroup]
2026-07-24T12:42:33.1302340Z ##[group]Digest
2026-07-24T12:42:33.1302990Z sha256:2ad0117d75d905310691c14d61b12c79aff906d02983bdead2033bf01ebdf489
2026-07-24T12:42:33.1304082Z ##[endgroup]
2026-07-24T12:42:33.1328511Z ##[group]Metadata
2026-07-24T12:42:33.1329020Z {
2026-07-24T12:42:33.1329380Z   "buildx.build.provenance": {
2026-07-24T12:42:33.1329865Z     "builder": {
2026-07-24T12:42:33.1330442Z       "id": "https://github.com/pkinerd/ednsv/actions/runs/30093968641/attempts/1"
2026-07-24T12:42:33.1331018Z     },
2026-07-24T12:42:33.1331527Z     "buildType": "https://mobyproject.org/buildkit@v1",
2026-07-24T12:42:33.1332086Z     "materials": [
2026-07-24T12:42:33.1332484Z       {
2026-07-24T12:42:33.1332903Z         "uri": "pkg:docker/docker/dockerfile@1.7",
2026-07-24T12:42:33.1333347Z         "digest": {
2026-07-24T12:42:33.1333905Z           "sha256": "a57df69d0ea827fb7266491f2813635de6f17269be881f696fbfdf2d83dda33e"
2026-07-24T12:42:33.1334536Z         }
2026-07-24T12:42:33.1334903Z       },
2026-07-24T12:42:33.1335198Z       {
2026-07-24T12:42:33.1335673Z         "uri": "pkg:docker/mcr.microsoft.com/dotnet/aspnet@8.0?platform=linux%2Famd64",
2026-07-24T12:42:33.1336257Z         "digest": {
2026-07-24T12:42:33.1336786Z           "sha256": "9822a6201c64c9f38b8a190832a7ae21cd30150d509b3ea170fd83b4f4e6166a"
2026-07-24T12:42:33.1337254Z         }
2026-07-24T12:42:33.1337530Z       },
2026-07-24T12:42:33.1337830Z       {
2026-07-24T12:42:33.1338510Z         "uri": "pkg:docker/mcr.microsoft.com/dotnet/sdk@8.0?platform=linux%2Famd64",
2026-07-24T12:42:33.1338982Z         "digest": {
2026-07-24T12:42:33.1339496Z           "sha256": "89ce6291bde9acdf59594e79fb8277c6d84c46e4b1f5bf126a4f18766e4bd597"
2026-07-24T12:42:33.1339931Z         }
2026-07-24T12:42:33.1340259Z       }
2026-07-24T12:42:33.1340549Z     ],
2026-07-24T12:42:33.1340821Z     "invocation": {
2026-07-24T12:42:33.1341143Z       "configSource": {
2026-07-24T12:42:33.1341447Z         "entryPoint": "Dockerfile"
2026-07-24T12:42:33.1341794Z       },
2026-07-24T12:42:33.1342062Z       "parameters": {
2026-07-24T12:42:33.1342360Z         "frontend": "gateway.v0",
2026-07-24T12:42:33.1342736Z         "args": {
2026-07-24T12:42:33.1343042Z           "cmdline": "docker/dockerfile:1.7",
2026-07-24T12:42:33.1343616Z           "label:org.opencontainers.image.created": "2026-07-24T12:41:36.217Z",
2026-07-24T12:42:33.1344215Z           "label:org.opencontainers.image.description": "",
2026-07-24T12:42:33.1344707Z           "label:org.opencontainers.image.licenses": "",
2026-07-24T12:42:33.1345264Z           "label:org.opencontainers.image.revision": "820c0019085f5073eb31d9822b29a158ec3c4826",
2026-07-24T12:42:33.1345898Z           "label:org.opencontainers.image.source": "https://github.com/pkinerd/ednsv",
2026-07-24T12:42:33.1346389Z           "label:org.opencontainers.image.title": "ednsv",
2026-07-24T12:42:33.1346957Z           "label:org.opencontainers.image.url": "https://github.com/pkinerd/ednsv",
2026-07-24T12:42:33.1347555Z           "label:org.opencontainers.image.version": "branch-main",
2026-07-24T12:42:33.1348235Z           "source": "docker/dockerfile:1.7"
2026-07-24T12:42:33.1350072Z         },
2026-07-24T12:42:33.1350509Z         "locals": [
2026-07-24T12:42:33.1350948Z           {
2026-07-24T12:42:33.1351365Z             "name": "context"
2026-07-24T12:42:33.1351766Z           },
2026-07-24T12:42:33.1352114Z           {
2026-07-24T12:42:33.1352436Z             "name": "dockerfile"
2026-07-24T12:42:33.1352823Z           }
2026-07-24T12:42:33.1353139Z         ],
2026-07-24T12:42:33.1353578Z         "root": {
2026-07-24T12:42:33.1354011Z           "configSource": {
2026-07-24T12:42:33.1354328Z             "path": "Dockerfile"
2026-07-24T12:42:33.1354624Z           },
2026-07-24T12:42:33.1354902Z           "request": {
2026-07-24T12:42:33.1355216Z             "args": {
2026-07-24T12:42:33.1355681Z               "label:org.opencontainers.image.created": "2026-07-24T12:41:36.217Z",
2026-07-24T12:42:33.1356230Z               "label:org.opencontainers.image.description": "",
2026-07-24T12:42:33.1356673Z               "label:org.opencontainers.image.licenses": "",
2026-07-24T12:42:33.1357310Z               "label:org.opencontainers.image.revision": "820c0019085f5073eb31d9822b29a158ec3c4826",
2026-07-24T12:42:33.1358434Z               "label:org.opencontainers.image.source": "https://github.com/pkinerd/ednsv",
2026-07-24T12:42:33.1359141Z               "label:org.opencontainers.image.title": "ednsv",
2026-07-24T12:42:33.1359791Z               "label:org.opencontainers.image.url": "https://github.com/pkinerd/ednsv",
2026-07-24T12:42:33.1360474Z               "label:org.opencontainers.image.version": "branch-main",
2026-07-24T12:42:33.1361002Z               "vcs:localdir:context": ".",
2026-07-24T12:42:33.1361546Z               "vcs:localdir:dockerfile": ".",
2026-07-24T12:42:33.1362165Z               "vcs:revision": "820c0019085f5073eb31d9822b29a158ec3c4826",
2026-07-24T12:42:33.1362751Z               "vcs:source": "https://github.com/pkinerd/ednsv"
2026-07-24T12:42:33.1363227Z             }
2026-07-24T12:42:33.1363572Z           }
2026-07-24T12:42:33.1364012Z         },
2026-07-24T12:42:33.1364386Z         "compatibilityVersion": 30
2026-07-24T12:42:33.1364813Z       },
2026-07-24T12:42:33.1365162Z       "environment": {
2026-07-24T12:42:33.1365553Z         "github_actor": "pkinerd",
2026-07-24T12:42:33.1365971Z         "github_actor_id": "169779439",
2026-07-24T12:42:33.1366430Z         "github_event_name": "push",
2026-07-24T12:42:33.1366856Z         "github_event_payload": {
2026-07-24T12:42:33.1367296Z           "after": "820c0019085f5073eb31d9822b29a158ec3c4826",
2026-07-24T12:42:33.1367731Z           "base_ref": null,
2026-07-24T12:42:33.1368197Z           "before": "374f865d9d38820f5cad275fa9cd55a64196b54a",
2026-07-24T12:42:33.1368785Z           "commits": [
2026-07-24T12:42:33.1369165Z             {
2026-07-24T12:42:33.1369536Z               "author": {
2026-07-24T12:42:33.1370005Z                 "email": "169779439+pkinerd@users.noreply.github.com",
2026-07-24T12:42:33.1370493Z                 "name": "pkinerd",
2026-07-24T12:42:33.1370956Z                 "username": "pkinerd"
2026-07-24T12:42:33.1371348Z               },
2026-07-24T12:42:33.1371737Z               "committer": {
2026-07-24T12:42:33.1372207Z                 "email": "169779439+pkinerd@users.noreply.github.com",
2026-07-24T12:42:33.1372700Z                 "name": "pkinerd",
2026-07-24T12:42:33.1373328Z                 "username": "pkinerd"
2026-07-24T12:42:33.1373765Z               },
2026-07-24T12:42:33.1374128Z               "distinct": false,
2026-07-24T12:42:33.1374564Z               "id": "30958c1df8b5441b8c747cf0d306e8946e68ced5",
2026-07-24T12:42:33.1375099Z               "message": "added support for horizontal scale via redis",
2026-07-24T12:42:33.1375662Z               "timestamp": "2026-07-24T22:21:18+10:00",
2026-07-24T12:42:33.1376248Z               "tree_id": "41d55d184d3ea4cffc0c385fa05d2dbe62fb9eaa",
2026-07-24T12:42:33.1377011Z               "url": "https://github.com/pkinerd/ednsv/commit/30958c1df8b5441b8c747cf0d306e8946e68ced5"
2026-07-24T12:42:33.1377600Z             },
2026-07-24T12:42:33.1377922Z             {
2026-07-24T12:42:33.1378262Z               "author": {
2026-07-24T12:42:33.1379234Z                 "email": "169779439+pkinerd@users.noreply.github.com",
2026-07-24T12:42:33.1379659Z                 "name": "pkinerd",
2026-07-24T12:42:33.1380064Z                 "username": "pkinerd"
2026-07-24T12:42:33.1380550Z               },
2026-07-24T12:42:33.1381029Z               "committer": {
2026-07-24T12:42:33.1381843Z                 "email": "169779439+pkinerd@users.noreply.github.com",
2026-07-24T12:42:33.1382308Z                 "name": "pkinerd",
2026-07-24T12:42:33.1382713Z                 "username": "pkinerd"
2026-07-24T12:42:33.1383025Z               },
2026-07-24T12:42:33.1383287Z               "distinct": false,
2026-07-24T12:42:33.1383701Z               "id": "cc98e6562daf8d384d872684210577e86cfc29dc",
2026-07-24T12:42:33.1384395Z               "message": "Merge remote-tracking branch 'origin/main' into claude/external-idp-entra-auth-31ftjw\n\n# Conflicts:\n#\tdocs/deployment.md",
2026-07-24T12:42:33.1385080Z               "timestamp": "2026-07-24T22:29:08+10:00",
2026-07-24T12:42:33.1385498Z               "tree_id": "1dae5a7a77ea6dfb6b59d8a7790645eed0fb1852",
2026-07-24T12:42:33.1386069Z               "url": "https://github.com/pkinerd/ednsv/commit/cc98e6562daf8d384d872684210577e86cfc29dc"
2026-07-24T12:42:33.1386589Z             },
2026-07-24T12:42:33.1386855Z             {
2026-07-24T12:42:33.1387129Z               "author": {
2026-07-24T12:42:33.1387488Z                 "email": "169779439+pkinerd@users.noreply.github.com",
2026-07-24T12:42:33.1387870Z                 "name": "pkinerd",
2026-07-24T12:42:33.1388220Z                 "username": "pkinerd"
2026-07-24T12:42:33.1388716Z               },
2026-07-24T12:42:33.1388978Z               "committer": {
2026-07-24T12:42:33.1389328Z                 "email": "noreply@github.com",
2026-07-24T12:42:33.1389672Z                 "name": "GitHub",
2026-07-24T12:42:33.1390071Z                 "username": "web-flow"
2026-07-24T12:42:33.1390402Z               },
2026-07-24T12:42:33.1390678Z               "distinct": true,
2026-07-24T12:42:33.1391032Z               "id": "820c0019085f5073eb31d9822b29a158ec3c4826",
2026-07-24T12:42:33.1391687Z               "message": "Merge pull request #26 from pkinerd/claude/external-idp-entra-auth-31ftjw\n\nadded support for horizontal scale via redis",
2026-07-24T12:42:33.1392381Z               "timestamp": "2026-07-24T22:40:43+10:00",
2026-07-24T12:42:33.1392812Z               "tree_id": "1dae5a7a77ea6dfb6b59d8a7790645eed0fb1852",
2026-07-24T12:42:33.1393341Z               "url": "https://github.com/pkinerd/ednsv/commit/820c0019085f5073eb31d9822b29a158ec3c4826"
2026-07-24T12:42:33.1393803Z             }
2026-07-24T12:42:33.1394076Z           ],
2026-07-24T12:42:33.1394492Z           "compare": "https://github.com/pkinerd/ednsv/compare/374f865d9d38...820c0019085f",
2026-07-24T12:42:33.1394963Z           "created": false,
2026-07-24T12:42:33.1395269Z           "deleted": false,
2026-07-24T12:42:33.1395555Z           "forced": false,
2026-07-24T12:42:33.1395881Z           "head_commit": {
2026-07-24T12:42:33.1396260Z             "author": {
2026-07-24T12:42:33.1396625Z               "email": "169779439+pkinerd@users.noreply.github.com",
2026-07-24T12:42:33.1397263Z               "name": "pkinerd",
2026-07-24T12:42:33.1397894Z               "username": "pkinerd"
2026-07-24T12:42:33.1398242Z             },
2026-07-24T12:42:33.1398937Z             "committer": {
2026-07-24T12:42:33.1399242Z               "email": "noreply@github.com",
2026-07-24T12:42:33.1399614Z               "name": "GitHub",
2026-07-24T12:42:33.1399930Z               "username": "web-flow"
2026-07-24T12:42:33.1400241Z             },
2026-07-24T12:42:33.1400526Z             "distinct": true,
2026-07-24T12:42:33.1400892Z             "id": "820c0019085f5073eb31d9822b29a158ec3c4826",
2026-07-24T12:42:33.1401671Z             "message": "Merge pull request #26 from pkinerd/claude/external-idp-entra-auth-31ftjw\n\nadded support for horizontal scale via redis",
2026-07-24T12:42:33.1402305Z             "timestamp": "2026-07-24T22:40:43+10:00",
2026-07-24T12:42:33.1402695Z             "tree_id": "1dae5a7a77ea6dfb6b59d8a7790645eed0fb1852",
2026-07-24T12:42:33.1403275Z             "url": "https://github.com/pkinerd/ednsv/commit/820c0019085f5073eb31d9822b29a158ec3c4826"
2026-07-24T12:42:33.1403742Z           },
2026-07-24T12:42:33.1404015Z           "pusher": {
2026-07-24T12:42:33.1404480Z             "email": "169779439+pkinerd@users.noreply.github.com",
2026-07-24T12:42:33.1404879Z             "name": "pkinerd"
2026-07-24T12:42:33.1405213Z           },
2026-07-24T12:42:33.1405585Z           "ref": "refs/heads/main",
2026-07-24T12:42:33.1405894Z           "repository": {
2026-07-24T12:42:33.1406229Z             "allow_forking": true,
2026-07-24T12:42:33.1406689Z             "archive_url": "https://api.github.com/repos/pkinerd/ednsv/{archive_format}{/ref}",
2026-07-24T12:42:33.1407234Z             "archived": false,
2026-07-24T12:42:33.1407674Z             "assignees_url": "https://api.github.com/repos/pkinerd/ednsv/assignees{/user}",
2026-07-24T12:42:33.1408207Z             "blobs_url": "https://api.github.com/repos/pkinerd/ednsv/git/blobs{/sha}",
2026-07-24T12:42:33.1408960Z             "branches_url": "https://api.github.com/repos/pkinerd/ednsv/branches{/branch}",
2026-07-24T12:42:33.1409459Z             "clone_url": "https://github.com/pkinerd/ednsv.git",
2026-07-24T12:42:33.1410086Z             "collaborators_url": "https://api.github.com/repos/pkinerd/ednsv/collaborators{/collaborator}",
2026-07-24T12:42:33.1410709Z             "comments_url": "https://api.github.com/repos/pkinerd/ednsv/comments{/number}",
2026-07-24T12:42:33.1411258Z             "commits_url": "https://api.github.com/repos/pkinerd/ednsv/commits{/sha}",
2026-07-24T12:42:33.1411834Z             "compare_url": "https://api.github.com/repos/pkinerd/ednsv/compare/{base}...{head}",
2026-07-24T12:42:33.1412408Z             "contents_url": "https://api.github.com/repos/pkinerd/ednsv/contents/{+path}",
2026-07-24T12:42:33.1412955Z             "contributors_url": "https://api.github.com/repos/pkinerd/ednsv/contributors",
2026-07-24T12:42:33.1413473Z             "created_at": 1774905880,
2026-07-24T12:42:33.1413807Z             "default_branch": "main",
2026-07-24T12:42:33.1414251Z             "deployments_url": "https://api.github.com/repos/pkinerd/ednsv/deployments",
2026-07-24T12:42:33.1414715Z             "description": null,
2026-07-24T12:42:33.1415044Z             "disabled": false,
2026-07-24T12:42:33.1416218Z             "downloads_url": "https://api.github.com/repos/pkinerd/ednsv/downloads",
2026-07-24T12:42:33.1416782Z             "events_url": "https://api.github.com/repos/pkinerd/ednsv/events",
2026-07-24T12:42:33.1417230Z             "fork": false,
2026-07-24T12:42:33.1417662Z             "forks": 0,
2026-07-24T12:42:33.1418169Z             "forks_count": 0,
2026-07-24T12:42:33.1420015Z             "forks_url": "https://api.github.com/repos/pkinerd/ednsv/forks",
2026-07-24T12:42:33.1420447Z             "full_name": "pkinerd/ednsv",
2026-07-24T12:42:33.1420963Z             "git_commits_url": "https://api.github.com/repos/pkinerd/ednsv/git/commits{/sha}",
2026-07-24T12:42:33.1421518Z             "git_refs_url": "https://api.github.com/repos/pkinerd/ednsv/git/refs{/sha}",
2026-07-24T12:42:33.1422038Z             "git_tags_url": "https://api.github.com/repos/pkinerd/ednsv/git/tags{/sha}",
2026-07-24T12:42:33.1422575Z             "git_url": "git://github.com/pkinerd/ednsv.git",
2026-07-24T12:42:33.1423075Z             "has_discussions": false,
2026-07-24T12:42:33.1423526Z             "has_downloads": true,
2026-07-24T12:42:33.1423854Z             "has_issues": true,
2026-07-24T12:42:33.1424161Z             "has_pages": false,
2026-07-24T12:42:33.1424506Z             "has_projects": true,
2026-07-24T12:42:33.1424821Z             "has_pull_requests": true,
2026-07-24T12:42:33.1425121Z             "has_wiki": true,
2026-07-24T12:42:33.1425641Z             "homepage": null,
2026-07-24T12:42:33.1426053Z             "hooks_url": "https://api.github.com/repos/pkinerd/ednsv/hooks",
2026-07-24T12:42:33.1426502Z             "html_url": "https://github.com/pkinerd/ednsv",
2026-07-24T12:42:33.1426873Z             "id": 1196602452,
2026-07-24T12:42:33.1427180Z             "is_template": false,
2026-07-24T12:42:33.1427663Z             "issue_comment_url": "https://api.github.com/repos/pkinerd/ednsv/issues/comments{/number}",
2026-07-24T12:42:33.1428677Z             "issue_events_url": "https://api.github.com/repos/pkinerd/ednsv/issues/events{/number}",
2026-07-24T12:42:33.1429247Z             "issues_url": "https://api.github.com/repos/pkinerd/ednsv/issues{/number}",
2026-07-24T12:42:33.1429805Z             "keys_url": "https://api.github.com/repos/pkinerd/ednsv/keys{/key_id}",
2026-07-24T12:42:33.1430314Z             "labels_url": "https://api.github.com/repos/pkinerd/ednsv/labels{/name}",
2026-07-24T12:42:33.1430743Z             "language": "C#",
2026-07-24T12:42:33.1431192Z             "languages_url": "https://api.github.com/repos/pkinerd/ednsv/languages",
2026-07-24T12:42:33.1431620Z             "license": null,
2026-07-24T12:42:33.1431938Z             "master_branch": "main",
2026-07-24T12:42:33.1432334Z             "merges_url": "https://api.github.com/repos/pkinerd/ednsv/merges",
2026-07-24T12:42:33.1432855Z             "milestones_url": "https://api.github.com/repos/pkinerd/ednsv/milestones{/number}",
2026-07-24T12:42:33.1433337Z             "mirror_url": null,
2026-07-24T12:42:33.1433662Z             "name": "ednsv",
2026-07-24T12:42:33.1433975Z             "node_id": "R_kgDOR1K0VA",
2026-07-24T12:42:33.1434516Z             "notifications_url": "https://api.github.com/repos/pkinerd/ednsv/notifications{?since,all,participating}",
2026-07-24T12:42:33.1435051Z             "open_issues": 0,
2026-07-24T12:42:33.1435380Z             "open_issues_count": 0,
2026-07-24T12:42:33.1435712Z             "owner": {
2026-07-24T12:42:33.1436146Z               "avatar_url": "https://avatars.githubusercontent.com/u/169779439?v=4",
2026-07-24T12:42:33.1436691Z               "email": "169779439+pkinerd@users.noreply.github.com",
2026-07-24T12:42:33.1437161Z               "events_url": "https://api.github.com/users/pkinerd/events{/privacy}",
2026-07-24T12:42:33.1437686Z               "followers_url": "https://api.github.com/users/pkinerd/followers",
2026-07-24T12:42:33.1438238Z               "following_url": "https://api.github.com/users/pkinerd/following{/other_user}",
2026-07-24T12:42:33.1438904Z               "gists_url": "https://api.github.com/users/pkinerd/gists{/gist_id}",
2026-07-24T12:42:33.1439348Z               "gravatar_id": "",
2026-07-24T12:42:33.1439697Z               "html_url": "https://github.com/pkinerd",
2026-07-24T12:42:33.1440054Z               "id": 169779439,
2026-07-24T12:42:33.1440395Z               "login": "pkinerd",
2026-07-24T12:42:33.1440714Z               "name": "pkinerd",
2026-07-24T12:42:33.1441048Z               "node_id": "U_kgDOCh6g7w",
2026-07-24T12:42:33.1441473Z               "organizations_url": "https://api.github.com/users/pkinerd/orgs",
2026-07-24T12:42:33.1441991Z               "received_events_url": "https://api.github.com/users/pkinerd/received_events",
2026-07-24T12:42:33.1442540Z               "repos_url": "https://api.github.com/users/pkinerd/repos",
2026-07-24T12:42:33.1442936Z               "site_admin": false,
2026-07-24T12:42:33.1443362Z               "starred_url": "https://api.github.com/users/pkinerd/starred{/owner}{/repo}",
2026-07-24T12:42:33.1443924Z               "subscriptions_url": "https://api.github.com/users/pkinerd/subscriptions",
2026-07-24T12:42:33.1444360Z               "type": "User",
2026-07-24T12:42:33.1444737Z               "url": "https://api.github.com/users/pkinerd",
2026-07-24T12:42:33.1445330Z               "user_view_type": "public"
2026-07-24T12:42:33.1445652Z             },
2026-07-24T12:42:33.1445939Z             "private": false,
2026-07-24T12:42:33.1446267Z             "pull_request_creation_policy": "all",
2026-07-24T12:42:33.1446829Z             "pulls_url": "https://api.github.com/repos/pkinerd/ednsv/pulls{/number}",
2026-07-24T12:42:33.1447266Z             "pushed_at": 1784896843,
2026-07-24T12:42:33.1447672Z             "releases_url": "https://api.github.com/repos/pkinerd/ednsv/releases{/id}",
2026-07-24T12:42:33.1448134Z             "size": 32155,
2026-07-24T12:42:33.1448779Z             "ssh_url": "git@github.com:pkinerd/ednsv.git",
2026-07-24T12:42:33.1449180Z             "stargazers": 0,
2026-07-24T12:42:33.1449570Z             "stargazers_count": 0,
2026-07-24T12:42:33.1449993Z             "stargazers_url": "https://api.github.com/repos/pkinerd/ednsv/stargazers",
2026-07-24T12:42:33.1450543Z             "statuses_url": "https://api.github.com/repos/pkinerd/ednsv/statuses/{sha}",
2026-07-24T12:42:33.1451083Z             "subscribers_url": "https://api.github.com/repos/pkinerd/ednsv/subscribers",
2026-07-24T12:42:33.1451697Z             "subscription_url": "https://api.github.com/repos/pkinerd/ednsv/subscription",
2026-07-24T12:42:33.1452193Z             "svn_url": "https://github.com/pkinerd/ednsv",
2026-07-24T12:42:33.1452623Z             "tags_url": "https://api.github.com/repos/pkinerd/ednsv/tags",
2026-07-24T12:42:33.1453109Z             "teams_url": "https://api.github.com/repos/pkinerd/ednsv/teams",
2026-07-24T12:42:33.1453535Z             "topics": [],
2026-07-24T12:42:33.1453911Z             "trees_url": "https://api.github.com/repos/pkinerd/ednsv/git/trees{/sha}",
2026-07-24T12:42:33.1454379Z             "updated_at": "2026-07-24T12:18:21Z",
2026-07-24T12:42:33.1454772Z             "url": "https://api.github.com/repos/pkinerd/ednsv",
2026-07-24T12:42:33.1455153Z             "visibility": "public",
2026-07-24T12:42:33.1455480Z             "watchers": 0,
2026-07-24T12:42:33.1455802Z             "watchers_count": 0,
2026-07-24T12:42:33.1456143Z             "web_commit_signoff_required": false
2026-07-24T12:42:33.1456479Z           },
2026-07-24T12:42:33.1456731Z           "sender": {
2026-07-24T12:42:33.1457152Z             "avatar_url": "https://avatars.githubusercontent.com/u/169779439?v=4",
2026-07-24T12:42:33.1457700Z             "events_url": "https://api.github.com/users/pkinerd/events{/privacy}",
2026-07-24T12:42:33.1458217Z             "followers_url": "https://api.github.com/users/pkinerd/followers",
2026-07-24T12:42:33.1458884Z             "following_url": "https://api.github.com/users/pkinerd/following{/other_user}",
2026-07-24T12:42:33.1459416Z             "gists_url": "https://api.github.com/users/pkinerd/gists{/gist_id}",
2026-07-24T12:42:33.1459848Z             "gravatar_id": "",
2026-07-24T12:42:33.1460212Z             "html_url": "https://github.com/pkinerd",
2026-07-24T12:42:33.1460554Z             "id": 169779439,
2026-07-24T12:42:33.1460889Z             "login": "pkinerd",
2026-07-24T12:42:33.1461207Z             "node_id": "U_kgDOCh6g7w",
2026-07-24T12:42:33.1461623Z             "organizations_url": "https://api.github.com/users/pkinerd/orgs",
2026-07-24T12:42:33.1462183Z             "received_events_url": "https://api.github.com/users/pkinerd/received_events",
2026-07-24T12:42:33.1462683Z             "repos_url": "https://api.github.com/users/pkinerd/repos",
2026-07-24T12:42:33.1463377Z             "site_admin": false,
2026-07-24T12:42:33.1463797Z             "starred_url": "https://api.github.com/users/pkinerd/starred{/owner}{/repo}",
2026-07-24T12:42:33.1464319Z             "subscriptions_url": "https://api.github.com/users/pkinerd/subscriptions",
2026-07-24T12:42:33.1464807Z             "type": "User",
2026-07-24T12:42:33.1465148Z             "url": "https://api.github.com/users/pkinerd",
2026-07-24T12:42:33.1465521Z             "user_view_type": "public"
2026-07-24T12:42:33.1465848Z           }
2026-07-24T12:42:33.1466108Z         },
2026-07-24T12:42:33.1466416Z         "github_job": "docker",
2026-07-24T12:42:33.1466728Z         "github_ref": "refs/heads/main",
2026-07-24T12:42:33.1467052Z         "github_ref_name": "main",
2026-07-24T12:42:33.1467473Z         "github_ref_protected": "false",
2026-07-24T12:42:33.1467810Z         "github_ref_type": "branch",
2026-07-24T12:42:33.1468225Z         "github_repository": "pkinerd/ednsv",
2026-07-24T12:42:33.1469072Z         "github_repository_id": "1196602452",
2026-07-24T12:42:33.1469409Z         "github_repository_owner": "pkinerd",
2026-07-24T12:42:33.1469803Z         "github_repository_owner_id": "169779439",
2026-07-24T12:42:33.1470164Z         "github_run_attempt": "1",
2026-07-24T12:42:33.1470589Z         "github_run_id": "30093968641",
2026-07-24T12:42:33.1470932Z         "github_run_number": "203",
2026-07-24T12:42:33.1471251Z         "github_runner_arch": "X64",
2026-07-24T12:42:33.1471618Z         "github_runner_environment": "github-hosted",
2026-07-24T12:42:33.1471992Z         "github_runner_image_os": "ubuntu24",
2026-07-24T12:42:33.1472367Z         "github_runner_image_version": "20260720.247.2",
2026-07-24T12:42:33.1472786Z         "github_runner_name": "GitHub Actions 1000002121",
2026-07-24T12:42:33.1473158Z         "github_runner_os": "Linux",
2026-07-24T12:42:33.1473570Z         "github_runner_tracking_id": "github_bc2bf81c-cfbd-4445-82e6-5a807a8a0971",
2026-07-24T12:42:33.1474035Z         "github_server_url": "https://github.com",
2026-07-24T12:42:33.1474414Z         "github_triggering_actor": "pkinerd",
2026-07-24T12:42:33.1474758Z         "github_workflow": "CI",
2026-07-24T12:42:33.1475172Z         "github_workflow_ref": "pkinerd/ednsv/.github/workflows/ci.yml@refs/heads/main",
2026-07-24T12:42:33.1475662Z         "github_workflow_sha": "820c0019085f5073eb31d9822b29a158ec3c4826",
2026-07-24T12:42:33.1476092Z         "platform": "linux/amd64"
2026-07-24T12:42:33.1476416Z       }
2026-07-24T12:42:33.1476665Z     }
2026-07-24T12:42:33.1476925Z   },
2026-07-24T12:42:33.1477493Z   "buildx.build.ref": "builder-9a9b0493-7624-43bf-a567-c3c231d00dee/builder-9a9b0493-7624-43bf-a567-c3c231d00dee0/73trsw1u7vdd0osgot8xps3lr",
2026-07-24T12:42:33.1478143Z   "containerimage.descriptor": {
2026-07-24T12:42:33.1478666Z     "mediaType": "application/vnd.oci.image.index.v1+json",
2026-07-24T12:42:33.1479150Z     "digest": "sha256:2ad0117d75d905310691c14d61b12c79aff906d02983bdead2033bf01ebdf489",
2026-07-24T12:42:33.1479623Z     "size": 856
2026-07-24T12:42:33.1479888Z   },
2026-07-24T12:42:33.1480324Z   "containerimage.digest": "sha256:2ad0117d75d905310691c14d61b12c79aff906d02983bdead2033bf01ebdf489",
2026-07-24T12:42:33.1481120Z   "image.name": "ghcr.io/pkinerd/ednsv:branch-main,ghcr.io/pkinerd/ednsv:latest,ghcr.io/pkinerd/ednsv:latest-any,ghcr.io/pkinerd/ednsv:sha-820c001"
2026-07-24T12:42:33.1481741Z }
2026-07-24T12:42:33.1482267Z ##[endgroup]
2026-07-24T12:42:33.1482699Z ##[group]Reference
2026-07-24T12:42:33.1483234Z builder-9a9b0493-7624-43bf-a567-c3c231d00dee/builder-9a9b0493-7624-43bf-a567-c3c231d00dee0/73trsw1u7vdd0osgot8xps3lr
2026-07-24T12:42:33.1484105Z ##[endgroup]
2026-07-24T12:42:33.1484568Z ##[group]Check build summary support
2026-07-24T12:42:33.1485101Z Build summary supported!
2026-07-24T12:42:33.1485560Z ##[endgroup]
2026-07-24T12:42:33.1586743Z Node 20 is being deprecated. This workflow is running with Node 24 by default. If you need to temporarily use Node 20, you can set the ACTIONS_ALLOW_USE_UNSECURE_NODE_VERSION=true environment variable. For more information see: https://github.blog/changelog/2025-09-19-deprecation-of-node-20-on-github-actions-runners/
2026-07-24T12:42:33.1588024Z Post job cleanup.
2026-07-24T12:42:33.3704446Z ##[group]Generating build summary
2026-07-24T12:42:33.3707431Z exporting build record to /home/runner/work/_temp/docker-actions-toolkit-MdLZEY/export
2026-07-24T12:42:33.3718686Z (node:3111) [DEP0040] DeprecationWarning: The `punycode` module is deprecated. Please use a userland alternative instead.
2026-07-24T12:42:33.3719434Z (Use `node --trace-deprecation ...` to show where the warning was created)
2026-07-24T12:42:33.5430740Z [command]/usr/bin/docker buildx history export --builder builder-9a9b0493-7624-43bf-a567-c3c231d00dee --output /home/runner/work/_temp/docker-actions-toolkit-MdLZEY/export/pkinerd~ednsv~73TRSW.dockerbuild 73trsw1u7vdd0osgot8xps3lr --finalize
2026-07-24T12:42:33.7783341Z Build record written to /home/runner/work/_temp/docker-actions-toolkit-MdLZEY/export/pkinerd~ednsv~73TRSW.dockerbuild (61.73 KB)
2026-07-24T12:42:33.7804547Z Uploading pkinerd~ednsv~73TRSW.dockerbuild to blob storage
2026-07-24T12:42:34.0765359Z Beginning upload of artifact content to blob storage
2026-07-24T12:42:34.0842398Z (node:3111) [DEP0169] DeprecationWarning: `url.parse()` behavior is not standardized and prone to errors that have security implications. Use the WHATWG URL API instead. CVEs are not issued for `url.parse()` vulnerabilities.
2026-07-24T12:42:34.0850226Z Uploaded bytes 63207
2026-07-24T12:42:34.4520728Z Finished uploading artifact content to blob storage!
2026-07-24T12:42:34.4525674Z SHA256 hash of uploaded artifact is 1875aa1f7005fad90647207296fdf88960bef327062f8ce779834a0452ce4cbb
2026-07-24T12:42:34.4526850Z Finalizing artifact upload
2026-07-24T12:42:34.7912188Z Artifact successfully finalized (8596835122)
2026-07-24T12:42:34.7913891Z Artifact download URL: https://github.com/pkinerd/ednsv/actions/runs/30093968641/artifacts/8596835122
2026-07-24T12:42:34.7948243Z Writing summary
2026-07-24T12:42:34.7960844Z ##[endgroup]
2026-07-24T12:42:34.7961885Z ##[group]Removing temp folder /home/runner/work/_temp/docker-actions-toolkit-dHO4Ds
2026-07-24T12:42:34.7963200Z ##[endgroup]
2026-07-24T12:42:34.7963842Z ##[group]Post cache
2026-07-24T12:42:34.7964665Z State not set
2026-07-24T12:42:34.7965616Z ##[endgroup]
2026-07-24T12:42:34.8092421Z Node 20 is being deprecated. This workflow is running with Node 24 by default. If you need to temporarily use Node 20, you can set the ACTIONS_ALLOW_USE_UNSECURE_NODE_VERSION=true environment variable. For more information see: https://github.blog/changelog/2025-09-19-deprecation-of-node-20-on-github-actions-runners/
2026-07-24T12:42:34.8093665Z Post job cleanup.
2026-07-24T12:42:35.0816531Z ##[group]Logout from ghcr.io
2026-07-24T12:42:35.0834489Z (node:3261) [DEP0040] DeprecationWarning: The `punycode` module is deprecated. Please use a userland alternative instead.
2026-07-24T12:42:35.0835227Z (Use `node --trace-deprecation ...` to show where the warning was created)
2026-07-24T12:42:35.0855838Z [command]/usr/bin/docker logout ghcr.io
2026-07-24T12:42:35.0992454Z Removing login credentials for ghcr.io
2026-07-24T12:42:35.1012693Z ##[endgroup]
2026-07-24T12:42:35.1013548Z ##[group]Post cache
2026-07-24T12:42:35.1014095Z State not set
2026-07-24T12:42:35.1016910Z ##[endgroup]
2026-07-24T12:42:35.1190978Z Node 20 is being deprecated. This workflow is running with Node 24 by default. If you need to temporarily use Node 20, you can set the ACTIONS_ALLOW_USE_UNSECURE_NODE_VERSION=true environment variable. For more information see: https://github.blog/changelog/2025-09-19-deprecation-of-node-20-on-github-actions-runners/
2026-07-24T12:42:35.1192903Z Post job cleanup.
2026-07-24T12:42:35.3490604Z ##[group]Removing builder
2026-07-24T12:42:35.3496318Z (node:3281) [DEP0040] DeprecationWarning: The `punycode` module is deprecated. Please use a userland alternative instead.
2026-07-24T12:42:35.3497612Z (Use `node --trace-deprecation ...` to show where the warning was created)
2026-07-24T12:42:35.4521813Z [command]/usr/bin/docker buildx rm builder-9a9b0493-7624-43bf-a567-c3c231d00dee
2026-07-24T12:42:35.8735219Z builder-9a9b0493-7624-43bf-a567-c3c231d00dee removed
2026-07-24T12:42:35.8756592Z ##[endgroup]
2026-07-24T12:42:35.8757304Z ##[group]Cleaning up certificates
2026-07-24T12:42:35.8758797Z ##[endgroup]
2026-07-24T12:42:35.8760775Z ##[group]Post cache
2026-07-24T12:42:35.8763157Z State not set
2026-07-24T12:42:35.8763988Z ##[endgroup]
2026-07-24T12:42:35.8939315Z Node 20 is being deprecated. This workflow is running with Node 24 by default. If you need to temporarily use Node 20, you can set the ACTIONS_ALLOW_USE_UNSECURE_NODE_VERSION=true environment variable. For more information see: https://github.blog/changelog/2025-09-19-deprecation-of-node-20-on-github-actions-runners/
2026-07-24T12:42:35.8941368Z Post job cleanup.
2026-07-24T12:42:35.9727474Z [command]/usr/bin/git version
2026-07-24T12:42:35.9764308Z git version 2.54.0
2026-07-24T12:42:35.9794925Z Temporarily overriding HOME='/home/runner/work/_temp/4ebd09d3-5a6c-479b-92d9-3bca6bff6925' before making global git config changes
2026-07-24T12:42:35.9796139Z Adding repository directory to the temporary git global config as a safe directory
2026-07-24T12:42:35.9800227Z [command]/usr/bin/git config --global --add safe.directory /home/runner/work/ednsv/ednsv
2026-07-24T12:42:35.9835943Z [command]/usr/bin/git config --local --name-only --get-regexp core\.sshCommand
2026-07-24T12:42:35.9867353Z [command]/usr/bin/git submodule foreach --recursive sh -c "git config --local --name-only --get-regexp 'core\.sshCommand' && git config --local --unset-all 'core.sshCommand' || :"
2026-07-24T12:42:36.0074075Z [command]/usr/bin/git config --local --name-only --get-regexp http\.https\:\/\/github\.com\/\.extraheader
2026-07-24T12:42:36.0092943Z http.https://github.com/.extraheader
2026-07-24T12:42:36.0107774Z [command]/usr/bin/git config --local --unset-all http.https://github.com/.extraheader
2026-07-24T12:42:36.0129285Z [command]/usr/bin/git submodule foreach --recursive sh -c "git config --local --name-only --get-regexp 'http\.https\:\/\/github\.com\/\.extraheader' && git config --local --unset-all 'http.https://github.com/.extraheader' || :"
2026-07-24T12:42:36.0371431Z [command]/usr/bin/git config --local --name-only --get-regexp ^includeIf\.gitdir:
2026-07-24T12:42:36.0403592Z [command]/usr/bin/git submodule foreach --recursive git config --local --show-origin --name-only --get-regexp remote.origin.url
2026-07-24T12:42:36.0725044Z Cleaning up orphan processes
2026-07-24T12:42:36.0994525Z ##[warning]Node.js 20 is deprecated. The following actions target Node.js 20 but are being forced to run on Node.js 24: actions/checkout@v4, docker/build-push-action@v6, docker/login-action@v3, docker/metadata-action@v5, docker/setup-buildx-action@v3. For more information see: https://github.blog/changelog/2025-09-19-deprecation-of-node-20-on-github-actions-runners/
