2026-07-26T12:03:08.1205864Z Current runner version: '2.336.0'
2026-07-26T12:03:08.1223767Z ##[group]Runner Image Provisioner
2026-07-26T12:03:08.1224501Z Hosted Compute Agent
2026-07-26T12:03:08.1224967Z Version: 20260707.563
2026-07-26T12:03:08.1225448Z Commit: 02667638d2b423fbc733a8e32a88b44996a3ba6e
2026-07-26T12:03:08.1226026Z Build Date: 2026-07-07T19:33:50Z
2026-07-26T12:03:08.1226577Z Worker ID: {b418dfcf-caa3-4075-ae5b-5ab7da7b64cf}
2026-07-26T12:03:08.1227123Z Azure Region: centralus
2026-07-26T12:03:08.1227935Z ##[endgroup]
2026-07-26T12:03:08.1229401Z ##[group]Operating System
2026-07-26T12:03:08.1229898Z Ubuntu
2026-07-26T12:03:08.1230339Z 24.04.4
2026-07-26T12:03:08.1230743Z LTS
2026-07-26T12:03:08.1231166Z ##[endgroup]
2026-07-26T12:03:08.1231592Z ##[group]Runner Image
2026-07-26T12:03:08.1232036Z Image: ubuntu-24.04
2026-07-26T12:03:08.1232516Z Version: 20260720.247.2
2026-07-26T12:03:08.1233468Z Included Software: https://github.com/actions/runner-images/blob/ubuntu24/20260720.247/images/ubuntu/Ubuntu2404-Readme.md
2026-07-26T12:03:08.1234598Z Image Release: https://github.com/actions/runner-images/releases/tag/ubuntu24%2F20260720.247
2026-07-26T12:03:08.1235317Z ##[endgroup]
2026-07-26T12:03:08.1236268Z ##[group]GITHUB_TOKEN Permissions
2026-07-26T12:03:08.1238119Z Contents: read
2026-07-26T12:03:08.1238644Z Metadata: read
2026-07-26T12:03:08.1239088Z Packages: write
2026-07-26T12:03:08.1239514Z ##[endgroup]
2026-07-26T12:03:08.1241176Z Secret source: Actions
2026-07-26T12:03:08.1241983Z Prepare workflow directory
2026-07-26T12:03:08.1587842Z Prepare all required actions
2026-07-26T12:03:08.1619340Z Getting action download info
2026-07-26T12:03:08.3710384Z Download action repository 'actions/checkout@v4' (SHA:11d5960a326750d5838078e36cf38b85af677262)
2026-07-26T12:03:08.9150936Z Download action repository 'docker/setup-buildx-action@v3' (SHA:8d2750c68a42422c14e847fe6c8ac0403b4cbd6f)
2026-07-26T12:03:09.4126059Z Download action repository 'docker/login-action@v3' (SHA:c94ce9fb468520275223c153574b00df6fe4bcc9)
2026-07-26T12:03:09.9376213Z Download action repository 'docker/metadata-action@v5' (SHA:c299e40c65443455700f0fdfc63efafe5b349051)
2026-07-26T12:03:11.1101600Z Download action repository 'docker/build-push-action@v6' (SHA:10e90e3645eae34f1e60eeb005ba3a3d33f178e8)
2026-07-26T12:03:11.6884754Z Complete job name: Build & Push Docker Image
2026-07-26T12:03:11.7342958Z Node 20 is being deprecated. This workflow is running with Node 24 by default. If you need to temporarily use Node 20, you can set the ACTIONS_ALLOW_USE_UNSECURE_NODE_VERSION=true environment variable. For more information see: https://github.blog/changelog/2025-09-19-deprecation-of-node-20-on-github-actions-runners/
2026-07-26T12:03:11.7348656Z ##[group]Run actions/checkout@v4
2026-07-26T12:03:11.7349019Z with:
2026-07-26T12:03:11.7349236Z   repository: pkinerd/ednsv
2026-07-26T12:03:11.7351528Z   token: ***
2026-07-26T12:03:11.7351776Z   ssh-strict: true
2026-07-26T12:03:11.7352040Z   ssh-user: git
2026-07-26T12:03:11.7352306Z   persist-credentials: true
2026-07-26T12:03:11.7352677Z   clean: true
2026-07-26T12:03:11.7353003Z   sparse-checkout-cone-mode: true
2026-07-26T12:03:11.7353390Z   fetch-depth: 1
2026-07-26T12:03:11.7353676Z   fetch-tags: false
2026-07-26T12:03:11.7353955Z   show-progress: true
2026-07-26T12:03:11.7354233Z   lfs: false
2026-07-26T12:03:11.7354655Z   submodules: false
2026-07-26T12:03:11.7354956Z   set-safe-directory: true
2026-07-26T12:03:11.7355307Z   allow-unsafe-pr-checkout: false
2026-07-26T12:03:11.7355834Z env:
2026-07-26T12:03:11.7356042Z   REGISTRY: ghcr.io
2026-07-26T12:03:11.7356272Z   IMAGE_NAME: pkinerd/ednsv
2026-07-26T12:03:11.7356516Z ##[endgroup]
2026-07-26T12:03:11.8133222Z Syncing repository: pkinerd/ednsv
2026-07-26T12:03:11.8134530Z ##[group]Getting Git version info
2026-07-26T12:03:11.8134881Z Working directory is '/home/runner/work/ednsv/ednsv'
2026-07-26T12:03:11.8135425Z [command]/usr/bin/git version
2026-07-26T12:03:11.8170608Z git version 2.54.0
2026-07-26T12:03:11.8214779Z ##[endgroup]
2026-07-26T12:03:11.8225362Z Temporarily overriding HOME='/home/runner/work/_temp/155d591c-c9f6-4a3e-b7c5-39c2cd31e4bb' before making global git config changes
2026-07-26T12:03:11.8226583Z Adding repository directory to the temporary git global config as a safe directory
2026-07-26T12:03:11.8231158Z [command]/usr/bin/git config --global --add safe.directory /home/runner/work/ednsv/ednsv
2026-07-26T12:03:11.8256844Z Deleting the contents of '/home/runner/work/ednsv/ednsv'
2026-07-26T12:03:11.8260354Z ##[group]Initializing the repository
2026-07-26T12:03:11.8263501Z [command]/usr/bin/git init /home/runner/work/ednsv/ednsv
2026-07-26T12:03:11.8322992Z hint: Using 'master' as the name for the initial branch. This default branch name
2026-07-26T12:03:11.8323891Z hint: will change to "main" in Git 3.0. To configure the initial branch name
2026-07-26T12:03:11.8325904Z hint: to use in all of your new repositories, which will suppress this warning,
2026-07-26T12:03:11.8326633Z hint: call:
2026-07-26T12:03:11.8327701Z hint:
2026-07-26T12:03:11.8328183Z hint: 	git config --global init.defaultBranch <name>
2026-07-26T12:03:11.8328661Z hint:
2026-07-26T12:03:11.8328997Z hint: Names commonly chosen instead of 'master' are 'main', 'trunk' and
2026-07-26T12:03:11.8329569Z hint: 'development'. The just-created branch can be renamed via this command:
2026-07-26T12:03:11.8330047Z hint:
2026-07-26T12:03:11.8330294Z hint: 	git branch -m <name>
2026-07-26T12:03:11.8330617Z hint:
2026-07-26T12:03:11.8330996Z hint: Disable this message with "git config set advice.defaultBranchName false"
2026-07-26T12:03:11.8331641Z Initialized empty Git repository in /home/runner/work/ednsv/ednsv/.git/
2026-07-26T12:03:11.8332648Z [command]/usr/bin/git remote add origin https://github.com/pkinerd/ednsv
2026-07-26T12:03:11.8353059Z ##[endgroup]
2026-07-26T12:03:11.8353640Z ##[group]Disabling automatic garbage collection
2026-07-26T12:03:11.8357162Z [command]/usr/bin/git config --local gc.auto 0
2026-07-26T12:03:11.8376604Z ##[endgroup]
2026-07-26T12:03:11.8377137Z ##[group]Setting up auth
2026-07-26T12:03:11.8382143Z [command]/usr/bin/git config --local --name-only --get-regexp core\.sshCommand
2026-07-26T12:03:11.8419500Z [command]/usr/bin/git submodule foreach --recursive sh -c "git config --local --name-only --get-regexp 'core\.sshCommand' && git config --local --unset-all 'core.sshCommand' || :"
2026-07-26T12:03:11.8622176Z [command]/usr/bin/git config --local --name-only --get-regexp http\.https\:\/\/github\.com\/\.extraheader
2026-07-26T12:03:11.8652893Z [command]/usr/bin/git submodule foreach --recursive sh -c "git config --local --name-only --get-regexp 'http\.https\:\/\/github\.com\/\.extraheader' && git config --local --unset-all 'http.https://github.com/.extraheader' || :"
2026-07-26T12:03:11.8808748Z [command]/usr/bin/git config --local --name-only --get-regexp ^includeIf\.gitdir:
2026-07-26T12:03:11.8830264Z [command]/usr/bin/git submodule foreach --recursive git config --local --show-origin --name-only --get-regexp remote.origin.url
2026-07-26T12:03:11.8966186Z [command]/usr/bin/git config --local http.https://github.com/.extraheader AUTHORIZATION: basic ***
2026-07-26T12:03:11.8989129Z ##[endgroup]
2026-07-26T12:03:11.8989654Z ##[group]Fetching the repository
2026-07-26T12:03:11.8995779Z [command]/usr/bin/git -c protocol.version=2 fetch --no-tags --prune --no-recurse-submodules --depth=1 origin +a0369874af9658b90780f00b5dfaf37772683e84:refs/remotes/pull/28/merge
2026-07-26T12:03:12.4247061Z From https://github.com/pkinerd/ednsv
2026-07-26T12:03:12.4247825Z  * [new ref]         a0369874af9658b90780f00b5dfaf37772683e84 -> pull/28/merge
2026-07-26T12:03:12.4264657Z ##[endgroup]
2026-07-26T12:03:12.4265396Z ##[group]Determining the checkout info
2026-07-26T12:03:12.4267063Z ##[endgroup]
2026-07-26T12:03:12.4273372Z [command]/usr/bin/git sparse-checkout disable
2026-07-26T12:03:12.4303742Z [command]/usr/bin/git config --local --unset-all extensions.worktreeConfig
2026-07-26T12:03:12.4332319Z ##[group]Checking out the ref
2026-07-26T12:03:12.4334777Z [command]/usr/bin/git checkout --progress --force refs/remotes/pull/28/merge
2026-07-26T12:03:12.4421001Z Note: switching to 'refs/remotes/pull/28/merge'.
2026-07-26T12:03:12.4421418Z 
2026-07-26T12:03:12.4421738Z You are in 'detached HEAD' state. You can look around, make experimental
2026-07-26T12:03:12.4422241Z changes and commit them, and you can discard any commits you make in this
2026-07-26T12:03:12.4422621Z state without impacting any branches by switching back to a branch.
2026-07-26T12:03:12.4422880Z 
2026-07-26T12:03:12.4423040Z If you want to create a new branch to retain commits you create, you may
2026-07-26T12:03:12.4423445Z do so (now or later) by using -c with the switch command. Example:
2026-07-26T12:03:12.4423651Z 
2026-07-26T12:03:12.4423776Z   git switch -c <new-branch-name>
2026-07-26T12:03:12.4423954Z 
2026-07-26T12:03:12.4424059Z Or undo this operation with:
2026-07-26T12:03:12.4424223Z 
2026-07-26T12:03:12.4424324Z   git switch -
2026-07-26T12:03:12.4424466Z 
2026-07-26T12:03:12.4424687Z Turn off this advice by setting config variable advice.detachedHead to false
2026-07-26T12:03:12.4424932Z 
2026-07-26T12:03:12.4425234Z HEAD is now at a036987 Merge e0539fa42cfddfceae479fa57b9d05231ee57de3 into 0907a58f50a6c98d23ae466ed31c3a0c15264622
2026-07-26T12:03:12.4426625Z ##[endgroup]
2026-07-26T12:03:12.4448192Z [command]/usr/bin/git log -1 --format=%H
2026-07-26T12:03:12.4465153Z a0369874af9658b90780f00b5dfaf37772683e84
2026-07-26T12:03:12.4635020Z ##[group]Run if [ "pull_request" != "pull_request" ]; then
2026-07-26T12:03:12.4635482Z [36;1mif [ "pull_request" != "pull_request" ]; then[0m
2026-07-26T12:03:12.4635787Z [36;1m  echo "push=true" >> "$GITHUB_OUTPUT"[0m
2026-07-26T12:03:12.4636088Z [36;1melif [ "pkinerd/ednsv" = "pkinerd/ednsv" ]; then[0m
2026-07-26T12:03:12.4636397Z [36;1m  echo "push=true" >> "$GITHUB_OUTPUT"[0m
2026-07-26T12:03:12.4636670Z [36;1melse[0m
2026-07-26T12:03:12.4636907Z [36;1m  echo "push=false" >> "$GITHUB_OUTPUT"[0m
2026-07-26T12:03:12.4637162Z [36;1mfi[0m
2026-07-26T12:03:12.4663612Z shell: /usr/bin/bash -e {0}
2026-07-26T12:03:12.4663926Z env:
2026-07-26T12:03:12.4664193Z   REGISTRY: ghcr.io
2026-07-26T12:03:12.4664427Z   IMAGE_NAME: pkinerd/ednsv
2026-07-26T12:03:12.4665017Z ##[endgroup]
2026-07-26T12:03:12.4805417Z Node 20 is being deprecated. This workflow is running with Node 24 by default. If you need to temporarily use Node 20, you can set the ACTIONS_ALLOW_USE_UNSECURE_NODE_VERSION=true environment variable. For more information see: https://github.blog/changelog/2025-09-19-deprecation-of-node-20-on-github-actions-runners/
2026-07-26T12:03:12.4806671Z ##[group]Run docker/setup-buildx-action@v3
2026-07-26T12:03:12.4806952Z with:
2026-07-26T12:03:12.4807402Z   driver: docker-container
2026-07-26T12:03:12.4807736Z   use: true
2026-07-26T12:03:12.4807957Z   keep-state: false
2026-07-26T12:03:12.4808214Z   cache-binary: true
2026-07-26T12:03:12.4808455Z   cleanup: true
2026-07-26T12:03:12.4808677Z   install: false
2026-07-26T12:03:12.4808900Z env:
2026-07-26T12:03:12.4809114Z   REGISTRY: ghcr.io
2026-07-26T12:03:12.4809367Z   IMAGE_NAME: pkinerd/ednsv
2026-07-26T12:03:12.4809631Z ##[endgroup]
2026-07-26T12:03:12.6526620Z (node:2048) [DEP0040] DeprecationWarning: The `punycode` module is deprecated. Please use a userland alternative instead.
2026-07-26T12:03:12.6527451Z (Use `node --trace-deprecation ...` to show where the warning was created)
2026-07-26T12:03:12.6564598Z ##[group]Docker info
2026-07-26T12:03:12.6588755Z [command]/usr/bin/docker version
2026-07-26T12:03:12.7076698Z Client: Docker Engine - Community
2026-07-26T12:03:12.7077136Z  Version:           28.0.4
2026-07-26T12:03:12.7078010Z  API version:       1.48
2026-07-26T12:03:12.7078290Z  Go version:        go1.23.7
2026-07-26T12:03:12.7078563Z  Git commit:        b8034c0
2026-07-26T12:03:12.7078830Z  Built:             Tue Mar 25 15:07:16 2025
2026-07-26T12:03:12.7079090Z  OS/Arch:           linux/amd64
2026-07-26T12:03:12.7079414Z  Context:           default
2026-07-26T12:03:12.7080697Z 
2026-07-26T12:03:12.7081057Z Server: Docker Engine - Community
2026-07-26T12:03:12.7081865Z  Engine:
2026-07-26T12:03:12.7082254Z   Version:          28.0.4
2026-07-26T12:03:12.7082826Z   API version:      1.48 (minimum version 1.24)
2026-07-26T12:03:12.7083258Z   Go version:       go1.23.7
2026-07-26T12:03:12.7083601Z   Git commit:       6430e49
2026-07-26T12:03:12.7083900Z   Built:            Tue Mar 25 15:07:16 2025
2026-07-26T12:03:12.7084233Z   OS/Arch:          linux/amd64
2026-07-26T12:03:12.7084538Z   Experimental:     false
2026-07-26T12:03:12.7084785Z  containerd:
2026-07-26T12:03:12.7085003Z   Version:          v2.2.6
2026-07-26T12:03:12.7085272Z   GitCommit:        11ce9d5f3c68c941867e82890e93e815c1304f1b
2026-07-26T12:03:12.7085671Z  runc:
2026-07-26T12:03:12.7085943Z   Version:          1.3.6
2026-07-26T12:03:12.7086200Z   GitCommit:        v1.3.6-0-g491b69ba
2026-07-26T12:03:12.7086462Z  docker-init:
2026-07-26T12:03:12.7086681Z   Version:          0.19.0
2026-07-26T12:03:12.7086924Z   GitCommit:        de40ad0
2026-07-26T12:03:12.7113662Z [command]/usr/bin/docker info
2026-07-26T12:03:12.8530904Z Client: Docker Engine - Community
2026-07-26T12:03:12.8538683Z  Version:    28.0.4
2026-07-26T12:03:12.8539127Z  Context:    default
2026-07-26T12:03:12.8539493Z  Debug Mode: false
2026-07-26T12:03:12.8539813Z  Plugins:
2026-07-26T12:03:12.8540081Z   buildx: Docker Buildx (Docker Inc.)
2026-07-26T12:03:12.8540513Z     Version:  v0.35.0
2026-07-26T12:03:12.8540911Z     Path:     /usr/libexec/docker/cli-plugins/docker-buildx
2026-07-26T12:03:12.8541363Z   compose: Docker Compose (Docker Inc.)
2026-07-26T12:03:12.8541737Z     Version:  v2.38.2
2026-07-26T12:03:12.8542080Z     Path:     /usr/libexec/docker/cli-plugins/docker-compose
2026-07-26T12:03:12.8542380Z 
2026-07-26T12:03:12.8542520Z Server:
2026-07-26T12:03:12.8542740Z  Containers: 0
2026-07-26T12:03:12.8542981Z   Running: 0
2026-07-26T12:03:12.8543227Z   Paused: 0
2026-07-26T12:03:12.8543453Z   Stopped: 0
2026-07-26T12:03:12.8543707Z  Images: 6
2026-07-26T12:03:12.8543957Z  Server Version: 28.0.4
2026-07-26T12:03:12.8544248Z  Storage Driver: overlay2
2026-07-26T12:03:12.8544592Z   Backing Filesystem: extfs
2026-07-26T12:03:12.8544874Z   Supports d_type: true
2026-07-26T12:03:12.8545602Z   Using metacopy: false
2026-07-26T12:03:12.8545973Z   Native Overlay Diff: false
2026-07-26T12:03:12.8546306Z   userxattr: false
2026-07-26T12:03:12.8546622Z  Logging Driver: json-file
2026-07-26T12:03:12.8546914Z  Cgroup Driver: systemd
2026-07-26T12:03:12.8547329Z  Cgroup Version: 2
2026-07-26T12:03:12.8547638Z  Plugins:
2026-07-26T12:03:12.8547951Z   Volume: local
2026-07-26T12:03:12.8548340Z   Network: bridge host ipvlan macvlan null overlay
2026-07-26T12:03:12.8548851Z   Log: awslogs fluentd gcplogs gelf journald json-file local splunk syslog
2026-07-26T12:03:12.8549266Z  Swarm: inactive
2026-07-26T12:03:12.8550034Z  Runtimes: io.containerd.runc.v2 runc
2026-07-26T12:03:12.8550516Z  Default Runtime: runc
2026-07-26T12:03:12.8551116Z  Init Binary: docker-init
2026-07-26T12:03:12.8551640Z  containerd version: 11ce9d5f3c68c941867e82890e93e815c1304f1b
2026-07-26T12:03:12.8552114Z  runc version: v1.3.6-0-g491b69ba
2026-07-26T12:03:12.8552505Z  init version: de40ad0
2026-07-26T12:03:12.8552866Z  Security Options:
2026-07-26T12:03:12.8553320Z   apparmor
2026-07-26T12:03:12.8553589Z   seccomp
2026-07-26T12:03:12.8553962Z    Profile: builtin
2026-07-26T12:03:12.8554224Z   cgroupns
2026-07-26T12:03:12.8554632Z  Kernel Version: 6.17.0-1020-azure
2026-07-26T12:03:12.8555060Z  Operating System: Ubuntu 24.04.4 LTS
2026-07-26T12:03:12.8555429Z  OSType: linux
2026-07-26T12:03:12.8555805Z  Architecture: x86_64
2026-07-26T12:03:12.8556100Z  CPUs: 4
2026-07-26T12:03:12.8556465Z  Total Memory: 15.61GiB
2026-07-26T12:03:12.8556829Z  Name: runnervmvrwv9
2026-07-26T12:03:12.8557312Z  ID: dce1e4a9-fc26-4218-aaf0-feee5194c8cb
2026-07-26T12:03:12.8557772Z  Docker Root Dir: /var/lib/docker
2026-07-26T12:03:12.8558101Z  Debug Mode: false
2026-07-26T12:03:12.8558462Z  Username: githubactions
2026-07-26T12:03:12.8558827Z  Experimental: false
2026-07-26T12:03:12.8559466Z  Insecure Registries:
2026-07-26T12:03:12.8564008Z   ::1/128
2026-07-26T12:03:12.8564341Z   127.0.0.0/8
2026-07-26T12:03:12.8564721Z  Live Restore Enabled: false
2026-07-26T12:03:12.8565113Z 
2026-07-26T12:03:12.8565829Z ##[endgroup]
2026-07-26T12:03:12.8975750Z ##[group]Buildx version
2026-07-26T12:03:12.8995103Z [command]/usr/bin/docker buildx version
2026-07-26T12:03:12.9364130Z github.com/docker/buildx v0.35.0 a319e5b15052cf6557ceb666eb8ff6e32380b782
2026-07-26T12:03:12.9378861Z ##[endgroup]
2026-07-26T12:03:12.9495749Z ##[group]Inspecting default docker context
2026-07-26T12:03:12.9613297Z [
2026-07-26T12:03:12.9613878Z   {
2026-07-26T12:03:12.9614350Z     "Name": "default",
2026-07-26T12:03:12.9614878Z     "Metadata": {},
2026-07-26T12:03:12.9615554Z     "Endpoints": {
2026-07-26T12:03:12.9616222Z       "docker": {
2026-07-26T12:03:12.9617539Z         "Host": "unix:///var/run/docker.sock",
2026-07-26T12:03:12.9618059Z         "SkipTLSVerify": false
2026-07-26T12:03:12.9618449Z       }
2026-07-26T12:03:12.9618647Z     },
2026-07-26T12:03:12.9618856Z     "TLSMaterial": {},
2026-07-26T12:03:12.9619098Z     "Storage": {
2026-07-26T12:03:12.9619351Z       "MetadataPath": "<IN MEMORY>",
2026-07-26T12:03:12.9619609Z       "TLSPath": "<IN MEMORY>"
2026-07-26T12:03:12.9619874Z     }
2026-07-26T12:03:12.9620070Z   }
2026-07-26T12:03:12.9620256Z ]
2026-07-26T12:03:12.9620768Z ##[endgroup]
2026-07-26T12:03:12.9621189Z ##[group]Creating a new builder instance
2026-07-26T12:03:13.0526801Z [command]/usr/bin/docker buildx create --name builder-96686714-4ab2-4643-9993-c0a65bbeaefc --driver docker-container --buildkitd-flags --allow-insecure-entitlement security.insecure --allow-insecure-entitlement network.host --use
2026-07-26T12:03:13.0966854Z builder-96686714-4ab2-4643-9993-c0a65bbeaefc
2026-07-26T12:03:13.0985858Z ##[endgroup]
2026-07-26T12:03:13.0986641Z ##[group]Booting builder
2026-07-26T12:03:13.1027006Z [command]/usr/bin/docker buildx inspect --bootstrap --builder builder-96686714-4ab2-4643-9993-c0a65bbeaefc
2026-07-26T12:03:13.1467975Z #1 [internal] booting buildkit
2026-07-26T12:03:13.2977912Z #1 pulling image moby/buildkit:buildx-stable-1
2026-07-26T12:03:22.7050880Z #1 pulling image moby/buildkit:buildx-stable-1 9.6s done
2026-07-26T12:03:22.8556100Z #1 creating container buildx_buildkit_builder-96686714-4ab2-4643-9993-c0a65bbeaefc0
2026-07-26T12:03:23.1443585Z #1 creating container buildx_buildkit_builder-96686714-4ab2-4643-9993-c0a65bbeaefc0 0.4s done
2026-07-26T12:03:23.1454315Z #1 DONE 10.0s
2026-07-26T12:03:23.1676831Z Name:          builder-96686714-4ab2-4643-9993-c0a65bbeaefc
2026-07-26T12:03:23.1677647Z Driver:        docker-container
2026-07-26T12:03:23.1688380Z Last Activity: 2026-07-26 12:03:13 +0000 UTC
2026-07-26T12:03:23.1695980Z 
2026-07-26T12:03:23.1696796Z Nodes:
2026-07-26T12:03:23.1697383Z Name:                  builder-96686714-4ab2-4643-9993-c0a65bbeaefc0
2026-07-26T12:03:23.1697964Z Endpoint:              unix:///var/run/docker.sock
2026-07-26T12:03:23.1698370Z Status:                running
2026-07-26T12:03:23.1699275Z BuildKit daemon flags: --allow-insecure-entitlement security.insecure --allow-insecure-entitlement network.host
2026-07-26T12:03:23.1699985Z BuildKit version:      v0.31.2
2026-07-26T12:03:23.1700413Z Platforms:             linux/amd64, linux/amd64/v2, linux/amd64/v3, linux/amd64/v4, linux/386
2026-07-26T12:03:23.1700938Z Labels:
2026-07-26T12:03:23.1701263Z  org.mobyproject.buildkit.worker.executor:         oci
2026-07-26T12:03:23.1701731Z  org.mobyproject.buildkit.worker.hostname:         565a9a600dce
2026-07-26T12:03:23.1702203Z  org.mobyproject.buildkit.worker.network:          host
2026-07-26T12:03:23.1702631Z  org.mobyproject.buildkit.worker.oci.process-mode: sandbox
2026-07-26T12:03:23.1703058Z  org.mobyproject.buildkit.worker.selinux.enabled:  false
2026-07-26T12:03:23.1703471Z  org.mobyproject.buildkit.worker.snapshotter:      overlayfs
2026-07-26T12:03:23.1703800Z GC Policy rule#0:
2026-07-26T12:03:23.1704129Z  All:            false
2026-07-26T12:03:23.1704754Z  Filters:        type==source.local type==exec.cachemount type==source.git.checkout
2026-07-26T12:03:23.1705213Z  Keep Duration:  48h0m0s
2026-07-26T12:03:23.1705506Z  Max Used Space: 488.3MiB
2026-07-26T12:03:23.1705837Z GC Policy rule#1:
2026-07-26T12:03:23.1706217Z  All:            false
2026-07-26T12:03:23.1706522Z  Keep Duration:  1440h0m0s
2026-07-26T12:03:23.1706849Z  Reserved Space: 9.313GiB
2026-07-26T12:03:23.1707403Z  Max Used Space: 93.13GiB
2026-07-26T12:03:23.1707710Z  Min Free Space: 27.01GiB
2026-07-26T12:03:23.1709042Z GC Policy rule#2:
2026-07-26T12:03:23.1709324Z  All:            false
2026-07-26T12:03:23.1709651Z  Reserved Space: 9.313GiB
2026-07-26T12:03:23.1710036Z  Max Used Space: 93.13GiB
2026-07-26T12:03:23.1710313Z  Min Free Space: 27.01GiB
2026-07-26T12:03:23.1710828Z GC Policy rule#3:
2026-07-26T12:03:23.1711130Z  All:            true
2026-07-26T12:03:23.1711427Z  Reserved Space: 9.313GiB
2026-07-26T12:03:23.1711720Z  Max Used Space: 93.13GiB
2026-07-26T12:03:23.1712846Z  Min Free Space: 27.01GiB
2026-07-26T12:03:23.1714285Z ##[endgroup]
2026-07-26T12:03:23.2370854Z ##[group]Inspect builder
2026-07-26T12:03:23.2371625Z {
2026-07-26T12:03:23.2372266Z   "nodes": [
2026-07-26T12:03:23.2372828Z     {
2026-07-26T12:03:23.2373348Z       "name": "builder-96686714-4ab2-4643-9993-c0a65bbeaefc0",
2026-07-26T12:03:23.2373929Z       "endpoint": "unix:///var/run/docker.sock",
2026-07-26T12:03:23.2374328Z       "status": "running",
2026-07-26T12:03:23.2374867Z       "buildkitd-flags": "--allow-insecure-entitlement security.insecure --allow-insecure-entitlement network.host",
2026-07-26T12:03:23.2375395Z       "buildkit": "v0.31.2",
2026-07-26T12:03:23.2375953Z       "platforms": "linux/amd64,linux/amd64/v2,linux/amd64/v3,linux/amd64/v4,linux/386",
2026-07-26T12:03:23.2376376Z       "features": {
2026-07-26T12:03:23.2376782Z         "Automatically load images to the Docker Engine image store": true,
2026-07-26T12:03:23.2377372Z         "Cache export": true,
2026-07-26T12:03:23.2377861Z         "Direct push": true,
2026-07-26T12:03:23.2378160Z         "Docker exporter": true,
2026-07-26T12:03:23.2378556Z         "Multi-platform build": true,
2026-07-26T12:03:23.2379054Z         "OCI exporter": true
2026-07-26T12:03:23.2379297Z       },
2026-07-26T12:03:23.2379500Z       "labels": {
2026-07-26T12:03:23.2379762Z         "org.mobyproject.buildkit.worker.executor": "oci",
2026-07-26T12:03:23.2380165Z         "org.mobyproject.buildkit.worker.hostname": "565a9a600dce",
2026-07-26T12:03:23.2380531Z         "org.mobyproject.buildkit.worker.network": "host",
2026-07-26T12:03:23.2380884Z         "org.mobyproject.buildkit.worker.oci.process-mode": "sandbox",
2026-07-26T12:03:23.2381325Z         "org.mobyproject.buildkit.worker.selinux.enabled": "false",
2026-07-26T12:03:23.2381713Z         "org.mobyproject.buildkit.worker.snapshotter": "overlayfs"
2026-07-26T12:03:23.2382020Z       },
2026-07-26T12:03:23.2382229Z       "gcPolicy": [
2026-07-26T12:03:23.2382455Z         {
2026-07-26T12:03:23.2382732Z           "all": false,
2026-07-26T12:03:23.2383047Z           "filter": [
2026-07-26T12:03:23.2383453Z             "type==source.local type==exec.cachemount type==source.git.checkout"
2026-07-26T12:03:23.2383859Z           ],
2026-07-26T12:03:23.2384138Z           "keepDuration": "48h0m0s",
2026-07-26T12:03:23.2384474Z           "maxUsedSpace": "488.3MiB"
2026-07-26T12:03:23.2384788Z         },
2026-07-26T12:03:23.2385073Z         {
2026-07-26T12:03:23.2385312Z           "all": false,
2026-07-26T12:03:23.2385593Z           "keepDuration": "1440h0m0s",
2026-07-26T12:03:23.2385988Z           "reservedSpace": "9.313GiB",
2026-07-26T12:03:23.2386333Z           "maxUsedSpace": "93.13GiB",
2026-07-26T12:03:23.2386753Z           "minFreeSpace": "27.01GiB"
2026-07-26T12:03:23.2387086Z         },
2026-07-26T12:03:23.2387514Z         {
2026-07-26T12:03:23.2387821Z           "all": false,
2026-07-26T12:03:23.2388133Z           "reservedSpace": "9.313GiB",
2026-07-26T12:03:23.2388477Z           "maxUsedSpace": "93.13GiB",
2026-07-26T12:03:23.2388951Z           "minFreeSpace": "27.01GiB"
2026-07-26T12:03:23.2389254Z         },
2026-07-26T12:03:23.2389512Z         {
2026-07-26T12:03:23.2389764Z           "all": true,
2026-07-26T12:03:23.2390124Z           "reservedSpace": "9.313GiB",
2026-07-26T12:03:23.2390540Z           "maxUsedSpace": "93.13GiB",
2026-07-26T12:03:23.2390869Z           "minFreeSpace": "27.01GiB"
2026-07-26T12:03:23.2391191Z         }
2026-07-26T12:03:23.2391448Z       ]
2026-07-26T12:03:23.2391707Z     }
2026-07-26T12:03:23.2391996Z   ],
2026-07-26T12:03:23.2392320Z   "name": "builder-96686714-4ab2-4643-9993-c0a65bbeaefc",
2026-07-26T12:03:23.2392696Z   "driver": "docker-container",
2026-07-26T12:03:23.2393017Z   "lastActivity": "2026-07-26T12:03:13.000Z"
2026-07-26T12:03:23.2393334Z }
2026-07-26T12:03:23.2394005Z ##[endgroup]
2026-07-26T12:03:23.2394494Z ##[group]BuildKit version
2026-07-26T12:03:23.2394858Z builder-96686714-4ab2-4643-9993-c0a65bbeaefc0: v0.31.2
2026-07-26T12:03:23.2395431Z ##[endgroup]
2026-07-26T12:03:23.2507579Z Node 20 is being deprecated. This workflow is running with Node 24 by default. If you need to temporarily use Node 20, you can set the ACTIONS_ALLOW_USE_UNSECURE_NODE_VERSION=true environment variable. For more information see: https://github.blog/changelog/2025-09-19-deprecation-of-node-20-on-github-actions-runners/
2026-07-26T12:03:23.2508624Z ##[group]Run docker/login-action@v3
2026-07-26T12:03:23.2508923Z with:
2026-07-26T12:03:23.2509153Z   registry: ghcr.io
2026-07-26T12:03:23.2509392Z   username: pkinerd
2026-07-26T12:03:23.2511474Z   password: ***
2026-07-26T12:03:23.2511722Z   logout: true
2026-07-26T12:03:23.2511929Z env:
2026-07-26T12:03:23.2512142Z   REGISTRY: ghcr.io
2026-07-26T12:03:23.2512384Z   IMAGE_NAME: pkinerd/ednsv
2026-07-26T12:03:23.2512643Z ##[endgroup]
2026-07-26T12:03:23.4635317Z Logging into ghcr.io...
2026-07-26T12:03:23.4651119Z (node:2537) [DEP0040] DeprecationWarning: The `punycode` module is deprecated. Please use a userland alternative instead.
2026-07-26T12:03:23.4652516Z (Use `node --trace-deprecation ...` to show where the warning was created)
2026-07-26T12:03:23.8274358Z Login Succeeded!
2026-07-26T12:03:23.8388449Z Node 20 is being deprecated. This workflow is running with Node 24 by default. If you need to temporarily use Node 20, you can set the ACTIONS_ALLOW_USE_UNSECURE_NODE_VERSION=true environment variable. For more information see: https://github.blog/changelog/2025-09-19-deprecation-of-node-20-on-github-actions-runners/
2026-07-26T12:03:23.8389442Z ##[group]Run docker/metadata-action@v5
2026-07-26T12:03:23.8389728Z with:
2026-07-26T12:03:23.8389954Z   images: ghcr.io/pkinerd/ednsv
2026-07-26T12:03:23.8390552Z   tags: type=ref,event=branch,prefix=branch-
type=ref,event=pr,prefix=pr-
type=sha,format=short,prefix=sha-
type=raw,value=latest,enable={{is_default_branch}}
type=raw,value=latest-any

2026-07-26T12:03:23.8391169Z   context: workflow
2026-07-26T12:03:23.8393175Z   github-token: ***
2026-07-26T12:03:23.8393411Z env:
2026-07-26T12:03:23.8393662Z   REGISTRY: ghcr.io
2026-07-26T12:03:23.8393887Z   IMAGE_NAME: pkinerd/ednsv
2026-07-26T12:03:23.8394158Z ##[endgroup]
2026-07-26T12:03:24.1008831Z (node:2557) [DEP0040] DeprecationWarning: The `punycode` module is deprecated. Please use a userland alternative instead.
2026-07-26T12:03:24.1010311Z (Use `node --trace-deprecation ...` to show where the warning was created)
2026-07-26T12:03:25.0593297Z ##[group]Context info
2026-07-26T12:03:25.0593684Z eventName: pull_request
2026-07-26T12:03:25.0594166Z sha: a0369874af9658b90780f00b5dfaf37772683e84
2026-07-26T12:03:25.0594895Z ref: refs/pull/28/merge
2026-07-26T12:03:25.0595215Z workflow: CI
2026-07-26T12:03:25.0595567Z action: meta
2026-07-26T12:03:25.0595866Z actor: pkinerd
2026-07-26T12:03:25.0596218Z runNumber: 222
2026-07-26T12:03:25.0596536Z runId: 30201278673
2026-07-26T12:03:25.0596992Z commitDate: Sun Jul 26 2026 12:02:11 GMT+0000 (Coordinated Universal Time)
2026-07-26T12:03:25.0597977Z ##[endgroup]
2026-07-26T12:03:25.0602491Z ##[group]Processing images input
2026-07-26T12:03:25.0603633Z name=ghcr.io/pkinerd/ednsv,enable=true
2026-07-26T12:03:25.0604303Z ##[endgroup]
2026-07-26T12:03:25.0616294Z ##[group]Processing tags input
2026-07-26T12:03:25.0617061Z type=ref,event=branch,prefix=branch-,enable=true,priority=600
2026-07-26T12:03:25.0618181Z type=ref,event=pr,prefix=pr-,enable=true,priority=600
2026-07-26T12:03:25.0618905Z type=raw,value=latest,enable={{is_default_branch}},priority=200
2026-07-26T12:03:25.0619916Z type=raw,value=latest-any,enable=true,priority=200
2026-07-26T12:03:25.0620625Z type=sha,format=short,prefix=sha-,enable=true,priority=100
2026-07-26T12:03:25.0621450Z ##[endgroup]
2026-07-26T12:03:25.0622432Z ##[group]Processing flavor input
2026-07-26T12:03:25.0622913Z latest=auto
2026-07-26T12:03:25.0623749Z prefix=
2026-07-26T12:03:25.0624172Z prefixLatest=false
2026-07-26T12:03:25.0624708Z suffix=
2026-07-26T12:03:25.0625132Z suffixLatest=false
2026-07-26T12:03:25.0625878Z ##[endgroup]
2026-07-26T12:03:25.0678668Z ##[group]Docker image version
2026-07-26T12:03:25.0679075Z pr-28
2026-07-26T12:03:25.0679863Z ##[endgroup]
2026-07-26T12:03:25.0682579Z ##[group]Docker tags
2026-07-26T12:03:25.0682968Z ghcr.io/pkinerd/ednsv:pr-28
2026-07-26T12:03:25.0683343Z ghcr.io/pkinerd/ednsv:latest-any
2026-07-26T12:03:25.0683721Z ghcr.io/pkinerd/ednsv:sha-a036987
2026-07-26T12:03:25.0684158Z ##[endgroup]
2026-07-26T12:03:25.0743471Z ##[group]Docker labels
2026-07-26T12:03:25.0743920Z org.opencontainers.image.created=2026-07-26T12:03:25.061Z
2026-07-26T12:03:25.0744536Z org.opencontainers.image.description=
2026-07-26T12:03:25.0745006Z org.opencontainers.image.licenses=
2026-07-26T12:03:25.0745547Z org.opencontainers.image.revision=a0369874af9658b90780f00b5dfaf37772683e84
2026-07-26T12:03:25.0746147Z org.opencontainers.image.source=https://github.com/pkinerd/ednsv
2026-07-26T12:03:25.0746592Z org.opencontainers.image.title=ednsv
2026-07-26T12:03:25.0747012Z org.opencontainers.image.url=https://github.com/pkinerd/ednsv
2026-07-26T12:03:25.0747996Z org.opencontainers.image.version=pr-28
2026-07-26T12:03:25.0748597Z ##[endgroup]
2026-07-26T12:03:25.0749179Z ##[group]Annotations
2026-07-26T12:03:25.0750436Z manifest:org.opencontainers.image.created=2026-07-26T12:03:25.061Z
2026-07-26T12:03:25.0750941Z manifest:org.opencontainers.image.description=
2026-07-26T12:03:25.0751431Z manifest:org.opencontainers.image.licenses=
2026-07-26T12:03:25.0751955Z manifest:org.opencontainers.image.revision=a0369874af9658b90780f00b5dfaf37772683e84
2026-07-26T12:03:25.0752786Z manifest:org.opencontainers.image.source=https://github.com/pkinerd/ednsv
2026-07-26T12:03:25.0753957Z manifest:org.opencontainers.image.title=ednsv
2026-07-26T12:03:25.0754789Z manifest:org.opencontainers.image.url=https://github.com/pkinerd/ednsv
2026-07-26T12:03:25.0755577Z manifest:org.opencontainers.image.version=pr-28
2026-07-26T12:03:25.0756762Z ##[endgroup]
2026-07-26T12:03:25.0757694Z ##[group]JSON output
2026-07-26T12:03:25.0758071Z {
2026-07-26T12:03:25.0758302Z   "tags": [
2026-07-26T12:03:25.0758956Z     "ghcr.io/pkinerd/ednsv:pr-28",
2026-07-26T12:03:25.0759602Z     "ghcr.io/pkinerd/ednsv:latest-any",
2026-07-26T12:03:25.0760166Z     "ghcr.io/pkinerd/ednsv:sha-a036987"
2026-07-26T12:03:25.0760437Z   ],
2026-07-26T12:03:25.0760716Z   "tag-names": [
2026-07-26T12:03:25.0761066Z     "pr-28",
2026-07-26T12:03:25.0761361Z     "latest-any",
2026-07-26T12:03:25.0761640Z     "sha-a036987"
2026-07-26T12:03:25.0761866Z   ],
2026-07-26T12:03:25.0762099Z   "labels": {
2026-07-26T12:03:25.0762546Z     "org.opencontainers.image.created": "2026-07-26T12:03:25.061Z",
2026-07-26T12:03:25.0763069Z     "org.opencontainers.image.description": "",
2026-07-26T12:03:25.0763415Z     "org.opencontainers.image.licenses": "",
2026-07-26T12:03:25.0764382Z     "org.opencontainers.image.revision": "a0369874af9658b90780f00b5dfaf37772683e84",
2026-07-26T12:03:25.0765005Z     "org.opencontainers.image.source": "https://github.com/pkinerd/ednsv",
2026-07-26T12:03:25.0765455Z     "org.opencontainers.image.title": "ednsv",
2026-07-26T12:03:25.0765982Z     "org.opencontainers.image.url": "https://github.com/pkinerd/ednsv",
2026-07-26T12:03:25.0766376Z     "org.opencontainers.image.version": "pr-28"
2026-07-26T12:03:25.0766732Z   },
2026-07-26T12:03:25.0766961Z   "annotations": [
2026-07-26T12:03:25.0767458Z     "manifest:org.opencontainers.image.created=2026-07-26T12:03:25.061Z",
2026-07-26T12:03:25.0767890Z     "manifest:org.opencontainers.image.description=",
2026-07-26T12:03:25.0768251Z     "manifest:org.opencontainers.image.licenses=",
2026-07-26T12:03:25.0768728Z     "manifest:org.opencontainers.image.revision=a0369874af9658b90780f00b5dfaf37772683e84",
2026-07-26T12:03:25.0769271Z     "manifest:org.opencontainers.image.source=https://github.com/pkinerd/ednsv",
2026-07-26T12:03:25.0769697Z     "manifest:org.opencontainers.image.title=ednsv",
2026-07-26T12:03:25.0770218Z     "manifest:org.opencontainers.image.url=https://github.com/pkinerd/ednsv",
2026-07-26T12:03:25.0770657Z     "manifest:org.opencontainers.image.version=pr-28"
2026-07-26T12:03:25.0770992Z   ]
2026-07-26T12:03:25.0771206Z }
2026-07-26T12:03:25.0771671Z ##[endgroup]
2026-07-26T12:03:25.0772238Z ##[group]Bake file definition (tags)
2026-07-26T12:03:25.0772589Z {
2026-07-26T12:03:25.0772857Z   "target": {
2026-07-26T12:03:25.0773151Z     "docker-metadata-action": {
2026-07-26T12:03:25.0773924Z       "tags": [
2026-07-26T12:03:25.0774211Z         "ghcr.io/pkinerd/ednsv:pr-28",
2026-07-26T12:03:25.0774601Z         "ghcr.io/pkinerd/ednsv:latest-any",
2026-07-26T12:03:25.0775047Z         "ghcr.io/pkinerd/ednsv:sha-a036987"
2026-07-26T12:03:25.0775425Z       ],
2026-07-26T12:03:25.0775711Z       "args": {
2026-07-26T12:03:25.0776062Z         "DOCKER_META_IMAGES": "ghcr.io/pkinerd/ednsv",
2026-07-26T12:03:25.0776494Z         "DOCKER_META_VERSION": "pr-28"
2026-07-26T12:03:25.0776863Z       }
2026-07-26T12:03:25.0777128Z     }
2026-07-26T12:03:25.0777516Z   }
2026-07-26T12:03:25.0777806Z }
2026-07-26T12:03:25.0778315Z ##[endgroup]
2026-07-26T12:03:25.0778970Z ##[group]Bake file definition (labels)
2026-07-26T12:03:25.0779315Z {
2026-07-26T12:03:25.0779592Z   "target": {
2026-07-26T12:03:25.0780065Z     "docker-metadata-action": {
2026-07-26T12:03:25.0780355Z       "labels": {
2026-07-26T12:03:25.0780698Z         "org.opencontainers.image.created": "2026-07-26T12:03:25.061Z",
2026-07-26T12:03:25.0781089Z         "org.opencontainers.image.description": "",
2026-07-26T12:03:25.0781584Z         "org.opencontainers.image.licenses": "",
2026-07-26T12:03:25.0782188Z         "org.opencontainers.image.revision": "a0369874af9658b90780f00b5dfaf37772683e84",
2026-07-26T12:03:25.0782814Z         "org.opencontainers.image.source": "https://github.com/pkinerd/ednsv",
2026-07-26T12:03:25.0783374Z         "org.opencontainers.image.title": "ednsv",
2026-07-26T12:03:25.0783893Z         "org.opencontainers.image.url": "https://github.com/pkinerd/ednsv",
2026-07-26T12:03:25.0784393Z         "org.opencontainers.image.version": "pr-28"
2026-07-26T12:03:25.0784834Z       }
2026-07-26T12:03:25.0785108Z     }
2026-07-26T12:03:25.0785371Z   }
2026-07-26T12:03:25.0785656Z }
2026-07-26T12:03:25.0786185Z ##[endgroup]
2026-07-26T12:03:25.0786739Z ##[group]Bake file definition (annotations)
2026-07-26T12:03:25.0787068Z {
2026-07-26T12:03:25.0787511Z   "target": {
2026-07-26T12:03:25.0787814Z     "docker-metadata-action": {
2026-07-26T12:03:25.0788449Z       "annotations": [
2026-07-26T12:03:25.0788907Z         "manifest:org.opencontainers.image.created=2026-07-26T12:03:25.061Z",
2026-07-26T12:03:25.0789442Z         "manifest:org.opencontainers.image.description=",
2026-07-26T12:03:25.0789953Z         "manifest:org.opencontainers.image.licenses=",
2026-07-26T12:03:25.0790539Z         "manifest:org.opencontainers.image.revision=a0369874af9658b90780f00b5dfaf37772683e84",
2026-07-26T12:03:25.0791246Z         "manifest:org.opencontainers.image.source=https://github.com/pkinerd/ednsv",
2026-07-26T12:03:25.0791855Z         "manifest:org.opencontainers.image.title=ednsv",
2026-07-26T12:03:25.0792391Z         "manifest:org.opencontainers.image.url=https://github.com/pkinerd/ednsv",
2026-07-26T12:03:25.0793071Z         "manifest:org.opencontainers.image.version=pr-28"
2026-07-26T12:03:25.0793486Z       ]
2026-07-26T12:03:25.0793790Z     }
2026-07-26T12:03:25.0794114Z   }
2026-07-26T12:03:25.0794395Z }
2026-07-26T12:03:25.0794903Z ##[endgroup]
2026-07-26T12:03:25.0920632Z Node 20 is being deprecated. This workflow is running with Node 24 by default. If you need to temporarily use Node 20, you can set the ACTIONS_ALLOW_USE_UNSECURE_NODE_VERSION=true environment variable. For more information see: https://github.blog/changelog/2025-09-19-deprecation-of-node-20-on-github-actions-runners/
2026-07-26T12:03:25.0921985Z ##[group]Run docker/build-push-action@v6
2026-07-26T12:03:25.0922274Z with:
2026-07-26T12:03:25.0922483Z   context: .
2026-07-26T12:03:25.0922739Z   file: ./Dockerfile
2026-07-26T12:03:25.0922973Z   push: true
2026-07-26T12:03:25.0923370Z   tags: ghcr.io/pkinerd/ednsv:pr-28
ghcr.io/pkinerd/ednsv:latest-any
ghcr.io/pkinerd/ednsv:sha-a036987
2026-07-26T12:03:25.0924995Z   labels: org.opencontainers.image.created=2026-07-26T12:03:25.061Z
org.opencontainers.image.description=
org.opencontainers.image.licenses=
org.opencontainers.image.revision=a0369874af9658b90780f00b5dfaf37772683e84
org.opencontainers.image.source=https://github.com/pkinerd/ednsv
org.opencontainers.image.title=ednsv
org.opencontainers.image.url=https://github.com/pkinerd/ednsv
org.opencontainers.image.version=pr-28
2026-07-26T12:03:25.0926342Z   cache-from: type=gha
2026-07-26T12:03:25.0926616Z   cache-to: type=gha,mode=max
2026-07-26T12:03:25.0926882Z   load: false
2026-07-26T12:03:25.0927386Z   no-cache: false
2026-07-26T12:03:25.0927617Z   pull: false
2026-07-26T12:03:25.0929786Z   github-token: ***
2026-07-26T12:03:25.0930040Z env:
2026-07-26T12:03:25.0930269Z   REGISTRY: ghcr.io
2026-07-26T12:03:25.0930553Z   IMAGE_NAME: pkinerd/ednsv
2026-07-26T12:03:25.0930833Z   DOCKER_METADATA_OUTPUT_VERSION: pr-28
2026-07-26T12:03:25.0931329Z   DOCKER_METADATA_OUTPUT_TAGS: ghcr.io/pkinerd/ednsv:pr-28
ghcr.io/pkinerd/ednsv:latest-any
ghcr.io/pkinerd/ednsv:sha-a036987
2026-07-26T12:03:25.0931912Z   DOCKER_METADATA_OUTPUT_TAG_NAMES: pr-28
latest-any
sha-a036987
2026-07-26T12:03:25.0933364Z   DOCKER_METADATA_OUTPUT_LABELS: org.opencontainers.image.created=2026-07-26T12:03:25.061Z
org.opencontainers.image.description=
org.opencontainers.image.licenses=
org.opencontainers.image.revision=a0369874af9658b90780f00b5dfaf37772683e84
org.opencontainers.image.source=https://github.com/pkinerd/ednsv
org.opencontainers.image.title=ednsv
org.opencontainers.image.url=https://github.com/pkinerd/ednsv
org.opencontainers.image.version=pr-28
2026-07-26T12:03:25.0936073Z   DOCKER_METADATA_OUTPUT_ANNOTATIONS: manifest:org.opencontainers.image.created=2026-07-26T12:03:25.061Z
manifest:org.opencontainers.image.description=
manifest:org.opencontainers.image.licenses=
manifest:org.opencontainers.image.revision=a0369874af9658b90780f00b5dfaf37772683e84
manifest:org.opencontainers.image.source=https://github.com/pkinerd/ednsv
manifest:org.opencontainers.image.title=ednsv
manifest:org.opencontainers.image.url=https://github.com/pkinerd/ednsv
manifest:org.opencontainers.image.version=pr-28
2026-07-26T12:03:25.0940871Z   DOCKER_METADATA_OUTPUT_JSON: {"tags":["ghcr.io/pkinerd/ednsv:pr-28","ghcr.io/pkinerd/ednsv:latest-any","ghcr.io/pkinerd/ednsv:sha-a036987"],"tag-names":["pr-28","latest-any","sha-a036987"],"labels":{"org.opencontainers.image.created":"2026-07-26T12:03:25.061Z","org.opencontainers.image.description":"","org.opencontainers.image.licenses":"","org.opencontainers.image.revision":"a0369874af9658b90780f00b5dfaf37772683e84","org.opencontainers.image.source":"https://github.com/pkinerd/ednsv","org.opencontainers.image.title":"ednsv","org.opencontainers.image.url":"https://github.com/pkinerd/ednsv","org.opencontainers.image.version":"pr-28"},"annotations":["manifest:org.opencontainers.image.created=2026-07-26T12:03:25.061Z","manifest:org.opencontainers.image.description=","manifest:org.opencontainers.image.licenses=","manifest:org.opencontainers.image.revision=a0369874af9658b90780f00b5dfaf37772683e84","manifest:org.opencontainers.image.source=https://github.com/pkinerd/ednsv","manifest:org.opencontainers.image.title=ednsv","manifest:org.opencontainers.image.url=https://github.com/pkinerd/ednsv","manifest:org.opencontainers.image.version=pr-28"]}
2026-07-26T12:03:25.0944789Z   DOCKER_METADATA_OUTPUT_BAKE_FILE_TAGS: /home/runner/work/_temp/docker-actions-toolkit-BYTsQS/docker-metadata-action-bake-tags.json
2026-07-26T12:03:25.0945721Z   DOCKER_METADATA_OUTPUT_BAKE_FILE_LABELS: /home/runner/work/_temp/docker-actions-toolkit-BYTsQS/docker-metadata-action-bake-labels.json
2026-07-26T12:03:25.0946672Z   DOCKER_METADATA_OUTPUT_BAKE_FILE_ANNOTATIONS: /home/runner/work/_temp/docker-actions-toolkit-BYTsQS/docker-metadata-action-bake-annotations.json
2026-07-26T12:03:25.0947798Z   DOCKER_METADATA_OUTPUT_BAKE_FILE: /home/runner/work/_temp/docker-actions-toolkit-BYTsQS/docker-metadata-action-bake.json
2026-07-26T12:03:25.0948328Z ##[endgroup]
2026-07-26T12:03:25.2690570Z (node:2572) [DEP0040] DeprecationWarning: The `punycode` module is deprecated. Please use a userland alternative instead.
2026-07-26T12:03:25.2691864Z (Use `node --trace-deprecation ...` to show where the warning was created)
2026-07-26T12:03:25.2704580Z ##[group]GitHub Actions runtime token ACs
2026-07-26T12:03:25.2710314Z refs/pull/28/merge: read/write
2026-07-26T12:03:25.2710864Z refs/heads/main: read
2026-07-26T12:03:25.2711641Z ##[endgroup]
2026-07-26T12:03:25.2712303Z ##[group]Docker info
2026-07-26T12:03:25.2741556Z [command]/usr/bin/docker version
2026-07-26T12:03:25.2912244Z Client: Docker Engine - Community
2026-07-26T12:03:25.2914432Z  Version:           28.0.4
2026-07-26T12:03:25.2914786Z  API version:       1.48
2026-07-26T12:03:25.2916286Z  Go version:        go1.23.7
2026-07-26T12:03:25.2916681Z  Git commit:        b8034c0
2026-07-26T12:03:25.2917083Z  Built:             Tue Mar 25 15:07:16 2025
2026-07-26T12:03:25.2917755Z  OS/Arch:           linux/amd64
2026-07-26T12:03:25.2918090Z  Context:           default
2026-07-26T12:03:25.2918268Z 
2026-07-26T12:03:25.2918427Z Server: Docker Engine - Community
2026-07-26T12:03:25.2918725Z  Engine:
2026-07-26T12:03:25.2918939Z   Version:          28.0.4
2026-07-26T12:03:25.2919231Z   API version:      1.48 (minimum version 1.24)
2026-07-26T12:03:25.2919504Z   Go version:       go1.23.7
2026-07-26T12:03:25.2919722Z   Git commit:       6430e49
2026-07-26T12:03:25.2919980Z   Built:            Tue Mar 25 15:07:16 2025
2026-07-26T12:03:25.2920236Z   OS/Arch:          linux/amd64
2026-07-26T12:03:25.2920472Z   Experimental:     false
2026-07-26T12:03:25.2920726Z  containerd:
2026-07-26T12:03:25.2920930Z   Version:          v2.2.6
2026-07-26T12:03:25.2921206Z   GitCommit:        11ce9d5f3c68c941867e82890e93e815c1304f1b
2026-07-26T12:03:25.2921488Z  runc:
2026-07-26T12:03:25.2921673Z   Version:          1.3.6
2026-07-26T12:03:25.2921944Z   GitCommit:        v1.3.6-0-g491b69ba
2026-07-26T12:03:25.2927622Z  docker-init:
2026-07-26T12:03:25.2928016Z   Version:          0.19.0
2026-07-26T12:03:25.2928296Z   GitCommit:        de40ad0
2026-07-26T12:03:25.2962715Z [command]/usr/bin/docker info
2026-07-26T12:03:25.3346185Z Client: Docker Engine - Community
2026-07-26T12:03:25.3346647Z  Version:    28.0.4
2026-07-26T12:03:25.3347003Z  Context:    default
2026-07-26T12:03:25.3347419Z  Debug Mode: false
2026-07-26T12:03:25.3347687Z  Plugins:
2026-07-26T12:03:25.3347994Z   buildx: Docker Buildx (Docker Inc.)
2026-07-26T12:03:25.3348372Z     Version:  v0.35.0
2026-07-26T12:03:25.3348731Z     Path:     /usr/libexec/docker/cli-plugins/docker-buildx
2026-07-26T12:03:25.3349136Z   compose: Docker Compose (Docker Inc.)
2026-07-26T12:03:25.3349432Z     Version:  v2.38.2
2026-07-26T12:03:25.3349772Z     Path:     /usr/libexec/docker/cli-plugins/docker-compose
2026-07-26T12:03:25.3350027Z 
2026-07-26T12:03:25.3350147Z Server:
2026-07-26T12:03:25.3350349Z  Containers: 1
2026-07-26T12:03:25.3350567Z   Running: 1
2026-07-26T12:03:25.3351225Z   Paused: 0
2026-07-26T12:03:25.3351441Z   Stopped: 0
2026-07-26T12:03:25.3351671Z  Images: 7
2026-07-26T12:03:25.3351864Z  Server Version: 28.0.4
2026-07-26T12:03:25.3352343Z  Storage Driver: overlay2
2026-07-26T12:03:25.3352740Z   Backing Filesystem: extfs
2026-07-26T12:03:25.3353100Z   Supports d_type: true
2026-07-26T12:03:25.3353635Z   Using metacopy: false
2026-07-26T12:03:25.3353978Z   Native Overlay Diff: false
2026-07-26T12:03:25.3354378Z   userxattr: false
2026-07-26T12:03:25.3354714Z  Logging Driver: json-file
2026-07-26T12:03:25.3355073Z  Cgroup Driver: systemd
2026-07-26T12:03:25.3355454Z  Cgroup Version: 2
2026-07-26T12:03:25.3355775Z  Plugins:
2026-07-26T12:03:25.3356115Z   Volume: local
2026-07-26T12:03:25.3356449Z   Network: bridge host ipvlan macvlan null overlay
2026-07-26T12:03:25.3356900Z   Log: awslogs fluentd gcplogs gelf journald json-file local splunk syslog
2026-07-26T12:03:25.3357459Z  Swarm: inactive
2026-07-26T12:03:25.3357811Z  Runtimes: io.containerd.runc.v2 runc
2026-07-26T12:03:25.3358195Z  Default Runtime: runc
2026-07-26T12:03:25.3358543Z  Init Binary: docker-init
2026-07-26T12:03:25.3358942Z  containerd version: 11ce9d5f3c68c941867e82890e93e815c1304f1b
2026-07-26T12:03:25.3359380Z  runc version: v1.3.6-0-g491b69ba
2026-07-26T12:03:25.3359723Z  init version: de40ad0
2026-07-26T12:03:25.3360045Z  Security Options:
2026-07-26T12:03:25.3360411Z   apparmor
2026-07-26T12:03:25.3360785Z   seccomp
2026-07-26T12:03:25.3361572Z    Profile: builtin
2026-07-26T12:03:25.3361898Z   cgroupns
2026-07-26T12:03:25.3362209Z  Kernel Version: 6.17.0-1020-azure
2026-07-26T12:03:25.3362616Z  Operating System: Ubuntu 24.04.4 LTS
2026-07-26T12:03:25.3363170Z  OSType: linux
2026-07-26T12:03:25.3363421Z  Architecture: x86_64
2026-07-26T12:03:25.3363736Z  CPUs: 4
2026-07-26T12:03:25.3363974Z  Total Memory: 15.61GiB
2026-07-26T12:03:25.3364244Z  Name: runnervmvrwv9
2026-07-26T12:03:25.3364535Z  ID: dce1e4a9-fc26-4218-aaf0-feee5194c8cb
2026-07-26T12:03:25.3364856Z  Docker Root Dir: /var/lib/docker
2026-07-26T12:03:25.3365198Z  Debug Mode: false
2026-07-26T12:03:25.3365454Z  Username: githubactions
2026-07-26T12:03:25.3365720Z  Experimental: false
2026-07-26T12:03:25.3366009Z  Insecure Registries:
2026-07-26T12:03:25.3366301Z   ::1/128
2026-07-26T12:03:25.3366571Z   127.0.0.0/8
2026-07-26T12:03:25.3366845Z  Live Restore Enabled: false
2026-07-26T12:03:25.3367039Z 
2026-07-26T12:03:25.3367705Z ##[endgroup]
2026-07-26T12:03:25.3368181Z ##[group]Proxy configuration
2026-07-26T12:03:25.3370470Z No proxy configuration found
2026-07-26T12:03:25.3370980Z ##[endgroup]
2026-07-26T12:03:25.3831006Z ##[group]Buildx version
2026-07-26T12:03:25.3845862Z [command]/usr/bin/docker buildx version
2026-07-26T12:03:25.4218406Z github.com/docker/buildx v0.35.0 a319e5b15052cf6557ceb666eb8ff6e32380b782
2026-07-26T12:03:25.4233568Z ##[endgroup]
2026-07-26T12:03:25.4233937Z ##[group]Builder info
2026-07-26T12:03:25.4884471Z {
2026-07-26T12:03:25.4897942Z   "nodes": [
2026-07-26T12:03:25.4908628Z     {
2026-07-26T12:03:25.4909293Z       "name": "builder-96686714-4ab2-4643-9993-c0a65bbeaefc0",
2026-07-26T12:03:25.4910007Z       "endpoint": "unix:///var/run/docker.sock",
2026-07-26T12:03:25.4910600Z       "status": "running",
2026-07-26T12:03:25.4911706Z       "buildkitd-flags": "--allow-insecure-entitlement security.insecure --allow-insecure-entitlement network.host",
2026-07-26T12:03:25.4912574Z       "buildkit": "v0.31.2",
2026-07-26T12:03:25.4913062Z       "platforms": "linux/amd64,linux/amd64/v2,linux/amd64/v3,linux/amd64/v4,linux/386",
2026-07-26T12:03:25.4913586Z       "features": {
2026-07-26T12:03:25.4913988Z         "Automatically load images to the Docker Engine image store": true,
2026-07-26T12:03:25.4914455Z         "Cache export": true,
2026-07-26T12:03:25.4914820Z         "Direct push": true,
2026-07-26T12:03:25.4915177Z         "Docker exporter": true,
2026-07-26T12:03:25.4915462Z         "Multi-platform build": true,
2026-07-26T12:03:25.4915785Z         "OCI exporter": true
2026-07-26T12:03:25.4916131Z       },
2026-07-26T12:03:25.4916729Z       "labels": {
2026-07-26T12:03:25.4917115Z         "org.mobyproject.buildkit.worker.executor": "oci",
2026-07-26T12:03:25.4917734Z         "org.mobyproject.buildkit.worker.hostname": "565a9a600dce",
2026-07-26T12:03:25.4918303Z         "org.mobyproject.buildkit.worker.network": "host",
2026-07-26T12:03:25.4919049Z         "org.mobyproject.buildkit.worker.oci.process-mode": "sandbox",
2026-07-26T12:03:25.4919687Z         "org.mobyproject.buildkit.worker.selinux.enabled": "false",
2026-07-26T12:03:25.4920195Z         "org.mobyproject.buildkit.worker.snapshotter": "overlayfs"
2026-07-26T12:03:25.4920613Z       },
2026-07-26T12:03:25.4920925Z       "gcPolicy": [
2026-07-26T12:03:25.4921211Z         {
2026-07-26T12:03:25.4921500Z           "all": false,
2026-07-26T12:03:25.4921850Z           "filter": [
2026-07-26T12:03:25.4922259Z             "type==source.local type==exec.cachemount type==source.git.checkout"
2026-07-26T12:03:25.4922718Z           ],
2026-07-26T12:03:25.4923044Z           "keepDuration": "48h0m0s",
2026-07-26T12:03:25.4923467Z           "maxUsedSpace": "488.3MiB"
2026-07-26T12:03:25.4923844Z         },
2026-07-26T12:03:25.4924099Z         {
2026-07-26T12:03:25.4924368Z           "all": false,
2026-07-26T12:03:25.4924741Z           "keepDuration": "1440h0m0s",
2026-07-26T12:03:25.4925166Z           "reservedSpace": "9.313GiB",
2026-07-26T12:03:25.4925545Z           "maxUsedSpace": "93.13GiB",
2026-07-26T12:03:25.4925878Z           "minFreeSpace": "27.01GiB"
2026-07-26T12:03:25.4926238Z         },
2026-07-26T12:03:25.4926529Z         {
2026-07-26T12:03:25.4926826Z           "all": false,
2026-07-26T12:03:25.4927372Z           "reservedSpace": "9.313GiB",
2026-07-26T12:03:25.4927805Z           "maxUsedSpace": "93.13GiB",
2026-07-26T12:03:25.4928055Z           "minFreeSpace": "27.01GiB"
2026-07-26T12:03:25.4928371Z         },
2026-07-26T12:03:25.4928660Z         {
2026-07-26T12:03:25.4928913Z           "all": true,
2026-07-26T12:03:25.4929274Z           "reservedSpace": "9.313GiB",
2026-07-26T12:03:25.4929646Z           "maxUsedSpace": "93.13GiB",
2026-07-26T12:03:25.4929985Z           "minFreeSpace": "27.01GiB"
2026-07-26T12:03:25.4930386Z         }
2026-07-26T12:03:25.4930704Z       ]
2026-07-26T12:03:25.4931003Z     }
2026-07-26T12:03:25.4931249Z   ],
2026-07-26T12:03:25.4931624Z   "name": "builder-96686714-4ab2-4643-9993-c0a65bbeaefc",
2026-07-26T12:03:25.4932077Z   "driver": "docker-container",
2026-07-26T12:03:25.4932494Z   "lastActivity": "2026-07-26T12:03:13.000Z"
2026-07-26T12:03:25.4932849Z }
2026-07-26T12:03:25.4933413Z ##[endgroup]
2026-07-26T12:03:25.6048420Z [command]/usr/bin/docker buildx build --cache-from type=gha --cache-to type=gha,mode=max --file ./Dockerfile --iidfile /home/runner/work/_temp/docker-actions-toolkit-xGgKct/build-iidfile-602a20a6ec.txt --label org.opencontainers.image.created=2026-07-26T12:03:25.061Z --label org.opencontainers.image.description= --label org.opencontainers.image.licenses= --label org.opencontainers.image.revision=a0369874af9658b90780f00b5dfaf37772683e84 --label org.opencontainers.image.source=https://github.com/pkinerd/ednsv --label org.opencontainers.image.title=ednsv --label org.opencontainers.image.url=https://github.com/pkinerd/ednsv --label org.opencontainers.image.version=pr-28 --attest type=provenance,mode=max,builder-id=https://github.com/pkinerd/ednsv/actions/runs/30201278673/attempts/1 --tag ghcr.io/pkinerd/ednsv:pr-28 --tag ghcr.io/pkinerd/ednsv:latest-any --tag ghcr.io/pkinerd/ednsv:sha-a036987 --metadata-file /home/runner/work/_temp/docker-actions-toolkit-xGgKct/build-metadata-06ceac063e.json --push .
2026-07-26T12:03:25.8238387Z #0 building with "builder-96686714-4ab2-4643-9993-c0a65bbeaefc" instance using docker-container driver
2026-07-26T12:03:25.8239227Z 
2026-07-26T12:03:25.8239465Z #1 [internal] load build definition from Dockerfile
2026-07-26T12:03:25.8240719Z #1 transferring dockerfile: 827B done
2026-07-26T12:03:25.8241361Z #1 DONE 0.0s
2026-07-26T12:03:25.8241490Z 
2026-07-26T12:03:25.8241835Z #2 [auth] docker/dockerfile:pull token for registry-1.docker.io
2026-07-26T12:03:25.9739299Z #2 DONE 0.0s
2026-07-26T12:03:25.9739560Z 
2026-07-26T12:03:25.9739787Z #3 resolve image config for docker-image://docker.io/docker/dockerfile:1.7
2026-07-26T12:03:26.7225623Z #3 DONE 1.0s
2026-07-26T12:03:26.8857768Z 
2026-07-26T12:03:26.8859078Z #4 docker-image://docker.io/docker/dockerfile:1.7@sha256:a57df69d0ea827fb7266491f2813635de6f17269be881f696fbfdf2d83dda33e
2026-07-26T12:03:26.8859789Z #4 resolve docker.io/docker/dockerfile:1.7@sha256:a57df69d0ea827fb7266491f2813635de6f17269be881f696fbfdf2d83dda33e done
2026-07-26T12:03:26.8888672Z #4 sha256:96918c57e42509b97f10c074d80672ecdbd3bb7dcd38c1bd95960cf291207416 5.24MB / 11.98MB 0.2s
2026-07-26T12:03:27.0382734Z #4 sha256:96918c57e42509b97f10c074d80672ecdbd3bb7dcd38c1bd95960cf291207416 11.98MB / 11.98MB 0.3s
2026-07-26T12:03:27.2497706Z #4 sha256:96918c57e42509b97f10c074d80672ecdbd3bb7dcd38c1bd95960cf291207416 11.98MB / 11.98MB 0.4s done
2026-07-26T12:03:27.2498392Z #4 DONE 0.5s
2026-07-26T12:03:27.3525645Z 
2026-07-26T12:03:27.3527392Z #4 docker-image://docker.io/docker/dockerfile:1.7@sha256:a57df69d0ea827fb7266491f2813635de6f17269be881f696fbfdf2d83dda33e
2026-07-26T12:03:27.3528406Z #4 extracting sha256:96918c57e42509b97f10c074d80672ecdbd3bb7dcd38c1bd95960cf291207416
2026-07-26T12:03:27.5319537Z #4 extracting sha256:96918c57e42509b97f10c074d80672ecdbd3bb7dcd38c1bd95960cf291207416 0.2s done
2026-07-26T12:03:27.5320154Z #4 DONE 0.7s
2026-07-26T12:03:27.7258936Z 
2026-07-26T12:03:27.7259755Z #5 [internal] load metadata for mcr.microsoft.com/dotnet/sdk:8.0
2026-07-26T12:03:27.8688621Z #5 DONE 0.3s
2026-07-26T12:03:27.8688898Z 
2026-07-26T12:03:27.8689165Z #6 [internal] load metadata for mcr.microsoft.com/dotnet/aspnet:8.0
2026-07-26T12:03:28.0022498Z #6 DONE 0.3s
2026-07-26T12:03:28.0027139Z 
2026-07-26T12:03:28.0027504Z #7 [internal] load .dockerignore
2026-07-26T12:03:28.0028052Z #7 transferring context: 249B done
2026-07-26T12:03:28.0028346Z #7 DONE 0.0s
2026-07-26T12:03:28.0028604Z 
2026-07-26T12:03:28.0028775Z #8 importing cache manifest from gha:14102078820938928980
2026-07-26T12:03:28.1624521Z #8 ...
2026-07-26T12:03:28.1624758Z 
2026-07-26T12:03:28.1625192Z #9 [internal] load build context
2026-07-26T12:03:28.1625556Z #9 DONE 0.0s
2026-07-26T12:03:28.1625681Z 
2026-07-26T12:03:28.1626127Z #10 [build 1/8] FROM mcr.microsoft.com/dotnet/sdk:8.0@sha256:3c0edbfe1549dd93fb789dc96299a40df865ad7bffefcaf38e8c05940686d641
2026-07-26T12:03:28.1626951Z #10 resolve mcr.microsoft.com/dotnet/sdk:8.0@sha256:3c0edbfe1549dd93fb789dc96299a40df865ad7bffefcaf38e8c05940686d641 done
2026-07-26T12:03:28.1627603Z #10 DONE 0.0s
2026-07-26T12:03:28.1627776Z 
2026-07-26T12:03:28.1628050Z #11 [runtime 1/3] FROM mcr.microsoft.com/dotnet/aspnet:8.0@sha256:8f6a307ae32fb393a4b4bcde0a81f0ce3f0a715de0e5575df71f3030448f2dde
2026-07-26T12:03:28.1628738Z #11 resolve mcr.microsoft.com/dotnet/aspnet:8.0@sha256:8f6a307ae32fb393a4b4bcde0a81f0ce3f0a715de0e5575df71f3030448f2dde done
2026-07-26T12:03:28.1629177Z #11 DONE 0.0s
2026-07-26T12:03:28.2603437Z 
2026-07-26T12:03:28.2605051Z #8 importing cache manifest from gha:14102078820938928980
2026-07-26T12:03:28.2605421Z #8 DONE 0.3s
2026-07-26T12:03:28.3913865Z 
2026-07-26T12:03:28.3922820Z #9 [internal] load build context
2026-07-26T12:03:28.5093310Z #9 transferring context: 928.22kB 0.0s done
2026-07-26T12:03:28.5093944Z #9 DONE 0.2s
2026-07-26T12:03:28.5094476Z 
2026-07-26T12:03:28.5094740Z #12 [build 2/8] WORKDIR /src
2026-07-26T12:03:28.5095061Z #12 CACHED
2026-07-26T12:03:28.5095229Z 
2026-07-26T12:03:28.5095434Z #13 [build 3/8] COPY src/Ednsv.Core/Ednsv.Core.csproj src/Ednsv.Core/
2026-07-26T12:03:28.5095769Z #13 CACHED
2026-07-26T12:03:28.5095895Z 
2026-07-26T12:03:28.5096017Z #14 [build 4/8] COPY src/Ednsv.Web/Ednsv.Web.csproj src/Ednsv.Web/
2026-07-26T12:03:28.5096361Z #14 CACHED
2026-07-26T12:03:28.5096485Z 
2026-07-26T12:03:28.5096619Z #15 [build 5/8] RUN dotnet restore src/Ednsv.Web/Ednsv.Web.csproj
2026-07-26T12:03:29.5448926Z #15 CACHED
2026-07-26T12:03:29.6965374Z 
2026-07-26T12:03:29.6966241Z #15 [build 5/8] RUN dotnet restore src/Ednsv.Web/Ednsv.Web.csproj
2026-07-26T12:03:29.6986981Z #15 sha256:7c7616ad766245be8807f1899bc25fa05f61c48f8079fa36c964d481853af380 0B / 74.96MB 0.2s
2026-07-26T12:03:29.9986792Z #15 sha256:89f057fbd63d49c61fb415af2773f20380c76d858a5dc95dcdcd0ac198854624 456B / 456B 0.2s done
2026-07-26T12:03:29.9987588Z #15 sha256:704a261d6a0df1be6f054161284fc14ac0eaa21ceb629676ee3d0dd8ec908988 438B / 438B 0.1s done
2026-07-26T12:03:29.9988073Z #15 sha256:4d015ec68eada998a41dff557e9be9876100aacfd3adb78c32cccfb1faac8a40 92B / 92B 0.0s done
2026-07-26T12:03:30.1486940Z #15 sha256:7c7616ad766245be8807f1899bc25fa05f61c48f8079fa36c964d481853af380 7.34MB / 74.96MB 0.6s
2026-07-26T12:03:30.1488264Z #15 sha256:aaea65f9d3756e15614c6efe86e2006b8fe74af0af07faefdcb6e6001dd705fc 0B / 17.06MB 0.2s
2026-07-26T12:03:30.1489072Z #15 sha256:ed43dda998e1a0c05efeddc9a24048ad8349ce02697b4db3061250e466b3a059 0B / 2.70kB 0.2s
2026-07-26T12:03:30.1489561Z #15 sha256:34eabb9d45bfc2a02673ee3778040c44b0f3b59facbbf51f9c367482821ce92f 0B / 177.89MB 0.2s
2026-07-26T12:03:30.2989481Z #15 sha256:7c7616ad766245be8807f1899bc25fa05f61c48f8079fa36c964d481853af380 13.63MB / 74.96MB 0.8s
2026-07-26T12:03:30.2990047Z #15 sha256:ed43dda998e1a0c05efeddc9a24048ad8349ce02697b4db3061250e466b3a059 2.70kB / 2.70kB 0.3s
2026-07-26T12:03:30.4487894Z #15 sha256:7c7616ad766245be8807f1899bc25fa05f61c48f8079fa36c964d481853af380 18.87MB / 74.96MB 0.9s
2026-07-26T12:03:30.4488848Z #15 sha256:aaea65f9d3756e15614c6efe86e2006b8fe74af0af07faefdcb6e6001dd705fc 2.10MB / 17.06MB 0.5s
2026-07-26T12:03:30.4489913Z #15 sha256:ed43dda998e1a0c05efeddc9a24048ad8349ce02697b4db3061250e466b3a059 2.70kB / 2.70kB 0.4s done
2026-07-26T12:03:30.5992660Z #15 sha256:7c7616ad766245be8807f1899bc25fa05f61c48f8079fa36c964d481853af380 25.17MB / 74.96MB 1.1s
2026-07-26T12:03:30.5993225Z #15 sha256:aaea65f9d3756e15614c6efe86e2006b8fe74af0af07faefdcb6e6001dd705fc 6.29MB / 17.06MB 0.6s
2026-07-26T12:03:30.5993885Z #15 sha256:0aa6db834649082ea8d86f41789fce403a69c18bcec5994ceaf0ed4474563c7d 0B / 31.09MB 0.2s
2026-07-26T12:03:30.7492385Z #15 sha256:7c7616ad766245be8807f1899bc25fa05f61c48f8079fa36c964d481853af380 30.41MB / 74.96MB 1.2s
2026-07-26T12:03:30.7493144Z #15 sha256:aaea65f9d3756e15614c6efe86e2006b8fe74af0af07faefdcb6e6001dd705fc 10.49MB / 17.06MB 0.8s
2026-07-26T12:03:30.7493735Z #15 sha256:34eabb9d45bfc2a02673ee3778040c44b0f3b59facbbf51f9c367482821ce92f 12.58MB / 177.89MB 0.8s
2026-07-26T12:03:30.8987425Z #15 sha256:7c7616ad766245be8807f1899bc25fa05f61c48f8079fa36c964d481853af380 37.75MB / 74.96MB 1.4s
2026-07-26T12:03:30.8988068Z #15 sha256:aaea65f9d3756e15614c6efe86e2006b8fe74af0af07faefdcb6e6001dd705fc 14.68MB / 17.06MB 0.9s
2026-07-26T12:03:31.0492610Z #15 sha256:7c7616ad766245be8807f1899bc25fa05f61c48f8079fa36c964d481853af380 42.99MB / 74.96MB 1.5s
2026-07-26T12:03:31.0493211Z #15 sha256:aaea65f9d3756e15614c6efe86e2006b8fe74af0af07faefdcb6e6001dd705fc 17.06MB / 17.06MB 1.0s done
2026-07-26T12:03:31.0493711Z #15 sha256:0aa6db834649082ea8d86f41789fce403a69c18bcec5994ceaf0ed4474563c7d 3.15MB / 31.09MB 0.6s
2026-07-26T12:03:31.1988875Z #15 sha256:7c7616ad766245be8807f1899bc25fa05f61c48f8079fa36c964d481853af380 48.23MB / 74.96MB 1.7s
2026-07-26T12:03:31.1989735Z #15 sha256:34eabb9d45bfc2a02673ee3778040c44b0f3b59facbbf51f9c367482821ce92f 25.17MB / 177.89MB 1.2s
2026-07-26T12:03:31.1990281Z #15 sha256:0aa6db834649082ea8d86f41789fce403a69c18bcec5994ceaf0ed4474563c7d 9.44MB / 31.09MB 0.8s
2026-07-26T12:03:31.1990761Z #15 sha256:993b1a5b9814eb890928e53aa844227cd48d62a552cce9d9723401d3f323d7df 3.15MB / 11.10MB 0.2s
2026-07-26T12:03:31.3490817Z #15 sha256:7c7616ad766245be8807f1899bc25fa05f61c48f8079fa36c964d481853af380 55.57MB / 74.96MB 1.8s
2026-07-26T12:03:31.3491387Z #15 sha256:0aa6db834649082ea8d86f41789fce403a69c18bcec5994ceaf0ed4474563c7d 17.83MB / 31.09MB 0.9s
2026-07-26T12:03:31.3491863Z #15 sha256:993b1a5b9814eb890928e53aa844227cd48d62a552cce9d9723401d3f323d7df 6.29MB / 11.10MB 0.3s
2026-07-26T12:03:31.4994555Z #15 sha256:7c7616ad766245be8807f1899bc25fa05f61c48f8079fa36c964d481853af380 59.77MB / 74.96MB 2.0s
2026-07-26T12:03:31.4995375Z #15 sha256:0aa6db834649082ea8d86f41789fce403a69c18bcec5994ceaf0ed4474563c7d 26.21MB / 31.09MB 1.1s
2026-07-26T12:03:31.4996054Z #15 sha256:993b1a5b9814eb890928e53aa844227cd48d62a552cce9d9723401d3f323d7df 11.10MB / 11.10MB 0.5s
2026-07-26T12:03:31.6036255Z #15 sha256:34eabb9d45bfc2a02673ee3778040c44b0f3b59facbbf51f9c367482821ce92f 36.70MB / 177.89MB 1.7s
2026-07-26T12:03:31.6037578Z #15 sha256:0aa6db834649082ea8d86f41789fce403a69c18bcec5994ceaf0ed4474563c7d 31.09MB / 31.09MB 1.2s
2026-07-26T12:03:31.6038207Z #15 sha256:993b1a5b9814eb890928e53aa844227cd48d62a552cce9d9723401d3f323d7df 11.10MB / 11.10MB 0.6s done
2026-07-26T12:03:31.7422809Z #15 sha256:7c7616ad766245be8807f1899bc25fa05f61c48f8079fa36c964d481853af380 68.16MB / 74.96MB 2.1s
2026-07-26T12:03:31.7423592Z #15 sha256:0aa6db834649082ea8d86f41789fce403a69c18bcec5994ceaf0ed4474563c7d 31.09MB / 31.09MB 1.3s done
2026-07-26T12:03:31.8924724Z #15 sha256:7c7616ad766245be8807f1899bc25fa05f61c48f8079fa36c964d481853af380 74.96MB / 74.96MB 2.3s
2026-07-26T12:03:31.8925414Z #15 sha256:34eabb9d45bfc2a02673ee3778040c44b0f3b59facbbf51f9c367482821ce92f 46.14MB / 177.89MB 2.0s
2026-07-26T12:03:31.8925907Z #15 sha256:b450eb4b61483e158bba71e0972774dca3356aaccf083b4de394756826786dc3 166B / 166B 0.2s
2026-07-26T12:03:31.8926415Z #15 sha256:77e3e8465ccd88a7ab4380ed823b77769274a8d0cd50332315a6e6884eeb185b 0B / 32.26MB 0.2s
2026-07-26T12:03:32.1436600Z #15 sha256:b450eb4b61483e158bba71e0972774dca3356aaccf083b4de394756826786dc3 166B / 166B 0.5s done
2026-07-26T12:03:32.1437707Z #15 sha256:77e3e8465ccd88a7ab4380ed823b77769274a8d0cd50332315a6e6884eeb185b 4.19MB / 32.26MB 0.5s
2026-07-26T12:03:32.2829875Z #15 sha256:7c7616ad766245be8807f1899bc25fa05f61c48f8079fa36c964d481853af380 74.96MB / 74.96MB 2.6s done
2026-07-26T12:03:32.2830703Z #15 sha256:34eabb9d45bfc2a02673ee3778040c44b0f3b59facbbf51f9c367482821ce92f 55.57MB / 177.89MB 2.3s
2026-07-26T12:03:32.2831264Z #15 sha256:77e3e8465ccd88a7ab4380ed823b77769274a8d0cd50332315a6e6884eeb185b 11.53MB / 32.26MB 0.6s
2026-07-26T12:03:32.2831804Z #15 sha256:4afec8b5a48bb14028a2111abd144794fb4f088154db49009be3c5833f922deb 3.34kB / 3.34kB 0.1s done
2026-07-26T12:03:32.4330240Z #15 sha256:77e3e8465ccd88a7ab4380ed823b77769274a8d0cd50332315a6e6884eeb185b 19.92MB / 32.26MB 0.8s
2026-07-26T12:03:32.4331109Z #15 sha256:bcbf93830adb69dda1050c229181e9d0bbcd138e40c83062cfd41f7a8d79b4c7 0B / 18.74MB 0.2s
2026-07-26T12:03:32.4331649Z #15 sha256:597c6c618d36213af657a6a8444a5d87801f9a219682b206ad21ccb8f3e57bbd 0B / 28.23MB 0.2s
2026-07-26T12:03:32.5835113Z #15 sha256:77e3e8465ccd88a7ab4380ed823b77769274a8d0cd50332315a6e6884eeb185b 32.26MB / 32.26MB 0.9s
2026-07-26T12:03:32.7339535Z #15 sha256:34eabb9d45bfc2a02673ee3778040c44b0f3b59facbbf51f9c367482821ce92f 69.21MB / 177.89MB 2.7s
2026-07-26T12:03:32.7340103Z #15 sha256:bcbf93830adb69dda1050c229181e9d0bbcd138e40c83062cfd41f7a8d79b4c7 1.05MB / 18.74MB 0.5s
2026-07-26T12:03:32.7340788Z #15 sha256:597c6c618d36213af657a6a8444a5d87801f9a219682b206ad21ccb8f3e57bbd 6.29MB / 28.23MB 0.5s
2026-07-26T12:03:32.8833876Z #15 sha256:bcbf93830adb69dda1050c229181e9d0bbcd138e40c83062cfd41f7a8d79b4c7 5.24MB / 18.74MB 0.6s
2026-07-26T12:03:32.8834620Z #15 sha256:597c6c618d36213af657a6a8444a5d87801f9a219682b206ad21ccb8f3e57bbd 13.63MB / 28.23MB 0.6s
2026-07-26T12:03:33.0337432Z #15 sha256:34eabb9d45bfc2a02673ee3778040c44b0f3b59facbbf51f9c367482821ce92f 78.64MB / 177.89MB 3.0s
2026-07-26T12:03:33.0338218Z #15 sha256:bcbf93830adb69dda1050c229181e9d0bbcd138e40c83062cfd41f7a8d79b4c7 11.53MB / 18.74MB 0.8s
2026-07-26T12:03:33.0338765Z #15 sha256:597c6c618d36213af657a6a8444a5d87801f9a219682b206ad21ccb8f3e57bbd 26.21MB / 28.23MB 0.8s
2026-07-26T12:03:33.1837757Z #15 sha256:77e3e8465ccd88a7ab4380ed823b77769274a8d0cd50332315a6e6884eeb185b 32.26MB / 32.26MB 1.0s done
2026-07-26T12:03:33.1838479Z #15 sha256:bcbf93830adb69dda1050c229181e9d0bbcd138e40c83062cfd41f7a8d79b4c7 18.74MB / 18.74MB 0.9s
2026-07-26T12:03:33.1839034Z #15 sha256:597c6c618d36213af657a6a8444a5d87801f9a219682b206ad21ccb8f3e57bbd 28.23MB / 28.23MB 0.9s
2026-07-26T12:03:33.3918977Z #15 sha256:bcbf93830adb69dda1050c229181e9d0bbcd138e40c83062cfd41f7a8d79b4c7 18.74MB / 18.74MB 1.1s done
2026-07-26T12:03:33.3920108Z #15 sha256:597c6c618d36213af657a6a8444a5d87801f9a219682b206ad21ccb8f3e57bbd 28.23MB / 28.23MB 1.0s done
2026-07-26T12:03:33.3920833Z #15 extracting sha256:597c6c618d36213af657a6a8444a5d87801f9a219682b206ad21ccb8f3e57bbd
2026-07-26T12:03:33.3921400Z #15 sha256:34eabb9d45bfc2a02673ee3778040c44b0f3b59facbbf51f9c367482821ce92f 91.23MB / 177.89MB 3.5s
2026-07-26T12:03:33.6747979Z #15 extracting sha256:597c6c618d36213af657a6a8444a5d87801f9a219682b206ad21ccb8f3e57bbd 0.4s done
2026-07-26T12:03:33.8421059Z #15 sha256:34eabb9d45bfc2a02673ee3778040c44b0f3b59facbbf51f9c367482821ce92f 101.71MB / 177.89MB 3.9s
2026-07-26T12:03:33.8421962Z #15 extracting sha256:bcbf93830adb69dda1050c229181e9d0bbcd138e40c83062cfd41f7a8d79b4c7
2026-07-26T12:03:34.1418075Z #15 extracting sha256:bcbf93830adb69dda1050c229181e9d0bbcd138e40c83062cfd41f7a8d79b4c7 0.4s done
2026-07-26T12:03:34.1420813Z #15 extracting sha256:4afec8b5a48bb14028a2111abd144794fb4f088154db49009be3c5833f922deb done
2026-07-26T12:03:34.1421561Z #15 extracting sha256:77e3e8465ccd88a7ab4380ed823b77769274a8d0cd50332315a6e6884eeb185b
2026-07-26T12:03:34.2931989Z #15 sha256:34eabb9d45bfc2a02673ee3778040c44b0f3b59facbbf51f9c367482821ce92f 113.25MB / 177.89MB 4.4s
2026-07-26T12:03:34.4418506Z #15 extracting sha256:77e3e8465ccd88a7ab4380ed823b77769274a8d0cd50332315a6e6884eeb185b 0.3s done
2026-07-26T12:03:34.4419536Z #15 extracting sha256:b450eb4b61483e158bba71e0972774dca3356aaccf083b4de394756826786dc3 done
2026-07-26T12:03:34.4420180Z #15 extracting sha256:993b1a5b9814eb890928e53aa844227cd48d62a552cce9d9723401d3f323d7df
2026-07-26T12:03:34.5919860Z #15 sha256:34eabb9d45bfc2a02673ee3778040c44b0f3b59facbbf51f9c367482821ce92f 122.68MB / 177.89MB 4.7s
2026-07-26T12:03:34.5921796Z #15 extracting sha256:993b1a5b9814eb890928e53aa844227cd48d62a552cce9d9723401d3f323d7df 0.1s done
2026-07-26T12:03:34.5922976Z #15 extracting sha256:0aa6db834649082ea8d86f41789fce403a69c18bcec5994ceaf0ed4474563c7d
2026-07-26T12:03:35.0424674Z #15 sha256:34eabb9d45bfc2a02673ee3778040c44b0f3b59facbbf51f9c367482821ce92f 135.27MB / 177.89MB 5.1s
2026-07-26T12:03:35.0427003Z #15 extracting sha256:0aa6db834649082ea8d86f41789fce403a69c18bcec5994ceaf0ed4474563c7d 0.4s done
2026-07-26T12:03:35.3424960Z #15 sha256:34eabb9d45bfc2a02673ee3778040c44b0f3b59facbbf51f9c367482821ce92f 144.70MB / 177.89MB 5.4s
2026-07-26T12:03:35.6419802Z #15 sha256:34eabb9d45bfc2a02673ee3778040c44b0f3b59facbbf51f9c367482821ce92f 154.14MB / 177.89MB 5.7s
2026-07-26T12:03:36.0926898Z #15 sha256:34eabb9d45bfc2a02673ee3778040c44b0f3b59facbbf51f9c367482821ce92f 164.63MB / 177.89MB 6.2s
2026-07-26T12:03:36.3922386Z #15 sha256:34eabb9d45bfc2a02673ee3778040c44b0f3b59facbbf51f9c367482821ce92f 174.06MB / 177.89MB 6.5s
2026-07-26T12:03:37.6360757Z #15 sha256:34eabb9d45bfc2a02673ee3778040c44b0f3b59facbbf51f9c367482821ce92f 177.89MB / 177.89MB 7.5s done
2026-07-26T12:03:39.3144891Z #15 extracting sha256:34eabb9d45bfc2a02673ee3778040c44b0f3b59facbbf51f9c367482821ce92f
2026-07-26T12:03:39.3145922Z #15 extracting sha256:34eabb9d45bfc2a02673ee3778040c44b0f3b59facbbf51f9c367482821ce92f 1.8s done
2026-07-26T12:03:39.3146405Z #15 DONE 10.8s
2026-07-26T12:03:39.4706479Z 
2026-07-26T12:03:39.4707399Z #15 [build 5/8] RUN dotnet restore src/Ednsv.Web/Ednsv.Web.csproj
2026-07-26T12:03:39.4708042Z #15 extracting sha256:ed43dda998e1a0c05efeddc9a24048ad8349ce02697b4db3061250e466b3a059 done
2026-07-26T12:03:39.4708813Z #15 extracting sha256:aaea65f9d3756e15614c6efe86e2006b8fe74af0af07faefdcb6e6001dd705fc
2026-07-26T12:03:39.5430865Z #15 extracting sha256:aaea65f9d3756e15614c6efe86e2006b8fe74af0af07faefdcb6e6001dd705fc 0.2s done
2026-07-26T12:03:39.5431428Z #15 DONE 11.0s
2026-07-26T12:03:39.7416026Z 
2026-07-26T12:03:39.7416686Z #15 [build 5/8] RUN dotnet restore src/Ednsv.Web/Ednsv.Web.csproj
2026-07-26T12:03:39.7428597Z #15 extracting sha256:4d015ec68eada998a41dff557e9be9876100aacfd3adb78c32cccfb1faac8a40 0.0s done
2026-07-26T12:03:39.7429364Z #15 extracting sha256:704a261d6a0df1be6f054161284fc14ac0eaa21ceb629676ee3d0dd8ec908988 done
2026-07-26T12:03:39.7429832Z #15 extracting sha256:89f057fbd63d49c61fb415af2773f20380c76d858a5dc95dcdcd0ac198854624 done
2026-07-26T12:03:39.7430662Z #15 extracting sha256:7c7616ad766245be8807f1899bc25fa05f61c48f8079fa36c964d481853af380
2026-07-26T12:03:40.0761768Z #15 extracting sha256:7c7616ad766245be8807f1899bc25fa05f61c48f8079fa36c964d481853af380 0.5s done
2026-07-26T12:03:40.0762448Z #15 DONE 11.6s
2026-07-26T12:03:40.2723790Z 
2026-07-26T12:03:40.2725711Z #16 [build 6/8] COPY src/Ednsv.Core/ src/Ednsv.Core/
2026-07-26T12:03:45.7741267Z #16 DONE 5.5s
2026-07-26T12:03:45.9748033Z 
2026-07-26T12:03:45.9749661Z #17 [build 7/8] COPY src/Ednsv.Web/ src/Ednsv.Web/
2026-07-26T12:03:45.9750139Z #17 DONE 0.0s
2026-07-26T12:03:45.9750308Z 
2026-07-26T12:03:45.9750956Z #18 [build 8/8] RUN dotnet publish src/Ednsv.Web/Ednsv.Web.csproj         --configuration Release         --no-restore         --output /app/publish         /p:UseAppHost=false
2026-07-26T12:03:48.9751514Z #18 3.150   Ednsv.Core -> /src/src/Ednsv.Core/bin/Release/net8.0/Ednsv.Core.dll
2026-07-26T12:03:50.2000370Z #18 4.376   Ednsv.Web -> /src/src/Ednsv.Web/bin/Release/net8.0/Ednsv.Web.dll
2026-07-26T12:03:50.3821514Z #18 4.413   Ednsv.Web -> /app/publish/
2026-07-26T12:03:50.3822034Z #18 DONE 4.5s
2026-07-26T12:03:50.3822194Z 
2026-07-26T12:03:50.3822290Z #19 [runtime 2/3] WORKDIR /app
2026-07-26T12:03:50.3822648Z #19 CACHED
2026-07-26T12:03:50.6299807Z 
2026-07-26T12:03:50.6300874Z #19 [runtime 2/3] WORKDIR /app
2026-07-26T12:03:50.6301952Z #19 sha256:30a13c38083b6617b9701d16db3db957591d7d40742407e7c85fdea6d9fc6bdb 93B / 93B 0.0s done
2026-07-26T12:03:50.6302914Z #19 extracting sha256:30a13c38083b6617b9701d16db3db957591d7d40742407e7c85fdea6d9fc6bdb done
2026-07-26T12:03:50.6304314Z #19 DONE 0.1s
2026-07-26T12:03:50.6304686Z 
2026-07-26T12:03:50.6305053Z #20 [runtime 3/3] COPY --from=build /app/publish ./
2026-07-26T12:03:50.6305680Z #20 DONE 0.0s
2026-07-26T12:03:50.6306048Z 
2026-07-26T12:03:50.6306502Z #21 exporting to image
2026-07-26T12:03:50.6306787Z #21 exporting layers
2026-07-26T12:03:50.6692750Z #21 exporting layers 0.2s done
2026-07-26T12:03:50.8021258Z #21 exporting manifest sha256:e8f52a53095b5566365d992fa6ca1d5a8daaf6248bba2745e6cc1abbc81c85b4 done
2026-07-26T12:03:50.8022499Z #21 exporting config sha256:05c38469387f1dd8ad67922d04e0da2cbe07e7a53eb4287cb90e9d5f09f33e4c done
2026-07-26T12:03:50.8023248Z #21 exporting attestation manifest sha256:7c0ff174f019fa7d4aa05cb2f41a57c3fc76eafb07f304c580ed8a51b46b6867 done
2026-07-26T12:03:50.8024132Z #21 exporting manifest list sha256:54172f42674c5033bf0bba7cb7ea6595c3855ea3b35a9813c34df32b9f46f44b done
2026-07-26T12:03:50.8024838Z #21 pushing layers
2026-07-26T12:03:50.9523043Z #21 ...
2026-07-26T12:03:50.9523408Z 
2026-07-26T12:03:50.9527443Z #22 [auth] pkinerd/ednsv:pull,push token for ghcr.io
2026-07-26T12:03:50.9527934Z #22 DONE 0.0s
2026-07-26T12:03:51.1021260Z 
2026-07-26T12:03:51.1022095Z #23 exporting to GitHub Actions Cache
2026-07-26T12:03:51.1022616Z #23 preparing build cache for export
2026-07-26T12:03:51.1635316Z #23 preparing build cache for export 0.5s done
2026-07-26T12:03:51.1635933Z #23 sending cache export
2026-07-26T12:03:51.4424849Z #23 writing layer sha256:6316d79b0ceeab6facc69faef9ef04e534da1b46c1361b7bac0214d21205061d
2026-07-26T12:03:51.7588570Z #23 writing layer sha256:6316d79b0ceeab6facc69faef9ef04e534da1b46c1361b7bac0214d21205061d 0.3s done
2026-07-26T12:03:52.1340410Z #23 writing layer sha256:dc058d2bbeb74cb0c4c56ceaffa47449ec51d8444f039cae2435b7de7a0921d2
2026-07-26T12:03:52.5934478Z #23 writing layer sha256:dc058d2bbeb74cb0c4c56ceaffa47449ec51d8444f039cae2435b7de7a0921d2 0.5s done
2026-07-26T12:03:52.8197438Z #23 writing layer sha256:ee7fcc2adef8dbd243c7d126240711281f991a44e08e6c32389244b2a8c6f967
2026-07-26T12:03:52.9787457Z #23 writing layer sha256:ee7fcc2adef8dbd243c7d126240711281f991a44e08e6c32389244b2a8c6f967 0.3s done
2026-07-26T12:03:53.1673201Z #23 writing layer sha256:f63784420b50e38b228434f13ca3216c2e261c57be5edce681ad8368dbebe988
2026-07-26T12:03:53.8428664Z #23 writing layer sha256:f63784420b50e38b228434f13ca3216c2e261c57be5edce681ad8368dbebe988 0.8s done
2026-07-26T12:03:54.2289315Z #23 sending cache export 2.9s done
2026-07-26T12:03:54.2289867Z #23 DONE 3.4s
2026-07-26T12:03:54.2290019Z 
2026-07-26T12:03:54.2290106Z #21 exporting to image
2026-07-26T12:03:54.2290363Z #21 pushing layers 0.2s done
2026-07-26T12:03:54.2290916Z #21 pushing manifest for ghcr.io/pkinerd/ednsv:pr-28@sha256:54172f42674c5033bf0bba7cb7ea6595c3855ea3b35a9813c34df32b9f46f44b 1.1s done
2026-07-26T12:03:54.2291590Z #21 pushing manifest for ghcr.io/pkinerd/ednsv:latest-any@sha256:54172f42674c5033bf0bba7cb7ea6595c3855ea3b35a9813c34df32b9f46f44b 0.6s done
2026-07-26T12:03:54.2292244Z #21 pushing manifest for ghcr.io/pkinerd/ednsv:sha-a036987@sha256:54172f42674c5033bf0bba7cb7ea6595c3855ea3b35a9813c34df32b9f46f44b
2026-07-26T12:03:54.6972567Z #21 pushing manifest for ghcr.io/pkinerd/ednsv:sha-a036987@sha256:54172f42674c5033bf0bba7cb7ea6595c3855ea3b35a9813c34df32b9f46f44b 0.5s done
2026-07-26T12:03:54.6973484Z #21 DONE 4.2s
2026-07-26T12:03:54.9675506Z 
2026-07-26T12:03:54.9676432Z #24 resolving provenance for metadata file
2026-07-26T12:03:54.9732800Z #24 DONE 0.0s
2026-07-26T12:03:54.9793013Z ##[group]ImageID
2026-07-26T12:03:54.9793588Z sha256:54172f42674c5033bf0bba7cb7ea6595c3855ea3b35a9813c34df32b9f46f44b
2026-07-26T12:03:54.9794231Z ##[endgroup]
2026-07-26T12:03:54.9794693Z ##[group]Digest
2026-07-26T12:03:54.9795077Z sha256:54172f42674c5033bf0bba7cb7ea6595c3855ea3b35a9813c34df32b9f46f44b
2026-07-26T12:03:54.9795821Z ##[endgroup]
2026-07-26T12:03:54.9796461Z ##[group]Metadata
2026-07-26T12:03:54.9798556Z {
2026-07-26T12:03:54.9799107Z   "buildx.build.provenance": {
2026-07-26T12:03:54.9799564Z     "builder": {
2026-07-26T12:03:54.9800029Z       "id": "https://github.com/pkinerd/ednsv/actions/runs/30201278673/attempts/1"
2026-07-26T12:03:54.9800639Z     },
2026-07-26T12:03:54.9801002Z     "buildType": "https://mobyproject.org/buildkit@v1",
2026-07-26T12:03:54.9801413Z     "materials": [
2026-07-26T12:03:54.9801675Z       {
2026-07-26T12:03:54.9801929Z         "uri": "pkg:docker/docker/dockerfile@1.7",
2026-07-26T12:03:54.9802314Z         "digest": {
2026-07-26T12:03:54.9802792Z           "sha256": "a57df69d0ea827fb7266491f2813635de6f17269be881f696fbfdf2d83dda33e"
2026-07-26T12:03:54.9803543Z         }
2026-07-26T12:03:54.9803816Z       },
2026-07-26T12:03:54.9804110Z       {
2026-07-26T12:03:54.9804672Z         "uri": "pkg:docker/mcr.microsoft.com/dotnet/aspnet@8.0?platform=linux%2Famd64",
2026-07-26T12:03:54.9805113Z         "digest": {
2026-07-26T12:03:54.9805540Z           "sha256": "8f6a307ae32fb393a4b4bcde0a81f0ce3f0a715de0e5575df71f3030448f2dde"
2026-07-26T12:03:54.9805926Z         }
2026-07-26T12:03:54.9806147Z       },
2026-07-26T12:03:54.9806440Z       {
2026-07-26T12:03:54.9806771Z         "uri": "pkg:docker/mcr.microsoft.com/dotnet/sdk@8.0?platform=linux%2Famd64",
2026-07-26T12:03:54.9807309Z         "digest": {
2026-07-26T12:03:54.9807698Z           "sha256": "3c0edbfe1549dd93fb789dc96299a40df865ad7bffefcaf38e8c05940686d641"
2026-07-26T12:03:54.9808134Z         }
2026-07-26T12:03:54.9808388Z       }
2026-07-26T12:03:54.9808635Z     ],
2026-07-26T12:03:54.9808911Z     "invocation": {
2026-07-26T12:03:54.9809222Z       "configSource": {
2026-07-26T12:03:54.9809527Z         "entryPoint": "Dockerfile"
2026-07-26T12:03:54.9809777Z       },
2026-07-26T12:03:54.9810005Z       "parameters": {
2026-07-26T12:03:54.9810276Z         "frontend": "gateway.v0",
2026-07-26T12:03:54.9810531Z         "args": {
2026-07-26T12:03:54.9810760Z           "cmdline": "docker/dockerfile:1.7",
2026-07-26T12:03:54.9811095Z           "label:org.opencontainers.image.created": "2026-07-26T12:03:25.061Z",
2026-07-26T12:03:54.9811548Z           "label:org.opencontainers.image.description": "",
2026-07-26T12:03:54.9811886Z           "label:org.opencontainers.image.licenses": "",
2026-07-26T12:03:54.9812592Z           "label:org.opencontainers.image.revision": "a0369874af9658b90780f00b5dfaf37772683e84",
2026-07-26T12:03:54.9813063Z           "label:org.opencontainers.image.source": "https://github.com/pkinerd/ednsv",
2026-07-26T12:03:54.9813696Z           "label:org.opencontainers.image.title": "ednsv",
2026-07-26T12:03:54.9814130Z           "label:org.opencontainers.image.url": "https://github.com/pkinerd/ednsv",
2026-07-26T12:03:54.9814697Z           "label:org.opencontainers.image.version": "pr-28",
2026-07-26T12:03:54.9815277Z           "source": "docker/dockerfile:1.7"
2026-07-26T12:03:54.9815750Z         },
2026-07-26T12:03:54.9816120Z         "locals": [
2026-07-26T12:03:54.9816549Z           {
2026-07-26T12:03:54.9816917Z             "name": "context"
2026-07-26T12:03:54.9817900Z           },
2026-07-26T12:03:54.9818219Z           {
2026-07-26T12:03:54.9818468Z             "name": "dockerfile"
2026-07-26T12:03:54.9818751Z           }
2026-07-26T12:03:54.9819014Z         ],
2026-07-26T12:03:54.9819235Z         "root": {
2026-07-26T12:03:54.9819538Z           "configSource": {
2026-07-26T12:03:54.9819848Z             "path": "Dockerfile"
2026-07-26T12:03:54.9820149Z           },
2026-07-26T12:03:54.9820439Z           "request": {
2026-07-26T12:03:54.9820712Z             "args": {
2026-07-26T12:03:54.9821128Z               "label:org.opencontainers.image.created": "2026-07-26T12:03:25.061Z",
2026-07-26T12:03:54.9821648Z               "label:org.opencontainers.image.description": "",
2026-07-26T12:03:54.9822076Z               "label:org.opencontainers.image.licenses": "",
2026-07-26T12:03:54.9822695Z               "label:org.opencontainers.image.revision": "a0369874af9658b90780f00b5dfaf37772683e84",
2026-07-26T12:03:54.9823315Z               "label:org.opencontainers.image.source": "https://github.com/pkinerd/ednsv",
2026-07-26T12:03:54.9823818Z               "label:org.opencontainers.image.title": "ednsv",
2026-07-26T12:03:54.9824306Z               "label:org.opencontainers.image.url": "https://github.com/pkinerd/ednsv",
2026-07-26T12:03:54.9824814Z               "label:org.opencontainers.image.version": "pr-28",
2026-07-26T12:03:54.9825227Z               "vcs:localdir:context": ".",
2026-07-26T12:03:54.9825501Z               "vcs:localdir:dockerfile": ".",
2026-07-26T12:03:54.9825918Z               "vcs:revision": "a0369874af9658b90780f00b5dfaf37772683e84",
2026-07-26T12:03:54.9826324Z               "vcs:source": "https://github.com/pkinerd/ednsv"
2026-07-26T12:03:54.9826639Z             }
2026-07-26T12:03:54.9826916Z           }
2026-07-26T12:03:54.9827158Z         },
2026-07-26T12:03:54.9827959Z         "compatibilityVersion": 30
2026-07-26T12:03:54.9828249Z       },
2026-07-26T12:03:54.9828447Z       "environment": {
2026-07-26T12:03:54.9828665Z         "github_actor": "pkinerd",
2026-07-26T12:03:54.9828946Z         "github_actor_id": "169779439",
2026-07-26T12:03:54.9829205Z         "github_event_name": "pull_request",
2026-07-26T12:03:54.9829460Z         "github_event_payload": {
2026-07-26T12:03:54.9829722Z           "action": "synchronize",
2026-07-26T12:03:54.9829993Z           "after": "e0539fa42cfddfceae479fa57b9d05231ee57de3",
2026-07-26T12:03:54.9830330Z           "before": "3ee3f5ef7a8cf327c6427880e2b1f49331048ee6",
2026-07-26T12:03:54.9830613Z           "number": 28,
2026-07-26T12:03:54.9830830Z           "pull_request": {
2026-07-26T12:03:54.9831085Z             "_links": {
2026-07-26T12:03:54.9831297Z               "comments": {
2026-07-26T12:03:54.9831699Z                 "href": "https://api.github.com/repos/pkinerd/ednsv/issues/28/comments"
2026-07-26T12:03:54.9832062Z               },
2026-07-26T12:03:54.9832280Z               "commits": {
2026-07-26T12:03:54.9832683Z                 "href": "https://api.github.com/repos/pkinerd/ednsv/pulls/28/commits"
2026-07-26T12:03:54.9833009Z               },
2026-07-26T12:03:54.9833229Z               "html": {
2026-07-26T12:03:54.9833495Z                 "href": "https://github.com/pkinerd/ednsv/pull/28"
2026-07-26T12:03:54.9833974Z               },
2026-07-26T12:03:54.9834280Z               "issue": {
2026-07-26T12:03:54.9834653Z                 "href": "https://api.github.com/repos/pkinerd/ednsv/issues/28"
2026-07-26T12:03:54.9835036Z               },
2026-07-26T12:03:54.9835318Z               "review_comment": {
2026-07-26T12:03:54.9835812Z                 "href": "https://api.github.com/repos/pkinerd/ednsv/pulls/comments{/number}"
2026-07-26T12:03:54.9836223Z               },
2026-07-26T12:03:54.9836518Z               "review_comments": {
2026-07-26T12:03:54.9836912Z                 "href": "https://api.github.com/repos/pkinerd/ednsv/pulls/28/comments"
2026-07-26T12:03:54.9837639Z               },
2026-07-26T12:03:54.9837889Z               "self": {
2026-07-26T12:03:54.9838246Z                 "href": "https://api.github.com/repos/pkinerd/ednsv/pulls/28"
2026-07-26T12:03:54.9838671Z               },
2026-07-26T12:03:54.9838891Z               "statuses": {
2026-07-26T12:03:54.9839439Z                 "href": "https://api.github.com/repos/pkinerd/ednsv/statuses/e0539fa42cfddfceae479fa57b9d05231ee57de3"
2026-07-26T12:03:54.9840026Z               }
2026-07-26T12:03:54.9840310Z             },
2026-07-26T12:03:54.9840632Z             "active_lock_reason": null,
2026-07-26T12:03:54.9840967Z             "additions": 8127,
2026-07-26T12:03:54.9841307Z             "assignee": null,
2026-07-26T12:03:54.9841698Z             "assignees": [],
2026-07-26T12:03:54.9842048Z             "author_association": "OWNER",
2026-07-26T12:03:54.9842438Z             "auto_merge": null,
2026-07-26T12:03:54.9842807Z             "base": {
2026-07-26T12:03:54.9843079Z               "label": "pkinerd:main",
2026-07-26T12:03:54.9843413Z               "ref": "main",
2026-07-26T12:03:54.9843704Z               "repo": {
2026-07-26T12:03:54.9844016Z                 "allow_auto_merge": false,
2026-07-26T12:03:54.9844396Z                 "allow_forking": true,
2026-07-26T12:03:54.9844714Z                 "allow_merge_commit": true,
2026-07-26T12:03:54.9845050Z                 "allow_rebase_merge": true,
2026-07-26T12:03:54.9845383Z                 "allow_squash_merge": true,
2026-07-26T12:03:54.9845719Z                 "allow_update_branch": false,
2026-07-26T12:03:54.9846211Z                 "archive_url": "https://api.github.com/repos/pkinerd/ednsv/{archive_format}{/ref}",
2026-07-26T12:03:54.9846729Z                 "archived": false,
2026-07-26T12:03:54.9847137Z                 "assignees_url": "https://api.github.com/repos/pkinerd/ednsv/assignees{/user}",
2026-07-26T12:03:54.9848018Z                 "blobs_url": "https://api.github.com/repos/pkinerd/ednsv/git/blobs{/sha}",
2026-07-26T12:03:54.9848559Z                 "branches_url": "https://api.github.com/repos/pkinerd/ednsv/branches{/branch}",
2026-07-26T12:03:54.9849058Z                 "clone_url": "https://github.com/pkinerd/ednsv.git",
2026-07-26T12:03:54.9849584Z                 "collaborators_url": "https://api.github.com/repos/pkinerd/ednsv/collaborators{/collaborator}",
2026-07-26T12:03:54.9850182Z                 "comments_url": "https://api.github.com/repos/pkinerd/ednsv/comments{/number}",
2026-07-26T12:03:54.9850759Z                 "commits_url": "https://api.github.com/repos/pkinerd/ednsv/commits{/sha}",
2026-07-26T12:03:54.9851310Z                 "compare_url": "https://api.github.com/repos/pkinerd/ednsv/compare/{base}...{head}",
2026-07-26T12:03:54.9851898Z                 "contents_url": "https://api.github.com/repos/pkinerd/ednsv/contents/{+path}",
2026-07-26T12:03:54.9852455Z                 "contributors_url": "https://api.github.com/repos/pkinerd/ednsv/contributors",
2026-07-26T12:03:54.9852911Z                 "created_at": "2026-03-30T21:24:40Z",
2026-07-26T12:03:54.9853265Z                 "default_branch": "main",
2026-07-26T12:03:54.9853593Z                 "delete_branch_on_merge": false,
2026-07-26T12:03:54.9854036Z                 "deployments_url": "https://api.github.com/repos/pkinerd/ednsv/deployments",
2026-07-26T12:03:54.9854513Z                 "description": null,
2026-07-26T12:03:54.9854922Z                 "disabled": false,
2026-07-26T12:03:54.9855332Z                 "downloads_url": "https://api.github.com/repos/pkinerd/ednsv/downloads",
2026-07-26T12:03:54.9855817Z                 "events_url": "https://api.github.com/repos/pkinerd/ednsv/events",
2026-07-26T12:03:54.9856386Z                 "fork": false,
2026-07-26T12:03:54.9856741Z                 "forks": 0,
2026-07-26T12:03:54.9857004Z                 "forks_count": 0,
2026-07-26T12:03:54.9857592Z                 "forks_url": "https://api.github.com/repos/pkinerd/ednsv/forks",
2026-07-26T12:03:54.9858071Z                 "full_name": "pkinerd/ednsv",
2026-07-26T12:03:54.9858438Z                 "git_commits_url": "https://api.github.com/repos/pkinerd/ednsv/git/commits{/sha}",
2026-07-26T12:03:54.9858954Z                 "git_refs_url": "https://api.github.com/repos/pkinerd/ednsv/git/refs{/sha}",
2026-07-26T12:03:54.9859502Z                 "git_tags_url": "https://api.github.com/repos/pkinerd/ednsv/git/tags{/sha}",
2026-07-26T12:03:54.9859995Z                 "git_url": "git://github.com/pkinerd/ednsv.git",
2026-07-26T12:03:54.9860304Z                 "has_discussions": false,
2026-07-26T12:03:54.9860556Z                 "has_downloads": false,
2026-07-26T12:03:54.9860807Z                 "has_issues": true,
2026-07-26T12:03:54.9861095Z                 "has_pages": false,
2026-07-26T12:03:54.9861337Z                 "has_projects": true,
2026-07-26T12:03:54.9861587Z                 "has_pull_requests": true,
2026-07-26T12:03:54.9861853Z                 "has_wiki": true,
2026-07-26T12:03:54.9862103Z                 "homepage": null,
2026-07-26T12:03:54.9862406Z                 "hooks_url": "https://api.github.com/repos/pkinerd/ednsv/hooks",
2026-07-26T12:03:54.9862748Z                 "html_url": "https://github.com/pkinerd/ednsv",
2026-07-26T12:03:54.9863016Z                 "id": 1196602452,
2026-07-26T12:03:54.9863278Z                 "is_template": false,
2026-07-26T12:03:54.9863678Z                 "issue_comment_url": "https://api.github.com/repos/pkinerd/ednsv/issues/comments{/number}",
2026-07-26T12:03:54.9864163Z                 "issue_events_url": "https://api.github.com/repos/pkinerd/ednsv/issues/events{/number}",
2026-07-26T12:03:54.9864594Z                 "issues_url": "https://api.github.com/repos/pkinerd/ednsv/issues{/number}",
2026-07-26T12:03:54.9864981Z                 "keys_url": "https://api.github.com/repos/pkinerd/ednsv/keys{/key_id}",
2026-07-26T12:03:54.9865402Z                 "labels_url": "https://api.github.com/repos/pkinerd/ednsv/labels{/name}",
2026-07-26T12:03:54.9865740Z                 "language": "C#",
2026-07-26T12:03:54.9866056Z                 "languages_url": "https://api.github.com/repos/pkinerd/ednsv/languages",
2026-07-26T12:03:54.9866394Z                 "license": null,
2026-07-26T12:03:54.9866645Z                 "merge_commit_message": "PR_TITLE",
2026-07-26T12:03:54.9866935Z                 "merge_commit_title": "MERGE_MESSAGE",
2026-07-26T12:03:54.9867418Z                 "merges_url": "https://api.github.com/repos/pkinerd/ednsv/merges",
2026-07-26T12:03:54.9867997Z                 "milestones_url": "https://api.github.com/repos/pkinerd/ednsv/milestones{/number}",
2026-07-26T12:03:54.9868377Z                 "mirror_url": null,
2026-07-26T12:03:54.9868614Z                 "name": "ednsv",
2026-07-26T12:03:54.9868855Z                 "node_id": "R_kgDOR1K0VA",
2026-07-26T12:03:54.9869286Z                 "notifications_url": "https://api.github.com/repos/pkinerd/ednsv/notifications{?since,all,participating}",
2026-07-26T12:03:54.9869691Z                 "open_issues": 1,
2026-07-26T12:03:54.9869955Z                 "open_issues_count": 1,
2026-07-26T12:03:54.9870195Z                 "owner": {
2026-07-26T12:03:54.9870495Z                   "avatar_url": "https://avatars.githubusercontent.com/u/169779439?v=4",
2026-07-26T12:03:54.9870916Z                   "events_url": "https://api.github.com/users/pkinerd/events{/privacy}",
2026-07-26T12:03:54.9871312Z                   "followers_url": "https://api.github.com/users/pkinerd/followers",
2026-07-26T12:03:54.9871856Z                   "following_url": "https://api.github.com/users/pkinerd/following{/other_user}",
2026-07-26T12:03:54.9872268Z                   "gists_url": "https://api.github.com/users/pkinerd/gists{/gist_id}",
2026-07-26T12:03:54.9872652Z                   "gravatar_id": "",
2026-07-26T12:03:54.9872954Z                   "html_url": "https://github.com/pkinerd",
2026-07-26T12:03:54.9873231Z                   "id": 169779439,
2026-07-26T12:03:54.9873496Z                   "login": "pkinerd",
2026-07-26T12:03:54.9873752Z                   "node_id": "U_kgDOCh6g7w",
2026-07-26T12:03:54.9874070Z                   "organizations_url": "https://api.github.com/users/pkinerd/orgs",
2026-07-26T12:03:54.9874501Z                   "received_events_url": "https://api.github.com/users/pkinerd/received_events",
2026-07-26T12:03:54.9874883Z                   "repos_url": "https://api.github.com/users/pkinerd/repos",
2026-07-26T12:03:54.9875182Z                   "site_admin": false,
2026-07-26T12:03:54.9875533Z                   "starred_url": "https://api.github.com/users/pkinerd/starred{/owner}{/repo}",
2026-07-26T12:03:54.9875959Z                   "subscriptions_url": "https://api.github.com/users/pkinerd/subscriptions",
2026-07-26T12:03:54.9876304Z                   "type": "User",
2026-07-26T12:03:54.9876578Z                   "url": "https://api.github.com/users/pkinerd",
2026-07-26T12:03:54.9876870Z                   "user_view_type": "public"
2026-07-26T12:03:54.9877121Z                 },
2026-07-26T12:03:54.9877620Z                 "private": false,
2026-07-26T12:03:54.9877881Z                 "pull_request_creation_policy": "all",
2026-07-26T12:03:54.9878253Z                 "pulls_url": "https://api.github.com/repos/pkinerd/ednsv/pulls{/number}",
2026-07-26T12:03:54.9878636Z                 "pushed_at": "2026-07-26T12:02:09Z",
2026-07-26T12:03:54.9878979Z                 "releases_url": "https://api.github.com/repos/pkinerd/ednsv/releases{/id}",
2026-07-26T12:03:54.9879320Z                 "size": 39278,
2026-07-26T12:03:54.9879600Z                 "squash_merge_commit_message": "COMMIT_MESSAGES",
2026-07-26T12:03:54.9976828Z                 "squash_merge_commit_title": "COMMIT_OR_PR_TITLE",
2026-07-26T12:03:54.9977833Z                 "ssh_url": "git@github.com:pkinerd/ednsv.git",
2026-07-26T12:03:54.9978135Z                 "stargazers_count": 0,
2026-07-26T12:03:54.9978478Z                 "stargazers_url": "https://api.github.com/repos/pkinerd/ednsv/stargazers",
2026-07-26T12:03:54.9978898Z                 "statuses_url": "https://api.github.com/repos/pkinerd/ednsv/statuses/{sha}",
2026-07-26T12:03:54.9979327Z                 "subscribers_url": "https://api.github.com/repos/pkinerd/ednsv/subscribers",
2026-07-26T12:03:54.9979790Z                 "subscription_url": "https://api.github.com/repos/pkinerd/ednsv/subscription",
2026-07-26T12:03:54.9980178Z                 "svn_url": "https://github.com/pkinerd/ednsv",
2026-07-26T12:03:54.9980528Z                 "tags_url": "https://api.github.com/repos/pkinerd/ednsv/tags",
2026-07-26T12:03:54.9980906Z                 "teams_url": "https://api.github.com/repos/pkinerd/ednsv/teams",
2026-07-26T12:03:54.9981182Z                 "topics": [],
2026-07-26T12:03:54.9981494Z                 "trees_url": "https://api.github.com/repos/pkinerd/ednsv/git/trees{/sha}",
2026-07-26T12:03:54.9981840Z                 "updated_at": "2026-07-24T14:18:46Z",
2026-07-26T12:03:54.9982150Z                 "url": "https://api.github.com/repos/pkinerd/ednsv",
2026-07-26T12:03:54.9982436Z                 "use_squash_pr_title_as_default": false,
2026-07-26T12:03:54.9982681Z                 "visibility": "public",
2026-07-26T12:03:54.9982902Z                 "watchers": 0,
2026-07-26T12:03:54.9983099Z                 "watchers_count": 0,
2026-07-26T12:03:54.9983320Z                 "web_commit_signoff_required": false
2026-07-26T12:03:54.9983535Z               },
2026-07-26T12:03:54.9983737Z               "sha": "0907a58f50a6c98d23ae466ed31c3a0c15264622",
2026-07-26T12:03:54.9984202Z               "user": {
2026-07-26T12:03:54.9984522Z                 "avatar_url": "https://avatars.githubusercontent.com/u/169779439?v=4",
2026-07-26T12:03:54.9984989Z                 "events_url": "https://api.github.com/users/pkinerd/events{/privacy}",
2026-07-26T12:03:54.9985414Z                 "followers_url": "https://api.github.com/users/pkinerd/followers",
2026-07-26T12:03:54.9985880Z                 "following_url": "https://api.github.com/users/pkinerd/following{/other_user}",
2026-07-26T12:03:54.9986377Z                 "gists_url": "https://api.github.com/users/pkinerd/gists{/gist_id}",
2026-07-26T12:03:54.9986723Z                 "gravatar_id": "",
2026-07-26T12:03:54.9987001Z                 "html_url": "https://github.com/pkinerd",
2026-07-26T12:03:54.9987476Z                 "id": 169779439,
2026-07-26T12:03:54.9987733Z                 "login": "pkinerd",
2026-07-26T12:03:54.9988004Z                 "node_id": "U_kgDOCh6g7w",
2026-07-26T12:03:54.9988392Z                 "organizations_url": "https://api.github.com/users/pkinerd/orgs",
2026-07-26T12:03:54.9988890Z                 "received_events_url": "https://api.github.com/users/pkinerd/received_events",
2026-07-26T12:03:54.9989480Z                 "repos_url": "https://api.github.com/users/pkinerd/repos",
2026-07-26T12:03:54.9989834Z                 "site_admin": false,
2026-07-26T12:03:54.9990219Z                 "starred_url": "https://api.github.com/users/pkinerd/starred{/owner}{/repo}",
2026-07-26T12:03:54.9990762Z                 "subscriptions_url": "https://api.github.com/users/pkinerd/subscriptions",
2026-07-26T12:03:54.9991185Z                 "type": "User",
2026-07-26T12:03:54.9991448Z                 "url": "https://api.github.com/users/pkinerd",
2026-07-26T12:03:54.9991762Z                 "user_view_type": "public"
2026-07-26T12:03:54.9992025Z               }
2026-07-26T12:03:54.9992206Z             },
2026-07-26T12:03:55.0000364Z             "body": "Four defects in the same family — file writes that assume they are the\nonly writer, and a read that destroys data when it fails.\n\n1. Fixed temp-file paths. Six write sites built their scratch file as\n   \"<target>.tmp\": ConfigService (config.json, revision bodies, the\n   history index), AuthService (users.json) and DiskCacheService (the\n   eleven merge-saved cache files, domain-results.json). The rename is\n   atomic, but the scratch path is shared state — two writers (two\n   replicas on one mount, a CLI run alongside the web service) truncate\n   and interleave into it, after which one rename publishes the mixture\n   and the other throws FileNotFoundException because the temp has\n   already been moved away. In ConfigService and AuthService that\n   exception escapes a save request as a 500.\n\n   Adds AtomicFile, which writes through a per-write unique temp name,\n   removes its scratch file when a write fails, and sweeps orphans left\n   by a killed process. The sweep is age-gated so it cannot delete a\n   temp belonging to an in-flight write. Concurrent writers still race\n   to publish and the last rename wins — the callers already assume\n   that — but the target is now always exactly one writer's complete\n   payload.\n\n   DiskCacheService.Clear and the startup load sweep the new names as\n   well as the legacy fixed one.\n\n2. ConfigService.LoadOrSeed overwrote a live config on a transient read\n   error. Any failure to read or parse an existing config.json fell\n   through to the seed path, which writes to disk — so a momentary I/O\n   error or sharing violation silently replaced the operator's saved\n   settings with env-var defaults and recorded that as a revision. It\n   now throws ConfigUnreadableException and the web host fails closed\n   with a clear message. An empty file still seeds, since there is\n   nothing to lose.\n\n3. CacheManager.ClearAllAsync deleted the cache files without holding\n   the flusher's lock. A flush that had already sampled the in-memory\n   caches would finish writing them out after the delete, so an admin\n   cache-clear reported success and the stale entries reappeared on\n   disk. The delete now runs under the same semaphore as the flush.\n\n4. CacheManager.FlushAsync bypassed all serialisation when no\n   background flusher exists (CLI runs), leaving concurrent saves free\n   to interleave read-modify-write on each cache file. It now takes a\n   local lock.\n\nAdds AtomicFileTests and CacheManagerClearTests, and extends\nConfigServiceTests and DiskCacheClearTests. The two concurrency tests\nwere verified to fail against the old fixed-name implementation.\n\nCo-Authored-By: Claude Opus 5 <noreply@anthropic.com>\nClaude-Session: https://claude.ai/code/session_01611PR4pvQSGB1t9K3hNAwE",
2026-07-26T12:03:55.0006991Z             "changed_files": 56,
2026-07-26T12:03:55.0007348Z             "closed_at": null,
2026-07-26T12:03:55.0007540Z             "comments": 0,
2026-07-26T12:03:55.0007822Z             "comments_url": "https://api.github.com/repos/pkinerd/ednsv/issues/28/comments",
2026-07-26T12:03:55.0008126Z             "commits": 27,
2026-07-26T12:03:55.0008390Z             "commits_url": "https://api.github.com/repos/pkinerd/ednsv/pulls/28/commits",
2026-07-26T12:03:55.0008694Z             "created_at": "2026-07-26T02:03:41Z",
2026-07-26T12:03:55.0008907Z             "deletions": 1099,
2026-07-26T12:03:55.0009145Z             "diff_url": "https://github.com/pkinerd/ednsv/pull/28.diff",
2026-07-26T12:03:55.0009395Z             "draft": false,
2026-07-26T12:03:55.0009568Z             "head": {
2026-07-26T12:03:55.0009793Z               "label": "pkinerd:claude/redis-dependency-removal-213elh",
2026-07-26T12:03:55.0010094Z               "ref": "claude/redis-dependency-removal-213elh",
2026-07-26T12:03:55.0010335Z               "repo": {
2026-07-26T12:03:55.0010513Z                 "allow_auto_merge": false,
2026-07-26T12:03:55.0010719Z                 "allow_forking": true,
2026-07-26T12:03:55.0010918Z                 "allow_merge_commit": true,
2026-07-26T12:03:55.0011128Z                 "allow_rebase_merge": true,
2026-07-26T12:03:55.0011327Z                 "allow_squash_merge": true,
2026-07-26T12:03:55.0011537Z                 "allow_update_branch": false,
2026-07-26T12:03:55.0011852Z                 "archive_url": "https://api.github.com/repos/pkinerd/ednsv/{archive_format}{/ref}",
2026-07-26T12:03:55.0012164Z                 "archived": false,
2026-07-26T12:03:55.0012454Z                 "assignees_url": "https://api.github.com/repos/pkinerd/ednsv/assignees{/user}",
2026-07-26T12:03:55.0012843Z                 "blobs_url": "https://api.github.com/repos/pkinerd/ednsv/git/blobs{/sha}",
2026-07-26T12:03:55.0013220Z                 "branches_url": "https://api.github.com/repos/pkinerd/ednsv/branches{/branch}",
2026-07-26T12:03:55.0013564Z                 "clone_url": "https://github.com/pkinerd/ednsv.git",
2026-07-26T12:03:55.0013948Z                 "collaborators_url": "https://api.github.com/repos/pkinerd/ednsv/collaborators{/collaborator}",
2026-07-26T12:03:55.0014442Z                 "comments_url": "https://api.github.com/repos/pkinerd/ednsv/comments{/number}",
2026-07-26T12:03:55.0014842Z                 "commits_url": "https://api.github.com/repos/pkinerd/ednsv/commits{/sha}",
2026-07-26T12:03:55.0015254Z                 "compare_url": "https://api.github.com/repos/pkinerd/ednsv/compare/{base}...{head}",
2026-07-26T12:03:55.0015663Z                 "contents_url": "https://api.github.com/repos/pkinerd/ednsv/contents/{+path}",
2026-07-26T12:03:55.0016038Z                 "contributors_url": "https://api.github.com/repos/pkinerd/ednsv/contributors",
2026-07-26T12:03:55.0016366Z                 "created_at": "2026-03-30T21:24:40Z",
2026-07-26T12:03:55.0016599Z                 "default_branch": "main",
2026-07-26T12:03:55.0016835Z                 "delete_branch_on_merge": false,
2026-07-26T12:03:55.0017146Z                 "deployments_url": "https://api.github.com/repos/pkinerd/ednsv/deployments",
2026-07-26T12:03:55.0017621Z                 "description": null,
2026-07-26T12:03:55.0017882Z                 "disabled": false,
2026-07-26T12:03:55.0018157Z                 "downloads_url": "https://api.github.com/repos/pkinerd/ednsv/downloads",
2026-07-26T12:03:55.0018510Z                 "events_url": "https://api.github.com/repos/pkinerd/ednsv/events",
2026-07-26T12:03:55.0018838Z                 "fork": false,
2026-07-26T12:03:55.0019035Z                 "forks": 0,
2026-07-26T12:03:55.0019201Z                 "forks_count": 0,
2026-07-26T12:03:55.0019444Z                 "forks_url": "https://api.github.com/repos/pkinerd/ednsv/forks",
2026-07-26T12:03:55.0019713Z                 "full_name": "pkinerd/ednsv",
2026-07-26T12:03:55.0020028Z                 "git_commits_url": "https://api.github.com/repos/pkinerd/ednsv/git/commits{/sha}",
2026-07-26T12:03:55.0020417Z                 "git_refs_url": "https://api.github.com/repos/pkinerd/ednsv/git/refs{/sha}",
2026-07-26T12:03:55.0020781Z                 "git_tags_url": "https://api.github.com/repos/pkinerd/ednsv/git/tags{/sha}",
2026-07-26T12:03:55.0021103Z                 "git_url": "git://github.com/pkinerd/ednsv.git",
2026-07-26T12:03:55.0021341Z                 "has_discussions": false,
2026-07-26T12:03:55.0021532Z                 "has_downloads": false,
2026-07-26T12:03:55.0021728Z                 "has_issues": true,
2026-07-26T12:03:55.0021908Z                 "has_pages": false,
2026-07-26T12:03:55.0022091Z                 "has_projects": true,
2026-07-26T12:03:55.0022276Z                 "has_pull_requests": true,
2026-07-26T12:03:55.0022470Z                 "has_wiki": true,
2026-07-26T12:03:55.0022647Z                 "homepage": null,
2026-07-26T12:03:55.0022880Z                 "hooks_url": "https://api.github.com/repos/pkinerd/ednsv/hooks",
2026-07-26T12:03:55.0023178Z                 "html_url": "https://github.com/pkinerd/ednsv",
2026-07-26T12:03:55.0023397Z                 "id": 1196602452,
2026-07-26T12:03:55.0023582Z                 "is_template": false,
2026-07-26T12:03:55.0023918Z                 "issue_comment_url": "https://api.github.com/repos/pkinerd/ednsv/issues/comments{/number}",
2026-07-26T12:03:55.0024351Z                 "issue_events_url": "https://api.github.com/repos/pkinerd/ednsv/issues/events{/number}",
2026-07-26T12:03:55.0024769Z                 "issues_url": "https://api.github.com/repos/pkinerd/ednsv/issues{/number}",
2026-07-26T12:03:55.0025139Z                 "keys_url": "https://api.github.com/repos/pkinerd/ednsv/keys{/key_id}",
2026-07-26T12:03:55.0025484Z                 "labels_url": "https://api.github.com/repos/pkinerd/ednsv/labels{/name}",
2026-07-26T12:03:55.0025772Z                 "language": "C#",
2026-07-26T12:03:55.0026023Z                 "languages_url": "https://api.github.com/repos/pkinerd/ednsv/languages",
2026-07-26T12:03:55.0026303Z                 "license": null,
2026-07-26T12:03:55.0026497Z                 "merge_commit_message": "PR_TITLE",
2026-07-26T12:03:55.0026739Z                 "merge_commit_title": "MERGE_MESSAGE",
2026-07-26T12:03:55.0027042Z                 "merges_url": "https://api.github.com/repos/pkinerd/ednsv/merges",
2026-07-26T12:03:55.0027561Z                 "milestones_url": "https://api.github.com/repos/pkinerd/ednsv/milestones{/number}",
2026-07-26T12:03:55.0027881Z                 "mirror_url": null,
2026-07-26T12:03:55.0028087Z                 "name": "ednsv",
2026-07-26T12:03:55.0028293Z                 "node_id": "R_kgDOR1K0VA",
2026-07-26T12:03:55.0028669Z                 "notifications_url": "https://api.github.com/repos/pkinerd/ednsv/notifications{?since,all,participating}",
2026-07-26T12:03:55.0029054Z                 "open_issues": 1,
2026-07-26T12:03:55.0029243Z                 "open_issues_count": 1,
2026-07-26T12:03:55.0029436Z                 "owner": {
2026-07-26T12:03:55.0029686Z                   "avatar_url": "https://avatars.githubusercontent.com/u/169779439?v=4",
2026-07-26T12:03:55.0030050Z                   "events_url": "https://api.github.com/users/pkinerd/events{/privacy}",
2026-07-26T12:03:55.0030393Z                   "followers_url": "https://api.github.com/users/pkinerd/followers",
2026-07-26T12:03:55.0030839Z                   "following_url": "https://api.github.com/users/pkinerd/following{/other_user}",
2026-07-26T12:03:55.0031220Z                   "gists_url": "https://api.github.com/users/pkinerd/gists{/gist_id}",
2026-07-26T12:03:55.0031548Z                   "gravatar_id": "",
2026-07-26T12:03:55.0031758Z                   "html_url": "https://github.com/pkinerd",
2026-07-26T12:03:55.0031986Z                   "id": 169779439,
2026-07-26T12:03:55.0032166Z                   "login": "pkinerd",
2026-07-26T12:03:55.0032362Z                   "node_id": "U_kgDOCh6g7w",
2026-07-26T12:03:55.0032636Z                   "organizations_url": "https://api.github.com/users/pkinerd/orgs",
2026-07-26T12:03:55.0033006Z                   "received_events_url": "https://api.github.com/users/pkinerd/received_events",
2026-07-26T12:03:55.0033352Z                   "repos_url": "https://api.github.com/users/pkinerd/repos",
2026-07-26T12:03:55.0033593Z                   "site_admin": false,
2026-07-26T12:03:55.0033865Z                   "starred_url": "https://api.github.com/users/pkinerd/starred{/owner}{/repo}",
2026-07-26T12:03:55.0034252Z                   "subscriptions_url": "https://api.github.com/users/pkinerd/subscriptions",
2026-07-26T12:03:55.0034530Z                   "type": "User",
2026-07-26T12:03:55.0034745Z                   "url": "https://api.github.com/users/pkinerd",
2026-07-26T12:03:55.0034996Z                   "user_view_type": "public"
2026-07-26T12:03:55.0035198Z                 },
2026-07-26T12:03:55.0035361Z                 "private": false,
2026-07-26T12:03:55.0035556Z                 "pull_request_creation_policy": "all",
2026-07-26T12:03:55.0035836Z                 "pulls_url": "https://api.github.com/repos/pkinerd/ednsv/pulls{/number}",
2026-07-26T12:03:55.0036123Z                 "pushed_at": "2026-07-26T12:02:09Z",
2026-07-26T12:03:55.0036407Z                 "releases_url": "https://api.github.com/repos/pkinerd/ednsv/releases{/id}",
2026-07-26T12:03:55.0036700Z                 "size": 39278,
2026-07-26T12:03:55.0036909Z                 "squash_merge_commit_message": "COMMIT_MESSAGES",
2026-07-26T12:03:55.0037271Z                 "squash_merge_commit_title": "COMMIT_OR_PR_TITLE",
2026-07-26T12:03:55.0037569Z                 "ssh_url": "git@github.com:pkinerd/ednsv.git",
2026-07-26T12:03:55.0037796Z                 "stargazers_count": 0,
2026-07-26T12:03:55.0038067Z                 "stargazers_url": "https://api.github.com/repos/pkinerd/ednsv/stargazers",
2026-07-26T12:03:55.0038443Z                 "statuses_url": "https://api.github.com/repos/pkinerd/ednsv/statuses/{sha}",
2026-07-26T12:03:55.0038819Z                 "subscribers_url": "https://api.github.com/repos/pkinerd/ednsv/subscribers",
2026-07-26T12:03:55.0039193Z                 "subscription_url": "https://api.github.com/repos/pkinerd/ednsv/subscription",
2026-07-26T12:03:55.0039508Z                 "svn_url": "https://github.com/pkinerd/ednsv",
2026-07-26T12:03:55.0039793Z                 "tags_url": "https://api.github.com/repos/pkinerd/ednsv/tags",
2026-07-26T12:03:55.0040104Z                 "teams_url": "https://api.github.com/repos/pkinerd/ednsv/teams",
2026-07-26T12:03:55.0040355Z                 "topics": [],
2026-07-26T12:03:55.0040622Z                 "trees_url": "https://api.github.com/repos/pkinerd/ednsv/git/trees{/sha}",
2026-07-26T12:03:55.0040939Z                 "updated_at": "2026-07-24T14:18:46Z",
2026-07-26T12:03:55.0041178Z                 "url": "https://api.github.com/repos/pkinerd/ednsv",
2026-07-26T12:03:55.0041435Z                 "use_squash_pr_title_as_default": false,
2026-07-26T12:03:55.0041650Z                 "visibility": "public",
2026-07-26T12:03:55.0041843Z                 "watchers": 0,
2026-07-26T12:03:55.0042008Z                 "watchers_count": 0,
2026-07-26T12:03:55.0042203Z                 "web_commit_signoff_required": false
2026-07-26T12:03:55.0042384Z               },
2026-07-26T12:03:55.0042573Z               "sha": "e0539fa42cfddfceae479fa57b9d05231ee57de3",
2026-07-26T12:03:55.0042860Z               "user": {
2026-07-26T12:03:55.0043094Z                 "avatar_url": "https://avatars.githubusercontent.com/u/169779439?v=4",
2026-07-26T12:03:55.0043536Z                 "events_url": "https://api.github.com/users/pkinerd/events{/privacy}",
2026-07-26T12:03:55.0043853Z                 "followers_url": "https://api.github.com/users/pkinerd/followers",
2026-07-26T12:03:55.0044181Z                 "following_url": "https://api.github.com/users/pkinerd/following{/other_user}",
2026-07-26T12:03:55.0044517Z                 "gists_url": "https://api.github.com/users/pkinerd/gists{/gist_id}",
2026-07-26T12:03:55.0044775Z                 "gravatar_id": "",
2026-07-26T12:03:55.0044985Z                 "html_url": "https://github.com/pkinerd",
2026-07-26T12:03:55.0045189Z                 "id": 169779439,
2026-07-26T12:03:55.0045370Z                 "login": "pkinerd",
2026-07-26T12:03:55.0045559Z                 "node_id": "U_kgDOCh6g7w",
2026-07-26T12:03:55.0045801Z                 "organizations_url": "https://api.github.com/users/pkinerd/orgs",
2026-07-26T12:03:55.0046129Z                 "received_events_url": "https://api.github.com/users/pkinerd/received_events",
2026-07-26T12:03:55.0046443Z                 "repos_url": "https://api.github.com/users/pkinerd/repos",
2026-07-26T12:03:55.0046677Z                 "site_admin": false,
2026-07-26T12:03:55.0046926Z                 "starred_url": "https://api.github.com/users/pkinerd/starred{/owner}{/repo}",
2026-07-26T12:03:55.0047446Z                 "subscriptions_url": "https://api.github.com/users/pkinerd/subscriptions",
2026-07-26T12:03:55.0047736Z                 "type": "User",
2026-07-26T12:03:55.0047949Z                 "url": "https://api.github.com/users/pkinerd",
2026-07-26T12:03:55.0048181Z                 "user_view_type": "public"
2026-07-26T12:03:55.0048372Z               }
2026-07-26T12:03:55.0048532Z             },
2026-07-26T12:03:55.0048724Z             "html_url": "https://github.com/pkinerd/ednsv/pull/28",
2026-07-26T12:03:55.0048947Z             "id": 4134707627,
2026-07-26T12:03:55.0049173Z             "issue_url": "https://api.github.com/repos/pkinerd/ednsv/issues/28",
2026-07-26T12:03:55.0049415Z             "labels": [],
2026-07-26T12:03:55.0049572Z             "locked": false,
2026-07-26T12:03:55.0049738Z             "maintainer_can_modify": false,
2026-07-26T12:03:55.0049975Z             "merge_commit_sha": "97dc8a79b916b844588134bcc65f9acf6d737e89",
2026-07-26T12:03:55.0050212Z             "mergeable": null,
2026-07-26T12:03:55.0050394Z             "mergeable_state": "unknown",
2026-07-26T12:03:55.0050598Z             "merged": false,
2026-07-26T12:03:55.0050777Z             "merged_at": null,
2026-07-26T12:03:55.0050929Z             "merged_by": null,
2026-07-26T12:03:55.0051088Z             "milestone": null,
2026-07-26T12:03:55.0051257Z             "node_id": "PR_kwDOR1K0VM72cqGr",
2026-07-26T12:03:55.0051448Z             "number": 28,
2026-07-26T12:03:55.0051665Z             "patch_url": "https://github.com/pkinerd/ednsv/pull/28.patch",
2026-07-26T12:03:55.0051920Z             "rebaseable": null,
2026-07-26T12:03:55.0052103Z             "requested_reviewers": [],
2026-07-26T12:03:55.0052289Z             "requested_teams": [],
2026-07-26T12:03:55.0052574Z             "review_comment_url": "https://api.github.com/repos/pkinerd/ednsv/pulls/comments{/number}",
2026-07-26T12:03:55.0052870Z             "review_comments": 0,
2026-07-26T12:03:55.0053142Z             "review_comments_url": "https://api.github.com/repos/pkinerd/ednsv/pulls/28/comments",
2026-07-26T12:03:55.0053435Z             "state": "open",
2026-07-26T12:03:55.0053755Z             "statuses_url": "https://api.github.com/repos/pkinerd/ednsv/statuses/e0539fa42cfddfceae479fa57b9d05231ee57de3",
2026-07-26T12:03:55.0054178Z             "title": "Fix unguarded concurrent file access in config, auth and disk cache",
2026-07-26T12:03:55.0054452Z             "updated_at": "2026-07-26T12:02:10Z",
2026-07-26T12:03:55.0054760Z             "url": "https://api.github.com/repos/pkinerd/ednsv/pulls/28",
2026-07-26T12:03:55.0054990Z             "user": {
2026-07-26T12:03:55.0055215Z               "avatar_url": "https://avatars.githubusercontent.com/u/169779439?v=4",
2026-07-26T12:03:55.0055598Z               "events_url": "https://api.github.com/users/pkinerd/events{/privacy}",
2026-07-26T12:03:55.0055935Z               "followers_url": "https://api.github.com/users/pkinerd/followers",
2026-07-26T12:03:55.0056274Z               "following_url": "https://api.github.com/users/pkinerd/following{/other_user}",
2026-07-26T12:03:55.0056612Z               "gists_url": "https://api.github.com/users/pkinerd/gists{/gist_id}",
2026-07-26T12:03:55.0056879Z               "gravatar_id": "",
2026-07-26T12:03:55.0057071Z               "html_url": "https://github.com/pkinerd",
2026-07-26T12:03:55.0057414Z               "id": 169779439,
2026-07-26T12:03:55.0057596Z               "login": "pkinerd",
2026-07-26T12:03:55.0057784Z               "node_id": "U_kgDOCh6g7w",
2026-07-26T12:03:55.0058042Z               "organizations_url": "https://api.github.com/users/pkinerd/orgs",
2026-07-26T12:03:55.0058386Z               "received_events_url": "https://api.github.com/users/pkinerd/received_events",
2026-07-26T12:03:55.0058716Z               "repos_url": "https://api.github.com/users/pkinerd/repos",
2026-07-26T12:03:55.0058953Z               "site_admin": false,
2026-07-26T12:03:55.0059218Z               "starred_url": "https://api.github.com/users/pkinerd/starred{/owner}{/repo}",
2026-07-26T12:03:55.0059568Z               "subscriptions_url": "https://api.github.com/users/pkinerd/subscriptions",
2026-07-26T12:03:55.0059943Z               "type": "User",
2026-07-26T12:03:55.0060154Z               "url": "https://api.github.com/users/pkinerd",
2026-07-26T12:03:55.0060376Z               "user_view_type": "public"
2026-07-26T12:03:55.0060557Z             }
2026-07-26T12:03:55.0060707Z           },
2026-07-26T12:03:55.0060857Z           "repository": {
2026-07-26T12:03:55.0061027Z             "allow_forking": true,
2026-07-26T12:03:55.0061301Z             "archive_url": "https://api.github.com/repos/pkinerd/ednsv/{archive_format}{/ref}",
2026-07-26T12:03:55.0061587Z             "archived": false,
2026-07-26T12:03:55.0061854Z             "assignees_url": "https://api.github.com/repos/pkinerd/ednsv/assignees{/user}",
2026-07-26T12:03:55.0062218Z             "blobs_url": "https://api.github.com/repos/pkinerd/ednsv/git/blobs{/sha}",
2026-07-26T12:03:55.0062587Z             "branches_url": "https://api.github.com/repos/pkinerd/ednsv/branches{/branch}",
2026-07-26T12:03:55.0062919Z             "clone_url": "https://github.com/pkinerd/ednsv.git",
2026-07-26T12:03:55.0063286Z             "collaborators_url": "https://api.github.com/repos/pkinerd/ednsv/collaborators{/collaborator}",
2026-07-26T12:03:55.0063688Z             "comments_url": "https://api.github.com/repos/pkinerd/ednsv/comments{/number}",
2026-07-26T12:03:55.0064048Z             "commits_url": "https://api.github.com/repos/pkinerd/ednsv/commits{/sha}",
2026-07-26T12:03:55.0064421Z             "compare_url": "https://api.github.com/repos/pkinerd/ednsv/compare/{base}...{head}",
2026-07-26T12:03:55.0064801Z             "contents_url": "https://api.github.com/repos/pkinerd/ednsv/contents/{+path}",
2026-07-26T12:03:55.0065173Z             "contributors_url": "https://api.github.com/repos/pkinerd/ednsv/contributors",
2026-07-26T12:03:55.0065473Z             "created_at": "2026-03-30T21:24:40Z",
2026-07-26T12:03:55.0065694Z             "default_branch": "main",
2026-07-26T12:03:55.0065978Z             "deployments_url": "https://api.github.com/repos/pkinerd/ednsv/deployments",
2026-07-26T12:03:55.0066277Z             "description": null,
2026-07-26T12:03:55.0066472Z             "disabled": false,
2026-07-26T12:03:55.0066803Z             "downloads_url": "https://api.github.com/repos/pkinerd/ednsv/downloads",
2026-07-26T12:03:55.0067279Z             "events_url": "https://api.github.com/repos/pkinerd/ednsv/events",
2026-07-26T12:03:55.0067645Z             "fork": false,
2026-07-26T12:03:55.0067827Z             "forks": 0,
2026-07-26T12:03:55.0068038Z             "forks_count": 0,
2026-07-26T12:03:55.0068318Z             "forks_url": "https://api.github.com/repos/pkinerd/ednsv/forks",
2026-07-26T12:03:55.0068654Z             "full_name": "pkinerd/ednsv",
2026-07-26T12:03:55.0069014Z             "git_commits_url": "https://api.github.com/repos/pkinerd/ednsv/git/commits{/sha}",
2026-07-26T12:03:55.0069405Z             "git_refs_url": "https://api.github.com/repos/pkinerd/ednsv/git/refs{/sha}",
2026-07-26T12:03:55.0069832Z             "git_tags_url": "https://api.github.com/repos/pkinerd/ednsv/git/tags{/sha}",
2026-07-26T12:03:55.0070164Z             "git_url": "git://github.com/pkinerd/ednsv.git",
2026-07-26T12:03:55.0070456Z             "has_discussions": false,
2026-07-26T12:03:55.0070730Z             "has_downloads": false,
2026-07-26T12:03:55.0070941Z             "has_issues": true,
2026-07-26T12:03:55.0071167Z             "has_pages": false,
2026-07-26T12:03:55.0071386Z             "has_projects": true,
2026-07-26T12:03:55.0071585Z             "has_pull_requests": true,
2026-07-26T12:03:55.0071785Z             "has_wiki": true,
2026-07-26T12:03:55.0071965Z             "homepage": null,
2026-07-26T12:03:55.0072210Z             "hooks_url": "https://api.github.com/repos/pkinerd/ednsv/hooks",
2026-07-26T12:03:55.0072507Z             "html_url": "https://github.com/pkinerd/ednsv",
2026-07-26T12:03:55.0072736Z             "id": 1196602452,
2026-07-26T12:03:55.0072923Z             "is_template": false,
2026-07-26T12:03:55.0073242Z             "issue_comment_url": "https://api.github.com/repos/pkinerd/ednsv/issues/comments{/number}",
2026-07-26T12:03:55.0073664Z             "issue_events_url": "https://api.github.com/repos/pkinerd/ednsv/issues/events{/number}",
2026-07-26T12:03:55.0074040Z             "issues_url": "https://api.github.com/repos/pkinerd/ednsv/issues{/number}",
2026-07-26T12:03:55.0074394Z             "keys_url": "https://api.github.com/repos/pkinerd/ednsv/keys{/key_id}",
2026-07-26T12:03:55.0074741Z             "labels_url": "https://api.github.com/repos/pkinerd/ednsv/labels{/name}",
2026-07-26T12:03:55.0075028Z             "language": "C#",
2026-07-26T12:03:55.0075295Z             "languages_url": "https://api.github.com/repos/pkinerd/ednsv/languages",
2026-07-26T12:03:55.0075578Z             "license": null,
2026-07-26T12:03:55.0075824Z             "merges_url": "https://api.github.com/repos/pkinerd/ednsv/merges",
2026-07-26T12:03:55.0076188Z             "milestones_url": "https://api.github.com/repos/pkinerd/ednsv/milestones{/number}",
2026-07-26T12:03:55.0076495Z             "mirror_url": null,
2026-07-26T12:03:55.0076702Z             "name": "ednsv",
2026-07-26T12:03:55.0076866Z             "node_id": "R_kgDOR1K0VA",
2026-07-26T12:03:55.0077287Z             "notifications_url": "https://api.github.com/repos/pkinerd/ednsv/notifications{?since,all,participating}",
2026-07-26T12:03:55.0077650Z             "open_issues": 1,
2026-07-26T12:03:55.0077822Z             "open_issues_count": 1,
2026-07-26T12:03:55.0077992Z             "owner": {
2026-07-26T12:03:55.0078227Z               "avatar_url": "https://avatars.githubusercontent.com/u/169779439?v=4",
2026-07-26T12:03:55.0078554Z               "events_url": "https://api.github.com/users/pkinerd/events{/privacy}",
2026-07-26T12:03:55.0078864Z               "followers_url": "https://api.github.com/users/pkinerd/followers",
2026-07-26T12:03:55.0079194Z               "following_url": "https://api.github.com/users/pkinerd/following{/other_user}",
2026-07-26T12:03:55.0079533Z               "gists_url": "https://api.github.com/users/pkinerd/gists{/gist_id}",
2026-07-26T12:03:55.0079778Z               "gravatar_id": "",
2026-07-26T12:03:55.0079970Z               "html_url": "https://github.com/pkinerd",
2026-07-26T12:03:55.0080170Z               "id": 169779439,
2026-07-26T12:03:55.0080337Z               "login": "pkinerd",
2026-07-26T12:03:55.0080518Z               "node_id": "U_kgDOCh6g7w",
2026-07-26T12:03:55.0080822Z               "organizations_url": "https://api.github.com/users/pkinerd/orgs",
2026-07-26T12:03:55.0081166Z               "received_events_url": "https://api.github.com/users/pkinerd/received_events",
2026-07-26T12:03:55.0081534Z               "repos_url": "https://api.github.com/users/pkinerd/repos",
2026-07-26T12:03:55.0081770Z               "site_admin": false,
2026-07-26T12:03:55.0082025Z               "starred_url": "https://api.github.com/users/pkinerd/starred{/owner}{/repo}",
2026-07-26T12:03:55.0082375Z               "subscriptions_url": "https://api.github.com/users/pkinerd/subscriptions",
2026-07-26T12:03:55.0082646Z               "type": "User",
2026-07-26T12:03:55.0082836Z               "url": "https://api.github.com/users/pkinerd",
2026-07-26T12:03:55.0083046Z               "user_view_type": "public"
2026-07-26T12:03:55.0083219Z             },
2026-07-26T12:03:55.0083359Z             "private": false,
2026-07-26T12:03:55.0083539Z             "pull_request_creation_policy": "all",
2026-07-26T12:03:55.0083808Z             "pulls_url": "https://api.github.com/repos/pkinerd/ednsv/pulls{/number}",
2026-07-26T12:03:55.0084077Z             "pushed_at": "2026-07-26T12:02:09Z",
2026-07-26T12:03:55.0084349Z             "releases_url": "https://api.github.com/repos/pkinerd/ednsv/releases{/id}",
2026-07-26T12:03:55.0084611Z             "size": 39278,
2026-07-26T12:03:55.0084795Z             "ssh_url": "git@github.com:pkinerd/ednsv.git",
2026-07-26T12:03:55.0085005Z             "stargazers_count": 0,
2026-07-26T12:03:55.0085252Z             "stargazers_url": "https://api.github.com/repos/pkinerd/ednsv/stargazers",
2026-07-26T12:03:55.0085594Z             "statuses_url": "https://api.github.com/repos/pkinerd/ednsv/statuses/{sha}",
2026-07-26T12:03:55.0085938Z             "subscribers_url": "https://api.github.com/repos/pkinerd/ednsv/subscribers",
2026-07-26T12:03:55.0086296Z             "subscription_url": "https://api.github.com/repos/pkinerd/ednsv/subscription",
2026-07-26T12:03:55.0086609Z             "svn_url": "https://github.com/pkinerd/ednsv",
2026-07-26T12:03:55.0086867Z             "tags_url": "https://api.github.com/repos/pkinerd/ednsv/tags",
2026-07-26T12:03:55.0087374Z             "teams_url": "https://api.github.com/repos/pkinerd/ednsv/teams",
2026-07-26T12:03:55.0087638Z             "topics": [],
2026-07-26T12:03:55.0087881Z             "trees_url": "https://api.github.com/repos/pkinerd/ednsv/git/trees{/sha}",
2026-07-26T12:03:55.0088154Z             "updated_at": "2026-07-24T14:18:46Z",
2026-07-26T12:03:55.0088380Z             "url": "https://api.github.com/repos/pkinerd/ednsv",
2026-07-26T12:03:55.0088601Z             "visibility": "public",
2026-07-26T12:03:55.0088780Z             "watchers": 0,
2026-07-26T12:03:55.0088944Z             "watchers_count": 0,
2026-07-26T12:03:55.0089123Z             "web_commit_signoff_required": false
2026-07-26T12:03:55.0089308Z           },
2026-07-26T12:03:55.0089444Z           "sender": {
2026-07-26T12:03:55.0089670Z             "avatar_url": "https://avatars.githubusercontent.com/u/169779439?v=4",
2026-07-26T12:03:55.0089983Z             "events_url": "https://api.github.com/users/pkinerd/events{/privacy}",
2026-07-26T12:03:55.0090297Z             "followers_url": "https://api.github.com/users/pkinerd/followers",
2026-07-26T12:03:55.0090627Z             "following_url": "https://api.github.com/users/pkinerd/following{/other_user}",
2026-07-26T12:03:55.0090951Z             "gists_url": "https://api.github.com/users/pkinerd/gists{/gist_id}",
2026-07-26T12:03:55.0091190Z             "gravatar_id": "",
2026-07-26T12:03:55.0091377Z             "html_url": "https://github.com/pkinerd",
2026-07-26T12:03:55.0091577Z             "id": 169779439,
2026-07-26T12:03:55.0091737Z             "login": "pkinerd",
2026-07-26T12:03:55.0091906Z             "node_id": "U_kgDOCh6g7w",
2026-07-26T12:03:55.0092144Z             "organizations_url": "https://api.github.com/users/pkinerd/orgs",
2026-07-26T12:03:55.0092474Z             "received_events_url": "https://api.github.com/users/pkinerd/received_events",
2026-07-26T12:03:55.0092871Z             "repos_url": "https://api.github.com/users/pkinerd/repos",
2026-07-26T12:03:55.0093108Z             "site_admin": false,
2026-07-26T12:03:55.0093410Z             "starred_url": "https://api.github.com/users/pkinerd/starred{/owner}{/repo}",
2026-07-26T12:03:55.0093762Z             "subscriptions_url": "https://api.github.com/users/pkinerd/subscriptions",
2026-07-26T12:03:55.0094022Z             "type": "User",
2026-07-26T12:03:55.0094213Z             "url": "https://api.github.com/users/pkinerd",
2026-07-26T12:03:55.0094427Z             "user_view_type": "public"
2026-07-26T12:03:55.0094602Z           }
2026-07-26T12:03:55.0094736Z         },
2026-07-26T12:03:55.0094875Z         "github_job": "docker",
2026-07-26T12:03:55.0095049Z         "github_ref": "refs/pull/28/merge",
2026-07-26T12:03:55.0095241Z         "github_ref_name": "28/merge",
2026-07-26T12:03:55.0095426Z         "github_ref_protected": "false",
2026-07-26T12:03:55.0095615Z         "github_ref_type": "branch",
2026-07-26T12:03:55.0095808Z         "github_repository": "pkinerd/ednsv",
2026-07-26T12:03:55.0096011Z         "github_repository_id": "1196602452",
2026-07-26T12:03:55.0096208Z         "github_repository_owner": "pkinerd",
2026-07-26T12:03:55.0096412Z         "github_repository_owner_id": "169779439",
2026-07-26T12:03:55.0096614Z         "github_run_attempt": "1",
2026-07-26T12:03:55.0096791Z         "github_run_id": "30201278673",
2026-07-26T12:03:55.0096970Z         "github_run_number": "222",
2026-07-26T12:03:55.0097144Z         "github_runner_arch": "X64",
2026-07-26T12:03:55.0097530Z         "github_runner_environment": "github-hosted",
2026-07-26T12:03:55.0097751Z         "github_runner_image_os": "ubuntu24",
2026-07-26T12:03:55.0097958Z         "github_runner_image_version": "20260720.247.2",
2026-07-26T12:03:55.0098186Z         "github_runner_name": "GitHub Actions 1000002197",
2026-07-26T12:03:55.0098393Z         "github_runner_os": "Linux",
2026-07-26T12:03:55.0098645Z         "github_runner_tracking_id": "github_885d4357-0d31-48cc-85db-25c0930a549f",
2026-07-26T12:03:55.0098919Z         "github_server_url": "https://github.com",
2026-07-26T12:03:55.0099125Z         "github_triggering_actor": "pkinerd",
2026-07-26T12:03:55.0099314Z         "github_workflow": "CI",
2026-07-26T12:03:55.0099581Z         "github_workflow_ref": "pkinerd/ednsv/.github/workflows/ci.yml@refs/pull/28/merge",
2026-07-26T12:03:55.0099946Z         "github_workflow_sha": "a0369874af9658b90780f00b5dfaf37772683e84",
2026-07-26T12:03:55.0100191Z         "platform": "linux/amd64"
2026-07-26T12:03:55.0100355Z       }
2026-07-26T12:03:55.0100477Z     }
2026-07-26T12:03:55.0100593Z   },
2026-07-26T12:03:55.0100953Z   "buildx.build.ref": "builder-96686714-4ab2-4643-9993-c0a65bbeaefc/builder-96686714-4ab2-4643-9993-c0a65bbeaefc0/zybc3rtst3ks56uab87f7ff52",
2026-07-26T12:03:55.0101387Z   "containerimage.descriptor": {
2026-07-26T12:03:55.0101605Z     "mediaType": "application/vnd.oci.image.index.v1+json",
2026-07-26T12:03:55.0101925Z     "digest": "sha256:54172f42674c5033bf0bba7cb7ea6595c3855ea3b35a9813c34df32b9f46f44b",
2026-07-26T12:03:55.0102191Z     "size": 856
2026-07-26T12:03:55.0102320Z   },
2026-07-26T12:03:55.0102584Z   "containerimage.digest": "sha256:54172f42674c5033bf0bba7cb7ea6595c3855ea3b35a9813c34df32b9f46f44b",
2026-07-26T12:03:55.0103051Z   "image.name": "ghcr.io/pkinerd/ednsv:pr-28,ghcr.io/pkinerd/ednsv:latest-any,ghcr.io/pkinerd/ednsv:sha-a036987"
2026-07-26T12:03:55.0103373Z }
2026-07-26T12:03:55.0103674Z ##[endgroup]
2026-07-26T12:03:55.0103943Z ##[group]Reference
2026-07-26T12:03:55.0104268Z builder-96686714-4ab2-4643-9993-c0a65bbeaefc/builder-96686714-4ab2-4643-9993-c0a65bbeaefc0/zybc3rtst3ks56uab87f7ff52
2026-07-26T12:03:55.0104732Z ##[endgroup]
2026-07-26T12:03:55.0104971Z ##[group]Check build summary support
2026-07-26T12:03:55.0105263Z Build summary supported!
2026-07-26T12:03:55.0105504Z ##[endgroup]
2026-07-26T12:03:55.0180844Z Node 20 is being deprecated. This workflow is running with Node 24 by default. If you need to temporarily use Node 20, you can set the ACTIONS_ALLOW_USE_UNSECURE_NODE_VERSION=true environment variable. For more information see: https://github.blog/changelog/2025-09-19-deprecation-of-node-20-on-github-actions-runners/
2026-07-26T12:03:55.0181857Z Post job cleanup.
2026-07-26T12:03:55.1773277Z ##[group]Generating build summary
2026-07-26T12:03:55.1776551Z exporting build record to /home/runner/work/_temp/docker-actions-toolkit-J25RLg/export
2026-07-26T12:03:55.1784865Z (node:3065) [DEP0040] DeprecationWarning: The `punycode` module is deprecated. Please use a userland alternative instead.
2026-07-26T12:03:55.1785381Z (Use `node --trace-deprecation ...` to show where the warning was created)
2026-07-26T12:03:55.3209835Z [command]/usr/bin/docker buildx history export --builder builder-96686714-4ab2-4643-9993-c0a65bbeaefc --output /home/runner/work/_temp/docker-actions-toolkit-J25RLg/export/pkinerd~ednsv~ZYBC3R.dockerbuild zybc3rtst3ks56uab87f7ff52 --finalize
2026-07-26T12:03:55.5087100Z Build record written to /home/runner/work/_temp/docker-actions-toolkit-J25RLg/export/pkinerd~ednsv~ZYBC3R.dockerbuild (59.33 KB)
2026-07-26T12:03:55.5106027Z Uploading pkinerd~ednsv~ZYBC3R.dockerbuild to blob storage
2026-07-26T12:03:55.7020982Z Beginning upload of artifact content to blob storage
2026-07-26T12:03:55.7081678Z (node:3065) [DEP0169] DeprecationWarning: `url.parse()` behavior is not standardized and prone to errors that have security implications. Use the WHATWG URL API instead. CVEs are not issued for `url.parse()` vulnerabilities.
2026-07-26T12:03:55.7086684Z Uploaded bytes 60755
2026-07-26T12:03:55.9191255Z Finished uploading artifact content to blob storage!
2026-07-26T12:03:55.9193919Z SHA256 hash of uploaded artifact is 210d945de88309543eb5beab03833746a44b84cbb0369a49b2c409bad9a45e81
2026-07-26T12:03:55.9194992Z Finalizing artifact upload
2026-07-26T12:03:56.1666769Z Artifact successfully finalized (8631728729)
2026-07-26T12:03:56.1667919Z Artifact download URL: https://github.com/pkinerd/ednsv/actions/runs/30201278673/artifacts/8631728729
2026-07-26T12:03:56.1687819Z Writing summary
2026-07-26T12:03:56.1709873Z ##[endgroup]
2026-07-26T12:03:56.1710381Z ##[group]Removing temp folder /home/runner/work/_temp/docker-actions-toolkit-xGgKct
2026-07-26T12:03:56.1711601Z ##[endgroup]
2026-07-26T12:03:56.1711910Z ##[group]Post cache
2026-07-26T12:03:56.1712949Z State not set
2026-07-26T12:03:56.1713263Z ##[endgroup]
2026-07-26T12:03:56.1821303Z Node 20 is being deprecated. This workflow is running with Node 24 by default. If you need to temporarily use Node 20, you can set the ACTIONS_ALLOW_USE_UNSECURE_NODE_VERSION=true environment variable. For more information see: https://github.blog/changelog/2025-09-19-deprecation-of-node-20-on-github-actions-runners/
2026-07-26T12:03:56.1822199Z Post job cleanup.
2026-07-26T12:03:56.3859887Z ##[group]Logout from ghcr.io
2026-07-26T12:03:56.3874314Z (node:3216) [DEP0040] DeprecationWarning: The `punycode` module is deprecated. Please use a userland alternative instead.
2026-07-26T12:03:56.3874933Z (Use `node --trace-deprecation ...` to show where the warning was created)
2026-07-26T12:03:56.3890681Z [command]/usr/bin/docker logout ghcr.io
2026-07-26T12:03:56.4008237Z Removing login credentials for ghcr.io
2026-07-26T12:03:56.4025724Z ##[endgroup]
2026-07-26T12:03:56.4026159Z ##[group]Post cache
2026-07-26T12:03:56.4026402Z State not set
2026-07-26T12:03:56.4026752Z ##[endgroup]
2026-07-26T12:03:56.4123200Z Node 20 is being deprecated. This workflow is running with Node 24 by default. If you need to temporarily use Node 20, you can set the ACTIONS_ALLOW_USE_UNSECURE_NODE_VERSION=true environment variable. For more information see: https://github.blog/changelog/2025-09-19-deprecation-of-node-20-on-github-actions-runners/
2026-07-26T12:03:56.4124108Z Post job cleanup.
2026-07-26T12:03:56.5881037Z ##[group]Removing builder
2026-07-26T12:03:56.5885415Z (node:3236) [DEP0040] DeprecationWarning: The `punycode` module is deprecated. Please use a userland alternative instead.
2026-07-26T12:03:56.5886455Z (Use `node --trace-deprecation ...` to show where the warning was created)
2026-07-26T12:03:56.6714743Z [command]/usr/bin/docker buildx rm builder-96686714-4ab2-4643-9993-c0a65bbeaefc
2026-07-26T12:03:57.8497646Z builder-96686714-4ab2-4643-9993-c0a65bbeaefc removed
2026-07-26T12:03:57.8516236Z ##[endgroup]
2026-07-26T12:03:57.8516677Z ##[group]Cleaning up certificates
2026-07-26T12:03:57.8517808Z ##[endgroup]
2026-07-26T12:03:57.8518470Z ##[group]Post cache
2026-07-26T12:03:57.8520641Z State not set
2026-07-26T12:03:57.8520972Z ##[endgroup]
2026-07-26T12:03:57.8635076Z Node 20 is being deprecated. This workflow is running with Node 24 by default. If you need to temporarily use Node 20, you can set the ACTIONS_ALLOW_USE_UNSECURE_NODE_VERSION=true environment variable. For more information see: https://github.blog/changelog/2025-09-19-deprecation-of-node-20-on-github-actions-runners/
2026-07-26T12:03:57.8635963Z Post job cleanup.
2026-07-26T12:03:57.9252824Z [command]/usr/bin/git version
2026-07-26T12:03:57.9286840Z git version 2.54.0
2026-07-26T12:03:57.9315939Z Temporarily overriding HOME='/home/runner/work/_temp/47fb858e-15db-4b6a-a2e5-080c4f1ebb16' before making global git config changes
2026-07-26T12:03:57.9318611Z Adding repository directory to the temporary git global config as a safe directory
2026-07-26T12:03:57.9320487Z [command]/usr/bin/git config --global --add safe.directory /home/runner/work/ednsv/ednsv
2026-07-26T12:03:57.9353748Z [command]/usr/bin/git config --local --name-only --get-regexp core\.sshCommand
2026-07-26T12:03:57.9384263Z [command]/usr/bin/git submodule foreach --recursive sh -c "git config --local --name-only --get-regexp 'core\.sshCommand' && git config --local --unset-all 'core.sshCommand' || :"
2026-07-26T12:03:57.9543813Z [command]/usr/bin/git config --local --name-only --get-regexp http\.https\:\/\/github\.com\/\.extraheader
2026-07-26T12:03:57.9560343Z http.https://github.com/.extraheader
2026-07-26T12:03:57.9567153Z [command]/usr/bin/git config --local --unset-all http.https://github.com/.extraheader
2026-07-26T12:03:57.9588228Z [command]/usr/bin/git submodule foreach --recursive sh -c "git config --local --name-only --get-regexp 'http\.https\:\/\/github\.com\/\.extraheader' && git config --local --unset-all 'http.https://github.com/.extraheader' || :"
2026-07-26T12:03:57.9738886Z [command]/usr/bin/git config --local --name-only --get-regexp ^includeIf\.gitdir:
2026-07-26T12:03:57.9760195Z [command]/usr/bin/git submodule foreach --recursive git config --local --show-origin --name-only --get-regexp remote.origin.url
2026-07-26T12:03:58.0002800Z Cleaning up orphan processes
2026-07-26T12:03:58.0221852Z ##[warning]Node.js 20 is deprecated. The following actions target Node.js 20 but are being forced to run on Node.js 24: actions/checkout@v4, docker/build-push-action@v6, docker/login-action@v3, docker/metadata-action@v5, docker/setup-buildx-action@v3. For more information see: https://github.blog/changelog/2025-09-19-deprecation-of-node-20-on-github-actions-runners/
