2026-07-28T02:50:40.6937965Z Current runner version: '2.336.0'
2026-07-28T02:50:40.6987795Z ##[group]Runner Image Provisioner
2026-07-28T02:50:40.6988738Z Hosted Compute Agent
2026-07-28T02:50:40.6989321Z Version: 20260707.563
2026-07-28T02:50:40.6990021Z Commit: 02667638d2b423fbc733a8e32a88b44996a3ba6e
2026-07-28T02:50:40.6990762Z Build Date: 2026-07-07T19:33:50Z
2026-07-28T02:50:40.6991438Z Worker ID: {4fb1195a-16ba-44cc-bc5d-ce34a9388c1f}
2026-07-28T02:50:40.6992195Z Azure Region: eastus
2026-07-28T02:50:40.6992745Z ##[endgroup]
2026-07-28T02:50:40.6994399Z ##[group]Operating System
2026-07-28T02:50:40.6995183Z Ubuntu
2026-07-28T02:50:40.6995753Z 24.04.4
2026-07-28T02:50:40.6996288Z LTS
2026-07-28T02:50:40.6996802Z ##[endgroup]
2026-07-28T02:50:40.6997349Z ##[group]Runner Image
2026-07-28T02:50:40.6998020Z Image: ubuntu-24.04
2026-07-28T02:50:40.6998579Z Version: 20260720.247.2
2026-07-28T02:50:40.6999849Z Included Software: https://github.com/actions/runner-images/blob/ubuntu24/20260720.247/images/ubuntu/Ubuntu2404-Readme.md
2026-07-28T02:50:40.7001341Z Image Release: https://github.com/actions/runner-images/releases/tag/ubuntu24%2F20260720.247
2026-07-28T02:50:40.7002385Z ##[endgroup]
2026-07-28T02:50:40.7003504Z ##[group]GITHUB_TOKEN Permissions
2026-07-28T02:50:40.7005716Z Contents: read
2026-07-28T02:50:40.7006329Z Metadata: read
2026-07-28T02:50:40.7007060Z Packages: write
2026-07-28T02:50:40.7007643Z ##[endgroup]
2026-07-28T02:50:40.7009684Z Secret source: Actions
2026-07-28T02:50:40.7010809Z Prepare workflow directory
2026-07-28T02:50:40.7527433Z Prepare all required actions
2026-07-28T02:50:40.7575958Z Getting action download info
2026-07-28T02:50:40.9735113Z Download action repository 'actions/checkout@v4' (SHA:11d5960a326750d5838078e36cf38b85af677262)
2026-07-28T02:50:41.2185980Z Download action repository 'docker/setup-buildx-action@v3' (SHA:8d2750c68a42422c14e847fe6c8ac0403b4cbd6f)
2026-07-28T02:50:41.4008676Z Download action repository 'docker/login-action@v3' (SHA:c94ce9fb468520275223c153574b00df6fe4bcc9)
2026-07-28T02:50:41.6060028Z Download action repository 'docker/metadata-action@v5' (SHA:c299e40c65443455700f0fdfc63efafe5b349051)
2026-07-28T02:50:41.8421338Z Download action repository 'docker/build-push-action@v6' (SHA:10e90e3645eae34f1e60eeb005ba3a3d33f178e8)
2026-07-28T02:50:42.1676376Z Complete job name: Build & Push Docker Image
2026-07-28T02:50:42.2700842Z Node 20 is being deprecated. This workflow is running with Node 24 by default. If you need to temporarily use Node 20, you can set the ACTIONS_ALLOW_USE_UNSECURE_NODE_VERSION=true environment variable. For more information see: https://github.blog/changelog/2025-09-19-deprecation-of-node-20-on-github-actions-runners/
2026-07-28T02:50:42.2711970Z ##[group]Run actions/checkout@v4
2026-07-28T02:50:42.2713191Z with:
2026-07-28T02:50:42.2714215Z   repository: pkinerd/ednsv
2026-07-28T02:50:42.2723595Z   token: ***
2026-07-28T02:50:42.2724520Z   ssh-strict: true
2026-07-28T02:50:42.2725322Z   ssh-user: git
2026-07-28T02:50:42.2726158Z   persist-credentials: true
2026-07-28T02:50:42.2727094Z   clean: true
2026-07-28T02:50:42.2727911Z   sparse-checkout-cone-mode: true
2026-07-28T02:50:42.2728894Z   fetch-depth: 1
2026-07-28T02:50:42.2729697Z   fetch-tags: false
2026-07-28T02:50:42.2730533Z   show-progress: true
2026-07-28T02:50:42.2731366Z   lfs: false
2026-07-28T02:50:42.2732175Z   submodules: false
2026-07-28T02:50:42.2733020Z   set-safe-directory: true
2026-07-28T02:50:42.2734271Z   allow-unsafe-pr-checkout: false
2026-07-28T02:50:42.2735632Z env:
2026-07-28T02:50:42.2736370Z   REGISTRY: ghcr.io
2026-07-28T02:50:42.2737203Z   IMAGE_NAME: pkinerd/ednsv
2026-07-28T02:50:42.2738088Z ##[endgroup]
2026-07-28T02:50:42.3833127Z Syncing repository: pkinerd/ednsv
2026-07-28T02:50:42.3836275Z ##[group]Getting Git version info
2026-07-28T02:50:42.3837539Z Working directory is '/home/runner/work/ednsv/ednsv'
2026-07-28T02:50:42.3839441Z [command]/usr/bin/git version
2026-07-28T02:50:42.3910490Z git version 2.54.0
2026-07-28T02:50:42.3936462Z ##[endgroup]
2026-07-28T02:50:42.3953659Z Temporarily overriding HOME='/home/runner/work/_temp/ec8f711c-838d-4a74-8ec5-20a8c630f353' before making global git config changes
2026-07-28T02:50:42.3959675Z Adding repository directory to the temporary git global config as a safe directory
2026-07-28T02:50:42.3964137Z [command]/usr/bin/git config --global --add safe.directory /home/runner/work/ednsv/ednsv
2026-07-28T02:50:42.4013127Z Deleting the contents of '/home/runner/work/ednsv/ednsv'
2026-07-28T02:50:42.4018001Z ##[group]Initializing the repository
2026-07-28T02:50:42.4021594Z [command]/usr/bin/git init /home/runner/work/ednsv/ednsv
2026-07-28T02:50:42.4127385Z hint: Using 'master' as the name for the initial branch. This default branch name
2026-07-28T02:50:42.4130601Z hint: will change to "main" in Git 3.0. To configure the initial branch name
2026-07-28T02:50:42.4133629Z hint: to use in all of your new repositories, which will suppress this warning,
2026-07-28T02:50:42.4136282Z hint: call:
2026-07-28T02:50:42.4137449Z hint:
2026-07-28T02:50:42.4138975Z hint: 	git config --global init.defaultBranch <name>
2026-07-28T02:50:42.4140857Z hint:
2026-07-28T02:50:42.4142694Z hint: Names commonly chosen instead of 'master' are 'main', 'trunk' and
2026-07-28T02:50:42.4145933Z hint: 'development'. The just-created branch can be renamed via this command:
2026-07-28T02:50:42.4148104Z hint:
2026-07-28T02:50:42.4148868Z hint: 	git branch -m <name>
2026-07-28T02:50:42.4149969Z hint:
2026-07-28T02:50:42.4152139Z hint: Disable this message with "git config set advice.defaultBranchName false"
2026-07-28T02:50:42.4159223Z Initialized empty Git repository in /home/runner/work/ednsv/ednsv/.git/
2026-07-28T02:50:42.4164492Z [command]/usr/bin/git remote add origin https://github.com/pkinerd/ednsv
2026-07-28T02:50:42.4192155Z ##[endgroup]
2026-07-28T02:50:42.4195372Z ##[group]Disabling automatic garbage collection
2026-07-28T02:50:42.4197731Z [command]/usr/bin/git config --local gc.auto 0
2026-07-28T02:50:42.4231793Z ##[endgroup]
2026-07-28T02:50:42.4233652Z ##[group]Setting up auth
2026-07-28T02:50:42.4240650Z [command]/usr/bin/git config --local --name-only --get-regexp core\.sshCommand
2026-07-28T02:50:42.4279209Z [command]/usr/bin/git submodule foreach --recursive sh -c "git config --local --name-only --get-regexp 'core\.sshCommand' && git config --local --unset-all 'core.sshCommand' || :"
2026-07-28T02:50:42.4725162Z [command]/usr/bin/git config --local --name-only --get-regexp http\.https\:\/\/github\.com\/\.extraheader
2026-07-28T02:50:42.4779521Z [command]/usr/bin/git submodule foreach --recursive sh -c "git config --local --name-only --get-regexp 'http\.https\:\/\/github\.com\/\.extraheader' && git config --local --unset-all 'http.https://github.com/.extraheader' || :"
2026-07-28T02:50:42.5006758Z [command]/usr/bin/git config --local --name-only --get-regexp ^includeIf\.gitdir:
2026-07-28T02:50:42.5045323Z [command]/usr/bin/git submodule foreach --recursive git config --local --show-origin --name-only --get-regexp remote.origin.url
2026-07-28T02:50:42.5266117Z [command]/usr/bin/git config --local http.https://github.com/.extraheader AUTHORIZATION: basic ***
2026-07-28T02:50:42.5305467Z ##[endgroup]
2026-07-28T02:50:42.5306912Z ##[group]Fetching the repository
2026-07-28T02:50:42.5315976Z [command]/usr/bin/git -c protocol.version=2 fetch --no-tags --prune --no-recurse-submodules --depth=1 origin +7ac927f3646685884f88c55189cec02a7a3feb3f:refs/remotes/pull/30/merge
2026-07-28T02:50:43.0656290Z From https://github.com/pkinerd/ednsv
2026-07-28T02:50:43.0658094Z  * [new ref]         7ac927f3646685884f88c55189cec02a7a3feb3f -> pull/30/merge
2026-07-28T02:50:43.0692645Z ##[endgroup]
2026-07-28T02:50:43.0693514Z ##[group]Determining the checkout info
2026-07-28T02:50:43.0695571Z ##[endgroup]
2026-07-28T02:50:43.0701790Z [command]/usr/bin/git sparse-checkout disable
2026-07-28T02:50:43.0751843Z [command]/usr/bin/git config --local --unset-all extensions.worktreeConfig
2026-07-28T02:50:43.0783271Z ##[group]Checking out the ref
2026-07-28T02:50:43.0788674Z [command]/usr/bin/git checkout --progress --force refs/remotes/pull/30/merge
2026-07-28T02:50:43.0935919Z Note: switching to 'refs/remotes/pull/30/merge'.
2026-07-28T02:50:43.0936654Z 
2026-07-28T02:50:43.0937205Z You are in 'detached HEAD' state. You can look around, make experimental
2026-07-28T02:50:43.0938631Z changes and commit them, and you can discard any commits you make in this
2026-07-28T02:50:43.0940082Z state without impacting any branches by switching back to a branch.
2026-07-28T02:50:43.0940636Z 
2026-07-28T02:50:43.0941035Z If you want to create a new branch to retain commits you create, you may
2026-07-28T02:50:43.0941890Z do so (now or later) by using -c with the switch command. Example:
2026-07-28T02:50:43.0942350Z 
2026-07-28T02:50:43.0942591Z   git switch -c <new-branch-name>
2026-07-28T02:50:43.0942933Z 
2026-07-28T02:50:43.0943171Z Or undo this operation with:
2026-07-28T02:50:43.0943480Z 
2026-07-28T02:50:43.0943700Z   git switch -
2026-07-28T02:50:43.0944228Z 
2026-07-28T02:50:43.0944826Z Turn off this advice by setting config variable advice.detachedHead to false
2026-07-28T02:50:43.0945663Z 
2026-07-28T02:50:43.0946273Z HEAD is now at 7ac927f Merge 903c36e83f8a970bee71cd2d9565683cb8e3c437 into b39be414bd0957dd8574f7aa105e6a17842b92ab
2026-07-28T02:50:43.0948162Z ##[endgroup]
2026-07-28T02:50:43.0985733Z [command]/usr/bin/git log -1 --format=%H
2026-07-28T02:50:43.1011761Z 7ac927f3646685884f88c55189cec02a7a3feb3f
2026-07-28T02:50:43.1243313Z ##[group]Run if [ "pull_request" != "pull_request" ]; then
2026-07-28T02:50:43.1244316Z [36;1mif [ "pull_request" != "pull_request" ]; then[0m
2026-07-28T02:50:43.1244869Z [36;1m  echo "push=true" >> "$GITHUB_OUTPUT"[0m
2026-07-28T02:50:43.1245395Z [36;1melif [ "pkinerd/ednsv" = "pkinerd/ednsv" ]; then[0m
2026-07-28T02:50:43.1245909Z [36;1m  echo "push=true" >> "$GITHUB_OUTPUT"[0m
2026-07-28T02:50:43.1246366Z [36;1melse[0m
2026-07-28T02:50:43.1246764Z [36;1m  echo "push=false" >> "$GITHUB_OUTPUT"[0m
2026-07-28T02:50:43.1247220Z [36;1mfi[0m
2026-07-28T02:50:43.1294239Z shell: /usr/bin/bash -e {0}
2026-07-28T02:50:43.1294716Z env:
2026-07-28T02:50:43.1295084Z   REGISTRY: ghcr.io
2026-07-28T02:50:43.1295473Z   IMAGE_NAME: pkinerd/ednsv
2026-07-28T02:50:43.1295870Z ##[endgroup]
2026-07-28T02:50:43.1493106Z Node 20 is being deprecated. This workflow is running with Node 24 by default. If you need to temporarily use Node 20, you can set the ACTIONS_ALLOW_USE_UNSECURE_NODE_VERSION=true environment variable. For more information see: https://github.blog/changelog/2025-09-19-deprecation-of-node-20-on-github-actions-runners/
2026-07-28T02:50:43.1495343Z ##[group]Run docker/setup-buildx-action@v3
2026-07-28T02:50:43.1495766Z with:
2026-07-28T02:50:43.1496093Z   driver: docker-container
2026-07-28T02:50:43.1496436Z   use: true
2026-07-28T02:50:43.1496736Z   keep-state: false
2026-07-28T02:50:43.1497064Z   cache-binary: true
2026-07-28T02:50:43.1497387Z   cleanup: true
2026-07-28T02:50:43.1497697Z   install: false
2026-07-28T02:50:43.1497999Z env:
2026-07-28T02:50:43.1498289Z   REGISTRY: ghcr.io
2026-07-28T02:50:43.1498637Z   IMAGE_NAME: pkinerd/ednsv
2026-07-28T02:50:43.1498992Z ##[endgroup]
2026-07-28T02:50:43.3958411Z (node:2234) [DEP0040] DeprecationWarning: The `punycode` module is deprecated. Please use a userland alternative instead.
2026-07-28T02:50:43.3959983Z (Use `node --trace-deprecation ...` to show where the warning was created)
2026-07-28T02:50:43.4105551Z ##[group]Docker info
2026-07-28T02:50:43.4154916Z [command]/usr/bin/docker version
2026-07-28T02:50:43.5242035Z Client: Docker Engine - Community
2026-07-28T02:50:43.5243774Z  Version:           28.0.4
2026-07-28T02:50:43.5245274Z  API version:       1.48
2026-07-28T02:50:43.5246259Z  Go version:        go1.23.7
2026-07-28T02:50:43.5247327Z  Git commit:        b8034c0
2026-07-28T02:50:43.5248478Z  Built:             Tue Mar 25 15:07:16 2025
2026-07-28T02:50:43.5249550Z  OS/Arch:           linux/amd64
2026-07-28T02:50:43.5250561Z  Context:           default
2026-07-28T02:50:43.5251306Z 
2026-07-28T02:50:43.5251944Z Server: Docker Engine - Community
2026-07-28T02:50:43.5253689Z  Engine:
2026-07-28T02:50:43.5255075Z   Version:          28.0.4
2026-07-28T02:50:43.5256163Z   API version:      1.48 (minimum version 1.24)
2026-07-28T02:50:43.5257393Z   Go version:       go1.23.7
2026-07-28T02:50:43.5258395Z   Git commit:       6430e49
2026-07-28T02:50:43.5259348Z   Built:            Tue Mar 25 15:07:16 2025
2026-07-28T02:50:43.5260344Z   OS/Arch:          linux/amd64
2026-07-28T02:50:43.5261266Z   Experimental:     false
2026-07-28T02:50:43.5262206Z  containerd:
2026-07-28T02:50:43.5263064Z   Version:          v2.2.6
2026-07-28T02:50:43.5264317Z   GitCommit:        11ce9d5f3c68c941867e82890e93e815c1304f1b
2026-07-28T02:50:43.5265451Z  runc:
2026-07-28T02:50:43.5266419Z   Version:          1.3.6
2026-07-28T02:50:43.5267398Z   GitCommit:        v1.3.6-0-g491b69ba
2026-07-28T02:50:43.5268481Z  docker-init:
2026-07-28T02:50:43.5269464Z   Version:          0.19.0
2026-07-28T02:50:43.5270515Z   GitCommit:        de40ad0
2026-07-28T02:50:43.5295052Z [command]/usr/bin/docker info
2026-07-28T02:50:46.8590065Z Client: Docker Engine - Community
2026-07-28T02:50:46.8604407Z  Version:    28.0.4
2026-07-28T02:50:46.8604852Z  Context:    default
2026-07-28T02:50:46.8605249Z  Debug Mode: false
2026-07-28T02:50:46.8605604Z  Plugins:
2026-07-28T02:50:46.8605963Z   buildx: Docker Buildx (Docker Inc.)
2026-07-28T02:50:46.8606466Z     Version:  v0.35.0
2026-07-28T02:50:46.8607206Z     Path:     /usr/libexec/docker/cli-plugins/docker-buildx
2026-07-28T02:50:46.8608008Z   compose: Docker Compose (Docker Inc.)
2026-07-28T02:50:46.8608703Z     Version:  v2.38.2
2026-07-28T02:50:46.8609333Z     Path:     /usr/libexec/docker/cli-plugins/docker-compose
2026-07-28T02:50:46.8609709Z 
2026-07-28T02:50:46.8609920Z Server:
2026-07-28T02:50:46.8610320Z  Containers: 0
2026-07-28T02:50:46.8610850Z   Running: 0
2026-07-28T02:50:46.8612049Z   Paused: 0
2026-07-28T02:50:46.8612370Z   Stopped: 0
2026-07-28T02:50:46.8612716Z  Images: 6
2026-07-28T02:50:46.8613049Z  Server Version: 28.0.4
2026-07-28T02:50:46.8613454Z  Storage Driver: overlay2
2026-07-28T02:50:46.8614097Z   Backing Filesystem: extfs
2026-07-28T02:50:46.8614524Z   Supports d_type: true
2026-07-28T02:50:46.8615397Z   Using metacopy: false
2026-07-28T02:50:46.8615884Z   Native Overlay Diff: false
2026-07-28T02:50:46.8616328Z   userxattr: false
2026-07-28T02:50:46.8616926Z  Logging Driver: json-file
2026-07-28T02:50:46.8617380Z  Cgroup Driver: systemd
2026-07-28T02:50:46.8617938Z  Cgroup Version: 2
2026-07-28T02:50:46.8618368Z  Plugins:
2026-07-28T02:50:46.8618943Z   Volume: local
2026-07-28T02:50:46.8619551Z   Network: bridge host ipvlan macvlan null overlay
2026-07-28T02:50:46.8620436Z   Log: awslogs fluentd gcplogs gelf journald json-file local splunk syslog
2026-07-28T02:50:46.8621211Z  Swarm: inactive
2026-07-28T02:50:46.8621729Z  Runtimes: io.containerd.runc.v2 runc
2026-07-28T02:50:46.8622338Z  Default Runtime: runc
2026-07-28T02:50:46.8622866Z  Init Binary: docker-init
2026-07-28T02:50:46.8623486Z  containerd version: 11ce9d5f3c68c941867e82890e93e815c1304f1b
2026-07-28T02:50:46.8624458Z  runc version: v1.3.6-0-g491b69ba
2026-07-28T02:50:46.8624962Z  init version: de40ad0
2026-07-28T02:50:46.8625318Z  Security Options:
2026-07-28T02:50:46.8625649Z   apparmor
2026-07-28T02:50:46.8626002Z   seccomp
2026-07-28T02:50:46.8626318Z    Profile: builtin
2026-07-28T02:50:46.8626691Z   cgroupns
2026-07-28T02:50:46.8627033Z  Kernel Version: 6.17.0-1020-azure
2026-07-28T02:50:46.8627536Z  Operating System: Ubuntu 24.04.4 LTS
2026-07-28T02:50:46.8628020Z  OSType: linux
2026-07-28T02:50:46.8628408Z  Architecture: x86_64
2026-07-28T02:50:46.8628776Z  CPUs: 4
2026-07-28T02:50:46.8629145Z  Total Memory: 15.62GiB
2026-07-28T02:50:46.8629589Z  Name: runnervmvrwv9
2026-07-28T02:50:46.8630006Z  ID: dce1e4a9-fc26-4218-aaf0-feee5194c8cb
2026-07-28T02:50:46.8630502Z  Docker Root Dir: /var/lib/docker
2026-07-28T02:50:46.8630973Z  Debug Mode: false
2026-07-28T02:50:46.8631365Z  Username: githubactions
2026-07-28T02:50:46.8631768Z  Experimental: false
2026-07-28T02:50:46.8632435Z  Insecure Registries:
2026-07-28T02:50:46.8637850Z   ::1/128
2026-07-28T02:50:46.8638221Z   127.0.0.0/8
2026-07-28T02:50:46.8638600Z  Live Restore Enabled: false
2026-07-28T02:50:46.8638933Z 
2026-07-28T02:50:46.8639549Z ##[endgroup]
2026-07-28T02:50:47.0278434Z ##[group]Buildx version
2026-07-28T02:50:47.0313549Z [command]/usr/bin/docker buildx version
2026-07-28T02:50:47.0912761Z github.com/docker/buildx v0.35.0 a319e5b15052cf6557ceb666eb8ff6e32380b782
2026-07-28T02:50:47.0944542Z ##[endgroup]
2026-07-28T02:50:47.1100897Z ##[group]Inspecting default docker context
2026-07-28T02:50:47.1242747Z [
2026-07-28T02:50:47.1243102Z   {
2026-07-28T02:50:47.1243419Z     "Name": "default",
2026-07-28T02:50:47.1243805Z     "Metadata": {},
2026-07-28T02:50:47.1244357Z     "Endpoints": {
2026-07-28T02:50:47.1244570Z       "docker": {
2026-07-28T02:50:47.1244819Z         "Host": "unix:///var/run/docker.sock",
2026-07-28T02:50:47.1245136Z         "SkipTLSVerify": false
2026-07-28T02:50:47.1245407Z       }
2026-07-28T02:50:47.1245591Z     },
2026-07-28T02:50:47.1245873Z     "TLSMaterial": {},
2026-07-28T02:50:47.1246128Z     "Storage": {
2026-07-28T02:50:47.1246351Z       "MetadataPath": "<IN MEMORY>",
2026-07-28T02:50:47.1246630Z       "TLSPath": "<IN MEMORY>"
2026-07-28T02:50:47.1246861Z     }
2026-07-28T02:50:47.1247028Z   }
2026-07-28T02:50:47.1247296Z ]
2026-07-28T02:50:47.1247753Z ##[endgroup]
2026-07-28T02:50:47.1248276Z ##[group]Creating a new builder instance
2026-07-28T02:50:47.2629427Z [command]/usr/bin/docker buildx create --name builder-cbd274b2-a6a5-453c-aed1-617928bf8462 --driver docker-container --buildkitd-flags --allow-insecure-entitlement security.insecure --allow-insecure-entitlement network.host --use
2026-07-28T02:50:47.3499786Z builder-cbd274b2-a6a5-453c-aed1-617928bf8462
2026-07-28T02:50:47.3531435Z ##[endgroup]
2026-07-28T02:50:47.3532227Z ##[group]Booting builder
2026-07-28T02:50:47.3578696Z [command]/usr/bin/docker buildx inspect --bootstrap --builder builder-cbd274b2-a6a5-453c-aed1-617928bf8462
2026-07-28T02:50:47.4332993Z #1 [internal] booting buildkit
2026-07-28T02:50:47.5843462Z #1 pulling image moby/buildkit:buildx-stable-1
2026-07-28T02:50:50.2294540Z #1 pulling image moby/buildkit:buildx-stable-1 2.8s done
2026-07-28T02:50:50.3804441Z #1 creating container buildx_buildkit_builder-cbd274b2-a6a5-453c-aed1-617928bf84620
2026-07-28T02:50:50.4987522Z #1 creating container buildx_buildkit_builder-cbd274b2-a6a5-453c-aed1-617928bf84620 0.3s done
2026-07-28T02:50:50.5009706Z #1 DONE 3.1s
2026-07-28T02:50:50.5411197Z Name:          builder-cbd274b2-a6a5-453c-aed1-617928bf8462
2026-07-28T02:50:50.5412013Z Driver:        docker-container
2026-07-28T02:50:50.5425069Z Last Activity: 2026-07-28 02:50:47 +0000 UTC
2026-07-28T02:50:50.5425678Z 
2026-07-28T02:50:50.5426028Z Nodes:
2026-07-28T02:50:50.5426656Z Name:                  builder-cbd274b2-a6a5-453c-aed1-617928bf84620
2026-07-28T02:50:50.5427306Z Endpoint:              unix:///var/run/docker.sock
2026-07-28T02:50:50.5427781Z Status:                running
2026-07-28T02:50:50.5428381Z BuildKit daemon flags: --allow-insecure-entitlement security.insecure --allow-insecure-entitlement network.host
2026-07-28T02:50:50.5429008Z BuildKit version:      v0.31.2
2026-07-28T02:50:50.5429379Z Platforms:             linux/amd64, linux/amd64/v2, linux/amd64/v3, linux/386
2026-07-28T02:50:50.5429767Z Labels:
2026-07-28T02:50:50.5430036Z  org.mobyproject.buildkit.worker.executor:         oci
2026-07-28T02:50:50.5430487Z  org.mobyproject.buildkit.worker.hostname:         3cd4cb04d70e
2026-07-28T02:50:50.5430993Z  org.mobyproject.buildkit.worker.network:          host
2026-07-28T02:50:50.5431474Z  org.mobyproject.buildkit.worker.oci.process-mode: sandbox
2026-07-28T02:50:50.5431958Z  org.mobyproject.buildkit.worker.selinux.enabled:  false
2026-07-28T02:50:50.5432444Z  org.mobyproject.buildkit.worker.snapshotter:      overlayfs
2026-07-28T02:50:50.5432847Z GC Policy rule#0:
2026-07-28T02:50:50.5433093Z  All:            false
2026-07-28T02:50:50.5434152Z  Filters:        type==source.local type==exec.cachemount type==source.git.checkout
2026-07-28T02:50:50.5434673Z  Keep Duration:  48h0m0s
2026-07-28T02:50:50.5434953Z  Max Used Space: 488.3MiB
2026-07-28T02:50:50.5435333Z GC Policy rule#1:
2026-07-28T02:50:50.5435651Z  All:            false
2026-07-28T02:50:50.5435954Z  Keep Duration:  1440h0m0s
2026-07-28T02:50:50.5436297Z  Reserved Space: 9.313GiB
2026-07-28T02:50:50.5436666Z  Max Used Space: 93.13GiB
2026-07-28T02:50:50.5437011Z  Min Free Space: 27.01GiB
2026-07-28T02:50:50.5437352Z GC Policy rule#2:
2026-07-28T02:50:50.5437671Z  All:            false
2026-07-28T02:50:50.5437984Z  Reserved Space: 9.313GiB
2026-07-28T02:50:50.5438338Z  Max Used Space: 93.13GiB
2026-07-28T02:50:50.5438747Z  Min Free Space: 27.01GiB
2026-07-28T02:50:50.5439158Z GC Policy rule#3:
2026-07-28T02:50:50.5439525Z  All:            true
2026-07-28T02:50:50.5439913Z  Reserved Space: 9.313GiB
2026-07-28T02:50:50.5440345Z  Max Used Space: 93.13GiB
2026-07-28T02:50:50.5440781Z  Min Free Space: 27.01GiB
2026-07-28T02:50:50.5465983Z ##[endgroup]
2026-07-28T02:50:50.6307061Z ##[group]Inspect builder
2026-07-28T02:50:50.6307906Z {
2026-07-28T02:50:50.6308314Z   "nodes": [
2026-07-28T02:50:50.6308701Z     {
2026-07-28T02:50:50.6309351Z       "name": "builder-cbd274b2-a6a5-453c-aed1-617928bf84620",
2026-07-28T02:50:50.6310291Z       "endpoint": "unix:///var/run/docker.sock",
2026-07-28T02:50:50.6310806Z       "status": "running",
2026-07-28T02:50:50.6312485Z       "buildkitd-flags": "--allow-insecure-entitlement security.insecure --allow-insecure-entitlement network.host",
2026-07-28T02:50:50.6313308Z       "buildkit": "v0.31.2",
2026-07-28T02:50:50.6313764Z       "platforms": "linux/amd64,linux/amd64/v2,linux/amd64/v3,linux/386",
2026-07-28T02:50:50.6314270Z       "features": {
2026-07-28T02:50:50.6314825Z         "Automatically load images to the Docker Engine image store": true,
2026-07-28T02:50:50.6315443Z         "Cache export": true,
2026-07-28T02:50:50.6315814Z         "Direct push": true,
2026-07-28T02:50:50.6316082Z         "Docker exporter": true,
2026-07-28T02:50:50.6316340Z         "Multi-platform build": true,
2026-07-28T02:50:50.6316594Z         "OCI exporter": true
2026-07-28T02:50:50.6317055Z       },
2026-07-28T02:50:50.6317238Z       "labels": {
2026-07-28T02:50:50.6317500Z         "org.mobyproject.buildkit.worker.executor": "oci",
2026-07-28T02:50:50.6317934Z         "org.mobyproject.buildkit.worker.hostname": "3cd4cb04d70e",
2026-07-28T02:50:50.6318355Z         "org.mobyproject.buildkit.worker.network": "host",
2026-07-28T02:50:50.6318772Z         "org.mobyproject.buildkit.worker.oci.process-mode": "sandbox",
2026-07-28T02:50:50.6319214Z         "org.mobyproject.buildkit.worker.selinux.enabled": "false",
2026-07-28T02:50:50.6319688Z         "org.mobyproject.buildkit.worker.snapshotter": "overlayfs"
2026-07-28T02:50:50.6320117Z       },
2026-07-28T02:50:50.6320291Z       "gcPolicy": [
2026-07-28T02:50:50.6320483Z         {
2026-07-28T02:50:50.6320659Z           "all": false,
2026-07-28T02:50:50.6320894Z           "filter": [
2026-07-28T02:50:50.6321237Z             "type==source.local type==exec.cachemount type==source.git.checkout"
2026-07-28T02:50:50.6321599Z           ],
2026-07-28T02:50:50.6321799Z           "keepDuration": "48h0m0s",
2026-07-28T02:50:50.6322052Z           "maxUsedSpace": "488.3MiB"
2026-07-28T02:50:50.6322280Z         },
2026-07-28T02:50:50.6322474Z         {
2026-07-28T02:50:50.6322673Z           "all": false,
2026-07-28T02:50:50.6322932Z           "keepDuration": "1440h0m0s",
2026-07-28T02:50:50.6323208Z           "reservedSpace": "9.313GiB",
2026-07-28T02:50:50.6323493Z           "maxUsedSpace": "93.13GiB",
2026-07-28T02:50:50.6323782Z           "minFreeSpace": "27.01GiB"
2026-07-28T02:50:50.6324693Z         },
2026-07-28T02:50:50.6324905Z         {
2026-07-28T02:50:50.6325084Z           "all": false,
2026-07-28T02:50:50.6325325Z           "reservedSpace": "9.313GiB",
2026-07-28T02:50:50.6325603Z           "maxUsedSpace": "93.13GiB",
2026-07-28T02:50:50.6326050Z           "minFreeSpace": "27.01GiB"
2026-07-28T02:50:50.6326304Z         },
2026-07-28T02:50:50.6326495Z         {
2026-07-28T02:50:50.6326690Z           "all": true,
2026-07-28T02:50:50.6326929Z           "reservedSpace": "9.313GiB",
2026-07-28T02:50:50.6327181Z           "maxUsedSpace": "93.13GiB",
2026-07-28T02:50:50.6327450Z           "minFreeSpace": "27.01GiB"
2026-07-28T02:50:50.6327702Z         }
2026-07-28T02:50:50.6327868Z       ]
2026-07-28T02:50:50.6328033Z     }
2026-07-28T02:50:50.6328195Z   ],
2026-07-28T02:50:50.6328445Z   "name": "builder-cbd274b2-a6a5-453c-aed1-617928bf8462",
2026-07-28T02:50:50.6328769Z   "driver": "docker-container",
2026-07-28T02:50:50.6329021Z   "lastActivity": "2026-07-28T02:50:47.000Z"
2026-07-28T02:50:50.6329269Z }
2026-07-28T02:50:50.6329655Z ##[endgroup]
2026-07-28T02:50:50.6330059Z ##[group]BuildKit version
2026-07-28T02:50:50.6330404Z builder-cbd274b2-a6a5-453c-aed1-617928bf84620: v0.31.2
2026-07-28T02:50:50.6330875Z ##[endgroup]
2026-07-28T02:50:50.6512521Z Node 20 is being deprecated. This workflow is running with Node 24 by default. If you need to temporarily use Node 20, you can set the ACTIONS_ALLOW_USE_UNSECURE_NODE_VERSION=true environment variable. For more information see: https://github.blog/changelog/2025-09-19-deprecation-of-node-20-on-github-actions-runners/
2026-07-28T02:50:50.6513803Z ##[group]Run docker/login-action@v3
2026-07-28T02:50:50.6514502Z with:
2026-07-28T02:50:50.6514709Z   registry: ghcr.io
2026-07-28T02:50:50.6514917Z   username: pkinerd
2026-07-28T02:50:50.6517685Z   password: ***
2026-07-28T02:50:50.6517895Z   logout: true
2026-07-28T02:50:50.6518079Z env:
2026-07-28T02:50:50.6518254Z   REGISTRY: ghcr.io
2026-07-28T02:50:50.6518465Z   IMAGE_NAME: pkinerd/ednsv
2026-07-28T02:50:50.6518682Z ##[endgroup]
2026-07-28T02:50:50.9554956Z Logging into ghcr.io...
2026-07-28T02:50:50.9579006Z (node:2721) [DEP0040] DeprecationWarning: The `punycode` module is deprecated. Please use a userland alternative instead.
2026-07-28T02:50:50.9580593Z (Use `node --trace-deprecation ...` to show where the warning was created)
2026-07-28T02:50:51.1171341Z Login Succeeded!
2026-07-28T02:50:51.1326159Z Node 20 is being deprecated. This workflow is running with Node 24 by default. If you need to temporarily use Node 20, you can set the ACTIONS_ALLOW_USE_UNSECURE_NODE_VERSION=true environment variable. For more information see: https://github.blog/changelog/2025-09-19-deprecation-of-node-20-on-github-actions-runners/
2026-07-28T02:50:51.1327433Z ##[group]Run docker/metadata-action@v5
2026-07-28T02:50:51.1327690Z with:
2026-07-28T02:50:51.1327886Z   images: ghcr.io/pkinerd/ednsv
2026-07-28T02:50:51.1328577Z   tags: type=ref,event=branch,prefix=branch-
type=ref,event=pr,prefix=pr-
type=sha,format=short,prefix=sha-
type=raw,value=latest,enable={{is_default_branch}}
type=raw,value=latest-any

2026-07-28T02:50:51.1329288Z   context: workflow
2026-07-28T02:50:51.1331929Z   github-token: ***
2026-07-28T02:50:51.1332130Z env:
2026-07-28T02:50:51.1332312Z   REGISTRY: ghcr.io
2026-07-28T02:50:51.1332533Z   IMAGE_NAME: pkinerd/ednsv
2026-07-28T02:50:51.1332755Z ##[endgroup]
2026-07-28T02:50:51.5089490Z (node:2741) [DEP0040] DeprecationWarning: The `punycode` module is deprecated. Please use a userland alternative instead.
2026-07-28T02:50:51.5091016Z (Use `node --trace-deprecation ...` to show where the warning was created)
2026-07-28T02:50:52.0829004Z ##[group]Context info
2026-07-28T02:50:52.0829451Z eventName: pull_request
2026-07-28T02:50:52.0829871Z sha: 7ac927f3646685884f88c55189cec02a7a3feb3f
2026-07-28T02:50:52.0830318Z ref: refs/pull/30/merge
2026-07-28T02:50:52.0830662Z workflow: CI
2026-07-28T02:50:52.0830976Z action: meta
2026-07-28T02:50:52.0831283Z actor: pkinerd
2026-07-28T02:50:52.0831643Z runNumber: 235
2026-07-28T02:50:52.0831993Z runId: 30324195733
2026-07-28T02:50:52.0832597Z commitDate: Tue Jul 28 2026 02:49:21 GMT+0000 (Coordinated Universal Time)
2026-07-28T02:50:52.0833529Z ##[endgroup]
2026-07-28T02:50:52.0839909Z ##[group]Processing images input
2026-07-28T02:50:52.0840742Z name=ghcr.io/pkinerd/ednsv,enable=true
2026-07-28T02:50:52.0841321Z ##[endgroup]
2026-07-28T02:50:52.0860736Z ##[group]Processing tags input
2026-07-28T02:50:52.0861733Z type=ref,event=branch,prefix=branch-,enable=true,priority=600
2026-07-28T02:50:52.0862814Z type=ref,event=pr,prefix=pr-,enable=true,priority=600
2026-07-28T02:50:52.0864072Z type=raw,value=latest,enable={{is_default_branch}},priority=200
2026-07-28T02:50:52.0864836Z type=raw,value=latest-any,enable=true,priority=200
2026-07-28T02:50:52.0865503Z type=sha,format=short,prefix=sha-,enable=true,priority=100
2026-07-28T02:50:52.0866336Z ##[endgroup]
2026-07-28T02:50:52.0866959Z ##[group]Processing flavor input
2026-07-28T02:50:52.0867401Z latest=auto
2026-07-28T02:50:52.0867712Z prefix=
2026-07-28T02:50:52.0868024Z prefixLatest=false
2026-07-28T02:50:52.0868346Z suffix=
2026-07-28T02:50:52.0868650Z suffixLatest=false
2026-07-28T02:50:52.0869260Z ##[endgroup]
2026-07-28T02:50:52.0939825Z ##[group]Docker image version
2026-07-28T02:50:52.0940383Z pr-30
2026-07-28T02:50:52.0940914Z ##[endgroup]
2026-07-28T02:50:52.0944972Z ##[group]Docker tags
2026-07-28T02:50:52.0945392Z ghcr.io/pkinerd/ednsv:pr-30
2026-07-28T02:50:52.0945896Z ghcr.io/pkinerd/ednsv:latest-any
2026-07-28T02:50:52.0946370Z ghcr.io/pkinerd/ednsv:sha-7ac927f
2026-07-28T02:50:52.0946907Z ##[endgroup]
2026-07-28T02:50:52.1021973Z ##[group]Docker labels
2026-07-28T02:50:52.1022552Z org.opencontainers.image.created=2026-07-28T02:50:52.086Z
2026-07-28T02:50:52.1023269Z org.opencontainers.image.description=
2026-07-28T02:50:52.1023820Z org.opencontainers.image.licenses=
2026-07-28T02:50:52.1024721Z org.opencontainers.image.revision=7ac927f3646685884f88c55189cec02a7a3feb3f
2026-07-28T02:50:52.1025614Z org.opencontainers.image.source=https://github.com/pkinerd/ednsv
2026-07-28T02:50:52.1026290Z org.opencontainers.image.title=ednsv
2026-07-28T02:50:52.1026886Z org.opencontainers.image.url=https://github.com/pkinerd/ednsv
2026-07-28T02:50:52.1027540Z org.opencontainers.image.version=pr-30
2026-07-28T02:50:52.1028262Z ##[endgroup]
2026-07-28T02:50:52.1028796Z ##[group]Annotations
2026-07-28T02:50:52.1029676Z manifest:org.opencontainers.image.created=2026-07-28T02:50:52.086Z
2026-07-28T02:50:52.1030447Z manifest:org.opencontainers.image.description=
2026-07-28T02:50:52.1031006Z manifest:org.opencontainers.image.licenses=
2026-07-28T02:50:52.1031774Z manifest:org.opencontainers.image.revision=7ac927f3646685884f88c55189cec02a7a3feb3f
2026-07-28T02:50:52.1032950Z manifest:org.opencontainers.image.source=https://github.com/pkinerd/ednsv
2026-07-28T02:50:52.1033662Z manifest:org.opencontainers.image.title=ednsv
2026-07-28T02:50:52.1034547Z manifest:org.opencontainers.image.url=https://github.com/pkinerd/ednsv
2026-07-28T02:50:52.1035293Z manifest:org.opencontainers.image.version=pr-30
2026-07-28T02:50:52.1036031Z ##[endgroup]
2026-07-28T02:50:52.1036583Z ##[group]JSON output
2026-07-28T02:50:52.1036912Z {
2026-07-28T02:50:52.1037186Z   "tags": [
2026-07-28T02:50:52.1037500Z     "ghcr.io/pkinerd/ednsv:pr-30",
2026-07-28T02:50:52.1037968Z     "ghcr.io/pkinerd/ednsv:latest-any",
2026-07-28T02:50:52.1038451Z     "ghcr.io/pkinerd/ednsv:sha-7ac927f"
2026-07-28T02:50:52.1038856Z   ],
2026-07-28T02:50:52.1039160Z   "tag-names": [
2026-07-28T02:50:52.1039514Z     "pr-30",
2026-07-28T02:50:52.1039841Z     "latest-any",
2026-07-28T02:50:52.1040156Z     "sha-7ac927f"
2026-07-28T02:50:52.1040486Z   ],
2026-07-28T02:50:52.1040760Z   "labels": {
2026-07-28T02:50:52.1041240Z     "org.opencontainers.image.created": "2026-07-28T02:50:52.086Z",
2026-07-28T02:50:52.1042036Z     "org.opencontainers.image.description": "",
2026-07-28T02:50:52.1042577Z     "org.opencontainers.image.licenses": "",
2026-07-28T02:50:52.1043364Z     "org.opencontainers.image.revision": "7ac927f3646685884f88c55189cec02a7a3feb3f",
2026-07-28T02:50:52.1044451Z     "org.opencontainers.image.source": "https://github.com/pkinerd/ednsv",
2026-07-28T02:50:52.1045173Z     "org.opencontainers.image.title": "ednsv",
2026-07-28T02:50:52.1045819Z     "org.opencontainers.image.url": "https://github.com/pkinerd/ednsv",
2026-07-28T02:50:52.1046730Z     "org.opencontainers.image.version": "pr-30"
2026-07-28T02:50:52.1047188Z   },
2026-07-28T02:50:52.1047478Z   "annotations": [
2026-07-28T02:50:52.1048049Z     "manifest:org.opencontainers.image.created=2026-07-28T02:50:52.086Z",
2026-07-28T02:50:52.1048788Z     "manifest:org.opencontainers.image.description=",
2026-07-28T02:50:52.1049374Z     "manifest:org.opencontainers.image.licenses=",
2026-07-28T02:50:52.1050158Z     "manifest:org.opencontainers.image.revision=7ac927f3646685884f88c55189cec02a7a3feb3f",
2026-07-28T02:50:52.1050932Z     "manifest:org.opencontainers.image.source=https://github.com/pkinerd/ednsv",
2026-07-28T02:50:52.1051375Z     "manifest:org.opencontainers.image.title=ednsv",
2026-07-28T02:50:52.1051790Z     "manifest:org.opencontainers.image.url=https://github.com/pkinerd/ednsv",
2026-07-28T02:50:52.1052214Z     "manifest:org.opencontainers.image.version=pr-30"
2026-07-28T02:50:52.1052523Z   ]
2026-07-28T02:50:52.1052741Z }
2026-07-28T02:50:52.1053056Z ##[endgroup]
2026-07-28T02:50:52.1053407Z ##[group]Bake file definition (tags)
2026-07-28T02:50:52.1053646Z {
2026-07-28T02:50:52.1053807Z   "target": {
2026-07-28T02:50:52.1054219Z     "docker-metadata-action": {
2026-07-28T02:50:52.1054482Z       "tags": [
2026-07-28T02:50:52.1054713Z         "ghcr.io/pkinerd/ednsv:pr-30",
2026-07-28T02:50:52.1054997Z         "ghcr.io/pkinerd/ednsv:latest-any",
2026-07-28T02:50:52.1055274Z         "ghcr.io/pkinerd/ednsv:sha-7ac927f"
2026-07-28T02:50:52.1055517Z       ],
2026-07-28T02:50:52.1055682Z       "args": {
2026-07-28T02:50:52.1055932Z         "DOCKER_META_IMAGES": "ghcr.io/pkinerd/ednsv",
2026-07-28T02:50:52.1056253Z         "DOCKER_META_VERSION": "pr-30"
2026-07-28T02:50:52.1056490Z       }
2026-07-28T02:50:52.1056673Z     }
2026-07-28T02:50:52.1056855Z   }
2026-07-28T02:50:52.1057017Z }
2026-07-28T02:50:52.1057317Z ##[endgroup]
2026-07-28T02:50:52.1057644Z ##[group]Bake file definition (labels)
2026-07-28T02:50:52.1057906Z {
2026-07-28T02:50:52.1058068Z   "target": {
2026-07-28T02:50:52.1058458Z     "docker-metadata-action": {
2026-07-28T02:50:52.1058701Z       "labels": {
2026-07-28T02:50:52.1058982Z         "org.opencontainers.image.created": "2026-07-28T02:50:52.086Z",
2026-07-28T02:50:52.1059376Z         "org.opencontainers.image.description": "",
2026-07-28T02:50:52.1059699Z         "org.opencontainers.image.licenses": "",
2026-07-28T02:50:52.1060209Z         "org.opencontainers.image.revision": "7ac927f3646685884f88c55189cec02a7a3feb3f",
2026-07-28T02:50:52.1060831Z         "org.opencontainers.image.source": "https://github.com/pkinerd/ednsv",
2026-07-28T02:50:52.1061270Z         "org.opencontainers.image.title": "ednsv",
2026-07-28T02:50:52.1061722Z         "org.opencontainers.image.url": "https://github.com/pkinerd/ednsv",
2026-07-28T02:50:52.1062184Z         "org.opencontainers.image.version": "pr-30"
2026-07-28T02:50:52.1062466Z       }
2026-07-28T02:50:52.1062647Z     }
2026-07-28T02:50:52.1062830Z   }
2026-07-28T02:50:52.1062990Z }
2026-07-28T02:50:52.1063308Z ##[endgroup]
2026-07-28T02:50:52.1063675Z ##[group]Bake file definition (annotations)
2026-07-28T02:50:52.1064184Z {
2026-07-28T02:50:52.1064382Z   "target": {
2026-07-28T02:50:52.1064602Z     "docker-metadata-action": {
2026-07-28T02:50:52.1064929Z       "annotations": [
2026-07-28T02:50:52.1065311Z         "manifest:org.opencontainers.image.created=2026-07-28T02:50:52.086Z",
2026-07-28T02:50:52.1065758Z         "manifest:org.opencontainers.image.description=",
2026-07-28T02:50:52.1066151Z         "manifest:org.opencontainers.image.licenses=",
2026-07-28T02:50:52.1066635Z         "manifest:org.opencontainers.image.revision=7ac927f3646685884f88c55189cec02a7a3feb3f",
2026-07-28T02:50:52.1067252Z         "manifest:org.opencontainers.image.source=https://github.com/pkinerd/ednsv",
2026-07-28T02:50:52.1067727Z         "manifest:org.opencontainers.image.title=ednsv",
2026-07-28T02:50:52.1068149Z         "manifest:org.opencontainers.image.url=https://github.com/pkinerd/ednsv",
2026-07-28T02:50:52.1068765Z         "manifest:org.opencontainers.image.version=pr-30"
2026-07-28T02:50:52.1069091Z       ]
2026-07-28T02:50:52.1069282Z     }
2026-07-28T02:50:52.1069464Z   }
2026-07-28T02:50:52.1069642Z }
2026-07-28T02:50:52.1069978Z ##[endgroup]
2026-07-28T02:50:52.1232404Z Node 20 is being deprecated. This workflow is running with Node 24 by default. If you need to temporarily use Node 20, you can set the ACTIONS_ALLOW_USE_UNSECURE_NODE_VERSION=true environment variable. For more information see: https://github.blog/changelog/2025-09-19-deprecation-of-node-20-on-github-actions-runners/
2026-07-28T02:50:52.1233674Z ##[group]Run docker/build-push-action@v6
2026-07-28T02:50:52.1234120Z with:
2026-07-28T02:50:52.1234310Z   context: .
2026-07-28T02:50:52.1234503Z   file: ./Dockerfile
2026-07-28T02:50:52.1234704Z   push: true
2026-07-28T02:50:52.1235103Z   tags: ghcr.io/pkinerd/ednsv:pr-30
ghcr.io/pkinerd/ednsv:latest-any
ghcr.io/pkinerd/ednsv:sha-7ac927f
2026-07-28T02:50:52.1236954Z   labels: org.opencontainers.image.created=2026-07-28T02:50:52.086Z
org.opencontainers.image.description=
org.opencontainers.image.licenses=
org.opencontainers.image.revision=7ac927f3646685884f88c55189cec02a7a3feb3f
org.opencontainers.image.source=https://github.com/pkinerd/ednsv
org.opencontainers.image.title=ednsv
org.opencontainers.image.url=https://github.com/pkinerd/ednsv
org.opencontainers.image.version=pr-30
2026-07-28T02:50:52.1238553Z   cache-from: type=gha
2026-07-28T02:50:52.1238778Z   cache-to: type=gha,mode=max
2026-07-28T02:50:52.1239013Z   load: false
2026-07-28T02:50:52.1239205Z   no-cache: false
2026-07-28T02:50:52.1239403Z   pull: false
2026-07-28T02:50:52.1242018Z   github-token: ***
2026-07-28T02:50:52.1242231Z env:
2026-07-28T02:50:52.1242414Z   REGISTRY: ghcr.io
2026-07-28T02:50:52.1242626Z   IMAGE_NAME: pkinerd/ednsv
2026-07-28T02:50:52.1242876Z   DOCKER_METADATA_OUTPUT_VERSION: pr-30
2026-07-28T02:50:52.1243428Z   DOCKER_METADATA_OUTPUT_TAGS: ghcr.io/pkinerd/ednsv:pr-30
ghcr.io/pkinerd/ednsv:latest-any
ghcr.io/pkinerd/ednsv:sha-7ac927f
2026-07-28T02:50:52.1244175Z   DOCKER_METADATA_OUTPUT_TAG_NAMES: pr-30
latest-any
sha-7ac927f
2026-07-28T02:50:52.1245943Z   DOCKER_METADATA_OUTPUT_LABELS: org.opencontainers.image.created=2026-07-28T02:50:52.086Z
org.opencontainers.image.description=
org.opencontainers.image.licenses=
org.opencontainers.image.revision=7ac927f3646685884f88c55189cec02a7a3feb3f
org.opencontainers.image.source=https://github.com/pkinerd/ednsv
org.opencontainers.image.title=ednsv
org.opencontainers.image.url=https://github.com/pkinerd/ednsv
org.opencontainers.image.version=pr-30
2026-07-28T02:50:52.1249279Z   DOCKER_METADATA_OUTPUT_ANNOTATIONS: manifest:org.opencontainers.image.created=2026-07-28T02:50:52.086Z
manifest:org.opencontainers.image.description=
manifest:org.opencontainers.image.licenses=
manifest:org.opencontainers.image.revision=7ac927f3646685884f88c55189cec02a7a3feb3f
manifest:org.opencontainers.image.source=https://github.com/pkinerd/ednsv
manifest:org.opencontainers.image.title=ednsv
manifest:org.opencontainers.image.url=https://github.com/pkinerd/ednsv
manifest:org.opencontainers.image.version=pr-30
2026-07-28T02:50:52.1255280Z   DOCKER_METADATA_OUTPUT_JSON: {"tags":["ghcr.io/pkinerd/ednsv:pr-30","ghcr.io/pkinerd/ednsv:latest-any","ghcr.io/pkinerd/ednsv:sha-7ac927f"],"tag-names":["pr-30","latest-any","sha-7ac927f"],"labels":{"org.opencontainers.image.created":"2026-07-28T02:50:52.086Z","org.opencontainers.image.description":"","org.opencontainers.image.licenses":"","org.opencontainers.image.revision":"7ac927f3646685884f88c55189cec02a7a3feb3f","org.opencontainers.image.source":"https://github.com/pkinerd/ednsv","org.opencontainers.image.title":"ednsv","org.opencontainers.image.url":"https://github.com/pkinerd/ednsv","org.opencontainers.image.version":"pr-30"},"annotations":["manifest:org.opencontainers.image.created=2026-07-28T02:50:52.086Z","manifest:org.opencontainers.image.description=","manifest:org.opencontainers.image.licenses=","manifest:org.opencontainers.image.revision=7ac927f3646685884f88c55189cec02a7a3feb3f","manifest:org.opencontainers.image.source=https://github.com/pkinerd/ednsv","manifest:org.opencontainers.image.title=ednsv","manifest:org.opencontainers.image.url=https://github.com/pkinerd/ednsv","manifest:org.opencontainers.image.version=pr-30"]}
2026-07-28T02:50:52.1259951Z   DOCKER_METADATA_OUTPUT_BAKE_FILE_TAGS: /home/runner/work/_temp/docker-actions-toolkit-6rhLov/docker-metadata-action-bake-tags.json
2026-07-28T02:50:52.1260871Z   DOCKER_METADATA_OUTPUT_BAKE_FILE_LABELS: /home/runner/work/_temp/docker-actions-toolkit-6rhLov/docker-metadata-action-bake-labels.json
2026-07-28T02:50:52.1261827Z   DOCKER_METADATA_OUTPUT_BAKE_FILE_ANNOTATIONS: /home/runner/work/_temp/docker-actions-toolkit-6rhLov/docker-metadata-action-bake-annotations.json
2026-07-28T02:50:52.1262746Z   DOCKER_METADATA_OUTPUT_BAKE_FILE: /home/runner/work/_temp/docker-actions-toolkit-6rhLov/docker-metadata-action-bake.json
2026-07-28T02:50:52.1263286Z ##[endgroup]
2026-07-28T02:50:52.3696533Z (node:2753) [DEP0040] DeprecationWarning: The `punycode` module is deprecated. Please use a userland alternative instead.
2026-07-28T02:50:52.3697757Z (Use `node --trace-deprecation ...` to show where the warning was created)
2026-07-28T02:50:52.3717876Z ##[group]GitHub Actions runtime token ACs
2026-07-28T02:50:52.3725907Z refs/pull/30/merge: read/write
2026-07-28T02:50:52.3726378Z refs/heads/main: read
2026-07-28T02:50:52.3727423Z ##[endgroup]
2026-07-28T02:50:52.3728302Z ##[group]Docker info
2026-07-28T02:50:52.3798859Z [command]/usr/bin/docker version
2026-07-28T02:50:52.4072182Z Client: Docker Engine - Community
2026-07-28T02:50:52.4073363Z  Version:           28.0.4
2026-07-28T02:50:52.4074552Z  API version:       1.48
2026-07-28T02:50:52.4075731Z  Go version:        go1.23.7
2026-07-28T02:50:52.4076526Z  Git commit:        b8034c0
2026-07-28T02:50:52.4077263Z  Built:             Tue Mar 25 15:07:16 2025
2026-07-28T02:50:52.4078129Z  OS/Arch:           linux/amd64
2026-07-28T02:50:52.4078916Z  Context:           default
2026-07-28T02:50:52.4079481Z 
2026-07-28T02:50:52.4093308Z Server: Docker Engine - Community
2026-07-28T02:50:52.4094866Z  Engine:
2026-07-28T02:50:52.4095429Z   Version:          28.0.4
2026-07-28T02:50:52.4096098Z   API version:      1.48 (minimum version 1.24)
2026-07-28T02:50:52.4096836Z   Go version:       go1.23.7
2026-07-28T02:50:52.4097464Z   Git commit:       6430e49
2026-07-28T02:50:52.4098111Z   Built:            Tue Mar 25 15:07:16 2025
2026-07-28T02:50:52.4098758Z   OS/Arch:          linux/amd64
2026-07-28T02:50:52.4099352Z   Experimental:     false
2026-07-28T02:50:52.4099948Z  containerd:
2026-07-28T02:50:52.4100493Z   Version:          v2.2.6
2026-07-28T02:50:52.4101195Z   GitCommit:        11ce9d5f3c68c941867e82890e93e815c1304f1b
2026-07-28T02:50:52.4101945Z  runc:
2026-07-28T02:50:52.4102476Z   Version:          1.3.6
2026-07-28T02:50:52.4103094Z   GitCommit:        v1.3.6-0-g491b69ba
2026-07-28T02:50:52.4103752Z  docker-init:
2026-07-28T02:50:52.4104585Z   Version:          0.19.0
2026-07-28T02:50:52.4105174Z   GitCommit:        de40ad0
2026-07-28T02:50:52.4155345Z [command]/usr/bin/docker info
2026-07-28T02:50:52.4995031Z Client: Docker Engine - Community
2026-07-28T02:50:52.5001462Z  Version:    28.0.4
2026-07-28T02:50:52.5002198Z  Context:    default
2026-07-28T02:50:52.5002897Z  Debug Mode: false
2026-07-28T02:50:52.5003646Z  Plugins:
2026-07-28T02:50:52.5004449Z   buildx: Docker Buildx (Docker Inc.)
2026-07-28T02:50:52.5005212Z     Version:  v0.35.0
2026-07-28T02:50:52.5005953Z     Path:     /usr/libexec/docker/cli-plugins/docker-buildx
2026-07-28T02:50:52.5006824Z   compose: Docker Compose (Docker Inc.)
2026-07-28T02:50:52.5007539Z     Version:  v2.38.2
2026-07-28T02:50:52.5008217Z     Path:     /usr/libexec/docker/cli-plugins/docker-compose
2026-07-28T02:50:52.5008565Z 
2026-07-28T02:50:52.5008714Z Server:
2026-07-28T02:50:52.5008978Z  Containers: 1
2026-07-28T02:50:52.5009249Z   Running: 1
2026-07-28T02:50:52.5009511Z   Paused: 0
2026-07-28T02:50:52.5010122Z   Stopped: 0
2026-07-28T02:50:52.5010381Z  Images: 7
2026-07-28T02:50:52.5010641Z  Server Version: 28.0.4
2026-07-28T02:50:52.5010934Z  Storage Driver: overlay2
2026-07-28T02:50:52.5011239Z   Backing Filesystem: extfs
2026-07-28T02:50:52.5011539Z   Supports d_type: true
2026-07-28T02:50:52.5011986Z   Using metacopy: false
2026-07-28T02:50:52.5012312Z   Native Overlay Diff: false
2026-07-28T02:50:52.5012617Z   userxattr: false
2026-07-28T02:50:52.5012896Z  Logging Driver: json-file
2026-07-28T02:50:52.5013198Z  Cgroup Driver: systemd
2026-07-28T02:50:52.5013480Z  Cgroup Version: 2
2026-07-28T02:50:52.5013744Z  Plugins:
2026-07-28T02:50:52.5014453Z   Volume: local
2026-07-28T02:50:52.5014927Z   Network: bridge host ipvlan macvlan null overlay
2026-07-28T02:50:52.5015654Z   Log: awslogs fluentd gcplogs gelf journald json-file local splunk syslog
2026-07-28T02:50:52.5016389Z  Swarm: inactive
2026-07-28T02:50:52.5016824Z  Runtimes: io.containerd.runc.v2 runc
2026-07-28T02:50:52.5017272Z  Default Runtime: runc
2026-07-28T02:50:52.5017649Z  Init Binary: docker-init
2026-07-28T02:50:52.5018092Z  containerd version: 11ce9d5f3c68c941867e82890e93e815c1304f1b
2026-07-28T02:50:52.5018449Z  runc version: v1.3.6-0-g491b69ba
2026-07-28T02:50:52.5018844Z  init version: de40ad0
2026-07-28T02:50:52.5019070Z  Security Options:
2026-07-28T02:50:52.5019268Z   apparmor
2026-07-28T02:50:52.5019467Z   seccomp
2026-07-28T02:50:52.5019650Z    Profile: builtin
2026-07-28T02:50:52.5019853Z   cgroupns
2026-07-28T02:50:52.5020049Z  Kernel Version: 6.17.0-1020-azure
2026-07-28T02:50:52.5020310Z  Operating System: Ubuntu 24.04.4 LTS
2026-07-28T02:50:52.5020583Z  OSType: linux
2026-07-28T02:50:52.5020782Z  Architecture: x86_64
2026-07-28T02:50:52.5020988Z  CPUs: 4
2026-07-28T02:50:52.5021168Z  Total Memory: 15.62GiB
2026-07-28T02:50:52.5021385Z  Name: runnervmvrwv9
2026-07-28T02:50:52.5021614Z  ID: dce1e4a9-fc26-4218-aaf0-feee5194c8cb
2026-07-28T02:50:52.5021894Z  Docker Root Dir: /var/lib/docker
2026-07-28T02:50:52.5022131Z  Debug Mode: false
2026-07-28T02:50:52.5022341Z  Username: githubactions
2026-07-28T02:50:52.5022565Z  Experimental: false
2026-07-28T02:50:52.5022770Z  Insecure Registries:
2026-07-28T02:50:52.5023001Z   ::1/128
2026-07-28T02:50:52.5023169Z   127.0.0.0/8
2026-07-28T02:50:52.5023370Z  Live Restore Enabled: false
2026-07-28T02:50:52.5023525Z 
2026-07-28T02:50:52.5040408Z ##[endgroup]
2026-07-28T02:50:52.5041161Z ##[group]Proxy configuration
2026-07-28T02:50:52.5045151Z No proxy configuration found
2026-07-28T02:50:52.5055210Z ##[endgroup]
2026-07-28T02:50:52.5640825Z ##[group]Buildx version
2026-07-28T02:50:52.5662731Z [command]/usr/bin/docker buildx version
2026-07-28T02:50:52.6123594Z github.com/docker/buildx v0.35.0 a319e5b15052cf6557ceb666eb8ff6e32380b782
2026-07-28T02:50:52.6153288Z ##[endgroup]
2026-07-28T02:50:52.6153724Z ##[group]Builder info
2026-07-28T02:50:52.7038195Z {
2026-07-28T02:50:52.7038761Z   "nodes": [
2026-07-28T02:50:52.7039090Z     {
2026-07-28T02:50:52.7039530Z       "name": "builder-cbd274b2-a6a5-453c-aed1-617928bf84620",
2026-07-28T02:50:52.7040163Z       "endpoint": "unix:///var/run/docker.sock",
2026-07-28T02:50:52.7040653Z       "status": "running",
2026-07-28T02:50:52.7041532Z       "buildkitd-flags": "--allow-insecure-entitlement security.insecure --allow-insecure-entitlement network.host",
2026-07-28T02:50:52.7042265Z       "buildkit": "v0.31.2",
2026-07-28T02:50:52.7042620Z       "platforms": "linux/amd64,linux/amd64/v2,linux/amd64/v3,linux/386",
2026-07-28T02:50:52.7042972Z       "features": {
2026-07-28T02:50:52.7043277Z         "Automatically load images to the Docker Engine image store": true,
2026-07-28T02:50:52.7043643Z         "Cache export": true,
2026-07-28T02:50:52.7044113Z         "Direct push": true,
2026-07-28T02:50:52.7044439Z         "Docker exporter": true,
2026-07-28T02:50:52.7044711Z         "Multi-platform build": true,
2026-07-28T02:50:52.7044994Z         "OCI exporter": true
2026-07-28T02:50:52.7045207Z       },
2026-07-28T02:50:52.7045406Z       "labels": {
2026-07-28T02:50:52.7046252Z         "org.mobyproject.buildkit.worker.executor": "oci",
2026-07-28T02:50:52.7046667Z         "org.mobyproject.buildkit.worker.hostname": "3cd4cb04d70e",
2026-07-28T02:50:52.7047096Z         "org.mobyproject.buildkit.worker.network": "host",
2026-07-28T02:50:52.7047642Z         "org.mobyproject.buildkit.worker.oci.process-mode": "sandbox",
2026-07-28T02:50:52.7048092Z         "org.mobyproject.buildkit.worker.selinux.enabled": "false",
2026-07-28T02:50:52.7048511Z         "org.mobyproject.buildkit.worker.snapshotter": "overlayfs"
2026-07-28T02:50:52.7048835Z       },
2026-07-28T02:50:52.7049012Z       "gcPolicy": [
2026-07-28T02:50:52.7049206Z         {
2026-07-28T02:50:52.7049381Z           "all": false,
2026-07-28T02:50:52.7049583Z           "filter": [
2026-07-28T02:50:52.7049893Z             "type==source.local type==exec.cachemount type==source.git.checkout"
2026-07-28T02:50:52.7050251Z           ],
2026-07-28T02:50:52.7050448Z           "keepDuration": "48h0m0s",
2026-07-28T02:50:52.7050704Z           "maxUsedSpace": "488.3MiB"
2026-07-28T02:50:52.7050967Z         },
2026-07-28T02:50:52.7051151Z         {
2026-07-28T02:50:52.7051322Z           "all": false,
2026-07-28T02:50:52.7051537Z           "keepDuration": "1440h0m0s",
2026-07-28T02:50:52.7051797Z           "reservedSpace": "9.313GiB",
2026-07-28T02:50:52.7052066Z           "maxUsedSpace": "93.13GiB",
2026-07-28T02:50:52.7052309Z           "minFreeSpace": "27.01GiB"
2026-07-28T02:50:52.7052536Z         },
2026-07-28T02:50:52.7052707Z         {
2026-07-28T02:50:52.7052875Z           "all": false,
2026-07-28T02:50:52.7053084Z           "reservedSpace": "9.313GiB",
2026-07-28T02:50:52.7053349Z           "maxUsedSpace": "93.13GiB",
2026-07-28T02:50:52.7053588Z           "minFreeSpace": "27.01GiB"
2026-07-28T02:50:52.7053812Z         },
2026-07-28T02:50:52.7054471Z         {
2026-07-28T02:50:52.7054655Z           "all": true,
2026-07-28T02:50:52.7054876Z           "reservedSpace": "9.313GiB",
2026-07-28T02:50:52.7055143Z           "maxUsedSpace": "93.13GiB",
2026-07-28T02:50:52.7055392Z           "minFreeSpace": "27.01GiB"
2026-07-28T02:50:52.7055632Z         }
2026-07-28T02:50:52.7055796Z       ]
2026-07-28T02:50:52.7055979Z     }
2026-07-28T02:50:52.7056141Z   ],
2026-07-28T02:50:52.7056380Z   "name": "builder-cbd274b2-a6a5-453c-aed1-617928bf8462",
2026-07-28T02:50:52.7056700Z   "driver": "docker-container",
2026-07-28T02:50:52.7056952Z   "lastActivity": "2026-07-28T02:50:47.000Z"
2026-07-28T02:50:52.7057202Z }
2026-07-28T02:50:52.7057610Z ##[endgroup]
2026-07-28T02:50:52.8582625Z [command]/usr/bin/docker buildx build --cache-from type=gha --cache-to type=gha,mode=max --file ./Dockerfile --iidfile /home/runner/work/_temp/docker-actions-toolkit-Zdllh1/build-iidfile-8318c3445c.txt --label org.opencontainers.image.created=2026-07-28T02:50:52.086Z --label org.opencontainers.image.description= --label org.opencontainers.image.licenses= --label org.opencontainers.image.revision=7ac927f3646685884f88c55189cec02a7a3feb3f --label org.opencontainers.image.source=https://github.com/pkinerd/ednsv --label org.opencontainers.image.title=ednsv --label org.opencontainers.image.url=https://github.com/pkinerd/ednsv --label org.opencontainers.image.version=pr-30 --attest type=provenance,mode=max,builder-id=https://github.com/pkinerd/ednsv/actions/runs/30324195733/attempts/1 --tag ghcr.io/pkinerd/ednsv:pr-30 --tag ghcr.io/pkinerd/ednsv:latest-any --tag ghcr.io/pkinerd/ednsv:sha-7ac927f --metadata-file /home/runner/work/_temp/docker-actions-toolkit-Zdllh1/build-metadata-e1ceebded3.json --push .
2026-07-28T02:50:53.0114250Z #0 building with "builder-cbd274b2-a6a5-453c-aed1-617928bf8462" instance using docker-container driver
2026-07-28T02:50:53.0115265Z 
2026-07-28T02:50:53.0115699Z #1 [internal] load build definition from Dockerfile
2026-07-28T02:50:53.2453389Z #1 transferring dockerfile: 827B 0.0s done
2026-07-28T02:50:53.2453761Z #1 DONE 0.0s
2026-07-28T02:50:53.2454106Z 
2026-07-28T02:50:53.2454319Z #2 [auth] docker/dockerfile:pull token for registry-1.docker.io
2026-07-28T02:50:53.2454959Z #2 DONE 0.0s
2026-07-28T02:50:53.2455082Z 
2026-07-28T02:50:53.2455325Z #3 resolve image config for docker-image://docker.io/docker/dockerfile:1.7
2026-07-28T02:50:53.4011284Z #3 DONE 0.4s
2026-07-28T02:50:53.5913954Z 
2026-07-28T02:50:53.5916465Z #4 docker-image://docker.io/docker/dockerfile:1.7@sha256:a57df69d0ea827fb7266491f2813635de6f17269be881f696fbfdf2d83dda33e
2026-07-28T02:50:53.5918849Z #4 resolve docker.io/docker/dockerfile:1.7@sha256:a57df69d0ea827fb7266491f2813635de6f17269be881f696fbfdf2d83dda33e done
2026-07-28T02:50:53.5920061Z #4 sha256:96918c57e42509b97f10c074d80672ecdbd3bb7dcd38c1bd95960cf291207416 11.98MB / 11.98MB 0.1s done
2026-07-28T02:50:53.5921255Z #4 extracting sha256:96918c57e42509b97f10c074d80672ecdbd3bb7dcd38c1bd95960cf291207416 0.1s done
2026-07-28T02:50:53.5922038Z #4 DONE 0.2s
2026-07-28T02:50:53.7836782Z 
2026-07-28T02:50:53.7837972Z #5 [internal] load metadata for mcr.microsoft.com/dotnet/sdk:8.0
2026-07-28T02:50:53.7838891Z #5 DONE 0.1s
2026-07-28T02:50:53.7839168Z 
2026-07-28T02:50:53.7839560Z #6 [internal] load metadata for mcr.microsoft.com/dotnet/aspnet:8.0
2026-07-28T02:50:53.9208876Z #6 DONE 0.1s
2026-07-28T02:50:53.9209186Z 
2026-07-28T02:50:53.9209335Z #7 [internal] load .dockerignore
2026-07-28T02:50:53.9210034Z #7 transferring context: 249B done
2026-07-28T02:50:53.9210369Z #7 DONE 0.0s
2026-07-28T02:50:53.9210496Z 
2026-07-28T02:50:53.9210593Z #8 [internal] load build context
2026-07-28T02:50:53.9210917Z #8 DONE 0.0s
2026-07-28T02:50:53.9211384Z 
2026-07-28T02:50:53.9212222Z #9 [build 1/8] FROM mcr.microsoft.com/dotnet/sdk:8.0@sha256:3c0edbfe1549dd93fb789dc96299a40df865ad7bffefcaf38e8c05940686d641
2026-07-28T02:50:53.9213533Z #9 resolve mcr.microsoft.com/dotnet/sdk:8.0@sha256:3c0edbfe1549dd93fb789dc96299a40df865ad7bffefcaf38e8c05940686d641 done
2026-07-28T02:50:53.9215084Z #9 DONE 0.0s
2026-07-28T02:50:53.9215294Z 
2026-07-28T02:50:53.9216181Z #10 [runtime 1/3] FROM mcr.microsoft.com/dotnet/aspnet:8.0@sha256:8f6a307ae32fb393a4b4bcde0a81f0ce3f0a715de0e5575df71f3030448f2dde
2026-07-28T02:50:53.9217468Z #10 resolve mcr.microsoft.com/dotnet/aspnet:8.0@sha256:8f6a307ae32fb393a4b4bcde0a81f0ce3f0a715de0e5575df71f3030448f2dde done
2026-07-28T02:50:53.9218196Z #10 DONE 0.0s
2026-07-28T02:50:53.9218316Z 
2026-07-28T02:50:53.9218459Z #11 importing cache manifest from gha:3197526463571634130
2026-07-28T02:50:53.9218757Z #11 DONE 0.1s
2026-07-28T02:50:54.0448051Z 
2026-07-28T02:50:54.0448676Z #8 [internal] load build context
2026-07-28T02:50:54.0449832Z #8 transferring context: 949.57kB 0.0s done
2026-07-28T02:50:54.0451009Z #8 DONE 0.0s
2026-07-28T02:50:54.0451221Z 
2026-07-28T02:50:54.0451521Z #12 [build 4/8] COPY src/Ednsv.Web/Ednsv.Web.csproj src/Ednsv.Web/
2026-07-28T02:50:54.0452375Z #12 CACHED
2026-07-28T02:50:54.0452550Z 
2026-07-28T02:50:54.0452703Z #13 [build 2/8] WORKDIR /src
2026-07-28T02:50:54.0453476Z #13 CACHED
2026-07-28T02:50:54.0453647Z 
2026-07-28T02:50:54.0453942Z #14 [build 3/8] COPY src/Ednsv.Core/Ednsv.Core.csproj src/Ednsv.Core/
2026-07-28T02:50:54.0454776Z #14 CACHED
2026-07-28T02:50:54.0454960Z 
2026-07-28T02:50:54.0455524Z #15 [build 5/8] RUN dotnet restore src/Ednsv.Web/Ednsv.Web.csproj
2026-07-28T02:50:54.0456230Z #15 CACHED
2026-07-28T02:50:54.1988873Z 
2026-07-28T02:50:54.1991299Z #15 [build 5/8] RUN dotnet restore src/Ednsv.Web/Ednsv.Web.csproj
2026-07-28T02:50:54.1992275Z #15 sha256:8feae64b640e0e8336843eecdc83654fab9ba0b453f6b59fafbe792d665df6a9 437B / 437B 0.0s done
2026-07-28T02:50:54.1993618Z #15 sha256:da791154ac21a0cf59ef54af002fc5ac636e4ca234301c55f211218dc631f414 456B / 456B 0.0s done
2026-07-28T02:50:54.1995009Z #15 sha256:11eb1ef6a72d72d68482386694a791673416aeb0fe0f5f9f5d7815d3e3befd5f 92B / 92B 0.0s done
2026-07-28T02:50:54.1996319Z #15 sha256:ed43dda998e1a0c05efeddc9a24048ad8349ce02697b4db3061250e466b3a059 2.70kB / 2.70kB 0.1s done
2026-07-28T02:50:54.1997567Z #15 sha256:a246eea319e9a73c3a62bef1256561a4a9ff3324524edbcdfc2ae5c0de2a9b12 6.29MB / 74.96MB 0.2s
2026-07-28T02:50:54.3345250Z #15 sha256:aaea65f9d3756e15614c6efe86e2006b8fe74af0af07faefdcb6e6001dd705fc 17.06MB / 17.06MB 0.3s done
2026-07-28T02:50:54.3351824Z #15 sha256:0aa6db834649082ea8d86f41789fce403a69c18bcec5994ceaf0ed4474563c7d 9.44MB / 31.09MB 0.2s
2026-07-28T02:50:54.3353255Z #15 sha256:34eabb9d45bfc2a02673ee3778040c44b0f3b59facbbf51f9c367482821ce92f 3.15MB / 177.89MB 0.2s
2026-07-28T02:50:54.4842004Z #15 sha256:a246eea319e9a73c3a62bef1256561a4a9ff3324524edbcdfc2ae5c0de2a9b12 28.31MB / 74.96MB 0.3s
2026-07-28T02:50:54.4842799Z #15 sha256:0aa6db834649082ea8d86f41789fce403a69c18bcec5994ceaf0ed4474563c7d 31.09MB / 31.09MB 0.3s done
2026-07-28T02:50:54.4843873Z #15 sha256:34eabb9d45bfc2a02673ee3778040c44b0f3b59facbbf51f9c367482821ce92f 26.21MB / 177.89MB 0.3s
2026-07-28T02:50:54.4845279Z #15 sha256:b450eb4b61483e158bba71e0972774dca3356aaccf083b4de394756826786dc3 166B / 166B 0.0s done
2026-07-28T02:50:54.4845915Z #15 sha256:993b1a5b9814eb890928e53aa844227cd48d62a552cce9d9723401d3f323d7df 0B / 11.10MB 0.2s
2026-07-28T02:50:54.6347303Z #15 sha256:a246eea319e9a73c3a62bef1256561a4a9ff3324524edbcdfc2ae5c0de2a9b12 39.85MB / 74.96MB 0.5s
2026-07-28T02:50:54.6348541Z #15 sha256:34eabb9d45bfc2a02673ee3778040c44b0f3b59facbbf51f9c367482821ce92f 48.23MB / 177.89MB 0.5s
2026-07-28T02:50:54.6349681Z #15 sha256:993b1a5b9814eb890928e53aa844227cd48d62a552cce9d9723401d3f323d7df 1.05MB / 11.10MB 0.3s
2026-07-28T02:50:54.6350770Z #15 sha256:77e3e8465ccd88a7ab4380ed823b77769274a8d0cd50332315a6e6884eeb185b 11.53MB / 32.26MB 0.2s
2026-07-28T02:50:54.7626293Z #15 sha256:a246eea319e9a73c3a62bef1256561a4a9ff3324524edbcdfc2ae5c0de2a9b12 57.67MB / 74.96MB 0.6s
2026-07-28T02:50:54.7627284Z #15 sha256:34eabb9d45bfc2a02673ee3778040c44b0f3b59facbbf51f9c367482821ce92f 57.67MB / 177.89MB 0.6s
2026-07-28T02:50:54.7628312Z #15 sha256:77e3e8465ccd88a7ab4380ed823b77769274a8d0cd50332315a6e6884eeb185b 32.26MB / 32.26MB 0.4s done
2026-07-28T02:50:54.8793510Z #15 sha256:a246eea319e9a73c3a62bef1256561a4a9ff3324524edbcdfc2ae5c0de2a9b12 74.96MB / 74.96MB 0.8s done
2026-07-28T02:50:54.8795787Z #15 sha256:34eabb9d45bfc2a02673ee3778040c44b0f3b59facbbf51f9c367482821ce92f 74.45MB / 177.89MB 0.8s
2026-07-28T02:50:54.8797172Z #15 sha256:4afec8b5a48bb14028a2111abd144794fb4f088154db49009be3c5833f922deb 3.34kB / 3.34kB 0.1s done
2026-07-28T02:50:55.0061367Z #15 sha256:993b1a5b9814eb890928e53aa844227cd48d62a552cce9d9723401d3f323d7df 2.10MB / 11.10MB 0.6s
2026-07-28T02:50:55.0062831Z #15 sha256:bcbf93830adb69dda1050c229181e9d0bbcd138e40c83062cfd41f7a8d79b4c7 2.10MB / 18.74MB 0.2s
2026-07-28T02:50:55.0064457Z #15 sha256:597c6c618d36213af657a6a8444a5d87801f9a219682b206ad21ccb8f3e57bbd 0B / 28.23MB 0.2s
2026-07-28T02:50:55.1565093Z #15 sha256:34eabb9d45bfc2a02673ee3778040c44b0f3b59facbbf51f9c367482821ce92f 96.47MB / 177.89MB 0.9s
2026-07-28T02:50:55.1566368Z #15 sha256:993b1a5b9814eb890928e53aa844227cd48d62a552cce9d9723401d3f323d7df 7.34MB / 11.10MB 0.8s
2026-07-28T02:50:55.1567543Z #15 sha256:bcbf93830adb69dda1050c229181e9d0bbcd138e40c83062cfd41f7a8d79b4c7 18.74MB / 18.74MB 0.3s done
2026-07-28T02:50:55.1568582Z #15 sha256:597c6c618d36213af657a6a8444a5d87801f9a219682b206ad21ccb8f3e57bbd 3.15MB / 28.23MB 0.3s
2026-07-28T02:50:55.3063698Z #15 sha256:34eabb9d45bfc2a02673ee3778040c44b0f3b59facbbf51f9c367482821ce92f 123.73MB / 177.89MB 1.1s
2026-07-28T02:50:55.3066298Z #15 sha256:993b1a5b9814eb890928e53aa844227cd48d62a552cce9d9723401d3f323d7df 11.10MB / 11.10MB 0.8s done
2026-07-28T02:50:55.3068168Z #15 sha256:597c6c618d36213af657a6a8444a5d87801f9a219682b206ad21ccb8f3e57bbd 8.39MB / 28.23MB 0.5s
2026-07-28T02:50:55.4563653Z #15 sha256:34eabb9d45bfc2a02673ee3778040c44b0f3b59facbbf51f9c367482821ce92f 147.85MB / 177.89MB 1.2s
2026-07-28T02:50:55.4564998Z #15 sha256:597c6c618d36213af657a6a8444a5d87801f9a219682b206ad21ccb8f3e57bbd 11.53MB / 28.23MB 0.6s
2026-07-28T02:50:55.6033657Z #15 sha256:34eabb9d45bfc2a02673ee3778040c44b0f3b59facbbf51f9c367482821ce92f 177.89MB / 177.89MB 1.5s done
2026-07-28T02:50:55.7570835Z #15 sha256:597c6c618d36213af657a6a8444a5d87801f9a219682b206ad21ccb8f3e57bbd 16.78MB / 28.23MB 0.8s
2026-07-28T02:50:55.7572255Z #15 sha256:597c6c618d36213af657a6a8444a5d87801f9a219682b206ad21ccb8f3e57bbd 22.02MB / 28.23MB 0.9s
2026-07-28T02:50:55.9066076Z #15 sha256:597c6c618d36213af657a6a8444a5d87801f9a219682b206ad21ccb8f3e57bbd 27.26MB / 28.23MB 1.1s
2026-07-28T02:50:56.0746078Z #15 sha256:597c6c618d36213af657a6a8444a5d87801f9a219682b206ad21ccb8f3e57bbd 28.23MB / 28.23MB 1.1s done
2026-07-28T02:50:56.0747689Z #15 extracting sha256:597c6c618d36213af657a6a8444a5d87801f9a219682b206ad21ccb8f3e57bbd
2026-07-28T02:50:56.6462096Z #15 extracting sha256:597c6c618d36213af657a6a8444a5d87801f9a219682b206ad21ccb8f3e57bbd 0.7s done
2026-07-28T02:50:56.6464373Z #15 DONE 2.7s
2026-07-28T02:50:56.7975969Z 
2026-07-28T02:50:56.7978491Z #15 [build 5/8] RUN dotnet restore src/Ednsv.Web/Ednsv.Web.csproj
2026-07-28T02:50:56.7979962Z #15 extracting sha256:bcbf93830adb69dda1050c229181e9d0bbcd138e40c83062cfd41f7a8d79b4c7
2026-07-28T02:50:56.9489083Z #15 extracting sha256:bcbf93830adb69dda1050c229181e9d0bbcd138e40c83062cfd41f7a8d79b4c7 0.3s done
2026-07-28T02:50:56.9491443Z #15 DONE 3.0s
2026-07-28T02:50:57.1058723Z 
2026-07-28T02:50:57.1059562Z #15 [build 5/8] RUN dotnet restore src/Ednsv.Web/Ednsv.Web.csproj
2026-07-28T02:50:57.1060691Z #15 extracting sha256:4afec8b5a48bb14028a2111abd144794fb4f088154db49009be3c5833f922deb done
2026-07-28T02:50:57.1061406Z #15 extracting sha256:77e3e8465ccd88a7ab4380ed823b77769274a8d0cd50332315a6e6884eeb185b
2026-07-28T02:50:57.3040286Z #15 extracting sha256:77e3e8465ccd88a7ab4380ed823b77769274a8d0cd50332315a6e6884eeb185b 0.3s done
2026-07-28T02:50:57.3040919Z #15 DONE 3.4s
2026-07-28T02:50:57.4268995Z 
2026-07-28T02:50:57.4269568Z #15 [build 5/8] RUN dotnet restore src/Ednsv.Web/Ednsv.Web.csproj
2026-07-28T02:50:57.4270699Z #15 extracting sha256:b450eb4b61483e158bba71e0972774dca3356aaccf083b4de394756826786dc3 done
2026-07-28T02:50:57.4271552Z #15 extracting sha256:993b1a5b9814eb890928e53aa844227cd48d62a552cce9d9723401d3f323d7df 0.1s done
2026-07-28T02:50:57.4272000Z #15 DONE 3.5s
2026-07-28T02:50:57.5775076Z 
2026-07-28T02:50:57.5775544Z #15 [build 5/8] RUN dotnet restore src/Ednsv.Web/Ednsv.Web.csproj
2026-07-28T02:50:57.5776775Z #15 extracting sha256:0aa6db834649082ea8d86f41789fce403a69c18bcec5994ceaf0ed4474563c7d
2026-07-28T02:50:58.0680587Z #15 extracting sha256:0aa6db834649082ea8d86f41789fce403a69c18bcec5994ceaf0ed4474563c7d 0.6s done
2026-07-28T02:50:58.0681427Z #15 DONE 4.1s
2026-07-28T02:50:58.2186614Z 
2026-07-28T02:50:58.2188608Z #15 [build 5/8] RUN dotnet restore src/Ednsv.Web/Ednsv.Web.csproj
2026-07-28T02:50:58.2189514Z #15 extracting sha256:34eabb9d45bfc2a02673ee3778040c44b0f3b59facbbf51f9c367482821ce92f
2026-07-28T02:51:00.5465751Z #15 extracting sha256:34eabb9d45bfc2a02673ee3778040c44b0f3b59facbbf51f9c367482821ce92f 2.5s done
2026-07-28T02:51:00.5466923Z #15 DONE 6.6s
2026-07-28T02:51:00.7040574Z 
2026-07-28T02:51:00.7042439Z #15 [build 5/8] RUN dotnet restore src/Ednsv.Web/Ednsv.Web.csproj
2026-07-28T02:51:00.7043399Z #15 extracting sha256:ed43dda998e1a0c05efeddc9a24048ad8349ce02697b4db3061250e466b3a059 done
2026-07-28T02:51:00.7045042Z #15 extracting sha256:aaea65f9d3756e15614c6efe86e2006b8fe74af0af07faefdcb6e6001dd705fc
2026-07-28T02:51:00.8119952Z #15 extracting sha256:aaea65f9d3756e15614c6efe86e2006b8fe74af0af07faefdcb6e6001dd705fc 0.3s done
2026-07-28T02:51:00.8121073Z #15 DONE 6.9s
2026-07-28T02:51:00.9749281Z 
2026-07-28T02:51:00.9749812Z #15 [build 5/8] RUN dotnet restore src/Ednsv.Web/Ednsv.Web.csproj
2026-07-28T02:51:00.9750856Z #15 extracting sha256:11eb1ef6a72d72d68482386694a791673416aeb0fe0f5f9f5d7815d3e3befd5f done
2026-07-28T02:51:00.9752013Z #15 extracting sha256:8feae64b640e0e8336843eecdc83654fab9ba0b453f6b59fafbe792d665df6a9 done
2026-07-28T02:51:00.9753012Z #15 extracting sha256:da791154ac21a0cf59ef54af002fc5ac636e4ca234301c55f211218dc631f414 done
2026-07-28T02:51:00.9753609Z #15 extracting sha256:a246eea319e9a73c3a62bef1256561a4a9ff3324524edbcdfc2ae5c0de2a9b12
2026-07-28T02:51:01.5150963Z #15 extracting sha256:a246eea319e9a73c3a62bef1256561a4a9ff3324524edbcdfc2ae5c0de2a9b12 0.7s done
2026-07-28T02:51:01.5152871Z #15 DONE 7.6s
2026-07-28T02:51:01.6658721Z 
2026-07-28T02:51:01.6659225Z #16 [build 6/8] COPY src/Ednsv.Core/ src/Ednsv.Core/
2026-07-28T02:51:03.7599137Z #16 DONE 2.2s
2026-07-28T02:51:03.9227550Z 
2026-07-28T02:51:03.9228072Z #17 [build 7/8] COPY src/Ednsv.Web/ src/Ednsv.Web/
2026-07-28T02:51:03.9229114Z #17 DONE 0.0s
2026-07-28T02:51:03.9229315Z 
2026-07-28T02:51:03.9230202Z #18 [build 8/8] RUN dotnet publish src/Ednsv.Web/Ednsv.Web.csproj         --configuration Release         --no-restore         --output /app/publish         /p:UseAppHost=false
2026-07-28T02:51:08.6914704Z #18 4.919   Ednsv.Core -> /src/src/Ednsv.Core/bin/Release/net8.0/Ednsv.Core.dll
2026-07-28T02:51:10.4732078Z #18 6.701   Ednsv.Web -> /src/src/Ednsv.Web/bin/Release/net8.0/Ednsv.Web.dll
2026-07-28T02:51:10.6132530Z #18 6.764   Ednsv.Web -> /app/publish/
2026-07-28T02:51:10.6133518Z #18 DONE 6.8s
2026-07-28T02:51:10.8605501Z 
2026-07-28T02:51:10.8605922Z #19 [runtime 2/3] WORKDIR /app
2026-07-28T02:51:10.8606892Z #19 sha256:6be1d09dc94636d9fe43fa397a54265c3786edd427bb14d3eab7c491cfb8cbe5 93B / 93B 0.0s done
2026-07-28T02:51:10.8608080Z #19 extracting sha256:6be1d09dc94636d9fe43fa397a54265c3786edd427bb14d3eab7c491cfb8cbe5 done
2026-07-28T02:51:10.8608666Z #19 DONE 0.1s
2026-07-28T02:51:10.8608815Z 
2026-07-28T02:51:10.8608996Z #20 [runtime 3/3] COPY --from=build /app/publish ./
2026-07-28T02:51:10.8609374Z #20 DONE 0.0s
2026-07-28T02:51:10.8609516Z 
2026-07-28T02:51:10.8609624Z #21 exporting to image
2026-07-28T02:51:10.8609899Z #21 exporting layers
2026-07-28T02:51:10.9395970Z #21 exporting layers 0.2s done
2026-07-28T02:51:11.1349303Z #21 ...
2026-07-28T02:51:11.1349507Z 
2026-07-28T02:51:11.1349705Z #22 [auth] pkinerd/ednsv:pull,push token for ghcr.io
2026-07-28T02:51:11.1350114Z #22 DONE 0.0s
2026-07-28T02:51:11.1350266Z 
2026-07-28T02:51:11.1350372Z #21 exporting to image
2026-07-28T02:51:11.1351299Z #21 exporting manifest sha256:4ff855a46eb54b14d4c194153d9ca2370fefc6d0cea6e6d3ae36995c2fe0f63a done
2026-07-28T02:51:11.1352516Z #21 exporting config sha256:dcf2ee2278eb848a061a3861a089cc5b7560c19b40d17fed7b5114a7e068efeb done
2026-07-28T02:51:11.1353750Z #21 exporting attestation manifest sha256:e87490fc39967697219bf0d2c9d3a6ca1c0588239f870dc7754bf60d9e5931cc done
2026-07-28T02:51:11.1355460Z #21 exporting manifest list sha256:55003fd57f680af5a24ec5080116c479ad1455f43313e1030aa502ed721df7d0 done
2026-07-28T02:51:11.1356184Z #21 pushing layers
2026-07-28T02:51:12.2177221Z #21 pushing layers 1.3s done
2026-07-28T02:51:12.2178001Z #21 pushing manifest for ghcr.io/pkinerd/ednsv:pr-30@sha256:55003fd57f680af5a24ec5080116c479ad1455f43313e1030aa502ed721df7d0
2026-07-28T02:51:12.8731466Z #21 ...
2026-07-28T02:51:12.8731934Z 
2026-07-28T02:51:12.8732216Z #23 exporting to GitHub Actions Cache
2026-07-28T02:51:12.8732827Z #23 preparing build cache for export 0.6s done
2026-07-28T02:51:12.8733335Z #23 sending cache export 1.3s done
2026-07-28T02:51:12.8734260Z #23 writing layer sha256:19761297cc71348bc68e43800f4240b9c4d08b2de5524aad675ec90180c192ba 0.4s done
2026-07-28T02:51:12.8735320Z #23 writing layer sha256:6d3d3f96d64b1793a69c7a4d66ea7994002ae4b33c57ec1b501b743dd64710d6 0.2s done
2026-07-28T02:51:12.8736335Z #23 writing layer sha256:7d9db49aac1a9151623e95246fa0606f2de386c086d383ab37a3b054382e84e1 0.1s done
2026-07-28T02:51:12.8737228Z #23 writing layer sha256:7f50dfd09b100528bee2c527b6e66e7d534310d5e49a2f113e0bfe69c201c2a4 0.1s done
2026-07-28T02:51:12.8737928Z #23 DONE 1.9s
2026-07-28T02:51:13.0239271Z 
2026-07-28T02:51:13.0239546Z #21 exporting to image
2026-07-28T02:51:13.1617127Z #21 pushing manifest for ghcr.io/pkinerd/ednsv:pr-30@sha256:55003fd57f680af5a24ec5080116c479ad1455f43313e1030aa502ed721df7d0 0.9s done
2026-07-28T02:51:13.3922136Z #21 pushing layers 0.1s done
2026-07-28T02:51:13.3922956Z #21 pushing manifest for ghcr.io/pkinerd/ednsv:latest-any@sha256:55003fd57f680af5a24ec5080116c479ad1455f43313e1030aa502ed721df7d0
2026-07-28T02:51:13.6172175Z #21 pushing manifest for ghcr.io/pkinerd/ednsv:latest-any@sha256:55003fd57f680af5a24ec5080116c479ad1455f43313e1030aa502ed721df7d0 0.4s done
2026-07-28T02:51:13.8276122Z #21 pushing layers 0.1s done
2026-07-28T02:51:13.8276933Z #21 pushing manifest for ghcr.io/pkinerd/ednsv:sha-7ac927f@sha256:55003fd57f680af5a24ec5080116c479ad1455f43313e1030aa502ed721df7d0
2026-07-28T02:51:13.9960553Z #21 pushing manifest for ghcr.io/pkinerd/ednsv:sha-7ac927f@sha256:55003fd57f680af5a24ec5080116c479ad1455f43313e1030aa502ed721df7d0 0.3s done
2026-07-28T02:51:13.9962323Z #21 DONE 3.3s
2026-07-28T02:51:14.0240582Z 
2026-07-28T02:51:14.0240941Z #24 resolving provenance for metadata file
2026-07-28T02:51:14.0241434Z #24 DONE 0.0s
2026-07-28T02:51:14.0322066Z ##[group]ImageID
2026-07-28T02:51:14.0322573Z sha256:55003fd57f680af5a24ec5080116c479ad1455f43313e1030aa502ed721df7d0
2026-07-28T02:51:14.0323631Z ##[endgroup]
2026-07-28T02:51:14.0324768Z ##[group]Digest
2026-07-28T02:51:14.0325236Z sha256:55003fd57f680af5a24ec5080116c479ad1455f43313e1030aa502ed721df7d0
2026-07-28T02:51:14.0326065Z ##[endgroup]
2026-07-28T02:51:14.0326498Z ##[group]Metadata
2026-07-28T02:51:14.0329930Z {
2026-07-28T02:51:14.0330387Z   "buildx.build.provenance": {
2026-07-28T02:51:14.0330936Z     "builder": {
2026-07-28T02:51:14.0331607Z       "id": "https://github.com/pkinerd/ednsv/actions/runs/30324195733/attempts/1"
2026-07-28T02:51:14.0332246Z     },
2026-07-28T02:51:14.0332673Z     "buildType": "https://mobyproject.org/buildkit@v1",
2026-07-28T02:51:14.0333116Z     "materials": [
2026-07-28T02:51:14.0333458Z       {
2026-07-28T02:51:14.0333794Z         "uri": "pkg:docker/docker/dockerfile@1.7",
2026-07-28T02:51:14.0334395Z         "digest": {
2026-07-28T02:51:14.0334738Z           "sha256": "a57df69d0ea827fb7266491f2813635de6f17269be881f696fbfdf2d83dda33e"
2026-07-28T02:51:14.0335115Z         }
2026-07-28T02:51:14.0335281Z       },
2026-07-28T02:51:14.0335443Z       {
2026-07-28T02:51:14.0335837Z         "uri": "pkg:docker/mcr.microsoft.com/dotnet/aspnet@8.0?platform=linux%2Famd64",
2026-07-28T02:51:14.0336364Z         "digest": {
2026-07-28T02:51:14.0336754Z           "sha256": "8f6a307ae32fb393a4b4bcde0a81f0ce3f0a715de0e5575df71f3030448f2dde"
2026-07-28T02:51:14.0337167Z         }
2026-07-28T02:51:14.0337376Z       },
2026-07-28T02:51:14.0337553Z       {
2026-07-28T02:51:14.0337886Z         "uri": "pkg:docker/mcr.microsoft.com/dotnet/sdk@8.0?platform=linux%2Famd64",
2026-07-28T02:51:14.0338376Z         "digest": {
2026-07-28T02:51:14.0338946Z           "sha256": "3c0edbfe1549dd93fb789dc96299a40df865ad7bffefcaf38e8c05940686d641"
2026-07-28T02:51:14.0339645Z         }
2026-07-28T02:51:14.0339943Z       }
2026-07-28T02:51:14.0340169Z     ],
2026-07-28T02:51:14.0340366Z     "invocation": {
2026-07-28T02:51:14.0340658Z       "configSource": {
2026-07-28T02:51:14.0340895Z         "entryPoint": "Dockerfile"
2026-07-28T02:51:14.0341168Z       },
2026-07-28T02:51:14.0341471Z       "parameters": {
2026-07-28T02:51:14.0341824Z         "frontend": "gateway.v0",
2026-07-28T02:51:14.0342209Z         "args": {
2026-07-28T02:51:14.0342567Z           "cmdline": "docker/dockerfile:1.7",
2026-07-28T02:51:14.0343236Z           "label:org.opencontainers.image.created": "2026-07-28T02:50:52.086Z",
2026-07-28T02:51:14.0343732Z           "label:org.opencontainers.image.description": "",
2026-07-28T02:51:14.0344467Z           "label:org.opencontainers.image.licenses": "",
2026-07-28T02:51:14.0345128Z           "label:org.opencontainers.image.revision": "7ac927f3646685884f88c55189cec02a7a3feb3f",
2026-07-28T02:51:14.0345793Z           "label:org.opencontainers.image.source": "https://github.com/pkinerd/ednsv",
2026-07-28T02:51:14.0346374Z           "label:org.opencontainers.image.title": "ednsv",
2026-07-28T02:51:14.0347083Z           "label:org.opencontainers.image.url": "https://github.com/pkinerd/ednsv",
2026-07-28T02:51:14.0347534Z           "label:org.opencontainers.image.version": "pr-30",
2026-07-28T02:51:14.0347854Z           "source": "docker/dockerfile:1.7"
2026-07-28T02:51:14.0348104Z         },
2026-07-28T02:51:14.0348275Z         "locals": [
2026-07-28T02:51:14.0348724Z           {
2026-07-28T02:51:14.0348947Z             "name": "context"
2026-07-28T02:51:14.0349339Z           },
2026-07-28T02:51:14.0349626Z           {
2026-07-28T02:51:14.0349909Z             "name": "dockerfile"
2026-07-28T02:51:14.0350252Z           }
2026-07-28T02:51:14.0350700Z         ],
2026-07-28T02:51:14.0350973Z         "root": {
2026-07-28T02:51:14.0351272Z           "configSource": {
2026-07-28T02:51:14.0351615Z             "path": "Dockerfile"
2026-07-28T02:51:14.0351953Z           },
2026-07-28T02:51:14.0352213Z           "request": {
2026-07-28T02:51:14.0352506Z             "args": {
2026-07-28T02:51:14.0352961Z               "label:org.opencontainers.image.created": "2026-07-28T02:50:52.086Z",
2026-07-28T02:51:14.0353615Z               "label:org.opencontainers.image.description": "",
2026-07-28T02:51:14.0354409Z               "label:org.opencontainers.image.licenses": "",
2026-07-28T02:51:14.0355146Z               "label:org.opencontainers.image.revision": "7ac927f3646685884f88c55189cec02a7a3feb3f",
2026-07-28T02:51:14.0356068Z               "label:org.opencontainers.image.source": "https://github.com/pkinerd/ednsv",
2026-07-28T02:51:14.0356833Z               "label:org.opencontainers.image.title": "ednsv",
2026-07-28T02:51:14.0357525Z               "label:org.opencontainers.image.url": "https://github.com/pkinerd/ednsv",
2026-07-28T02:51:14.0358280Z               "label:org.opencontainers.image.version": "pr-30",
2026-07-28T02:51:14.0358826Z               "vcs:localdir:context": ".",
2026-07-28T02:51:14.0359292Z               "vcs:localdir:dockerfile": ".",
2026-07-28T02:51:14.0359850Z               "vcs:revision": "7ac927f3646685884f88c55189cec02a7a3feb3f",
2026-07-28T02:51:14.0360394Z               "vcs:source": "https://github.com/pkinerd/ednsv"
2026-07-28T02:51:14.0360681Z             }
2026-07-28T02:51:14.0360855Z           }
2026-07-28T02:51:14.0361019Z         },
2026-07-28T02:51:14.0361286Z         "compatibilityVersion": 30
2026-07-28T02:51:14.0361659Z       },
2026-07-28T02:51:14.0361944Z       "environment": {
2026-07-28T02:51:14.0362264Z         "github_actor": "pkinerd",
2026-07-28T02:51:14.0362578Z         "github_actor_id": "169779439",
2026-07-28T02:51:14.0363004Z         "github_event_name": "pull_request",
2026-07-28T02:51:14.0363283Z         "github_event_payload": {
2026-07-28T02:51:14.0363530Z           "action": "opened",
2026-07-28T02:51:14.0363750Z           "number": 30,
2026-07-28T02:51:14.0364165Z           "pull_request": {
2026-07-28T02:51:14.0364413Z             "_links": {
2026-07-28T02:51:14.0364612Z               "comments": {
2026-07-28T02:51:14.0364950Z                 "href": "https://api.github.com/repos/pkinerd/ednsv/issues/30/comments"
2026-07-28T02:51:14.0365347Z               },
2026-07-28T02:51:14.0365540Z               "commits": {
2026-07-28T02:51:14.0365858Z                 "href": "https://api.github.com/repos/pkinerd/ednsv/pulls/30/commits"
2026-07-28T02:51:14.0366232Z               },
2026-07-28T02:51:14.0366413Z               "html": {
2026-07-28T02:51:14.0366694Z                 "href": "https://github.com/pkinerd/ednsv/pull/30"
2026-07-28T02:51:14.0367011Z               },
2026-07-28T02:51:14.0367190Z               "issue": {
2026-07-28T02:51:14.0367484Z                 "href": "https://api.github.com/repos/pkinerd/ednsv/issues/30"
2026-07-28T02:51:14.0367833Z               },
2026-07-28T02:51:14.0368049Z               "review_comment": {
2026-07-28T02:51:14.0368488Z                 "href": "https://api.github.com/repos/pkinerd/ednsv/pulls/comments{/number}"
2026-07-28T02:51:14.0368905Z               },
2026-07-28T02:51:14.0369095Z               "review_comments": {
2026-07-28T02:51:14.0369482Z                 "href": "https://api.github.com/repos/pkinerd/ednsv/pulls/30/comments"
2026-07-28T02:51:14.0369872Z               },
2026-07-28T02:51:14.0370068Z               "self": {
2026-07-28T02:51:14.0370354Z                 "href": "https://api.github.com/repos/pkinerd/ednsv/pulls/30"
2026-07-28T02:51:14.0370703Z               },
2026-07-28T02:51:14.0371493Z               "statuses": {
2026-07-28T02:51:14.0372250Z                 "href": "https://api.github.com/repos/pkinerd/ednsv/statuses/903c36e83f8a970bee71cd2d9565683cb8e3c437"
2026-07-28T02:51:14.0373088Z               }
2026-07-28T02:51:14.0373395Z             },
2026-07-28T02:51:14.0374206Z             "active_lock_reason": null,
2026-07-28T02:51:14.0374660Z             "additions": 669,
2026-07-28T02:51:14.0375019Z             "assignee": null,
2026-07-28T02:51:14.0375424Z             "assignees": [],
2026-07-28T02:51:14.0375923Z             "author_association": "OWNER",
2026-07-28T02:51:14.0376502Z             "auto_merge": null,
2026-07-28T02:51:14.0376968Z             "base": {
2026-07-28T02:51:14.0377352Z               "label": "pkinerd:main",
2026-07-28T02:51:14.0377808Z               "ref": "main",
2026-07-28T02:51:14.0378052Z               "repo": {
2026-07-28T02:51:14.0378310Z                 "allow_auto_merge": false,
2026-07-28T02:51:14.0378637Z                 "allow_forking": true,
2026-07-28T02:51:14.0378923Z                 "allow_merge_commit": true,
2026-07-28T02:51:14.0379224Z                 "allow_rebase_merge": true,
2026-07-28T02:51:14.0379499Z                 "allow_squash_merge": true,
2026-07-28T02:51:14.0379791Z                 "allow_update_branch": false,
2026-07-28T02:51:14.0380240Z                 "archive_url": "https://api.github.com/repos/pkinerd/ednsv/{archive_format}{/ref}",
2026-07-28T02:51:14.0380702Z                 "archived": false,
2026-07-28T02:51:14.0381102Z                 "assignees_url": "https://api.github.com/repos/pkinerd/ednsv/assignees{/user}",
2026-07-28T02:51:14.0381668Z                 "blobs_url": "https://api.github.com/repos/pkinerd/ednsv/git/blobs{/sha}",
2026-07-28T02:51:14.0382229Z                 "branches_url": "https://api.github.com/repos/pkinerd/ednsv/branches{/branch}",
2026-07-28T02:51:14.0382727Z                 "clone_url": "https://github.com/pkinerd/ednsv.git",
2026-07-28T02:51:14.0383304Z                 "collaborators_url": "https://api.github.com/repos/pkinerd/ednsv/collaborators{/collaborator}",
2026-07-28T02:51:14.0384213Z                 "comments_url": "https://api.github.com/repos/pkinerd/ednsv/comments{/number}",
2026-07-28T02:51:14.0384797Z                 "commits_url": "https://api.github.com/repos/pkinerd/ednsv/commits{/sha}",
2026-07-28T02:51:14.0385372Z                 "compare_url": "https://api.github.com/repos/pkinerd/ednsv/compare/{base}...{head}",
2026-07-28T02:51:14.0385967Z                 "contents_url": "https://api.github.com/repos/pkinerd/ednsv/contents/{+path}",
2026-07-28T02:51:14.0386540Z                 "contributors_url": "https://api.github.com/repos/pkinerd/ednsv/contributors",
2026-07-28T02:51:14.0386997Z                 "created_at": "2026-03-30T21:24:40Z",
2026-07-28T02:51:14.0387298Z                 "default_branch": "main",
2026-07-28T02:51:14.0387587Z                 "delete_branch_on_merge": false,
2026-07-28T02:51:14.0388004Z                 "deployments_url": "https://api.github.com/repos/pkinerd/ednsv/deployments",
2026-07-28T02:51:14.0388445Z                 "description": null,
2026-07-28T02:51:14.0388706Z                 "disabled": false,
2026-07-28T02:51:14.0389076Z                 "downloads_url": "https://api.github.com/repos/pkinerd/ednsv/downloads",
2026-07-28T02:51:14.0389589Z                 "events_url": "https://api.github.com/repos/pkinerd/ednsv/events",
2026-07-28T02:51:14.0389980Z                 "fork": false,
2026-07-28T02:51:14.0390217Z                 "forks": 0,
2026-07-28T02:51:14.0390437Z                 "forks_count": 0,
2026-07-28T02:51:14.0390800Z                 "forks_url": "https://api.github.com/repos/pkinerd/ednsv/forks",
2026-07-28T02:51:14.0391209Z                 "full_name": "pkinerd/ednsv",
2026-07-28T02:51:14.0391649Z                 "git_commits_url": "https://api.github.com/repos/pkinerd/ednsv/git/commits{/sha}",
2026-07-28T02:51:14.0392238Z                 "git_refs_url": "https://api.github.com/repos/pkinerd/ednsv/git/refs{/sha}",
2026-07-28T02:51:14.0392995Z                 "git_tags_url": "https://api.github.com/repos/pkinerd/ednsv/git/tags{/sha}",
2026-07-28T02:51:14.0393444Z                 "git_url": "git://github.com/pkinerd/ednsv.git",
2026-07-28T02:51:14.0393795Z                 "has_discussions": false,
2026-07-28T02:51:14.0394442Z                 "has_downloads": false,
2026-07-28T02:51:14.0394728Z                 "has_issues": true,
2026-07-28T02:51:14.0394989Z                 "has_pages": false,
2026-07-28T02:51:14.0395246Z                 "has_projects": true,
2026-07-28T02:51:14.0395516Z                 "has_pull_requests": true,
2026-07-28T02:51:14.0395788Z                 "has_wiki": true,
2026-07-28T02:51:14.0396039Z                 "homepage": null,
2026-07-28T02:51:14.0396379Z                 "hooks_url": "https://api.github.com/repos/pkinerd/ednsv/hooks",
2026-07-28T02:51:14.0396815Z                 "html_url": "https://github.com/pkinerd/ednsv",
2026-07-28T02:51:14.0397129Z                 "id": 1196602452,
2026-07-28T02:51:14.0397386Z                 "is_template": false,
2026-07-28T02:51:14.0397850Z                 "issue_comment_url": "https://api.github.com/repos/pkinerd/ednsv/issues/comments{/number}",
2026-07-28T02:51:14.0398507Z                 "issue_events_url": "https://api.github.com/repos/pkinerd/ednsv/issues/events{/number}",
2026-07-28T02:51:14.0399113Z                 "issues_url": "https://api.github.com/repos/pkinerd/ednsv/issues{/number}",
2026-07-28T02:51:14.0399646Z                 "keys_url": "https://api.github.com/repos/pkinerd/ednsv/keys{/key_id}",
2026-07-28T02:51:14.0400168Z                 "labels_url": "https://api.github.com/repos/pkinerd/ednsv/labels{/name}",
2026-07-28T02:51:14.0400573Z                 "language": "C#",
2026-07-28T02:51:14.0400965Z                 "languages_url": "https://api.github.com/repos/pkinerd/ednsv/languages",
2026-07-28T02:51:14.0401374Z                 "license": null,
2026-07-28T02:51:14.0401649Z                 "merge_commit_message": "PR_TITLE",
2026-07-28T02:51:14.0401983Z                 "merge_commit_title": "MERGE_MESSAGE",
2026-07-28T02:51:14.0402375Z                 "merges_url": "https://api.github.com/repos/pkinerd/ednsv/merges",
2026-07-28T02:51:14.0402929Z                 "milestones_url": "https://api.github.com/repos/pkinerd/ednsv/milestones{/number}",
2026-07-28T02:51:14.0403416Z                 "mirror_url": null,
2026-07-28T02:51:14.0403697Z                 "name": "ednsv",
2026-07-28T02:51:14.0404162Z                 "node_id": "R_kgDOR1K0VA",
2026-07-28T02:51:14.0404746Z                 "notifications_url": "https://api.github.com/repos/pkinerd/ednsv/notifications{?since,all,participating}",
2026-07-28T02:51:14.0405273Z                 "open_issues": 1,
2026-07-28T02:51:14.0405509Z                 "open_issues_count": 1,
2026-07-28T02:51:14.0405778Z                 "owner": {
2026-07-28T02:51:14.0406108Z                   "avatar_url": "https://avatars.githubusercontent.com/u/169779439?v=4",
2026-07-28T02:51:14.0406608Z                   "events_url": "https://api.github.com/users/pkinerd/events{/privacy}",
2026-07-28T02:51:14.0407118Z                   "followers_url": "https://api.github.com/users/pkinerd/followers",
2026-07-28T02:51:14.0407643Z                   "following_url": "https://api.github.com/users/pkinerd/following{/other_user}",
2026-07-28T02:51:14.0408389Z                   "gists_url": "https://api.github.com/users/pkinerd/gists{/gist_id}",
2026-07-28T02:51:14.0409052Z                   "gravatar_id": "",
2026-07-28T02:51:14.0409511Z                   "html_url": "https://github.com/pkinerd",
2026-07-28T02:51:14.0409984Z                   "id": 169779439,
2026-07-28T02:51:14.0410254Z                   "login": "pkinerd",
2026-07-28T02:51:14.0410582Z                   "node_id": "U_kgDOCh6g7w",
2026-07-28T02:51:14.0411048Z                   "organizations_url": "https://api.github.com/users/pkinerd/orgs",
2026-07-28T02:51:14.0411554Z                   "received_events_url": "https://api.github.com/users/pkinerd/received_events",
2026-07-28T02:51:14.0412212Z                   "repos_url": "https://api.github.com/users/pkinerd/repos",
2026-07-28T02:51:14.0412553Z                   "site_admin": false,
2026-07-28T02:51:14.0412933Z                   "starred_url": "https://api.github.com/users/pkinerd/starred{/owner}{/repo}",
2026-07-28T02:51:14.0413566Z                   "subscriptions_url": "https://api.github.com/users/pkinerd/subscriptions",
2026-07-28T02:51:14.0414197Z                   "type": "User",
2026-07-28T02:51:14.0414482Z                   "url": "https://api.github.com/users/pkinerd",
2026-07-28T02:51:14.0414791Z                   "user_view_type": "public"
2026-07-28T02:51:14.0415039Z                 },
2026-07-28T02:51:14.0415232Z                 "private": false,
2026-07-28T02:51:14.0415493Z                 "pull_request_creation_policy": "all",
2026-07-28T02:51:14.0415888Z                 "pulls_url": "https://api.github.com/repos/pkinerd/ednsv/pulls{/number}",
2026-07-28T02:51:14.0416284Z                 "pushed_at": "2026-07-28T02:48:07Z",
2026-07-28T02:51:14.0416713Z                 "releases_url": "https://api.github.com/repos/pkinerd/ednsv/releases{/id}",
2026-07-28T02:51:14.0417100Z                 "size": 41770,
2026-07-28T02:51:14.0417370Z                 "squash_merge_commit_message": "COMMIT_MESSAGES",
2026-07-28T02:51:14.0417726Z                 "squash_merge_commit_title": "COMMIT_OR_PR_TITLE",
2026-07-28T02:51:14.0418091Z                 "ssh_url": "git@github.com:pkinerd/ednsv.git",
2026-07-28T02:51:14.0418391Z                 "stargazers_count": 0,
2026-07-28T02:51:14.0418758Z                 "stargazers_url": "https://api.github.com/repos/pkinerd/ednsv/stargazers",
2026-07-28T02:51:14.0419268Z                 "statuses_url": "https://api.github.com/repos/pkinerd/ednsv/statuses/{sha}",
2026-07-28T02:51:14.0419776Z                 "subscribers_url": "https://api.github.com/repos/pkinerd/ednsv/subscribers",
2026-07-28T02:51:14.0420299Z                 "subscription_url": "https://api.github.com/repos/pkinerd/ednsv/subscription",
2026-07-28T02:51:14.0420747Z                 "svn_url": "https://github.com/pkinerd/ednsv",
2026-07-28T02:51:14.0421129Z                 "tags_url": "https://api.github.com/repos/pkinerd/ednsv/tags",
2026-07-28T02:51:14.0421562Z                 "teams_url": "https://api.github.com/repos/pkinerd/ednsv/teams",
2026-07-28T02:51:14.0421906Z                 "topics": [],
2026-07-28T02:51:14.0422241Z                 "trees_url": "https://api.github.com/repos/pkinerd/ednsv/git/trees{/sha}",
2026-07-28T02:51:14.0422634Z                 "updated_at": "2026-07-27T03:28:49Z",
2026-07-28T02:51:14.0422959Z                 "url": "https://api.github.com/repos/pkinerd/ednsv",
2026-07-28T02:51:14.0423296Z                 "use_squash_pr_title_as_default": false,
2026-07-28T02:51:14.0423580Z                 "visibility": "public",
2026-07-28T02:51:14.0423831Z                 "watchers": 0,
2026-07-28T02:51:14.0424315Z                 "watchers_count": 0,
2026-07-28T02:51:14.0424589Z                 "web_commit_signoff_required": false
2026-07-28T02:51:14.0424853Z               },
2026-07-28T02:51:14.0425085Z               "sha": "b39be414bd0957dd8574f7aa105e6a17842b92ab",
2026-07-28T02:51:14.0425376Z               "user": {
2026-07-28T02:51:14.0425700Z                 "avatar_url": "https://avatars.githubusercontent.com/u/169779439?v=4",
2026-07-28T02:51:14.0426512Z                 "events_url": "https://api.github.com/users/pkinerd/events{/privacy}",
2026-07-28T02:51:14.0427127Z                 "followers_url": "https://api.github.com/users/pkinerd/followers",
2026-07-28T02:51:14.0427968Z                 "following_url": "https://api.github.com/users/pkinerd/following{/other_user}",
2026-07-28T02:51:14.0428818Z                 "gists_url": "https://api.github.com/users/pkinerd/gists{/gist_id}",
2026-07-28T02:51:14.0429432Z                 "gravatar_id": "",
2026-07-28T02:51:14.0429893Z                 "html_url": "https://github.com/pkinerd",
2026-07-28T02:51:14.0430377Z                 "id": 169779439,
2026-07-28T02:51:14.0430967Z                 "login": "pkinerd",
2026-07-28T02:51:14.0431372Z                 "node_id": "U_kgDOCh6g7w",
2026-07-28T02:51:14.0431960Z                 "organizations_url": "https://api.github.com/users/pkinerd/orgs",
2026-07-28T02:51:14.0432940Z                 "received_events_url": "https://api.github.com/users/pkinerd/received_events",
2026-07-28T02:51:14.0433786Z                 "repos_url": "https://api.github.com/users/pkinerd/repos",
2026-07-28T02:51:14.0434555Z                 "site_admin": false,
2026-07-28T02:51:14.0435175Z                 "starred_url": "https://api.github.com/users/pkinerd/starred{/owner}{/repo}",
2026-07-28T02:51:14.0436076Z                 "subscriptions_url": "https://api.github.com/users/pkinerd/subscriptions",
2026-07-28T02:51:14.0436745Z                 "type": "User",
2026-07-28T02:51:14.0437205Z                 "url": "https://api.github.com/users/pkinerd",
2026-07-28T02:51:14.0437748Z                 "user_view_type": "public"
2026-07-28T02:51:14.0438165Z               }
2026-07-28T02:51:14.0438476Z             },
2026-07-28T02:51:14.0474526Z             "body": "Started from a report of suspect caching against `cnn.com` with `DnsCacheMinTtlSeconds=60` and `CacheTtlHours=2`: hundreds of Redis entries dropping in the first couple of minutes. They were not short-TTL records — the floor was being applied as a default. Investigating that surfaced three more places where a lifetime was lost or extended in transit.\n\n## The reported problem\n\n`DnsCacheMinTtlSeconds` was standing in for a TTL whenever a response carried none, and that was the dominant path rather than a corner. Only the answer section was read, so every NXDOMAIN and NODATA looked TTL-less — and negative answers are the bulk of what a validation issues: 21 blocklist zones per MX IP replying \"not listed\", 39 absent DKIM selectors, plus the SPF, DMARC, ARC and mail-survey subdomain probes. Validating a clean domain is the worst case, because nothing is listed and nothing exists.\n\nTwo changes in `DnsCacheTtl`:\n\n- **A response that published no TTL now inherits `CacheTtlHours`**, leaving the cache-wide TTL governing exactly as it does with gating off. The floor bounds TTLs we received; it is not a substitute for one.\n- **Negative answers get the TTL the zone published for them** — RFC 2308 §5, `min(SOA.MINIMUM, SOA TTL)` from the authority section. `DnsCacheSerializer` was already capturing and persisting that SOA; only the TTL policy ignored it. It is clamped by the floor and the cap like any other published TTL.\n\nWith both, \"no TTL at all\" is genuinely rare: a referral with no SOA, or a malformed response.\n\nAlso fixes two call sites that read the answer section directly and so missed the SOA — the PTR cache, and `QuerySpeculativeAsync`, which wrote straight to the cache with no entry TTL and was giving the DKIM selector and SRV probes the full `CacheTtlHours` while every gated path around them honoured the zone.\n\n## Lifetimes crossing between L1 and Redis\n\nFour paths move a value between the tiers. Three carried the lifetime with them; the read leg did not — a hit was cached locally with a fresh full `CacheTtlHours` no matter how little was left on the Redis key. With record-TTL gating on, badly: a DNS answer bounded to sixty seconds, read from Redis at fifty-nine seconds old, was then served from L1 for the full cache TTL. It did not stop there — `SetMemoryOnly` records the same expiry in the shared-cache key index, so an emptied-Redis re-warm republished the entry with *more* life than it had ever been given.\n\n`TryGetAsync` now reads the remaining lifetime alongside the value with `StringGetWithExpiry` — one round trip either way — and returns both, so the expiry cannot be dropped by a future caller. The L1 copy takes the sooner of that and a full cache TTL.\n\n**Behaviour change worth a look:** under `CacheTtlHours=0` an L2 hit now expires with the shared key instead of never. Memory not expiring is a statement about values this instance fetched, not a licence to keep a borrowed one forever.\n\nThe cap in the other direction is for restarts and config changes: Redis outlives a pod, so keys written under a longer `CacheTtlHours` survive the deploy that lowered it. Note it bounds how long a value is *held*, not how stale it may get — on expiry we re-read the L2, find the same key alive and cache it again.\n\n## Two more leaks on the same path\n\n- **`shouldPersist`-rejected values reached peers anyway.** The predicate keeps transient errors out of the disk bag and the L2 write-through, but the re-warm is a third way in and was not gated: `SetMemoryOnly` indexed every value it cached, and `WarmSharedCache` cannot tell a timeout from a real answer. It now takes a `shareable` flag, false only on the transient path.\n\n- **The speculative DNS path had no share in the L2 at all.** It wrote with `Set` (L1, bag and index but not Redis) and read with `TryGet` (L1 only), so each pod re-probed the same 39 absent selectors and no pod could see another's answer. Fixing only the write would have been pointless with an L1-only read. `Set` now performs the write-through itself rather than leaving it to the one caller inside `GetOrCreateAsync`, and `TryGetSharedAsync` is the read half for callers that cannot use `GetOrCreateAsync` — the speculative path cannot, because it must not cache its own timeouts.\n\n## CI was not running any of this\n\nThe Redis-backed tests self-skip when nothing is listening, which is right for a dev box. CI had no Redis, so they skipped there too: the last run on `main` reported 315 of 315 passed while logging `SKIPPED: no Redis` 43 times. Every shared-cache fix in this PR would have gone green whether or not it worked.\n\nThe build job now runs a `redis:7-alpine` service on 6380. `RedisTestPrerequisiteTests` keeps it that way — with `EDNSV_REQUIRE_REDIS=1`, set only on the CI test step, an unreachable Redis fails with a message naming the consequence. A dev box without Redis still skips.\n\nAlso removes five private helpers in `DnsResolverService` with no callers (`SetQueryCache`, `SetPtrCache`, `SetServerQueryCache`, `TryGetPtrCache`, `TryGetServerQueryCache`). The three `Set` ones called `ProbeCache.Set` with no entry TTL — the un-gated write this PR has just finished removing from the speculative path.\n\n## Verification\n\nFull suite green locally against a real Redis on 6380. Each behavioural fix was checked against its own tests by reverting the change in place first:\n\n| Change | Tests that fail without it |\n|---|---|\n| Floor-not-default | `AResponseThatPublishedNoTtlInheritsTheCacheTtl` |\n| L2 hit lifetime | `AnL2HitDoesNotRestartTheClockInL1`, `WithNoConfiguredTtlAnL2HitTakesTheSharedKeysRemainingLife` |\n| Index gating | `AWarmDoesNotPublishWhatShouldPersistRejected` |\n| `Set` write-through | `APlainSetIsWrittenThroughToTheSharedTier`, `APlainSetCarriesTheEntryTtlToTheSharedTier` |\n\nThe CI-guard test was verified in all three states: unset skips, set with Redis passes, set without Redis fails.\n\n**Not verified:** actual `cnn.com` TTLs. Outbound DNS and DoH are both blocked in the environment this was developed in, so the probe-count reasoning comes from reading the default lists in `Checks/ICheck.cs`, not a live run. `DiskCacheTests.RetryErrors_KeepsSuccessfulEntries` fails there for the same reason (it asserts on a live `GET http://example.com`); it passes in CI and on `main`.\n\n**Unchanged:** `DnsCacheMinTtlSeconds` still ships at `0`. This PR changes what the setting means when enabled; it does not enable it.\n\n---\n_Generated by [Claude Code](https://claude.ai/code/session_014SVV2X6y5grwQLEV6xuUQz)_",
2026-07-28T02:51:14.0496769Z             "changed_files": 12,
2026-07-28T02:51:14.0497019Z             "closed_at": null,
2026-07-28T02:51:14.0497250Z             "comments": 0,
2026-07-28T02:51:14.0497620Z             "comments_url": "https://api.github.com/repos/pkinerd/ednsv/issues/30/comments",
2026-07-28T02:51:14.0498182Z             "commits": 6,
2026-07-28T02:51:14.0498699Z             "commits_url": "https://api.github.com/repos/pkinerd/ednsv/pulls/30/commits",
2026-07-28T02:51:14.0499351Z             "created_at": "2026-07-28T02:49:20Z",
2026-07-28T02:51:14.0499777Z             "deletions": 82,
2026-07-28T02:51:14.0500174Z             "diff_url": "https://github.com/pkinerd/ednsv/pull/30.diff",
2026-07-28T02:51:14.0513483Z             "draft": false,
2026-07-28T02:51:14.0514318Z             "head": {
2026-07-28T02:51:14.0514651Z               "label": "pkinerd:claude/ttl-caching-behavior-1yr8pm",
2026-07-28T02:51:14.0515040Z               "ref": "claude/ttl-caching-behavior-1yr8pm",
2026-07-28T02:51:14.0515334Z               "repo": {
2026-07-28T02:51:14.0515558Z                 "allow_auto_merge": false,
2026-07-28T02:51:14.0515819Z                 "allow_forking": true,
2026-07-28T02:51:14.0516072Z                 "allow_merge_commit": true,
2026-07-28T02:51:14.0516334Z                 "allow_rebase_merge": true,
2026-07-28T02:51:14.0516629Z                 "allow_squash_merge": true,
2026-07-28T02:51:14.0516892Z                 "allow_update_branch": false,
2026-07-28T02:51:14.0517345Z                 "archive_url": "https://api.github.com/repos/pkinerd/ednsv/{archive_format}{/ref}",
2026-07-28T02:51:14.0517777Z                 "archived": false,
2026-07-28T02:51:14.0518169Z                 "assignees_url": "https://api.github.com/repos/pkinerd/ednsv/assignees{/user}",
2026-07-28T02:51:14.0518690Z                 "blobs_url": "https://api.github.com/repos/pkinerd/ednsv/git/blobs{/sha}",
2026-07-28T02:51:14.0519210Z                 "branches_url": "https://api.github.com/repos/pkinerd/ednsv/branches{/branch}",
2026-07-28T02:51:14.0519673Z                 "clone_url": "https://github.com/pkinerd/ednsv.git",
2026-07-28T02:51:14.0520200Z                 "collaborators_url": "https://api.github.com/repos/pkinerd/ednsv/collaborators{/collaborator}",
2026-07-28T02:51:14.0520809Z                 "comments_url": "https://api.github.com/repos/pkinerd/ednsv/comments{/number}",
2026-07-28T02:51:14.0521324Z                 "commits_url": "https://api.github.com/repos/pkinerd/ednsv/commits{/sha}",
2026-07-28T02:51:14.0521858Z                 "compare_url": "https://api.github.com/repos/pkinerd/ednsv/compare/{base}...{head}",
2026-07-28T02:51:14.0522403Z                 "contents_url": "https://api.github.com/repos/pkinerd/ednsv/contents/{+path}",
2026-07-28T02:51:14.0522934Z                 "contributors_url": "https://api.github.com/repos/pkinerd/ednsv/contributors",
2026-07-28T02:51:14.0523352Z                 "created_at": "2026-03-30T21:24:40Z",
2026-07-28T02:51:14.0523633Z                 "default_branch": "main",
2026-07-28T02:51:14.0524091Z                 "delete_branch_on_merge": false,
2026-07-28T02:51:14.0524517Z                 "deployments_url": "https://api.github.com/repos/pkinerd/ednsv/deployments",
2026-07-28T02:51:14.0524914Z                 "description": null,
2026-07-28T02:51:14.0525160Z                 "disabled": false,
2026-07-28T02:51:14.0525511Z                 "downloads_url": "https://api.github.com/repos/pkinerd/ednsv/downloads",
2026-07-28T02:51:14.0525981Z                 "events_url": "https://api.github.com/repos/pkinerd/ednsv/events",
2026-07-28T02:51:14.0526340Z                 "fork": false,
2026-07-28T02:51:14.0526565Z                 "forks": 0,
2026-07-28T02:51:14.0526783Z                 "forks_count": 0,
2026-07-28T02:51:14.0527108Z                 "forks_url": "https://api.github.com/repos/pkinerd/ednsv/forks",
2026-07-28T02:51:14.0527467Z                 "full_name": "pkinerd/ednsv",
2026-07-28T02:51:14.0527873Z                 "git_commits_url": "https://api.github.com/repos/pkinerd/ednsv/git/commits{/sha}",
2026-07-28T02:51:14.0528403Z                 "git_refs_url": "https://api.github.com/repos/pkinerd/ednsv/git/refs{/sha}",
2026-07-28T02:51:14.0528896Z                 "git_tags_url": "https://api.github.com/repos/pkinerd/ednsv/git/tags{/sha}",
2026-07-28T02:51:14.0529314Z                 "git_url": "git://github.com/pkinerd/ednsv.git",
2026-07-28T02:51:14.0529621Z                 "has_discussions": false,
2026-07-28T02:51:14.0529879Z                 "has_downloads": false,
2026-07-28T02:51:14.0530262Z                 "has_issues": true,
2026-07-28T02:51:14.0530494Z                 "has_pages": false,
2026-07-28T02:51:14.0530731Z                 "has_projects": true,
2026-07-28T02:51:14.0530982Z                 "has_pull_requests": true,
2026-07-28T02:51:14.0531376Z                 "has_wiki": true,
2026-07-28T02:51:14.0531608Z                 "homepage": null,
2026-07-28T02:51:14.0531924Z                 "hooks_url": "https://api.github.com/repos/pkinerd/ednsv/hooks",
2026-07-28T02:51:14.0532333Z                 "html_url": "https://github.com/pkinerd/ednsv",
2026-07-28T02:51:14.0532631Z                 "id": 1196602452,
2026-07-28T02:51:14.0532862Z                 "is_template": false,
2026-07-28T02:51:14.0533286Z                 "issue_comment_url": "https://api.github.com/repos/pkinerd/ednsv/issues/comments{/number}",
2026-07-28T02:51:14.0534091Z                 "issue_events_url": "https://api.github.com/repos/pkinerd/ednsv/issues/events{/number}",
2026-07-28T02:51:14.0534738Z                 "issues_url": "https://api.github.com/repos/pkinerd/ednsv/issues{/number}",
2026-07-28T02:51:14.0535245Z                 "keys_url": "https://api.github.com/repos/pkinerd/ednsv/keys{/key_id}",
2026-07-28T02:51:14.0535736Z                 "labels_url": "https://api.github.com/repos/pkinerd/ednsv/labels{/name}",
2026-07-28T02:51:14.0536112Z                 "language": "C#",
2026-07-28T02:51:14.0536456Z                 "languages_url": "https://api.github.com/repos/pkinerd/ednsv/languages",
2026-07-28T02:51:14.0536829Z                 "license": null,
2026-07-28T02:51:14.0537079Z                 "merge_commit_message": "PR_TITLE",
2026-07-28T02:51:14.0537379Z                 "merge_commit_title": "MERGE_MESSAGE",
2026-07-28T02:51:14.0537749Z                 "merges_url": "https://api.github.com/repos/pkinerd/ednsv/merges",
2026-07-28T02:51:14.0538256Z                 "milestones_url": "https://api.github.com/repos/pkinerd/ednsv/milestones{/number}",
2026-07-28T02:51:14.0538674Z                 "mirror_url": null,
2026-07-28T02:51:14.0538910Z                 "name": "ednsv",
2026-07-28T02:51:14.0539143Z                 "node_id": "R_kgDOR1K0VA",
2026-07-28T02:51:14.0539647Z                 "notifications_url": "https://api.github.com/repos/pkinerd/ednsv/notifications{?since,all,participating}",
2026-07-28T02:51:14.0540147Z                 "open_issues": 1,
2026-07-28T02:51:14.0540391Z                 "open_issues_count": 1,
2026-07-28T02:51:14.0540640Z                 "owner": {
2026-07-28T02:51:14.0540976Z                   "avatar_url": "https://avatars.githubusercontent.com/u/169779439?v=4",
2026-07-28T02:51:14.0541463Z                   "events_url": "https://api.github.com/users/pkinerd/events{/privacy}",
2026-07-28T02:51:14.0541931Z                   "followers_url": "https://api.github.com/users/pkinerd/followers",
2026-07-28T02:51:14.0542428Z                   "following_url": "https://api.github.com/users/pkinerd/following{/other_user}",
2026-07-28T02:51:14.0542928Z                   "gists_url": "https://api.github.com/users/pkinerd/gists{/gist_id}",
2026-07-28T02:51:14.0543285Z                   "gravatar_id": "",
2026-07-28T02:51:14.0543565Z                   "html_url": "https://github.com/pkinerd",
2026-07-28T02:51:14.0544040Z                   "id": 169779439,
2026-07-28T02:51:14.0544369Z                   "login": "pkinerd",
2026-07-28T02:51:14.0544628Z                   "node_id": "U_kgDOCh6g7w",
2026-07-28T02:51:14.0544989Z                   "organizations_url": "https://api.github.com/users/pkinerd/orgs",
2026-07-28T02:51:14.0545488Z                   "received_events_url": "https://api.github.com/users/pkinerd/received_events",
2026-07-28T02:51:14.0545951Z                   "repos_url": "https://api.github.com/users/pkinerd/repos",
2026-07-28T02:51:14.0546291Z                   "site_admin": false,
2026-07-28T02:51:14.0546666Z                   "starred_url": "https://api.github.com/users/pkinerd/starred{/owner}{/repo}",
2026-07-28T02:51:14.0547196Z                   "subscriptions_url": "https://api.github.com/users/pkinerd/subscriptions",
2026-07-28T02:51:14.0547730Z                   "type": "User",
2026-07-28T02:51:14.0548008Z                   "url": "https://api.github.com/users/pkinerd",
2026-07-28T02:51:14.0548418Z                   "user_view_type": "public"
2026-07-28T02:51:14.0548669Z                 },
2026-07-28T02:51:14.0548870Z                 "private": false,
2026-07-28T02:51:14.0549133Z                 "pull_request_creation_policy": "all",
2026-07-28T02:51:14.0549524Z                 "pulls_url": "https://api.github.com/repos/pkinerd/ednsv/pulls{/number}",
2026-07-28T02:51:14.0549920Z                 "pushed_at": "2026-07-28T02:48:07Z",
2026-07-28T02:51:14.0550310Z                 "releases_url": "https://api.github.com/repos/pkinerd/ednsv/releases{/id}",
2026-07-28T02:51:14.0550692Z                 "size": 41770,
2026-07-28T02:51:14.0550958Z                 "squash_merge_commit_message": "COMMIT_MESSAGES",
2026-07-28T02:51:14.0551302Z                 "squash_merge_commit_title": "COMMIT_OR_PR_TITLE",
2026-07-28T02:51:14.0551645Z                 "ssh_url": "git@github.com:pkinerd/ednsv.git",
2026-07-28T02:51:14.0551943Z                 "stargazers_count": 0,
2026-07-28T02:51:14.0552315Z                 "stargazers_url": "https://api.github.com/repos/pkinerd/ednsv/stargazers",
2026-07-28T02:51:14.0552818Z                 "statuses_url": "https://api.github.com/repos/pkinerd/ednsv/statuses/{sha}",
2026-07-28T02:51:14.0553327Z                 "subscribers_url": "https://api.github.com/repos/pkinerd/ednsv/subscribers",
2026-07-28T02:51:14.0553846Z                 "subscription_url": "https://api.github.com/repos/pkinerd/ednsv/subscription",
2026-07-28T02:51:14.0554604Z                 "svn_url": "https://github.com/pkinerd/ednsv",
2026-07-28T02:51:14.0554977Z                 "tags_url": "https://api.github.com/repos/pkinerd/ednsv/tags",
2026-07-28T02:51:14.0555411Z                 "teams_url": "https://api.github.com/repos/pkinerd/ednsv/teams",
2026-07-28T02:51:14.0555765Z                 "topics": [],
2026-07-28T02:51:14.0556106Z                 "trees_url": "https://api.github.com/repos/pkinerd/ednsv/git/trees{/sha}",
2026-07-28T02:51:14.0556499Z                 "updated_at": "2026-07-27T03:28:49Z",
2026-07-28T02:51:14.0556827Z                 "url": "https://api.github.com/repos/pkinerd/ednsv",
2026-07-28T02:51:14.0557169Z                 "use_squash_pr_title_as_default": false,
2026-07-28T02:51:14.0557453Z                 "visibility": "public",
2026-07-28T02:51:14.0557699Z                 "watchers": 0,
2026-07-28T02:51:14.0557918Z                 "watchers_count": 0,
2026-07-28T02:51:14.0558185Z                 "web_commit_signoff_required": false
2026-07-28T02:51:14.0558449Z               },
2026-07-28T02:51:14.0558682Z               "sha": "903c36e83f8a970bee71cd2d9565683cb8e3c437",
2026-07-28T02:51:14.0558973Z               "user": {
2026-07-28T02:51:14.0559291Z                 "avatar_url": "https://avatars.githubusercontent.com/u/169779439?v=4",
2026-07-28T02:51:14.0559766Z                 "events_url": "https://api.github.com/users/pkinerd/events{/privacy}",
2026-07-28T02:51:14.0560228Z                 "followers_url": "https://api.github.com/users/pkinerd/followers",
2026-07-28T02:51:14.0560726Z                 "following_url": "https://api.github.com/users/pkinerd/following{/other_user}",
2026-07-28T02:51:14.0561217Z                 "gists_url": "https://api.github.com/users/pkinerd/gists{/gist_id}",
2026-07-28T02:51:14.0561575Z                 "gravatar_id": "",
2026-07-28T02:51:14.0561846Z                 "html_url": "https://github.com/pkinerd",
2026-07-28T02:51:14.0562127Z                 "id": 169779439,
2026-07-28T02:51:14.0562356Z                 "login": "pkinerd",
2026-07-28T02:51:14.0562609Z                 "node_id": "U_kgDOCh6g7w",
2026-07-28T02:51:14.0562966Z                 "organizations_url": "https://api.github.com/users/pkinerd/orgs",
2026-07-28T02:51:14.0563464Z                 "received_events_url": "https://api.github.com/users/pkinerd/received_events",
2026-07-28T02:51:14.0564328Z                 "repos_url": "https://api.github.com/users/pkinerd/repos",
2026-07-28T02:51:14.0564676Z                 "site_admin": false,
2026-07-28T02:51:14.0565167Z                 "starred_url": "https://api.github.com/users/pkinerd/starred{/owner}{/repo}",
2026-07-28T02:51:14.0565738Z                 "subscriptions_url": "https://api.github.com/users/pkinerd/subscriptions",
2026-07-28T02:51:14.0566127Z                 "type": "User",
2026-07-28T02:51:14.0566398Z                 "url": "https://api.github.com/users/pkinerd",
2026-07-28T02:51:14.0566700Z                 "user_view_type": "public"
2026-07-28T02:51:14.0566939Z               }
2026-07-28T02:51:14.0567116Z             },
2026-07-28T02:51:14.0567364Z             "html_url": "https://github.com/pkinerd/ednsv/pull/30",
2026-07-28T02:51:14.0567676Z             "id": 4147765826,
2026-07-28T02:51:14.0567993Z             "issue_url": "https://api.github.com/repos/pkinerd/ednsv/issues/30",
2026-07-28T02:51:14.0568352Z             "labels": [],
2026-07-28T02:51:14.0568564Z             "locked": false,
2026-07-28T02:51:14.0568795Z             "maintainer_can_modify": false,
2026-07-28T02:51:14.0569057Z             "merge_commit_sha": null,
2026-07-28T02:51:14.0569306Z             "mergeable": null,
2026-07-28T02:51:14.0569540Z             "mergeable_state": "unknown",
2026-07-28T02:51:14.0569789Z             "merged": false,
2026-07-28T02:51:14.0569999Z             "merged_at": null,
2026-07-28T02:51:14.0570209Z             "merged_by": null,
2026-07-28T02:51:14.0570419Z             "milestone": null,
2026-07-28T02:51:14.0570653Z             "node_id": "PR_kwDOR1K0VM73OeJC",
2026-07-28T02:51:14.0570913Z             "number": 30,
2026-07-28T02:51:14.0571198Z             "patch_url": "https://github.com/pkinerd/ednsv/pull/30.patch",
2026-07-28T02:51:14.0571533Z             "rebaseable": null,
2026-07-28T02:51:14.0571764Z             "requested_reviewers": [],
2026-07-28T02:51:14.0572013Z             "requested_teams": [],
2026-07-28T02:51:14.0572430Z             "review_comment_url": "https://api.github.com/repos/pkinerd/ednsv/pulls/comments{/number}",
2026-07-28T02:51:14.0572864Z             "review_comments": 0,
2026-07-28T02:51:14.0573257Z             "review_comments_url": "https://api.github.com/repos/pkinerd/ednsv/pulls/30/comments",
2026-07-28T02:51:14.0573665Z             "state": "open",
2026-07-28T02:51:14.0574427Z             "statuses_url": "https://api.github.com/repos/pkinerd/ednsv/statuses/903c36e83f8a970bee71cd2d9565683cb8e3c437",
2026-07-28T02:51:14.0575078Z             "title": "Make DNS cache TTLs mean what they say, and stop the tiers drifting apart",
2026-07-28T02:51:14.0575490Z             "updated_at": "2026-07-28T02:49:20Z",
2026-07-28T02:51:14.0575827Z             "url": "https://api.github.com/repos/pkinerd/ednsv/pulls/30",
2026-07-28T02:51:14.0576148Z             "user": {
2026-07-28T02:51:14.0576466Z               "avatar_url": "https://avatars.githubusercontent.com/u/169779439?v=4",
2026-07-28T02:51:14.0576940Z               "events_url": "https://api.github.com/users/pkinerd/events{/privacy}",
2026-07-28T02:51:14.0577396Z               "followers_url": "https://api.github.com/users/pkinerd/followers",
2026-07-28T02:51:14.0577891Z               "following_url": "https://api.github.com/users/pkinerd/following{/other_user}",
2026-07-28T02:51:14.0578377Z               "gists_url": "https://api.github.com/users/pkinerd/gists{/gist_id}",
2026-07-28T02:51:14.0578726Z               "gravatar_id": "",
2026-07-28T02:51:14.0578990Z               "html_url": "https://github.com/pkinerd",
2026-07-28T02:51:14.0579267Z               "id": 169779439,
2026-07-28T02:51:14.0579489Z               "login": "pkinerd",
2026-07-28T02:51:14.0579730Z               "node_id": "U_kgDOCh6g7w",
2026-07-28T02:51:14.0580081Z               "organizations_url": "https://api.github.com/users/pkinerd/orgs",
2026-07-28T02:51:14.0580573Z               "received_events_url": "https://api.github.com/users/pkinerd/received_events",
2026-07-28T02:51:14.0581174Z               "repos_url": "https://api.github.com/users/pkinerd/repos",
2026-07-28T02:51:14.0581502Z               "site_admin": false,
2026-07-28T02:51:14.0581984Z               "starred_url": "https://api.github.com/users/pkinerd/starred{/owner}{/repo}",
2026-07-28T02:51:14.0582498Z               "subscriptions_url": "https://api.github.com/users/pkinerd/subscriptions",
2026-07-28T02:51:14.0582883Z               "type": "User",
2026-07-28T02:51:14.0583147Z               "url": "https://api.github.com/users/pkinerd",
2026-07-28T02:51:14.0583445Z               "user_view_type": "public"
2026-07-28T02:51:14.0583681Z             }
2026-07-28T02:51:14.0583855Z           },
2026-07-28T02:51:14.0584186Z           "repository": {
2026-07-28T02:51:14.0584403Z             "allow_forking": true,
2026-07-28T02:51:14.0584783Z             "archive_url": "https://api.github.com/repos/pkinerd/ednsv/{archive_format}{/ref}",
2026-07-28T02:51:14.0585185Z             "archived": false,
2026-07-28T02:51:14.0585548Z             "assignees_url": "https://api.github.com/repos/pkinerd/ednsv/assignees{/user}",
2026-07-28T02:51:14.0586051Z             "blobs_url": "https://api.github.com/repos/pkinerd/ednsv/git/blobs{/sha}",
2026-07-28T02:51:14.0586552Z             "branches_url": "https://api.github.com/repos/pkinerd/ednsv/branches{/branch}",
2026-07-28T02:51:14.0586995Z             "clone_url": "https://github.com/pkinerd/ednsv.git",
2026-07-28T02:51:14.0587491Z             "collaborators_url": "https://api.github.com/repos/pkinerd/ednsv/collaborators{/collaborator}",
2026-07-28T02:51:14.0588064Z             "comments_url": "https://api.github.com/repos/pkinerd/ednsv/comments{/number}",
2026-07-28T02:51:14.0588562Z             "commits_url": "https://api.github.com/repos/pkinerd/ednsv/commits{/sha}",
2026-07-28T02:51:14.0589074Z             "compare_url": "https://api.github.com/repos/pkinerd/ednsv/compare/{base}...{head}",
2026-07-28T02:51:14.0589596Z             "contents_url": "https://api.github.com/repos/pkinerd/ednsv/contents/{+path}",
2026-07-28T02:51:14.0590112Z             "contributors_url": "https://api.github.com/repos/pkinerd/ednsv/contributors",
2026-07-28T02:51:14.0590514Z             "created_at": "2026-03-30T21:24:40Z",
2026-07-28T02:51:14.0590786Z             "default_branch": "main",
2026-07-28T02:51:14.0591151Z             "deployments_url": "https://api.github.com/repos/pkinerd/ednsv/deployments",
2026-07-28T02:51:14.0591538Z             "description": null,
2026-07-28T02:51:14.0591765Z             "disabled": false,
2026-07-28T02:51:14.0592094Z             "downloads_url": "https://api.github.com/repos/pkinerd/ednsv/downloads",
2026-07-28T02:51:14.0592559Z             "events_url": "https://api.github.com/repos/pkinerd/ednsv/events",
2026-07-28T02:51:14.0592906Z             "fork": false,
2026-07-28T02:51:14.0593116Z             "forks": 0,
2026-07-28T02:51:14.0593321Z             "forks_count": 0,
2026-07-28T02:51:14.0593633Z             "forks_url": "https://api.github.com/repos/pkinerd/ednsv/forks",
2026-07-28T02:51:14.0594137Z             "full_name": "pkinerd/ednsv",
2026-07-28T02:51:14.0594532Z             "git_commits_url": "https://api.github.com/repos/pkinerd/ednsv/git/commits{/sha}",
2026-07-28T02:51:14.0595052Z             "git_refs_url": "https://api.github.com/repos/pkinerd/ednsv/git/refs{/sha}",
2026-07-28T02:51:14.0595539Z             "git_tags_url": "https://api.github.com/repos/pkinerd/ednsv/git/tags{/sha}",
2026-07-28T02:51:14.0595954Z             "git_url": "git://github.com/pkinerd/ednsv.git",
2026-07-28T02:51:14.0596257Z             "has_discussions": false,
2026-07-28T02:51:14.0596510Z             "has_downloads": false,
2026-07-28T02:51:14.0596746Z             "has_issues": true,
2026-07-28T02:51:14.0596967Z             "has_pages": false,
2026-07-28T02:51:14.0597192Z             "has_projects": true,
2026-07-28T02:51:14.0597432Z             "has_pull_requests": true,
2026-07-28T02:51:14.0597674Z             "has_wiki": true,
2026-07-28T02:51:14.0597889Z             "homepage": null,
2026-07-28T02:51:14.0598322Z             "hooks_url": "https://api.github.com/repos/pkinerd/ednsv/hooks",
2026-07-28T02:51:14.0598709Z             "html_url": "https://github.com/pkinerd/ednsv",
2026-07-28T02:51:14.0598996Z             "id": 1196602452,
2026-07-28T02:51:14.0599311Z             "is_template": false,
2026-07-28T02:51:14.0599723Z             "issue_comment_url": "https://api.github.com/repos/pkinerd/ednsv/issues/comments{/number}",
2026-07-28T02:51:14.0600315Z             "issue_events_url": "https://api.github.com/repos/pkinerd/ednsv/issues/events{/number}",
2026-07-28T02:51:14.0600845Z             "issues_url": "https://api.github.com/repos/pkinerd/ednsv/issues{/number}",
2026-07-28T02:51:14.0601326Z             "keys_url": "https://api.github.com/repos/pkinerd/ednsv/keys{/key_id}",
2026-07-28T02:51:14.0601794Z             "labels_url": "https://api.github.com/repos/pkinerd/ednsv/labels{/name}",
2026-07-28T02:51:14.0602160Z             "language": "C#",
2026-07-28T02:51:14.0602498Z             "languages_url": "https://api.github.com/repos/pkinerd/ednsv/languages",
2026-07-28T02:51:14.0602867Z             "license": null,
2026-07-28T02:51:14.0603176Z             "merges_url": "https://api.github.com/repos/pkinerd/ednsv/merges",
2026-07-28T02:51:14.0603680Z             "milestones_url": "https://api.github.com/repos/pkinerd/ednsv/milestones{/number}",
2026-07-28T02:51:14.0604205Z             "mirror_url": null,
2026-07-28T02:51:14.0604426Z             "name": "ednsv",
2026-07-28T02:51:14.0604650Z             "node_id": "R_kgDOR1K0VA",
2026-07-28T02:51:14.0605131Z             "notifications_url": "https://api.github.com/repos/pkinerd/ednsv/notifications{?since,all,participating}",
2026-07-28T02:51:14.0605627Z             "open_issues": 1,
2026-07-28T02:51:14.0605852Z             "open_issues_count": 1,
2026-07-28T02:51:14.0606082Z             "owner": {
2026-07-28T02:51:14.0606392Z               "avatar_url": "https://avatars.githubusercontent.com/u/169779439?v=4",
2026-07-28T02:51:14.0606860Z               "events_url": "https://api.github.com/users/pkinerd/events{/privacy}",
2026-07-28T02:51:14.0607313Z               "followers_url": "https://api.github.com/users/pkinerd/followers",
2026-07-28T02:51:14.0607800Z               "following_url": "https://api.github.com/users/pkinerd/following{/other_user}",
2026-07-28T02:51:14.0608290Z               "gists_url": "https://api.github.com/users/pkinerd/gists{/gist_id}",
2026-07-28T02:51:14.0608644Z               "gravatar_id": "",
2026-07-28T02:51:14.0608905Z               "html_url": "https://github.com/pkinerd",
2026-07-28T02:51:14.0609182Z               "id": 169779439,
2026-07-28T02:51:14.0609405Z               "login": "pkinerd",
2026-07-28T02:51:14.0609644Z               "node_id": "U_kgDOCh6g7w",
2026-07-28T02:51:14.0609994Z               "organizations_url": "https://api.github.com/users/pkinerd/orgs",
2026-07-28T02:51:14.0610482Z               "received_events_url": "https://api.github.com/users/pkinerd/received_events",
2026-07-28T02:51:14.0610952Z               "repos_url": "https://api.github.com/users/pkinerd/repos",
2026-07-28T02:51:14.0611286Z               "site_admin": false,
2026-07-28T02:51:14.0611646Z               "starred_url": "https://api.github.com/users/pkinerd/starred{/owner}{/repo}",
2026-07-28T02:51:14.0612156Z               "subscriptions_url": "https://api.github.com/users/pkinerd/subscriptions",
2026-07-28T02:51:14.0612536Z               "type": "User",
2026-07-28T02:51:14.0612795Z               "url": "https://api.github.com/users/pkinerd",
2026-07-28T02:51:14.0613095Z               "user_view_type": "public"
2026-07-28T02:51:14.0613332Z             },
2026-07-28T02:51:14.0613518Z             "private": false,
2026-07-28T02:51:14.0613761Z             "pull_request_creation_policy": "all",
2026-07-28T02:51:14.0614451Z             "pulls_url": "https://api.github.com/repos/pkinerd/ednsv/pulls{/number}",
2026-07-28T02:51:14.0614844Z             "pushed_at": "2026-07-28T02:48:07Z",
2026-07-28T02:51:14.0615367Z             "releases_url": "https://api.github.com/repos/pkinerd/ednsv/releases{/id}",
2026-07-28T02:51:14.0615744Z             "size": 41770,
2026-07-28T02:51:14.0615996Z             "ssh_url": "git@github.com:pkinerd/ednsv.git",
2026-07-28T02:51:14.0616427Z             "stargazers_count": 0,
2026-07-28T02:51:14.0616790Z             "stargazers_url": "https://api.github.com/repos/pkinerd/ednsv/stargazers",
2026-07-28T02:51:14.0617288Z             "statuses_url": "https://api.github.com/repos/pkinerd/ednsv/statuses/{sha}",
2026-07-28T02:51:14.0617787Z             "subscribers_url": "https://api.github.com/repos/pkinerd/ednsv/subscribers",
2026-07-28T02:51:14.0618301Z             "subscription_url": "https://api.github.com/repos/pkinerd/ednsv/subscription",
2026-07-28T02:51:14.0618736Z             "svn_url": "https://github.com/pkinerd/ednsv",
2026-07-28T02:51:14.0619099Z             "tags_url": "https://api.github.com/repos/pkinerd/ednsv/tags",
2026-07-28T02:51:14.0619519Z             "teams_url": "https://api.github.com/repos/pkinerd/ednsv/teams",
2026-07-28T02:51:14.0619864Z             "topics": [],
2026-07-28T02:51:14.0620188Z             "trees_url": "https://api.github.com/repos/pkinerd/ednsv/git/trees{/sha}",
2026-07-28T02:51:14.0620575Z             "updated_at": "2026-07-27T03:28:49Z",
2026-07-28T02:51:14.0620895Z             "url": "https://api.github.com/repos/pkinerd/ednsv",
2026-07-28T02:51:14.0621208Z             "visibility": "public",
2026-07-28T02:51:14.0621447Z             "watchers": 0,
2026-07-28T02:51:14.0621660Z             "watchers_count": 0,
2026-07-28T02:51:14.0621906Z             "web_commit_signoff_required": false
2026-07-28T02:51:14.0622159Z           },
2026-07-28T02:51:14.0622336Z           "sender": {
2026-07-28T02:51:14.0622648Z             "avatar_url": "https://avatars.githubusercontent.com/u/169779439?v=4",
2026-07-28T02:51:14.0623115Z             "events_url": "https://api.github.com/users/pkinerd/events{/privacy}",
2026-07-28T02:51:14.0623566Z             "followers_url": "https://api.github.com/users/pkinerd/followers",
2026-07-28T02:51:14.0624183Z             "following_url": "https://api.github.com/users/pkinerd/following{/other_user}",
2026-07-28T02:51:14.0624671Z             "gists_url": "https://api.github.com/users/pkinerd/gists{/gist_id}",
2026-07-28T02:51:14.0625022Z             "gravatar_id": "",
2026-07-28T02:51:14.0625280Z             "html_url": "https://github.com/pkinerd",
2026-07-28T02:51:14.0625555Z             "id": 169779439,
2026-07-28T02:51:14.0625772Z             "login": "pkinerd",
2026-07-28T02:51:14.0626006Z             "node_id": "U_kgDOCh6g7w",
2026-07-28T02:51:14.0626353Z             "organizations_url": "https://api.github.com/users/pkinerd/orgs",
2026-07-28T02:51:14.0626843Z             "received_events_url": "https://api.github.com/users/pkinerd/received_events",
2026-07-28T02:51:14.0627296Z             "repos_url": "https://api.github.com/users/pkinerd/repos",
2026-07-28T02:51:14.0627619Z             "site_admin": false,
2026-07-28T02:51:14.0627972Z             "starred_url": "https://api.github.com/users/pkinerd/starred{/owner}{/repo}",
2026-07-28T02:51:14.0628475Z             "subscriptions_url": "https://api.github.com/users/pkinerd/subscriptions",
2026-07-28T02:51:14.0628855Z             "type": "User",
2026-07-28T02:51:14.0629113Z             "url": "https://api.github.com/users/pkinerd",
2026-07-28T02:51:14.0629408Z             "user_view_type": "public"
2026-07-28T02:51:14.0629643Z           }
2026-07-28T02:51:14.0629814Z         },
2026-07-28T02:51:14.0629997Z         "github_job": "docker",
2026-07-28T02:51:14.0630232Z         "github_ref": "refs/pull/30/merge",
2026-07-28T02:51:14.0630494Z         "github_ref_name": "30/merge",
2026-07-28T02:51:14.0630744Z         "github_ref_protected": "false",
2026-07-28T02:51:14.0630999Z         "github_ref_type": "branch",
2026-07-28T02:51:14.0631256Z         "github_repository": "pkinerd/ednsv",
2026-07-28T02:51:14.0631536Z         "github_repository_id": "1196602452",
2026-07-28T02:51:14.0631930Z         "github_repository_owner": "pkinerd",
2026-07-28T02:51:14.0632217Z         "github_repository_owner_id": "169779439",
2026-07-28T02:51:14.0632498Z         "github_run_attempt": "1",
2026-07-28T02:51:14.0632740Z         "github_run_id": "30324195733",
2026-07-28T02:51:14.0633084Z         "github_run_number": "235",
2026-07-28T02:51:14.0633330Z         "github_runner_arch": "X64",
2026-07-28T02:51:14.0633611Z         "github_runner_environment": "github-hosted",
2026-07-28T02:51:14.0634060Z         "github_runner_image_os": "ubuntu24",
2026-07-28T02:51:14.0634356Z         "github_runner_image_version": "20260720.247.2",
2026-07-28T02:51:14.0634675Z         "github_runner_name": "GitHub Actions 1000002249",
2026-07-28T02:51:14.0634965Z         "github_runner_os": "Linux",
2026-07-28T02:51:14.0635329Z         "github_runner_tracking_id": "github_7222c48b-799f-42ef-a43c-a332ab292976",
2026-07-28T02:51:14.0635733Z         "github_server_url": "https://github.com",
2026-07-28T02:51:14.0636024Z         "github_triggering_actor": "pkinerd",
2026-07-28T02:51:14.0636295Z         "github_workflow": "CI",
2026-07-28T02:51:14.0636671Z         "github_workflow_ref": "pkinerd/ednsv/.github/workflows/ci.yml@refs/pull/30/merge",
2026-07-28T02:51:14.0637158Z         "github_workflow_sha": "7ac927f3646685884f88c55189cec02a7a3feb3f",
2026-07-28T02:51:14.0637525Z         "platform": "linux/amd64"
2026-07-28T02:51:14.0637752Z       }
2026-07-28T02:51:14.0637920Z     }
2026-07-28T02:51:14.0638087Z   },
2026-07-28T02:51:14.0638628Z   "buildx.build.ref": "builder-cbd274b2-a6a5-453c-aed1-617928bf8462/builder-cbd274b2-a6a5-453c-aed1-617928bf84620/n4jjhtyjhbtuiil4h1wu4kift",
2026-07-28T02:51:14.0639265Z   "containerimage.descriptor": {
2026-07-28T02:51:14.0639569Z     "mediaType": "application/vnd.oci.image.index.v1+json",
2026-07-28T02:51:14.0640024Z     "digest": "sha256:55003fd57f680af5a24ec5080116c479ad1455f43313e1030aa502ed721df7d0",
2026-07-28T02:51:14.0640433Z     "size": 856
2026-07-28T02:51:14.0640615Z   },
2026-07-28T02:51:14.0640994Z   "containerimage.digest": "sha256:55003fd57f680af5a24ec5080116c479ad1455f43313e1030aa502ed721df7d0",
2026-07-28T02:51:14.0641692Z   "image.name": "ghcr.io/pkinerd/ednsv:pr-30,ghcr.io/pkinerd/ednsv:latest-any,ghcr.io/pkinerd/ednsv:sha-7ac927f"
2026-07-28T02:51:14.0642169Z }
2026-07-28T02:51:14.0642537Z ##[endgroup]
2026-07-28T02:51:14.0642855Z ##[group]Reference
2026-07-28T02:51:14.0643340Z builder-cbd274b2-a6a5-453c-aed1-617928bf8462/builder-cbd274b2-a6a5-453c-aed1-617928bf84620/n4jjhtyjhbtuiil4h1wu4kift
2026-07-28T02:51:14.0644128Z ##[endgroup]
2026-07-28T02:51:14.0644485Z ##[group]Check build summary support
2026-07-28T02:51:14.0644875Z Build summary supported!
2026-07-28T02:51:14.0645206Z ##[endgroup]
2026-07-28T02:51:14.0742825Z Node 20 is being deprecated. This workflow is running with Node 24 by default. If you need to temporarily use Node 20, you can set the ACTIONS_ALLOW_USE_UNSECURE_NODE_VERSION=true environment variable. For more information see: https://github.blog/changelog/2025-09-19-deprecation-of-node-20-on-github-actions-runners/
2026-07-28T02:51:14.0744441Z Post job cleanup.
2026-07-28T02:51:14.3085891Z ##[group]Generating build summary
2026-07-28T02:51:14.3090734Z exporting build record to /home/runner/work/_temp/docker-actions-toolkit-BsjUvm/export
2026-07-28T02:51:14.3103490Z (node:3270) [DEP0040] DeprecationWarning: The `punycode` module is deprecated. Please use a userland alternative instead.
2026-07-28T02:51:14.3104869Z (Use `node --trace-deprecation ...` to show where the warning was created)
2026-07-28T02:51:14.5204220Z [command]/usr/bin/docker buildx history export --builder builder-cbd274b2-a6a5-453c-aed1-617928bf8462 --output /home/runner/work/_temp/docker-actions-toolkit-BsjUvm/export/pkinerd~ednsv~N4JJHT.dockerbuild n4jjhtyjhbtuiil4h1wu4kift --finalize
2026-07-28T02:51:14.7633699Z Build record written to /home/runner/work/_temp/docker-actions-toolkit-BsjUvm/export/pkinerd~ednsv~N4JJHT.dockerbuild (59.15 KB)
2026-07-28T02:51:14.7661548Z Uploading pkinerd~ednsv~N4JJHT.dockerbuild to blob storage
2026-07-28T02:51:14.8876029Z Beginning upload of artifact content to blob storage
2026-07-28T02:51:14.8961986Z (node:3270) [DEP0169] DeprecationWarning: `url.parse()` behavior is not standardized and prone to errors that have security implications. Use the WHATWG URL API instead. CVEs are not issued for `url.parse()` vulnerabilities.
2026-07-28T02:51:14.8969923Z Uploaded bytes 60571
2026-07-28T02:51:14.9217413Z Finished uploading artifact content to blob storage!
2026-07-28T02:51:14.9221751Z SHA256 hash of uploaded artifact is ade513328ace159af6741c28492b3722d96dc315273c76306b0b498c234406c0
2026-07-28T02:51:14.9223201Z Finalizing artifact upload
2026-07-28T02:51:15.0991271Z Artifact successfully finalized (8675067525)
2026-07-28T02:51:15.0993372Z Artifact download URL: https://github.com/pkinerd/ednsv/actions/runs/30324195733/artifacts/8675067525
2026-07-28T02:51:15.1028551Z Writing summary
2026-07-28T02:51:15.1042533Z ##[endgroup]
2026-07-28T02:51:15.1043381Z ##[group]Removing temp folder /home/runner/work/_temp/docker-actions-toolkit-Zdllh1
2026-07-28T02:51:15.1045505Z ##[endgroup]
2026-07-28T02:51:15.1046452Z ##[group]Post cache
2026-07-28T02:51:15.1047908Z State not set
2026-07-28T02:51:15.1048933Z ##[endgroup]
2026-07-28T02:51:15.1204584Z Node 20 is being deprecated. This workflow is running with Node 24 by default. If you need to temporarily use Node 20, you can set the ACTIONS_ALLOW_USE_UNSECURE_NODE_VERSION=true environment variable. For more information see: https://github.blog/changelog/2025-09-19-deprecation-of-node-20-on-github-actions-runners/
2026-07-28T02:51:15.1205845Z Post job cleanup.
2026-07-28T02:51:15.4302420Z ##[group]Logout from ghcr.io
2026-07-28T02:51:15.4326415Z (node:3422) [DEP0040] DeprecationWarning: The `punycode` module is deprecated. Please use a userland alternative instead.
2026-07-28T02:51:15.4327896Z (Use `node --trace-deprecation ...` to show where the warning was created)
2026-07-28T02:51:15.4357263Z [command]/usr/bin/docker logout ghcr.io
2026-07-28T02:51:15.4500506Z Removing login credentials for ghcr.io
2026-07-28T02:51:15.4545016Z ##[endgroup]
2026-07-28T02:51:15.4546010Z ##[group]Post cache
2026-07-28T02:51:15.4547178Z State not set
2026-07-28T02:51:15.4548159Z ##[endgroup]
2026-07-28T02:51:15.4730665Z Node 20 is being deprecated. This workflow is running with Node 24 by default. If you need to temporarily use Node 20, you can set the ACTIONS_ALLOW_USE_UNSECURE_NODE_VERSION=true environment variable. For more information see: https://github.blog/changelog/2025-09-19-deprecation-of-node-20-on-github-actions-runners/
2026-07-28T02:51:15.4731924Z Post job cleanup.
2026-07-28T02:51:15.7276105Z ##[group]Removing builder
2026-07-28T02:51:15.7283571Z (node:3442) [DEP0040] DeprecationWarning: The `punycode` module is deprecated. Please use a userland alternative instead.
2026-07-28T02:51:15.7284837Z (Use `node --trace-deprecation ...` to show where the warning was created)
2026-07-28T02:51:15.8318859Z [command]/usr/bin/docker buildx rm builder-cbd274b2-a6a5-453c-aed1-617928bf8462
2026-07-28T02:51:16.5014488Z builder-cbd274b2-a6a5-453c-aed1-617928bf8462 removed
2026-07-28T02:51:16.5049067Z ##[endgroup]
2026-07-28T02:51:16.5049886Z ##[group]Cleaning up certificates
2026-07-28T02:51:16.5052283Z ##[endgroup]
2026-07-28T02:51:16.5052904Z ##[group]Post cache
2026-07-28T02:51:16.5055840Z State not set
2026-07-28T02:51:16.5056572Z ##[endgroup]
2026-07-28T02:51:16.5220467Z Node 20 is being deprecated. This workflow is running with Node 24 by default. If you need to temporarily use Node 20, you can set the ACTIONS_ALLOW_USE_UNSECURE_NODE_VERSION=true environment variable. For more information see: https://github.blog/changelog/2025-09-19-deprecation-of-node-20-on-github-actions-runners/
2026-07-28T02:51:16.5221710Z Post job cleanup.
2026-07-28T02:51:16.6082377Z [command]/usr/bin/git version
2026-07-28T02:51:16.6127109Z git version 2.54.0
2026-07-28T02:51:16.6171188Z Temporarily overriding HOME='/home/runner/work/_temp/29745d35-2e1a-4271-a3be-54a5743e9d17' before making global git config changes
2026-07-28T02:51:16.6172457Z Adding repository directory to the temporary git global config as a safe directory
2026-07-28T02:51:16.6177672Z [command]/usr/bin/git config --global --add safe.directory /home/runner/work/ednsv/ednsv
2026-07-28T02:51:16.6218404Z [command]/usr/bin/git config --local --name-only --get-regexp core\.sshCommand
2026-07-28T02:51:16.6255726Z [command]/usr/bin/git submodule foreach --recursive sh -c "git config --local --name-only --get-regexp 'core\.sshCommand' && git config --local --unset-all 'core.sshCommand' || :"
2026-07-28T02:51:16.6499697Z [command]/usr/bin/git config --local --name-only --get-regexp http\.https\:\/\/github\.com\/\.extraheader
2026-07-28T02:51:16.6527445Z http.https://github.com/.extraheader
2026-07-28T02:51:16.6539218Z [command]/usr/bin/git config --local --unset-all http.https://github.com/.extraheader
2026-07-28T02:51:16.6575342Z [command]/usr/bin/git submodule foreach --recursive sh -c "git config --local --name-only --get-regexp 'http\.https\:\/\/github\.com\/\.extraheader' && git config --local --unset-all 'http.https://github.com/.extraheader' || :"
2026-07-28T02:51:16.6824275Z [command]/usr/bin/git config --local --name-only --get-regexp ^includeIf\.gitdir:
2026-07-28T02:51:16.6861659Z [command]/usr/bin/git submodule foreach --recursive git config --local --show-origin --name-only --get-regexp remote.origin.url
2026-07-28T02:51:16.7247790Z Cleaning up orphan processes
2026-07-28T02:51:16.7690049Z ##[warning]Node.js 20 is deprecated. The following actions target Node.js 20 but are being forced to run on Node.js 24: actions/checkout@v4, docker/build-push-action@v6, docker/login-action@v3, docker/metadata-action@v5, docker/setup-buildx-action@v3. For more information see: https://github.blog/changelog/2025-09-19-deprecation-of-node-20-on-github-actions-runners/
