2026-07-28T05:24:58.9052965Z Current runner version: '2.336.0'
2026-07-28T05:24:58.9088541Z ##[group]Runner Image Provisioner
2026-07-28T05:24:58.9089868Z Hosted Compute Agent
2026-07-28T05:24:58.9090803Z Version: 20260707.563
2026-07-28T05:24:58.9091862Z Commit: 02667638d2b423fbc733a8e32a88b44996a3ba6e
2026-07-28T05:24:58.9093108Z Build Date: 2026-07-07T19:33:50Z
2026-07-28T05:24:58.9094570Z Worker ID: {4d512031-b907-4c74-a0ed-ae173db3bdd8}
2026-07-28T05:24:58.9095976Z Azure Region: eastus
2026-07-28T05:24:58.9096948Z ##[endgroup]
2026-07-28T05:24:58.9099741Z ##[group]Operating System
2026-07-28T05:24:58.9100900Z Ubuntu
2026-07-28T05:24:58.9101765Z 24.04.4
2026-07-28T05:24:58.9102746Z LTS
2026-07-28T05:24:58.9103650Z ##[endgroup]
2026-07-28T05:24:58.9104811Z ##[group]Runner Image
2026-07-28T05:24:58.9105877Z Image: ubuntu-24.04
2026-07-28T05:24:58.9106953Z Version: 20260720.247.2
2026-07-28T05:24:58.9109120Z Included Software: https://github.com/actions/runner-images/blob/ubuntu24/20260720.247/images/ubuntu/Ubuntu2404-Readme.md
2026-07-28T05:24:58.9111835Z Image Release: https://github.com/actions/runner-images/releases/tag/ubuntu24%2F20260720.247
2026-07-28T05:24:58.9113590Z ##[endgroup]
2026-07-28T05:24:58.9115803Z ##[group]GITHUB_TOKEN Permissions
2026-07-28T05:24:58.9118608Z Contents: read
2026-07-28T05:24:58.9119627Z Metadata: read
2026-07-28T05:24:58.9120624Z Packages: write
2026-07-28T05:24:58.9121541Z ##[endgroup]
2026-07-28T05:24:58.9125026Z Secret source: Actions
2026-07-28T05:24:58.9126814Z Prepare workflow directory
2026-07-28T05:24:58.9901062Z Prepare all required actions
2026-07-28T05:24:58.9975896Z Getting action download info
2026-07-28T05:24:59.1820399Z Download action repository 'actions/checkout@v4' (SHA:11d5960a326750d5838078e36cf38b85af677262)
2026-07-28T05:24:59.4166915Z Download action repository 'docker/setup-buildx-action@v3' (SHA:8d2750c68a42422c14e847fe6c8ac0403b4cbd6f)
2026-07-28T05:24:59.5990176Z Download action repository 'docker/login-action@v3' (SHA:c94ce9fb468520275223c153574b00df6fe4bcc9)
2026-07-28T05:24:59.8049670Z Download action repository 'docker/metadata-action@v5' (SHA:c299e40c65443455700f0fdfc63efafe5b349051)
2026-07-28T05:25:00.0647372Z Download action repository 'docker/build-push-action@v6' (SHA:10e90e3645eae34f1e60eeb005ba3a3d33f178e8)
2026-07-28T05:25:00.3395487Z Complete job name: Build & Push Docker Image
2026-07-28T05:25:00.4326350Z Node 20 is being deprecated. This workflow is running with Node 24 by default. If you need to temporarily use Node 20, you can set the ACTIONS_ALLOW_USE_UNSECURE_NODE_VERSION=true environment variable. For more information see: https://github.blog/changelog/2025-09-19-deprecation-of-node-20-on-github-actions-runners/
2026-07-28T05:25:00.4335986Z ##[group]Run actions/checkout@v4
2026-07-28T05:25:00.4336791Z with:
2026-07-28T05:25:00.4337316Z   repository: pkinerd/ednsv
2026-07-28T05:25:00.4340341Z   token: ***
2026-07-28T05:25:00.4340858Z   ssh-strict: true
2026-07-28T05:25:00.4341368Z   ssh-user: git
2026-07-28T05:25:00.4341893Z   persist-credentials: true
2026-07-28T05:25:00.4342466Z   clean: true
2026-07-28T05:25:00.4342984Z   sparse-checkout-cone-mode: true
2026-07-28T05:25:00.4343553Z   fetch-depth: 1
2026-07-28T05:25:00.4344245Z   fetch-tags: false
2026-07-28T05:25:00.4344780Z   show-progress: true
2026-07-28T05:25:00.4345298Z   lfs: false
2026-07-28T05:25:00.4345840Z   submodules: false
2026-07-28T05:25:00.4346349Z   set-safe-directory: true
2026-07-28T05:25:00.4346910Z   allow-unsafe-pr-checkout: false
2026-07-28T05:25:00.4347778Z env:
2026-07-28T05:25:00.4348262Z   REGISTRY: ghcr.io
2026-07-28T05:25:00.4348780Z   IMAGE_NAME: pkinerd/ednsv
2026-07-28T05:25:00.4349311Z ##[endgroup]
2026-07-28T05:25:00.5440992Z Syncing repository: pkinerd/ednsv
2026-07-28T05:25:00.5443818Z ##[group]Getting Git version info
2026-07-28T05:25:00.5445281Z Working directory is '/home/runner/work/ednsv/ednsv'
2026-07-28T05:25:00.5446924Z [command]/usr/bin/git version
2026-07-28T05:25:00.5493343Z git version 2.54.0
2026-07-28T05:25:00.5519769Z ##[endgroup]
2026-07-28T05:25:00.5534821Z Temporarily overriding HOME='/home/runner/work/_temp/f5ebc5be-303d-41bc-8d48-c5eaa6f160b6' before making global git config changes
2026-07-28T05:25:00.5537846Z Adding repository directory to the temporary git global config as a safe directory
2026-07-28T05:25:00.5542051Z [command]/usr/bin/git config --global --add safe.directory /home/runner/work/ednsv/ednsv
2026-07-28T05:25:00.5595473Z Deleting the contents of '/home/runner/work/ednsv/ednsv'
2026-07-28T05:25:00.5601126Z ##[group]Initializing the repository
2026-07-28T05:25:00.5604434Z [command]/usr/bin/git init /home/runner/work/ednsv/ednsv
2026-07-28T05:25:00.5708525Z hint: Using 'master' as the name for the initial branch. This default branch name
2026-07-28T05:25:00.5710265Z hint: will change to "main" in Git 3.0. To configure the initial branch name
2026-07-28T05:25:00.5711685Z hint: to use in all of your new repositories, which will suppress this warning,
2026-07-28T05:25:00.5712853Z hint: call:
2026-07-28T05:25:00.5713670Z hint:
2026-07-28T05:25:00.5714977Z hint: 	git config --global init.defaultBranch <name>
2026-07-28T05:25:00.5715989Z hint:
2026-07-28T05:25:00.5716960Z hint: Names commonly chosen instead of 'master' are 'main', 'trunk' and
2026-07-28T05:25:00.5718383Z hint: 'development'. The just-created branch can be renamed via this command:
2026-07-28T05:25:00.5719591Z hint:
2026-07-28T05:25:00.5720363Z hint: 	git branch -m <name>
2026-07-28T05:25:00.5721186Z hint:
2026-07-28T05:25:00.5722275Z hint: Disable this message with "git config set advice.defaultBranchName false"
2026-07-28T05:25:00.5723758Z Initialized empty Git repository in /home/runner/work/ednsv/ednsv/.git/
2026-07-28T05:25:00.5728355Z [command]/usr/bin/git remote add origin https://github.com/pkinerd/ednsv
2026-07-28T05:25:00.5813043Z ##[endgroup]
2026-07-28T05:25:00.5814752Z ##[group]Disabling automatic garbage collection
2026-07-28T05:25:00.5816016Z [command]/usr/bin/git config --local gc.auto 0
2026-07-28T05:25:00.5856818Z ##[endgroup]
2026-07-28T05:25:00.5858594Z ##[group]Setting up auth
2026-07-28T05:25:00.5861655Z [command]/usr/bin/git config --local --name-only --get-regexp core\.sshCommand
2026-07-28T05:25:00.5905206Z [command]/usr/bin/git submodule foreach --recursive sh -c "git config --local --name-only --get-regexp 'core\.sshCommand' && git config --local --unset-all 'core.sshCommand' || :"
2026-07-28T05:25:00.6287152Z [command]/usr/bin/git config --local --name-only --get-regexp http\.https\:\/\/github\.com\/\.extraheader
2026-07-28T05:25:00.6323374Z [command]/usr/bin/git submodule foreach --recursive sh -c "git config --local --name-only --get-regexp 'http\.https\:\/\/github\.com\/\.extraheader' && git config --local --unset-all 'http.https://github.com/.extraheader' || :"
2026-07-28T05:25:00.6563023Z [command]/usr/bin/git config --local --name-only --get-regexp ^includeIf\.gitdir:
2026-07-28T05:25:00.6601314Z [command]/usr/bin/git submodule foreach --recursive git config --local --show-origin --name-only --get-regexp remote.origin.url
2026-07-28T05:25:00.6832152Z [command]/usr/bin/git config --local http.https://github.com/.extraheader AUTHORIZATION: basic ***
2026-07-28T05:25:00.6872641Z ##[endgroup]
2026-07-28T05:25:00.6873595Z ##[group]Fetching the repository
2026-07-28T05:25:00.6883231Z [command]/usr/bin/git -c protocol.version=2 fetch --no-tags --prune --no-recurse-submodules --depth=1 origin +dad676dcd096bd352fba26f2f5144cec1dd37c79:refs/remotes/pull/30/merge
2026-07-28T05:25:01.0179989Z From https://github.com/pkinerd/ednsv
2026-07-28T05:25:01.0181104Z  * [new ref]         dad676dcd096bd352fba26f2f5144cec1dd37c79 -> pull/30/merge
2026-07-28T05:25:01.0214291Z ##[endgroup]
2026-07-28T05:25:01.0215474Z ##[group]Determining the checkout info
2026-07-28T05:25:01.0217237Z ##[endgroup]
2026-07-28T05:25:01.0230835Z [command]/usr/bin/git sparse-checkout disable
2026-07-28T05:25:01.0280117Z [command]/usr/bin/git config --local --unset-all extensions.worktreeConfig
2026-07-28T05:25:01.0312908Z ##[group]Checking out the ref
2026-07-28T05:25:01.0318790Z [command]/usr/bin/git checkout --progress --force refs/remotes/pull/30/merge
2026-07-28T05:25:01.0480117Z Note: switching to 'refs/remotes/pull/30/merge'.
2026-07-28T05:25:01.0480802Z 
2026-07-28T05:25:01.0481281Z You are in 'detached HEAD' state. You can look around, make experimental
2026-07-28T05:25:01.0482061Z changes and commit them, and you can discard any commits you make in this
2026-07-28T05:25:01.0482778Z state without impacting any branches by switching back to a branch.
2026-07-28T05:25:01.0483173Z 
2026-07-28T05:25:01.0483460Z If you want to create a new branch to retain commits you create, you may
2026-07-28T05:25:01.0484297Z do so (now or later) by using -c with the switch command. Example:
2026-07-28T05:25:01.0484674Z 
2026-07-28T05:25:01.0484870Z   git switch -c <new-branch-name>
2026-07-28T05:25:01.0485143Z 
2026-07-28T05:25:01.0485322Z Or undo this operation with:
2026-07-28T05:25:01.0485577Z 
2026-07-28T05:25:01.0485732Z   git switch -
2026-07-28T05:25:01.0485981Z 
2026-07-28T05:25:01.0486381Z Turn off this advice by setting config variable advice.detachedHead to false
2026-07-28T05:25:01.0486831Z 
2026-07-28T05:25:01.0487305Z HEAD is now at dad676d Merge ab867c4c7b4cdcdf031940c2328306b971f384a7 into b39be414bd0957dd8574f7aa105e6a17842b92ab
2026-07-28T05:25:01.0489512Z ##[endgroup]
2026-07-28T05:25:01.0538217Z [command]/usr/bin/git log -1 --format=%H
2026-07-28T05:25:01.0567269Z dad676dcd096bd352fba26f2f5144cec1dd37c79
2026-07-28T05:25:01.0813944Z ##[group]Run if [ "pull_request" != "pull_request" ]; then
2026-07-28T05:25:01.0814921Z [36;1mif [ "pull_request" != "pull_request" ]; then[0m
2026-07-28T05:25:01.0815448Z [36;1m  echo "push=true" >> "$GITHUB_OUTPUT"[0m
2026-07-28T05:25:01.0815996Z [36;1melif [ "pkinerd/ednsv" = "pkinerd/ednsv" ]; then[0m
2026-07-28T05:25:01.0816526Z [36;1m  echo "push=true" >> "$GITHUB_OUTPUT"[0m
2026-07-28T05:25:01.0816968Z [36;1melse[0m
2026-07-28T05:25:01.0817360Z [36;1m  echo "push=false" >> "$GITHUB_OUTPUT"[0m
2026-07-28T05:25:01.0817802Z [36;1mfi[0m
2026-07-28T05:25:01.0870395Z shell: /usr/bin/bash -e {0}
2026-07-28T05:25:01.0870873Z env:
2026-07-28T05:25:01.0871209Z   REGISTRY: ghcr.io
2026-07-28T05:25:01.0871579Z   IMAGE_NAME: pkinerd/ednsv
2026-07-28T05:25:01.0871962Z ##[endgroup]
2026-07-28T05:25:01.1096748Z Node 20 is being deprecated. This workflow is running with Node 24 by default. If you need to temporarily use Node 20, you can set the ACTIONS_ALLOW_USE_UNSECURE_NODE_VERSION=true environment variable. For more information see: https://github.blog/changelog/2025-09-19-deprecation-of-node-20-on-github-actions-runners/
2026-07-28T05:25:01.1098918Z ##[group]Run docker/setup-buildx-action@v3
2026-07-28T05:25:01.1099340Z with:
2026-07-28T05:25:01.1099677Z   driver: docker-container
2026-07-28T05:25:01.1100042Z   use: true
2026-07-28T05:25:01.1100360Z   keep-state: false
2026-07-28T05:25:01.1100705Z   cache-binary: true
2026-07-28T05:25:01.1101048Z   cleanup: true
2026-07-28T05:25:01.1101376Z   install: false
2026-07-28T05:25:01.1101700Z env:
2026-07-28T05:25:01.1102012Z   REGISTRY: ghcr.io
2026-07-28T05:25:01.1102395Z   IMAGE_NAME: pkinerd/ednsv
2026-07-28T05:25:01.1102759Z ##[endgroup]
2026-07-28T05:25:01.3727525Z (node:2253) [DEP0040] DeprecationWarning: The `punycode` module is deprecated. Please use a userland alternative instead.
2026-07-28T05:25:01.3729689Z (Use `node --trace-deprecation ...` to show where the warning was created)
2026-07-28T05:25:01.3807078Z ##[group]Docker info
2026-07-28T05:25:01.3845345Z [command]/usr/bin/docker version
2026-07-28T05:25:01.4593848Z Client: Docker Engine - Community
2026-07-28T05:25:01.4594941Z  Version:           28.0.4
2026-07-28T05:25:01.4597436Z  API version:       1.48
2026-07-28T05:25:01.4598140Z  Go version:        go1.23.7
2026-07-28T05:25:01.4598779Z  Git commit:        b8034c0
2026-07-28T05:25:01.4599433Z  Built:             Tue Mar 25 15:07:16 2025
2026-07-28T05:25:01.4600126Z  OS/Arch:           linux/amd64
2026-07-28T05:25:01.4600746Z  Context:           default
2026-07-28T05:25:01.4601131Z 
2026-07-28T05:25:01.4601429Z Server: Docker Engine - Community
2026-07-28T05:25:01.4602721Z  Engine:
2026-07-28T05:25:01.4603273Z   Version:          28.0.4
2026-07-28T05:25:01.4604164Z   API version:      1.48 (minimum version 1.24)
2026-07-28T05:25:01.4604929Z   Go version:       go1.23.7
2026-07-28T05:25:01.4605539Z   Git commit:       6430e49
2026-07-28T05:25:01.4606125Z   Built:            Tue Mar 25 15:07:16 2025
2026-07-28T05:25:01.4606543Z   OS/Arch:          linux/amd64
2026-07-28T05:25:01.4606937Z   Experimental:     false
2026-07-28T05:25:01.4607316Z  containerd:
2026-07-28T05:25:01.4607666Z   Version:          v2.2.6
2026-07-28T05:25:01.4608093Z   GitCommit:        11ce9d5f3c68c941867e82890e93e815c1304f1b
2026-07-28T05:25:01.4608750Z  runc:
2026-07-28T05:25:01.4609372Z   Version:          1.3.6
2026-07-28T05:25:01.4610019Z   GitCommit:        v1.3.6-0-g491b69ba
2026-07-28T05:25:01.4610738Z  docker-init:
2026-07-28T05:25:01.4611248Z   Version:          0.19.0
2026-07-28T05:25:01.4611611Z   GitCommit:        de40ad0
2026-07-28T05:25:01.4647844Z [command]/usr/bin/docker info
2026-07-28T05:25:03.9456095Z Client: Docker Engine - Community
2026-07-28T05:25:03.9457521Z  Version:    28.0.4
2026-07-28T05:25:03.9458417Z  Context:    default
2026-07-28T05:25:03.9458891Z  Debug Mode: false
2026-07-28T05:25:03.9459253Z  Plugins:
2026-07-28T05:25:03.9459635Z   buildx: Docker Buildx (Docker Inc.)
2026-07-28T05:25:03.9460306Z     Version:  v0.35.0
2026-07-28T05:25:03.9460801Z     Path:     /usr/libexec/docker/cli-plugins/docker-buildx
2026-07-28T05:25:03.9461431Z   compose: Docker Compose (Docker Inc.)
2026-07-28T05:25:03.9461901Z     Version:  v2.38.2
2026-07-28T05:25:03.9462398Z     Path:     /usr/libexec/docker/cli-plugins/docker-compose
2026-07-28T05:25:03.9463016Z 
2026-07-28T05:25:03.9463152Z Server:
2026-07-28T05:25:03.9463462Z  Containers: 0
2026-07-28T05:25:03.9463801Z   Running: 0
2026-07-28T05:25:03.9464406Z   Paused: 0
2026-07-28T05:25:03.9464724Z   Stopped: 0
2026-07-28T05:25:03.9465041Z  Images: 6
2026-07-28T05:25:03.9465402Z  Server Version: 28.0.4
2026-07-28T05:25:03.9465843Z  Storage Driver: overlay2
2026-07-28T05:25:03.9466262Z   Backing Filesystem: extfs
2026-07-28T05:25:03.9466676Z   Supports d_type: true
2026-07-28T05:25:03.9467463Z   Using metacopy: false
2026-07-28T05:25:03.9467888Z   Native Overlay Diff: false
2026-07-28T05:25:03.9468304Z   userxattr: false
2026-07-28T05:25:03.9469630Z  Logging Driver: json-file
2026-07-28T05:25:03.9470122Z  Cgroup Driver: systemd
2026-07-28T05:25:03.9470545Z  Cgroup Version: 2
2026-07-28T05:25:03.9470973Z  Plugins:
2026-07-28T05:25:03.9471467Z   Volume: local
2026-07-28T05:25:03.9471978Z   Network: bridge host ipvlan macvlan null overlay
2026-07-28T05:25:03.9472900Z   Log: awslogs fluentd gcplogs gelf journald json-file local splunk syslog
2026-07-28T05:25:03.9473663Z  Swarm: inactive
2026-07-28T05:25:03.9474338Z  Runtimes: io.containerd.runc.v2 runc
2026-07-28T05:25:03.9474788Z  Default Runtime: runc
2026-07-28T05:25:03.9475031Z  Init Binary: docker-init
2026-07-28T05:25:03.9475378Z  containerd version: 11ce9d5f3c68c941867e82890e93e815c1304f1b
2026-07-28T05:25:03.9475914Z  runc version: v1.3.6-0-g491b69ba
2026-07-28T05:25:03.9476209Z  init version: de40ad0
2026-07-28T05:25:03.9476449Z  Security Options:
2026-07-28T05:25:03.9476708Z   apparmor
2026-07-28T05:25:03.9476984Z   seccomp
2026-07-28T05:25:03.9477197Z    Profile: builtin
2026-07-28T05:25:03.9477402Z   cgroupns
2026-07-28T05:25:03.9477604Z  Kernel Version: 6.17.0-1020-azure
2026-07-28T05:25:03.9478034Z  Operating System: Ubuntu 24.04.4 LTS
2026-07-28T05:25:03.9478304Z  OSType: linux
2026-07-28T05:25:03.9478531Z  Architecture: x86_64
2026-07-28T05:25:03.9478835Z  CPUs: 4
2026-07-28T05:25:03.9479172Z  Total Memory: 15.61GiB
2026-07-28T05:25:03.9479557Z  Name: runnervmvrwv9
2026-07-28T05:25:03.9480032Z  ID: dce1e4a9-fc26-4218-aaf0-feee5194c8cb
2026-07-28T05:25:03.9480604Z  Docker Root Dir: /var/lib/docker
2026-07-28T05:25:03.9481151Z  Debug Mode: false
2026-07-28T05:25:03.9481608Z  Username: githubactions
2026-07-28T05:25:03.9482079Z  Experimental: false
2026-07-28T05:25:03.9482863Z  Insecure Registries:
2026-07-28T05:25:03.9488839Z   ::1/128
2026-07-28T05:25:03.9489192Z   127.0.0.0/8
2026-07-28T05:25:03.9489653Z  Live Restore Enabled: false
2026-07-28T05:25:03.9490006Z 
2026-07-28T05:25:03.9491023Z ##[endgroup]
2026-07-28T05:25:04.0157765Z ##[group]Buildx version
2026-07-28T05:25:04.0172250Z [command]/usr/bin/docker buildx version
2026-07-28T05:25:04.0723466Z github.com/docker/buildx v0.35.0 a319e5b15052cf6557ceb666eb8ff6e32380b782
2026-07-28T05:25:04.0753009Z ##[endgroup]
2026-07-28T05:25:04.0916116Z ##[group]Inspecting default docker context
2026-07-28T05:25:04.1069669Z [
2026-07-28T05:25:04.1070222Z   {
2026-07-28T05:25:04.1070582Z     "Name": "default",
2026-07-28T05:25:04.1071079Z     "Metadata": {},
2026-07-28T05:25:04.1071541Z     "Endpoints": {
2026-07-28T05:25:04.1071894Z       "docker": {
2026-07-28T05:25:04.1072318Z         "Host": "unix:///var/run/docker.sock",
2026-07-28T05:25:04.1072875Z         "SkipTLSVerify": false
2026-07-28T05:25:04.1073400Z       }
2026-07-28T05:25:04.1073702Z     },
2026-07-28T05:25:04.1074287Z     "TLSMaterial": {},
2026-07-28T05:25:04.1074737Z     "Storage": {
2026-07-28T05:25:04.1075174Z       "MetadataPath": "<IN MEMORY>",
2026-07-28T05:25:04.1075732Z       "TLSPath": "<IN MEMORY>"
2026-07-28T05:25:04.1076167Z     }
2026-07-28T05:25:04.1076576Z   }
2026-07-28T05:25:04.1076908Z ]
2026-07-28T05:25:04.1077914Z ##[endgroup]
2026-07-28T05:25:04.1078765Z ##[group]Creating a new builder instance
2026-07-28T05:25:04.2378443Z [command]/usr/bin/docker buildx create --name builder-cc383321-350f-4d32-87d0-b64645162364 --driver docker-container --buildkitd-flags --allow-insecure-entitlement security.insecure --allow-insecure-entitlement network.host --use
2026-07-28T05:25:04.3108763Z builder-cc383321-350f-4d32-87d0-b64645162364
2026-07-28T05:25:04.3142391Z ##[endgroup]
2026-07-28T05:25:04.3143237Z ##[group]Booting builder
2026-07-28T05:25:04.3208612Z [command]/usr/bin/docker buildx inspect --bootstrap --builder builder-cc383321-350f-4d32-87d0-b64645162364
2026-07-28T05:25:04.3877430Z #1 [internal] booting buildkit
2026-07-28T05:25:04.5380518Z #1 pulling image moby/buildkit:buildx-stable-1
2026-07-28T05:25:09.2951086Z #1 pulling image moby/buildkit:buildx-stable-1 4.9s done
2026-07-28T05:25:09.4457436Z #1 creating container buildx_buildkit_builder-cc383321-350f-4d32-87d0-b646451623640
2026-07-28T05:25:09.5866749Z #1 creating container buildx_buildkit_builder-cc383321-350f-4d32-87d0-b646451623640 0.3s done
2026-07-28T05:25:09.5894117Z #1 DONE 5.2s
2026-07-28T05:25:09.6248585Z Name:          builder-cc383321-350f-4d32-87d0-b64645162364
2026-07-28T05:25:09.6249476Z Driver:        docker-container
2026-07-28T05:25:09.6250327Z Last Activity: 2026-07-28 05:25:04 +0000 UTC
2026-07-28T05:25:09.6268596Z 
2026-07-28T05:25:09.6269251Z Nodes:
2026-07-28T05:25:09.6270095Z Name:                  builder-cc383321-350f-4d32-87d0-b646451623640
2026-07-28T05:25:09.6271855Z Endpoint:              unix:///var/run/docker.sock
2026-07-28T05:25:09.6272325Z Status:                running
2026-07-28T05:25:09.6273108Z BuildKit daemon flags: --allow-insecure-entitlement security.insecure --allow-insecure-entitlement network.host
2026-07-28T05:25:09.6274573Z BuildKit version:      v0.31.2
2026-07-28T05:25:09.6275806Z Platforms:             linux/amd64, linux/amd64/v2, linux/amd64/v3, linux/386
2026-07-28T05:25:09.6276196Z Labels:
2026-07-28T05:25:09.6276454Z  org.mobyproject.buildkit.worker.executor:         oci
2026-07-28T05:25:09.6276884Z  org.mobyproject.buildkit.worker.hostname:         0d0becec74f2
2026-07-28T05:25:09.6277299Z  org.mobyproject.buildkit.worker.network:          host
2026-07-28T05:25:09.6277708Z  org.mobyproject.buildkit.worker.oci.process-mode: sandbox
2026-07-28T05:25:09.6278168Z  org.mobyproject.buildkit.worker.selinux.enabled:  false
2026-07-28T05:25:09.6278578Z  org.mobyproject.buildkit.worker.snapshotter:      overlayfs
2026-07-28T05:25:09.6278912Z GC Policy rule#0:
2026-07-28T05:25:09.6279107Z  All:            false
2026-07-28T05:25:09.6279833Z  Filters:        type==source.local type==exec.cachemount type==source.git.checkout
2026-07-28T05:25:09.6280246Z  Keep Duration:  48h0m0s
2026-07-28T05:25:09.6280468Z  Max Used Space: 488.3MiB
2026-07-28T05:25:09.6280875Z GC Policy rule#1:
2026-07-28T05:25:09.6281221Z  All:            false
2026-07-28T05:25:09.6281542Z  Keep Duration:  1440h0m0s
2026-07-28T05:25:09.6281890Z  Reserved Space: 9.313GiB
2026-07-28T05:25:09.6282230Z  Max Used Space: 93.13GiB
2026-07-28T05:25:09.6282571Z  Min Free Space: 27.01GiB
2026-07-28T05:25:09.6282904Z GC Policy rule#2:
2026-07-28T05:25:09.6283208Z  All:            false
2026-07-28T05:25:09.6283524Z  Reserved Space: 9.313GiB
2026-07-28T05:25:09.6283891Z  Max Used Space: 93.13GiB
2026-07-28T05:25:09.6285087Z  Min Free Space: 27.01GiB
2026-07-28T05:25:09.6285483Z GC Policy rule#3:
2026-07-28T05:25:09.6286117Z  All:            true
2026-07-28T05:25:09.6286471Z  Reserved Space: 9.313GiB
2026-07-28T05:25:09.6286820Z  Max Used Space: 93.13GiB
2026-07-28T05:25:09.6290546Z  Min Free Space: 27.01GiB
2026-07-28T05:25:09.6299361Z ##[endgroup]
2026-07-28T05:25:09.7215691Z ##[group]Inspect builder
2026-07-28T05:25:09.7216496Z {
2026-07-28T05:25:09.7216965Z   "nodes": [
2026-07-28T05:25:09.7217222Z     {
2026-07-28T05:25:09.7217487Z       "name": "builder-cc383321-350f-4d32-87d0-b646451623640",
2026-07-28T05:25:09.7217865Z       "endpoint": "unix:///var/run/docker.sock",
2026-07-28T05:25:09.7218173Z       "status": "running",
2026-07-28T05:25:09.7218716Z       "buildkitd-flags": "--allow-insecure-entitlement security.insecure --allow-insecure-entitlement network.host",
2026-07-28T05:25:09.7219267Z       "buildkit": "v0.31.2",
2026-07-28T05:25:09.7219593Z       "platforms": "linux/amd64,linux/amd64/v2,linux/amd64/v3,linux/386",
2026-07-28T05:25:09.7219976Z       "features": {
2026-07-28T05:25:09.7220286Z         "Automatically load images to the Docker Engine image store": true,
2026-07-28T05:25:09.7220672Z         "Cache export": true,
2026-07-28T05:25:09.7220910Z         "Direct push": true,
2026-07-28T05:25:09.7221162Z         "Docker exporter": true,
2026-07-28T05:25:09.7221418Z         "Multi-platform build": true,
2026-07-28T05:25:09.7221886Z         "OCI exporter": true
2026-07-28T05:25:09.7224667Z       },
2026-07-28T05:25:09.7225049Z       "labels": {
2026-07-28T05:25:09.7225535Z         "org.mobyproject.buildkit.worker.executor": "oci",
2026-07-28T05:25:09.7226273Z         "org.mobyproject.buildkit.worker.hostname": "0d0becec74f2",
2026-07-28T05:25:09.7226925Z         "org.mobyproject.buildkit.worker.network": "host",
2026-07-28T05:25:09.7227681Z         "org.mobyproject.buildkit.worker.oci.process-mode": "sandbox",
2026-07-28T05:25:09.7228529Z         "org.mobyproject.buildkit.worker.selinux.enabled": "false",
2026-07-28T05:25:09.7228988Z         "org.mobyproject.buildkit.worker.snapshotter": "overlayfs"
2026-07-28T05:25:09.7229345Z       },
2026-07-28T05:25:09.7229675Z       "gcPolicy": [
2026-07-28T05:25:09.7229893Z         {
2026-07-28T05:25:09.7230070Z           "all": false,
2026-07-28T05:25:09.7230288Z           "filter": [
2026-07-28T05:25:09.7230662Z             "type==source.local type==exec.cachemount type==source.git.checkout"
2026-07-28T05:25:09.7231143Z           ],
2026-07-28T05:25:09.7231357Z           "keepDuration": "48h0m0s",
2026-07-28T05:25:09.7231614Z           "maxUsedSpace": "488.3MiB"
2026-07-28T05:25:09.7231936Z         },
2026-07-28T05:25:09.7232164Z         {
2026-07-28T05:25:09.7232338Z           "all": false,
2026-07-28T05:25:09.7232560Z           "keepDuration": "1440h0m0s",
2026-07-28T05:25:09.7232814Z           "reservedSpace": "9.313GiB",
2026-07-28T05:25:09.7233178Z           "maxUsedSpace": "93.13GiB",
2026-07-28T05:25:09.7233466Z           "minFreeSpace": "27.01GiB"
2026-07-28T05:25:09.7233693Z         },
2026-07-28T05:25:09.7233857Z         {
2026-07-28T05:25:09.7234244Z           "all": false,
2026-07-28T05:25:09.7234605Z           "reservedSpace": "9.313GiB",
2026-07-28T05:25:09.7234870Z           "maxUsedSpace": "93.13GiB",
2026-07-28T05:25:09.7235328Z           "minFreeSpace": "27.01GiB"
2026-07-28T05:25:09.7235689Z         },
2026-07-28T05:25:09.7235897Z         {
2026-07-28T05:25:09.7236067Z           "all": true,
2026-07-28T05:25:09.7236281Z           "reservedSpace": "9.313GiB",
2026-07-28T05:25:09.7236529Z           "maxUsedSpace": "93.13GiB",
2026-07-28T05:25:09.7236930Z           "minFreeSpace": "27.01GiB"
2026-07-28T05:25:09.7237204Z         }
2026-07-28T05:25:09.7237374Z       ]
2026-07-28T05:25:09.7237540Z     }
2026-07-28T05:25:09.7237706Z   ],
2026-07-28T05:25:09.7238063Z   "name": "builder-cc383321-350f-4d32-87d0-b64645162364",
2026-07-28T05:25:09.7240195Z   "driver": "docker-container",
2026-07-28T05:25:09.7240631Z   "lastActivity": "2026-07-28T05:25:04.000Z"
2026-07-28T05:25:09.7241045Z }
2026-07-28T05:25:09.7244546Z ##[endgroup]
2026-07-28T05:25:09.7246089Z ##[group]BuildKit version
2026-07-28T05:25:09.7246656Z builder-cc383321-350f-4d32-87d0-b646451623640: v0.31.2
2026-07-28T05:25:09.7247783Z ##[endgroup]
2026-07-28T05:25:09.7469841Z Node 20 is being deprecated. This workflow is running with Node 24 by default. If you need to temporarily use Node 20, you can set the ACTIONS_ALLOW_USE_UNSECURE_NODE_VERSION=true environment variable. For more information see: https://github.blog/changelog/2025-09-19-deprecation-of-node-20-on-github-actions-runners/
2026-07-28T05:25:09.7471206Z ##[group]Run docker/login-action@v3
2026-07-28T05:25:09.7471459Z with:
2026-07-28T05:25:09.7471644Z   registry: ghcr.io
2026-07-28T05:25:09.7471852Z   username: pkinerd
2026-07-28T05:25:09.7474676Z   password: ***
2026-07-28T05:25:09.7474908Z   logout: true
2026-07-28T05:25:09.7475094Z env:
2026-07-28T05:25:09.7475267Z   REGISTRY: ghcr.io
2026-07-28T05:25:09.7475477Z   IMAGE_NAME: pkinerd/ednsv
2026-07-28T05:25:09.7475701Z ##[endgroup]
2026-07-28T05:25:10.0819941Z Logging into ghcr.io...
2026-07-28T05:25:10.0845097Z (node:2738) [DEP0040] DeprecationWarning: The `punycode` module is deprecated. Please use a userland alternative instead.
2026-07-28T05:25:10.0846409Z (Use `node --trace-deprecation ...` to show where the warning was created)
2026-07-28T05:25:10.2414683Z Login Succeeded!
2026-07-28T05:25:10.2584368Z Node 20 is being deprecated. This workflow is running with Node 24 by default. If you need to temporarily use Node 20, you can set the ACTIONS_ALLOW_USE_UNSECURE_NODE_VERSION=true environment variable. For more information see: https://github.blog/changelog/2025-09-19-deprecation-of-node-20-on-github-actions-runners/
2026-07-28T05:25:10.2585692Z ##[group]Run docker/metadata-action@v5
2026-07-28T05:25:10.2585950Z with:
2026-07-28T05:25:10.2586151Z   images: ghcr.io/pkinerd/ednsv
2026-07-28T05:25:10.2586867Z   tags: type=ref,event=branch,prefix=branch-
type=ref,event=pr,prefix=pr-
type=sha,format=short,prefix=sha-
type=raw,value=latest,enable={{is_default_branch}}
type=raw,value=latest-any

2026-07-28T05:25:10.2587600Z   context: workflow
2026-07-28T05:25:10.2589987Z   github-token: ***
2026-07-28T05:25:10.2590195Z env:
2026-07-28T05:25:10.2590373Z   REGISTRY: ghcr.io
2026-07-28T05:25:10.2590596Z   IMAGE_NAME: pkinerd/ednsv
2026-07-28T05:25:10.2590820Z ##[endgroup]
2026-07-28T05:25:10.6621736Z (node:2758) [DEP0040] DeprecationWarning: The `punycode` module is deprecated. Please use a userland alternative instead.
2026-07-28T05:25:10.6623236Z (Use `node --trace-deprecation ...` to show where the warning was created)
2026-07-28T05:25:11.3699206Z ##[group]Context info
2026-07-28T05:25:11.3699662Z eventName: pull_request
2026-07-28T05:25:11.3700105Z sha: dad676dcd096bd352fba26f2f5144cec1dd37c79
2026-07-28T05:25:11.3700601Z ref: refs/pull/30/merge
2026-07-28T05:25:11.3700958Z workflow: CI
2026-07-28T05:25:11.3701267Z action: meta
2026-07-28T05:25:11.3701574Z actor: pkinerd
2026-07-28T05:25:11.3701891Z runNumber: 237
2026-07-28T05:25:11.3702204Z runId: 30331516624
2026-07-28T05:25:11.3702779Z commitDate: Tue Jul 28 2026 05:23:52 GMT+0000 (Coordinated Universal Time)
2026-07-28T05:25:11.3703652Z ##[endgroup]
2026-07-28T05:25:11.3709397Z ##[group]Processing images input
2026-07-28T05:25:11.3710273Z name=ghcr.io/pkinerd/ednsv,enable=true
2026-07-28T05:25:11.3710749Z ##[endgroup]
2026-07-28T05:25:11.3731354Z ##[group]Processing tags input
2026-07-28T05:25:11.3731926Z type=ref,event=branch,prefix=branch-,enable=true,priority=600
2026-07-28T05:25:11.3732613Z type=ref,event=pr,prefix=pr-,enable=true,priority=600
2026-07-28T05:25:11.3733283Z type=raw,value=latest,enable={{is_default_branch}},priority=200
2026-07-28T05:25:11.3734138Z type=raw,value=latest-any,enable=true,priority=200
2026-07-28T05:25:11.3734784Z type=sha,format=short,prefix=sha-,enable=true,priority=100
2026-07-28T05:25:11.3735524Z ##[endgroup]
2026-07-28T05:25:11.3735893Z ##[group]Processing flavor input
2026-07-28T05:25:11.3736157Z latest=auto
2026-07-28T05:25:11.3736336Z prefix=
2026-07-28T05:25:11.3736517Z prefixLatest=false
2026-07-28T05:25:11.3736709Z suffix=
2026-07-28T05:25:11.3736900Z suffixLatest=false
2026-07-28T05:25:11.3737244Z ##[endgroup]
2026-07-28T05:25:11.3808882Z ##[group]Docker image version
2026-07-28T05:25:11.3809312Z pr-30
2026-07-28T05:25:11.3809868Z ##[endgroup]
2026-07-28T05:25:11.3814860Z ##[group]Docker tags
2026-07-28T05:25:11.3815269Z ghcr.io/pkinerd/ednsv:pr-30
2026-07-28T05:25:11.3815677Z ghcr.io/pkinerd/ednsv:latest-any
2026-07-28T05:25:11.3816037Z ghcr.io/pkinerd/ednsv:sha-dad676d
2026-07-28T05:25:11.3816442Z ##[endgroup]
2026-07-28T05:25:11.3892692Z ##[group]Docker labels
2026-07-28T05:25:11.3893324Z org.opencontainers.image.created=2026-07-28T05:25:11.373Z
2026-07-28T05:25:11.3894313Z org.opencontainers.image.description=
2026-07-28T05:25:11.3894954Z org.opencontainers.image.licenses=
2026-07-28T05:25:11.3895849Z org.opencontainers.image.revision=dad676dcd096bd352fba26f2f5144cec1dd37c79
2026-07-28T05:25:11.3896968Z org.opencontainers.image.source=https://github.com/pkinerd/ednsv
2026-07-28T05:25:11.3897775Z org.opencontainers.image.title=ednsv
2026-07-28T05:25:11.3898533Z org.opencontainers.image.url=https://github.com/pkinerd/ednsv
2026-07-28T05:25:11.3899304Z org.opencontainers.image.version=pr-30
2026-07-28T05:25:11.3900222Z ##[endgroup]
2026-07-28T05:25:11.3901128Z ##[group]Annotations
2026-07-28T05:25:11.3902239Z manifest:org.opencontainers.image.created=2026-07-28T05:25:11.373Z
2026-07-28T05:25:11.3903121Z manifest:org.opencontainers.image.description=
2026-07-28T05:25:11.3903782Z manifest:org.opencontainers.image.licenses=
2026-07-28T05:25:11.3904743Z manifest:org.opencontainers.image.revision=dad676dcd096bd352fba26f2f5144cec1dd37c79
2026-07-28T05:25:11.3905673Z manifest:org.opencontainers.image.source=https://github.com/pkinerd/ednsv
2026-07-28T05:25:11.3906429Z manifest:org.opencontainers.image.title=ednsv
2026-07-28T05:25:11.3907114Z manifest:org.opencontainers.image.url=https://github.com/pkinerd/ednsv
2026-07-28T05:25:11.3907869Z manifest:org.opencontainers.image.version=pr-30
2026-07-28T05:25:11.3908364Z ##[endgroup]
2026-07-28T05:25:11.3908920Z ##[group]JSON output
2026-07-28T05:25:11.3909256Z {
2026-07-28T05:25:11.3909564Z   "tags": [
2026-07-28T05:25:11.3909884Z     "ghcr.io/pkinerd/ednsv:pr-30",
2026-07-28T05:25:11.3910371Z     "ghcr.io/pkinerd/ednsv:latest-any",
2026-07-28T05:25:11.3910683Z     "ghcr.io/pkinerd/ednsv:sha-dad676d"
2026-07-28T05:25:11.3911072Z   ],
2026-07-28T05:25:11.3911380Z   "tag-names": [
2026-07-28T05:25:11.3911764Z     "pr-30",
2026-07-28T05:25:11.3912071Z     "latest-any",
2026-07-28T05:25:11.3912318Z     "sha-dad676d"
2026-07-28T05:25:11.3912519Z   ],
2026-07-28T05:25:11.3912696Z   "labels": {
2026-07-28T05:25:11.3913122Z     "org.opencontainers.image.created": "2026-07-28T05:25:11.373Z",
2026-07-28T05:25:11.3913781Z     "org.opencontainers.image.description": "",
2026-07-28T05:25:11.3914553Z     "org.opencontainers.image.licenses": "",
2026-07-28T05:25:11.3915193Z     "org.opencontainers.image.revision": "dad676dcd096bd352fba26f2f5144cec1dd37c79",
2026-07-28T05:25:11.3916125Z     "org.opencontainers.image.source": "https://github.com/pkinerd/ednsv",
2026-07-28T05:25:11.3916778Z     "org.opencontainers.image.title": "ednsv",
2026-07-28T05:25:11.3917514Z     "org.opencontainers.image.url": "https://github.com/pkinerd/ednsv",
2026-07-28T05:25:11.3918489Z     "org.opencontainers.image.version": "pr-30"
2026-07-28T05:25:11.3918838Z   },
2026-07-28T05:25:11.3919163Z   "annotations": [
2026-07-28T05:25:11.3919688Z     "manifest:org.opencontainers.image.created=2026-07-28T05:25:11.373Z",
2026-07-28T05:25:11.3920312Z     "manifest:org.opencontainers.image.description=",
2026-07-28T05:25:11.3920676Z     "manifest:org.opencontainers.image.licenses=",
2026-07-28T05:25:11.3921159Z     "manifest:org.opencontainers.image.revision=dad676dcd096bd352fba26f2f5144cec1dd37c79",
2026-07-28T05:25:11.3921749Z     "manifest:org.opencontainers.image.source=https://github.com/pkinerd/ednsv",
2026-07-28T05:25:11.3922227Z     "manifest:org.opencontainers.image.title=ednsv",
2026-07-28T05:25:11.3922663Z     "manifest:org.opencontainers.image.url=https://github.com/pkinerd/ednsv",
2026-07-28T05:25:11.3923105Z     "manifest:org.opencontainers.image.version=pr-30"
2026-07-28T05:25:11.3923433Z   ]
2026-07-28T05:25:11.3923600Z }
2026-07-28T05:25:11.3924108Z ##[endgroup]
2026-07-28T05:25:11.3924467Z ##[group]Bake file definition (tags)
2026-07-28T05:25:11.3924730Z {
2026-07-28T05:25:11.3924896Z   "target": {
2026-07-28T05:25:11.3925100Z     "docker-metadata-action": {
2026-07-28T05:25:11.3925338Z       "tags": [
2026-07-28T05:25:11.3925547Z         "ghcr.io/pkinerd/ednsv:pr-30",
2026-07-28T05:25:11.3925829Z         "ghcr.io/pkinerd/ednsv:latest-any",
2026-07-28T05:25:11.3926114Z         "ghcr.io/pkinerd/ednsv:sha-dad676d"
2026-07-28T05:25:11.3926369Z       ],
2026-07-28T05:25:11.3926537Z       "args": {
2026-07-28T05:25:11.3926769Z         "DOCKER_META_IMAGES": "ghcr.io/pkinerd/ednsv",
2026-07-28T05:25:11.3927074Z         "DOCKER_META_VERSION": "pr-30"
2026-07-28T05:25:11.3927316Z       }
2026-07-28T05:25:11.3927481Z     }
2026-07-28T05:25:11.3927694Z   }
2026-07-28T05:25:11.3927882Z }
2026-07-28T05:25:11.3928194Z ##[endgroup]
2026-07-28T05:25:11.3928530Z ##[group]Bake file definition (labels)
2026-07-28T05:25:11.3928775Z {
2026-07-28T05:25:11.3928935Z   "target": {
2026-07-28T05:25:11.3929369Z     "docker-metadata-action": {
2026-07-28T05:25:11.3929624Z       "labels": {
2026-07-28T05:25:11.3929933Z         "org.opencontainers.image.created": "2026-07-28T05:25:11.373Z",
2026-07-28T05:25:11.3930351Z         "org.opencontainers.image.description": "",
2026-07-28T05:25:11.3930678Z         "org.opencontainers.image.licenses": "",
2026-07-28T05:25:11.3931135Z         "org.opencontainers.image.revision": "dad676dcd096bd352fba26f2f5144cec1dd37c79",
2026-07-28T05:25:11.3931706Z         "org.opencontainers.image.source": "https://github.com/pkinerd/ednsv",
2026-07-28T05:25:11.3932126Z         "org.opencontainers.image.title": "ednsv",
2026-07-28T05:25:11.3932526Z         "org.opencontainers.image.url": "https://github.com/pkinerd/ednsv",
2026-07-28T05:25:11.3933178Z         "org.opencontainers.image.version": "pr-30"
2026-07-28T05:25:11.3933729Z       }
2026-07-28T05:25:11.3934202Z     }
2026-07-28T05:25:11.3934502Z   }
2026-07-28T05:25:11.3934803Z }
2026-07-28T05:25:11.3935351Z ##[endgroup]
2026-07-28T05:25:11.3935926Z ##[group]Bake file definition (annotations)
2026-07-28T05:25:11.3936447Z {
2026-07-28T05:25:11.3936785Z   "target": {
2026-07-28T05:25:11.3937179Z     "docker-metadata-action": {
2026-07-28T05:25:11.3937620Z       "annotations": [
2026-07-28T05:25:11.3938232Z         "manifest:org.opencontainers.image.created=2026-07-28T05:25:11.373Z",
2026-07-28T05:25:11.3939169Z         "manifest:org.opencontainers.image.description=",
2026-07-28T05:25:11.3939830Z         "manifest:org.opencontainers.image.licenses=",
2026-07-28T05:25:11.3940704Z         "manifest:org.opencontainers.image.revision=dad676dcd096bd352fba26f2f5144cec1dd37c79",
2026-07-28T05:25:11.3941345Z         "manifest:org.opencontainers.image.source=https://github.com/pkinerd/ednsv",
2026-07-28T05:25:11.3941837Z         "manifest:org.opencontainers.image.title=ednsv",
2026-07-28T05:25:11.3942277Z         "manifest:org.opencontainers.image.url=https://github.com/pkinerd/ednsv",
2026-07-28T05:25:11.3942934Z         "manifest:org.opencontainers.image.version=pr-30"
2026-07-28T05:25:11.3943268Z       ]
2026-07-28T05:25:11.3943470Z     }
2026-07-28T05:25:11.3944913Z   }
2026-07-28T05:25:11.3945103Z }
2026-07-28T05:25:11.3945477Z ##[endgroup]
2026-07-28T05:25:11.4134581Z Node 20 is being deprecated. This workflow is running with Node 24 by default. If you need to temporarily use Node 20, you can set the ACTIONS_ALLOW_USE_UNSECURE_NODE_VERSION=true environment variable. For more information see: https://github.blog/changelog/2025-09-19-deprecation-of-node-20-on-github-actions-runners/
2026-07-28T05:25:11.4136866Z ##[group]Run docker/build-push-action@v6
2026-07-28T05:25:11.4137309Z with:
2026-07-28T05:25:11.4137618Z   context: .
2026-07-28T05:25:11.4137907Z   file: ./Dockerfile
2026-07-28T05:25:11.4138218Z   build-args: SOURCE_COMMIT=dad676dcd096bd352fba26f2f5144cec1dd37c79

2026-07-28T05:25:11.4138580Z   push: true
2026-07-28T05:25:11.4138984Z   tags: ghcr.io/pkinerd/ednsv:pr-30
ghcr.io/pkinerd/ednsv:latest-any
ghcr.io/pkinerd/ednsv:sha-dad676d
2026-07-28T05:25:11.4142436Z   labels: org.opencontainers.image.created=2026-07-28T05:25:11.373Z
org.opencontainers.image.description=
org.opencontainers.image.licenses=
org.opencontainers.image.revision=dad676dcd096bd352fba26f2f5144cec1dd37c79
org.opencontainers.image.source=https://github.com/pkinerd/ednsv
org.opencontainers.image.title=ednsv
org.opencontainers.image.url=https://github.com/pkinerd/ednsv
org.opencontainers.image.version=pr-30
2026-07-28T05:25:11.4145007Z   cache-from: type=gha
2026-07-28T05:25:11.4145376Z   cache-to: type=gha,mode=max
2026-07-28T05:25:11.4145761Z   load: false
2026-07-28T05:25:11.4146068Z   no-cache: false
2026-07-28T05:25:11.4146385Z   pull: false
2026-07-28T05:25:11.4150125Z   github-token: ***
2026-07-28T05:25:11.4150470Z env:
2026-07-28T05:25:11.4150758Z   REGISTRY: ghcr.io
2026-07-28T05:25:11.4151099Z   IMAGE_NAME: pkinerd/ednsv
2026-07-28T05:25:11.4151510Z   DOCKER_METADATA_OUTPUT_VERSION: pr-30
2026-07-28T05:25:11.4152485Z   DOCKER_METADATA_OUTPUT_TAGS: ghcr.io/pkinerd/ednsv:pr-30
ghcr.io/pkinerd/ednsv:latest-any
ghcr.io/pkinerd/ednsv:sha-dad676d
2026-07-28T05:25:11.4153585Z   DOCKER_METADATA_OUTPUT_TAG_NAMES: pr-30
latest-any
sha-dad676d
2026-07-28T05:25:11.4156665Z   DOCKER_METADATA_OUTPUT_LABELS: org.opencontainers.image.created=2026-07-28T05:25:11.373Z
org.opencontainers.image.description=
org.opencontainers.image.licenses=
org.opencontainers.image.revision=dad676dcd096bd352fba26f2f5144cec1dd37c79
org.opencontainers.image.source=https://github.com/pkinerd/ednsv
org.opencontainers.image.title=ednsv
org.opencontainers.image.url=https://github.com/pkinerd/ednsv
org.opencontainers.image.version=pr-30
2026-07-28T05:25:11.4162438Z   DOCKER_METADATA_OUTPUT_ANNOTATIONS: manifest:org.opencontainers.image.created=2026-07-28T05:25:11.373Z
manifest:org.opencontainers.image.description=
manifest:org.opencontainers.image.licenses=
manifest:org.opencontainers.image.revision=dad676dcd096bd352fba26f2f5144cec1dd37c79
manifest:org.opencontainers.image.source=https://github.com/pkinerd/ednsv
manifest:org.opencontainers.image.title=ednsv
manifest:org.opencontainers.image.url=https://github.com/pkinerd/ednsv
manifest:org.opencontainers.image.version=pr-30
2026-07-28T05:25:11.4172218Z   DOCKER_METADATA_OUTPUT_JSON: {"tags":["ghcr.io/pkinerd/ednsv:pr-30","ghcr.io/pkinerd/ednsv:latest-any","ghcr.io/pkinerd/ednsv:sha-dad676d"],"tag-names":["pr-30","latest-any","sha-dad676d"],"labels":{"org.opencontainers.image.created":"2026-07-28T05:25:11.373Z","org.opencontainers.image.description":"","org.opencontainers.image.licenses":"","org.opencontainers.image.revision":"dad676dcd096bd352fba26f2f5144cec1dd37c79","org.opencontainers.image.source":"https://github.com/pkinerd/ednsv","org.opencontainers.image.title":"ednsv","org.opencontainers.image.url":"https://github.com/pkinerd/ednsv","org.opencontainers.image.version":"pr-30"},"annotations":["manifest:org.opencontainers.image.created=2026-07-28T05:25:11.373Z","manifest:org.opencontainers.image.description=","manifest:org.opencontainers.image.licenses=","manifest:org.opencontainers.image.revision=dad676dcd096bd352fba26f2f5144cec1dd37c79","manifest:org.opencontainers.image.source=https://github.com/pkinerd/ednsv","manifest:org.opencontainers.image.title=ednsv","manifest:org.opencontainers.image.url=https://github.com/pkinerd/ednsv","manifest:org.opencontainers.image.version=pr-30"]}
2026-07-28T05:25:11.4180474Z   DOCKER_METADATA_OUTPUT_BAKE_FILE_TAGS: /home/runner/work/_temp/docker-actions-toolkit-ehWPyx/docker-metadata-action-bake-tags.json
2026-07-28T05:25:11.4181591Z   DOCKER_METADATA_OUTPUT_BAKE_FILE_LABELS: /home/runner/work/_temp/docker-actions-toolkit-ehWPyx/docker-metadata-action-bake-labels.json
2026-07-28T05:25:11.4183355Z   DOCKER_METADATA_OUTPUT_BAKE_FILE_ANNOTATIONS: /home/runner/work/_temp/docker-actions-toolkit-ehWPyx/docker-metadata-action-bake-annotations.json
2026-07-28T05:25:11.4185213Z   DOCKER_METADATA_OUTPUT_BAKE_FILE: /home/runner/work/_temp/docker-actions-toolkit-ehWPyx/docker-metadata-action-bake.json
2026-07-28T05:25:11.4186068Z ##[endgroup]
2026-07-28T05:25:11.6809424Z (node:2770) [DEP0040] DeprecationWarning: The `punycode` module is deprecated. Please use a userland alternative instead.
2026-07-28T05:25:11.6811407Z (Use `node --trace-deprecation ...` to show where the warning was created)
2026-07-28T05:25:11.6832637Z ##[group]GitHub Actions runtime token ACs
2026-07-28T05:25:11.6841161Z refs/pull/30/merge: read/write
2026-07-28T05:25:11.6842170Z refs/heads/main: read
2026-07-28T05:25:11.6843208Z ##[endgroup]
2026-07-28T05:25:11.6844458Z ##[group]Docker info
2026-07-28T05:25:11.6945484Z [command]/usr/bin/docker version
2026-07-28T05:25:11.7217466Z Client: Docker Engine - Community
2026-07-28T05:25:11.7242302Z  Version:           28.0.4
2026-07-28T05:25:11.7245046Z  API version:       1.48
2026-07-28T05:25:11.7245476Z  Go version:        go1.23.7
2026-07-28T05:25:11.7245887Z  Git commit:        b8034c0
2026-07-28T05:25:11.7246307Z  Built:             Tue Mar 25 15:07:16 2025
2026-07-28T05:25:11.7246815Z  OS/Arch:           linux/amd64
2026-07-28T05:25:11.7247226Z  Context:           default
2026-07-28T05:25:11.7247496Z 
2026-07-28T05:25:11.7247670Z Server: Docker Engine - Community
2026-07-28T05:25:11.7248098Z  Engine:
2026-07-28T05:25:11.7248439Z   Version:          28.0.4
2026-07-28T05:25:11.7248896Z   API version:      1.48 (minimum version 1.24)
2026-07-28T05:25:11.7249417Z   Go version:       go1.23.7
2026-07-28T05:25:11.7249818Z   Git commit:       6430e49
2026-07-28T05:25:11.7250225Z   Built:            Tue Mar 25 15:07:16 2025
2026-07-28T05:25:11.7250754Z   OS/Arch:          linux/amd64
2026-07-28T05:25:11.7251190Z   Experimental:     false
2026-07-28T05:25:11.7251582Z  containerd:
2026-07-28T05:25:11.7251905Z   Version:          v2.2.6
2026-07-28T05:25:11.7252392Z   GitCommit:        11ce9d5f3c68c941867e82890e93e815c1304f1b
2026-07-28T05:25:11.7252933Z  runc:
2026-07-28T05:25:11.7253251Z   Version:          1.3.6
2026-07-28T05:25:11.7253661Z   GitCommit:        v1.3.6-0-g491b69ba
2026-07-28T05:25:11.7254620Z  docker-init:
2026-07-28T05:25:11.7254983Z   Version:          0.19.0
2026-07-28T05:25:11.7255385Z   GitCommit:        de40ad0
2026-07-28T05:25:11.7281236Z [command]/usr/bin/docker info
2026-07-28T05:25:11.7898103Z Client: Docker Engine - Community
2026-07-28T05:25:11.7901256Z  Version:    28.0.4
2026-07-28T05:25:11.7901794Z  Context:    default
2026-07-28T05:25:11.7902316Z  Debug Mode: false
2026-07-28T05:25:11.7902668Z  Plugins:
2026-07-28T05:25:11.7903010Z   buildx: Docker Buildx (Docker Inc.)
2026-07-28T05:25:11.7903458Z     Version:  v0.35.0
2026-07-28T05:25:11.7903766Z     Path:     /usr/libexec/docker/cli-plugins/docker-buildx
2026-07-28T05:25:11.7904527Z   compose: Docker Compose (Docker Inc.)
2026-07-28T05:25:11.7904982Z     Version:  v2.38.2
2026-07-28T05:25:11.7905439Z     Path:     /usr/libexec/docker/cli-plugins/docker-compose
2026-07-28T05:25:11.7905846Z 
2026-07-28T05:25:11.7905970Z Server:
2026-07-28T05:25:11.7906259Z  Containers: 1
2026-07-28T05:25:11.7907200Z   Running: 1
2026-07-28T05:25:11.7907517Z   Paused: 0
2026-07-28T05:25:11.7907824Z   Stopped: 0
2026-07-28T05:25:11.7908130Z  Images: 7
2026-07-28T05:25:11.7908441Z  Server Version: 28.0.4
2026-07-28T05:25:11.7908849Z  Storage Driver: overlay2
2026-07-28T05:25:11.7909475Z   Backing Filesystem: extfs
2026-07-28T05:25:11.7909878Z   Supports d_type: true
2026-07-28T05:25:11.7910235Z   Using metacopy: false
2026-07-28T05:25:11.7910604Z   Native Overlay Diff: false
2026-07-28T05:25:11.7911000Z   userxattr: false
2026-07-28T05:25:11.7911348Z  Logging Driver: json-file
2026-07-28T05:25:11.7911752Z  Cgroup Driver: systemd
2026-07-28T05:25:11.7912124Z  Cgroup Version: 2
2026-07-28T05:25:11.7912458Z  Plugins:
2026-07-28T05:25:11.7912766Z   Volume: local
2026-07-28T05:25:11.7913139Z   Network: bridge host ipvlan macvlan null overlay
2026-07-28T05:25:11.7913838Z   Log: awslogs fluentd gcplogs gelf journald json-file local splunk syslog
2026-07-28T05:25:11.7915205Z  Swarm: inactive
2026-07-28T05:25:11.7915596Z  Runtimes: io.containerd.runc.v2 runc
2026-07-28T05:25:11.7916063Z  Default Runtime: runc
2026-07-28T05:25:11.7916437Z  Init Binary: docker-init
2026-07-28T05:25:11.7916940Z  containerd version: 11ce9d5f3c68c941867e82890e93e815c1304f1b
2026-07-28T05:25:11.7917502Z  runc version: v1.3.6-0-g491b69ba
2026-07-28T05:25:11.7917904Z  init version: de40ad0
2026-07-28T05:25:11.7918240Z  Security Options:
2026-07-28T05:25:11.7918551Z   apparmor
2026-07-28T05:25:11.7918824Z   seccomp
2026-07-28T05:25:11.7919117Z    Profile: builtin
2026-07-28T05:25:11.7919445Z   cgroupns
2026-07-28T05:25:11.7919762Z  Kernel Version: 6.17.0-1020-azure
2026-07-28T05:25:11.7920195Z  Operating System: Ubuntu 24.04.4 LTS
2026-07-28T05:25:11.7920607Z  OSType: linux
2026-07-28T05:25:11.7920922Z  Architecture: x86_64
2026-07-28T05:25:11.7921271Z  CPUs: 4
2026-07-28T05:25:11.7921580Z  Total Memory: 15.61GiB
2026-07-28T05:25:11.7921925Z  Name: runnervmvrwv9
2026-07-28T05:25:11.7922390Z  ID: dce1e4a9-fc26-4218-aaf0-feee5194c8cb
2026-07-28T05:25:11.7922881Z  Docker Root Dir: /var/lib/docker
2026-07-28T05:25:11.7923290Z  Debug Mode: false
2026-07-28T05:25:11.7923649Z  Username: githubactions
2026-07-28T05:25:11.7924315Z  Experimental: false
2026-07-28T05:25:11.7924715Z  Insecure Registries:
2026-07-28T05:25:11.7925150Z   ::1/128
2026-07-28T05:25:11.7925471Z   127.0.0.0/8
2026-07-28T05:25:11.7925838Z  Live Restore Enabled: false
2026-07-28T05:25:11.7926101Z 
2026-07-28T05:25:11.7929170Z ##[endgroup]
2026-07-28T05:25:11.7929950Z ##[group]Proxy configuration
2026-07-28T05:25:11.7933755Z No proxy configuration found
2026-07-28T05:25:11.7935398Z ##[endgroup]
2026-07-28T05:25:11.8556073Z ##[group]Buildx version
2026-07-28T05:25:11.8580549Z [command]/usr/bin/docker buildx version
2026-07-28T05:25:11.9084154Z github.com/docker/buildx v0.35.0 a319e5b15052cf6557ceb666eb8ff6e32380b782
2026-07-28T05:25:11.9116193Z ##[endgroup]
2026-07-28T05:25:11.9116846Z ##[group]Builder info
2026-07-28T05:25:12.0012547Z {
2026-07-28T05:25:12.0014219Z   "nodes": [
2026-07-28T05:25:12.0014927Z     {
2026-07-28T05:25:12.0015561Z       "name": "builder-cc383321-350f-4d32-87d0-b646451623640",
2026-07-28T05:25:12.0016111Z       "endpoint": "unix:///var/run/docker.sock",
2026-07-28T05:25:12.0016444Z       "status": "running",
2026-07-28T05:25:12.0017020Z       "buildkitd-flags": "--allow-insecure-entitlement security.insecure --allow-insecure-entitlement network.host",
2026-07-28T05:25:12.0017587Z       "buildkit": "v0.31.2",
2026-07-28T05:25:12.0017927Z       "platforms": "linux/amd64,linux/amd64/v2,linux/amd64/v3,linux/386",
2026-07-28T05:25:12.0018282Z       "features": {
2026-07-28T05:25:12.0018602Z         "Automatically load images to the Docker Engine image store": true,
2026-07-28T05:25:12.0018987Z         "Cache export": true,
2026-07-28T05:25:12.0019235Z         "Direct push": true,
2026-07-28T05:25:12.0019470Z         "Docker exporter": true,
2026-07-28T05:25:12.0019723Z         "Multi-platform build": true,
2026-07-28T05:25:12.0019982Z         "OCI exporter": true
2026-07-28T05:25:12.0020509Z       },
2026-07-28T05:25:12.0020704Z       "labels": {
2026-07-28T05:25:12.0020970Z         "org.mobyproject.buildkit.worker.executor": "oci",
2026-07-28T05:25:12.0021381Z         "org.mobyproject.buildkit.worker.hostname": "0d0becec74f2",
2026-07-28T05:25:12.0021960Z         "org.mobyproject.buildkit.worker.network": "host",
2026-07-28T05:25:12.0022398Z         "org.mobyproject.buildkit.worker.oci.process-mode": "sandbox",
2026-07-28T05:25:12.0022845Z         "org.mobyproject.buildkit.worker.selinux.enabled": "false",
2026-07-28T05:25:12.0023269Z         "org.mobyproject.buildkit.worker.snapshotter": "overlayfs"
2026-07-28T05:25:12.0023596Z       },
2026-07-28T05:25:12.0023768Z       "gcPolicy": [
2026-07-28T05:25:12.0024204Z         {
2026-07-28T05:25:12.0024502Z           "all": false,
2026-07-28T05:25:12.0024717Z           "filter": [
2026-07-28T05:25:12.0025046Z             "type==source.local type==exec.cachemount type==source.git.checkout"
2026-07-28T05:25:12.0025422Z           ],
2026-07-28T05:25:12.0025627Z           "keepDuration": "48h0m0s",
2026-07-28T05:25:12.0025884Z           "maxUsedSpace": "488.3MiB"
2026-07-28T05:25:12.0026111Z         },
2026-07-28T05:25:12.0026277Z         {
2026-07-28T05:25:12.0026443Z           "all": false,
2026-07-28T05:25:12.0026656Z           "keepDuration": "1440h0m0s",
2026-07-28T05:25:12.0026910Z           "reservedSpace": "9.313GiB",
2026-07-28T05:25:12.0027156Z           "maxUsedSpace": "93.13GiB",
2026-07-28T05:25:12.0027453Z           "minFreeSpace": "27.01GiB"
2026-07-28T05:25:12.0027685Z         },
2026-07-28T05:25:12.0027853Z         {
2026-07-28T05:25:12.0028021Z           "all": false,
2026-07-28T05:25:12.0028247Z           "reservedSpace": "9.313GiB",
2026-07-28T05:25:12.0028501Z           "maxUsedSpace": "93.13GiB",
2026-07-28T05:25:12.0028744Z           "minFreeSpace": "27.01GiB"
2026-07-28T05:25:12.0028970Z         },
2026-07-28T05:25:12.0029134Z         {
2026-07-28T05:25:12.0029303Z           "all": true,
2026-07-28T05:25:12.0029531Z           "reservedSpace": "9.313GiB",
2026-07-28T05:25:12.0029779Z           "maxUsedSpace": "93.13GiB",
2026-07-28T05:25:12.0030023Z           "minFreeSpace": "27.01GiB"
2026-07-28T05:25:12.0030249Z         }
2026-07-28T05:25:12.0030411Z       ]
2026-07-28T05:25:12.0030582Z     }
2026-07-28T05:25:12.0030746Z   ],
2026-07-28T05:25:12.0030982Z   "name": "builder-cc383321-350f-4d32-87d0-b64645162364",
2026-07-28T05:25:12.0031339Z   "driver": "docker-container",
2026-07-28T05:25:12.0031619Z   "lastActivity": "2026-07-28T05:25:04.000Z"
2026-07-28T05:25:12.0031877Z }
2026-07-28T05:25:12.0032268Z ##[endgroup]
2026-07-28T05:25:12.1675875Z [command]/usr/bin/docker buildx build --build-arg SOURCE_COMMIT=dad676dcd096bd352fba26f2f5144cec1dd37c79 --cache-from type=gha --cache-to type=gha,mode=max --file ./Dockerfile --iidfile /home/runner/work/_temp/docker-actions-toolkit-5nj97o/build-iidfile-7c824d0253.txt --label org.opencontainers.image.created=2026-07-28T05:25:11.373Z --label org.opencontainers.image.description= --label org.opencontainers.image.licenses= --label org.opencontainers.image.revision=dad676dcd096bd352fba26f2f5144cec1dd37c79 --label org.opencontainers.image.source=https://github.com/pkinerd/ednsv --label org.opencontainers.image.title=ednsv --label org.opencontainers.image.url=https://github.com/pkinerd/ednsv --label org.opencontainers.image.version=pr-30 --attest type=provenance,mode=max,builder-id=https://github.com/pkinerd/ednsv/actions/runs/30331516624/attempts/1 --tag ghcr.io/pkinerd/ednsv:pr-30 --tag ghcr.io/pkinerd/ednsv:latest-any --tag ghcr.io/pkinerd/ednsv:sha-dad676d --metadata-file /home/runner/work/_temp/docker-actions-toolkit-5nj97o/build-metadata-aad977f61a.json --push .
2026-07-28T05:25:12.4719813Z #0 building with "builder-cc383321-350f-4d32-87d0-b64645162364" instance using docker-container driver
2026-07-28T05:25:12.4720573Z 
2026-07-28T05:25:12.4720798Z #1 [internal] load build definition from Dockerfile
2026-07-28T05:25:12.4721336Z #1 transferring dockerfile: 1.31kB done
2026-07-28T05:25:12.4722237Z #1 DONE 0.0s
2026-07-28T05:25:12.4722424Z 
2026-07-28T05:25:12.4722692Z #2 [auth] docker/dockerfile:pull token for registry-1.docker.io
2026-07-28T05:25:12.4723137Z #2 DONE 0.0s
2026-07-28T05:25:12.4723402Z 
2026-07-28T05:25:12.4723843Z #3 resolve image config for docker-image://docker.io/docker/dockerfile:1.7
2026-07-28T05:25:12.6816980Z #3 DONE 0.4s
2026-07-28T05:25:12.8513950Z 
2026-07-28T05:25:12.8515390Z #4 docker-image://docker.io/docker/dockerfile:1.7@sha256:a57df69d0ea827fb7266491f2813635de6f17269be881f696fbfdf2d83dda33e
2026-07-28T05:25:12.8517181Z #4 resolve docker.io/docker/dockerfile:1.7@sha256:a57df69d0ea827fb7266491f2813635de6f17269be881f696fbfdf2d83dda33e done
2026-07-28T05:25:12.8518245Z #4 sha256:96918c57e42509b97f10c074d80672ecdbd3bb7dcd38c1bd95960cf291207416 11.98MB / 11.98MB 0.1s done
2026-07-28T05:25:12.8518947Z #4 extracting sha256:96918c57e42509b97f10c074d80672ecdbd3bb7dcd38c1bd95960cf291207416 0.1s done
2026-07-28T05:25:12.8519407Z #4 DONE 0.2s
2026-07-28T05:25:13.0401634Z 
2026-07-28T05:25:13.0405046Z #5 [internal] load metadata for mcr.microsoft.com/dotnet/aspnet:8.0
2026-07-28T05:25:13.0405964Z #5 DONE 0.1s
2026-07-28T05:25:13.0406178Z 
2026-07-28T05:25:13.0406464Z #6 [internal] load metadata for mcr.microsoft.com/dotnet/sdk:8.0
2026-07-28T05:25:13.1874842Z #6 DONE 0.1s
2026-07-28T05:25:13.1875420Z 
2026-07-28T05:25:13.1875949Z #7 [internal] load .dockerignore
2026-07-28T05:25:13.1876717Z #7 transferring context: 249B done
2026-07-28T05:25:13.1877789Z #7 DONE 0.0s
2026-07-28T05:25:13.1877999Z 
2026-07-28T05:25:13.1878170Z #8 [internal] load build context
2026-07-28T05:25:13.1878523Z #8 DONE 0.0s
2026-07-28T05:25:13.1878641Z 
2026-07-28T05:25:13.1879247Z #9 [build 1/8] FROM mcr.microsoft.com/dotnet/sdk:8.0@sha256:3c0edbfe1549dd93fb789dc96299a40df865ad7bffefcaf38e8c05940686d641
2026-07-28T05:25:13.1880763Z #9 resolve mcr.microsoft.com/dotnet/sdk:8.0@sha256:3c0edbfe1549dd93fb789dc96299a40df865ad7bffefcaf38e8c05940686d641 done
2026-07-28T05:25:13.1881614Z #9 DONE 0.0s
2026-07-28T05:25:13.1881744Z 
2026-07-28T05:25:13.1882212Z #10 [runtime 1/3] FROM mcr.microsoft.com/dotnet/aspnet:8.0@sha256:8f6a307ae32fb393a4b4bcde0a81f0ce3f0a715de0e5575df71f3030448f2dde
2026-07-28T05:25:13.1883591Z #10 resolve mcr.microsoft.com/dotnet/aspnet:8.0@sha256:8f6a307ae32fb393a4b4bcde0a81f0ce3f0a715de0e5575df71f3030448f2dde done
2026-07-28T05:25:13.1884924Z #10 DONE 0.0s
2026-07-28T05:25:13.1885137Z 
2026-07-28T05:25:13.1885425Z #11 importing cache manifest from gha:8086513148784986854
2026-07-28T05:25:13.1885988Z #11 DONE 0.1s
2026-07-28T05:25:13.2961594Z 
2026-07-28T05:25:13.2963849Z #8 [internal] load build context
2026-07-28T05:25:13.2965762Z #8 transferring context: 962.68kB 0.0s done
2026-07-28T05:25:13.2969361Z #8 DONE 0.0s
2026-07-28T05:25:13.2969925Z 
2026-07-28T05:25:13.2970360Z #12 [build 2/8] WORKDIR /src
2026-07-28T05:25:13.2971113Z #12 CACHED
2026-07-28T05:25:13.2971347Z 
2026-07-28T05:25:13.2971686Z #13 [build 3/8] COPY src/Ednsv.Core/Ednsv.Core.csproj src/Ednsv.Core/
2026-07-28T05:25:13.2972202Z #13 CACHED
2026-07-28T05:25:13.2972322Z 
2026-07-28T05:25:13.2972511Z #14 [build 4/8] COPY src/Ednsv.Web/Ednsv.Web.csproj src/Ednsv.Web/
2026-07-28T05:25:13.2973148Z #14 CACHED
2026-07-28T05:25:13.4582800Z 
2026-07-28T05:25:13.4584882Z #14 [build 4/8] COPY src/Ednsv.Web/Ednsv.Web.csproj src/Ednsv.Web/
2026-07-28T05:25:13.4586247Z #14 sha256:8feae64b640e0e8336843eecdc83654fab9ba0b453f6b59fafbe792d665df6a9 437B / 437B 0.0s done
2026-07-28T05:25:13.4587755Z #14 sha256:11eb1ef6a72d72d68482386694a791673416aeb0fe0f5f9f5d7815d3e3befd5f 92B / 92B 0.0s done
2026-07-28T05:25:13.4589044Z #14 sha256:da791154ac21a0cf59ef54af002fc5ac636e4ca234301c55f211218dc631f414 456B / 456B 0.0s done
2026-07-28T05:25:13.4590225Z #14 sha256:ed43dda998e1a0c05efeddc9a24048ad8349ce02697b4db3061250e466b3a059 2.70kB / 2.70kB 0.0s done
2026-07-28T05:25:13.4591371Z #14 sha256:b450eb4b61483e158bba71e0972774dca3356aaccf083b4de394756826786dc3 166B / 166B done
2026-07-28T05:25:13.4592487Z #14 sha256:aaea65f9d3756e15614c6efe86e2006b8fe74af0af07faefdcb6e6001dd705fc 6.29MB / 17.06MB 0.2s
2026-07-28T05:25:13.5963000Z #14 sha256:aaea65f9d3756e15614c6efe86e2006b8fe74af0af07faefdcb6e6001dd705fc 17.06MB / 17.06MB 0.3s done
2026-07-28T05:25:13.5965268Z #14 sha256:34eabb9d45bfc2a02673ee3778040c44b0f3b59facbbf51f9c367482821ce92f 6.29MB / 177.89MB 0.2s
2026-07-28T05:25:13.5966731Z #14 sha256:0aa6db834649082ea8d86f41789fce403a69c18bcec5994ceaf0ed4474563c7d 15.73MB / 31.09MB 0.2s
2026-07-28T05:25:13.5968102Z #14 sha256:993b1a5b9814eb890928e53aa844227cd48d62a552cce9d9723401d3f323d7df 0B / 11.10MB 0.2s
2026-07-28T05:25:13.7259103Z #14 sha256:34eabb9d45bfc2a02673ee3778040c44b0f3b59facbbf51f9c367482821ce92f 29.36MB / 177.89MB 0.3s
2026-07-28T05:25:13.7260747Z #14 sha256:0aa6db834649082ea8d86f41789fce403a69c18bcec5994ceaf0ed4474563c7d 31.09MB / 31.09MB 0.3s done
2026-07-28T05:25:13.7262235Z #14 sha256:993b1a5b9814eb890928e53aa844227cd48d62a552cce9d9723401d3f323d7df 3.15MB / 11.10MB 0.3s
2026-07-28T05:25:13.7280927Z #14 sha256:4afec8b5a48bb14028a2111abd144794fb4f088154db49009be3c5833f922deb 3.34kB / 3.34kB 0.1s done
2026-07-28T05:25:13.8528683Z #14 sha256:34eabb9d45bfc2a02673ee3778040c44b0f3b59facbbf51f9c367482821ce92f 51.38MB / 177.89MB 0.5s
2026-07-28T05:25:13.8529924Z #14 sha256:993b1a5b9814eb890928e53aa844227cd48d62a552cce9d9723401d3f323d7df 5.24MB / 11.10MB 0.5s
2026-07-28T05:25:13.8531139Z #14 sha256:77e3e8465ccd88a7ab4380ed823b77769274a8d0cd50332315a6e6884eeb185b 32.26MB / 32.26MB 0.3s done
2026-07-28T05:25:13.9674349Z #14 sha256:34eabb9d45bfc2a02673ee3778040c44b0f3b59facbbf51f9c367482821ce92f 71.30MB / 177.89MB 0.6s
2026-07-28T05:25:13.9676429Z #14 sha256:993b1a5b9814eb890928e53aa844227cd48d62a552cce9d9723401d3f323d7df 8.39MB / 11.10MB 0.6s
2026-07-28T05:25:13.9677739Z #14 sha256:bcbf93830adb69dda1050c229181e9d0bbcd138e40c83062cfd41f7a8d79b4c7 1.05MB / 18.74MB 0.2s
2026-07-28T05:25:14.0843247Z #14 sha256:34eabb9d45bfc2a02673ee3778040c44b0f3b59facbbf51f9c367482821ce92f 91.23MB / 177.89MB 0.8s
2026-07-28T05:25:14.0845309Z #14 sha256:bcbf93830adb69dda1050c229181e9d0bbcd138e40c83062cfd41f7a8d79b4c7 18.74MB / 18.74MB 0.3s done
2026-07-28T05:25:14.0846843Z #14 sha256:597c6c618d36213af657a6a8444a5d87801f9a219682b206ad21ccb8f3e57bbd 0B / 28.23MB 0.2s
2026-07-28T05:25:14.2366075Z #14 sha256:34eabb9d45bfc2a02673ee3778040c44b0f3b59facbbf51f9c367482821ce92f 112.20MB / 177.89MB 0.9s
2026-07-28T05:25:14.2367236Z #14 sha256:993b1a5b9814eb890928e53aa844227cd48d62a552cce9d9723401d3f323d7df 11.10MB / 11.10MB 0.7s done
2026-07-28T05:25:14.2367926Z #14 sha256:597c6c618d36213af657a6a8444a5d87801f9a219682b206ad21ccb8f3e57bbd 7.34MB / 28.23MB 0.3s
2026-07-28T05:25:14.3846945Z #14 sha256:34eabb9d45bfc2a02673ee3778040c44b0f3b59facbbf51f9c367482821ce92f 134.22MB / 177.89MB 1.1s
2026-07-28T05:25:14.3847724Z #14 sha256:597c6c618d36213af657a6a8444a5d87801f9a219682b206ad21ccb8f3e57bbd 12.58MB / 28.23MB 0.5s
2026-07-28T05:25:14.5348305Z #14 sha256:34eabb9d45bfc2a02673ee3778040c44b0f3b59facbbf51f9c367482821ce92f 158.33MB / 177.89MB 1.2s
2026-07-28T05:25:14.5349066Z #14 sha256:597c6c618d36213af657a6a8444a5d87801f9a219682b206ad21ccb8f3e57bbd 16.78MB / 28.23MB 0.6s
2026-07-28T05:25:14.6849545Z #14 sha256:34eabb9d45bfc2a02673ee3778040c44b0f3b59facbbf51f9c367482821ce92f 175.11MB / 177.89MB 1.4s
2026-07-28T05:25:14.6850688Z #14 sha256:597c6c618d36213af657a6a8444a5d87801f9a219682b206ad21ccb8f3e57bbd 20.97MB / 28.23MB 0.8s
2026-07-28T05:25:14.8349174Z #14 sha256:597c6c618d36213af657a6a8444a5d87801f9a219682b206ad21ccb8f3e57bbd 26.21MB / 28.23MB 0.9s
2026-07-28T05:25:15.0607431Z #14 sha256:34eabb9d45bfc2a02673ee3778040c44b0f3b59facbbf51f9c367482821ce92f 177.89MB / 177.89MB 1.5s done
2026-07-28T05:25:15.0608748Z #14 sha256:597c6c618d36213af657a6a8444a5d87801f9a219682b206ad21ccb8f3e57bbd 28.23MB / 28.23MB 1.1s done
2026-07-28T05:25:15.0609866Z #14 extracting sha256:597c6c618d36213af657a6a8444a5d87801f9a219682b206ad21ccb8f3e57bbd
2026-07-28T05:25:15.6801863Z #14 extracting sha256:597c6c618d36213af657a6a8444a5d87801f9a219682b206ad21ccb8f3e57bbd 0.8s done
2026-07-28T05:25:15.6802721Z #14 DONE 2.5s
2026-07-28T05:25:15.8309787Z 
2026-07-28T05:25:15.8310663Z #14 [build 4/8] COPY src/Ednsv.Web/Ednsv.Web.csproj src/Ednsv.Web/
2026-07-28T05:25:15.8312090Z #14 extracting sha256:bcbf93830adb69dda1050c229181e9d0bbcd138e40c83062cfd41f7a8d79b4c7
2026-07-28T05:25:15.9319370Z #14 extracting sha256:bcbf93830adb69dda1050c229181e9d0bbcd138e40c83062cfd41f7a8d79b4c7 0.3s done
2026-07-28T05:25:15.9320422Z #14 DONE 2.7s
2026-07-28T05:25:16.0886076Z 
2026-07-28T05:25:16.0887827Z #14 [build 4/8] COPY src/Ednsv.Web/Ednsv.Web.csproj src/Ednsv.Web/
2026-07-28T05:25:16.0888977Z #14 extracting sha256:4afec8b5a48bb14028a2111abd144794fb4f088154db49009be3c5833f922deb done
2026-07-28T05:25:16.0889934Z #14 extracting sha256:77e3e8465ccd88a7ab4380ed823b77769274a8d0cd50332315a6e6884eeb185b
2026-07-28T05:25:16.2852277Z #14 extracting sha256:77e3e8465ccd88a7ab4380ed823b77769274a8d0cd50332315a6e6884eeb185b 0.3s done
2026-07-28T05:25:16.2853400Z #14 DONE 3.1s
2026-07-28T05:25:16.4136141Z 
2026-07-28T05:25:16.4139775Z #14 [build 4/8] COPY src/Ednsv.Web/Ednsv.Web.csproj src/Ednsv.Web/
2026-07-28T05:25:16.4140694Z #14 extracting sha256:b450eb4b61483e158bba71e0972774dca3356aaccf083b4de394756826786dc3 done
2026-07-28T05:25:16.4141438Z #14 extracting sha256:993b1a5b9814eb890928e53aa844227cd48d62a552cce9d9723401d3f323d7df 0.1s done
2026-07-28T05:25:16.4142052Z #14 DONE 3.2s
2026-07-28T05:25:16.5648423Z 
2026-07-28T05:25:16.5649376Z #14 [build 4/8] COPY src/Ednsv.Web/Ednsv.Web.csproj src/Ednsv.Web/
2026-07-28T05:25:16.5650594Z #14 extracting sha256:0aa6db834649082ea8d86f41789fce403a69c18bcec5994ceaf0ed4474563c7d
2026-07-28T05:25:17.0782978Z #14 extracting sha256:0aa6db834649082ea8d86f41789fce403a69c18bcec5994ceaf0ed4474563c7d 0.7s done
2026-07-28T05:25:17.0784054Z #14 DONE 3.9s
2026-07-28T05:25:17.2282702Z 
2026-07-28T05:25:17.2283566Z #14 [build 4/8] COPY src/Ednsv.Web/Ednsv.Web.csproj src/Ednsv.Web/
2026-07-28T05:25:17.2284742Z #14 extracting sha256:34eabb9d45bfc2a02673ee3778040c44b0f3b59facbbf51f9c367482821ce92f
2026-07-28T05:25:19.6431933Z #14 extracting sha256:34eabb9d45bfc2a02673ee3778040c44b0f3b59facbbf51f9c367482821ce92f 2.6s done
2026-07-28T05:25:19.6433004Z #14 DONE 6.4s
2026-07-28T05:25:19.8006147Z 
2026-07-28T05:25:19.8007295Z #14 [build 4/8] COPY src/Ednsv.Web/Ednsv.Web.csproj src/Ednsv.Web/
2026-07-28T05:25:19.8008325Z #14 extracting sha256:ed43dda998e1a0c05efeddc9a24048ad8349ce02697b4db3061250e466b3a059 done
2026-07-28T05:25:19.8009133Z #14 extracting sha256:aaea65f9d3756e15614c6efe86e2006b8fe74af0af07faefdcb6e6001dd705fc
2026-07-28T05:25:19.9106868Z #14 extracting sha256:aaea65f9d3756e15614c6efe86e2006b8fe74af0af07faefdcb6e6001dd705fc 0.3s done
2026-07-28T05:25:19.9107661Z #14 DONE 6.7s
2026-07-28T05:25:20.0749569Z 
2026-07-28T05:25:20.0750086Z #14 [build 4/8] COPY src/Ednsv.Web/Ednsv.Web.csproj src/Ednsv.Web/
2026-07-28T05:25:20.0750720Z #14 extracting sha256:11eb1ef6a72d72d68482386694a791673416aeb0fe0f5f9f5d7815d3e3befd5f done
2026-07-28T05:25:20.0751407Z #14 extracting sha256:8feae64b640e0e8336843eecdc83654fab9ba0b453f6b59fafbe792d665df6a9 done
2026-07-28T05:25:20.0752107Z #14 extracting sha256:da791154ac21a0cf59ef54af002fc5ac636e4ca234301c55f211218dc631f414 done
2026-07-28T05:25:20.0752571Z #14 DONE 6.7s
2026-07-28T05:25:20.0752686Z 
2026-07-28T05:25:20.0752872Z #15 [build 5/8] RUN dotnet restore src/Ednsv.Web/Ednsv.Web.csproj
2026-07-28T05:25:20.6070995Z #15 0.683   Determining projects to restore...
2026-07-28T05:25:22.5898909Z #15 2.665   Restored /src/src/Ednsv.Core/Ednsv.Core.csproj (in 1.52 sec).
2026-07-28T05:25:22.5900405Z #15 2.665   Restored /src/src/Ednsv.Web/Ednsv.Web.csproj (in 1.52 sec).
2026-07-28T05:25:24.7042356Z #15 DONE 4.8s
2026-07-28T05:25:24.9027095Z 
2026-07-28T05:25:24.9027757Z #16 [build 6/8] COPY src/Ednsv.Core/ src/Ednsv.Core/
2026-07-28T05:25:24.9028307Z #16 DONE 0.0s
2026-07-28T05:25:24.9028502Z 
2026-07-28T05:25:24.9028650Z #17 [build 7/8] COPY src/Ednsv.Web/ src/Ednsv.Web/
2026-07-28T05:25:24.9028969Z #17 DONE 0.0s
2026-07-28T05:25:24.9029086Z 
2026-07-28T05:25:24.9029925Z #18 [build 8/8] RUN dotnet publish src/Ednsv.Web/Ednsv.Web.csproj         --configuration Release         --no-restore         --output /app/publish         /p:UseAppHost=false         /p:SourceRevisionId="dad676dcd096bd352fba26f2f5144cec1dd37c79"
2026-07-28T05:25:29.9656316Z #18 5.213   Ednsv.Core -> /src/src/Ednsv.Core/bin/Release/net8.0/Ednsv.Core.dll
2026-07-28T05:25:32.0207523Z #18 7.268   Ednsv.Web -> /src/src/Ednsv.Web/bin/Release/net8.0/Ednsv.Web.dll
2026-07-28T05:25:32.1837057Z #18 7.350   Ednsv.Web -> /app/publish/
2026-07-28T05:25:32.1837638Z #18 DONE 7.4s
2026-07-28T05:25:32.2878056Z 
2026-07-28T05:25:32.2878659Z #19 [runtime 2/3] WORKDIR /app
2026-07-28T05:25:32.2879759Z #19 sha256:6be1d09dc94636d9fe43fa397a54265c3786edd427bb14d3eab7c491cfb8cbe5 93B / 93B 0.0s done
2026-07-28T05:25:32.2881028Z #19 extracting sha256:6be1d09dc94636d9fe43fa397a54265c3786edd427bb14d3eab7c491cfb8cbe5 done
2026-07-28T05:25:32.2881955Z #19 DONE 0.1s
2026-07-28T05:25:32.2882421Z 
2026-07-28T05:25:32.2882767Z #20 [runtime 3/3] COPY --from=build /app/publish ./
2026-07-28T05:25:32.2883431Z #20 DONE 0.0s
2026-07-28T05:25:32.4398682Z 
2026-07-28T05:25:32.4399202Z #21 exporting to image
2026-07-28T05:25:32.4399634Z #21 exporting layers
2026-07-28T05:25:32.5263917Z #21 exporting layers 0.2s done
2026-07-28T05:25:32.7198645Z #21 ...
2026-07-28T05:25:32.7198950Z 
2026-07-28T05:25:32.7199209Z #22 [auth] pkinerd/ednsv:pull,push token for ghcr.io
2026-07-28T05:25:32.7199764Z #22 DONE 0.0s
2026-07-28T05:25:32.7199958Z 
2026-07-28T05:25:32.7200094Z #21 exporting to image
2026-07-28T05:25:32.7200841Z #21 exporting manifest sha256:80aa6f4dd1d3781dbb81ab98f4827616360f5ae9a87d5142e3a6f915a164d0cb done
2026-07-28T05:25:32.7201994Z #21 exporting config sha256:69d986d9b4278aab5f53581df5438599bf6fbdd8ad44587cf6cb541e89ed51f8 done
2026-07-28T05:25:32.7203204Z #21 exporting attestation manifest sha256:95e36dd05990dd52e6550e04667b948b65567637fa4438b60e3e21ddb97c4a0a done
2026-07-28T05:25:32.7204699Z #21 exporting manifest list sha256:9434d0d76c27af2b3fe30158cd7d12661c84cccc1b329f50000bb64a260f838e done
2026-07-28T05:25:32.7205576Z #21 pushing layers
2026-07-28T05:25:33.7894410Z #21 pushing layers 1.2s done
2026-07-28T05:25:33.7895653Z #21 pushing manifest for ghcr.io/pkinerd/ednsv:pr-30@sha256:9434d0d76c27af2b3fe30158cd7d12661c84cccc1b329f50000bb64a260f838e
2026-07-28T05:25:34.7085990Z #21 pushing manifest for ghcr.io/pkinerd/ednsv:pr-30@sha256:9434d0d76c27af2b3fe30158cd7d12661c84cccc1b329f50000bb64a260f838e 0.9s done
2026-07-28T05:25:34.9176294Z #21 pushing layers 0.1s done
2026-07-28T05:25:34.9177368Z #21 pushing manifest for ghcr.io/pkinerd/ednsv:latest-any@sha256:9434d0d76c27af2b3fe30158cd7d12661c84cccc1b329f50000bb64a260f838e
2026-07-28T05:25:35.2070444Z #21 pushing manifest for ghcr.io/pkinerd/ednsv:latest-any@sha256:9434d0d76c27af2b3fe30158cd7d12661c84cccc1b329f50000bb64a260f838e 0.4s done
2026-07-28T05:25:35.4366452Z #21 pushing layers 0.1s done
2026-07-28T05:25:35.4367517Z #21 pushing manifest for ghcr.io/pkinerd/ednsv:sha-dad676d@sha256:9434d0d76c27af2b3fe30158cd7d12661c84cccc1b329f50000bb64a260f838e
2026-07-28T05:25:35.6956794Z #21 pushing manifest for ghcr.io/pkinerd/ednsv:sha-dad676d@sha256:9434d0d76c27af2b3fe30158cd7d12661c84cccc1b329f50000bb64a260f838e 0.4s done
2026-07-28T05:25:35.6957696Z #21 DONE 3.4s
2026-07-28T05:25:35.6957829Z 
2026-07-28T05:25:35.6957982Z #23 exporting to GitHub Actions Cache
2026-07-28T05:25:35.6958319Z #23 preparing build cache for export 3.0s done
2026-07-28T05:25:35.6958643Z #23 sending cache export
2026-07-28T05:25:35.8535237Z #23 writing layer sha256:3ec28a211bf5f94cc8a7acf415b42659dd1eae17ddd7812b1dab72a1e954b930 0.1s done
2026-07-28T05:25:36.0634956Z #23 writing layer sha256:66827fee7a9a16e9c57e5b5eb7bd55c500917d161c6894c6fd438381f1031705
2026-07-28T05:25:36.2478375Z #23 writing layer sha256:66827fee7a9a16e9c57e5b5eb7bd55c500917d161c6894c6fd438381f1031705 0.3s done
2026-07-28T05:25:36.3652222Z #23 writing layer sha256:ae75ac92a264736cc1325483f58c2e30df97472cbe7ca1788c3c8c4eeef26415
2026-07-28T05:25:39.1214587Z #23 writing layer sha256:ae75ac92a264736cc1325483f58c2e30df97472cbe7ca1788c3c8c4eeef26415 2.8s done
2026-07-28T05:25:39.2925821Z #23 writing layer sha256:cdb5d0b2f86ddbf9f4d1e69c8ec1848b4c578aa5c5e8e064f2393ab15bcd7c75 0.1s done
2026-07-28T05:25:39.4609447Z #23 writing layer sha256:d4d9396dc307ef69d79dd3acd31fff6ded5a21ff44455c5902543eb6ebd79dea
2026-07-28T05:25:39.6657466Z #23 writing layer sha256:d4d9396dc307ef69d79dd3acd31fff6ded5a21ff44455c5902543eb6ebd79dea 0.4s done
2026-07-28T05:25:39.8233014Z #23 sending cache export 4.2s done
2026-07-28T05:25:39.8233477Z #23 DONE 7.3s
2026-07-28T05:25:39.8527413Z 
2026-07-28T05:25:39.8528075Z #24 resolving provenance for metadata file
2026-07-28T05:25:39.8528585Z #24 DONE 0.0s
2026-07-28T05:25:39.8630912Z ##[group]ImageID
2026-07-28T05:25:39.8631924Z sha256:9434d0d76c27af2b3fe30158cd7d12661c84cccc1b329f50000bb64a260f838e
2026-07-28T05:25:39.8633187Z ##[endgroup]
2026-07-28T05:25:39.8633810Z ##[group]Digest
2026-07-28T05:25:39.8645535Z sha256:9434d0d76c27af2b3fe30158cd7d12661c84cccc1b329f50000bb64a260f838e
2026-07-28T05:25:39.8646833Z ##[endgroup]
2026-07-28T05:25:39.8647445Z ##[group]Metadata
2026-07-28T05:25:39.8647806Z {
2026-07-28T05:25:39.8648194Z   "buildx.build.provenance": {
2026-07-28T05:25:39.8648626Z     "builder": {
2026-07-28T05:25:39.8649245Z       "id": "https://github.com/pkinerd/ednsv/actions/runs/30331516624/attempts/1"
2026-07-28T05:25:39.8649881Z     },
2026-07-28T05:25:39.8650326Z     "buildType": "https://mobyproject.org/buildkit@v1",
2026-07-28T05:25:39.8650849Z     "materials": [
2026-07-28T05:25:39.8651169Z       {
2026-07-28T05:25:39.8651529Z         "uri": "pkg:docker/docker/dockerfile@1.7",
2026-07-28T05:25:39.8652010Z         "digest": {
2026-07-28T05:25:39.8652621Z           "sha256": "a57df69d0ea827fb7266491f2813635de6f17269be881f696fbfdf2d83dda33e"
2026-07-28T05:25:39.8653331Z         }
2026-07-28T05:25:39.8653662Z       },
2026-07-28T05:25:39.8654310Z       {
2026-07-28T05:25:39.8654950Z         "uri": "pkg:docker/mcr.microsoft.com/dotnet/aspnet@8.0?platform=linux%2Famd64",
2026-07-28T05:25:39.8655658Z         "digest": {
2026-07-28T05:25:39.8656286Z           "sha256": "8f6a307ae32fb393a4b4bcde0a81f0ce3f0a715de0e5575df71f3030448f2dde"
2026-07-28T05:25:39.8657005Z         }
2026-07-28T05:25:39.8657349Z       },
2026-07-28T05:25:39.8657663Z       {
2026-07-28T05:25:39.8658213Z         "uri": "pkg:docker/mcr.microsoft.com/dotnet/sdk@8.0?platform=linux%2Famd64",
2026-07-28T05:25:39.8658885Z         "digest": {
2026-07-28T05:25:39.8659463Z           "sha256": "3c0edbfe1549dd93fb789dc96299a40df865ad7bffefcaf38e8c05940686d641"
2026-07-28T05:25:39.8660144Z         }
2026-07-28T05:25:39.8660430Z       }
2026-07-28T05:25:39.8660706Z     ],
2026-07-28T05:25:39.8660997Z     "invocation": {
2026-07-28T05:25:39.8661338Z       "configSource": {
2026-07-28T05:25:39.8661714Z         "entryPoint": "Dockerfile"
2026-07-28T05:25:39.8662110Z       },
2026-07-28T05:25:39.8662413Z       "parameters": {
2026-07-28T05:25:39.8662775Z         "frontend": "gateway.v0",
2026-07-28T05:25:39.8663169Z         "args": {
2026-07-28T05:25:39.8663697Z           "build-arg:SOURCE_COMMIT": "dad676dcd096bd352fba26f2f5144cec1dd37c79",
2026-07-28T05:25:39.8666073Z           "cmdline": "docker/dockerfile:1.7",
2026-07-28T05:25:39.8666721Z           "label:org.opencontainers.image.created": "2026-07-28T05:25:11.373Z",
2026-07-28T05:25:39.8667389Z           "label:org.opencontainers.image.description": "",
2026-07-28T05:25:39.8667923Z           "label:org.opencontainers.image.licenses": "",
2026-07-28T05:25:39.8668643Z           "label:org.opencontainers.image.revision": "dad676dcd096bd352fba26f2f5144cec1dd37c79",
2026-07-28T05:25:39.8669617Z           "label:org.opencontainers.image.source": "https://github.com/pkinerd/ednsv",
2026-07-28T05:25:39.8670376Z           "label:org.opencontainers.image.title": "ednsv",
2026-07-28T05:25:39.8671092Z           "label:org.opencontainers.image.url": "https://github.com/pkinerd/ednsv",
2026-07-28T05:25:39.8671847Z           "label:org.opencontainers.image.version": "pr-30",
2026-07-28T05:25:39.8672805Z           "source": "docker/dockerfile:1.7"
2026-07-28T05:25:39.8673242Z         },
2026-07-28T05:25:39.8673542Z         "locals": [
2026-07-28T05:25:39.8673867Z           {
2026-07-28T05:25:39.8675377Z             "name": "context"
2026-07-28T05:25:39.8675775Z           },
2026-07-28T05:25:39.8676325Z           {
2026-07-28T05:25:39.8676539Z             "name": "dockerfile"
2026-07-28T05:25:39.8676791Z           }
2026-07-28T05:25:39.8677103Z         ],
2026-07-28T05:25:39.8677403Z         "root": {
2026-07-28T05:25:39.8677734Z           "configSource": {
2026-07-28T05:25:39.8678116Z             "path": "Dockerfile"
2026-07-28T05:25:39.8678353Z           },
2026-07-28T05:25:39.8678606Z           "request": {
2026-07-28T05:25:39.8678957Z             "args": {
2026-07-28T05:25:39.8679521Z               "build-arg:SOURCE_COMMIT": "dad676dcd096bd352fba26f2f5144cec1dd37c79",
2026-07-28T05:25:39.8680114Z               "label:org.opencontainers.image.created": "2026-07-28T05:25:11.373Z",
2026-07-28T05:25:39.8680568Z               "label:org.opencontainers.image.description": "",
2026-07-28T05:25:39.8680938Z               "label:org.opencontainers.image.licenses": "",
2026-07-28T05:25:39.8681427Z               "label:org.opencontainers.image.revision": "dad676dcd096bd352fba26f2f5144cec1dd37c79",
2026-07-28T05:25:39.8682030Z               "label:org.opencontainers.image.source": "https://github.com/pkinerd/ednsv",
2026-07-28T05:25:39.8682561Z               "label:org.opencontainers.image.title": "ednsv",
2026-07-28T05:25:39.8683025Z               "label:org.opencontainers.image.url": "https://github.com/pkinerd/ednsv",
2026-07-28T05:25:39.8683561Z               "label:org.opencontainers.image.version": "pr-30",
2026-07-28T05:25:39.8683919Z               "vcs:localdir:context": ".",
2026-07-28T05:25:39.8684729Z               "vcs:localdir:dockerfile": ".",
2026-07-28T05:25:39.8685347Z               "vcs:revision": "dad676dcd096bd352fba26f2f5144cec1dd37c79",
2026-07-28T05:25:39.8686152Z               "vcs:source": "https://github.com/pkinerd/ednsv"
2026-07-28T05:25:39.8686757Z             }
2026-07-28T05:25:39.8687096Z           }
2026-07-28T05:25:39.8687414Z         },
2026-07-28T05:25:39.8687771Z         "compatibilityVersion": 30
2026-07-28T05:25:39.8688206Z       },
2026-07-28T05:25:39.8688513Z       "environment": {
2026-07-28T05:25:39.8688913Z         "github_actor": "pkinerd",
2026-07-28T05:25:39.8689363Z         "github_actor_id": "169779439",
2026-07-28T05:25:39.8689849Z         "github_event_name": "pull_request",
2026-07-28T05:25:39.8690346Z         "github_event_payload": {
2026-07-28T05:25:39.8690654Z           "action": "synchronize",
2026-07-28T05:25:39.8690968Z           "after": "ab867c4c7b4cdcdf031940c2328306b971f384a7",
2026-07-28T05:25:39.8691365Z           "before": "7e859ee843dd584e0e947f76d9051a2f8a142126",
2026-07-28T05:25:39.8691683Z           "number": 30,
2026-07-28T05:25:39.8691896Z           "pull_request": {
2026-07-28T05:25:39.8692129Z             "_links": {
2026-07-28T05:25:39.8692356Z               "comments": {
2026-07-28T05:25:39.8692700Z                 "href": "https://api.github.com/repos/pkinerd/ednsv/issues/30/comments"
2026-07-28T05:25:39.8693079Z               },
2026-07-28T05:25:39.8693289Z               "commits": {
2026-07-28T05:25:39.8693618Z                 "href": "https://api.github.com/repos/pkinerd/ednsv/pulls/30/commits"
2026-07-28T05:25:39.8694285Z               },
2026-07-28T05:25:39.8694534Z               "html": {
2026-07-28T05:25:39.8694882Z                 "href": "https://github.com/pkinerd/ednsv/pull/30"
2026-07-28T05:25:39.8695248Z               },
2026-07-28T05:25:39.8695486Z               "issue": {
2026-07-28T05:25:39.8695854Z                 "href": "https://api.github.com/repos/pkinerd/ednsv/issues/30"
2026-07-28T05:25:39.8696234Z               },
2026-07-28T05:25:39.8696447Z               "review_comment": {
2026-07-28T05:25:39.8696835Z                 "href": "https://api.github.com/repos/pkinerd/ednsv/pulls/comments{/number}"
2026-07-28T05:25:39.8697543Z               },
2026-07-28T05:25:39.8697794Z               "review_comments": {
2026-07-28T05:25:39.8698197Z                 "href": "https://api.github.com/repos/pkinerd/ednsv/pulls/30/comments"
2026-07-28T05:25:39.8698581Z               },
2026-07-28T05:25:39.8698914Z               "self": {
2026-07-28T05:25:39.8699252Z                 "href": "https://api.github.com/repos/pkinerd/ednsv/pulls/30"
2026-07-28T05:25:39.8699612Z               },
2026-07-28T05:25:39.8699825Z               "statuses": {
2026-07-28T05:25:39.8700297Z                 "href": "https://api.github.com/repos/pkinerd/ednsv/statuses/ab867c4c7b4cdcdf031940c2328306b971f384a7"
2026-07-28T05:25:39.8700822Z               }
2026-07-28T05:25:39.8701024Z             },
2026-07-28T05:25:39.8701226Z             "active_lock_reason": null,
2026-07-28T05:25:39.8701514Z             "additions": 1145,
2026-07-28T05:25:39.8701772Z             "assignee": null,
2026-07-28T05:25:39.8702029Z             "assignees": [],
2026-07-28T05:25:39.8702295Z             "author_association": "OWNER",
2026-07-28T05:25:39.8702723Z             "auto_merge": null,
2026-07-28T05:25:39.8702977Z             "base": {
2026-07-28T05:25:39.8703209Z               "label": "pkinerd:main",
2026-07-28T05:25:39.8703474Z               "ref": "main",
2026-07-28T05:25:39.8703706Z               "repo": {
2026-07-28T05:25:39.8704166Z                 "allow_auto_merge": false,
2026-07-28T05:25:39.8704510Z                 "allow_forking": true,
2026-07-28T05:25:39.8704792Z                 "allow_merge_commit": true,
2026-07-28T05:25:39.8705081Z                 "allow_rebase_merge": true,
2026-07-28T05:25:39.8705366Z                 "allow_squash_merge": true,
2026-07-28T05:25:39.8705656Z                 "allow_update_branch": false,
2026-07-28T05:25:39.8706107Z                 "archive_url": "https://api.github.com/repos/pkinerd/ednsv/{archive_format}{/ref}",
2026-07-28T05:25:39.8706581Z                 "archived": false,
2026-07-28T05:25:39.8706984Z                 "assignees_url": "https://api.github.com/repos/pkinerd/ednsv/assignees{/user}",
2026-07-28T05:25:39.8707593Z                 "blobs_url": "https://api.github.com/repos/pkinerd/ednsv/git/blobs{/sha}",
2026-07-28T05:25:39.8708273Z                 "branches_url": "https://api.github.com/repos/pkinerd/ednsv/branches{/branch}",
2026-07-28T05:25:39.8708792Z                 "clone_url": "https://github.com/pkinerd/ednsv.git",
2026-07-28T05:25:39.8709360Z                 "collaborators_url": "https://api.github.com/repos/pkinerd/ednsv/collaborators{/collaborator}",
2026-07-28T05:25:39.8710014Z                 "comments_url": "https://api.github.com/repos/pkinerd/ednsv/comments{/number}",
2026-07-28T05:25:39.8710585Z                 "commits_url": "https://api.github.com/repos/pkinerd/ednsv/commits{/sha}",
2026-07-28T05:25:39.8711171Z                 "compare_url": "https://api.github.com/repos/pkinerd/ednsv/compare/{base}...{head}",
2026-07-28T05:25:39.8711775Z                 "contents_url": "https://api.github.com/repos/pkinerd/ednsv/contents/{+path}",
2026-07-28T05:25:39.8712363Z                 "contributors_url": "https://api.github.com/repos/pkinerd/ednsv/contributors",
2026-07-28T05:25:39.8712834Z                 "created_at": "2026-03-30T21:24:40Z",
2026-07-28T05:25:39.8713145Z                 "default_branch": "main",
2026-07-28T05:25:39.8713445Z                 "delete_branch_on_merge": false,
2026-07-28T05:25:39.8713891Z                 "deployments_url": "https://api.github.com/repos/pkinerd/ednsv/deployments",
2026-07-28T05:25:39.8714569Z                 "description": null,
2026-07-28T05:25:39.8714845Z                 "disabled": false,
2026-07-28T05:25:39.8715227Z                 "downloads_url": "https://api.github.com/repos/pkinerd/ednsv/downloads",
2026-07-28T05:25:39.8715752Z                 "events_url": "https://api.github.com/repos/pkinerd/ednsv/events",
2026-07-28T05:25:39.8716150Z                 "fork": false,
2026-07-28T05:25:39.8716377Z                 "forks": 0,
2026-07-28T05:25:39.8716619Z                 "forks_count": 0,
2026-07-28T05:25:39.8717167Z                 "forks_url": "https://api.github.com/repos/pkinerd/ednsv/forks",
2026-07-28T05:25:39.8717584Z                 "full_name": "pkinerd/ednsv",
2026-07-28T05:25:39.8718417Z                 "git_commits_url": "https://api.github.com/repos/pkinerd/ednsv/git/commits{/sha}",
2026-07-28T05:25:39.8719517Z                 "git_refs_url": "https://api.github.com/repos/pkinerd/ednsv/git/refs{/sha}",
2026-07-28T05:25:39.8720245Z                 "git_tags_url": "https://api.github.com/repos/pkinerd/ednsv/git/tags{/sha}",
2026-07-28T05:25:39.8720739Z                 "git_url": "git://github.com/pkinerd/ednsv.git",
2026-07-28T05:25:39.8721099Z                 "has_discussions": false,
2026-07-28T05:25:39.8721387Z                 "has_downloads": false,
2026-07-28T05:25:39.8721647Z                 "has_issues": true,
2026-07-28T05:25:39.8721908Z                 "has_pages": false,
2026-07-28T05:25:39.8722168Z                 "has_projects": true,
2026-07-28T05:25:39.8722458Z                 "has_pull_requests": true,
2026-07-28T05:25:39.8722732Z                 "has_wiki": true,
2026-07-28T05:25:39.8722988Z                 "homepage": null,
2026-07-28T05:25:39.8723341Z                 "hooks_url": "https://api.github.com/repos/pkinerd/ednsv/hooks",
2026-07-28T05:25:39.8723829Z                 "html_url": "https://github.com/pkinerd/ednsv",
2026-07-28T05:25:39.8724563Z                 "id": 1196602452,
2026-07-28T05:25:39.8724870Z                 "is_template": false,
2026-07-28T05:25:39.8725355Z                 "issue_comment_url": "https://api.github.com/repos/pkinerd/ednsv/issues/comments{/number}",
2026-07-28T05:25:39.8726093Z                 "issue_events_url": "https://api.github.com/repos/pkinerd/ednsv/issues/events{/number}",
2026-07-28T05:25:39.8726684Z                 "issues_url": "https://api.github.com/repos/pkinerd/ednsv/issues{/number}",
2026-07-28T05:25:39.8727182Z                 "keys_url": "https://api.github.com/repos/pkinerd/ednsv/keys{/key_id}",
2026-07-28T05:25:39.8727704Z                 "labels_url": "https://api.github.com/repos/pkinerd/ednsv/labels{/name}",
2026-07-28T05:25:39.8728114Z                 "language": "C#",
2026-07-28T05:25:39.8728472Z                 "languages_url": "https://api.github.com/repos/pkinerd/ednsv/languages",
2026-07-28T05:25:39.8728871Z                 "license": null,
2026-07-28T05:25:39.8729133Z                 "merge_commit_message": "PR_TITLE",
2026-07-28T05:25:39.8729438Z                 "merge_commit_title": "MERGE_MESSAGE",
2026-07-28T05:25:39.8729836Z                 "merges_url": "https://api.github.com/repos/pkinerd/ednsv/merges",
2026-07-28T05:25:39.8730716Z                 "milestones_url": "https://api.github.com/repos/pkinerd/ednsv/milestones{/number}",
2026-07-28T05:25:39.8731183Z                 "mirror_url": null,
2026-07-28T05:25:39.8731562Z                 "name": "ednsv",
2026-07-28T05:25:39.8731817Z                 "node_id": "R_kgDOR1K0VA",
2026-07-28T05:25:39.8732400Z                 "notifications_url": "https://api.github.com/repos/pkinerd/ednsv/notifications{?since,all,participating}",
2026-07-28T05:25:39.8733093Z                 "open_issues": 1,
2026-07-28T05:25:39.8733338Z                 "open_issues_count": 1,
2026-07-28T05:25:39.8733590Z                 "owner": {
2026-07-28T05:25:39.8734125Z                   "avatar_url": "https://avatars.githubusercontent.com/u/169779439?v=4",
2026-07-28T05:25:39.8734762Z                   "events_url": "https://api.github.com/users/pkinerd/events{/privacy}",
2026-07-28T05:25:39.8735244Z                   "followers_url": "https://api.github.com/users/pkinerd/followers",
2026-07-28T05:25:39.8735756Z                   "following_url": "https://api.github.com/users/pkinerd/following{/other_user}",
2026-07-28T05:25:39.8736265Z                   "gists_url": "https://api.github.com/users/pkinerd/gists{/gist_id}",
2026-07-28T05:25:39.8736634Z                   "gravatar_id": "",
2026-07-28T05:25:39.8736919Z                   "html_url": "https://github.com/pkinerd",
2026-07-28T05:25:39.8737413Z                   "id": 169779439,
2026-07-28T05:25:39.8737654Z                   "login": "pkinerd",
2026-07-28T05:25:39.8737916Z                   "node_id": "U_kgDOCh6g7w",
2026-07-28T05:25:39.8738396Z                   "organizations_url": "https://api.github.com/users/pkinerd/orgs",
2026-07-28T05:25:39.8738920Z                   "received_events_url": "https://api.github.com/users/pkinerd/received_events",
2026-07-28T05:25:39.8739406Z                   "repos_url": "https://api.github.com/users/pkinerd/repos",
2026-07-28T05:25:39.8739762Z                   "site_admin": false,
2026-07-28T05:25:39.8740154Z                   "starred_url": "https://api.github.com/users/pkinerd/starred{/owner}{/repo}",
2026-07-28T05:25:39.8740725Z                   "subscriptions_url": "https://api.github.com/users/pkinerd/subscriptions",
2026-07-28T05:25:39.8741126Z                   "type": "User",
2026-07-28T05:25:39.8741416Z                   "url": "https://api.github.com/users/pkinerd",
2026-07-28T05:25:39.8741743Z                   "user_view_type": "public"
2026-07-28T05:25:39.8742001Z                 },
2026-07-28T05:25:39.8742204Z                 "private": false,
2026-07-28T05:25:39.8742466Z                 "pull_request_creation_policy": "all",
2026-07-28T05:25:39.8742876Z                 "pulls_url": "https://api.github.com/repos/pkinerd/ednsv/pulls{/number}",
2026-07-28T05:25:39.8743290Z                 "pushed_at": "2026-07-28T05:23:49Z",
2026-07-28T05:25:39.8743694Z                 "releases_url": "https://api.github.com/repos/pkinerd/ednsv/releases{/id}",
2026-07-28T05:25:39.8744436Z                 "size": 42634,
2026-07-28T05:25:39.8744713Z                 "squash_merge_commit_message": "COMMIT_MESSAGES",
2026-07-28T05:25:39.8745071Z                 "squash_merge_commit_title": "COMMIT_OR_PR_TITLE",
2026-07-28T05:25:39.8745422Z                 "ssh_url": "git@github.com:pkinerd/ednsv.git",
2026-07-28T05:25:39.8745729Z                 "stargazers_count": 0,
2026-07-28T05:25:39.8746115Z                 "stargazers_url": "https://api.github.com/repos/pkinerd/ednsv/stargazers",
2026-07-28T05:25:39.8746645Z                 "statuses_url": "https://api.github.com/repos/pkinerd/ednsv/statuses/{sha}",
2026-07-28T05:25:39.8747183Z                 "subscribers_url": "https://api.github.com/repos/pkinerd/ednsv/subscribers",
2026-07-28T05:25:39.8747719Z                 "subscription_url": "https://api.github.com/repos/pkinerd/ednsv/subscription",
2026-07-28T05:25:39.8748167Z                 "svn_url": "https://github.com/pkinerd/ednsv",
2026-07-28T05:25:39.8748644Z                 "tags_url": "https://api.github.com/repos/pkinerd/ednsv/tags",
2026-07-28T05:25:39.8749489Z                 "teams_url": "https://api.github.com/repos/pkinerd/ednsv/teams",
2026-07-28T05:25:39.8749873Z                 "topics": [],
2026-07-28T05:25:39.8750276Z                 "trees_url": "https://api.github.com/repos/pkinerd/ednsv/git/trees{/sha}",
2026-07-28T05:25:39.8750698Z                 "updated_at": "2026-07-27T03:28:49Z",
2026-07-28T05:25:39.8751042Z                 "url": "https://api.github.com/repos/pkinerd/ednsv",
2026-07-28T05:25:39.8751389Z                 "use_squash_pr_title_as_default": false,
2026-07-28T05:25:39.8751681Z                 "visibility": "public",
2026-07-28T05:25:39.8751940Z                 "watchers": 0,
2026-07-28T05:25:39.8752171Z                 "watchers_count": 0,
2026-07-28T05:25:39.8752436Z                 "web_commit_signoff_required": false
2026-07-28T05:25:39.8752724Z               },
2026-07-28T05:25:39.8752962Z               "sha": "b39be414bd0957dd8574f7aa105e6a17842b92ab",
2026-07-28T05:25:39.8753255Z               "user": {
2026-07-28T05:25:39.8753582Z                 "avatar_url": "https://avatars.githubusercontent.com/u/169779439?v=4",
2026-07-28T05:25:39.8754318Z                 "events_url": "https://api.github.com/users/pkinerd/events{/privacy}",
2026-07-28T05:25:39.8754807Z                 "followers_url": "https://api.github.com/users/pkinerd/followers",
2026-07-28T05:25:39.8755584Z                 "following_url": "https://api.github.com/users/pkinerd/following{/other_user}",
2026-07-28T05:25:39.8756089Z                 "gists_url": "https://api.github.com/users/pkinerd/gists{/gist_id}",
2026-07-28T05:25:39.8756579Z                 "gravatar_id": "",
2026-07-28T05:25:39.8756866Z                 "html_url": "https://github.com/pkinerd",
2026-07-28T05:25:39.8757155Z                 "id": 169779439,
2026-07-28T05:25:39.8757381Z                 "login": "pkinerd",
2026-07-28T05:25:39.8757633Z                 "node_id": "U_kgDOCh6g7w",
2026-07-28T05:25:39.8757996Z                 "organizations_url": "https://api.github.com/users/pkinerd/orgs",
2026-07-28T05:25:39.8758502Z                 "received_events_url": "https://api.github.com/users/pkinerd/received_events",
2026-07-28T05:25:39.8758982Z                 "repos_url": "https://api.github.com/users/pkinerd/repos",
2026-07-28T05:25:39.8759326Z                 "site_admin": false,
2026-07-28T05:25:39.8759836Z                 "starred_url": "https://api.github.com/users/pkinerd/starred{/owner}{/repo}",
2026-07-28T05:25:39.8760586Z                 "subscriptions_url": "https://api.github.com/users/pkinerd/subscriptions",
2026-07-28T05:25:39.8761103Z                 "type": "User",
2026-07-28T05:25:39.8761484Z                 "url": "https://api.github.com/users/pkinerd",
2026-07-28T05:25:39.8777392Z                 "user_view_type": "public"
2026-07-28T05:25:39.8777687Z               }
2026-07-28T05:25:39.8777884Z             },
2026-07-28T05:25:39.8807252Z             "body": "Started from a report of suspect caching against `cnn.com` with `DnsCacheMinTtlSeconds=60` and `CacheTtlHours=2`: hundreds of Redis entries dropping in the first couple of minutes. They were not all short-TTL records — the floor was being applied as a default. Investigating that surfaced three more places where a lifetime was lost or extended in transit.\n\n## Measured, from this run's integration log\n\n`cnn.com` publishes an SOA `Minimum TTL` of **86400s** (Route 53 default: Refresh 7200 / Retry 900 / Expire 1209600 / Minimum 86400). That is the RFC 2308 negative-caching TTL, and the old code was substituting the 60s floor for it — so every absent DKIM selector and probed subdomain expired 15–120× too early. Its A/MX records genuinely are ~60s, so those entries were correctly short; the reported symptom was a mix of both, which is what made it hard to call from the outside.\n\nFor contrast in the same run: `google.com` and `gmail.com` publish 60s, `example.com` 1800s.\n\nNot measured: the SOA *record's* own TTL (the SOA check prints the record's fields, not its TTL). RFC 2308 takes the lesser of that and MINIMUM, so the realistic post-fix figure for cnn.com negatives is ~900s rather than the 7200s cap. Also not measured: the blocklist zones' SOAs, which govern the ~85 DNSBL \"not listed\" answers.\n\n## The reported problem\n\n`DnsCacheMinTtlSeconds` was standing in for a TTL whenever a response carried none, and that was the dominant path rather than a corner. Only the answer section was read, so every NXDOMAIN and NODATA looked TTL-less — and negative answers are the bulk of what a validation issues: 21 blocklist zones per MX IP replying \"not listed\", 39 absent DKIM selectors, plus the SPF, DMARC, ARC and mail-survey subdomain probes. Validating a clean domain is the worst case, because nothing is listed and nothing exists.\n\nTwo changes in `DnsCacheTtl`:\n\n- **A response that published no TTL now inherits `CacheTtlHours`**, leaving the cache-wide TTL governing exactly as it does with gating off. The floor bounds TTLs we received; it is not a substitute for one.\n- **Negative answers get the TTL the zone published for them** — RFC 2308 §5, `min(SOA.MINIMUM, SOA TTL)` from the authority section. `DnsCacheSerializer` was already capturing and persisting that SOA; only the TTL policy ignored it. It is clamped by the floor and the cap like any other published TTL.\n\nWith both, \"no TTL at all\" is genuinely rare: a referral with no SOA, or a malformed response.\n\nAlso fixes two call sites that read the answer section directly and so missed the SOA — the PTR cache, and `QuerySpeculativeAsync`, which wrote straight to the cache with no entry TTL and was giving the DKIM selector and SRV probes the full `CacheTtlHours` while every gated path around them honoured the zone.\n\n## Lifetimes crossing between L1 and Redis\n\nFour paths move a value between the tiers. Three carried the lifetime with them; the read leg did not — a hit was cached locally with a fresh full `CacheTtlHours` no matter how little was left on the Redis key. With record-TTL gating on, badly: a DNS answer bounded to sixty seconds, read from Redis at fifty-nine seconds old, was then served from L1 for the full cache TTL. It did not stop there — `SetMemoryOnly` records the same expiry in the shared-cache key index, so an emptied-Redis re-warm republished the entry with *more* life than it had ever been given.\n\n`TryGetAsync` now reads the remaining lifetime alongside the value with `StringGetWithExpiry` — one round trip either way — and returns both, so the expiry cannot be dropped by a future caller. The L1 copy takes the sooner of that and a full cache TTL.\n\n**Behaviour change worth a look:** under `CacheTtlHours=0` an L2 hit now expires with the shared key instead of never. Memory not expiring is a statement about values this instance fetched, not a licence to keep a borrowed one forever.\n\nThe cap in the other direction is for restarts and config changes: Redis outlives a pod, so keys written under a longer `CacheTtlHours` survive the deploy that lowered it. Note it bounds how long a value is *held*, not how stale it may get — on expiry we re-read the L2, find the same key alive and cache it again.\n\n## Two more leaks on the same path\n\n- **`shouldPersist`-rejected values reached peers anyway.** The predicate keeps transient errors out of the disk bag and the L2 write-through, but the re-warm is a third way in and was not gated: `SetMemoryOnly` indexed every value it cached, and `WarmSharedCache` cannot tell a timeout from a real answer. It now takes a `shareable` flag, false only on the transient path.\n\n- **The speculative DNS path had no share in the L2 at all.** It wrote with `Set` (L1, bag and index but not Redis) and read with `TryGet` (L1 only), so each pod re-probed the same 39 absent selectors and no pod could see another's answer. Fixing only the write would have been pointless with an L1-only read. `Set` now performs the write-through itself rather than leaving it to the one caller inside `GetOrCreateAsync`, and `TryGetSharedAsync` is the read half for callers that cannot use `GetOrCreateAsync` — the speculative path cannot, because it must not cache its own timeouts.\n\n## CI was not running any of this\n\nThe Redis-backed tests self-skip when nothing is listening, which is right for a dev box. CI had no Redis, so they skipped there too: the last run on `main` reported 315 of 315 passed while logging `SKIPPED: no Redis` 43 times. Every shared-cache fix in this PR would have gone green whether or not it worked.\n\nThe build job now runs a `redis:7-alpine` service on 6380. `RedisTestPrerequisiteTests` keeps it that way — with `EDNSV_REQUIRE_REDIS=1`, set only on the CI test step, an unreachable Redis fails with a message naming the consequence. A dev box without Redis still skips.\n\nThis run: **0** `SKIPPED: no Redis`, core tests **315 → 333**, all green.\n\nAlso removes five private helpers in `DnsResolverService` with no callers (`SetQueryCache`, `SetPtrCache`, `SetServerQueryCache`, `TryGetPtrCache`, `TryGetServerQueryCache`). The three `Set` ones called `ProbeCache.Set` with no entry TTL — the un-gated write this PR has just finished removing from the speculative path.\n\n## Verification\n\nEach behavioural fix was checked against its own tests by reverting the change in place first:\n\n| Change | Tests that fail without it |\n|---|---|\n| Floor-not-default | `AResponseThatPublishedNoTtlInheritsTheCacheTtl` |\n| L2 hit lifetime | `AnL2HitDoesNotRestartTheClockInL1`, `WithNoConfiguredTtlAnL2HitTakesTheSharedKeysRemainingLife` |\n| Index gating | `AWarmDoesNotPublishWhatShouldPersistRejected` |\n| `Set` write-through | `APlainSetIsWrittenThroughToTheSharedTier`, `APlainSetCarriesTheEntryTtlToTheSharedTier` |\n\nThe CI-guard test was verified in all three states: unset skips, set with Redis passes, set without Redis fails.\n\n**Unchanged:** `DnsCacheMinTtlSeconds` still ships at `0`. This PR changes what the setting means when enabled; it does not enable it.",
2026-07-28T05:25:39.8831410Z             "changed_files": 23,
2026-07-28T05:25:39.8831669Z             "closed_at": null,
2026-07-28T05:25:39.8831899Z             "comments": 0,
2026-07-28T05:25:39.8832285Z             "comments_url": "https://api.github.com/repos/pkinerd/ednsv/issues/30/comments",
2026-07-28T05:25:39.8832703Z             "commits": 8,
2026-07-28T05:25:39.8833060Z             "commits_url": "https://api.github.com/repos/pkinerd/ednsv/pulls/30/commits",
2026-07-28T05:25:39.8833480Z             "created_at": "2026-07-28T02:49:20Z",
2026-07-28T05:25:39.8833773Z             "deletions": 103,
2026-07-28T05:25:39.8834349Z             "diff_url": "https://github.com/pkinerd/ednsv/pull/30.diff",
2026-07-28T05:25:39.8834714Z             "draft": false,
2026-07-28T05:25:39.8834938Z             "head": {
2026-07-28T05:25:39.8835223Z               "label": "pkinerd:claude/ttl-caching-behavior-1yr8pm",
2026-07-28T05:25:39.8835598Z               "ref": "claude/ttl-caching-behavior-1yr8pm",
2026-07-28T05:25:39.8835890Z               "repo": {
2026-07-28T05:25:39.8836111Z                 "allow_auto_merge": false,
2026-07-28T05:25:39.8836376Z                 "allow_forking": true,
2026-07-28T05:25:39.8836632Z                 "allow_merge_commit": true,
2026-07-28T05:25:39.8836902Z                 "allow_rebase_merge": true,
2026-07-28T05:25:39.8837160Z                 "allow_squash_merge": true,
2026-07-28T05:25:39.8837427Z                 "allow_update_branch": false,
2026-07-28T05:25:39.8837865Z                 "archive_url": "https://api.github.com/repos/pkinerd/ednsv/{archive_format}{/ref}",
2026-07-28T05:25:39.8838306Z                 "archived": false,
2026-07-28T05:25:39.8838690Z                 "assignees_url": "https://api.github.com/repos/pkinerd/ednsv/assignees{/user}",
2026-07-28T05:25:39.8839228Z                 "blobs_url": "https://api.github.com/repos/pkinerd/ednsv/git/blobs{/sha}",
2026-07-28T05:25:39.8839758Z                 "branches_url": "https://api.github.com/repos/pkinerd/ednsv/branches{/branch}",
2026-07-28T05:25:39.8840222Z                 "clone_url": "https://github.com/pkinerd/ednsv.git",
2026-07-28T05:25:39.8840750Z                 "collaborators_url": "https://api.github.com/repos/pkinerd/ednsv/collaborators{/collaborator}",
2026-07-28T05:25:39.8841356Z                 "comments_url": "https://api.github.com/repos/pkinerd/ednsv/comments{/number}",
2026-07-28T05:25:39.8841891Z                 "commits_url": "https://api.github.com/repos/pkinerd/ednsv/commits{/sha}",
2026-07-28T05:25:39.8842427Z                 "compare_url": "https://api.github.com/repos/pkinerd/ednsv/compare/{base}...{head}",
2026-07-28T05:25:39.8842990Z                 "contents_url": "https://api.github.com/repos/pkinerd/ednsv/contents/{+path}",
2026-07-28T05:25:39.8843530Z                 "contributors_url": "https://api.github.com/repos/pkinerd/ednsv/contributors",
2026-07-28T05:25:39.8844172Z                 "created_at": "2026-03-30T21:24:40Z",
2026-07-28T05:25:39.8844473Z                 "default_branch": "main",
2026-07-28T05:25:39.8844744Z                 "delete_branch_on_merge": false,
2026-07-28T05:25:39.8845158Z                 "deployments_url": "https://api.github.com/repos/pkinerd/ednsv/deployments",
2026-07-28T05:25:39.8845566Z                 "description": null,
2026-07-28T05:25:39.8845811Z                 "disabled": false,
2026-07-28T05:25:39.8846171Z                 "downloads_url": "https://api.github.com/repos/pkinerd/ednsv/downloads",
2026-07-28T05:25:39.8846657Z                 "events_url": "https://api.github.com/repos/pkinerd/ednsv/events",
2026-07-28T05:25:39.8847254Z                 "fork": false,
2026-07-28T05:25:39.8847477Z                 "forks": 0,
2026-07-28T05:25:39.8847703Z                 "forks_count": 0,
2026-07-28T05:25:39.8848150Z                 "forks_url": "https://api.github.com/repos/pkinerd/ednsv/forks",
2026-07-28T05:25:39.8848524Z                 "full_name": "pkinerd/ednsv",
2026-07-28T05:25:39.8848941Z                 "git_commits_url": "https://api.github.com/repos/pkinerd/ednsv/git/commits{/sha}",
2026-07-28T05:25:39.8849478Z                 "git_refs_url": "https://api.github.com/repos/pkinerd/ednsv/git/refs{/sha}",
2026-07-28T05:25:39.8849982Z                 "git_tags_url": "https://api.github.com/repos/pkinerd/ednsv/git/tags{/sha}",
2026-07-28T05:25:39.8850414Z                 "git_url": "git://github.com/pkinerd/ednsv.git",
2026-07-28T05:25:39.8850725Z                 "has_discussions": false,
2026-07-28T05:25:39.8850985Z                 "has_downloads": false,
2026-07-28T05:25:39.8851248Z                 "has_issues": true,
2026-07-28T05:25:39.8851487Z                 "has_pages": false,
2026-07-28T05:25:39.8851731Z                 "has_projects": true,
2026-07-28T05:25:39.8851986Z                 "has_pull_requests": true,
2026-07-28T05:25:39.8852249Z                 "has_wiki": true,
2026-07-28T05:25:39.8852482Z                 "homepage": null,
2026-07-28T05:25:39.8852806Z                 "hooks_url": "https://api.github.com/repos/pkinerd/ednsv/hooks",
2026-07-28T05:25:39.8853215Z                 "html_url": "https://github.com/pkinerd/ednsv",
2026-07-28T05:25:39.8853519Z                 "id": 1196602452,
2026-07-28T05:25:39.8853759Z                 "is_template": false,
2026-07-28T05:25:39.8854656Z                 "issue_comment_url": "https://api.github.com/repos/pkinerd/ednsv/issues/comments{/number}",
2026-07-28T05:25:39.8855537Z                 "issue_events_url": "https://api.github.com/repos/pkinerd/ednsv/issues/events{/number}",
2026-07-28T05:25:39.8856335Z                 "issues_url": "https://api.github.com/repos/pkinerd/ednsv/issues{/number}",
2026-07-28T05:25:39.8857055Z                 "keys_url": "https://api.github.com/repos/pkinerd/ednsv/keys{/key_id}",
2026-07-28T05:25:39.8857804Z                 "labels_url": "https://api.github.com/repos/pkinerd/ednsv/labels{/name}",
2026-07-28T05:25:39.8858371Z                 "language": "C#",
2026-07-28T05:25:39.8858940Z                 "languages_url": "https://api.github.com/repos/pkinerd/ednsv/languages",
2026-07-28T05:25:39.8859622Z                 "license": null,
2026-07-28T05:25:39.8860001Z                 "merge_commit_message": "PR_TITLE",
2026-07-28T05:25:39.8860313Z                 "merge_commit_title": "MERGE_MESSAGE",
2026-07-28T05:25:39.8860693Z                 "merges_url": "https://api.github.com/repos/pkinerd/ednsv/merges",
2026-07-28T05:25:39.8861221Z                 "milestones_url": "https://api.github.com/repos/pkinerd/ednsv/milestones{/number}",
2026-07-28T05:25:39.8861650Z                 "mirror_url": null,
2026-07-28T05:25:39.8861897Z                 "name": "ednsv",
2026-07-28T05:25:39.8862134Z                 "node_id": "R_kgDOR1K0VA",
2026-07-28T05:25:39.8862652Z                 "notifications_url": "https://api.github.com/repos/pkinerd/ednsv/notifications{?since,all,participating}",
2026-07-28T05:25:39.8863173Z                 "open_issues": 1,
2026-07-28T05:25:39.8863414Z                 "open_issues_count": 1,
2026-07-28T05:25:39.8863661Z                 "owner": {
2026-07-28T05:25:39.8864269Z                   "avatar_url": "https://avatars.githubusercontent.com/u/169779439?v=4",
2026-07-28T05:25:39.8864777Z                   "events_url": "https://api.github.com/users/pkinerd/events{/privacy}",
2026-07-28T05:25:39.8865253Z                   "followers_url": "https://api.github.com/users/pkinerd/followers",
2026-07-28T05:25:39.8865766Z                   "following_url": "https://api.github.com/users/pkinerd/following{/other_user}",
2026-07-28T05:25:39.8866271Z                   "gists_url": "https://api.github.com/users/pkinerd/gists{/gist_id}",
2026-07-28T05:25:39.8866858Z                   "gravatar_id": "",
2026-07-28T05:25:39.8867147Z                   "html_url": "https://github.com/pkinerd",
2026-07-28T05:25:39.8867440Z                   "id": 169779439,
2026-07-28T05:25:39.8867787Z                   "login": "pkinerd",
2026-07-28T05:25:39.8868052Z                   "node_id": "U_kgDOCh6g7w",
2026-07-28T05:25:39.8868418Z                   "organizations_url": "https://api.github.com/users/pkinerd/orgs",
2026-07-28T05:25:39.8868931Z                   "received_events_url": "https://api.github.com/users/pkinerd/received_events",
2026-07-28T05:25:39.8869408Z                   "repos_url": "https://api.github.com/users/pkinerd/repos",
2026-07-28T05:25:39.8869750Z                   "site_admin": false,
2026-07-28T05:25:39.8870134Z                   "starred_url": "https://api.github.com/users/pkinerd/starred{/owner}{/repo}",
2026-07-28T05:25:39.8870662Z                   "subscriptions_url": "https://api.github.com/users/pkinerd/subscriptions",
2026-07-28T05:25:39.8871082Z                   "type": "User",
2026-07-28T05:25:39.8871369Z                   "url": "https://api.github.com/users/pkinerd",
2026-07-28T05:25:39.8871684Z                   "user_view_type": "public"
2026-07-28T05:25:39.8871937Z                 },
2026-07-28T05:25:39.8872138Z                 "private": false,
2026-07-28T05:25:39.8872399Z                 "pull_request_creation_policy": "all",
2026-07-28T05:25:39.8872803Z                 "pulls_url": "https://api.github.com/repos/pkinerd/ednsv/pulls{/number}",
2026-07-28T05:25:39.8873209Z                 "pushed_at": "2026-07-28T05:23:49Z",
2026-07-28T05:25:39.8873609Z                 "releases_url": "https://api.github.com/repos/pkinerd/ednsv/releases{/id}",
2026-07-28T05:25:39.8874306Z                 "size": 42634,
2026-07-28T05:25:39.8874596Z                 "squash_merge_commit_message": "COMMIT_MESSAGES",
2026-07-28T05:25:39.8874955Z                 "squash_merge_commit_title": "COMMIT_OR_PR_TITLE",
2026-07-28T05:25:39.8875313Z                 "ssh_url": "git@github.com:pkinerd/ednsv.git",
2026-07-28T05:25:39.8875625Z                 "stargazers_count": 0,
2026-07-28T05:25:39.8876012Z                 "stargazers_url": "https://api.github.com/repos/pkinerd/ednsv/stargazers",
2026-07-28T05:25:39.8876542Z                 "statuses_url": "https://api.github.com/repos/pkinerd/ednsv/statuses/{sha}",
2026-07-28T05:25:39.8877069Z                 "subscribers_url": "https://api.github.com/repos/pkinerd/ednsv/subscribers",
2026-07-28T05:25:39.8877607Z                 "subscription_url": "https://api.github.com/repos/pkinerd/ednsv/subscription",
2026-07-28T05:25:39.8878130Z                 "svn_url": "https://github.com/pkinerd/ednsv",
2026-07-28T05:25:39.8878519Z                 "tags_url": "https://api.github.com/repos/pkinerd/ednsv/tags",
2026-07-28T05:25:39.8878962Z                 "teams_url": "https://api.github.com/repos/pkinerd/ednsv/teams",
2026-07-28T05:25:39.8879319Z                 "topics": [],
2026-07-28T05:25:39.8879667Z                 "trees_url": "https://api.github.com/repos/pkinerd/ednsv/git/trees{/sha}",
2026-07-28T05:25:39.8880082Z                 "updated_at": "2026-07-27T03:28:49Z",
2026-07-28T05:25:39.8880416Z                 "url": "https://api.github.com/repos/pkinerd/ednsv",
2026-07-28T05:25:39.8880763Z                 "use_squash_pr_title_as_default": false,
2026-07-28T05:25:39.8881053Z                 "visibility": "public",
2026-07-28T05:25:39.8881305Z                 "watchers": 0,
2026-07-28T05:25:39.8881532Z                 "watchers_count": 0,
2026-07-28T05:25:39.8881799Z                 "web_commit_signoff_required": false
2026-07-28T05:25:39.8882068Z               },
2026-07-28T05:25:39.8882313Z               "sha": "ab867c4c7b4cdcdf031940c2328306b971f384a7",
2026-07-28T05:25:39.8882613Z               "user": {
2026-07-28T05:25:39.8882936Z                 "avatar_url": "https://avatars.githubusercontent.com/u/169779439?v=4",
2026-07-28T05:25:39.8883427Z                 "events_url": "https://api.github.com/users/pkinerd/events{/privacy}",
2026-07-28T05:25:39.8884393Z                 "followers_url": "https://api.github.com/users/pkinerd/followers",
2026-07-28T05:25:39.8885051Z                 "following_url": "https://api.github.com/users/pkinerd/following{/other_user}",
2026-07-28T05:25:39.8885584Z                 "gists_url": "https://api.github.com/users/pkinerd/gists{/gist_id}",
2026-07-28T05:25:39.8885950Z                 "gravatar_id": "",
2026-07-28T05:25:39.8886230Z                 "html_url": "https://github.com/pkinerd",
2026-07-28T05:25:39.8886519Z                 "id": 169779439,
2026-07-28T05:25:39.8886753Z                 "login": "pkinerd",
2026-07-28T05:25:39.8887007Z                 "node_id": "U_kgDOCh6g7w",
2026-07-28T05:25:39.8887366Z                 "organizations_url": "https://api.github.com/users/pkinerd/orgs",
2026-07-28T05:25:39.8887869Z                 "received_events_url": "https://api.github.com/users/pkinerd/received_events",
2026-07-28T05:25:39.8888355Z                 "repos_url": "https://api.github.com/users/pkinerd/repos",
2026-07-28T05:25:39.8888703Z                 "site_admin": false,
2026-07-28T05:25:39.8889082Z                 "starred_url": "https://api.github.com/users/pkinerd/starred{/owner}{/repo}",
2026-07-28T05:25:39.8889621Z                 "subscriptions_url": "https://api.github.com/users/pkinerd/subscriptions",
2026-07-28T05:25:39.8890026Z                 "type": "User",
2026-07-28T05:25:39.8890306Z                 "url": "https://api.github.com/users/pkinerd",
2026-07-28T05:25:39.8890620Z                 "user_view_type": "public"
2026-07-28T05:25:39.8890866Z               }
2026-07-28T05:25:39.8891047Z             },
2026-07-28T05:25:39.8891299Z             "html_url": "https://github.com/pkinerd/ednsv/pull/30",
2026-07-28T05:25:39.8891618Z             "id": 4147765826,
2026-07-28T05:25:39.8891942Z             "issue_url": "https://api.github.com/repos/pkinerd/ednsv/issues/30",
2026-07-28T05:25:39.8892300Z             "labels": [],
2026-07-28T05:25:39.8892523Z             "locked": false,
2026-07-28T05:25:39.8892758Z             "maintainer_can_modify": false,
2026-07-28T05:25:39.8893109Z             "merge_commit_sha": "9b45c5285f61c744ca5cbf3ce7c3e38b5630094a",
2026-07-28T05:25:39.8893455Z             "mergeable": null,
2026-07-28T05:25:39.8893685Z             "mergeable_state": "unknown",
2026-07-28T05:25:39.8894216Z             "merged": false,
2026-07-28T05:25:39.8894447Z             "merged_at": null,
2026-07-28T05:25:39.8894668Z             "merged_by": null,
2026-07-28T05:25:39.8894885Z             "milestone": null,
2026-07-28T05:25:39.8895125Z             "node_id": "PR_kwDOR1K0VM73OeJC",
2026-07-28T05:25:39.8895383Z             "number": 30,
2026-07-28T05:25:39.8895679Z             "patch_url": "https://github.com/pkinerd/ednsv/pull/30.patch",
2026-07-28T05:25:39.8896017Z             "rebaseable": null,
2026-07-28T05:25:39.8896252Z             "requested_reviewers": [],
2026-07-28T05:25:39.8896505Z             "requested_teams": [],
2026-07-28T05:25:39.8896929Z             "review_comment_url": "https://api.github.com/repos/pkinerd/ednsv/pulls/comments{/number}",
2026-07-28T05:25:39.8897374Z             "review_comments": 0,
2026-07-28T05:25:39.8897773Z             "review_comments_url": "https://api.github.com/repos/pkinerd/ednsv/pulls/30/comments",
2026-07-28T05:25:39.8898196Z             "state": "open",
2026-07-28T05:25:39.8898674Z             "statuses_url": "https://api.github.com/repos/pkinerd/ednsv/statuses/ab867c4c7b4cdcdf031940c2328306b971f384a7",
2026-07-28T05:25:39.8899335Z             "title": "Make DNS cache TTLs mean what they say, and stop the tiers drifting apart",
2026-07-28T05:25:39.8899757Z             "updated_at": "2026-07-28T05:23:51Z",
2026-07-28T05:25:39.8900107Z             "url": "https://api.github.com/repos/pkinerd/ednsv/pulls/30",
2026-07-28T05:25:39.8900436Z             "user": {
2026-07-28T05:25:39.8900754Z               "avatar_url": "https://avatars.githubusercontent.com/u/169779439?v=4",
2026-07-28T05:25:39.8901378Z               "events_url": "https://api.github.com/users/pkinerd/events{/privacy}",
2026-07-28T05:25:39.8901849Z               "followers_url": "https://api.github.com/users/pkinerd/followers",
2026-07-28T05:25:39.8902503Z               "following_url": "https://api.github.com/users/pkinerd/following{/other_user}",
2026-07-28T05:25:39.8903007Z               "gists_url": "https://api.github.com/users/pkinerd/gists{/gist_id}",
2026-07-28T05:25:39.8903366Z               "gravatar_id": "",
2026-07-28T05:25:39.8903634Z               "html_url": "https://github.com/pkinerd",
2026-07-28T05:25:39.8904153Z               "id": 169779439,
2026-07-28T05:25:39.8904410Z               "login": "pkinerd",
2026-07-28T05:25:39.8904651Z               "node_id": "U_kgDOCh6g7w",
2026-07-28T05:25:39.8905008Z               "organizations_url": "https://api.github.com/users/pkinerd/orgs",
2026-07-28T05:25:39.8905510Z               "received_events_url": "https://api.github.com/users/pkinerd/received_events",
2026-07-28T05:25:39.8905984Z               "repos_url": "https://api.github.com/users/pkinerd/repos",
2026-07-28T05:25:39.8906320Z               "site_admin": false,
2026-07-28T05:25:39.8906686Z               "starred_url": "https://api.github.com/users/pkinerd/starred{/owner}{/repo}",
2026-07-28T05:25:39.8907212Z               "subscriptions_url": "https://api.github.com/users/pkinerd/subscriptions",
2026-07-28T05:25:39.8907602Z               "type": "User",
2026-07-28T05:25:39.8907870Z               "url": "https://api.github.com/users/pkinerd",
2026-07-28T05:25:39.8908175Z               "user_view_type": "public"
2026-07-28T05:25:39.8908417Z             }
2026-07-28T05:25:39.8908591Z           },
2026-07-28T05:25:39.8908774Z           "repository": {
2026-07-28T05:25:39.8908991Z             "allow_forking": true,
2026-07-28T05:25:39.8909372Z             "archive_url": "https://api.github.com/repos/pkinerd/ednsv/{archive_format}{/ref}",
2026-07-28T05:25:39.8909778Z             "archived": false,
2026-07-28T05:25:39.8910140Z             "assignees_url": "https://api.github.com/repos/pkinerd/ednsv/assignees{/user}",
2026-07-28T05:25:39.8910647Z             "blobs_url": "https://api.github.com/repos/pkinerd/ednsv/git/blobs{/sha}",
2026-07-28T05:25:39.8911166Z             "branches_url": "https://api.github.com/repos/pkinerd/ednsv/branches{/branch}",
2026-07-28T05:25:39.8911610Z             "clone_url": "https://github.com/pkinerd/ednsv.git",
2026-07-28T05:25:39.8912120Z             "collaborators_url": "https://api.github.com/repos/pkinerd/ednsv/collaborators{/collaborator}",
2026-07-28T05:25:39.8912707Z             "comments_url": "https://api.github.com/repos/pkinerd/ednsv/comments{/number}",
2026-07-28T05:25:39.8913211Z             "commits_url": "https://api.github.com/repos/pkinerd/ednsv/commits{/sha}",
2026-07-28T05:25:39.8913737Z             "compare_url": "https://api.github.com/repos/pkinerd/ednsv/compare/{base}...{head}",
2026-07-28T05:25:39.8914559Z             "contents_url": "https://api.github.com/repos/pkinerd/ednsv/contents/{+path}",
2026-07-28T05:25:39.8915102Z             "contributors_url": "https://api.github.com/repos/pkinerd/ednsv/contributors",
2026-07-28T05:25:39.8915515Z             "created_at": "2026-03-30T21:24:40Z",
2026-07-28T05:25:39.8915796Z             "default_branch": "main",
2026-07-28T05:25:39.8916171Z             "deployments_url": "https://api.github.com/repos/pkinerd/ednsv/deployments",
2026-07-28T05:25:39.8916570Z             "description": null,
2026-07-28T05:25:39.8916804Z             "disabled": false,
2026-07-28T05:25:39.8917143Z             "downloads_url": "https://api.github.com/repos/pkinerd/ednsv/downloads",
2026-07-28T05:25:39.8917618Z             "events_url": "https://api.github.com/repos/pkinerd/ednsv/events",
2026-07-28T05:25:39.8917974Z             "fork": false,
2026-07-28T05:25:39.8918185Z             "forks": 0,
2026-07-28T05:25:39.8918395Z             "forks_count": 0,
2026-07-28T05:25:39.8918709Z             "forks_url": "https://api.github.com/repos/pkinerd/ednsv/forks",
2026-07-28T05:25:39.8919232Z             "full_name": "pkinerd/ednsv",
2026-07-28T05:25:39.8919639Z             "git_commits_url": "https://api.github.com/repos/pkinerd/ednsv/git/commits{/sha}",
2026-07-28T05:25:39.8920290Z             "git_refs_url": "https://api.github.com/repos/pkinerd/ednsv/git/refs{/sha}",
2026-07-28T05:25:39.8920801Z             "git_tags_url": "https://api.github.com/repos/pkinerd/ednsv/git/tags{/sha}",
2026-07-28T05:25:39.8921224Z             "git_url": "git://github.com/pkinerd/ednsv.git",
2026-07-28T05:25:39.8921531Z             "has_discussions": false,
2026-07-28T05:25:39.8921785Z             "has_downloads": false,
2026-07-28T05:25:39.8922027Z             "has_issues": true,
2026-07-28T05:25:39.8922256Z             "has_pages": false,
2026-07-28T05:25:39.8922485Z             "has_projects": true,
2026-07-28T05:25:39.8922729Z             "has_pull_requests": true,
2026-07-28T05:25:39.8922978Z             "has_wiki": true,
2026-07-28T05:25:39.8923199Z             "homepage": null,
2026-07-28T05:25:39.8923566Z             "hooks_url": "https://api.github.com/repos/pkinerd/ednsv/hooks",
2026-07-28T05:25:39.8924187Z             "html_url": "https://github.com/pkinerd/ednsv",
2026-07-28T05:25:39.8924495Z             "id": 1196602452,
2026-07-28T05:25:39.8924715Z             "is_template": false,
2026-07-28T05:25:39.8925128Z             "issue_comment_url": "https://api.github.com/repos/pkinerd/ednsv/issues/comments{/number}",
2026-07-28T05:25:39.8925730Z             "issue_events_url": "https://api.github.com/repos/pkinerd/ednsv/issues/events{/number}",
2026-07-28T05:25:39.8926272Z             "issues_url": "https://api.github.com/repos/pkinerd/ednsv/issues{/number}",
2026-07-28T05:25:39.8926763Z             "keys_url": "https://api.github.com/repos/pkinerd/ednsv/keys{/key_id}",
2026-07-28T05:25:39.8927241Z             "labels_url": "https://api.github.com/repos/pkinerd/ednsv/labels{/name}",
2026-07-28T05:25:39.8927611Z             "language": "C#",
2026-07-28T05:25:39.8927953Z             "languages_url": "https://api.github.com/repos/pkinerd/ednsv/languages",
2026-07-28T05:25:39.8928326Z             "license": null,
2026-07-28T05:25:39.8928644Z             "merges_url": "https://api.github.com/repos/pkinerd/ednsv/merges",
2026-07-28T05:25:39.8929155Z             "milestones_url": "https://api.github.com/repos/pkinerd/ednsv/milestones{/number}",
2026-07-28T05:25:39.8929570Z             "mirror_url": null,
2026-07-28T05:25:39.8929793Z             "name": "ednsv",
2026-07-28T05:25:39.8930016Z             "node_id": "R_kgDOR1K0VA",
2026-07-28T05:25:39.8930510Z             "notifications_url": "https://api.github.com/repos/pkinerd/ednsv/notifications{?since,all,participating}",
2026-07-28T05:25:39.8931016Z             "open_issues": 1,
2026-07-28T05:25:39.8931242Z             "open_issues_count": 1,
2026-07-28T05:25:39.8931478Z             "owner": {
2026-07-28T05:25:39.8931799Z               "avatar_url": "https://avatars.githubusercontent.com/u/169779439?v=4",
2026-07-28T05:25:39.8932293Z               "events_url": "https://api.github.com/users/pkinerd/events{/privacy}",
2026-07-28T05:25:39.8932757Z               "followers_url": "https://api.github.com/users/pkinerd/followers",
2026-07-28T05:25:39.8933259Z               "following_url": "https://api.github.com/users/pkinerd/following{/other_user}",
2026-07-28T05:25:39.8933757Z               "gists_url": "https://api.github.com/users/pkinerd/gists{/gist_id}",
2026-07-28T05:25:39.8934344Z               "gravatar_id": "",
2026-07-28T05:25:39.8934615Z               "html_url": "https://github.com/pkinerd",
2026-07-28T05:25:39.8934899Z               "id": 169779439,
2026-07-28T05:25:39.8935123Z               "login": "pkinerd",
2026-07-28T05:25:39.8935366Z               "node_id": "U_kgDOCh6g7w",
2026-07-28T05:25:39.8935721Z               "organizations_url": "https://api.github.com/users/pkinerd/orgs",
2026-07-28T05:25:39.8936216Z               "received_events_url": "https://api.github.com/users/pkinerd/received_events",
2026-07-28T05:25:39.8936872Z               "repos_url": "https://api.github.com/users/pkinerd/repos",
2026-07-28T05:25:39.8937207Z               "site_admin": false,
2026-07-28T05:25:39.8937572Z               "starred_url": "https://api.github.com/users/pkinerd/starred{/owner}{/repo}",
2026-07-28T05:25:39.8938197Z               "subscriptions_url": "https://api.github.com/users/pkinerd/subscriptions",
2026-07-28T05:25:39.8938602Z               "type": "User",
2026-07-28T05:25:39.8938875Z               "url": "https://api.github.com/users/pkinerd",
2026-07-28T05:25:39.8939177Z               "user_view_type": "public"
2026-07-28T05:25:39.8939414Z             },
2026-07-28T05:25:39.8939604Z             "private": false,
2026-07-28T05:25:39.8939855Z             "pull_request_creation_policy": "all",
2026-07-28T05:25:39.8940249Z             "pulls_url": "https://api.github.com/repos/pkinerd/ednsv/pulls{/number}",
2026-07-28T05:25:39.8940643Z             "pushed_at": "2026-07-28T05:23:49Z",
2026-07-28T05:25:39.8941024Z             "releases_url": "https://api.github.com/repos/pkinerd/ednsv/releases{/id}",
2026-07-28T05:25:39.8941405Z             "size": 42634,
2026-07-28T05:25:39.8941653Z             "ssh_url": "git@github.com:pkinerd/ednsv.git",
2026-07-28T05:25:39.8941947Z             "stargazers_count": 0,
2026-07-28T05:25:39.8942303Z             "stargazers_url": "https://api.github.com/repos/pkinerd/ednsv/stargazers",
2026-07-28T05:25:39.8942803Z             "statuses_url": "https://api.github.com/repos/pkinerd/ednsv/statuses/{sha}",
2026-07-28T05:25:39.8943306Z             "subscribers_url": "https://api.github.com/repos/pkinerd/ednsv/subscribers",
2026-07-28T05:25:39.8943823Z             "subscription_url": "https://api.github.com/repos/pkinerd/ednsv/subscription",
2026-07-28T05:25:39.8944552Z             "svn_url": "https://github.com/pkinerd/ednsv",
2026-07-28T05:25:39.8944935Z             "tags_url": "https://api.github.com/repos/pkinerd/ednsv/tags",
2026-07-28T05:25:39.8945366Z             "teams_url": "https://api.github.com/repos/pkinerd/ednsv/teams",
2026-07-28T05:25:39.8945717Z             "topics": [],
2026-07-28T05:25:39.8946043Z             "trees_url": "https://api.github.com/repos/pkinerd/ednsv/git/trees{/sha}",
2026-07-28T05:25:39.8946431Z             "updated_at": "2026-07-27T03:28:49Z",
2026-07-28T05:25:39.8946752Z             "url": "https://api.github.com/repos/pkinerd/ednsv",
2026-07-28T05:25:39.8947069Z             "visibility": "public",
2026-07-28T05:25:39.8947319Z             "watchers": 0,
2026-07-28T05:25:39.8947537Z             "watchers_count": 0,
2026-07-28T05:25:39.8947790Z             "web_commit_signoff_required": false
2026-07-28T05:25:39.8948070Z           },
2026-07-28T05:25:39.8948247Z           "sender": {
2026-07-28T05:25:39.8948560Z             "avatar_url": "https://avatars.githubusercontent.com/u/169779439?v=4",
2026-07-28T05:25:39.8949038Z             "events_url": "https://api.github.com/users/pkinerd/events{/privacy}",
2026-07-28T05:25:39.8949503Z             "followers_url": "https://api.github.com/users/pkinerd/followers",
2026-07-28T05:25:39.8950007Z             "following_url": "https://api.github.com/users/pkinerd/following{/other_user}",
2026-07-28T05:25:39.8950516Z             "gists_url": "https://api.github.com/users/pkinerd/gists{/gist_id}",
2026-07-28T05:25:39.8950886Z             "gravatar_id": "",
2026-07-28T05:25:39.8951152Z             "html_url": "https://github.com/pkinerd",
2026-07-28T05:25:39.8951437Z             "id": 169779439,
2026-07-28T05:25:39.8951659Z             "login": "pkinerd",
2026-07-28T05:25:39.8951895Z             "node_id": "U_kgDOCh6g7w",
2026-07-28T05:25:39.8952275Z             "organizations_url": "https://api.github.com/users/pkinerd/orgs",
2026-07-28T05:25:39.8952795Z             "received_events_url": "https://api.github.com/users/pkinerd/received_events",
2026-07-28T05:25:39.8953275Z             "repos_url": "https://api.github.com/users/pkinerd/repos",
2026-07-28T05:25:39.8953609Z             "site_admin": false,
2026-07-28T05:25:39.8954376Z             "starred_url": "https://api.github.com/users/pkinerd/starred{/owner}{/repo}",
2026-07-28T05:25:39.8954909Z             "subscriptions_url": "https://api.github.com/users/pkinerd/subscriptions",
2026-07-28T05:25:39.8955297Z             "type": "User",
2026-07-28T05:25:39.8955686Z             "url": "https://api.github.com/users/pkinerd",
2026-07-28T05:25:39.8956001Z             "user_view_type": "public"
2026-07-28T05:25:39.8956238Z           }
2026-07-28T05:25:39.8956408Z         },
2026-07-28T05:25:39.8956584Z         "github_job": "docker",
2026-07-28T05:25:39.8956825Z         "github_ref": "refs/pull/30/merge",
2026-07-28T05:25:39.8957093Z         "github_ref_name": "30/merge",
2026-07-28T05:25:39.8957348Z         "github_ref_protected": "false",
2026-07-28T05:25:39.8957607Z         "github_ref_type": "branch",
2026-07-28T05:25:39.8957864Z         "github_repository": "pkinerd/ednsv",
2026-07-28T05:25:39.8958148Z         "github_repository_id": "1196602452",
2026-07-28T05:25:39.8958420Z         "github_repository_owner": "pkinerd",
2026-07-28T05:25:39.8958709Z         "github_repository_owner_id": "169779439",
2026-07-28T05:25:39.8958993Z         "github_run_attempt": "1",
2026-07-28T05:25:39.8959241Z         "github_run_id": "30331516624",
2026-07-28T05:25:39.8959497Z         "github_run_number": "237",
2026-07-28T05:25:39.8959742Z         "github_runner_arch": "X64",
2026-07-28T05:25:39.8960022Z         "github_runner_environment": "github-hosted",
2026-07-28T05:25:39.8960325Z         "github_runner_image_os": "ubuntu24",
2026-07-28T05:25:39.8960622Z         "github_runner_image_version": "20260720.247.2",
2026-07-28T05:25:39.8960951Z         "github_runner_name": "GitHub Actions 1000002257",
2026-07-28T05:25:39.8961246Z         "github_runner_os": "Linux",
2026-07-28T05:25:39.8961606Z         "github_runner_tracking_id": "github_887dde9a-2d0b-4880-9e19-eb7b70d01c28",
2026-07-28T05:25:39.8962018Z         "github_server_url": "https://github.com",
2026-07-28T05:25:39.8962318Z         "github_triggering_actor": "pkinerd",
2026-07-28T05:25:39.8962594Z         "github_workflow": "CI",
2026-07-28T05:25:39.8962977Z         "github_workflow_ref": "pkinerd/ednsv/.github/workflows/ci.yml@refs/pull/30/merge",
2026-07-28T05:25:39.8963484Z         "github_workflow_sha": "dad676dcd096bd352fba26f2f5144cec1dd37c79",
2026-07-28T05:25:39.8963844Z         "platform": "linux/amd64"
2026-07-28T05:25:39.8964379Z       }
2026-07-28T05:25:39.8964561Z     }
2026-07-28T05:25:39.8964729Z   },
2026-07-28T05:25:39.8965266Z   "buildx.build.ref": "builder-cc383321-350f-4d32-87d0-b64645162364/builder-cc383321-350f-4d32-87d0-b646451623640/lwxvtb592ccfz6hn7q7rd8ks8",
2026-07-28T05:25:39.8965903Z   "containerimage.descriptor": {
2026-07-28T05:25:39.8966216Z     "mediaType": "application/vnd.oci.image.index.v1+json",
2026-07-28T05:25:39.8966687Z     "digest": "sha256:9434d0d76c27af2b3fe30158cd7d12661c84cccc1b329f50000bb64a260f838e",
2026-07-28T05:25:39.8967094Z     "size": 856
2026-07-28T05:25:39.8967275Z   },
2026-07-28T05:25:39.8967663Z   "containerimage.digest": "sha256:9434d0d76c27af2b3fe30158cd7d12661c84cccc1b329f50000bb64a260f838e",
2026-07-28T05:25:39.8968378Z   "image.name": "ghcr.io/pkinerd/ednsv:pr-30,ghcr.io/pkinerd/ednsv:latest-any,ghcr.io/pkinerd/ednsv:sha-dad676d"
2026-07-28T05:25:39.8968876Z }
2026-07-28T05:25:39.8969289Z ##[endgroup]
2026-07-28T05:25:39.8969648Z ##[group]Reference
2026-07-28T05:25:39.8970130Z builder-cc383321-350f-4d32-87d0-b64645162364/builder-cc383321-350f-4d32-87d0-b646451623640/lwxvtb592ccfz6hn7q7rd8ks8
2026-07-28T05:25:39.8970784Z ##[endgroup]
2026-07-28T05:25:39.8971116Z ##[group]Check build summary support
2026-07-28T05:25:39.8971509Z Build summary supported!
2026-07-28T05:25:39.8971850Z ##[endgroup]
2026-07-28T05:25:39.9079567Z Node 20 is being deprecated. This workflow is running with Node 24 by default. If you need to temporarily use Node 20, you can set the ACTIONS_ALLOW_USE_UNSECURE_NODE_VERSION=true environment variable. For more information see: https://github.blog/changelog/2025-09-19-deprecation-of-node-20-on-github-actions-runners/
2026-07-28T05:25:39.9081062Z Post job cleanup.
2026-07-28T05:25:40.1615267Z ##[group]Generating build summary
2026-07-28T05:25:40.1620616Z exporting build record to /home/runner/work/_temp/docker-actions-toolkit-zpiwLt/export
2026-07-28T05:25:40.1635645Z (node:3323) [DEP0040] DeprecationWarning: The `punycode` module is deprecated. Please use a userland alternative instead.
2026-07-28T05:25:40.1636540Z (Use `node --trace-deprecation ...` to show where the warning was created)
2026-07-28T05:25:40.3607550Z [command]/usr/bin/docker buildx history export --builder builder-cc383321-350f-4d32-87d0-b64645162364 --output /home/runner/work/_temp/docker-actions-toolkit-zpiwLt/export/pkinerd~ednsv~LWXVTB.dockerbuild lwxvtb592ccfz6hn7q7rd8ks8 --finalize
2026-07-28T05:25:40.6231630Z Build record written to /home/runner/work/_temp/docker-actions-toolkit-zpiwLt/export/pkinerd~ednsv~LWXVTB.dockerbuild (59.54 KB)
2026-07-28T05:25:40.6258094Z Uploading pkinerd~ednsv~LWXVTB.dockerbuild to blob storage
2026-07-28T05:25:40.7446444Z Beginning upload of artifact content to blob storage
2026-07-28T05:25:40.7541407Z (node:3323) [DEP0169] DeprecationWarning: `url.parse()` behavior is not standardized and prone to errors that have security implications. Use the WHATWG URL API instead. CVEs are not issued for `url.parse()` vulnerabilities.
2026-07-28T05:25:40.7550463Z Uploaded bytes 60969
2026-07-28T05:25:40.8069191Z Finished uploading artifact content to blob storage!
2026-07-28T05:25:40.8073364Z SHA256 hash of uploaded artifact is 96753fb6181df19ad16fe69d395a7cfbfb5bff40418a0daf5f0c8c1338f4182f
2026-07-28T05:25:40.8075795Z Finalizing artifact upload
2026-07-28T05:25:40.9826340Z Artifact successfully finalized (8677565746)
2026-07-28T05:25:40.9828210Z Artifact download URL: https://github.com/pkinerd/ednsv/actions/runs/30331516624/artifacts/8677565746
2026-07-28T05:25:40.9861594Z Writing summary
2026-07-28T05:25:40.9877147Z ##[endgroup]
2026-07-28T05:25:40.9878013Z ##[group]Removing temp folder /home/runner/work/_temp/docker-actions-toolkit-5nj97o
2026-07-28T05:25:40.9880052Z ##[endgroup]
2026-07-28T05:25:40.9880691Z ##[group]Post cache
2026-07-28T05:25:40.9882647Z State not set
2026-07-28T05:25:40.9883307Z ##[endgroup]
2026-07-28T05:25:41.0062468Z Node 20 is being deprecated. This workflow is running with Node 24 by default. If you need to temporarily use Node 20, you can set the ACTIONS_ALLOW_USE_UNSECURE_NODE_VERSION=true environment variable. For more information see: https://github.blog/changelog/2025-09-19-deprecation-of-node-20-on-github-actions-runners/
2026-07-28T05:25:41.0063752Z Post job cleanup.
2026-07-28T05:25:41.3329815Z ##[group]Logout from ghcr.io
2026-07-28T05:25:41.3354740Z (node:3470) [DEP0040] DeprecationWarning: The `punycode` module is deprecated. Please use a userland alternative instead.
2026-07-28T05:25:41.3355672Z (Use `node --trace-deprecation ...` to show where the warning was created)
2026-07-28T05:25:41.3384568Z [command]/usr/bin/docker logout ghcr.io
2026-07-28T05:25:41.3548334Z Removing login credentials for ghcr.io
2026-07-28T05:25:41.3581589Z ##[endgroup]
2026-07-28T05:25:41.3582480Z ##[group]Post cache
2026-07-28T05:25:41.3583079Z State not set
2026-07-28T05:25:41.3584204Z ##[endgroup]
2026-07-28T05:25:41.3801940Z Node 20 is being deprecated. This workflow is running with Node 24 by default. If you need to temporarily use Node 20, you can set the ACTIONS_ALLOW_USE_UNSECURE_NODE_VERSION=true environment variable. For more information see: https://github.blog/changelog/2025-09-19-deprecation-of-node-20-on-github-actions-runners/
2026-07-28T05:25:41.3803680Z Post job cleanup.
2026-07-28T05:25:41.6583480Z ##[group]Removing builder
2026-07-28T05:25:41.6591875Z (node:3490) [DEP0040] DeprecationWarning: The `punycode` module is deprecated. Please use a userland alternative instead.
2026-07-28T05:25:41.6593178Z (Use `node --trace-deprecation ...` to show where the warning was created)
2026-07-28T05:25:41.7735259Z [command]/usr/bin/docker buildx rm builder-cc383321-350f-4d32-87d0-b64645162364
2026-07-28T05:25:42.4965620Z builder-cc383321-350f-4d32-87d0-b64645162364 removed
2026-07-28T05:25:42.5000525Z ##[endgroup]
2026-07-28T05:25:42.5001219Z ##[group]Cleaning up certificates
2026-07-28T05:25:42.5003520Z ##[endgroup]
2026-07-28T05:25:42.5004654Z ##[group]Post cache
2026-07-28T05:25:42.5017405Z State not set
2026-07-28T05:25:42.5018130Z ##[endgroup]
2026-07-28T05:25:42.5191548Z Node 20 is being deprecated. This workflow is running with Node 24 by default. If you need to temporarily use Node 20, you can set the ACTIONS_ALLOW_USE_UNSECURE_NODE_VERSION=true environment variable. For more information see: https://github.blog/changelog/2025-09-19-deprecation-of-node-20-on-github-actions-runners/
2026-07-28T05:25:42.5192852Z Post job cleanup.
2026-07-28T05:25:42.6093798Z [command]/usr/bin/git version
2026-07-28T05:25:42.6144459Z git version 2.54.0
2026-07-28T05:25:42.6191170Z Temporarily overriding HOME='/home/runner/work/_temp/076908b8-8d61-42a5-bbb7-dd22dc790504' before making global git config changes
2026-07-28T05:25:42.6192656Z Adding repository directory to the temporary git global config as a safe directory
2026-07-28T05:25:42.6199522Z [command]/usr/bin/git config --global --add safe.directory /home/runner/work/ednsv/ednsv
2026-07-28T05:25:42.6249835Z [command]/usr/bin/git config --local --name-only --get-regexp core\.sshCommand
2026-07-28T05:25:42.6307622Z [command]/usr/bin/git submodule foreach --recursive sh -c "git config --local --name-only --get-regexp 'core\.sshCommand' && git config --local --unset-all 'core.sshCommand' || :"
2026-07-28T05:25:42.6633909Z [command]/usr/bin/git config --local --name-only --get-regexp http\.https\:\/\/github\.com\/\.extraheader
2026-07-28T05:25:42.6671268Z http.https://github.com/.extraheader
2026-07-28T05:25:42.6685430Z [command]/usr/bin/git config --local --unset-all http.https://github.com/.extraheader
2026-07-28T05:25:42.6745840Z [command]/usr/bin/git submodule foreach --recursive sh -c "git config --local --name-only --get-regexp 'http\.https\:\/\/github\.com\/\.extraheader' && git config --local --unset-all 'http.https://github.com/.extraheader' || :"
2026-07-28T05:25:42.7027317Z [command]/usr/bin/git config --local --name-only --get-regexp ^includeIf\.gitdir:
2026-07-28T05:25:42.7077155Z [command]/usr/bin/git submodule foreach --recursive git config --local --show-origin --name-only --get-regexp remote.origin.url
2026-07-28T05:25:42.7483041Z Cleaning up orphan processes
2026-07-28T05:25:42.7902471Z ##[warning]Node.js 20 is deprecated. The following actions target Node.js 20 but are being forced to run on Node.js 24: actions/checkout@v4, docker/build-push-action@v6, docker/login-action@v3, docker/metadata-action@v5, docker/setup-buildx-action@v3. For more information see: https://github.blog/changelog/2025-09-19-deprecation-of-node-20-on-github-actions-runners/
