2026-07-24T12:18:07.4472333Z Current runner version: '2.336.0'
2026-07-24T12:18:07.4497050Z ##[group]Runner Image Provisioner
2026-07-24T12:18:07.4497915Z Hosted Compute Agent
2026-07-24T12:18:07.4498559Z Version: 20260707.563
2026-07-24T12:18:07.4499189Z Commit: 02667638d2b423fbc733a8e32a88b44996a3ba6e
2026-07-24T12:18:07.4499901Z Build Date: 2026-07-07T19:33:50Z
2026-07-24T12:18:07.4500621Z Worker ID: {ac3564e4-0025-4d77-8eeb-0f918628ebf4}
2026-07-24T12:18:07.4501361Z Azure Region: northcentralus
2026-07-24T12:18:07.4502255Z ##[endgroup]
2026-07-24T12:18:07.4503817Z ##[group]Operating System
2026-07-24T12:18:07.4504695Z Ubuntu
2026-07-24T12:18:07.4505319Z 24.04.4
2026-07-24T12:18:07.4505870Z LTS
2026-07-24T12:18:07.4506408Z ##[endgroup]
2026-07-24T12:18:07.4507060Z ##[group]Runner Image
2026-07-24T12:18:07.4507702Z Image: ubuntu-24.04
2026-07-24T12:18:07.4508297Z Version: 20260720.247.2
2026-07-24T12:18:07.4509685Z Included Software: https://github.com/actions/runner-images/blob/ubuntu24/20260720.247/images/ubuntu/Ubuntu2404-Readme.md
2026-07-24T12:18:07.4511307Z Image Release: https://github.com/actions/runner-images/releases/tag/ubuntu24%2F20260720.247
2026-07-24T12:18:07.4512308Z ##[endgroup]
2026-07-24T12:18:07.4513560Z ##[group]GITHUB_TOKEN Permissions
2026-07-24T12:18:07.4516049Z Contents: read
2026-07-24T12:18:07.4516630Z Metadata: read
2026-07-24T12:18:07.4517296Z Packages: write
2026-07-24T12:18:07.4517851Z ##[endgroup]
2026-07-24T12:18:07.4519963Z Secret source: Actions
2026-07-24T12:18:07.4521283Z Prepare workflow directory
2026-07-24T12:18:07.5226218Z Prepare all required actions
2026-07-24T12:18:07.5289809Z Getting action download info
2026-07-24T12:18:07.7820147Z Download action repository 'actions/checkout@v4' (SHA:11d5960a326750d5838078e36cf38b85af677262)
2026-07-24T12:18:08.1093681Z Download action repository 'docker/setup-buildx-action@v3' (SHA:8d2750c68a42422c14e847fe6c8ac0403b4cbd6f)
2026-07-24T12:18:08.5032766Z Download action repository 'docker/login-action@v3' (SHA:c94ce9fb468520275223c153574b00df6fe4bcc9)
2026-07-24T12:18:08.9035936Z Download action repository 'docker/metadata-action@v5' (SHA:c299e40c65443455700f0fdfc63efafe5b349051)
2026-07-24T12:18:09.3885825Z Download action repository 'docker/build-push-action@v6' (SHA:10e90e3645eae34f1e60eeb005ba3a3d33f178e8)
2026-07-24T12:18:10.1621057Z Complete job name: Build & Push Docker Image
2026-07-24T12:18:10.2545102Z Node 20 is being deprecated. This workflow is running with Node 24 by default. If you need to temporarily use Node 20, you can set the ACTIONS_ALLOW_USE_UNSECURE_NODE_VERSION=true environment variable. For more information see: https://github.blog/changelog/2025-09-19-deprecation-of-node-20-on-github-actions-runners/
2026-07-24T12:18:10.2555834Z ##[group]Run actions/checkout@v4
2026-07-24T12:18:10.2557190Z with:
2026-07-24T12:18:10.2558044Z   repository: pkinerd/ednsv
2026-07-24T12:18:10.2565771Z   token: ***
2026-07-24T12:18:10.2566734Z   ssh-strict: true
2026-07-24T12:18:10.2567638Z   ssh-user: git
2026-07-24T12:18:10.2568584Z   persist-credentials: true
2026-07-24T12:18:10.2569576Z   clean: true
2026-07-24T12:18:10.2570462Z   sparse-checkout-cone-mode: true
2026-07-24T12:18:10.2571533Z   fetch-depth: 1
2026-07-24T12:18:10.2573014Z   fetch-tags: false
2026-07-24T12:18:10.2574409Z   show-progress: true
2026-07-24T12:18:10.2575758Z   lfs: false
2026-07-24T12:18:10.2577012Z   submodules: false
2026-07-24T12:18:10.2578030Z   set-safe-directory: true
2026-07-24T12:18:10.2579068Z   allow-unsafe-pr-checkout: false
2026-07-24T12:18:10.2580548Z env:
2026-07-24T12:18:10.2581375Z   REGISTRY: ghcr.io
2026-07-24T12:18:10.2582278Z   IMAGE_NAME: pkinerd/ednsv
2026-07-24T12:18:10.2583256Z ##[endgroup]
2026-07-24T12:18:10.3661988Z Syncing repository: pkinerd/ednsv
2026-07-24T12:18:10.3665780Z ##[group]Getting Git version info
2026-07-24T12:18:10.3667053Z Working directory is '/home/runner/work/ednsv/ednsv'
2026-07-24T12:18:10.3669322Z [command]/usr/bin/git version
2026-07-24T12:18:10.3755302Z git version 2.54.0
2026-07-24T12:18:10.3781358Z ##[endgroup]
2026-07-24T12:18:10.3796229Z Temporarily overriding HOME='/home/runner/work/_temp/289bc2c7-5dda-407d-b9b3-3d45a65aeb47' before making global git config changes
2026-07-24T12:18:10.3798832Z Adding repository directory to the temporary git global config as a safe directory
2026-07-24T12:18:10.3802219Z [command]/usr/bin/git config --global --add safe.directory /home/runner/work/ednsv/ednsv
2026-07-24T12:18:10.3863546Z Deleting the contents of '/home/runner/work/ednsv/ednsv'
2026-07-24T12:18:10.3867907Z ##[group]Initializing the repository
2026-07-24T12:18:10.3873803Z [command]/usr/bin/git init /home/runner/work/ednsv/ednsv
2026-07-24T12:18:10.4022868Z hint: Using 'master' as the name for the initial branch. This default branch name
2026-07-24T12:18:10.4026477Z hint: will change to "main" in Git 3.0. To configure the initial branch name
2026-07-24T12:18:10.4029548Z hint: to use in all of your new repositories, which will suppress this warning,
2026-07-24T12:18:10.4031820Z hint: call:
2026-07-24T12:18:10.4033122Z hint:
2026-07-24T12:18:10.4034992Z hint: 	git config --global init.defaultBranch <name>
2026-07-24T12:18:10.4036898Z hint:
2026-07-24T12:18:10.4038697Z hint: Names commonly chosen instead of 'master' are 'main', 'trunk' and
2026-07-24T12:18:10.4041485Z hint: 'development'. The just-created branch can be renamed via this command:
2026-07-24T12:18:10.4079772Z hint:
2026-07-24T12:18:10.4081067Z hint: 	git branch -m <name>
2026-07-24T12:18:10.4082443Z hint:
2026-07-24T12:18:10.4084246Z hint: Disable this message with "git config set advice.defaultBranchName false"
2026-07-24T12:18:10.4087784Z Initialized empty Git repository in /home/runner/work/ednsv/ednsv/.git/
2026-07-24T12:18:10.4092320Z [command]/usr/bin/git remote add origin https://github.com/pkinerd/ednsv
2026-07-24T12:18:10.4109513Z ##[endgroup]
2026-07-24T12:18:10.4112527Z ##[group]Disabling automatic garbage collection
2026-07-24T12:18:10.4114976Z [command]/usr/bin/git config --local gc.auto 0
2026-07-24T12:18:10.4167947Z ##[endgroup]
2026-07-24T12:18:10.4170187Z ##[group]Setting up auth
2026-07-24T12:18:10.4177830Z [command]/usr/bin/git config --local --name-only --get-regexp core\.sshCommand
2026-07-24T12:18:10.4226810Z [command]/usr/bin/git submodule foreach --recursive sh -c "git config --local --name-only --get-regexp 'core\.sshCommand' && git config --local --unset-all 'core.sshCommand' || :"
2026-07-24T12:18:10.4648989Z [command]/usr/bin/git config --local --name-only --get-regexp http\.https\:\/\/github\.com\/\.extraheader
2026-07-24T12:18:10.4691497Z [command]/usr/bin/git submodule foreach --recursive sh -c "git config --local --name-only --get-regexp 'http\.https\:\/\/github\.com\/\.extraheader' && git config --local --unset-all 'http.https://github.com/.extraheader' || :"
2026-07-24T12:18:10.4938925Z [command]/usr/bin/git config --local --name-only --get-regexp ^includeIf\.gitdir:
2026-07-24T12:18:10.4980120Z [command]/usr/bin/git submodule foreach --recursive git config --local --show-origin --name-only --get-regexp remote.origin.url
2026-07-24T12:18:10.5242078Z [command]/usr/bin/git config --local http.https://github.com/.extraheader AUTHORIZATION: basic ***
2026-07-24T12:18:10.5281812Z ##[endgroup]
2026-07-24T12:18:10.5284124Z ##[group]Fetching the repository
2026-07-24T12:18:10.5294854Z [command]/usr/bin/git -c protocol.version=2 fetch --no-tags --prune --no-recurse-submodules --depth=1 origin +374f865d9d38820f5cad275fa9cd55a64196b54a:refs/remotes/origin/main
2026-07-24T12:18:10.9277957Z From https://github.com/pkinerd/ednsv
2026-07-24T12:18:10.9279550Z  * [new ref]         374f865d9d38820f5cad275fa9cd55a64196b54a -> origin/main
2026-07-24T12:18:10.9315513Z ##[endgroup]
2026-07-24T12:18:10.9316658Z ##[group]Determining the checkout info
2026-07-24T12:18:10.9318171Z ##[endgroup]
2026-07-24T12:18:10.9324248Z [command]/usr/bin/git sparse-checkout disable
2026-07-24T12:18:10.9373035Z [command]/usr/bin/git config --local --unset-all extensions.worktreeConfig
2026-07-24T12:18:10.9405205Z ##[group]Checking out the ref
2026-07-24T12:18:10.9409471Z [command]/usr/bin/git checkout --progress --force -B main refs/remotes/origin/main
2026-07-24T12:18:10.9553986Z Switched to a new branch 'main'
2026-07-24T12:18:10.9557290Z branch 'main' set up to track 'origin/main'.
2026-07-24T12:18:10.9567264Z ##[endgroup]
2026-07-24T12:18:10.9610130Z [command]/usr/bin/git log -1 --format=%H
2026-07-24T12:18:10.9636596Z 374f865d9d38820f5cad275fa9cd55a64196b54a
2026-07-24T12:18:10.9874152Z ##[group]Run if [ "push" != "pull_request" ]; then
2026-07-24T12:18:10.9875578Z [36;1mif [ "push" != "pull_request" ]; then[0m
2026-07-24T12:18:10.9876433Z [36;1m  echo "push=true" >> "$GITHUB_OUTPUT"[0m
2026-07-24T12:18:10.9877259Z [36;1melif [ "" = "pkinerd/ednsv" ]; then[0m
2026-07-24T12:18:10.9878069Z [36;1m  echo "push=true" >> "$GITHUB_OUTPUT"[0m
2026-07-24T12:18:10.9878836Z [36;1melse[0m
2026-07-24T12:18:10.9879542Z [36;1m  echo "push=false" >> "$GITHUB_OUTPUT"[0m
2026-07-24T12:18:10.9880309Z [36;1mfi[0m
2026-07-24T12:18:10.9930702Z shell: /usr/bin/bash -e {0}
2026-07-24T12:18:10.9931423Z env:
2026-07-24T12:18:10.9932073Z   REGISTRY: ghcr.io
2026-07-24T12:18:10.9932763Z   IMAGE_NAME: pkinerd/ednsv
2026-07-24T12:18:10.9933463Z ##[endgroup]
2026-07-24T12:18:11.0173834Z Node 20 is being deprecated. This workflow is running with Node 24 by default. If you need to temporarily use Node 20, you can set the ACTIONS_ALLOW_USE_UNSECURE_NODE_VERSION=true environment variable. For more information see: https://github.blog/changelog/2025-09-19-deprecation-of-node-20-on-github-actions-runners/
2026-07-24T12:18:11.0176558Z ##[group]Run docker/setup-buildx-action@v3
2026-07-24T12:18:11.0177309Z with:
2026-07-24T12:18:11.0177956Z   driver: docker-container
2026-07-24T12:18:11.0178634Z   use: true
2026-07-24T12:18:11.0179265Z   keep-state: false
2026-07-24T12:18:11.0179926Z   cache-binary: true
2026-07-24T12:18:11.0180578Z   cleanup: true
2026-07-24T12:18:11.0181211Z   install: false
2026-07-24T12:18:11.0181843Z env:
2026-07-24T12:18:11.0182454Z   REGISTRY: ghcr.io
2026-07-24T12:18:11.0183118Z   IMAGE_NAME: pkinerd/ednsv
2026-07-24T12:18:11.0183821Z ##[endgroup]
2026-07-24T12:18:11.2743678Z (node:2230) [DEP0040] DeprecationWarning: The `punycode` module is deprecated. Please use a userland alternative instead.
2026-07-24T12:18:11.2745396Z (Use `node --trace-deprecation ...` to show where the warning was created)
2026-07-24T12:18:11.2812835Z ##[group]Docker info
2026-07-24T12:18:11.2839928Z [command]/usr/bin/docker version
2026-07-24T12:18:11.4127904Z Client: Docker Engine - Community
2026-07-24T12:18:11.4128393Z  Version:           28.0.4
2026-07-24T12:18:11.4128759Z  API version:       1.48
2026-07-24T12:18:11.4129148Z  Go version:        go1.23.7
2026-07-24T12:18:11.4129642Z  Git commit:        b8034c0
2026-07-24T12:18:11.4130046Z  Built:             Tue Mar 25 15:07:16 2025
2026-07-24T12:18:11.4130384Z  OS/Arch:           linux/amd64
2026-07-24T12:18:11.4130961Z  Context:           default
2026-07-24T12:18:11.4131184Z 
2026-07-24T12:18:11.4131331Z Server: Docker Engine - Community
2026-07-24T12:18:11.4131783Z  Engine:
2026-07-24T12:18:11.4132109Z   Version:          28.0.4
2026-07-24T12:18:11.4132520Z   API version:      1.48 (minimum version 1.24)
2026-07-24T12:18:11.4133097Z   Go version:       go1.23.7
2026-07-24T12:18:11.4133504Z   Git commit:       6430e49
2026-07-24T12:18:11.4133826Z   Built:            Tue Mar 25 15:07:16 2025
2026-07-24T12:18:11.4134276Z   OS/Arch:          linux/amd64
2026-07-24T12:18:11.4134963Z   Experimental:     false
2026-07-24T12:18:11.4139267Z  containerd:
2026-07-24T12:18:11.4145592Z   Version:          v2.2.6
2026-07-24T12:18:11.4146309Z   GitCommit:        11ce9d5f3c68c941867e82890e93e815c1304f1b
2026-07-24T12:18:11.4147032Z  runc:
2026-07-24T12:18:11.4147731Z   Version:          1.3.6
2026-07-24T12:18:11.4148484Z   GitCommit:        v1.3.6-0-g491b69ba
2026-07-24T12:18:11.4149027Z  docker-init:
2026-07-24T12:18:11.4149633Z   Version:          0.19.0
2026-07-24T12:18:11.4150102Z   GitCommit:        de40ad0
2026-07-24T12:18:11.4167936Z [command]/usr/bin/docker info
2026-07-24T12:18:11.6722848Z Client: Docker Engine - Community
2026-07-24T12:18:11.6723435Z  Version:    28.0.4
2026-07-24T12:18:11.6723755Z  Context:    default
2026-07-24T12:18:11.6724014Z  Debug Mode: false
2026-07-24T12:18:11.6724225Z  Plugins:
2026-07-24T12:18:11.6725248Z   buildx: Docker Buildx (Docker Inc.)
2026-07-24T12:18:11.6725575Z     Version:  v0.35.0
2026-07-24T12:18:11.6725904Z     Path:     /usr/libexec/docker/cli-plugins/docker-buildx
2026-07-24T12:18:11.6726641Z   compose: Docker Compose (Docker Inc.)
2026-07-24T12:18:11.6726975Z     Version:  v2.38.2
2026-07-24T12:18:11.6727381Z     Path:     /usr/libexec/docker/cli-plugins/docker-compose
2026-07-24T12:18:11.6727775Z 
2026-07-24T12:18:11.6727869Z Server:
2026-07-24T12:18:11.6728075Z  Containers: 0
2026-07-24T12:18:11.6728280Z   Running: 0
2026-07-24T12:18:11.6728637Z   Paused: 0
2026-07-24T12:18:11.6728995Z   Stopped: 0
2026-07-24T12:18:11.6729316Z  Images: 6
2026-07-24T12:18:11.6729632Z  Server Version: 28.0.4
2026-07-24T12:18:11.6730033Z  Storage Driver: overlay2
2026-07-24T12:18:11.6730438Z   Backing Filesystem: extfs
2026-07-24T12:18:11.6730817Z   Supports d_type: true
2026-07-24T12:18:11.6731572Z   Using metacopy: false
2026-07-24T12:18:11.6731980Z   Native Overlay Diff: false
2026-07-24T12:18:11.6732377Z   userxattr: false
2026-07-24T12:18:11.6732735Z  Logging Driver: json-file
2026-07-24T12:18:11.6733124Z  Cgroup Driver: systemd
2026-07-24T12:18:11.6733492Z  Cgroup Version: 2
2026-07-24T12:18:11.6733815Z  Plugins:
2026-07-24T12:18:11.6734127Z   Volume: local
2026-07-24T12:18:11.6734712Z   Network: bridge host ipvlan macvlan null overlay
2026-07-24T12:18:11.6735423Z   Log: awslogs fluentd gcplogs gelf journald json-file local splunk syslog
2026-07-24T12:18:11.6736059Z  Swarm: inactive
2026-07-24T12:18:11.6736433Z  Runtimes: io.containerd.runc.v2 runc
2026-07-24T12:18:11.6736879Z  Default Runtime: runc
2026-07-24T12:18:11.6737251Z  Init Binary: docker-init
2026-07-24T12:18:11.6737755Z  containerd version: 11ce9d5f3c68c941867e82890e93e815c1304f1b
2026-07-24T12:18:11.6738332Z  runc version: v1.3.6-0-g491b69ba
2026-07-24T12:18:11.6738787Z  init version: de40ad0
2026-07-24T12:18:11.6739147Z  Security Options:
2026-07-24T12:18:11.6739492Z   apparmor
2026-07-24T12:18:11.6739788Z   seccomp
2026-07-24T12:18:11.6740089Z    Profile: builtin
2026-07-24T12:18:11.6740415Z   cgroupns
2026-07-24T12:18:11.6740739Z  Kernel Version: 6.17.0-1020-azure
2026-07-24T12:18:11.6741181Z  Operating System: Ubuntu 24.04.4 LTS
2026-07-24T12:18:11.6741611Z  OSType: linux
2026-07-24T12:18:11.6741940Z  Architecture: x86_64
2026-07-24T12:18:11.6742283Z  CPUs: 4
2026-07-24T12:18:11.6742604Z  Total Memory: 15.62GiB
2026-07-24T12:18:11.6742999Z  Name: runnervmvrwv9
2026-07-24T12:18:11.6743402Z  ID: dce1e4a9-fc26-4218-aaf0-feee5194c8cb
2026-07-24T12:18:11.6743913Z  Docker Root Dir: /var/lib/docker
2026-07-24T12:18:11.6744376Z  Debug Mode: false
2026-07-24T12:18:11.6745296Z  Username: githubactions
2026-07-24T12:18:11.6745742Z  Experimental: false
2026-07-24T12:18:11.6746133Z  Insecure Registries:
2026-07-24T12:18:11.6750822Z   ::1/128
2026-07-24T12:18:11.6751172Z   127.0.0.0/8
2026-07-24T12:18:11.6751553Z  Live Restore Enabled: false
2026-07-24T12:18:11.6751896Z 
2026-07-24T12:18:11.6752760Z ##[endgroup]
2026-07-24T12:18:11.7425286Z ##[group]Buildx version
2026-07-24T12:18:11.7452536Z [command]/usr/bin/docker buildx version
2026-07-24T12:18:11.7960692Z github.com/docker/buildx v0.35.0 a319e5b15052cf6557ceb666eb8ff6e32380b782
2026-07-24T12:18:11.7989862Z ##[endgroup]
2026-07-24T12:18:11.8145688Z ##[group]Inspecting default docker context
2026-07-24T12:18:11.8292593Z [
2026-07-24T12:18:11.8292927Z   {
2026-07-24T12:18:11.8293252Z     "Name": "default",
2026-07-24T12:18:11.8293520Z     "Metadata": {},
2026-07-24T12:18:11.8293774Z     "Endpoints": {
2026-07-24T12:18:11.8293992Z       "docker": {
2026-07-24T12:18:11.8294312Z         "Host": "unix:///var/run/docker.sock",
2026-07-24T12:18:11.8294848Z         "SkipTLSVerify": false
2026-07-24T12:18:11.8295106Z       }
2026-07-24T12:18:11.8295327Z     },
2026-07-24T12:18:11.8296015Z     "TLSMaterial": {},
2026-07-24T12:18:11.8296248Z     "Storage": {
2026-07-24T12:18:11.8296534Z       "MetadataPath": "<IN MEMORY>",
2026-07-24T12:18:11.8296996Z       "TLSPath": "<IN MEMORY>"
2026-07-24T12:18:11.8297527Z     }
2026-07-24T12:18:11.8297871Z   }
2026-07-24T12:18:11.8298148Z ]
2026-07-24T12:18:11.8298656Z ##[endgroup]
2026-07-24T12:18:11.8299173Z ##[group]Creating a new builder instance
2026-07-24T12:18:11.9603995Z [command]/usr/bin/docker buildx create --name builder-d7ee5b33-18b5-4cf4-ba60-3efb289b9515 --driver docker-container --buildkitd-flags --allow-insecure-entitlement security.insecure --allow-insecure-entitlement network.host --use
2026-07-24T12:18:12.0388378Z builder-d7ee5b33-18b5-4cf4-ba60-3efb289b9515
2026-07-24T12:18:12.0426689Z ##[endgroup]
2026-07-24T12:18:12.0427891Z ##[group]Booting builder
2026-07-24T12:18:12.0472718Z [command]/usr/bin/docker buildx inspect --bootstrap --builder builder-d7ee5b33-18b5-4cf4-ba60-3efb289b9515
2026-07-24T12:18:12.1091073Z #1 [internal] booting buildkit
2026-07-24T12:18:12.2598860Z #1 pulling image moby/buildkit:buildx-stable-1
2026-07-24T12:18:16.7119584Z #1 pulling image moby/buildkit:buildx-stable-1 4.6s done
2026-07-24T12:18:16.8626529Z #1 creating container buildx_buildkit_builder-d7ee5b33-18b5-4cf4-ba60-3efb289b95150
2026-07-24T12:18:17.0262284Z #1 creating container buildx_buildkit_builder-d7ee5b33-18b5-4cf4-ba60-3efb289b95150 0.3s done
2026-07-24T12:18:17.0288888Z #1 DONE 4.9s
2026-07-24T12:18:17.0702745Z Name:          builder-d7ee5b33-18b5-4cf4-ba60-3efb289b9515
2026-07-24T12:18:17.0710251Z Driver:        docker-container
2026-07-24T12:18:17.0710744Z Last Activity: 2026-07-24 12:18:12 +0000 UTC
2026-07-24T12:18:17.0711081Z 
2026-07-24T12:18:17.0711209Z Nodes:
2026-07-24T12:18:17.0711647Z Name:                  builder-d7ee5b33-18b5-4cf4-ba60-3efb289b95150
2026-07-24T12:18:17.0712601Z Endpoint:              unix:///var/run/docker.sock
2026-07-24T12:18:17.0713333Z Status:                running
2026-07-24T12:18:17.0714644Z BuildKit daemon flags: --allow-insecure-entitlement security.insecure --allow-insecure-entitlement network.host
2026-07-24T12:18:17.0715937Z BuildKit version:      v0.31.2
2026-07-24T12:18:17.0717013Z Platforms:             linux/amd64, linux/amd64/v2, linux/amd64/v3, linux/386
2026-07-24T12:18:17.0717819Z Labels:
2026-07-24T12:18:17.0718425Z  org.mobyproject.buildkit.worker.executor:         oci
2026-07-24T12:18:17.0719366Z  org.mobyproject.buildkit.worker.hostname:         84f906db2813
2026-07-24T12:18:17.0720297Z  org.mobyproject.buildkit.worker.network:          host
2026-07-24T12:18:17.0721178Z  org.mobyproject.buildkit.worker.oci.process-mode: sandbox
2026-07-24T12:18:17.0722072Z  org.mobyproject.buildkit.worker.selinux.enabled:  false
2026-07-24T12:18:17.0722973Z  org.mobyproject.buildkit.worker.snapshotter:      overlayfs
2026-07-24T12:18:17.0723730Z GC Policy rule#0:
2026-07-24T12:18:17.0724270Z  All:            false
2026-07-24T12:18:17.0725244Z  Filters:        type==source.local type==exec.cachemount type==source.git.checkout
2026-07-24T12:18:17.0726106Z  Keep Duration:  48h0m0s
2026-07-24T12:18:17.0726720Z  Max Used Space: 488.3MiB
2026-07-24T12:18:17.0727372Z GC Policy rule#1:
2026-07-24T12:18:17.0727993Z  All:            false
2026-07-24T12:18:17.0728680Z  Keep Duration:  1440h0m0s
2026-07-24T12:18:17.0729327Z  Reserved Space: 9.313GiB
2026-07-24T12:18:17.0730204Z  Max Used Space: 93.13GiB
2026-07-24T12:18:17.0730926Z  Min Free Space: 27.01GiB
2026-07-24T12:18:17.0731582Z GC Policy rule#2:
2026-07-24T12:18:17.0732117Z  All:            false
2026-07-24T12:18:17.0732700Z  Reserved Space: 9.313GiB
2026-07-24T12:18:17.0733320Z  Max Used Space: 93.13GiB
2026-07-24T12:18:17.0733973Z  Min Free Space: 27.01GiB
2026-07-24T12:18:17.0734828Z GC Policy rule#3:
2026-07-24T12:18:17.0735495Z  All:            true
2026-07-24T12:18:17.0736100Z  Reserved Space: 9.313GiB
2026-07-24T12:18:17.0737098Z  Max Used Space: 93.13GiB
2026-07-24T12:18:17.0737763Z  Min Free Space: 27.01GiB
2026-07-24T12:18:17.0776675Z ##[endgroup]
2026-07-24T12:18:17.1697567Z ##[group]Inspect builder
2026-07-24T12:18:17.1698252Z {
2026-07-24T12:18:17.1698542Z   "nodes": [
2026-07-24T12:18:17.1698866Z     {
2026-07-24T12:18:17.1699304Z       "name": "builder-d7ee5b33-18b5-4cf4-ba60-3efb289b95150",
2026-07-24T12:18:17.1699908Z       "endpoint": "unix:///var/run/docker.sock",
2026-07-24T12:18:17.1700252Z       "status": "running",
2026-07-24T12:18:17.1700853Z       "buildkitd-flags": "--allow-insecure-entitlement security.insecure --allow-insecure-entitlement network.host",
2026-07-24T12:18:17.1701526Z       "buildkit": "v0.31.2",
2026-07-24T12:18:17.1702056Z       "platforms": "linux/amd64,linux/amd64/v2,linux/amd64/v3,linux/386",
2026-07-24T12:18:17.1702642Z       "features": {
2026-07-24T12:18:17.1703139Z         "Automatically load images to the Docker Engine image store": true,
2026-07-24T12:18:17.1703509Z         "Cache export": true,
2026-07-24T12:18:17.1703751Z         "Direct push": true,
2026-07-24T12:18:17.1703975Z         "Docker exporter": true,
2026-07-24T12:18:17.1704251Z         "Multi-platform build": true,
2026-07-24T12:18:17.1704796Z         "OCI exporter": true
2026-07-24T12:18:17.1705349Z       },
2026-07-24T12:18:17.1705538Z       "labels": {
2026-07-24T12:18:17.1705844Z         "org.mobyproject.buildkit.worker.executor": "oci",
2026-07-24T12:18:17.1706362Z         "org.mobyproject.buildkit.worker.hostname": "84f906db2813",
2026-07-24T12:18:17.1706788Z         "org.mobyproject.buildkit.worker.network": "host",
2026-07-24T12:18:17.1707193Z         "org.mobyproject.buildkit.worker.oci.process-mode": "sandbox",
2026-07-24T12:18:17.1707657Z         "org.mobyproject.buildkit.worker.selinux.enabled": "false",
2026-07-24T12:18:17.1708212Z         "org.mobyproject.buildkit.worker.snapshotter": "overlayfs"
2026-07-24T12:18:17.1708571Z       },
2026-07-24T12:18:17.1708740Z       "gcPolicy": [
2026-07-24T12:18:17.1708946Z         {
2026-07-24T12:18:17.1709119Z           "all": false,
2026-07-24T12:18:17.1709340Z           "filter": [
2026-07-24T12:18:17.1709662Z             "type==source.local type==exec.cachemount type==source.git.checkout"
2026-07-24T12:18:17.1710012Z           ],
2026-07-24T12:18:17.1710204Z           "keepDuration": "48h0m0s",
2026-07-24T12:18:17.1710448Z           "maxUsedSpace": "488.3MiB"
2026-07-24T12:18:17.1710711Z         },
2026-07-24T12:18:17.1710879Z         {
2026-07-24T12:18:17.1711094Z           "all": false,
2026-07-24T12:18:17.1711330Z           "keepDuration": "1440h0m0s",
2026-07-24T12:18:17.1711597Z           "reservedSpace": "9.313GiB",
2026-07-24T12:18:17.1711900Z           "maxUsedSpace": "93.13GiB",
2026-07-24T12:18:17.1712162Z           "minFreeSpace": "27.01GiB"
2026-07-24T12:18:17.1712390Z         },
2026-07-24T12:18:17.1712573Z         {
2026-07-24T12:18:17.1712748Z           "all": false,
2026-07-24T12:18:17.1712976Z           "reservedSpace": "9.313GiB",
2026-07-24T12:18:17.1713241Z           "maxUsedSpace": "93.13GiB",
2026-07-24T12:18:17.1713498Z           "minFreeSpace": "27.01GiB"
2026-07-24T12:18:17.1713726Z         },
2026-07-24T12:18:17.1713907Z         {
2026-07-24T12:18:17.1714098Z           "all": true,
2026-07-24T12:18:17.1714327Z           "reservedSpace": "9.313GiB",
2026-07-24T12:18:17.1714833Z           "maxUsedSpace": "93.13GiB",
2026-07-24T12:18:17.1715086Z           "minFreeSpace": "27.01GiB"
2026-07-24T12:18:17.1715310Z         }
2026-07-24T12:18:17.1715490Z       ]
2026-07-24T12:18:17.1715675Z     }
2026-07-24T12:18:17.1715834Z   ],
2026-07-24T12:18:17.1716064Z   "name": "builder-d7ee5b33-18b5-4cf4-ba60-3efb289b9515",
2026-07-24T12:18:17.1716381Z   "driver": "docker-container",
2026-07-24T12:18:17.1716654Z   "lastActivity": "2026-07-24T12:18:12.000Z"
2026-07-24T12:18:17.1716902Z }
2026-07-24T12:18:17.1717273Z ##[endgroup]
2026-07-24T12:18:17.1717599Z ##[group]BuildKit version
2026-07-24T12:18:17.1717882Z builder-d7ee5b33-18b5-4cf4-ba60-3efb289b95150: v0.31.2
2026-07-24T12:18:17.1718371Z ##[endgroup]
2026-07-24T12:18:17.1911228Z Node 20 is being deprecated. This workflow is running with Node 24 by default. If you need to temporarily use Node 20, you can set the ACTIONS_ALLOW_USE_UNSECURE_NODE_VERSION=true environment variable. For more information see: https://github.blog/changelog/2025-09-19-deprecation-of-node-20-on-github-actions-runners/
2026-07-24T12:18:17.1912688Z ##[group]Run docker/login-action@v3
2026-07-24T12:18:17.1912939Z with:
2026-07-24T12:18:17.1913119Z   registry: ghcr.io
2026-07-24T12:18:17.1913326Z   username: pkinerd
2026-07-24T12:18:17.1916031Z   password: ***
2026-07-24T12:18:17.1916246Z   logout: true
2026-07-24T12:18:17.1916435Z env:
2026-07-24T12:18:17.1916612Z   REGISTRY: ghcr.io
2026-07-24T12:18:17.1916822Z   IMAGE_NAME: pkinerd/ednsv
2026-07-24T12:18:17.1917044Z ##[endgroup]
2026-07-24T12:18:17.5016033Z Logging into ghcr.io...
2026-07-24T12:18:17.5040338Z (node:2720) [DEP0040] DeprecationWarning: The `punycode` module is deprecated. Please use a userland alternative instead.
2026-07-24T12:18:17.5041271Z (Use `node --trace-deprecation ...` to show where the warning was created)
2026-07-24T12:18:17.7988265Z Login Succeeded!
2026-07-24T12:18:17.8142202Z Node 20 is being deprecated. This workflow is running with Node 24 by default. If you need to temporarily use Node 20, you can set the ACTIONS_ALLOW_USE_UNSECURE_NODE_VERSION=true environment variable. For more information see: https://github.blog/changelog/2025-09-19-deprecation-of-node-20-on-github-actions-runners/
2026-07-24T12:18:17.8143459Z ##[group]Run docker/metadata-action@v5
2026-07-24T12:18:17.8143723Z with:
2026-07-24T12:18:17.8143918Z   images: ghcr.io/pkinerd/ednsv
2026-07-24T12:18:17.8144952Z   tags: type=ref,event=branch,prefix=branch-
type=ref,event=pr,prefix=pr-
type=sha,format=short,prefix=sha-
type=raw,value=latest,enable={{is_default_branch}}
type=raw,value=latest-any

2026-07-24T12:18:17.8145689Z   context: workflow
2026-07-24T12:18:17.8147970Z   github-token: ***
2026-07-24T12:18:17.8148172Z env:
2026-07-24T12:18:17.8148348Z   REGISTRY: ghcr.io
2026-07-24T12:18:17.8148558Z   IMAGE_NAME: pkinerd/ednsv
2026-07-24T12:18:17.8148797Z ##[endgroup]
2026-07-24T12:18:18.1938843Z (node:2740) [DEP0040] DeprecationWarning: The `punycode` module is deprecated. Please use a userland alternative instead.
2026-07-24T12:18:18.1940179Z (Use `node --trace-deprecation ...` to show where the warning was created)
2026-07-24T12:18:18.5272820Z ##[group]Context info
2026-07-24T12:18:18.5273556Z eventName: push
2026-07-24T12:18:18.5275555Z sha: 374f865d9d38820f5cad275fa9cd55a64196b54a
2026-07-24T12:18:18.5276336Z ref: refs/heads/main
2026-07-24T12:18:18.5276951Z workflow: CI
2026-07-24T12:18:18.5277472Z action: meta
2026-07-24T12:18:18.5278012Z actor: pkinerd
2026-07-24T12:18:18.5278530Z runNumber: 201
2026-07-24T12:18:18.5280052Z runId: 30092538580
2026-07-24T12:18:18.5280808Z commitDate: Fri Jul 24 2026 12:17:17 GMT+0000 (Coordinated Universal Time)
2026-07-24T12:18:18.5282017Z ##[endgroup]
2026-07-24T12:18:18.5289345Z ##[group]Processing images input
2026-07-24T12:18:18.5290185Z name=ghcr.io/pkinerd/ednsv,enable=true
2026-07-24T12:18:18.5291168Z ##[endgroup]
2026-07-24T12:18:18.5319716Z ##[group]Processing tags input
2026-07-24T12:18:18.5325516Z type=ref,event=branch,prefix=branch-,enable=true,priority=600
2026-07-24T12:18:18.5326517Z type=ref,event=pr,prefix=pr-,enable=true,priority=600
2026-07-24T12:18:18.5327502Z type=raw,value=latest,enable={{is_default_branch}},priority=200
2026-07-24T12:18:18.5328406Z type=raw,value=latest-any,enable=true,priority=200
2026-07-24T12:18:18.5329228Z type=sha,format=short,prefix=sha-,enable=true,priority=100
2026-07-24T12:18:18.5330261Z ##[endgroup]
2026-07-24T12:18:18.5331075Z ##[group]Processing flavor input
2026-07-24T12:18:18.5331743Z latest=auto
2026-07-24T12:18:18.5332279Z prefix=
2026-07-24T12:18:18.5332782Z prefixLatest=false
2026-07-24T12:18:18.5333302Z suffix=
2026-07-24T12:18:18.5333783Z suffixLatest=false
2026-07-24T12:18:18.5334767Z ##[endgroup]
2026-07-24T12:18:18.5443656Z ##[group]Docker image version
2026-07-24T12:18:18.5444097Z branch-main
2026-07-24T12:18:18.5444844Z ##[endgroup]
2026-07-24T12:18:18.5450666Z ##[group]Docker tags
2026-07-24T12:18:18.5451072Z ghcr.io/pkinerd/ednsv:branch-main
2026-07-24T12:18:18.5451558Z ghcr.io/pkinerd/ednsv:latest
2026-07-24T12:18:18.5452001Z ghcr.io/pkinerd/ednsv:latest-any
2026-07-24T12:18:18.5452451Z ghcr.io/pkinerd/ednsv:sha-374f865
2026-07-24T12:18:18.5453046Z ##[endgroup]
2026-07-24T12:18:18.5570381Z ##[group]Docker labels
2026-07-24T12:18:18.5570934Z org.opencontainers.image.created=2026-07-24T12:18:18.532Z
2026-07-24T12:18:18.5571585Z org.opencontainers.image.description=
2026-07-24T12:18:18.5572147Z org.opencontainers.image.licenses=
2026-07-24T12:18:18.5572926Z org.opencontainers.image.revision=374f865d9d38820f5cad275fa9cd55a64196b54a
2026-07-24T12:18:18.5573898Z org.opencontainers.image.source=https://github.com/pkinerd/ednsv
2026-07-24T12:18:18.5574885Z org.opencontainers.image.title=ednsv
2026-07-24T12:18:18.5575572Z org.opencontainers.image.url=https://github.com/pkinerd/ednsv
2026-07-24T12:18:18.5576282Z org.opencontainers.image.version=branch-main
2026-07-24T12:18:18.5577117Z ##[endgroup]
2026-07-24T12:18:18.5578173Z ##[group]Annotations
2026-07-24T12:18:18.5578826Z manifest:org.opencontainers.image.created=2026-07-24T12:18:18.532Z
2026-07-24T12:18:18.5579640Z manifest:org.opencontainers.image.description=
2026-07-24T12:18:18.5580283Z manifest:org.opencontainers.image.licenses=
2026-07-24T12:18:18.5581139Z manifest:org.opencontainers.image.revision=374f865d9d38820f5cad275fa9cd55a64196b54a
2026-07-24T12:18:18.5582214Z manifest:org.opencontainers.image.source=https://github.com/pkinerd/ednsv
2026-07-24T12:18:18.5583055Z manifest:org.opencontainers.image.title=ednsv
2026-07-24T12:18:18.5583916Z manifest:org.opencontainers.image.url=https://github.com/pkinerd/ednsv
2026-07-24T12:18:18.5585031Z manifest:org.opencontainers.image.version=branch-main
2026-07-24T12:18:18.5585951Z ##[endgroup]
2026-07-24T12:18:18.5586597Z ##[group]JSON output
2026-07-24T12:18:18.5586955Z {
2026-07-24T12:18:18.5587286Z   "tags": [
2026-07-24T12:18:18.5587648Z     "ghcr.io/pkinerd/ednsv:branch-main",
2026-07-24T12:18:18.5588219Z     "ghcr.io/pkinerd/ednsv:latest",
2026-07-24T12:18:18.5588719Z     "ghcr.io/pkinerd/ednsv:latest-any",
2026-07-24T12:18:18.5589276Z     "ghcr.io/pkinerd/ednsv:sha-374f865"
2026-07-24T12:18:18.5589791Z   ],
2026-07-24T12:18:18.5590132Z   "tag-names": [
2026-07-24T12:18:18.5590478Z     "branch-main",
2026-07-24T12:18:18.5590808Z     "latest",
2026-07-24T12:18:18.5591128Z     "latest-any",
2026-07-24T12:18:18.5591495Z     "sha-374f865"
2026-07-24T12:18:18.5591813Z   ],
2026-07-24T12:18:18.5592121Z   "labels": {
2026-07-24T12:18:18.5592602Z     "org.opencontainers.image.created": "2026-07-24T12:18:18.532Z",
2026-07-24T12:18:18.5593356Z     "org.opencontainers.image.description": "",
2026-07-24T12:18:18.5593976Z     "org.opencontainers.image.licenses": "",
2026-07-24T12:18:18.5594996Z     "org.opencontainers.image.revision": "374f865d9d38820f5cad275fa9cd55a64196b54a",
2026-07-24T12:18:18.5595985Z     "org.opencontainers.image.source": "https://github.com/pkinerd/ednsv",
2026-07-24T12:18:18.5596775Z     "org.opencontainers.image.title": "ednsv",
2026-07-24T12:18:18.5597476Z     "org.opencontainers.image.url": "https://github.com/pkinerd/ednsv",
2026-07-24T12:18:18.5598267Z     "org.opencontainers.image.version": "branch-main"
2026-07-24T12:18:18.5598833Z   },
2026-07-24T12:18:18.5599180Z   "annotations": [
2026-07-24T12:18:18.5599744Z     "manifest:org.opencontainers.image.created=2026-07-24T12:18:18.532Z",
2026-07-24T12:18:18.5600519Z     "manifest:org.opencontainers.image.description=",
2026-07-24T12:18:18.5601165Z     "manifest:org.opencontainers.image.licenses=",
2026-07-24T12:18:18.5602028Z     "manifest:org.opencontainers.image.revision=374f865d9d38820f5cad275fa9cd55a64196b54a",
2026-07-24T12:18:18.5603161Z     "manifest:org.opencontainers.image.source=https://github.com/pkinerd/ednsv",
2026-07-24T12:18:18.5604027Z     "manifest:org.opencontainers.image.title=ednsv",
2026-07-24T12:18:18.5605128Z     "manifest:org.opencontainers.image.url=https://github.com/pkinerd/ednsv",
2026-07-24T12:18:18.5606406Z     "manifest:org.opencontainers.image.version=branch-main"
2026-07-24T12:18:18.5606987Z   ]
2026-07-24T12:18:18.5607285Z }
2026-07-24T12:18:18.5607990Z ##[endgroup]
2026-07-24T12:18:18.5608785Z ##[group]Bake file definition (tags)
2026-07-24T12:18:18.5609247Z {
2026-07-24T12:18:18.5609609Z   "target": {
2026-07-24T12:18:18.5610005Z     "docker-metadata-action": {
2026-07-24T12:18:18.5610425Z       "tags": [
2026-07-24T12:18:18.5610823Z         "ghcr.io/pkinerd/ednsv:branch-main",
2026-07-24T12:18:18.5611493Z         "ghcr.io/pkinerd/ednsv:latest",
2026-07-24T12:18:18.5612076Z         "ghcr.io/pkinerd/ednsv:latest-any",
2026-07-24T12:18:18.5612666Z         "ghcr.io/pkinerd/ednsv:sha-374f865"
2026-07-24T12:18:18.5613198Z       ],
2026-07-24T12:18:18.5613557Z       "args": {
2026-07-24T12:18:18.5614065Z         "DOCKER_META_IMAGES": "ghcr.io/pkinerd/ednsv",
2026-07-24T12:18:18.5615046Z         "DOCKER_META_VERSION": "branch-main"
2026-07-24T12:18:18.5615656Z       }
2026-07-24T12:18:18.5616019Z     }
2026-07-24T12:18:18.5616661Z   }
2026-07-24T12:18:18.5617016Z }
2026-07-24T12:18:18.5617688Z ##[endgroup]
2026-07-24T12:18:18.5618450Z ##[group]Bake file definition (labels)
2026-07-24T12:18:18.5618969Z {
2026-07-24T12:18:18.5619332Z   "target": {
2026-07-24T12:18:18.5619744Z     "docker-metadata-action": {
2026-07-24T12:18:18.5620232Z       "labels": {
2026-07-24T12:18:18.5620847Z         "org.opencontainers.image.created": "2026-07-24T12:18:18.532Z",
2026-07-24T12:18:18.5621683Z         "org.opencontainers.image.description": "",
2026-07-24T12:18:18.5622415Z         "org.opencontainers.image.licenses": "",
2026-07-24T12:18:18.5623337Z         "org.opencontainers.image.revision": "374f865d9d38820f5cad275fa9cd55a64196b54a",
2026-07-24T12:18:18.5624722Z         "org.opencontainers.image.source": "https://github.com/pkinerd/ednsv",
2026-07-24T12:18:18.5625623Z         "org.opencontainers.image.title": "ednsv",
2026-07-24T12:18:18.5626476Z         "org.opencontainers.image.url": "https://github.com/pkinerd/ednsv",
2026-07-24T12:18:18.5627471Z         "org.opencontainers.image.version": "branch-main"
2026-07-24T12:18:18.5628217Z       }
2026-07-24T12:18:18.5628611Z     }
2026-07-24T12:18:18.5628940Z   }
2026-07-24T12:18:18.5629288Z }
2026-07-24T12:18:18.5629964Z ##[endgroup]
2026-07-24T12:18:18.5630742Z ##[group]Bake file definition (annotations)
2026-07-24T12:18:18.5631315Z {
2026-07-24T12:18:18.5631642Z   "target": {
2026-07-24T12:18:18.5632065Z     "docker-metadata-action": {
2026-07-24T12:18:18.5632521Z       "annotations": [
2026-07-24T12:18:18.5633190Z         "manifest:org.opencontainers.image.created=2026-07-24T12:18:18.532Z",
2026-07-24T12:18:18.5634065Z         "manifest:org.opencontainers.image.description=",
2026-07-24T12:18:18.5634979Z         "manifest:org.opencontainers.image.licenses=",
2026-07-24T12:18:18.5635950Z         "manifest:org.opencontainers.image.revision=374f865d9d38820f5cad275fa9cd55a64196b54a",
2026-07-24T12:18:18.5637150Z         "manifest:org.opencontainers.image.source=https://github.com/pkinerd/ednsv",
2026-07-24T12:18:18.5638115Z         "manifest:org.opencontainers.image.title=ednsv",
2026-07-24T12:18:18.5638978Z         "manifest:org.opencontainers.image.url=https://github.com/pkinerd/ednsv",
2026-07-24T12:18:18.5639948Z         "manifest:org.opencontainers.image.version=branch-main"
2026-07-24T12:18:18.5640562Z       ]
2026-07-24T12:18:18.5640912Z     }
2026-07-24T12:18:18.5641241Z   }
2026-07-24T12:18:18.5641557Z }
2026-07-24T12:18:18.5642190Z ##[endgroup]
2026-07-24T12:18:18.5823655Z Node 20 is being deprecated. This workflow is running with Node 24 by default. If you need to temporarily use Node 20, you can set the ACTIONS_ALLOW_USE_UNSECURE_NODE_VERSION=true environment variable. For more information see: https://github.blog/changelog/2025-09-19-deprecation-of-node-20-on-github-actions-runners/
2026-07-24T12:18:18.5825234Z ##[group]Run docker/build-push-action@v6
2026-07-24T12:18:18.5825507Z with:
2026-07-24T12:18:18.5825691Z   context: .
2026-07-24T12:18:18.5826062Z   file: ./Dockerfile
2026-07-24T12:18:18.5826269Z   push: true
2026-07-24T12:18:18.5826783Z   tags: ghcr.io/pkinerd/ednsv:branch-main
ghcr.io/pkinerd/ednsv:latest
ghcr.io/pkinerd/ednsv:latest-any
ghcr.io/pkinerd/ednsv:sha-374f865
2026-07-24T12:18:18.5828762Z   labels: org.opencontainers.image.created=2026-07-24T12:18:18.532Z
org.opencontainers.image.description=
org.opencontainers.image.licenses=
org.opencontainers.image.revision=374f865d9d38820f5cad275fa9cd55a64196b54a
org.opencontainers.image.source=https://github.com/pkinerd/ednsv
org.opencontainers.image.title=ednsv
org.opencontainers.image.url=https://github.com/pkinerd/ednsv
org.opencontainers.image.version=branch-main
2026-07-24T12:18:18.5830375Z   cache-from: type=gha
2026-07-24T12:18:18.5830603Z   cache-to: type=gha,mode=max
2026-07-24T12:18:18.5830834Z   load: false
2026-07-24T12:18:18.5831020Z   no-cache: false
2026-07-24T12:18:18.5831208Z   pull: false
2026-07-24T12:18:18.5833467Z   github-token: ***
2026-07-24T12:18:18.5833675Z env:
2026-07-24T12:18:18.5833849Z   REGISTRY: ghcr.io
2026-07-24T12:18:18.5834057Z   IMAGE_NAME: pkinerd/ednsv
2026-07-24T12:18:18.5834315Z   DOCKER_METADATA_OUTPUT_VERSION: branch-main
2026-07-24T12:18:18.5835280Z   DOCKER_METADATA_OUTPUT_TAGS: ghcr.io/pkinerd/ednsv:branch-main
ghcr.io/pkinerd/ednsv:latest
ghcr.io/pkinerd/ednsv:latest-any
ghcr.io/pkinerd/ednsv:sha-374f865
2026-07-24T12:18:18.5836045Z   DOCKER_METADATA_OUTPUT_TAG_NAMES: branch-main
latest
latest-any
sha-374f865
2026-07-24T12:18:18.5837900Z   DOCKER_METADATA_OUTPUT_LABELS: org.opencontainers.image.created=2026-07-24T12:18:18.532Z
org.opencontainers.image.description=
org.opencontainers.image.licenses=
org.opencontainers.image.revision=374f865d9d38820f5cad275fa9cd55a64196b54a
org.opencontainers.image.source=https://github.com/pkinerd/ednsv
org.opencontainers.image.title=ednsv
org.opencontainers.image.url=https://github.com/pkinerd/ednsv
org.opencontainers.image.version=branch-main
2026-07-24T12:18:18.5841439Z   DOCKER_METADATA_OUTPUT_ANNOTATIONS: manifest:org.opencontainers.image.created=2026-07-24T12:18:18.532Z
manifest:org.opencontainers.image.description=
manifest:org.opencontainers.image.licenses=
manifest:org.opencontainers.image.revision=374f865d9d38820f5cad275fa9cd55a64196b54a
manifest:org.opencontainers.image.source=https://github.com/pkinerd/ednsv
manifest:org.opencontainers.image.title=ednsv
manifest:org.opencontainers.image.url=https://github.com/pkinerd/ednsv
manifest:org.opencontainers.image.version=branch-main
2026-07-24T12:18:18.5847735Z   DOCKER_METADATA_OUTPUT_JSON: {"tags":["ghcr.io/pkinerd/ednsv:branch-main","ghcr.io/pkinerd/ednsv:latest","ghcr.io/pkinerd/ednsv:latest-any","ghcr.io/pkinerd/ednsv:sha-374f865"],"tag-names":["branch-main","latest","latest-any","sha-374f865"],"labels":{"org.opencontainers.image.created":"2026-07-24T12:18:18.532Z","org.opencontainers.image.description":"","org.opencontainers.image.licenses":"","org.opencontainers.image.revision":"374f865d9d38820f5cad275fa9cd55a64196b54a","org.opencontainers.image.source":"https://github.com/pkinerd/ednsv","org.opencontainers.image.title":"ednsv","org.opencontainers.image.url":"https://github.com/pkinerd/ednsv","org.opencontainers.image.version":"branch-main"},"annotations":["manifest:org.opencontainers.image.created=2026-07-24T12:18:18.532Z","manifest:org.opencontainers.image.description=","manifest:org.opencontainers.image.licenses=","manifest:org.opencontainers.image.revision=374f865d9d38820f5cad275fa9cd55a64196b54a","manifest:org.opencontainers.image.source=https://github.com/pkinerd/ednsv","manifest:org.opencontainers.image.title=ednsv","manifest:org.opencontainers.image.url=https://github.com/pkinerd/ednsv","manifest:org.opencontainers.image.version=branch-main"]}
2026-07-24T12:18:18.5852470Z   DOCKER_METADATA_OUTPUT_BAKE_FILE_TAGS: /home/runner/work/_temp/docker-actions-toolkit-nt8wfw/docker-metadata-action-bake-tags.json
2026-07-24T12:18:18.5853371Z   DOCKER_METADATA_OUTPUT_BAKE_FILE_LABELS: /home/runner/work/_temp/docker-actions-toolkit-nt8wfw/docker-metadata-action-bake-labels.json
2026-07-24T12:18:18.5854757Z   DOCKER_METADATA_OUTPUT_BAKE_FILE_ANNOTATIONS: /home/runner/work/_temp/docker-actions-toolkit-nt8wfw/docker-metadata-action-bake-annotations.json
2026-07-24T12:18:18.5855740Z   DOCKER_METADATA_OUTPUT_BAKE_FILE: /home/runner/work/_temp/docker-actions-toolkit-nt8wfw/docker-metadata-action-bake.json
2026-07-24T12:18:18.5856273Z ##[endgroup]
2026-07-24T12:18:18.8338284Z (node:2752) [DEP0040] DeprecationWarning: The `punycode` module is deprecated. Please use a userland alternative instead.
2026-07-24T12:18:18.8339525Z (Use `node --trace-deprecation ...` to show where the warning was created)
2026-07-24T12:18:18.8358386Z ##[group]GitHub Actions runtime token ACs
2026-07-24T12:18:18.8366603Z refs/heads/main: read/write
2026-07-24T12:18:18.8367786Z ##[endgroup]
2026-07-24T12:18:18.8368444Z ##[group]Docker info
2026-07-24T12:18:18.8423538Z [command]/usr/bin/docker version
2026-07-24T12:18:18.8725524Z Client: Docker Engine - Community
2026-07-24T12:18:18.8745173Z  Version:           28.0.4
2026-07-24T12:18:18.8746043Z  API version:       1.48
2026-07-24T12:18:18.8746617Z  Go version:        go1.23.7
2026-07-24T12:18:18.8747184Z  Git commit:        b8034c0
2026-07-24T12:18:18.8747756Z  Built:             Tue Mar 25 15:07:16 2025
2026-07-24T12:18:18.8748385Z  OS/Arch:           linux/amd64
2026-07-24T12:18:18.8749620Z  Context:           default
2026-07-24T12:18:18.8750094Z 
2026-07-24T12:18:18.8750670Z Server: Docker Engine - Community
2026-07-24T12:18:18.8751346Z  Engine:
2026-07-24T12:18:18.8752671Z   Version:          28.0.4
2026-07-24T12:18:18.8753286Z   API version:      1.48 (minimum version 1.24)
2026-07-24T12:18:18.8753945Z   Go version:       go1.23.7
2026-07-24T12:18:18.8754740Z   Git commit:       6430e49
2026-07-24T12:18:18.8755326Z   Built:            Tue Mar 25 15:07:16 2025
2026-07-24T12:18:18.8755961Z   OS/Arch:          linux/amd64
2026-07-24T12:18:18.8756525Z   Experimental:     false
2026-07-24T12:18:18.8757061Z  containerd:
2026-07-24T12:18:18.8757552Z   Version:          v2.2.6
2026-07-24T12:18:18.8758182Z   GitCommit:        11ce9d5f3c68c941867e82890e93e815c1304f1b
2026-07-24T12:18:18.8760166Z  runc:
2026-07-24T12:18:18.8760655Z   Version:          1.3.6
2026-07-24T12:18:18.8761202Z   GitCommit:        v1.3.6-0-g491b69ba
2026-07-24T12:18:18.8761799Z  docker-init:
2026-07-24T12:18:18.8762300Z   Version:          0.19.0
2026-07-24T12:18:18.8762846Z   GitCommit:        de40ad0
2026-07-24T12:18:18.8807120Z [command]/usr/bin/docker info
2026-07-24T12:18:18.9425556Z Client: Docker Engine - Community
2026-07-24T12:18:18.9455746Z  Version:    28.0.4
2026-07-24T12:18:18.9459182Z  Context:    default
2026-07-24T12:18:18.9459616Z  Debug Mode: false
2026-07-24T12:18:18.9460361Z  Plugins:
2026-07-24T12:18:18.9460723Z   buildx: Docker Buildx (Docker Inc.)
2026-07-24T12:18:18.9461550Z     Version:  v0.35.0
2026-07-24T12:18:18.9462066Z     Path:     /usr/libexec/docker/cli-plugins/docker-buildx
2026-07-24T12:18:18.9463014Z   compose: Docker Compose (Docker Inc.)
2026-07-24T12:18:18.9463484Z     Version:  v2.38.2
2026-07-24T12:18:18.9464259Z     Path:     /usr/libexec/docker/cli-plugins/docker-compose
2026-07-24T12:18:18.9464705Z 
2026-07-24T12:18:18.9465203Z Server:
2026-07-24T12:18:18.9465494Z  Containers: 1
2026-07-24T12:18:18.9465807Z   Running: 1
2026-07-24T12:18:18.9466407Z   Paused: 0
2026-07-24T12:18:18.9466709Z   Stopped: 0
2026-07-24T12:18:18.9467004Z  Images: 7
2026-07-24T12:18:18.9467303Z  Server Version: 28.0.4
2026-07-24T12:18:18.9467674Z  Storage Driver: overlay2
2026-07-24T12:18:18.9468533Z   Backing Filesystem: extfs
2026-07-24T12:18:18.9468872Z   Supports d_type: true
2026-07-24T12:18:18.9469099Z   Using metacopy: false
2026-07-24T12:18:18.9469315Z   Native Overlay Diff: false
2026-07-24T12:18:18.9469550Z   userxattr: false
2026-07-24T12:18:18.9469767Z  Logging Driver: json-file
2026-07-24T12:18:18.9469991Z  Cgroup Driver: systemd
2026-07-24T12:18:18.9470199Z  Cgroup Version: 2
2026-07-24T12:18:18.9470390Z  Plugins:
2026-07-24T12:18:18.9470564Z   Volume: local
2026-07-24T12:18:18.9470949Z   Network: bridge host ipvlan macvlan null overlay
2026-07-24T12:18:18.9471348Z   Log: awslogs fluentd gcplogs gelf journald json-file local splunk syslog
2026-07-24T12:18:18.9471710Z  Swarm: inactive
2026-07-24T12:18:18.9471932Z  Runtimes: io.containerd.runc.v2 runc
2026-07-24T12:18:18.9472186Z  Default Runtime: runc
2026-07-24T12:18:18.9472395Z  Init Binary: docker-init
2026-07-24T12:18:18.9472679Z  containerd version: 11ce9d5f3c68c941867e82890e93e815c1304f1b
2026-07-24T12:18:18.9473001Z  runc version: v1.3.6-0-g491b69ba
2026-07-24T12:18:18.9473236Z  init version: de40ad0
2026-07-24T12:18:18.9473438Z  Security Options:
2026-07-24T12:18:18.9473621Z   apparmor
2026-07-24T12:18:18.9473786Z   seccomp
2026-07-24T12:18:18.9473956Z    Profile: builtin
2026-07-24T12:18:18.9474138Z   cgroupns
2026-07-24T12:18:18.9474316Z  Kernel Version: 6.17.0-1020-azure
2026-07-24T12:18:18.9475060Z  Operating System: Ubuntu 24.04.4 LTS
2026-07-24T12:18:18.9475485Z  OSType: linux
2026-07-24T12:18:18.9475738Z  Architecture: x86_64
2026-07-24T12:18:18.9475935Z  CPUs: 4
2026-07-24T12:18:18.9476108Z  Total Memory: 15.62GiB
2026-07-24T12:18:18.9476312Z  Name: runnervmvrwv9
2026-07-24T12:18:18.9476534Z  ID: dce1e4a9-fc26-4218-aaf0-feee5194c8cb
2026-07-24T12:18:18.9476804Z  Docker Root Dir: /var/lib/docker
2026-07-24T12:18:18.9477037Z  Debug Mode: false
2026-07-24T12:18:18.9477235Z  Username: githubactions
2026-07-24T12:18:18.9477450Z  Experimental: false
2026-07-24T12:18:18.9477649Z  Insecure Registries:
2026-07-24T12:18:18.9477898Z   ::1/128
2026-07-24T12:18:18.9478063Z   127.0.0.0/8
2026-07-24T12:18:18.9478252Z  Live Restore Enabled: false
2026-07-24T12:18:18.9478396Z 
2026-07-24T12:18:18.9478697Z ##[endgroup]
2026-07-24T12:18:18.9479051Z ##[group]Proxy configuration
2026-07-24T12:18:18.9479287Z No proxy configuration found
2026-07-24T12:18:18.9479633Z ##[endgroup]
2026-07-24T12:18:19.0061222Z ##[group]Buildx version
2026-07-24T12:18:19.0084062Z [command]/usr/bin/docker buildx version
2026-07-24T12:18:19.0557354Z github.com/docker/buildx v0.35.0 a319e5b15052cf6557ceb666eb8ff6e32380b782
2026-07-24T12:18:19.0591229Z ##[endgroup]
2026-07-24T12:18:19.0591831Z ##[group]Builder info
2026-07-24T12:18:19.1476189Z {
2026-07-24T12:18:19.1476580Z   "nodes": [
2026-07-24T12:18:19.1476927Z     {
2026-07-24T12:18:19.1477390Z       "name": "builder-d7ee5b33-18b5-4cf4-ba60-3efb289b95150",
2026-07-24T12:18:19.1478038Z       "endpoint": "unix:///var/run/docker.sock",
2026-07-24T12:18:19.1478511Z       "status": "running",
2026-07-24T12:18:19.1479433Z       "buildkitd-flags": "--allow-insecure-entitlement security.insecure --allow-insecure-entitlement network.host",
2026-07-24T12:18:19.1480451Z       "buildkit": "v0.31.2",
2026-07-24T12:18:19.1481028Z       "platforms": "linux/amd64,linux/amd64/v2,linux/amd64/v3,linux/386",
2026-07-24T12:18:19.1481662Z       "features": {
2026-07-24T12:18:19.1482219Z         "Automatically load images to the Docker Engine image store": true,
2026-07-24T12:18:19.1482959Z         "Cache export": true,
2026-07-24T12:18:19.1483413Z         "Direct push": true,
2026-07-24T12:18:19.1483887Z         "Docker exporter": true,
2026-07-24T12:18:19.1484344Z         "Multi-platform build": true,
2026-07-24T12:18:19.1485131Z         "OCI exporter": true
2026-07-24T12:18:19.1485562Z       },
2026-07-24T12:18:19.1485868Z       "labels": {
2026-07-24T12:18:19.1486332Z         "org.mobyproject.buildkit.worker.executor": "oci",
2026-07-24T12:18:19.1487142Z         "org.mobyproject.buildkit.worker.hostname": "84f906db2813",
2026-07-24T12:18:19.1488218Z         "org.mobyproject.buildkit.worker.network": "host",
2026-07-24T12:18:19.1489031Z         "org.mobyproject.buildkit.worker.oci.process-mode": "sandbox",
2026-07-24T12:18:19.1489864Z         "org.mobyproject.buildkit.worker.selinux.enabled": "false",
2026-07-24T12:18:19.1490696Z         "org.mobyproject.buildkit.worker.snapshotter": "overlayfs"
2026-07-24T12:18:19.1491342Z       },
2026-07-24T12:18:19.1491694Z       "gcPolicy": [
2026-07-24T12:18:19.1492342Z         {
2026-07-24T12:18:19.1492655Z           "all": false,
2026-07-24T12:18:19.1493030Z           "filter": [
2026-07-24T12:18:19.1493608Z             "type==source.local type==exec.cachemount type==source.git.checkout"
2026-07-24T12:18:19.1494322Z           ],
2026-07-24T12:18:19.1495002Z           "keepDuration": "48h0m0s",
2026-07-24T12:18:19.1495497Z           "maxUsedSpace": "488.3MiB"
2026-07-24T12:18:19.1495933Z         },
2026-07-24T12:18:19.1496231Z         {
2026-07-24T12:18:19.1496559Z           "all": false,
2026-07-24T12:18:19.1496992Z           "keepDuration": "1440h0m0s",
2026-07-24T12:18:19.1497449Z           "reservedSpace": "9.313GiB",
2026-07-24T12:18:19.1497921Z           "maxUsedSpace": "93.13GiB",
2026-07-24T12:18:19.1498388Z           "minFreeSpace": "27.01GiB"
2026-07-24T12:18:19.1498814Z         },
2026-07-24T12:18:19.1499136Z         {
2026-07-24T12:18:19.1499484Z           "all": false,
2026-07-24T12:18:19.1499904Z           "reservedSpace": "9.313GiB",
2026-07-24T12:18:19.1500390Z           "maxUsedSpace": "93.13GiB",
2026-07-24T12:18:19.1500835Z           "minFreeSpace": "27.01GiB"
2026-07-24T12:18:19.1501257Z         },
2026-07-24T12:18:19.1501550Z         {
2026-07-24T12:18:19.1501844Z           "all": true,
2026-07-24T12:18:19.1502227Z           "reservedSpace": "9.313GiB",
2026-07-24T12:18:19.1502728Z           "maxUsedSpace": "93.13GiB",
2026-07-24T12:18:19.1503220Z           "minFreeSpace": "27.01GiB"
2026-07-24T12:18:19.1503642Z         }
2026-07-24T12:18:19.1503944Z       ]
2026-07-24T12:18:19.1504253Z     }
2026-07-24T12:18:19.1504875Z   ],
2026-07-24T12:18:19.1505330Z   "name": "builder-d7ee5b33-18b5-4cf4-ba60-3efb289b9515",
2026-07-24T12:18:19.1505969Z   "driver": "docker-container",
2026-07-24T12:18:19.1506443Z   "lastActivity": "2026-07-24T12:18:12.000Z"
2026-07-24T12:18:19.1506906Z }
2026-07-24T12:18:19.1507590Z ##[endgroup]
2026-07-24T12:18:19.3056286Z [command]/usr/bin/docker buildx build --cache-from type=gha --cache-to type=gha,mode=max --file ./Dockerfile --iidfile /home/runner/work/_temp/docker-actions-toolkit-riPnYu/build-iidfile-33f2bc71cd.txt --label org.opencontainers.image.created=2026-07-24T12:18:18.532Z --label org.opencontainers.image.description= --label org.opencontainers.image.licenses= --label org.opencontainers.image.revision=374f865d9d38820f5cad275fa9cd55a64196b54a --label org.opencontainers.image.source=https://github.com/pkinerd/ednsv --label org.opencontainers.image.title=ednsv --label org.opencontainers.image.url=https://github.com/pkinerd/ednsv --label org.opencontainers.image.version=branch-main --attest type=provenance,mode=max,builder-id=https://github.com/pkinerd/ednsv/actions/runs/30092538580/attempts/1 --tag ghcr.io/pkinerd/ednsv:branch-main --tag ghcr.io/pkinerd/ednsv:latest --tag ghcr.io/pkinerd/ednsv:latest-any --tag ghcr.io/pkinerd/ednsv:sha-374f865 --metadata-file /home/runner/work/_temp/docker-actions-toolkit-riPnYu/build-metadata-435b0917d4.json --push .
2026-07-24T12:18:19.5335150Z #0 building with "builder-d7ee5b33-18b5-4cf4-ba60-3efb289b9515" instance using docker-container driver
2026-07-24T12:18:19.5335935Z 
2026-07-24T12:18:19.5336100Z #1 [internal] load build definition from Dockerfile
2026-07-24T12:18:19.5336432Z #1 transferring dockerfile: 827B done
2026-07-24T12:18:19.5336688Z #1 DONE 0.0s
2026-07-24T12:18:19.5336798Z 
2026-07-24T12:18:19.5336973Z #2 [auth] docker/dockerfile:pull token for registry-1.docker.io
2026-07-24T12:18:19.6840459Z #2 DONE 0.0s
2026-07-24T12:18:19.6840672Z 
2026-07-24T12:18:19.6841688Z #3 resolve image config for docker-image://docker.io/docker/dockerfile:1.7
2026-07-24T12:18:19.9051485Z #3 DONE 0.5s
2026-07-24T12:18:20.0123549Z 
2026-07-24T12:18:20.0126629Z #4 docker-image://docker.io/docker/dockerfile:1.7@sha256:a57df69d0ea827fb7266491f2813635de6f17269be881f696fbfdf2d83dda33e
2026-07-24T12:18:20.0128548Z #4 resolve docker.io/docker/dockerfile:1.7@sha256:a57df69d0ea827fb7266491f2813635de6f17269be881f696fbfdf2d83dda33e done
2026-07-24T12:18:20.0130055Z #4 sha256:96918c57e42509b97f10c074d80672ecdbd3bb7dcd38c1bd95960cf291207416 11.98MB / 11.98MB 0.1s done
2026-07-24T12:18:20.1672406Z #4 extracting sha256:96918c57e42509b97f10c074d80672ecdbd3bb7dcd38c1bd95960cf291207416 0.1s done
2026-07-24T12:18:20.1676114Z #4 DONE 0.2s
2026-07-24T12:18:20.1676468Z 
2026-07-24T12:18:20.1676806Z #5 [internal] load metadata for mcr.microsoft.com/dotnet/sdk:8.0
2026-07-24T12:18:20.3086043Z #5 DONE 0.1s
2026-07-24T12:18:20.3086667Z 
2026-07-24T12:18:20.3087034Z #6 [internal] load metadata for mcr.microsoft.com/dotnet/aspnet:8.0
2026-07-24T12:18:20.5017999Z #6 DONE 0.1s
2026-07-24T12:18:20.5018306Z 
2026-07-24T12:18:20.5018478Z #7 [internal] load .dockerignore
2026-07-24T12:18:20.5018945Z #7 transferring context: 249B done
2026-07-24T12:18:20.5019347Z #7 DONE 0.0s
2026-07-24T12:18:20.5019538Z 
2026-07-24T12:18:20.5019710Z #8 [internal] load build context
2026-07-24T12:18:20.5020629Z #8 DONE 0.0s
2026-07-24T12:18:20.5020851Z 
2026-07-24T12:18:20.5021479Z #9 [build 1/8] FROM mcr.microsoft.com/dotnet/sdk:8.0@sha256:89ce6291bde9acdf59594e79fb8277c6d84c46e4b1f5bf126a4f18766e4bd597
2026-07-24T12:18:20.5023007Z #9 resolve mcr.microsoft.com/dotnet/sdk:8.0@sha256:89ce6291bde9acdf59594e79fb8277c6d84c46e4b1f5bf126a4f18766e4bd597 done
2026-07-24T12:18:20.5024001Z #9 DONE 0.0s
2026-07-24T12:18:20.5024189Z 
2026-07-24T12:18:20.5025141Z #10 [runtime 1/3] FROM mcr.microsoft.com/dotnet/aspnet:8.0@sha256:9822a6201c64c9f38b8a190832a7ae21cd30150d509b3ea170fd83b4f4e6166a
2026-07-24T12:18:20.5026558Z #10 resolve mcr.microsoft.com/dotnet/aspnet:8.0@sha256:9822a6201c64c9f38b8a190832a7ae21cd30150d509b3ea170fd83b4f4e6166a done
2026-07-24T12:18:20.5027159Z #10 DONE 0.0s
2026-07-24T12:18:20.5027276Z 
2026-07-24T12:18:20.5027430Z #11 importing cache manifest from gha:50926326041612495
2026-07-24T12:18:20.5908983Z #11 DONE 0.2s
2026-07-24T12:18:20.7683718Z 
2026-07-24T12:18:20.7684174Z #8 [internal] load build context
2026-07-24T12:18:20.7684899Z #8 transferring context: 771.01kB 0.0s done
2026-07-24T12:18:20.7685335Z #8 DONE 0.0s
2026-07-24T12:18:20.7685516Z 
2026-07-24T12:18:20.7685728Z #12 [build 2/8] WORKDIR /src
2026-07-24T12:18:20.7686150Z #12 CACHED
2026-07-24T12:18:20.7686354Z 
2026-07-24T12:18:20.7686573Z #13 [build 3/8] COPY src/Ednsv.Core/Ednsv.Core.csproj src/Ednsv.Core/
2026-07-24T12:18:20.7687094Z #13 CACHED
2026-07-24T12:18:20.7687304Z 
2026-07-24T12:18:20.7687628Z #14 [build 4/8] COPY src/Ednsv.Web/Ednsv.Web.csproj src/Ednsv.Web/
2026-07-24T12:18:20.7688258Z #14 CACHED
2026-07-24T12:18:20.7688447Z 
2026-07-24T12:18:20.7688755Z #15 [build 5/8] RUN dotnet restore src/Ednsv.Web/Ednsv.Web.csproj
2026-07-24T12:18:20.7897857Z #15 CACHED
2026-07-24T12:18:20.8909160Z 
2026-07-24T12:18:20.8911417Z #15 [build 5/8] RUN dotnet restore src/Ednsv.Web/Ednsv.Web.csproj
2026-07-24T12:18:20.8912880Z #15 sha256:527e962643720863df9b6d7e1029f629eb5f4ae8ec95166afd6bb178bbbbe997 93B / 93B 0.1s done
2026-07-24T12:18:21.0413989Z #15 sha256:449620e395f6769256b743503881a99af3fef25e6bf839aeb663f6bf2dba9836 456B / 456B 0.1s done
2026-07-24T12:18:21.0416122Z #15 sha256:e3c2748f070c91d715f41b7c7aa3b09fb38a8bcc095dc1f88a81ccf3cd0f9083 413B / 413B 0.1s done
2026-07-24T12:18:21.0417520Z #15 sha256:669b654f76f36f76f7e9ee1d5a81a55def35a6aab072f561e6417db52da31b7a 2.69kB / 2.69kB 0.0s done
2026-07-24T12:18:21.0418883Z #15 sha256:6468383b7a5078c1165002a32b9e318ff5827b6eb996968ac405d9b0b5b7af6f 0B / 64.63MB 0.2s
2026-07-24T12:18:21.0420156Z #15 sha256:4a1adfe703f2293ec5cde3dd610e571357be78d64c0d3de84e96ca94d8439dbf 0B / 17.06MB 0.2s
2026-07-24T12:18:21.1918177Z #15 sha256:f643d834db55faad1eb60e02f90129bbc582d5780c4ab56e4f2c610a7f5b9583 0B / 31.09MB 0.2s
2026-07-24T12:18:21.1919479Z #15 sha256:b0d7d832459327548cd7a8510001f16e317e0620d38b30d75a6ba9c5b1a1482d 0B / 177.89MB 0.2s
2026-07-24T12:18:21.3415244Z #15 sha256:6468383b7a5078c1165002a32b9e318ff5827b6eb996968ac405d9b0b5b7af6f 6.29MB / 64.63MB 0.5s
2026-07-24T12:18:21.3416664Z #15 sha256:4a1adfe703f2293ec5cde3dd610e571357be78d64c0d3de84e96ca94d8439dbf 2.10MB / 17.06MB 0.5s
2026-07-24T12:18:21.4913618Z #15 sha256:6468383b7a5078c1165002a32b9e318ff5827b6eb996968ac405d9b0b5b7af6f 16.78MB / 64.63MB 0.6s
2026-07-24T12:18:21.4916549Z #15 sha256:4a1adfe703f2293ec5cde3dd610e571357be78d64c0d3de84e96ca94d8439dbf 6.29MB / 17.06MB 0.6s
2026-07-24T12:18:21.4917816Z #15 sha256:f643d834db55faad1eb60e02f90129bbc582d5780c4ab56e4f2c610a7f5b9583 2.10MB / 31.09MB 0.5s
2026-07-24T12:18:21.6423351Z #15 sha256:6468383b7a5078c1165002a32b9e318ff5827b6eb996968ac405d9b0b5b7af6f 22.02MB / 64.63MB 0.8s
2026-07-24T12:18:21.6424865Z #15 sha256:4a1adfe703f2293ec5cde3dd610e571357be78d64c0d3de84e96ca94d8439dbf 15.73MB / 17.06MB 0.8s
2026-07-24T12:18:21.6427287Z #15 sha256:f643d834db55faad1eb60e02f90129bbc582d5780c4ab56e4f2c610a7f5b9583 7.34MB / 31.09MB 0.6s
2026-07-24T12:18:21.7979744Z #15 sha256:6468383b7a5078c1165002a32b9e318ff5827b6eb996968ac405d9b0b5b7af6f 33.55MB / 64.63MB 0.9s
2026-07-24T12:18:21.7982702Z #15 sha256:4a1adfe703f2293ec5cde3dd610e571357be78d64c0d3de84e96ca94d8439dbf 17.06MB / 17.06MB 0.8s done
2026-07-24T12:18:21.7983925Z #15 sha256:f643d834db55faad1eb60e02f90129bbc582d5780c4ab56e4f2c610a7f5b9583 26.21MB / 31.09MB 0.9s
2026-07-24T12:18:21.7989368Z #15 sha256:b0d7d832459327548cd7a8510001f16e317e0620d38b30d75a6ba9c5b1a1482d 10.49MB / 177.89MB 0.8s
2026-07-24T12:18:21.9472713Z #15 sha256:6468383b7a5078c1165002a32b9e318ff5827b6eb996968ac405d9b0b5b7af6f 45.09MB / 64.63MB 1.1s
2026-07-24T12:18:21.9474037Z #15 sha256:e1832c1b48a6042dc2be559908683ef9dae2586a8d8e47c9c9fbc48c6aa03c2e 0B / 11.10MB 0.2s
2026-07-24T12:18:22.0973920Z #15 sha256:6468383b7a5078c1165002a32b9e318ff5827b6eb996968ac405d9b0b5b7af6f 58.72MB / 64.63MB 1.2s
2026-07-24T12:18:22.0975382Z #15 sha256:f643d834db55faad1eb60e02f90129bbc582d5780c4ab56e4f2c610a7f5b9583 31.09MB / 31.09MB 1.2s
2026-07-24T12:18:22.0976579Z #15 sha256:e1832c1b48a6042dc2be559908683ef9dae2586a8d8e47c9c9fbc48c6aa03c2e 1.05MB / 11.10MB 0.3s
2026-07-24T12:18:22.2383944Z #15 sha256:6468383b7a5078c1165002a32b9e318ff5827b6eb996968ac405d9b0b5b7af6f 64.63MB / 64.63MB 1.3s done
2026-07-24T12:18:22.2385783Z #15 sha256:f643d834db55faad1eb60e02f90129bbc582d5780c4ab56e4f2c610a7f5b9583 31.09MB / 31.09MB 1.2s done
2026-07-24T12:18:22.2387305Z #15 sha256:b0d7d832459327548cd7a8510001f16e317e0620d38b30d75a6ba9c5b1a1482d 23.07MB / 177.89MB 1.2s
2026-07-24T12:18:22.2389737Z #15 sha256:e1832c1b48a6042dc2be559908683ef9dae2586a8d8e47c9c9fbc48c6aa03c2e 11.10MB / 11.10MB 0.6s done
2026-07-24T12:18:22.2390724Z #15 sha256:0e5539ed2775bdbdae40e349b882518e23f72473c3c0ee9b36fbe3b48430ff6d 164B / 164B 0.1s done
2026-07-24T12:18:22.3895966Z #15 sha256:33ab927dd0b40e0e12b1c744ea555a3d4bd3d5134535dfbda2d86ee99a868ea0 3.33kB / 3.33kB 0.1s done
2026-07-24T12:18:22.3897369Z #15 sha256:369e46e487316155d09f898ec50c02180d49f7ac3f9a3f6069b0d21d80557714 0B / 32.26MB 0.2s
2026-07-24T12:18:22.3898401Z #15 sha256:5cc52b0eabac9e33649ff857181545e129e3763895cd0c30a82ef5a4f532659f 4.19MB / 18.74MB 0.2s
2026-07-24T12:18:22.5390002Z #15 sha256:369e46e487316155d09f898ec50c02180d49f7ac3f9a3f6069b0d21d80557714 2.10MB / 32.26MB 0.3s
2026-07-24T12:18:22.5391336Z #15 sha256:5cc52b0eabac9e33649ff857181545e129e3763895cd0c30a82ef5a4f532659f 12.58MB / 18.74MB 0.3s
2026-07-24T12:18:22.5392656Z #15 sha256:68629629b516c3cd6f5e71ffbe18e32afb1ae5b4926c92d058c0f11ef1fd58a3 5.24MB / 28.24MB 0.2s
2026-07-24T12:18:22.7035566Z #15 sha256:b0d7d832459327548cd7a8510001f16e317e0620d38b30d75a6ba9c5b1a1482d 34.60MB / 177.89MB 1.7s
2026-07-24T12:18:22.7037156Z #15 sha256:369e46e487316155d09f898ec50c02180d49f7ac3f9a3f6069b0d21d80557714 9.44MB / 32.26MB 0.5s
2026-07-24T12:18:22.7038301Z #15 sha256:5cc52b0eabac9e33649ff857181545e129e3763895cd0c30a82ef5a4f532659f 18.74MB / 18.74MB 0.4s done
2026-07-24T12:18:22.7039145Z #15 sha256:68629629b516c3cd6f5e71ffbe18e32afb1ae5b4926c92d058c0f11ef1fd58a3 8.39MB / 28.24MB 0.5s
2026-07-24T12:18:22.8535593Z #15 sha256:369e46e487316155d09f898ec50c02180d49f7ac3f9a3f6069b0d21d80557714 20.97MB / 32.26MB 0.6s
2026-07-24T12:18:22.8536714Z #15 sha256:68629629b516c3cd6f5e71ffbe18e32afb1ae5b4926c92d058c0f11ef1fd58a3 13.63MB / 28.24MB 0.6s
2026-07-24T12:18:23.0039034Z #15 sha256:68629629b516c3cd6f5e71ffbe18e32afb1ae5b4926c92d058c0f11ef1fd58a3 22.02MB / 28.24MB 0.8s
2026-07-24T12:18:23.1699628Z #15 sha256:369e46e487316155d09f898ec50c02180d49f7ac3f9a3f6069b0d21d80557714 26.21MB / 32.26MB 1.1s
2026-07-24T12:18:23.1702095Z #15 sha256:68629629b516c3cd6f5e71ffbe18e32afb1ae5b4926c92d058c0f11ef1fd58a3 28.24MB / 28.24MB 0.8s done
2026-07-24T12:18:23.1704987Z #15 extracting sha256:68629629b516c3cd6f5e71ffbe18e32afb1ae5b4926c92d058c0f11ef1fd58a3
2026-07-24T12:18:23.3229503Z #15 sha256:369e46e487316155d09f898ec50c02180d49f7ac3f9a3f6069b0d21d80557714 32.26MB / 32.26MB 1.1s done
2026-07-24T12:18:23.7727636Z #15 sha256:b0d7d832459327548cd7a8510001f16e317e0620d38b30d75a6ba9c5b1a1482d 45.09MB / 177.89MB 2.9s
2026-07-24T12:18:23.9237708Z #15 extracting sha256:68629629b516c3cd6f5e71ffbe18e32afb1ae5b4926c92d058c0f11ef1fd58a3 0.7s done
2026-07-24T12:18:23.9239274Z #15 extracting sha256:5cc52b0eabac9e33649ff857181545e129e3763895cd0c30a82ef5a4f532659f
2026-07-24T12:18:24.2231823Z #15 sha256:b0d7d832459327548cd7a8510001f16e317e0620d38b30d75a6ba9c5b1a1482d 56.62MB / 177.89MB 3.3s
2026-07-24T12:18:24.2233474Z #15 extracting sha256:5cc52b0eabac9e33649ff857181545e129e3763895cd0c30a82ef5a4f532659f 0.2s done
2026-07-24T12:18:24.2235126Z #15 extracting sha256:33ab927dd0b40e0e12b1c744ea555a3d4bd3d5134535dfbda2d86ee99a868ea0 done
2026-07-24T12:18:24.2236354Z #15 extracting sha256:369e46e487316155d09f898ec50c02180d49f7ac3f9a3f6069b0d21d80557714
2026-07-24T12:18:24.5229985Z #15 extracting sha256:369e46e487316155d09f898ec50c02180d49f7ac3f9a3f6069b0d21d80557714 0.3s done
2026-07-24T12:18:24.5231483Z #15 extracting sha256:0e5539ed2775bdbdae40e349b882518e23f72473c3c0ee9b36fbe3b48430ff6d done
2026-07-24T12:18:24.5233423Z #15 extracting sha256:e1832c1b48a6042dc2be559908683ef9dae2586a8d8e47c9c9fbc48c6aa03c2e
2026-07-24T12:18:24.6729205Z #15 sha256:b0d7d832459327548cd7a8510001f16e317e0620d38b30d75a6ba9c5b1a1482d 69.21MB / 177.89MB 3.8s
2026-07-24T12:18:24.6730650Z #15 extracting sha256:e1832c1b48a6042dc2be559908683ef9dae2586a8d8e47c9c9fbc48c6aa03c2e 0.1s done
2026-07-24T12:18:24.6731616Z #15 extracting sha256:f643d834db55faad1eb60e02f90129bbc582d5780c4ab56e4f2c610a7f5b9583
2026-07-24T12:18:25.1227419Z #15 sha256:b0d7d832459327548cd7a8510001f16e317e0620d38b30d75a6ba9c5b1a1482d 81.79MB / 177.89MB 4.2s
2026-07-24T12:18:25.2733754Z #15 extracting sha256:f643d834db55faad1eb60e02f90129bbc582d5780c4ab56e4f2c610a7f5b9583 0.7s done
2026-07-24T12:18:25.7232973Z #15 sha256:b0d7d832459327548cd7a8510001f16e317e0620d38b30d75a6ba9c5b1a1482d 92.27MB / 177.89MB 4.8s
2026-07-24T12:18:26.0237173Z #15 sha256:b0d7d832459327548cd7a8510001f16e317e0620d38b30d75a6ba9c5b1a1482d 102.76MB / 177.89MB 5.1s
2026-07-24T12:18:26.3237173Z #15 sha256:b0d7d832459327548cd7a8510001f16e317e0620d38b30d75a6ba9c5b1a1482d 112.20MB / 177.89MB 5.4s
2026-07-24T12:18:26.7729696Z #15 sha256:b0d7d832459327548cd7a8510001f16e317e0620d38b30d75a6ba9c5b1a1482d 123.73MB / 177.89MB 5.9s
2026-07-24T12:18:27.0730935Z #15 sha256:b0d7d832459327548cd7a8510001f16e317e0620d38b30d75a6ba9c5b1a1482d 133.17MB / 177.89MB 6.2s
2026-07-24T12:18:27.3741014Z #15 sha256:b0d7d832459327548cd7a8510001f16e317e0620d38b30d75a6ba9c5b1a1482d 142.61MB / 177.89MB 6.5s
2026-07-24T12:18:27.8229624Z #15 sha256:b0d7d832459327548cd7a8510001f16e317e0620d38b30d75a6ba9c5b1a1482d 154.14MB / 177.89MB 6.9s
2026-07-24T12:18:28.1230402Z #15 sha256:b0d7d832459327548cd7a8510001f16e317e0620d38b30d75a6ba9c5b1a1482d 164.63MB / 177.89MB 7.2s
2026-07-24T12:18:28.4229786Z #15 sha256:b0d7d832459327548cd7a8510001f16e317e0620d38b30d75a6ba9c5b1a1482d 174.06MB / 177.89MB 7.5s
2026-07-24T12:18:28.8772038Z #15 sha256:b0d7d832459327548cd7a8510001f16e317e0620d38b30d75a6ba9c5b1a1482d 177.89MB / 177.89MB 7.8s done
2026-07-24T12:18:28.8773889Z #15 extracting sha256:b0d7d832459327548cd7a8510001f16e317e0620d38b30d75a6ba9c5b1a1482d
2026-07-24T12:18:31.2038706Z #15 extracting sha256:b0d7d832459327548cd7a8510001f16e317e0620d38b30d75a6ba9c5b1a1482d 2.5s done
2026-07-24T12:18:31.2039609Z #15 DONE 10.6s
2026-07-24T12:18:31.3624360Z 
2026-07-24T12:18:31.3625328Z #15 [build 5/8] RUN dotnet restore src/Ednsv.Web/Ednsv.Web.csproj
2026-07-24T12:18:31.3626196Z #15 extracting sha256:669b654f76f36f76f7e9ee1d5a81a55def35a6aab072f561e6417db52da31b7a done
2026-07-24T12:18:31.3627659Z #15 extracting sha256:4a1adfe703f2293ec5cde3dd610e571357be78d64c0d3de84e96ca94d8439dbf
2026-07-24T12:18:31.4681679Z #15 extracting sha256:4a1adfe703f2293ec5cde3dd610e571357be78d64c0d3de84e96ca94d8439dbf 0.3s done
2026-07-24T12:18:31.4682381Z #15 DONE 10.8s
2026-07-24T12:18:31.6341820Z 
2026-07-24T12:18:31.6342801Z #15 [build 5/8] RUN dotnet restore src/Ednsv.Web/Ednsv.Web.csproj
2026-07-24T12:18:31.6343803Z #15 extracting sha256:527e962643720863df9b6d7e1029f629eb5f4ae8ec95166afd6bb178bbbbe997 done
2026-07-24T12:18:31.6345181Z #15 extracting sha256:e3c2748f070c91d715f41b7c7aa3b09fb38a8bcc095dc1f88a81ccf3cd0f9083 done
2026-07-24T12:18:31.6346269Z #15 extracting sha256:449620e395f6769256b743503881a99af3fef25e6bf839aeb663f6bf2dba9836 done
2026-07-24T12:18:31.6347632Z #15 extracting sha256:6468383b7a5078c1165002a32b9e318ff5827b6eb996968ac405d9b0b5b7af6f
2026-07-24T12:18:32.1048429Z #15 extracting sha256:6468383b7a5078c1165002a32b9e318ff5827b6eb996968ac405d9b0b5b7af6f 0.6s done
2026-07-24T12:18:32.1049075Z #15 DONE 11.5s
2026-07-24T12:18:32.2562004Z 
2026-07-24T12:18:32.2562576Z #16 [build 6/8] COPY src/Ednsv.Core/ src/Ednsv.Core/
2026-07-24T12:18:34.2776033Z #16 DONE 2.2s
2026-07-24T12:18:34.4423014Z 
2026-07-24T12:18:34.4423519Z #17 [build 7/8] COPY src/Ednsv.Web/ src/Ednsv.Web/
2026-07-24T12:18:34.4423894Z #17 DONE 0.0s
2026-07-24T12:18:34.4424045Z 
2026-07-24T12:18:34.4424930Z #18 [build 8/8] RUN dotnet publish src/Ednsv.Web/Ednsv.Web.csproj         --configuration Release         --no-restore         --output /app/publish         /p:UseAppHost=false
2026-07-24T12:18:39.2960861Z #18 5.004   Ednsv.Core -> /src/src/Ednsv.Core/bin/Release/net8.0/Ednsv.Core.dll
2026-07-24T12:18:41.3565290Z #18 7.064   Ednsv.Web -> /src/src/Ednsv.Web/bin/Release/net8.0/Ednsv.Web.dll
2026-07-24T12:18:41.5126005Z #18 7.137   Ednsv.Web -> /app/publish/
2026-07-24T12:18:41.5126517Z #18 DONE 7.2s
2026-07-24T12:18:41.6673296Z 
2026-07-24T12:18:41.6674648Z #19 [runtime 2/3] WORKDIR /app
2026-07-24T12:18:41.6675742Z #19 sha256:bdfb1b7be15f0038506cb2710b7f14f953d0fe0b5f6f7b8d1d91b1f840367f0b 93B / 93B 0.1s done
2026-07-24T12:18:41.6676812Z #19 DONE 0.1s
2026-07-24T12:18:41.8434564Z 
2026-07-24T12:18:41.8435068Z #19 [runtime 2/3] WORKDIR /app
2026-07-24T12:18:41.8436466Z #19 extracting sha256:bdfb1b7be15f0038506cb2710b7f14f953d0fe0b5f6f7b8d1d91b1f840367f0b done
2026-07-24T12:18:41.8437240Z #19 DONE 0.2s
2026-07-24T12:18:41.8437424Z 
2026-07-24T12:18:41.8437655Z #20 [runtime 3/3] COPY --from=build /app/publish ./
2026-07-24T12:18:41.8438136Z #20 DONE 0.0s
2026-07-24T12:18:41.8438313Z 
2026-07-24T12:18:41.8438439Z #21 exporting to image
2026-07-24T12:18:41.8438770Z #21 exporting layers
2026-07-24T12:18:41.8911260Z #21 exporting layers 0.2s done
2026-07-24T12:18:42.1317769Z #21 ...
2026-07-24T12:18:42.1318019Z 
2026-07-24T12:18:42.1318270Z #22 [auth] pkinerd/ednsv:pull,push token for ghcr.io
2026-07-24T12:18:42.1318822Z #22 DONE 0.0s
2026-07-24T12:18:42.1319005Z 
2026-07-24T12:18:42.1319139Z #21 exporting to image
2026-07-24T12:18:42.1319868Z #21 exporting manifest sha256:9c7fded0d1338c68aff61919d7569b79e770e4fb92e6b36053fbf1bd1c4546d1 done
2026-07-24T12:18:42.1321013Z #21 exporting config sha256:eb64f4da0607a255a44a213c3710dd2855bb74afe50ec31b2a3fb64f0ff939bd done
2026-07-24T12:18:42.1322550Z #21 exporting attestation manifest sha256:fe439f20589c019d1ad0cb3cb878ecd0166bcc33732cfad7f370d6cae94aa10c done
2026-07-24T12:18:42.1323846Z #21 exporting manifest list sha256:28bf1ea6a916a96c2f500e7fe73375b8ec8fdfb69dbc43c583e3d317c78d49fa done
2026-07-24T12:18:42.1324961Z #21 pushing layers
2026-07-24T12:18:43.5620947Z #21 pushing layers 1.6s done
2026-07-24T12:18:43.5621800Z #21 pushing manifest for ghcr.io/pkinerd/ednsv:branch-main@sha256:28bf1ea6a916a96c2f500e7fe73375b8ec8fdfb69dbc43c583e3d317c78d49fa
2026-07-24T12:18:44.9005853Z #21 pushing manifest for ghcr.io/pkinerd/ednsv:branch-main@sha256:28bf1ea6a916a96c2f500e7fe73375b8ec8fdfb69dbc43c583e3d317c78d49fa 1.3s done
2026-07-24T12:18:45.0317177Z #21 ...
2026-07-24T12:18:45.0317704Z 
2026-07-24T12:18:45.0317927Z #23 exporting to GitHub Actions Cache
2026-07-24T12:18:45.0318491Z #23 preparing build cache for export 0.5s done
2026-07-24T12:18:45.0318906Z #23 sending cache export 2.6s done
2026-07-24T12:18:45.0319504Z #23 writing layer sha256:090426c60ed0e62e003eafabdb455f7e83bac1b677416fc582738970deab0045 0.6s done
2026-07-24T12:18:45.0320468Z #23 writing layer sha256:2c3524a87fba4f6a03f4e1422eb2760380e70a78939f07b0489113bebe99f9ec 0.2s done
2026-07-24T12:18:45.0321324Z #23 writing layer sha256:81cc5e3d780bafbcead0f7bc9e4508055081d76e22072d43a6e6b51e1c653e92 0.5s done
2026-07-24T12:18:45.0322057Z #23 writing layer sha256:a74080bdd8e002fa2bf34432d486343cc2c726226052450c0f03dbb06b51e99e 0.2s done
2026-07-24T12:18:45.0322672Z #23 DONE 3.1s
2026-07-24T12:18:45.0322792Z 
2026-07-24T12:18:45.0322891Z #21 exporting to image
2026-07-24T12:18:45.1920384Z #21 pushing layers 0.1s done
2026-07-24T12:18:45.1921275Z #21 pushing manifest for ghcr.io/pkinerd/ednsv:latest@sha256:28bf1ea6a916a96c2f500e7fe73375b8ec8fdfb69dbc43c583e3d317c78d49fa
2026-07-24T12:18:45.5770741Z #21 pushing manifest for ghcr.io/pkinerd/ednsv:latest@sha256:28bf1ea6a916a96c2f500e7fe73375b8ec8fdfb69dbc43c583e3d317c78d49fa 0.5s done
2026-07-24T12:18:45.6936281Z #21 pushing layers 0.1s done
2026-07-24T12:18:45.6937165Z #21 pushing manifest for ghcr.io/pkinerd/ednsv:latest-any@sha256:28bf1ea6a916a96c2f500e7fe73375b8ec8fdfb69dbc43c583e3d317c78d49fa
2026-07-24T12:18:46.1736548Z #21 pushing manifest for ghcr.io/pkinerd/ednsv:latest-any@sha256:28bf1ea6a916a96c2f500e7fe73375b8ec8fdfb69dbc43c583e3d317c78d49fa 0.5s done
2026-07-24T12:18:46.2853728Z #21 pushing layers 0.1s done
2026-07-24T12:18:46.2854898Z #21 pushing manifest for ghcr.io/pkinerd/ednsv:sha-374f865@sha256:28bf1ea6a916a96c2f500e7fe73375b8ec8fdfb69dbc43c583e3d317c78d49fa
2026-07-24T12:18:46.7896773Z #21 pushing manifest for ghcr.io/pkinerd/ednsv:sha-374f865@sha256:28bf1ea6a916a96c2f500e7fe73375b8ec8fdfb69dbc43c583e3d317c78d49fa 0.5s done
2026-07-24T12:18:46.7898475Z #21 DONE 5.1s
2026-07-24T12:18:46.8190152Z 
2026-07-24T12:18:46.8190963Z #24 resolving provenance for metadata file
2026-07-24T12:18:46.8191399Z #24 DONE 0.0s
2026-07-24T12:18:46.8283700Z ##[group]ImageID
2026-07-24T12:18:46.8284378Z sha256:28bf1ea6a916a96c2f500e7fe73375b8ec8fdfb69dbc43c583e3d317c78d49fa
2026-07-24T12:18:46.8286086Z ##[endgroup]
2026-07-24T12:18:46.8286792Z ##[group]Digest
2026-07-24T12:18:46.8287366Z sha256:28bf1ea6a916a96c2f500e7fe73375b8ec8fdfb69dbc43c583e3d317c78d49fa
2026-07-24T12:18:46.8288458Z ##[endgroup]
2026-07-24T12:18:46.8289069Z ##[group]Metadata
2026-07-24T12:18:46.8289549Z {
2026-07-24T12:18:46.8289892Z   "buildx.build.provenance": {
2026-07-24T12:18:46.8290370Z     "builder": {
2026-07-24T12:18:46.8290978Z       "id": "https://github.com/pkinerd/ednsv/actions/runs/30092538580/attempts/1"
2026-07-24T12:18:46.8291685Z     },
2026-07-24T12:18:46.8292262Z     "buildType": "https://mobyproject.org/buildkit@v1",
2026-07-24T12:18:46.8292874Z     "materials": [
2026-07-24T12:18:46.8293219Z       {
2026-07-24T12:18:46.8293609Z         "uri": "pkg:docker/docker/dockerfile@1.7",
2026-07-24T12:18:46.8294125Z         "digest": {
2026-07-24T12:18:46.8297384Z           "sha256": "a57df69d0ea827fb7266491f2813635de6f17269be881f696fbfdf2d83dda33e"
2026-07-24T12:18:46.8298110Z         }
2026-07-24T12:18:46.8298464Z       },
2026-07-24T12:18:46.8298743Z       {
2026-07-24T12:18:46.8301401Z         "uri": "pkg:docker/mcr.microsoft.com/dotnet/aspnet@8.0?platform=linux%2Famd64",
2026-07-24T12:18:46.8302238Z         "digest": {
2026-07-24T12:18:46.8302844Z           "sha256": "9822a6201c64c9f38b8a190832a7ae21cd30150d509b3ea170fd83b4f4e6166a"
2026-07-24T12:18:46.8303526Z         }
2026-07-24T12:18:46.8303815Z       },
2026-07-24T12:18:46.8304068Z       {
2026-07-24T12:18:46.8304890Z         "uri": "pkg:docker/mcr.microsoft.com/dotnet/sdk@8.0?platform=linux%2Famd64",
2026-07-24T12:18:46.8305802Z         "digest": {
2026-07-24T12:18:46.8306355Z           "sha256": "89ce6291bde9acdf59594e79fb8277c6d84c46e4b1f5bf126a4f18766e4bd597"
2026-07-24T12:18:46.8306974Z         }
2026-07-24T12:18:46.8307244Z       }
2026-07-24T12:18:46.8307557Z     ],
2026-07-24T12:18:46.8307826Z     "invocation": {
2026-07-24T12:18:46.8308146Z       "configSource": {
2026-07-24T12:18:46.8308515Z         "entryPoint": "Dockerfile"
2026-07-24T12:18:46.8308923Z       },
2026-07-24T12:18:46.8309207Z       "parameters": {
2026-07-24T12:18:46.8309549Z         "frontend": "gateway.v0",
2026-07-24T12:18:46.8309919Z         "args": {
2026-07-24T12:18:46.8310239Z           "cmdline": "docker/dockerfile:1.7",
2026-07-24T12:18:46.8310813Z           "label:org.opencontainers.image.created": "2026-07-24T12:18:18.532Z",
2026-07-24T12:18:46.8311540Z           "label:org.opencontainers.image.description": "",
2026-07-24T12:18:46.8312173Z           "label:org.opencontainers.image.licenses": "",
2026-07-24T12:18:46.8312924Z           "label:org.opencontainers.image.revision": "374f865d9d38820f5cad275fa9cd55a64196b54a",
2026-07-24T12:18:46.8313995Z           "label:org.opencontainers.image.source": "https://github.com/pkinerd/ednsv",
2026-07-24T12:18:46.8315020Z           "label:org.opencontainers.image.title": "ednsv",
2026-07-24T12:18:46.8315847Z           "label:org.opencontainers.image.url": "https://github.com/pkinerd/ednsv",
2026-07-24T12:18:46.8316633Z           "label:org.opencontainers.image.version": "branch-main",
2026-07-24T12:18:46.8317261Z           "source": "docker/dockerfile:1.7"
2026-07-24T12:18:46.8317702Z         },
2026-07-24T12:18:46.8318006Z         "locals": [
2026-07-24T12:18:46.8318338Z           {
2026-07-24T12:18:46.8318661Z             "name": "context"
2026-07-24T12:18:46.8319072Z           },
2026-07-24T12:18:46.8319358Z           {
2026-07-24T12:18:46.8319658Z             "name": "dockerfile"
2026-07-24T12:18:46.8320072Z           }
2026-07-24T12:18:46.8320382Z         ],
2026-07-24T12:18:46.8320655Z         "root": {
2026-07-24T12:18:46.8320949Z           "configSource": {
2026-07-24T12:18:46.8321304Z             "path": "Dockerfile"
2026-07-24T12:18:46.8321696Z           },
2026-07-24T12:18:46.8321992Z           "request": {
2026-07-24T12:18:46.8322319Z             "args": {
2026-07-24T12:18:46.8322877Z               "label:org.opencontainers.image.created": "2026-07-24T12:18:18.532Z",
2026-07-24T12:18:46.8323793Z               "label:org.opencontainers.image.description": "",
2026-07-24T12:18:46.8325058Z               "label:org.opencontainers.image.licenses": "",
2026-07-24T12:18:46.8325987Z               "label:org.opencontainers.image.revision": "374f865d9d38820f5cad275fa9cd55a64196b54a",
2026-07-24T12:18:46.8327080Z               "label:org.opencontainers.image.source": "https://github.com/pkinerd/ednsv",
2026-07-24T12:18:46.8327922Z               "label:org.opencontainers.image.title": "ednsv",
2026-07-24T12:18:46.8328720Z               "label:org.opencontainers.image.url": "https://github.com/pkinerd/ednsv",
2026-07-24T12:18:46.8329595Z               "label:org.opencontainers.image.version": "branch-main",
2026-07-24T12:18:46.8330251Z               "vcs:localdir:context": ".",
2026-07-24T12:18:46.8330737Z               "vcs:localdir:dockerfile": ".",
2026-07-24T12:18:46.8331359Z               "vcs:revision": "374f865d9d38820f5cad275fa9cd55a64196b54a",
2026-07-24T12:18:46.8332100Z               "vcs:source": "https://github.com/pkinerd/ednsv"
2026-07-24T12:18:46.8332727Z             }
2026-07-24T12:18:46.8333253Z           }
2026-07-24T12:18:46.8333549Z         },
2026-07-24T12:18:46.8333896Z         "compatibilityVersion": 30
2026-07-24T12:18:46.8334319Z       },
2026-07-24T12:18:46.8334888Z       "environment": {
2026-07-24T12:18:46.8335281Z         "github_actor": "pkinerd",
2026-07-24T12:18:46.8335730Z         "github_actor_id": "169779439",
2026-07-24T12:18:46.8336204Z         "github_event_name": "push",
2026-07-24T12:18:46.8336690Z         "github_event_payload": {
2026-07-24T12:18:46.8337548Z           "after": "374f865d9d38820f5cad275fa9cd55a64196b54a",
2026-07-24T12:18:46.8338088Z           "base_ref": null,
2026-07-24T12:18:46.8338600Z           "before": "8c64a58e8c1b3afb4e8a237ffdc1412d272ed064",
2026-07-24T12:18:46.8339139Z           "commits": [
2026-07-24T12:18:46.8339496Z             {
2026-07-24T12:18:46.8339823Z               "author": {
2026-07-24T12:18:46.8340315Z                 "email": "169779439+pkinerd@users.noreply.github.com",
2026-07-24T12:18:46.8340922Z                 "name": "pkinerd",
2026-07-24T12:18:46.8341365Z                 "username": "pkinerd"
2026-07-24T12:18:46.8341797Z               },
2026-07-24T12:18:46.8342152Z               "committer": {
2026-07-24T12:18:46.8342653Z                 "email": "169779439+pkinerd@users.noreply.github.com",
2026-07-24T12:18:46.8343253Z                 "name": "pkinerd",
2026-07-24T12:18:46.8343686Z                 "username": "pkinerd"
2026-07-24T12:18:46.8344103Z               },
2026-07-24T12:18:46.8344637Z               "distinct": false,
2026-07-24T12:18:46.8345131Z               "id": "4b5773f1118af2a9fa11dc4b28f715171a07cff3",
2026-07-24T12:18:46.8345874Z               "message": "updated to make things that may need to be configurable so",
2026-07-24T12:18:46.8346602Z               "timestamp": "2026-07-24T16:23:22+10:00",
2026-07-24T12:18:46.8347209Z               "tree_id": "da2839a349a50a68cb188916c43991392cdbe196",
2026-07-24T12:18:46.8348098Z               "url": "https://github.com/pkinerd/ednsv/commit/4b5773f1118af2a9fa11dc4b28f715171a07cff3"
2026-07-24T12:18:46.8348879Z             },
2026-07-24T12:18:46.8349200Z             {
2026-07-24T12:18:46.8349538Z               "author": {
2026-07-24T12:18:46.8350030Z                 "email": "169779439+pkinerd@users.noreply.github.com",
2026-07-24T12:18:46.8350631Z                 "name": "pkinerd",
2026-07-24T12:18:46.8351065Z                 "username": "pkinerd"
2026-07-24T12:18:46.8351489Z               },
2026-07-24T12:18:46.8351840Z               "committer": {
2026-07-24T12:18:46.8352375Z                 "email": "169779439+pkinerd@users.noreply.github.com",
2026-07-24T12:18:46.8352945Z                 "name": "pkinerd",
2026-07-24T12:18:46.8353404Z                 "username": "pkinerd"
2026-07-24T12:18:46.8353829Z               },
2026-07-24T12:18:46.8354176Z               "distinct": false,
2026-07-24T12:18:46.8354834Z               "id": "6b9de153eb474d14c74abb44aaf8da769ec45c7d",
2026-07-24T12:18:46.8355631Z               "message": "doc updates, config ui cleanup, config history storage cleanup",
2026-07-24T12:18:46.8356381Z               "timestamp": "2026-07-24T17:10:52+10:00",
2026-07-24T12:18:46.8356988Z               "tree_id": "0262c81405082c8c8dc37567836dbacf50eaa248",
2026-07-24T12:18:46.8357868Z               "url": "https://github.com/pkinerd/ednsv/commit/6b9de153eb474d14c74abb44aaf8da769ec45c7d"
2026-07-24T12:18:46.8358656Z             },
2026-07-24T12:18:46.8358981Z             {
2026-07-24T12:18:46.8359316Z               "author": {
2026-07-24T12:18:46.8359816Z                 "email": "169779439+pkinerd@users.noreply.github.com",
2026-07-24T12:18:46.8360410Z                 "name": "pkinerd",
2026-07-24T12:18:46.8360843Z                 "username": "pkinerd"
2026-07-24T12:18:46.8361262Z               },
2026-07-24T12:18:46.8361633Z               "committer": {
2026-07-24T12:18:46.8362098Z                 "email": "noreply@github.com",
2026-07-24T12:18:46.8362637Z                 "name": "GitHub",
2026-07-24T12:18:46.8363290Z                 "username": "web-flow"
2026-07-24T12:18:46.8363717Z               },
2026-07-24T12:18:46.8364039Z               "distinct": true,
2026-07-24T12:18:46.8364718Z               "id": "374f865d9d38820f5cad275fa9cd55a64196b54a",
2026-07-24T12:18:46.8365921Z               "message": "Merge pull request #25 from pkinerd/claude/external-idp-entra-auth-31ftjw\n\nupdated to make things that may need to be configurable so",
2026-07-24T12:18:46.8367091Z               "timestamp": "2026-07-24T22:17:17+10:00",
2026-07-24T12:18:46.8367993Z               "tree_id": "c19a9d98386a5c3fd945f1b1482cfff41acf24f4",
2026-07-24T12:18:46.8368900Z               "url": "https://github.com/pkinerd/ednsv/commit/374f865d9d38820f5cad275fa9cd55a64196b54a"
2026-07-24T12:18:46.8369679Z             }
2026-07-24T12:18:46.8369971Z           ],
2026-07-24T12:18:46.8370622Z           "compare": "https://github.com/pkinerd/ednsv/compare/8c64a58e8c1b...374f865d9d38",
2026-07-24T12:18:46.8371283Z           "created": false,
2026-07-24T12:18:46.8371644Z           "deleted": false,
2026-07-24T12:18:46.8371982Z           "forced": false,
2026-07-24T12:18:46.8372316Z           "head_commit": {
2026-07-24T12:18:46.8372644Z             "author": {
2026-07-24T12:18:46.8373063Z               "email": "169779439+pkinerd@users.noreply.github.com",
2026-07-24T12:18:46.8373568Z               "name": "pkinerd",
2026-07-24T12:18:46.8373936Z               "username": "pkinerd"
2026-07-24T12:18:46.8374300Z             },
2026-07-24T12:18:46.8374806Z             "committer": {
2026-07-24T12:18:46.8375180Z               "email": "noreply@github.com",
2026-07-24T12:18:46.8375593Z               "name": "GitHub",
2026-07-24T12:18:46.8375949Z               "username": "web-flow"
2026-07-24T12:18:46.8376308Z             },
2026-07-24T12:18:46.8376594Z             "distinct": true,
2026-07-24T12:18:46.8377010Z             "id": "374f865d9d38820f5cad275fa9cd55a64196b54a",
2026-07-24T12:18:46.8378100Z             "message": "Merge pull request #25 from pkinerd/claude/external-idp-entra-auth-31ftjw\n\nupdated to make things that may need to be configurable so",
2026-07-24T12:18:46.8379162Z             "timestamp": "2026-07-24T22:17:17+10:00",
2026-07-24T12:18:46.8379681Z             "tree_id": "c19a9d98386a5c3fd945f1b1482cfff41acf24f4",
2026-07-24T12:18:46.8380444Z             "url": "https://github.com/pkinerd/ednsv/commit/374f865d9d38820f5cad275fa9cd55a64196b54a"
2026-07-24T12:18:46.8381193Z           },
2026-07-24T12:18:46.8381472Z           "pusher": {
2026-07-24T12:18:46.8381875Z             "email": "169779439+pkinerd@users.noreply.github.com",
2026-07-24T12:18:46.8382348Z             "name": "pkinerd"
2026-07-24T12:18:46.8382679Z           },
2026-07-24T12:18:46.8382969Z           "ref": "refs/heads/main",
2026-07-24T12:18:46.8383342Z           "repository": {
2026-07-24T12:18:46.8383695Z             "allow_forking": true,
2026-07-24T12:18:46.8384321Z             "archive_url": "https://api.github.com/repos/pkinerd/ednsv/{archive_format}{/ref}",
2026-07-24T12:18:46.8385191Z             "archived": false,
2026-07-24T12:18:46.8385803Z             "assignees_url": "https://api.github.com/repos/pkinerd/ednsv/assignees{/user}",
2026-07-24T12:18:46.8386604Z             "blobs_url": "https://api.github.com/repos/pkinerd/ednsv/git/blobs{/sha}",
2026-07-24T12:18:46.8387420Z             "branches_url": "https://api.github.com/repos/pkinerd/ednsv/branches{/branch}",
2026-07-24T12:18:46.8388130Z             "clone_url": "https://github.com/pkinerd/ednsv.git",
2026-07-24T12:18:46.8388924Z             "collaborators_url": "https://api.github.com/repos/pkinerd/ednsv/collaborators{/collaborator}",
2026-07-24T12:18:46.8389834Z             "comments_url": "https://api.github.com/repos/pkinerd/ednsv/comments{/number}",
2026-07-24T12:18:46.8390628Z             "commits_url": "https://api.github.com/repos/pkinerd/ednsv/commits{/sha}",
2026-07-24T12:18:46.8391567Z             "compare_url": "https://api.github.com/repos/pkinerd/ednsv/compare/{base}...{head}",
2026-07-24T12:18:46.8392563Z             "contents_url": "https://api.github.com/repos/pkinerd/ednsv/contents/{+path}",
2026-07-24T12:18:46.8393505Z             "contributors_url": "https://api.github.com/repos/pkinerd/ednsv/contributors",
2026-07-24T12:18:46.8394203Z             "created_at": 1774905880,
2026-07-24T12:18:46.8394864Z             "default_branch": "main",
2026-07-24T12:18:46.8395517Z             "deployments_url": "https://api.github.com/repos/pkinerd/ednsv/deployments",
2026-07-24T12:18:46.8396204Z             "description": null,
2026-07-24T12:18:46.8396786Z             "disabled": false,
2026-07-24T12:18:46.8397372Z             "downloads_url": "https://api.github.com/repos/pkinerd/ednsv/downloads",
2026-07-24T12:18:46.8398180Z             "events_url": "https://api.github.com/repos/pkinerd/ednsv/events",
2026-07-24T12:18:46.8398776Z             "fork": false,
2026-07-24T12:18:46.8399131Z             "forks": 0,
2026-07-24T12:18:46.8399477Z             "forks_count": 0,
2026-07-24T12:18:46.8400013Z             "forks_url": "https://api.github.com/repos/pkinerd/ednsv/forks",
2026-07-24T12:18:46.8400623Z             "full_name": "pkinerd/ednsv",
2026-07-24T12:18:46.8401348Z             "git_commits_url": "https://api.github.com/repos/pkinerd/ednsv/git/commits{/sha}",
2026-07-24T12:18:46.8402247Z             "git_refs_url": "https://api.github.com/repos/pkinerd/ednsv/git/refs{/sha}",
2026-07-24T12:18:46.8403101Z             "git_tags_url": "https://api.github.com/repos/pkinerd/ednsv/git/tags{/sha}",
2026-07-24T12:18:46.8403833Z             "git_url": "git://github.com/pkinerd/ednsv.git",
2026-07-24T12:18:46.8404358Z             "has_discussions": false,
2026-07-24T12:18:46.8404959Z             "has_downloads": true,
2026-07-24T12:18:46.8405364Z             "has_issues": true,
2026-07-24T12:18:46.8405747Z             "has_pages": false,
2026-07-24T12:18:46.8406135Z             "has_projects": true,
2026-07-24T12:18:46.8406550Z             "has_pull_requests": true,
2026-07-24T12:18:46.8406972Z             "has_wiki": true,
2026-07-24T12:18:46.8407359Z             "homepage": null,
2026-07-24T12:18:46.8407932Z             "hooks_url": "https://api.github.com/repos/pkinerd/ednsv/hooks",
2026-07-24T12:18:46.8408619Z             "html_url": "https://github.com/pkinerd/ednsv",
2026-07-24T12:18:46.8409130Z             "id": 1196602452,
2026-07-24T12:18:46.8409505Z             "is_template": false,
2026-07-24T12:18:46.8410197Z             "issue_comment_url": "https://api.github.com/repos/pkinerd/ednsv/issues/comments{/number}",
2026-07-24T12:18:46.8411171Z             "issue_events_url": "https://api.github.com/repos/pkinerd/ednsv/issues/events{/number}",
2026-07-24T12:18:46.8412044Z             "issues_url": "https://api.github.com/repos/pkinerd/ednsv/issues{/number}",
2026-07-24T12:18:46.8412839Z             "keys_url": "https://api.github.com/repos/pkinerd/ednsv/keys{/key_id}",
2026-07-24T12:18:46.8413626Z             "labels_url": "https://api.github.com/repos/pkinerd/ednsv/labels{/name}",
2026-07-24T12:18:46.8414244Z             "language": "C#",
2026-07-24T12:18:46.8415009Z             "languages_url": "https://api.github.com/repos/pkinerd/ednsv/languages",
2026-07-24T12:18:46.8415651Z             "license": null,
2026-07-24T12:18:46.8416030Z             "master_branch": "main",
2026-07-24T12:18:46.8416598Z             "merges_url": "https://api.github.com/repos/pkinerd/ednsv/merges",
2026-07-24T12:18:46.8417433Z             "milestones_url": "https://api.github.com/repos/pkinerd/ednsv/milestones{/number}",
2026-07-24T12:18:46.8418182Z             "mirror_url": null,
2026-07-24T12:18:46.8418568Z             "name": "ednsv",
2026-07-24T12:18:46.8418947Z             "node_id": "R_kgDOR1K0VA",
2026-07-24T12:18:46.8419773Z             "notifications_url": "https://api.github.com/repos/pkinerd/ednsv/notifications{?since,all,participating}",
2026-07-24T12:18:46.8420635Z             "open_issues": 0,
2026-07-24T12:18:46.8421007Z             "open_issues_count": 0,
2026-07-24T12:18:46.8421388Z             "owner": {
2026-07-24T12:18:46.8422091Z               "avatar_url": "https://avatars.githubusercontent.com/u/169779439?v=4",
2026-07-24T12:18:46.8422835Z               "email": "169779439+pkinerd@users.noreply.github.com",
2026-07-24T12:18:46.8423545Z               "events_url": "https://api.github.com/users/pkinerd/events{/privacy}",
2026-07-24T12:18:46.8424301Z               "followers_url": "https://api.github.com/users/pkinerd/followers",
2026-07-24T12:18:46.8425276Z               "following_url": "https://api.github.com/users/pkinerd/following{/other_user}",
2026-07-24T12:18:46.8426286Z               "gists_url": "https://api.github.com/users/pkinerd/gists{/gist_id}",
2026-07-24T12:18:46.8426898Z               "gravatar_id": "",
2026-07-24T12:18:46.8427343Z               "html_url": "https://github.com/pkinerd",
2026-07-24T12:18:46.8427816Z               "id": 169779439,
2026-07-24T12:18:46.8428189Z               "login": "pkinerd",
2026-07-24T12:18:46.8428578Z               "name": "pkinerd",
2026-07-24T12:18:46.8428971Z               "node_id": "U_kgDOCh6g7w",
2026-07-24T12:18:46.8429552Z               "organizations_url": "https://api.github.com/users/pkinerd/orgs",
2026-07-24T12:18:46.8430390Z               "received_events_url": "https://api.github.com/users/pkinerd/received_events",
2026-07-24T12:18:46.8431190Z               "repos_url": "https://api.github.com/users/pkinerd/repos",
2026-07-24T12:18:46.8431719Z               "site_admin": false,
2026-07-24T12:18:46.8432345Z               "starred_url": "https://api.github.com/users/pkinerd/starred{/owner}{/repo}",
2026-07-24T12:18:46.8433237Z               "subscriptions_url": "https://api.github.com/users/pkinerd/subscriptions",
2026-07-24T12:18:46.8433897Z               "type": "User",
2026-07-24T12:18:46.8434330Z               "url": "https://api.github.com/users/pkinerd",
2026-07-24T12:18:46.8436146Z               "user_view_type": "public"
2026-07-24T12:18:46.8436568Z             },
2026-07-24T12:18:46.8436862Z             "private": false,
2026-07-24T12:18:46.8437143Z             "pull_request_creation_policy": "all",
2026-07-24T12:18:46.8437553Z             "pulls_url": "https://api.github.com/repos/pkinerd/ednsv/pulls{/number}",
2026-07-24T12:18:46.8437940Z             "pushed_at": 1784895437,
2026-07-24T12:18:46.8438303Z             "releases_url": "https://api.github.com/repos/pkinerd/ednsv/releases{/id}",
2026-07-24T12:18:46.8438681Z             "size": 32155,
2026-07-24T12:18:46.8438929Z             "ssh_url": "git@github.com:pkinerd/ednsv.git",
2026-07-24T12:18:46.8439222Z             "stargazers": 0,
2026-07-24T12:18:46.8439453Z             "stargazers_count": 0,
2026-07-24T12:18:46.8439806Z             "stargazers_url": "https://api.github.com/repos/pkinerd/ednsv/stargazers",
2026-07-24T12:18:46.8440302Z             "statuses_url": "https://api.github.com/repos/pkinerd/ednsv/statuses/{sha}",
2026-07-24T12:18:46.8440802Z             "subscribers_url": "https://api.github.com/repos/pkinerd/ednsv/subscribers",
2026-07-24T12:18:46.8441315Z             "subscription_url": "https://api.github.com/repos/pkinerd/ednsv/subscription",
2026-07-24T12:18:46.8441747Z             "svn_url": "https://github.com/pkinerd/ednsv",
2026-07-24T12:18:46.8442114Z             "tags_url": "https://api.github.com/repos/pkinerd/ednsv/tags",
2026-07-24T12:18:46.8442537Z             "teams_url": "https://api.github.com/repos/pkinerd/ednsv/teams",
2026-07-24T12:18:46.8442883Z             "topics": [],
2026-07-24T12:18:46.8443208Z             "trees_url": "https://api.github.com/repos/pkinerd/ednsv/git/trees{/sha}",
2026-07-24T12:18:46.8443605Z             "updated_at": "2026-07-24T05:56:11Z",
2026-07-24T12:18:46.8443925Z             "url": "https://api.github.com/repos/pkinerd/ednsv",
2026-07-24T12:18:46.8444238Z             "visibility": "public",
2026-07-24T12:18:46.8444798Z             "watchers": 0,
2026-07-24T12:18:46.8445182Z             "watchers_count": 0,
2026-07-24T12:18:46.8445624Z             "web_commit_signoff_required": false
2026-07-24T12:18:46.8446090Z           },
2026-07-24T12:18:46.8446391Z           "sender": {
2026-07-24T12:18:46.8447165Z             "avatar_url": "https://avatars.githubusercontent.com/u/169779439?v=4",
2026-07-24T12:18:46.8448012Z             "events_url": "https://api.github.com/users/pkinerd/events{/privacy}",
2026-07-24T12:18:46.8448802Z             "followers_url": "https://api.github.com/users/pkinerd/followers",
2026-07-24T12:18:46.8449329Z             "following_url": "https://api.github.com/users/pkinerd/following{/other_user}",
2026-07-24T12:18:46.8449839Z             "gists_url": "https://api.github.com/users/pkinerd/gists{/gist_id}",
2026-07-24T12:18:46.8450317Z             "gravatar_id": "",
2026-07-24T12:18:46.8450580Z             "html_url": "https://github.com/pkinerd",
2026-07-24T12:18:46.8450858Z             "id": 169779439,
2026-07-24T12:18:46.8451077Z             "login": "pkinerd",
2026-07-24T12:18:46.8451312Z             "node_id": "U_kgDOCh6g7w",
2026-07-24T12:18:46.8451657Z             "organizations_url": "https://api.github.com/users/pkinerd/orgs",
2026-07-24T12:18:46.8452144Z             "received_events_url": "https://api.github.com/users/pkinerd/received_events",
2026-07-24T12:18:46.8452597Z             "repos_url": "https://api.github.com/users/pkinerd/repos",
2026-07-24T12:18:46.8452924Z             "site_admin": false,
2026-07-24T12:18:46.8453276Z             "starred_url": "https://api.github.com/users/pkinerd/starred{/owner}{/repo}",
2026-07-24T12:18:46.8453779Z             "subscriptions_url": "https://api.github.com/users/pkinerd/subscriptions",
2026-07-24T12:18:46.8454160Z             "type": "User",
2026-07-24T12:18:46.8454616Z             "url": "https://api.github.com/users/pkinerd",
2026-07-24T12:18:46.8455126Z             "user_view_type": "public"
2026-07-24T12:18:46.8455509Z           }
2026-07-24T12:18:46.8455780Z         },
2026-07-24T12:18:46.8456065Z         "github_job": "docker",
2026-07-24T12:18:46.8456444Z         "github_ref": "refs/heads/main",
2026-07-24T12:18:46.8456870Z         "github_ref_name": "main",
2026-07-24T12:18:46.8457291Z         "github_ref_protected": "false",
2026-07-24T12:18:46.8457588Z         "github_ref_type": "branch",
2026-07-24T12:18:46.8457852Z         "github_repository": "pkinerd/ednsv",
2026-07-24T12:18:46.8458128Z         "github_repository_id": "1196602452",
2026-07-24T12:18:46.8458397Z         "github_repository_owner": "pkinerd",
2026-07-24T12:18:46.8458681Z         "github_repository_owner_id": "169779439",
2026-07-24T12:18:46.8458956Z         "github_run_attempt": "1",
2026-07-24T12:18:46.8459197Z         "github_run_id": "30092538580",
2026-07-24T12:18:46.8459456Z         "github_run_number": "201",
2026-07-24T12:18:46.8459701Z         "github_runner_arch": "X64",
2026-07-24T12:18:46.8459978Z         "github_runner_environment": "github-hosted",
2026-07-24T12:18:46.8460279Z         "github_runner_image_os": "ubuntu24",
2026-07-24T12:18:46.8460601Z         "github_runner_image_version": "20260720.247.2",
2026-07-24T12:18:46.8460922Z         "github_runner_name": "GitHub Actions 1000002114",
2026-07-24T12:18:46.8461213Z         "github_runner_os": "Linux",
2026-07-24T12:18:46.8461563Z         "github_runner_tracking_id": "github_cf550f69-3d9f-473c-8417-b03989379af1",
2026-07-24T12:18:46.8461968Z         "github_server_url": "https://github.com",
2026-07-24T12:18:46.8462259Z         "github_triggering_actor": "pkinerd",
2026-07-24T12:18:46.8462524Z         "github_workflow": "CI",
2026-07-24T12:18:46.8462880Z         "github_workflow_ref": "pkinerd/ednsv/.github/workflows/ci.yml@refs/heads/main",
2026-07-24T12:18:46.8463356Z         "github_workflow_sha": "374f865d9d38820f5cad275fa9cd55a64196b54a",
2026-07-24T12:18:46.8463706Z         "platform": "linux/amd64"
2026-07-24T12:18:46.8463931Z       }
2026-07-24T12:18:46.8464097Z     }
2026-07-24T12:18:46.8464257Z   },
2026-07-24T12:18:46.8464994Z   "buildx.build.ref": "builder-d7ee5b33-18b5-4cf4-ba60-3efb289b9515/builder-d7ee5b33-18b5-4cf4-ba60-3efb289b95150/kc1fe6y7zbcldeyktzs9vegw4",
2026-07-24T12:18:46.8465623Z   "containerimage.descriptor": {
2026-07-24T12:18:46.8466082Z     "mediaType": "application/vnd.oci.image.index.v1+json",
2026-07-24T12:18:46.8466558Z     "digest": "sha256:28bf1ea6a916a96c2f500e7fe73375b8ec8fdfb69dbc43c583e3d317c78d49fa",
2026-07-24T12:18:46.8466959Z     "size": 856
2026-07-24T12:18:46.8467138Z   },
2026-07-24T12:18:46.8467515Z   "containerimage.digest": "sha256:28bf1ea6a916a96c2f500e7fe73375b8ec8fdfb69dbc43c583e3d317c78d49fa",
2026-07-24T12:18:46.8468332Z   "image.name": "ghcr.io/pkinerd/ednsv:branch-main,ghcr.io/pkinerd/ednsv:latest,ghcr.io/pkinerd/ednsv:latest-any,ghcr.io/pkinerd/ednsv:sha-374f865"
2026-07-24T12:18:46.8469032Z }
2026-07-24T12:18:46.8469417Z ##[endgroup]
2026-07-24T12:18:46.8469758Z ##[group]Reference
2026-07-24T12:18:46.8470236Z builder-d7ee5b33-18b5-4cf4-ba60-3efb289b9515/builder-d7ee5b33-18b5-4cf4-ba60-3efb289b95150/kc1fe6y7zbcldeyktzs9vegw4
2026-07-24T12:18:46.8470891Z ##[endgroup]
2026-07-24T12:18:46.8471209Z ##[group]Check build summary support
2026-07-24T12:18:46.8471604Z Build summary supported!
2026-07-24T12:18:46.8494252Z ##[endgroup]
2026-07-24T12:18:46.8587415Z Node 20 is being deprecated. This workflow is running with Node 24 by default. If you need to temporarily use Node 20, you can set the ACTIONS_ALLOW_USE_UNSECURE_NODE_VERSION=true environment variable. For more information see: https://github.blog/changelog/2025-09-19-deprecation-of-node-20-on-github-actions-runners/
2026-07-24T12:18:46.8588663Z Post job cleanup.
2026-07-24T12:18:47.1070204Z ##[group]Generating build summary
2026-07-24T12:18:47.1074898Z exporting build record to /home/runner/work/_temp/docker-actions-toolkit-jBMYVr/export
2026-07-24T12:18:47.1088303Z (node:3275) [DEP0040] DeprecationWarning: The `punycode` module is deprecated. Please use a userland alternative instead.
2026-07-24T12:18:47.1089477Z (Use `node --trace-deprecation ...` to show where the warning was created)
2026-07-24T12:18:47.3012170Z [command]/usr/bin/docker buildx history export --builder builder-d7ee5b33-18b5-4cf4-ba60-3efb289b9515 --output /home/runner/work/_temp/docker-actions-toolkit-jBMYVr/export/pkinerd~ednsv~KC1FE6.dockerbuild kc1fe6y7zbcldeyktzs9vegw4 --finalize
2026-07-24T12:18:47.5627140Z Build record written to /home/runner/work/_temp/docker-actions-toolkit-jBMYVr/export/pkinerd~ednsv~KC1FE6.dockerbuild (59.65 KB)
2026-07-24T12:18:47.5646964Z Uploading pkinerd~ednsv~KC1FE6.dockerbuild to blob storage
2026-07-24T12:18:47.7490833Z Beginning upload of artifact content to blob storage
2026-07-24T12:18:47.7578716Z (node:3275) [DEP0169] DeprecationWarning: `url.parse()` behavior is not standardized and prone to errors that have security implications. Use the WHATWG URL API instead. CVEs are not issued for `url.parse()` vulnerabilities.
2026-07-24T12:18:47.7586625Z Uploaded bytes 61086
2026-07-24T12:18:47.8957997Z Finished uploading artifact content to blob storage!
2026-07-24T12:18:47.8962207Z SHA256 hash of uploaded artifact is deae488b708566ce9ce25b3b5673f742da637286d13ef9abf96e480b089f4270
2026-07-24T12:18:47.8963660Z Finalizing artifact upload
2026-07-24T12:18:48.1311239Z Artifact successfully finalized (8596266673)
2026-07-24T12:18:48.1313057Z Artifact download URL: https://github.com/pkinerd/ednsv/actions/runs/30092538580/artifacts/8596266673
2026-07-24T12:18:48.1344786Z Writing summary
2026-07-24T12:18:48.1358177Z ##[endgroup]
2026-07-24T12:18:48.1359047Z ##[group]Removing temp folder /home/runner/work/_temp/docker-actions-toolkit-riPnYu
2026-07-24T12:18:48.1360965Z ##[endgroup]
2026-07-24T12:18:48.1361630Z ##[group]Post cache
2026-07-24T12:18:48.1362995Z State not set
2026-07-24T12:18:48.1363701Z ##[endgroup]
2026-07-24T12:18:48.1514356Z Node 20 is being deprecated. This workflow is running with Node 24 by default. If you need to temporarily use Node 20, you can set the ACTIONS_ALLOW_USE_UNSECURE_NODE_VERSION=true environment variable. For more information see: https://github.blog/changelog/2025-09-19-deprecation-of-node-20-on-github-actions-runners/
2026-07-24T12:18:48.1515918Z Post job cleanup.
2026-07-24T12:18:48.4664211Z ##[group]Logout from ghcr.io
2026-07-24T12:18:48.4689064Z (node:3421) [DEP0040] DeprecationWarning: The `punycode` module is deprecated. Please use a userland alternative instead.
2026-07-24T12:18:48.4690490Z (Use `node --trace-deprecation ...` to show where the warning was created)
2026-07-24T12:18:48.4711399Z [command]/usr/bin/docker logout ghcr.io
2026-07-24T12:18:48.4857987Z Removing login credentials for ghcr.io
2026-07-24T12:18:48.4889468Z ##[endgroup]
2026-07-24T12:18:48.4890847Z ##[group]Post cache
2026-07-24T12:18:48.4891472Z State not set
2026-07-24T12:18:48.4894689Z ##[endgroup]
2026-07-24T12:18:48.5044188Z Node 20 is being deprecated. This workflow is running with Node 24 by default. If you need to temporarily use Node 20, you can set the ACTIONS_ALLOW_USE_UNSECURE_NODE_VERSION=true environment variable. For more information see: https://github.blog/changelog/2025-09-19-deprecation-of-node-20-on-github-actions-runners/
2026-07-24T12:18:48.5047539Z Post job cleanup.
2026-07-24T12:18:48.7777441Z ##[group]Removing builder
2026-07-24T12:18:48.7784390Z (node:3441) [DEP0040] DeprecationWarning: The `punycode` module is deprecated. Please use a userland alternative instead.
2026-07-24T12:18:48.7785484Z (Use `node --trace-deprecation ...` to show where the warning was created)
2026-07-24T12:18:48.9015005Z [command]/usr/bin/docker buildx rm builder-d7ee5b33-18b5-4cf4-ba60-3efb289b9515
2026-07-24T12:18:49.5686312Z builder-d7ee5b33-18b5-4cf4-ba60-3efb289b9515 removed
2026-07-24T12:18:49.5721376Z ##[endgroup]
2026-07-24T12:18:49.5721840Z ##[group]Cleaning up certificates
2026-07-24T12:18:49.5723985Z ##[endgroup]
2026-07-24T12:18:49.5725450Z ##[group]Post cache
2026-07-24T12:18:49.5727846Z State not set
2026-07-24T12:18:49.5728504Z ##[endgroup]
2026-07-24T12:18:49.5894289Z Node 20 is being deprecated. This workflow is running with Node 24 by default. If you need to temporarily use Node 20, you can set the ACTIONS_ALLOW_USE_UNSECURE_NODE_VERSION=true environment variable. For more information see: https://github.blog/changelog/2025-09-19-deprecation-of-node-20-on-github-actions-runners/
2026-07-24T12:18:49.5895801Z Post job cleanup.
2026-07-24T12:18:49.6759404Z [command]/usr/bin/git version
2026-07-24T12:18:49.6803880Z git version 2.54.0
2026-07-24T12:18:49.6847712Z Temporarily overriding HOME='/home/runner/work/_temp/f2511986-9658-4a1d-809d-206e6a02261f' before making global git config changes
2026-07-24T12:18:49.6849180Z Adding repository directory to the temporary git global config as a safe directory
2026-07-24T12:18:49.6857421Z [command]/usr/bin/git config --global --add safe.directory /home/runner/work/ednsv/ednsv
2026-07-24T12:18:49.6897570Z [command]/usr/bin/git config --local --name-only --get-regexp core\.sshCommand
2026-07-24T12:18:49.6935992Z [command]/usr/bin/git submodule foreach --recursive sh -c "git config --local --name-only --get-regexp 'core\.sshCommand' && git config --local --unset-all 'core.sshCommand' || :"
2026-07-24T12:18:49.7185614Z [command]/usr/bin/git config --local --name-only --get-regexp http\.https\:\/\/github\.com\/\.extraheader
2026-07-24T12:18:49.7217723Z http.https://github.com/.extraheader
2026-07-24T12:18:49.7229509Z [command]/usr/bin/git config --local --unset-all http.https://github.com/.extraheader
2026-07-24T12:18:49.7266013Z [command]/usr/bin/git submodule foreach --recursive sh -c "git config --local --name-only --get-regexp 'http\.https\:\/\/github\.com\/\.extraheader' && git config --local --unset-all 'http.https://github.com/.extraheader' || :"
2026-07-24T12:18:49.7520372Z [command]/usr/bin/git config --local --name-only --get-regexp ^includeIf\.gitdir:
2026-07-24T12:18:49.7590708Z [command]/usr/bin/git submodule foreach --recursive git config --local --show-origin --name-only --get-regexp remote.origin.url
2026-07-24T12:18:49.7978879Z Cleaning up orphan processes
2026-07-24T12:18:49.8442372Z ##[warning]Node.js 20 is deprecated. The following actions target Node.js 20 but are being forced to run on Node.js 24: actions/checkout@v4, docker/build-push-action@v6, docker/login-action@v3, docker/metadata-action@v5, docker/setup-buildx-action@v3. For more information see: https://github.blog/changelog/2025-09-19-deprecation-of-node-20-on-github-actions-runners/
