2026-07-26T10:28:22.4486185Z Current runner version: '2.336.0'
2026-07-26T10:28:22.4508389Z ##[group]Runner Image Provisioner
2026-07-26T10:28:22.4509200Z Hosted Compute Agent
2026-07-26T10:28:22.4509706Z Version: 20260707.563
2026-07-26T10:28:22.4510246Z Commit: 02667638d2b423fbc733a8e32a88b44996a3ba6e
2026-07-26T10:28:22.4510856Z Build Date: 2026-07-07T19:33:50Z
2026-07-26T10:28:22.4511402Z Worker ID: {3003af04-8d35-4baf-88ef-d65a3b98cd80}
2026-07-26T10:28:22.4512170Z Azure Region: westus3
2026-07-26T10:28:22.4512661Z ##[endgroup]
2026-07-26T10:28:22.4514028Z ##[group]Operating System
2026-07-26T10:28:22.4514627Z Ubuntu
2026-07-26T10:28:22.4515062Z 24.04.4
2026-07-26T10:28:22.4515504Z LTS
2026-07-26T10:28:22.4515967Z ##[endgroup]
2026-07-26T10:28:22.4516409Z ##[group]Runner Image
2026-07-26T10:28:22.4516929Z Image: ubuntu-24.04
2026-07-26T10:28:22.4517393Z Version: 20260720.247.2
2026-07-26T10:28:22.4518466Z Included Software: https://github.com/actions/runner-images/blob/ubuntu24/20260720.247/images/ubuntu/Ubuntu2404-Readme.md
2026-07-26T10:28:22.4519660Z Image Release: https://github.com/actions/runner-images/releases/tag/ubuntu24%2F20260720.247
2026-07-26T10:28:22.4520429Z ##[endgroup]
2026-07-26T10:28:22.4521411Z ##[group]GITHUB_TOKEN Permissions
2026-07-26T10:28:22.4523211Z Contents: read
2026-07-26T10:28:22.4523745Z Metadata: read
2026-07-26T10:28:22.4524196Z Packages: write
2026-07-26T10:28:22.4524799Z ##[endgroup]
2026-07-26T10:28:22.4526533Z Secret source: Actions
2026-07-26T10:28:22.4527503Z Prepare workflow directory
2026-07-26T10:28:22.5325582Z Prepare all required actions
2026-07-26T10:28:22.5363101Z Getting action download info
2026-07-26T10:28:22.8143992Z Download action repository 'actions/checkout@v4' (SHA:11d5960a326750d5838078e36cf38b85af677262)
2026-07-26T10:28:23.4466800Z Download action repository 'docker/setup-buildx-action@v3' (SHA:8d2750c68a42422c14e847fe6c8ac0403b4cbd6f)
2026-07-26T10:28:24.4592623Z Download action repository 'docker/login-action@v3' (SHA:c94ce9fb468520275223c153574b00df6fe4bcc9)
2026-07-26T10:28:25.6259771Z Download action repository 'docker/metadata-action@v5' (SHA:c299e40c65443455700f0fdfc63efafe5b349051)
2026-07-26T10:28:26.5874594Z Download action repository 'docker/build-push-action@v6' (SHA:10e90e3645eae34f1e60eeb005ba3a3d33f178e8)
2026-07-26T10:28:27.4831298Z Complete job name: Build & Push Docker Image
2026-07-26T10:28:27.5409938Z Node 20 is being deprecated. This workflow is running with Node 24 by default. If you need to temporarily use Node 20, you can set the ACTIONS_ALLOW_USE_UNSECURE_NODE_VERSION=true environment variable. For more information see: https://github.blog/changelog/2025-09-19-deprecation-of-node-20-on-github-actions-runners/
2026-07-26T10:28:27.5416716Z ##[group]Run actions/checkout@v4
2026-07-26T10:28:27.5417053Z with:
2026-07-26T10:28:27.5417242Z   repository: pkinerd/ednsv
2026-07-26T10:28:27.5419601Z   token: ***
2026-07-26T10:28:27.5419781Z   ssh-strict: true
2026-07-26T10:28:27.5419959Z   ssh-user: git
2026-07-26T10:28:27.5420157Z   persist-credentials: true
2026-07-26T10:28:27.5420370Z   clean: true
2026-07-26T10:28:27.5420562Z   sparse-checkout-cone-mode: true
2026-07-26T10:28:27.5420793Z   fetch-depth: 1
2026-07-26T10:28:27.5420968Z   fetch-tags: false
2026-07-26T10:28:27.5421139Z   show-progress: true
2026-07-26T10:28:27.5421322Z   lfs: false
2026-07-26T10:28:27.5421544Z   submodules: false
2026-07-26T10:28:27.5421952Z   set-safe-directory: true
2026-07-26T10:28:27.5422170Z   allow-unsafe-pr-checkout: false
2026-07-26T10:28:27.5422578Z env:
2026-07-26T10:28:27.5422737Z   REGISTRY: ghcr.io
2026-07-26T10:28:27.5422914Z   IMAGE_NAME: pkinerd/ednsv
2026-07-26T10:28:27.5423108Z ##[endgroup]
2026-07-26T10:28:27.6369632Z Syncing repository: pkinerd/ednsv
2026-07-26T10:28:27.6371208Z ##[group]Getting Git version info
2026-07-26T10:28:27.6371661Z Working directory is '/home/runner/work/ednsv/ednsv'
2026-07-26T10:28:27.6372515Z [command]/usr/bin/git version
2026-07-26T10:28:27.7538229Z git version 2.54.0
2026-07-26T10:28:27.7585383Z ##[endgroup]
2026-07-26T10:28:27.7597268Z Temporarily overriding HOME='/home/runner/work/_temp/92d77e09-6c4c-43fc-bf0d-9b6c37278f22' before making global git config changes
2026-07-26T10:28:27.7598539Z Adding repository directory to the temporary git global config as a safe directory
2026-07-26T10:28:27.7602130Z [command]/usr/bin/git config --global --add safe.directory /home/runner/work/ednsv/ednsv
2026-07-26T10:28:27.7638442Z Deleting the contents of '/home/runner/work/ednsv/ednsv'
2026-07-26T10:28:27.7641846Z ##[group]Initializing the repository
2026-07-26T10:28:27.7645336Z [command]/usr/bin/git init /home/runner/work/ednsv/ednsv
2026-07-26T10:28:27.7719155Z hint: Using 'master' as the name for the initial branch. This default branch name
2026-07-26T10:28:27.7719952Z hint: will change to "main" in Git 3.0. To configure the initial branch name
2026-07-26T10:28:27.7720552Z hint: to use in all of your new repositories, which will suppress this warning,
2026-07-26T10:28:27.7721136Z hint: call:
2026-07-26T10:28:27.7721323Z hint:
2026-07-26T10:28:27.7721817Z hint: 	git config --global init.defaultBranch <name>
2026-07-26T10:28:27.7722217Z hint:
2026-07-26T10:28:27.7722595Z hint: Names commonly chosen instead of 'master' are 'main', 'trunk' and
2026-07-26T10:28:27.7723172Z hint: 'development'. The just-created branch can be renamed via this command:
2026-07-26T10:28:27.7723542Z hint:
2026-07-26T10:28:27.7723773Z hint: 	git branch -m <name>
2026-07-26T10:28:27.7723971Z hint:
2026-07-26T10:28:27.7724283Z hint: Disable this message with "git config set advice.defaultBranchName false"
2026-07-26T10:28:27.7724733Z Initialized empty Git repository in /home/runner/work/ednsv/ednsv/.git/
2026-07-26T10:28:27.7728364Z [command]/usr/bin/git remote add origin https://github.com/pkinerd/ednsv
2026-07-26T10:28:27.7759640Z ##[endgroup]
2026-07-26T10:28:27.7760073Z ##[group]Disabling automatic garbage collection
2026-07-26T10:28:27.7763184Z [command]/usr/bin/git config --local gc.auto 0
2026-07-26T10:28:27.7791378Z ##[endgroup]
2026-07-26T10:28:27.7791920Z ##[group]Setting up auth
2026-07-26T10:28:27.7797314Z [command]/usr/bin/git config --local --name-only --get-regexp core\.sshCommand
2026-07-26T10:28:27.7828588Z [command]/usr/bin/git submodule foreach --recursive sh -c "git config --local --name-only --get-regexp 'core\.sshCommand' && git config --local --unset-all 'core.sshCommand' || :"
2026-07-26T10:28:27.8088886Z [command]/usr/bin/git config --local --name-only --get-regexp http\.https\:\/\/github\.com\/\.extraheader
2026-07-26T10:28:27.8120805Z [command]/usr/bin/git submodule foreach --recursive sh -c "git config --local --name-only --get-regexp 'http\.https\:\/\/github\.com\/\.extraheader' && git config --local --unset-all 'http.https://github.com/.extraheader' || :"
2026-07-26T10:28:27.8314680Z [command]/usr/bin/git config --local --name-only --get-regexp ^includeIf\.gitdir:
2026-07-26T10:28:27.8346815Z [command]/usr/bin/git submodule foreach --recursive git config --local --show-origin --name-only --get-regexp remote.origin.url
2026-07-26T10:28:27.8543999Z [command]/usr/bin/git config --local http.https://github.com/.extraheader AUTHORIZATION: basic ***
2026-07-26T10:28:27.8578787Z ##[endgroup]
2026-07-26T10:28:27.8579290Z ##[group]Fetching the repository
2026-07-26T10:28:27.8587120Z [command]/usr/bin/git -c protocol.version=2 fetch --no-tags --prune --no-recurse-submodules --depth=1 origin +ea71b2e1cfd7509ba0f5e859bed6f7e6d5e2840b:refs/remotes/pull/28/merge
2026-07-26T10:28:28.6273105Z From https://github.com/pkinerd/ednsv
2026-07-26T10:28:28.6294344Z  * [new ref]         ea71b2e1cfd7509ba0f5e859bed6f7e6d5e2840b -> pull/28/merge
2026-07-26T10:28:28.6295938Z ##[endgroup]
2026-07-26T10:28:28.6296241Z ##[group]Determining the checkout info
2026-07-26T10:28:28.6297341Z ##[endgroup]
2026-07-26T10:28:28.6302359Z [command]/usr/bin/git sparse-checkout disable
2026-07-26T10:28:28.6339550Z [command]/usr/bin/git config --local --unset-all extensions.worktreeConfig
2026-07-26T10:28:28.6373107Z ##[group]Checking out the ref
2026-07-26T10:28:28.6375901Z [command]/usr/bin/git checkout --progress --force refs/remotes/pull/28/merge
2026-07-26T10:28:28.6487304Z Note: switching to 'refs/remotes/pull/28/merge'.
2026-07-26T10:28:28.6487654Z 
2026-07-26T10:28:28.6488104Z You are in 'detached HEAD' state. You can look around, make experimental
2026-07-26T10:28:28.6488577Z changes and commit them, and you can discard any commits you make in this
2026-07-26T10:28:28.6489075Z state without impacting any branches by switching back to a branch.
2026-07-26T10:28:28.6489461Z 
2026-07-26T10:28:28.6489824Z If you want to create a new branch to retain commits you create, you may
2026-07-26T10:28:28.6490273Z do so (now or later) by using -c with the switch command. Example:
2026-07-26T10:28:28.6490587Z 
2026-07-26T10:28:28.6490733Z   git switch -c <new-branch-name>
2026-07-26T10:28:28.6490950Z 
2026-07-26T10:28:28.6491088Z Or undo this operation with:
2026-07-26T10:28:28.6491292Z 
2026-07-26T10:28:28.6491400Z   git switch -
2026-07-26T10:28:28.6491889Z 
2026-07-26T10:28:28.6492282Z Turn off this advice by setting config variable advice.detachedHead to false
2026-07-26T10:28:28.6492688Z 
2026-07-26T10:28:28.6493125Z HEAD is now at ea71b2e Merge 607c0858d7199a6e145961916b17aec25ca97643 into 0907a58f50a6c98d23ae466ed31c3a0c15264622
2026-07-26T10:28:28.6494704Z ##[endgroup]
2026-07-26T10:28:28.6531540Z [command]/usr/bin/git log -1 --format=%H
2026-07-26T10:28:28.6555492Z ea71b2e1cfd7509ba0f5e859bed6f7e6d5e2840b
2026-07-26T10:28:28.6752282Z ##[group]Run if [ "pull_request" != "pull_request" ]; then
2026-07-26T10:28:28.6752702Z [36;1mif [ "pull_request" != "pull_request" ]; then[0m
2026-07-26T10:28:28.6752991Z [36;1m  echo "push=true" >> "$GITHUB_OUTPUT"[0m
2026-07-26T10:28:28.6753282Z [36;1melif [ "pkinerd/ednsv" = "pkinerd/ednsv" ]; then[0m
2026-07-26T10:28:28.6753552Z [36;1m  echo "push=true" >> "$GITHUB_OUTPUT"[0m
2026-07-26T10:28:28.6753774Z [36;1melse[0m
2026-07-26T10:28:28.6753961Z [36;1m  echo "push=false" >> "$GITHUB_OUTPUT"[0m
2026-07-26T10:28:28.6754188Z [36;1mfi[0m
2026-07-26T10:28:28.6794757Z shell: /usr/bin/bash -e {0}
2026-07-26T10:28:28.6795001Z env:
2026-07-26T10:28:28.6795177Z   REGISTRY: ghcr.io
2026-07-26T10:28:28.6795370Z   IMAGE_NAME: pkinerd/ednsv
2026-07-26T10:28:28.6795570Z ##[endgroup]
2026-07-26T10:28:28.6955732Z Node 20 is being deprecated. This workflow is running with Node 24 by default. If you need to temporarily use Node 20, you can set the ACTIONS_ALLOW_USE_UNSECURE_NODE_VERSION=true environment variable. For more information see: https://github.blog/changelog/2025-09-19-deprecation-of-node-20-on-github-actions-runners/
2026-07-26T10:28:28.6957036Z ##[group]Run docker/setup-buildx-action@v3
2026-07-26T10:28:28.6957271Z with:
2026-07-26T10:28:28.6957454Z   driver: docker-container
2026-07-26T10:28:28.6957648Z   use: true
2026-07-26T10:28:28.6957809Z   keep-state: false
2026-07-26T10:28:28.6957985Z   cache-binary: true
2026-07-26T10:28:28.6958161Z   cleanup: true
2026-07-26T10:28:28.6958324Z   install: false
2026-07-26T10:28:28.6958490Z env:
2026-07-26T10:28:28.6958639Z   REGISTRY: ghcr.io
2026-07-26T10:28:28.6958833Z   IMAGE_NAME: pkinerd/ednsv
2026-07-26T10:28:28.6959027Z ##[endgroup]
2026-07-26T10:28:28.8958204Z (node:2052) [DEP0040] DeprecationWarning: The `punycode` module is deprecated. Please use a userland alternative instead.
2026-07-26T10:28:28.8959180Z (Use `node --trace-deprecation ...` to show where the warning was created)
2026-07-26T10:28:28.9021134Z ##[group]Docker info
2026-07-26T10:28:28.9029256Z [command]/usr/bin/docker version
2026-07-26T10:28:28.9437398Z Client: Docker Engine - Community
2026-07-26T10:28:28.9438031Z  Version:           28.0.4
2026-07-26T10:28:28.9438409Z  API version:       1.48
2026-07-26T10:28:28.9438780Z  Go version:        go1.23.7
2026-07-26T10:28:28.9439221Z  Git commit:        b8034c0
2026-07-26T10:28:28.9439822Z  Built:             Tue Mar 25 15:07:16 2025
2026-07-26T10:28:28.9440249Z  OS/Arch:           linux/amd64
2026-07-26T10:28:28.9440646Z  Context:           default
2026-07-26T10:28:28.9440923Z 
2026-07-26T10:28:28.9441131Z Server: Docker Engine - Community
2026-07-26T10:28:28.9442215Z  Engine:
2026-07-26T10:28:28.9442554Z   Version:          28.0.4
2026-07-26T10:28:28.9442913Z   API version:      1.48 (minimum version 1.24)
2026-07-26T10:28:28.9443322Z   Go version:       go1.23.7
2026-07-26T10:28:28.9443701Z   Git commit:       6430e49
2026-07-26T10:28:28.9444024Z   Built:            Tue Mar 25 15:07:16 2025
2026-07-26T10:28:28.9444366Z   OS/Arch:          linux/amd64
2026-07-26T10:28:28.9444674Z   Experimental:     false
2026-07-26T10:28:28.9444971Z  containerd:
2026-07-26T10:28:28.9445229Z   Version:          v2.2.6
2026-07-26T10:28:28.9445602Z   GitCommit:        11ce9d5f3c68c941867e82890e93e815c1304f1b
2026-07-26T10:28:28.9469492Z  runc:
2026-07-26T10:28:28.9470077Z   Version:          1.3.6
2026-07-26T10:28:28.9470386Z   GitCommit:        v1.3.6-0-g491b69ba
2026-07-26T10:28:28.9470737Z  docker-init:
2026-07-26T10:28:28.9470988Z   Version:          0.19.0
2026-07-26T10:28:28.9471398Z   GitCommit:        de40ad0
2026-07-26T10:28:28.9490272Z [command]/usr/bin/docker info
2026-07-26T10:28:30.3701917Z Client: Docker Engine - Community
2026-07-26T10:28:30.3702357Z  Version:    28.0.4
2026-07-26T10:28:30.3702612Z  Context:    default
2026-07-26T10:28:30.3702895Z  Debug Mode: false
2026-07-26T10:28:30.3703129Z  Plugins:
2026-07-26T10:28:30.3703371Z   buildx: Docker Buildx (Docker Inc.)
2026-07-26T10:28:30.3703750Z     Version:  v0.35.0
2026-07-26T10:28:30.3704093Z     Path:     /usr/libexec/docker/cli-plugins/docker-buildx
2026-07-26T10:28:30.3704485Z   compose: Docker Compose (Docker Inc.)
2026-07-26T10:28:30.3704803Z     Version:  v2.38.2
2026-07-26T10:28:30.3705150Z     Path:     /usr/libexec/docker/cli-plugins/docker-compose
2026-07-26T10:28:30.3705447Z 
2026-07-26T10:28:30.3705545Z Server:
2026-07-26T10:28:30.3705763Z  Containers: 0
2026-07-26T10:28:30.3706021Z   Running: 0
2026-07-26T10:28:30.3706258Z   Paused: 0
2026-07-26T10:28:30.3706492Z   Stopped: 0
2026-07-26T10:28:30.3706721Z  Images: 6
2026-07-26T10:28:30.3706954Z  Server Version: 28.0.4
2026-07-26T10:28:30.3707241Z  Storage Driver: overlay2
2026-07-26T10:28:30.3707521Z   Backing Filesystem: extfs
2026-07-26T10:28:30.3707812Z   Supports d_type: true
2026-07-26T10:28:30.3708636Z   Using metacopy: false
2026-07-26T10:28:30.3708944Z   Native Overlay Diff: false
2026-07-26T10:28:30.3709239Z   userxattr: false
2026-07-26T10:28:30.3709495Z  Logging Driver: json-file
2026-07-26T10:28:30.3709774Z  Cgroup Driver: systemd
2026-07-26T10:28:30.3710057Z  Cgroup Version: 2
2026-07-26T10:28:30.3710438Z  Plugins:
2026-07-26T10:28:30.3710737Z   Volume: local
2026-07-26T10:28:30.3711051Z   Network: bridge host ipvlan macvlan null overlay
2026-07-26T10:28:30.3711624Z   Log: awslogs fluentd gcplogs gelf journald json-file local splunk syslog
2026-07-26T10:28:30.3712249Z  Swarm: inactive
2026-07-26T10:28:30.3712522Z  Runtimes: io.containerd.runc.v2 runc
2026-07-26T10:28:30.3712844Z  Default Runtime: runc
2026-07-26T10:28:30.3713096Z  Init Binary: docker-init
2026-07-26T10:28:30.3713453Z  containerd version: 11ce9d5f3c68c941867e82890e93e815c1304f1b
2026-07-26T10:28:30.3713864Z  runc version: v1.3.6-0-g491b69ba
2026-07-26T10:28:30.3714165Z  init version: de40ad0
2026-07-26T10:28:30.3714450Z  Security Options:
2026-07-26T10:28:30.3714697Z   apparmor
2026-07-26T10:28:30.3714929Z   seccomp
2026-07-26T10:28:30.3715148Z    Profile: builtin
2026-07-26T10:28:30.3715391Z   cgroupns
2026-07-26T10:28:30.3715644Z  Kernel Version: 6.17.0-1020-azure
2026-07-26T10:28:30.3716008Z  Operating System: Ubuntu 24.04.4 LTS
2026-07-26T10:28:30.3716330Z  OSType: linux
2026-07-26T10:28:30.3716581Z  Architecture: x86_64
2026-07-26T10:28:30.3716820Z  CPUs: 4
2026-07-26T10:28:30.3717048Z  Total Memory: 15.61GiB
2026-07-26T10:28:30.3717333Z  Name: runnervmvrwv9
2026-07-26T10:28:30.3717600Z  ID: dce1e4a9-fc26-4218-aaf0-feee5194c8cb
2026-07-26T10:28:30.3717898Z  Docker Root Dir: /var/lib/docker
2026-07-26T10:28:30.3718161Z  Debug Mode: false
2026-07-26T10:28:30.3718390Z  Username: githubactions
2026-07-26T10:28:30.3718653Z  Experimental: false
2026-07-26T10:28:30.3719222Z  Insecure Registries:
2026-07-26T10:28:30.3723718Z   ::1/128
2026-07-26T10:28:30.3723980Z   127.0.0.0/8
2026-07-26T10:28:30.3724245Z  Live Restore Enabled: false
2026-07-26T10:28:30.3724462Z 
2026-07-26T10:28:30.3724998Z ##[endgroup]
2026-07-26T10:28:30.4185106Z ##[group]Buildx version
2026-07-26T10:28:30.4205441Z [command]/usr/bin/docker buildx version
2026-07-26T10:28:30.4605772Z github.com/docker/buildx v0.35.0 a319e5b15052cf6557ceb666eb8ff6e32380b782
2026-07-26T10:28:30.4634286Z ##[endgroup]
2026-07-26T10:28:30.4781984Z ##[group]Inspecting default docker context
2026-07-26T10:28:30.4927111Z [
2026-07-26T10:28:30.4927408Z   {
2026-07-26T10:28:30.4927591Z     "Name": "default",
2026-07-26T10:28:30.4927827Z     "Metadata": {},
2026-07-26T10:28:30.4928011Z     "Endpoints": {
2026-07-26T10:28:30.4928199Z       "docker": {
2026-07-26T10:28:30.4928410Z         "Host": "unix:///var/run/docker.sock",
2026-07-26T10:28:30.4928682Z         "SkipTLSVerify": false
2026-07-26T10:28:30.4928911Z       }
2026-07-26T10:28:30.4929060Z     },
2026-07-26T10:28:30.4929216Z     "TLSMaterial": {},
2026-07-26T10:28:30.4929393Z     "Storage": {
2026-07-26T10:28:30.4929597Z       "MetadataPath": "<IN MEMORY>",
2026-07-26T10:28:30.4929844Z       "TLSPath": "<IN MEMORY>"
2026-07-26T10:28:30.4930036Z     }
2026-07-26T10:28:30.4930176Z   }
2026-07-26T10:28:30.4930315Z ]
2026-07-26T10:28:30.4931230Z ##[endgroup]
2026-07-26T10:28:30.4931847Z ##[group]Creating a new builder instance
2026-07-26T10:28:30.5886002Z [command]/usr/bin/docker buildx create --name builder-de07b463-06ba-4965-b841-3719b0998232 --driver docker-container --buildkitd-flags --allow-insecure-entitlement security.insecure --allow-insecure-entitlement network.host --use
2026-07-26T10:28:30.6325524Z builder-de07b463-06ba-4965-b841-3719b0998232
2026-07-26T10:28:30.6356570Z ##[endgroup]
2026-07-26T10:28:30.6357001Z ##[group]Booting builder
2026-07-26T10:28:30.6408165Z [command]/usr/bin/docker buildx inspect --bootstrap --builder builder-de07b463-06ba-4965-b841-3719b0998232
2026-07-26T10:28:30.6817773Z #1 [internal] booting buildkit
2026-07-26T10:28:30.8322806Z #1 pulling image moby/buildkit:buildx-stable-1
2026-07-26T10:28:40.6506479Z #1 pulling image moby/buildkit:buildx-stable-1 10.0s done
2026-07-26T10:28:40.8011266Z #1 creating container buildx_buildkit_builder-de07b463-06ba-4965-b841-3719b09982320
2026-07-26T10:28:40.9066838Z #1 creating container buildx_buildkit_builder-de07b463-06ba-4965-b841-3719b09982320 0.3s done
2026-07-26T10:28:40.9083314Z #1 DONE 10.2s
2026-07-26T10:28:40.9359807Z Name:          builder-de07b463-06ba-4965-b841-3719b0998232
2026-07-26T10:28:40.9360415Z Driver:        docker-container
2026-07-26T10:28:40.9361161Z Last Activity: 2026-07-26 10:28:30 +0000 UTC
2026-07-26T10:28:40.9361421Z 
2026-07-26T10:28:40.9361513Z Nodes:
2026-07-26T10:28:40.9361992Z Name:                  builder-de07b463-06ba-4965-b841-3719b09982320
2026-07-26T10:28:40.9362454Z Endpoint:              unix:///var/run/docker.sock
2026-07-26T10:28:40.9362862Z Status:                running
2026-07-26T10:28:40.9363520Z BuildKit daemon flags: --allow-insecure-entitlement security.insecure --allow-insecure-entitlement network.host
2026-07-26T10:28:40.9364203Z BuildKit version:      v0.31.2
2026-07-26T10:28:40.9364672Z Platforms:             linux/amd64, linux/amd64/v2, linux/amd64/v3, linux/amd64/v4, linux/386
2026-07-26T10:28:40.9365171Z Labels:
2026-07-26T10:28:40.9365480Z  org.mobyproject.buildkit.worker.executor:         oci
2026-07-26T10:28:40.9365990Z  org.mobyproject.buildkit.worker.hostname:         b8138bd31ef3
2026-07-26T10:28:40.9366450Z  org.mobyproject.buildkit.worker.network:          host
2026-07-26T10:28:40.9366774Z  org.mobyproject.buildkit.worker.oci.process-mode: sandbox
2026-07-26T10:28:40.9367100Z  org.mobyproject.buildkit.worker.selinux.enabled:  false
2026-07-26T10:28:40.9367417Z  org.mobyproject.buildkit.worker.snapshotter:      overlayfs
2026-07-26T10:28:40.9367679Z GC Policy rule#0:
2026-07-26T10:28:40.9367845Z  All:            false
2026-07-26T10:28:40.9368469Z  Filters:        type==source.local type==exec.cachemount type==source.git.checkout
2026-07-26T10:28:40.9368779Z  Keep Duration:  48h0m0s
2026-07-26T10:28:40.9368964Z  Max Used Space: 488.3MiB
2026-07-26T10:28:40.9369143Z GC Policy rule#1:
2026-07-26T10:28:40.9369300Z  All:            false
2026-07-26T10:28:40.9369481Z  Keep Duration:  1440h0m0s
2026-07-26T10:28:40.9369671Z  Reserved Space: 9.313GiB
2026-07-26T10:28:40.9369856Z  Max Used Space: 93.13GiB
2026-07-26T10:28:40.9370054Z  Min Free Space: 27.01GiB
2026-07-26T10:28:40.9370228Z GC Policy rule#2:
2026-07-26T10:28:40.9370395Z  All:            false
2026-07-26T10:28:40.9370566Z  Reserved Space: 9.313GiB
2026-07-26T10:28:40.9370736Z  Max Used Space: 93.13GiB
2026-07-26T10:28:40.9370904Z  Min Free Space: 27.01GiB
2026-07-26T10:28:40.9371073Z GC Policy rule#3:
2026-07-26T10:28:40.9371235Z  All:            true
2026-07-26T10:28:40.9371405Z  Reserved Space: 9.313GiB
2026-07-26T10:28:40.9371584Z  Max Used Space: 93.13GiB
2026-07-26T10:28:40.9371925Z  Min Free Space: 27.01GiB
2026-07-26T10:28:40.9410592Z ##[endgroup]
2026-07-26T10:28:41.0167685Z ##[group]Inspect builder
2026-07-26T10:28:41.0168924Z {
2026-07-26T10:28:41.0169383Z   "nodes": [
2026-07-26T10:28:41.0169663Z     {
2026-07-26T10:28:41.0169987Z       "name": "builder-de07b463-06ba-4965-b841-3719b09982320",
2026-07-26T10:28:41.0170418Z       "endpoint": "unix:///var/run/docker.sock",
2026-07-26T10:28:41.0170779Z       "status": "running",
2026-07-26T10:28:41.0171445Z       "buildkitd-flags": "--allow-insecure-entitlement security.insecure --allow-insecure-entitlement network.host",
2026-07-26T10:28:41.0172962Z       "buildkit": "v0.31.2",
2026-07-26T10:28:41.0173440Z       "platforms": "linux/amd64,linux/amd64/v2,linux/amd64/v3,linux/amd64/v4,linux/386",
2026-07-26T10:28:41.0173932Z       "features": {
2026-07-26T10:28:41.0174322Z         "Automatically load images to the Docker Engine image store": true,
2026-07-26T10:28:41.0174794Z         "Cache export": true,
2026-07-26T10:28:41.0175123Z         "Direct push": true,
2026-07-26T10:28:41.0175422Z         "Docker exporter": true,
2026-07-26T10:28:41.0175738Z         "Multi-platform build": true,
2026-07-26T10:28:41.0176343Z         "OCI exporter": true
2026-07-26T10:28:41.0176598Z       },
2026-07-26T10:28:41.0176797Z       "labels": {
2026-07-26T10:28:41.0177098Z         "org.mobyproject.buildkit.worker.executor": "oci",
2026-07-26T10:28:41.0177570Z         "org.mobyproject.buildkit.worker.hostname": "b8138bd31ef3",
2026-07-26T10:28:41.0178033Z         "org.mobyproject.buildkit.worker.network": "host",
2026-07-26T10:28:41.0178505Z         "org.mobyproject.buildkit.worker.oci.process-mode": "sandbox",
2026-07-26T10:28:41.0179079Z         "org.mobyproject.buildkit.worker.selinux.enabled": "false",
2026-07-26T10:28:41.0179613Z         "org.mobyproject.buildkit.worker.snapshotter": "overlayfs"
2026-07-26T10:28:41.0179996Z       },
2026-07-26T10:28:41.0180215Z       "gcPolicy": [
2026-07-26T10:28:41.0180447Z         {
2026-07-26T10:28:41.0180697Z           "all": false,
2026-07-26T10:28:41.0180940Z           "filter": [
2026-07-26T10:28:41.0181313Z             "type==source.local type==exec.cachemount type==source.git.checkout"
2026-07-26T10:28:41.0181878Z           ],
2026-07-26T10:28:41.0182135Z           "keepDuration": "48h0m0s",
2026-07-26T10:28:41.0182464Z           "maxUsedSpace": "488.3MiB"
2026-07-26T10:28:41.0182743Z         },
2026-07-26T10:28:41.0182941Z         {
2026-07-26T10:28:41.0183141Z           "all": false,
2026-07-26T10:28:41.0183400Z           "keepDuration": "1440h0m0s",
2026-07-26T10:28:41.0183768Z           "reservedSpace": "9.313GiB",
2026-07-26T10:28:41.0184099Z           "maxUsedSpace": "93.13GiB",
2026-07-26T10:28:41.0184390Z           "minFreeSpace": "27.01GiB"
2026-07-26T10:28:41.0184659Z         },
2026-07-26T10:28:41.0184848Z         {
2026-07-26T10:28:41.0185045Z           "all": false,
2026-07-26T10:28:41.0185295Z           "reservedSpace": "9.313GiB",
2026-07-26T10:28:41.0185590Z           "maxUsedSpace": "93.13GiB",
2026-07-26T10:28:41.0186174Z           "minFreeSpace": "27.01GiB"
2026-07-26T10:28:41.0186507Z         },
2026-07-26T10:28:41.0186745Z         {
2026-07-26T10:28:41.0186972Z           "all": true,
2026-07-26T10:28:41.0187290Z           "reservedSpace": "9.313GiB",
2026-07-26T10:28:41.0187612Z           "maxUsedSpace": "93.13GiB",
2026-07-26T10:28:41.0187901Z           "minFreeSpace": "27.01GiB"
2026-07-26T10:28:41.0188214Z         }
2026-07-26T10:28:41.0188441Z       ]
2026-07-26T10:28:41.0188637Z     }
2026-07-26T10:28:41.0188874Z   ],
2026-07-26T10:28:41.0189163Z   "name": "builder-de07b463-06ba-4965-b841-3719b0998232",
2026-07-26T10:28:41.0189572Z   "driver": "docker-container",
2026-07-26T10:28:41.0189909Z   "lastActivity": "2026-07-26T10:28:30.000Z"
2026-07-26T10:28:41.0190273Z }
2026-07-26T10:28:41.0190783Z ##[endgroup]
2026-07-26T10:28:41.0191261Z ##[group]BuildKit version
2026-07-26T10:28:41.0191610Z builder-de07b463-06ba-4965-b841-3719b09982320: v0.31.2
2026-07-26T10:28:41.0192282Z ##[endgroup]
2026-07-26T10:28:41.0349393Z Node 20 is being deprecated. This workflow is running with Node 24 by default. If you need to temporarily use Node 20, you can set the ACTIONS_ALLOW_USE_UNSECURE_NODE_VERSION=true environment variable. For more information see: https://github.blog/changelog/2025-09-19-deprecation-of-node-20-on-github-actions-runners/
2026-07-26T10:28:41.0350426Z ##[group]Run docker/login-action@v3
2026-07-26T10:28:41.0350645Z with:
2026-07-26T10:28:41.0350814Z   registry: ghcr.io
2026-07-26T10:28:41.0350998Z   username: pkinerd
2026-07-26T10:28:41.0353712Z   password: ***
2026-07-26T10:28:41.0353900Z   logout: true
2026-07-26T10:28:41.0354066Z env:
2026-07-26T10:28:41.0354217Z   REGISTRY: ghcr.io
2026-07-26T10:28:41.0354400Z   IMAGE_NAME: pkinerd/ednsv
2026-07-26T10:28:41.0354592Z ##[endgroup]
2026-07-26T10:28:41.2915658Z Logging into ghcr.io...
2026-07-26T10:28:41.2933623Z (node:2543) [DEP0040] DeprecationWarning: The `punycode` module is deprecated. Please use a userland alternative instead.
2026-07-26T10:28:41.2934268Z (Use `node --trace-deprecation ...` to show where the warning was created)
2026-07-26T10:28:41.8566188Z Login Succeeded!
2026-07-26T10:28:41.8706557Z Node 20 is being deprecated. This workflow is running with Node 24 by default. If you need to temporarily use Node 20, you can set the ACTIONS_ALLOW_USE_UNSECURE_NODE_VERSION=true environment variable. For more information see: https://github.blog/changelog/2025-09-19-deprecation-of-node-20-on-github-actions-runners/
2026-07-26T10:28:41.8707520Z ##[group]Run docker/metadata-action@v5
2026-07-26T10:28:41.8707742Z with:
2026-07-26T10:28:41.8707916Z   images: ghcr.io/pkinerd/ednsv
2026-07-26T10:28:41.8708475Z   tags: type=ref,event=branch,prefix=branch-
type=ref,event=pr,prefix=pr-
type=sha,format=short,prefix=sha-
type=raw,value=latest,enable={{is_default_branch}}
type=raw,value=latest-any

2026-07-26T10:28:41.8709038Z   context: workflow
2026-07-26T10:28:41.8711281Z   github-token: ***
2026-07-26T10:28:41.8711456Z env:
2026-07-26T10:28:41.8711630Z   REGISTRY: ghcr.io
2026-07-26T10:28:41.8712083Z   IMAGE_NAME: pkinerd/ednsv
2026-07-26T10:28:41.8712286Z ##[endgroup]
2026-07-26T10:28:42.1637627Z (node:2564) [DEP0040] DeprecationWarning: The `punycode` module is deprecated. Please use a userland alternative instead.
2026-07-26T10:28:42.1638230Z (Use `node --trace-deprecation ...` to show where the warning was created)
2026-07-26T10:28:43.3173646Z ##[group]Context info
2026-07-26T10:28:43.3173956Z eventName: pull_request
2026-07-26T10:28:43.3174273Z sha: ea71b2e1cfd7509ba0f5e859bed6f7e6d5e2840b
2026-07-26T10:28:43.3174660Z ref: refs/pull/28/merge
2026-07-26T10:28:43.3174964Z workflow: CI
2026-07-26T10:28:43.3175214Z action: meta
2026-07-26T10:28:43.3175459Z actor: pkinerd
2026-07-26T10:28:43.3175719Z runNumber: 218
2026-07-26T10:28:43.3175956Z runId: 30198300977
2026-07-26T10:28:43.3176360Z commitDate: Sun Jul 26 2026 10:27:41 GMT+0000 (Coordinated Universal Time)
2026-07-26T10:28:43.3177047Z ##[endgroup]
2026-07-26T10:28:43.3180902Z ##[group]Processing images input
2026-07-26T10:28:43.3182022Z name=ghcr.io/pkinerd/ednsv,enable=true
2026-07-26T10:28:43.3182627Z ##[endgroup]
2026-07-26T10:28:43.3197043Z ##[group]Processing tags input
2026-07-26T10:28:43.3197891Z type=ref,event=branch,prefix=branch-,enable=true,priority=600
2026-07-26T10:28:43.3198606Z type=ref,event=pr,prefix=pr-,enable=true,priority=600
2026-07-26T10:28:43.3199280Z type=raw,value=latest,enable={{is_default_branch}},priority=200
2026-07-26T10:28:43.3199990Z type=raw,value=latest-any,enable=true,priority=200
2026-07-26T10:28:43.3200652Z type=sha,format=short,prefix=sha-,enable=true,priority=100
2026-07-26T10:28:43.3201451Z ##[endgroup]
2026-07-26T10:28:43.3202264Z ##[group]Processing flavor input
2026-07-26T10:28:43.3202764Z latest=auto
2026-07-26T10:28:43.3203165Z prefix=
2026-07-26T10:28:43.3203563Z prefixLatest=false
2026-07-26T10:28:43.3204002Z suffix=
2026-07-26T10:28:43.3204418Z suffixLatest=false
2026-07-26T10:28:43.3205072Z ##[endgroup]
2026-07-26T10:28:43.3252712Z ##[group]Docker image version
2026-07-26T10:28:43.3253061Z pr-28
2026-07-26T10:28:43.3253416Z ##[endgroup]
2026-07-26T10:28:43.3256298Z ##[group]Docker tags
2026-07-26T10:28:43.3256632Z ghcr.io/pkinerd/ednsv:pr-28
2026-07-26T10:28:43.3256943Z ghcr.io/pkinerd/ednsv:latest-any
2026-07-26T10:28:43.3257291Z ghcr.io/pkinerd/ednsv:sha-ea71b2e
2026-07-26T10:28:43.3257781Z ##[endgroup]
2026-07-26T10:28:43.3315409Z ##[group]Docker labels
2026-07-26T10:28:43.3315828Z org.opencontainers.image.created=2026-07-26T10:28:43.319Z
2026-07-26T10:28:43.3316278Z org.opencontainers.image.description=
2026-07-26T10:28:43.3316668Z org.opencontainers.image.licenses=
2026-07-26T10:28:43.3317178Z org.opencontainers.image.revision=ea71b2e1cfd7509ba0f5e859bed6f7e6d5e2840b
2026-07-26T10:28:43.3317900Z org.opencontainers.image.source=https://github.com/pkinerd/ednsv
2026-07-26T10:28:43.3318362Z org.opencontainers.image.title=ednsv
2026-07-26T10:28:43.3318803Z org.opencontainers.image.url=https://github.com/pkinerd/ednsv
2026-07-26T10:28:43.3319246Z org.opencontainers.image.version=pr-28
2026-07-26T10:28:43.3319747Z ##[endgroup]
2026-07-26T10:28:43.3320140Z ##[group]Annotations
2026-07-26T10:28:43.3320836Z manifest:org.opencontainers.image.created=2026-07-26T10:28:43.319Z
2026-07-26T10:28:43.3321330Z manifest:org.opencontainers.image.description=
2026-07-26T10:28:43.3321918Z manifest:org.opencontainers.image.licenses=
2026-07-26T10:28:43.3322471Z manifest:org.opencontainers.image.revision=ea71b2e1cfd7509ba0f5e859bed6f7e6d5e2840b
2026-07-26T10:28:43.3323135Z manifest:org.opencontainers.image.source=https://github.com/pkinerd/ednsv
2026-07-26T10:28:43.3323678Z manifest:org.opencontainers.image.title=ednsv
2026-07-26T10:28:43.3324187Z manifest:org.opencontainers.image.url=https://github.com/pkinerd/ednsv
2026-07-26T10:28:43.3324718Z manifest:org.opencontainers.image.version=pr-28
2026-07-26T10:28:43.3325085Z ##[endgroup]
2026-07-26T10:28:43.3325373Z ##[group]JSON output
2026-07-26T10:28:43.3325542Z {
2026-07-26T10:28:43.3325685Z   "tags": [
2026-07-26T10:28:43.3325864Z     "ghcr.io/pkinerd/ednsv:pr-28",
2026-07-26T10:28:43.3326104Z     "ghcr.io/pkinerd/ednsv:latest-any",
2026-07-26T10:28:43.3326402Z     "ghcr.io/pkinerd/ednsv:sha-ea71b2e"
2026-07-26T10:28:43.3326675Z   ],
2026-07-26T10:28:43.3326823Z   "tag-names": [
2026-07-26T10:28:43.3327081Z     "pr-28",
2026-07-26T10:28:43.3327240Z     "latest-any",
2026-07-26T10:28:43.3327398Z     "sha-ea71b2e"
2026-07-26T10:28:43.3327545Z   ],
2026-07-26T10:28:43.3327716Z   "labels": {
2026-07-26T10:28:43.3328010Z     "org.opencontainers.image.created": "2026-07-26T10:28:43.319Z",
2026-07-26T10:28:43.3328330Z     "org.opencontainers.image.description": "",
2026-07-26T10:28:43.3328589Z     "org.opencontainers.image.licenses": "",
2026-07-26T10:28:43.3328976Z     "org.opencontainers.image.revision": "ea71b2e1cfd7509ba0f5e859bed6f7e6d5e2840b",
2026-07-26T10:28:43.3329550Z     "org.opencontainers.image.source": "https://github.com/pkinerd/ednsv",
2026-07-26T10:28:43.3329937Z     "org.opencontainers.image.title": "ednsv",
2026-07-26T10:28:43.3330458Z     "org.opencontainers.image.url": "https://github.com/pkinerd/ednsv",
2026-07-26T10:28:43.3330784Z     "org.opencontainers.image.version": "pr-28"
2026-07-26T10:28:43.3331110Z   },
2026-07-26T10:28:43.3331330Z   "annotations": [
2026-07-26T10:28:43.3331870Z     "manifest:org.opencontainers.image.created=2026-07-26T10:28:43.319Z",
2026-07-26T10:28:43.3332317Z     "manifest:org.opencontainers.image.description=",
2026-07-26T10:28:43.3332653Z     "manifest:org.opencontainers.image.licenses=",
2026-07-26T10:28:43.3333105Z     "manifest:org.opencontainers.image.revision=ea71b2e1cfd7509ba0f5e859bed6f7e6d5e2840b",
2026-07-26T10:28:43.3333815Z     "manifest:org.opencontainers.image.source=https://github.com/pkinerd/ednsv",
2026-07-26T10:28:43.3334177Z     "manifest:org.opencontainers.image.title=ednsv",
2026-07-26T10:28:43.3334512Z     "manifest:org.opencontainers.image.url=https://github.com/pkinerd/ednsv",
2026-07-26T10:28:43.3334856Z     "manifest:org.opencontainers.image.version=pr-28"
2026-07-26T10:28:43.3335107Z   ]
2026-07-26T10:28:43.3335252Z }
2026-07-26T10:28:43.3335529Z ##[endgroup]
2026-07-26T10:28:43.3335833Z ##[group]Bake file definition (tags)
2026-07-26T10:28:43.3336042Z {
2026-07-26T10:28:43.3336184Z   "target": {
2026-07-26T10:28:43.3336355Z     "docker-metadata-action": {
2026-07-26T10:28:43.3336549Z       "tags": [
2026-07-26T10:28:43.3336723Z         "ghcr.io/pkinerd/ednsv:pr-28",
2026-07-26T10:28:43.3336947Z         "ghcr.io/pkinerd/ednsv:latest-any",
2026-07-26T10:28:43.3337173Z         "ghcr.io/pkinerd/ednsv:sha-ea71b2e"
2026-07-26T10:28:43.3337375Z       ],
2026-07-26T10:28:43.3337519Z       "args": {
2026-07-26T10:28:43.3337708Z         "DOCKER_META_IMAGES": "ghcr.io/pkinerd/ednsv",
2026-07-26T10:28:43.3337949Z         "DOCKER_META_VERSION": "pr-28"
2026-07-26T10:28:43.3338146Z       }
2026-07-26T10:28:43.3338289Z     }
2026-07-26T10:28:43.3338432Z   }
2026-07-26T10:28:43.3338570Z }
2026-07-26T10:28:43.3338827Z ##[endgroup]
2026-07-26T10:28:43.3339110Z ##[group]Bake file definition (labels)
2026-07-26T10:28:43.3339361Z {
2026-07-26T10:28:43.3339530Z   "target": {
2026-07-26T10:28:43.3339876Z     "docker-metadata-action": {
2026-07-26T10:28:43.3340077Z       "labels": {
2026-07-26T10:28:43.3340317Z         "org.opencontainers.image.created": "2026-07-26T10:28:43.319Z",
2026-07-26T10:28:43.3340634Z         "org.opencontainers.image.description": "",
2026-07-26T10:28:43.3340921Z         "org.opencontainers.image.licenses": "",
2026-07-26T10:28:43.3341291Z         "org.opencontainers.image.revision": "ea71b2e1cfd7509ba0f5e859bed6f7e6d5e2840b",
2026-07-26T10:28:43.3341928Z         "org.opencontainers.image.source": "https://github.com/pkinerd/ednsv",
2026-07-26T10:28:43.3342339Z         "org.opencontainers.image.title": "ednsv",
2026-07-26T10:28:43.3342660Z         "org.opencontainers.image.url": "https://github.com/pkinerd/ednsv",
2026-07-26T10:28:43.3342998Z         "org.opencontainers.image.version": "pr-28"
2026-07-26T10:28:43.3343250Z       }
2026-07-26T10:28:43.3343406Z     }
2026-07-26T10:28:43.3343548Z   }
2026-07-26T10:28:43.3343691Z }
2026-07-26T10:28:43.3343966Z ##[endgroup]
2026-07-26T10:28:43.3344262Z ##[group]Bake file definition (annotations)
2026-07-26T10:28:43.3344477Z {
2026-07-26T10:28:43.3344652Z   "target": {
2026-07-26T10:28:43.3344837Z     "docker-metadata-action": {
2026-07-26T10:28:43.3345116Z       "annotations": [
2026-07-26T10:28:43.3345407Z         "manifest:org.opencontainers.image.created=2026-07-26T10:28:43.319Z",
2026-07-26T10:28:43.3345764Z         "manifest:org.opencontainers.image.description=",
2026-07-26T10:28:43.3346072Z         "manifest:org.opencontainers.image.licenses=",
2026-07-26T10:28:43.3346804Z         "manifest:org.opencontainers.image.revision=ea71b2e1cfd7509ba0f5e859bed6f7e6d5e2840b",
2026-07-26T10:28:43.3347573Z         "manifest:org.opencontainers.image.source=https://github.com/pkinerd/ednsv",
2026-07-26T10:28:43.3348166Z         "manifest:org.opencontainers.image.title=ednsv",
2026-07-26T10:28:43.3348733Z         "manifest:org.opencontainers.image.url=https://github.com/pkinerd/ednsv",
2026-07-26T10:28:43.3349335Z         "manifest:org.opencontainers.image.version=pr-28"
2026-07-26T10:28:43.3349600Z       ]
2026-07-26T10:28:43.3349762Z     }
2026-07-26T10:28:43.3349921Z   }
2026-07-26T10:28:43.3350061Z }
2026-07-26T10:28:43.3350357Z ##[endgroup]
2026-07-26T10:28:43.3506639Z Node 20 is being deprecated. This workflow is running with Node 24 by default. If you need to temporarily use Node 20, you can set the ACTIONS_ALLOW_USE_UNSECURE_NODE_VERSION=true environment variable. For more information see: https://github.blog/changelog/2025-09-19-deprecation-of-node-20-on-github-actions-runners/
2026-07-26T10:28:43.3507595Z ##[group]Run docker/build-push-action@v6
2026-07-26T10:28:43.3507817Z with:
2026-07-26T10:28:43.3507980Z   context: .
2026-07-26T10:28:43.3508146Z   file: ./Dockerfile
2026-07-26T10:28:43.3508318Z   push: true
2026-07-26T10:28:43.3508644Z   tags: ghcr.io/pkinerd/ednsv:pr-28
ghcr.io/pkinerd/ednsv:latest-any
ghcr.io/pkinerd/ednsv:sha-ea71b2e
2026-07-26T10:28:43.3510116Z   labels: org.opencontainers.image.created=2026-07-26T10:28:43.319Z
org.opencontainers.image.description=
org.opencontainers.image.licenses=
org.opencontainers.image.revision=ea71b2e1cfd7509ba0f5e859bed6f7e6d5e2840b
org.opencontainers.image.source=https://github.com/pkinerd/ednsv
org.opencontainers.image.title=ednsv
org.opencontainers.image.url=https://github.com/pkinerd/ednsv
org.opencontainers.image.version=pr-28
2026-07-26T10:28:43.3511373Z   cache-from: type=gha
2026-07-26T10:28:43.3511568Z   cache-to: type=gha,mode=max
2026-07-26T10:28:43.3511944Z   load: false
2026-07-26T10:28:43.3512121Z   no-cache: false
2026-07-26T10:28:43.3512289Z   pull: false
2026-07-26T10:28:43.3514513Z   github-token: ***
2026-07-26T10:28:43.3514688Z env:
2026-07-26T10:28:43.3514842Z   REGISTRY: ghcr.io
2026-07-26T10:28:43.3515020Z   IMAGE_NAME: pkinerd/ednsv
2026-07-26T10:28:43.3515228Z   DOCKER_METADATA_OUTPUT_VERSION: pr-28
2026-07-26T10:28:43.3515663Z   DOCKER_METADATA_OUTPUT_TAGS: ghcr.io/pkinerd/ednsv:pr-28
ghcr.io/pkinerd/ednsv:latest-any
ghcr.io/pkinerd/ednsv:sha-ea71b2e
2026-07-26T10:28:43.3516162Z   DOCKER_METADATA_OUTPUT_TAG_NAMES: pr-28
latest-any
sha-ea71b2e
2026-07-26T10:28:43.3517554Z   DOCKER_METADATA_OUTPUT_LABELS: org.opencontainers.image.created=2026-07-26T10:28:43.319Z
org.opencontainers.image.description=
org.opencontainers.image.licenses=
org.opencontainers.image.revision=ea71b2e1cfd7509ba0f5e859bed6f7e6d5e2840b
org.opencontainers.image.source=https://github.com/pkinerd/ednsv
org.opencontainers.image.title=ednsv
org.opencontainers.image.url=https://github.com/pkinerd/ednsv
org.opencontainers.image.version=pr-28
2026-07-26T10:28:43.3520156Z   DOCKER_METADATA_OUTPUT_ANNOTATIONS: manifest:org.opencontainers.image.created=2026-07-26T10:28:43.319Z
manifest:org.opencontainers.image.description=
manifest:org.opencontainers.image.licenses=
manifest:org.opencontainers.image.revision=ea71b2e1cfd7509ba0f5e859bed6f7e6d5e2840b
manifest:org.opencontainers.image.source=https://github.com/pkinerd/ednsv
manifest:org.opencontainers.image.title=ednsv
manifest:org.opencontainers.image.url=https://github.com/pkinerd/ednsv
manifest:org.opencontainers.image.version=pr-28
2026-07-26T10:28:43.3524971Z   DOCKER_METADATA_OUTPUT_JSON: {"tags":["ghcr.io/pkinerd/ednsv:pr-28","ghcr.io/pkinerd/ednsv:latest-any","ghcr.io/pkinerd/ednsv:sha-ea71b2e"],"tag-names":["pr-28","latest-any","sha-ea71b2e"],"labels":{"org.opencontainers.image.created":"2026-07-26T10:28:43.319Z","org.opencontainers.image.description":"","org.opencontainers.image.licenses":"","org.opencontainers.image.revision":"ea71b2e1cfd7509ba0f5e859bed6f7e6d5e2840b","org.opencontainers.image.source":"https://github.com/pkinerd/ednsv","org.opencontainers.image.title":"ednsv","org.opencontainers.image.url":"https://github.com/pkinerd/ednsv","org.opencontainers.image.version":"pr-28"},"annotations":["manifest:org.opencontainers.image.created=2026-07-26T10:28:43.319Z","manifest:org.opencontainers.image.description=","manifest:org.opencontainers.image.licenses=","manifest:org.opencontainers.image.revision=ea71b2e1cfd7509ba0f5e859bed6f7e6d5e2840b","manifest:org.opencontainers.image.source=https://github.com/pkinerd/ednsv","manifest:org.opencontainers.image.title=ednsv","manifest:org.opencontainers.image.url=https://github.com/pkinerd/ednsv","manifest:org.opencontainers.image.version=pr-28"]}
2026-07-26T10:28:43.3528633Z   DOCKER_METADATA_OUTPUT_BAKE_FILE_TAGS: /home/runner/work/_temp/docker-actions-toolkit-xPaI0M/docker-metadata-action-bake-tags.json
2026-07-26T10:28:43.3529352Z   DOCKER_METADATA_OUTPUT_BAKE_FILE_LABELS: /home/runner/work/_temp/docker-actions-toolkit-xPaI0M/docker-metadata-action-bake-labels.json
2026-07-26T10:28:43.3530101Z   DOCKER_METADATA_OUTPUT_BAKE_FILE_ANNOTATIONS: /home/runner/work/_temp/docker-actions-toolkit-xPaI0M/docker-metadata-action-bake-annotations.json
2026-07-26T10:28:43.3530802Z   DOCKER_METADATA_OUTPUT_BAKE_FILE: /home/runner/work/_temp/docker-actions-toolkit-xPaI0M/docker-metadata-action-bake.json
2026-07-26T10:28:43.3531228Z ##[endgroup]
2026-07-26T10:28:43.5465033Z (node:2577) [DEP0040] DeprecationWarning: The `punycode` module is deprecated. Please use a userland alternative instead.
2026-07-26T10:28:43.5465618Z (Use `node --trace-deprecation ...` to show where the warning was created)
2026-07-26T10:28:43.5487031Z ##[group]GitHub Actions runtime token ACs
2026-07-26T10:28:43.5495604Z refs/pull/28/merge: read/write
2026-07-26T10:28:43.5496368Z refs/heads/main: read
2026-07-26T10:28:43.5496862Z ##[endgroup]
2026-07-26T10:28:43.5497269Z ##[group]Docker info
2026-07-26T10:28:43.5541879Z [command]/usr/bin/docker version
2026-07-26T10:28:43.5779000Z Client: Docker Engine - Community
2026-07-26T10:28:43.5797260Z  Version:           28.0.4
2026-07-26T10:28:43.5799357Z  API version:       1.48
2026-07-26T10:28:43.5800999Z  Go version:        go1.23.7
2026-07-26T10:28:43.5801513Z  Git commit:        b8034c0
2026-07-26T10:28:43.5802129Z  Built:             Tue Mar 25 15:07:16 2025
2026-07-26T10:28:43.5815547Z  OS/Arch:           linux/amd64
2026-07-26T10:28:43.5816076Z  Context:           default
2026-07-26T10:28:43.5816432Z 
2026-07-26T10:28:43.5816709Z Server: Docker Engine - Community
2026-07-26T10:28:43.5817184Z  Engine:
2026-07-26T10:28:43.5817578Z   Version:          28.0.4
2026-07-26T10:28:43.5818066Z   API version:      1.48 (minimum version 1.24)
2026-07-26T10:28:43.5818597Z   Go version:       go1.23.7
2026-07-26T10:28:43.5819049Z   Git commit:       6430e49
2026-07-26T10:28:43.5819517Z   Built:            Tue Mar 25 15:07:16 2025
2026-07-26T10:28:43.5820023Z   OS/Arch:          linux/amd64
2026-07-26T10:28:43.5820482Z   Experimental:     false
2026-07-26T10:28:43.5820922Z  containerd:
2026-07-26T10:28:43.5821326Z   Version:          v2.2.6
2026-07-26T10:28:43.5823191Z   GitCommit:        11ce9d5f3c68c941867e82890e93e815c1304f1b
2026-07-26T10:28:43.5823759Z  runc:
2026-07-26T10:28:43.5824301Z   Version:          1.3.6
2026-07-26T10:28:43.5824756Z   GitCommit:        v1.3.6-0-g491b69ba
2026-07-26T10:28:43.5825255Z  docker-init:
2026-07-26T10:28:43.5825829Z   Version:          0.19.0
2026-07-26T10:28:43.5826277Z   GitCommit:        de40ad0
2026-07-26T10:28:43.5834369Z [command]/usr/bin/docker info
2026-07-26T10:28:43.6378490Z Client: Docker Engine - Community
2026-07-26T10:28:43.6379020Z  Version:    28.0.4
2026-07-26T10:28:43.6379340Z  Context:    default
2026-07-26T10:28:43.6379628Z  Debug Mode: false
2026-07-26T10:28:43.6379864Z  Plugins:
2026-07-26T10:28:43.6380137Z   buildx: Docker Buildx (Docker Inc.)
2026-07-26T10:28:43.6380486Z     Version:  v0.35.0
2026-07-26T10:28:43.6380846Z     Path:     /usr/libexec/docker/cli-plugins/docker-buildx
2026-07-26T10:28:43.6381278Z   compose: Docker Compose (Docker Inc.)
2026-07-26T10:28:43.6381646Z     Version:  v2.38.2
2026-07-26T10:28:43.6382282Z     Path:     /usr/libexec/docker/cli-plugins/docker-compose
2026-07-26T10:28:43.6382587Z 
2026-07-26T10:28:43.6392864Z Server:
2026-07-26T10:28:43.6393329Z  Containers: 1
2026-07-26T10:28:43.6393808Z   Running: 1
2026-07-26T10:28:43.6394808Z   Paused: 0
2026-07-26T10:28:43.6395176Z   Stopped: 0
2026-07-26T10:28:43.6395542Z  Images: 7
2026-07-26T10:28:43.6395918Z  Server Version: 28.0.4
2026-07-26T10:28:43.6396350Z  Storage Driver: overlay2
2026-07-26T10:28:43.6396792Z   Backing Filesystem: extfs
2026-07-26T10:28:43.6397264Z   Supports d_type: true
2026-07-26T10:28:43.6397858Z   Using metacopy: false
2026-07-26T10:28:43.6398277Z   Native Overlay Diff: false
2026-07-26T10:28:43.6398733Z   userxattr: false
2026-07-26T10:28:43.6399237Z  Logging Driver: json-file
2026-07-26T10:28:43.6399701Z  Cgroup Driver: systemd
2026-07-26T10:28:43.6400109Z  Cgroup Version: 2
2026-07-26T10:28:43.6400496Z  Plugins:
2026-07-26T10:28:43.6400858Z   Volume: local
2026-07-26T10:28:43.6401297Z   Network: bridge host ipvlan macvlan null overlay
2026-07-26T10:28:43.6402093Z   Log: awslogs fluentd gcplogs gelf journald json-file local splunk syslog
2026-07-26T10:28:43.6402727Z  Swarm: inactive
2026-07-26T10:28:43.6403134Z  Runtimes: runc io.containerd.runc.v2
2026-07-26T10:28:43.6403623Z  Default Runtime: runc
2026-07-26T10:28:43.6404038Z  Init Binary: docker-init
2026-07-26T10:28:43.6404557Z  containerd version: 11ce9d5f3c68c941867e82890e93e815c1304f1b
2026-07-26T10:28:43.6405139Z  runc version: v1.3.6-0-g491b69ba
2026-07-26T10:28:43.6405591Z  init version: de40ad0
2026-07-26T10:28:43.6405999Z  Security Options:
2026-07-26T10:28:43.6407746Z   apparmor
2026-07-26T10:28:43.6408115Z   seccomp
2026-07-26T10:28:43.6408481Z    Profile: builtin
2026-07-26T10:28:43.6408859Z   cgroupns
2026-07-26T10:28:43.6409228Z  Kernel Version: 6.17.0-1020-azure
2026-07-26T10:28:43.6409952Z  Operating System: Ubuntu 24.04.4 LTS
2026-07-26T10:28:43.6410418Z  OSType: linux
2026-07-26T10:28:43.6410804Z  Architecture: x86_64
2026-07-26T10:28:43.6411407Z  CPUs: 4
2026-07-26T10:28:43.6411881Z  Total Memory: 15.61GiB
2026-07-26T10:28:43.6412422Z  Name: runnervmvrwv9
2026-07-26T10:28:43.6412752Z  ID: dce1e4a9-fc26-4218-aaf0-feee5194c8cb
2026-07-26T10:28:43.6413192Z  Docker Root Dir: /var/lib/docker
2026-07-26T10:28:43.6413504Z  Debug Mode: false
2026-07-26T10:28:43.6413773Z  Username: githubactions
2026-07-26T10:28:43.6414031Z  Experimental: false
2026-07-26T10:28:43.6414270Z  Insecure Registries:
2026-07-26T10:28:43.6414550Z   ::1/128
2026-07-26T10:28:43.6414781Z   127.0.0.0/8
2026-07-26T10:28:43.6415039Z  Live Restore Enabled: false
2026-07-26T10:28:43.6415237Z 
2026-07-26T10:28:43.6415635Z ##[endgroup]
2026-07-26T10:28:43.6416081Z ##[group]Proxy configuration
2026-07-26T10:28:43.6416363Z No proxy configuration found
2026-07-26T10:28:43.6416756Z ##[endgroup]
2026-07-26T10:28:43.6917690Z ##[group]Buildx version
2026-07-26T10:28:43.6934731Z [command]/usr/bin/docker buildx version
2026-07-26T10:28:43.7351906Z github.com/docker/buildx v0.35.0 a319e5b15052cf6557ceb666eb8ff6e32380b782
2026-07-26T10:28:43.7381542Z ##[endgroup]
2026-07-26T10:28:43.7382082Z ##[group]Builder info
2026-07-26T10:28:43.8166726Z {
2026-07-26T10:28:43.8167082Z   "nodes": [
2026-07-26T10:28:43.8167330Z     {
2026-07-26T10:28:43.8167714Z       "name": "builder-de07b463-06ba-4965-b841-3719b09982320",
2026-07-26T10:28:43.8168185Z       "endpoint": "unix:///var/run/docker.sock",
2026-07-26T10:28:43.8168561Z       "status": "running",
2026-07-26T10:28:43.8169230Z       "buildkitd-flags": "--allow-insecure-entitlement security.insecure --allow-insecure-entitlement network.host",
2026-07-26T10:28:43.8169933Z       "buildkit": "v0.31.2",
2026-07-26T10:28:43.8170429Z       "platforms": "linux/amd64,linux/amd64/v2,linux/amd64/v3,linux/amd64/v4,linux/386",
2026-07-26T10:28:43.8170915Z       "features": {
2026-07-26T10:28:43.8171309Z         "Automatically load images to the Docker Engine image store": true,
2026-07-26T10:28:43.8172016Z         "Cache export": true,
2026-07-26T10:28:43.8172327Z         "Direct push": true,
2026-07-26T10:28:43.8172655Z         "Docker exporter": true,
2026-07-26T10:28:43.8172982Z         "Multi-platform build": true,
2026-07-26T10:28:43.8173313Z         "OCI exporter": true
2026-07-26T10:28:43.8173595Z       },
2026-07-26T10:28:43.8174207Z       "labels": {
2026-07-26T10:28:43.8174501Z         "org.mobyproject.buildkit.worker.executor": "oci",
2026-07-26T10:28:43.8174978Z         "org.mobyproject.buildkit.worker.hostname": "b8138bd31ef3",
2026-07-26T10:28:43.8175472Z         "org.mobyproject.buildkit.worker.network": "host",
2026-07-26T10:28:43.8176250Z         "org.mobyproject.buildkit.worker.oci.process-mode": "sandbox",
2026-07-26T10:28:43.8176831Z         "org.mobyproject.buildkit.worker.selinux.enabled": "false",
2026-07-26T10:28:43.8177420Z         "org.mobyproject.buildkit.worker.snapshotter": "overlayfs"
2026-07-26T10:28:43.8177862Z       },
2026-07-26T10:28:43.8178088Z       "gcPolicy": [
2026-07-26T10:28:43.8178344Z         {
2026-07-26T10:28:43.8178580Z           "all": false,
2026-07-26T10:28:43.8178848Z           "filter": [
2026-07-26T10:28:43.8179263Z             "type==source.local type==exec.cachemount type==source.git.checkout"
2026-07-26T10:28:43.8179792Z           ],
2026-07-26T10:28:43.8180044Z           "keepDuration": "48h0m0s",
2026-07-26T10:28:43.8180374Z           "maxUsedSpace": "488.3MiB"
2026-07-26T10:28:43.8180666Z         },
2026-07-26T10:28:43.8180880Z         {
2026-07-26T10:28:43.8181117Z           "all": false,
2026-07-26T10:28:43.8181422Z           "keepDuration": "1440h0m0s",
2026-07-26T10:28:43.8182495Z           "reservedSpace": "9.313GiB",
2026-07-26T10:28:43.8182879Z           "maxUsedSpace": "93.13GiB",
2026-07-26T10:28:43.8183252Z           "minFreeSpace": "27.01GiB"
2026-07-26T10:28:43.8183552Z         },
2026-07-26T10:28:43.8183769Z         {
2026-07-26T10:28:43.8184012Z           "all": false,
2026-07-26T10:28:43.8184283Z           "reservedSpace": "9.313GiB",
2026-07-26T10:28:43.8184623Z           "maxUsedSpace": "93.13GiB",
2026-07-26T10:28:43.8184948Z           "minFreeSpace": "27.01GiB"
2026-07-26T10:28:43.8185264Z         },
2026-07-26T10:28:43.8185485Z         {
2026-07-26T10:28:43.8185691Z           "all": true,
2026-07-26T10:28:43.8185980Z           "reservedSpace": "9.313GiB",
2026-07-26T10:28:43.8186337Z           "maxUsedSpace": "93.13GiB",
2026-07-26T10:28:43.8186682Z           "minFreeSpace": "27.01GiB"
2026-07-26T10:28:43.8187020Z         }
2026-07-26T10:28:43.8187237Z       ]
2026-07-26T10:28:43.8187462Z     }
2026-07-26T10:28:43.8187680Z   ],
2026-07-26T10:28:43.8187996Z   "name": "builder-de07b463-06ba-4965-b841-3719b0998232",
2026-07-26T10:28:43.8188392Z   "driver": "docker-container",
2026-07-26T10:28:43.8188749Z   "lastActivity": "2026-07-26T10:28:30.000Z"
2026-07-26T10:28:43.8189088Z }
2026-07-26T10:28:43.8189637Z ##[endgroup]
2026-07-26T10:28:43.9487817Z [command]/usr/bin/docker buildx build --cache-from type=gha --cache-to type=gha,mode=max --file ./Dockerfile --iidfile /home/runner/work/_temp/docker-actions-toolkit-BgNdBs/build-iidfile-4574f28e5b.txt --label org.opencontainers.image.created=2026-07-26T10:28:43.319Z --label org.opencontainers.image.description= --label org.opencontainers.image.licenses= --label org.opencontainers.image.revision=ea71b2e1cfd7509ba0f5e859bed6f7e6d5e2840b --label org.opencontainers.image.source=https://github.com/pkinerd/ednsv --label org.opencontainers.image.title=ednsv --label org.opencontainers.image.url=https://github.com/pkinerd/ednsv --label org.opencontainers.image.version=pr-28 --attest type=provenance,mode=max,builder-id=https://github.com/pkinerd/ednsv/actions/runs/30198300977/attempts/1 --tag ghcr.io/pkinerd/ednsv:pr-28 --tag ghcr.io/pkinerd/ednsv:latest-any --tag ghcr.io/pkinerd/ednsv:sha-ea71b2e --metadata-file /home/runner/work/_temp/docker-actions-toolkit-BgNdBs/build-metadata-77a134adfc.json --push .
2026-07-26T10:28:44.1980000Z #0 building with "builder-de07b463-06ba-4965-b841-3719b0998232" instance using docker-container driver
2026-07-26T10:28:44.1980362Z 
2026-07-26T10:28:44.1980486Z #1 [internal] load build definition from Dockerfile
2026-07-26T10:28:44.1980750Z #1 transferring dockerfile: 827B done
2026-07-26T10:28:44.1980960Z #1 DONE 0.0s
2026-07-26T10:28:44.1981051Z 
2026-07-26T10:28:44.1981244Z #2 resolve image config for docker-image://docker.io/docker/dockerfile:1.7
2026-07-26T10:28:44.3625402Z #2 ...
2026-07-26T10:28:44.3625627Z 
2026-07-26T10:28:44.3625848Z #3 [auth] docker/dockerfile:pull token for registry-1.docker.io
2026-07-26T10:28:44.3626148Z #3 DONE 0.0s
2026-07-26T10:28:44.5127798Z 
2026-07-26T10:28:44.5128777Z #2 resolve image config for docker-image://docker.io/docker/dockerfile:1.7
2026-07-26T10:28:44.7520561Z #2 DONE 0.7s
2026-07-26T10:28:44.9135397Z 
2026-07-26T10:28:44.9136123Z #4 docker-image://docker.io/docker/dockerfile:1.7@sha256:a57df69d0ea827fb7266491f2813635de6f17269be881f696fbfdf2d83dda33e
2026-07-26T10:28:44.9136851Z #4 resolve docker.io/docker/dockerfile:1.7@sha256:a57df69d0ea827fb7266491f2813635de6f17269be881f696fbfdf2d83dda33e done
2026-07-26T10:28:44.9158684Z #4 sha256:96918c57e42509b97f10c074d80672ecdbd3bb7dcd38c1bd95960cf291207416 11.98MB / 11.98MB 0.2s
2026-07-26T10:28:45.0368690Z #4 sha256:96918c57e42509b97f10c074d80672ecdbd3bb7dcd38c1bd95960cf291207416 11.98MB / 11.98MB 0.2s done
2026-07-26T10:28:45.0369677Z #4 extracting sha256:96918c57e42509b97f10c074d80672ecdbd3bb7dcd38c1bd95960cf291207416 0.1s done
2026-07-26T10:28:45.0370435Z #4 DONE 0.3s
2026-07-26T10:28:45.2384903Z 
2026-07-26T10:28:45.2385206Z #5 [internal] load metadata for mcr.microsoft.com/dotnet/sdk:8.0
2026-07-26T10:28:45.4028312Z #5 DONE 0.3s
2026-07-26T10:28:45.4028609Z 
2026-07-26T10:28:45.4029121Z #6 [internal] load metadata for mcr.microsoft.com/dotnet/aspnet:8.0
2026-07-26T10:28:45.5634957Z #6 DONE 0.3s
2026-07-26T10:28:45.5635725Z 
2026-07-26T10:28:45.5636129Z #7 [internal] load .dockerignore
2026-07-26T10:28:45.5636842Z #7 transferring context: 249B done
2026-07-26T10:28:45.5637380Z #7 DONE 0.0s
2026-07-26T10:28:45.5637521Z 
2026-07-26T10:28:45.5637708Z #8 importing cache manifest from gha:14379012838196774405
2026-07-26T10:28:45.7209420Z #8 ...
2026-07-26T10:28:45.7209649Z 
2026-07-26T10:28:45.7209769Z #9 [internal] load build context
2026-07-26T10:28:45.7210094Z #9 DONE 0.0s
2026-07-26T10:28:45.7210200Z 
2026-07-26T10:28:45.7210557Z #10 [build 1/8] FROM mcr.microsoft.com/dotnet/sdk:8.0@sha256:3c0edbfe1549dd93fb789dc96299a40df865ad7bffefcaf38e8c05940686d641
2026-07-26T10:28:45.7211238Z #10 resolve mcr.microsoft.com/dotnet/sdk:8.0@sha256:3c0edbfe1549dd93fb789dc96299a40df865ad7bffefcaf38e8c05940686d641 done
2026-07-26T10:28:45.7211666Z #10 DONE 0.0s
2026-07-26T10:28:45.7211987Z 
2026-07-26T10:28:45.7212303Z #11 [runtime 1/3] FROM mcr.microsoft.com/dotnet/aspnet:8.0@sha256:8f6a307ae32fb393a4b4bcde0a81f0ce3f0a715de0e5575df71f3030448f2dde
2026-07-26T10:28:45.7212974Z #11 resolve mcr.microsoft.com/dotnet/aspnet:8.0@sha256:8f6a307ae32fb393a4b4bcde0a81f0ce3f0a715de0e5575df71f3030448f2dde done
2026-07-26T10:28:45.7213394Z #11 DONE 0.0s
2026-07-26T10:28:45.8712034Z 
2026-07-26T10:28:45.8712611Z #8 importing cache manifest from gha:14379012838196774405
2026-07-26T10:28:46.0114264Z #8 DONE 0.4s
2026-07-26T10:28:46.1847354Z 
2026-07-26T10:28:46.1847894Z #9 [internal] load build context
2026-07-26T10:28:46.1848322Z #9 transferring context: 926.69kB 0.0s done
2026-07-26T10:28:46.1848717Z #9 DONE 0.0s
2026-07-26T10:28:46.1848853Z 
2026-07-26T10:28:46.1848969Z #12 [build 2/8] WORKDIR /src
2026-07-26T10:28:46.1849256Z #12 CACHED
2026-07-26T10:28:46.1849380Z 
2026-07-26T10:28:46.1849607Z #13 [build 3/8] COPY src/Ednsv.Core/Ednsv.Core.csproj src/Ednsv.Core/
2026-07-26T10:28:46.1850048Z #13 CACHED
2026-07-26T10:28:46.1850178Z 
2026-07-26T10:28:46.1850372Z #14 [build 4/8] COPY src/Ednsv.Web/Ednsv.Web.csproj src/Ednsv.Web/
2026-07-26T10:28:46.1850770Z #14 CACHED
2026-07-26T10:28:46.1850860Z 
2026-07-26T10:28:46.1850985Z #15 [build 5/8] RUN dotnet restore src/Ednsv.Web/Ednsv.Web.csproj
2026-07-26T10:28:46.2227892Z #15 CACHED
2026-07-26T10:28:46.3733627Z 
2026-07-26T10:28:46.3734136Z #15 [build 5/8] RUN dotnet restore src/Ednsv.Web/Ednsv.Web.csproj
2026-07-26T10:28:46.3762886Z #15 sha256:7c7616ad766245be8807f1899bc25fa05f61c48f8079fa36c964d481853af380 0B / 74.96MB 0.2s
2026-07-26T10:28:46.5256103Z #15 sha256:89f057fbd63d49c61fb415af2773f20380c76d858a5dc95dcdcd0ac198854624 456B / 456B 0.2s done
2026-07-26T10:28:46.5257575Z #15 sha256:704a261d6a0df1be6f054161284fc14ac0eaa21ceb629676ee3d0dd8ec908988 438B / 438B 0.2s done
2026-07-26T10:28:46.5258405Z #15 sha256:4d015ec68eada998a41dff557e9be9876100aacfd3adb78c32cccfb1faac8a40 92B / 92B 0.2s done
2026-07-26T10:28:46.6261014Z #15 sha256:aaea65f9d3756e15614c6efe86e2006b8fe74af0af07faefdcb6e6001dd705fc 0B / 17.06MB 0.2s
2026-07-26T10:28:46.6261990Z #15 sha256:ed43dda998e1a0c05efeddc9a24048ad8349ce02697b4db3061250e466b3a059 0B / 2.70kB 0.2s
2026-07-26T10:28:46.6262600Z #15 sha256:34eabb9d45bfc2a02673ee3778040c44b0f3b59facbbf51f9c367482821ce92f 0B / 177.89MB 0.2s
2026-07-26T10:28:46.7593654Z #15 sha256:ed43dda998e1a0c05efeddc9a24048ad8349ce02697b4db3061250e466b3a059 2.70kB / 2.70kB 0.2s done
2026-07-26T10:28:46.9086146Z #15 sha256:0aa6db834649082ea8d86f41789fce403a69c18bcec5994ceaf0ed4474563c7d 0B / 31.09MB 0.2s
2026-07-26T10:28:47.2094029Z #15 sha256:aaea65f9d3756e15614c6efe86e2006b8fe74af0af07faefdcb6e6001dd705fc 1.05MB / 17.06MB 0.8s
2026-07-26T10:28:47.3590007Z #15 sha256:7c7616ad766245be8807f1899bc25fa05f61c48f8079fa36c964d481853af380 6.29MB / 74.96MB 1.1s
2026-07-26T10:28:47.3590902Z #15 sha256:aaea65f9d3756e15614c6efe86e2006b8fe74af0af07faefdcb6e6001dd705fc 3.15MB / 17.06MB 0.9s
2026-07-26T10:28:47.5094669Z #15 sha256:7c7616ad766245be8807f1899bc25fa05f61c48f8079fa36c964d481853af380 10.49MB / 74.96MB 1.2s
2026-07-26T10:28:47.5095330Z #15 sha256:aaea65f9d3756e15614c6efe86e2006b8fe74af0af07faefdcb6e6001dd705fc 5.24MB / 17.06MB 1.1s
2026-07-26T10:28:47.6593866Z #15 sha256:7c7616ad766245be8807f1899bc25fa05f61c48f8079fa36c964d481853af380 16.78MB / 74.96MB 1.4s
2026-07-26T10:28:47.6595009Z #15 sha256:aaea65f9d3756e15614c6efe86e2006b8fe74af0af07faefdcb6e6001dd705fc 8.39MB / 17.06MB 1.2s
2026-07-26T10:28:47.6596021Z #15 sha256:34eabb9d45bfc2a02673ee3778040c44b0f3b59facbbf51f9c367482821ce92f 9.44MB / 177.89MB 1.1s
2026-07-26T10:28:47.8093816Z #15 sha256:7c7616ad766245be8807f1899bc25fa05f61c48f8079fa36c964d481853af380 23.07MB / 74.96MB 1.5s
2026-07-26T10:28:47.8094442Z #15 sha256:aaea65f9d3756e15614c6efe86e2006b8fe74af0af07faefdcb6e6001dd705fc 11.53MB / 17.06MB 1.4s
2026-07-26T10:28:47.8094956Z #15 sha256:0aa6db834649082ea8d86f41789fce403a69c18bcec5994ceaf0ed4474563c7d 2.10MB / 31.09MB 1.1s
2026-07-26T10:28:47.9595352Z #15 sha256:7c7616ad766245be8807f1899bc25fa05f61c48f8079fa36c964d481853af380 31.46MB / 74.96MB 1.7s
2026-07-26T10:28:47.9595958Z #15 sha256:aaea65f9d3756e15614c6efe86e2006b8fe74af0af07faefdcb6e6001dd705fc 14.68MB / 17.06MB 1.5s
2026-07-26T10:28:48.1089083Z #15 sha256:aaea65f9d3756e15614c6efe86e2006b8fe74af0af07faefdcb6e6001dd705fc 16.78MB / 17.06MB 1.7s
2026-07-26T10:28:48.1089696Z #15 sha256:0aa6db834649082ea8d86f41789fce403a69c18bcec5994ceaf0ed4474563c7d 4.19MB / 31.09MB 1.4s
2026-07-26T10:28:48.2404612Z #15 sha256:7c7616ad766245be8807f1899bc25fa05f61c48f8079fa36c964d481853af380 35.65MB / 74.96MB 2.0s
2026-07-26T10:28:48.2405614Z #15 sha256:aaea65f9d3756e15614c6efe86e2006b8fe74af0af07faefdcb6e6001dd705fc 17.06MB / 17.06MB 1.8s done
2026-07-26T10:28:48.2406521Z #15 sha256:34eabb9d45bfc2a02673ee3778040c44b0f3b59facbbf51f9c367482821ce92f 19.92MB / 177.89MB 1.7s
2026-07-26T10:28:48.3911325Z #15 sha256:7c7616ad766245be8807f1899bc25fa05f61c48f8079fa36c964d481853af380 39.85MB / 74.96MB 2.1s
2026-07-26T10:28:48.3912241Z #15 sha256:0aa6db834649082ea8d86f41789fce403a69c18bcec5994ceaf0ed4474563c7d 6.29MB / 31.09MB 1.7s
2026-07-26T10:28:48.3912875Z #15 sha256:993b1a5b9814eb890928e53aa844227cd48d62a552cce9d9723401d3f323d7df 2.10MB / 11.10MB 0.2s
2026-07-26T10:28:48.5409700Z #15 sha256:7c7616ad766245be8807f1899bc25fa05f61c48f8079fa36c964d481853af380 44.04MB / 74.96MB 2.3s
2026-07-26T10:28:48.5410461Z #15 sha256:993b1a5b9814eb890928e53aa844227cd48d62a552cce9d9723401d3f323d7df 5.24MB / 11.10MB 0.3s
2026-07-26T10:28:48.6910421Z #15 sha256:7c7616ad766245be8807f1899bc25fa05f61c48f8079fa36c964d481853af380 52.43MB / 74.96MB 2.4s
2026-07-26T10:28:48.6911180Z #15 sha256:0aa6db834649082ea8d86f41789fce403a69c18bcec5994ceaf0ed4474563c7d 8.39MB / 31.09MB 2.0s
2026-07-26T10:28:48.6912214Z #15 sha256:993b1a5b9814eb890928e53aa844227cd48d62a552cce9d9723401d3f323d7df 8.39MB / 11.10MB 0.5s
2026-07-26T10:28:48.8414400Z #15 sha256:7c7616ad766245be8807f1899bc25fa05f61c48f8079fa36c964d481853af380 56.62MB / 74.96MB 2.6s
2026-07-26T10:28:48.8415647Z #15 sha256:34eabb9d45bfc2a02673ee3778040c44b0f3b59facbbf51f9c367482821ce92f 31.46MB / 177.89MB 2.3s
2026-07-26T10:28:48.8416493Z #15 sha256:993b1a5b9814eb890928e53aa844227cd48d62a552cce9d9723401d3f323d7df 11.10MB / 11.10MB 0.6s
2026-07-26T10:28:49.0255726Z #15 sha256:7c7616ad766245be8807f1899bc25fa05f61c48f8079fa36c964d481853af380 62.91MB / 74.96MB 2.7s
2026-07-26T10:28:49.0256507Z #15 sha256:0aa6db834649082ea8d86f41789fce403a69c18bcec5994ceaf0ed4474563c7d 11.53MB / 31.09MB 2.3s
2026-07-26T10:28:49.0257145Z #15 sha256:993b1a5b9814eb890928e53aa844227cd48d62a552cce9d9723401d3f323d7df 11.10MB / 11.10MB 0.6s done
2026-07-26T10:28:49.1754763Z #15 sha256:7c7616ad766245be8807f1899bc25fa05f61c48f8079fa36c964d481853af380 69.21MB / 74.96MB 2.9s
2026-07-26T10:28:49.1755408Z #15 sha256:b450eb4b61483e158bba71e0972774dca3356aaccf083b4de394756826786dc3 166B / 166B 0.2s done
2026-07-26T10:28:49.3259293Z #15 sha256:7c7616ad766245be8807f1899bc25fa05f61c48f8079fa36c964d481853af380 74.96MB / 74.96MB 3.0s
2026-07-26T10:28:49.3260026Z #15 sha256:34eabb9d45bfc2a02673ee3778040c44b0f3b59facbbf51f9c367482821ce92f 42.99MB / 177.89MB 2.9s
2026-07-26T10:28:49.3260577Z #15 sha256:0aa6db834649082ea8d86f41789fce403a69c18bcec5994ceaf0ed4474563c7d 13.63MB / 31.09MB 2.6s
2026-07-26T10:28:49.3261195Z #15 sha256:77e3e8465ccd88a7ab4380ed823b77769274a8d0cd50332315a6e6884eeb185b 0B / 32.26MB 0.2s
2026-07-26T10:28:49.4762209Z #15 sha256:0aa6db834649082ea8d86f41789fce403a69c18bcec5994ceaf0ed4474563c7d 15.73MB / 31.09MB 2.7s
2026-07-26T10:28:49.5877374Z #15 sha256:7c7616ad766245be8807f1899bc25fa05f61c48f8079fa36c964d481853af380 74.96MB / 74.96MB 3.4s done
2026-07-26T10:28:49.6905077Z #15 sha256:0aa6db834649082ea8d86f41789fce403a69c18bcec5994ceaf0ed4474563c7d 18.87MB / 31.09MB 3.0s
2026-07-26T10:28:49.8023287Z #15 sha256:4afec8b5a48bb14028a2111abd144794fb4f088154db49009be3c5833f922deb 3.34kB / 3.34kB 0.2s done
2026-07-26T10:28:49.9261000Z #15 sha256:34eabb9d45bfc2a02673ee3778040c44b0f3b59facbbf51f9c367482821ce92f 53.48MB / 177.89MB 3.5s
2026-07-26T10:28:50.0757834Z #15 sha256:0aa6db834649082ea8d86f41789fce403a69c18bcec5994ceaf0ed4474563c7d 22.02MB / 31.09MB 3.3s
2026-07-26T10:28:50.0758579Z #15 sha256:77e3e8465ccd88a7ab4380ed823b77769274a8d0cd50332315a6e6884eeb185b 2.10MB / 32.26MB 0.9s
2026-07-26T10:28:50.0759095Z #15 sha256:bcbf93830adb69dda1050c229181e9d0bbcd138e40c83062cfd41f7a8d79b4c7 0B / 18.74MB 0.2s
2026-07-26T10:28:50.2257341Z #15 sha256:0aa6db834649082ea8d86f41789fce403a69c18bcec5994ceaf0ed4474563c7d 24.12MB / 31.09MB 3.5s
2026-07-26T10:28:50.2258287Z #15 sha256:77e3e8465ccd88a7ab4380ed823b77769274a8d0cd50332315a6e6884eeb185b 5.24MB / 32.26MB 1.1s
2026-07-26T10:28:50.3759725Z #15 sha256:77e3e8465ccd88a7ab4380ed823b77769274a8d0cd50332315a6e6884eeb185b 7.34MB / 32.26MB 1.2s
2026-07-26T10:28:50.5255454Z #15 sha256:34eabb9d45bfc2a02673ee3778040c44b0f3b59facbbf51f9c367482821ce92f 65.01MB / 177.89MB 4.1s
2026-07-26T10:28:50.5256046Z #15 sha256:0aa6db834649082ea8d86f41789fce403a69c18bcec5994ceaf0ed4474563c7d 27.26MB / 31.09MB 3.8s
2026-07-26T10:28:50.5256582Z #15 sha256:77e3e8465ccd88a7ab4380ed823b77769274a8d0cd50332315a6e6884eeb185b 12.58MB / 32.26MB 1.4s
2026-07-26T10:28:50.5257113Z #15 sha256:bcbf93830adb69dda1050c229181e9d0bbcd138e40c83062cfd41f7a8d79b4c7 1.05MB / 18.74MB 0.6s
2026-07-26T10:28:50.6760826Z #15 sha256:0aa6db834649082ea8d86f41789fce403a69c18bcec5994ceaf0ed4474563c7d 29.36MB / 31.09MB 3.9s
2026-07-26T10:28:50.6761509Z #15 sha256:77e3e8465ccd88a7ab4380ed823b77769274a8d0cd50332315a6e6884eeb185b 16.78MB / 32.26MB 1.5s
2026-07-26T10:28:50.6762247Z #15 sha256:bcbf93830adb69dda1050c229181e9d0bbcd138e40c83062cfd41f7a8d79b4c7 2.10MB / 18.74MB 0.8s
2026-07-26T10:28:50.8262601Z #15 sha256:0aa6db834649082ea8d86f41789fce403a69c18bcec5994ceaf0ed4474563c7d 31.09MB / 31.09MB 4.1s
2026-07-26T10:28:50.8263977Z #15 sha256:77e3e8465ccd88a7ab4380ed823b77769274a8d0cd50332315a6e6884eeb185b 24.12MB / 32.26MB 1.7s
2026-07-26T10:28:50.8265268Z #15 sha256:bcbf93830adb69dda1050c229181e9d0bbcd138e40c83062cfd41f7a8d79b4c7 5.24MB / 18.74MB 0.9s
2026-07-26T10:28:50.9760179Z #15 sha256:34eabb9d45bfc2a02673ee3778040c44b0f3b59facbbf51f9c367482821ce92f 74.45MB / 177.89MB 4.5s
2026-07-26T10:28:50.9760827Z #15 sha256:0aa6db834649082ea8d86f41789fce403a69c18bcec5994ceaf0ed4474563c7d 31.09MB / 31.09MB 4.2s done
2026-07-26T10:28:50.9761381Z #15 sha256:77e3e8465ccd88a7ab4380ed823b77769274a8d0cd50332315a6e6884eeb185b 29.36MB / 32.26MB 1.8s
2026-07-26T10:28:50.9762124Z #15 sha256:bcbf93830adb69dda1050c229181e9d0bbcd138e40c83062cfd41f7a8d79b4c7 7.34MB / 18.74MB 1.1s
2026-07-26T10:28:51.1108494Z #15 sha256:77e3e8465ccd88a7ab4380ed823b77769274a8d0cd50332315a6e6884eeb185b 32.26MB / 32.26MB 2.0s done
2026-07-26T10:28:51.1109237Z #15 sha256:bcbf93830adb69dda1050c229181e9d0bbcd138e40c83062cfd41f7a8d79b4c7 12.58MB / 18.74MB 1.2s
2026-07-26T10:28:51.1109865Z #15 sha256:597c6c618d36213af657a6a8444a5d87801f9a219682b206ad21ccb8f3e57bbd 0B / 28.23MB 0.2s
2026-07-26T10:28:51.2408546Z #15 sha256:bcbf93830adb69dda1050c229181e9d0bbcd138e40c83062cfd41f7a8d79b4c7 18.74MB / 18.74MB 1.4s done
2026-07-26T10:28:51.5757777Z #15 sha256:34eabb9d45bfc2a02673ee3778040c44b0f3b59facbbf51f9c367482821ce92f 84.93MB / 177.89MB 5.1s
2026-07-26T10:28:51.7262180Z #15 sha256:597c6c618d36213af657a6a8444a5d87801f9a219682b206ad21ccb8f3e57bbd 4.19MB / 28.23MB 0.8s
2026-07-26T10:28:51.8755472Z #15 sha256:597c6c618d36213af657a6a8444a5d87801f9a219682b206ad21ccb8f3e57bbd 7.34MB / 28.23MB 0.9s
2026-07-26T10:28:52.0252936Z #15 sha256:597c6c618d36213af657a6a8444a5d87801f9a219682b206ad21ccb8f3e57bbd 13.63MB / 28.23MB 1.1s
2026-07-26T10:28:52.1758232Z #15 sha256:34eabb9d45bfc2a02673ee3778040c44b0f3b59facbbf51f9c367482821ce92f 96.47MB / 177.89MB 5.7s
2026-07-26T10:28:52.1759149Z #15 sha256:597c6c618d36213af657a6a8444a5d87801f9a219682b206ad21ccb8f3e57bbd 17.83MB / 28.23MB 1.2s
2026-07-26T10:28:52.3258782Z #15 sha256:597c6c618d36213af657a6a8444a5d87801f9a219682b206ad21ccb8f3e57bbd 25.17MB / 28.23MB 1.4s
2026-07-26T10:28:52.4539650Z #15 sha256:597c6c618d36213af657a6a8444a5d87801f9a219682b206ad21ccb8f3e57bbd 28.23MB / 28.23MB 1.6s done
2026-07-26T10:28:52.6255941Z #15 extracting sha256:597c6c618d36213af657a6a8444a5d87801f9a219682b206ad21ccb8f3e57bbd
2026-07-26T10:28:52.7754170Z #15 sha256:34eabb9d45bfc2a02673ee3778040c44b0f3b59facbbf51f9c367482821ce92f 108.00MB / 177.89MB 6.3s
2026-07-26T10:28:53.0397201Z #15 extracting sha256:597c6c618d36213af657a6a8444a5d87801f9a219682b206ad21ccb8f3e57bbd 0.6s done
2026-07-26T10:28:53.2250722Z #15 extracting sha256:bcbf93830adb69dda1050c229181e9d0bbcd138e40c83062cfd41f7a8d79b4c7
2026-07-26T10:28:53.3752786Z #15 sha256:34eabb9d45bfc2a02673ee3778040c44b0f3b59facbbf51f9c367482821ce92f 119.54MB / 177.89MB 6.9s
2026-07-26T10:28:53.3754216Z #15 extracting sha256:bcbf93830adb69dda1050c229181e9d0bbcd138e40c83062cfd41f7a8d79b4c7 0.2s done
2026-07-26T10:28:53.3755505Z #15 extracting sha256:4afec8b5a48bb14028a2111abd144794fb4f088154db49009be3c5833f922deb done
2026-07-26T10:28:53.3756982Z #15 extracting sha256:77e3e8465ccd88a7ab4380ed823b77769274a8d0cd50332315a6e6884eeb185b
2026-07-26T10:28:53.6453634Z #15 extracting sha256:77e3e8465ccd88a7ab4380ed823b77769274a8d0cd50332315a6e6884eeb185b 0.3s done
2026-07-26T10:28:53.6454541Z #15 extracting sha256:b450eb4b61483e158bba71e0972774dca3356aaccf083b4de394756826786dc3 done
2026-07-26T10:28:53.6455293Z #15 extracting sha256:993b1a5b9814eb890928e53aa844227cd48d62a552cce9d9723401d3f323d7df 0.1s done
2026-07-26T10:28:53.8250569Z #15 extracting sha256:0aa6db834649082ea8d86f41789fce403a69c18bcec5994ceaf0ed4474563c7d
2026-07-26T10:28:53.9752798Z #15 sha256:34eabb9d45bfc2a02673ee3778040c44b0f3b59facbbf51f9c367482821ce92f 130.02MB / 177.89MB 7.5s
2026-07-26T10:28:54.2757405Z #15 extracting sha256:0aa6db834649082ea8d86f41789fce403a69c18bcec5994ceaf0ed4474563c7d 0.5s done
2026-07-26T10:28:54.4254883Z #15 sha256:34eabb9d45bfc2a02673ee3778040c44b0f3b59facbbf51f9c367482821ce92f 139.46MB / 177.89MB 8.0s
2026-07-26T10:28:55.0252122Z #15 sha256:34eabb9d45bfc2a02673ee3778040c44b0f3b59facbbf51f9c367482821ce92f 150.99MB / 177.89MB 8.6s
2026-07-26T10:28:55.6261282Z #15 sha256:34eabb9d45bfc2a02673ee3778040c44b0f3b59facbbf51f9c367482821ce92f 162.53MB / 177.89MB 9.2s
2026-07-26T10:28:56.2255819Z #15 sha256:34eabb9d45bfc2a02673ee3778040c44b0f3b59facbbf51f9c367482821ce92f 174.06MB / 177.89MB 9.8s
2026-07-26T10:28:57.4909380Z #15 sha256:34eabb9d45bfc2a02673ee3778040c44b0f3b59facbbf51f9c367482821ce92f 177.89MB / 177.89MB 10.9s done
2026-07-26T10:28:57.4910280Z #15 extracting sha256:34eabb9d45bfc2a02673ee3778040c44b0f3b59facbbf51f9c367482821ce92f
2026-07-26T10:28:59.4056309Z #15 extracting sha256:34eabb9d45bfc2a02673ee3778040c44b0f3b59facbbf51f9c367482821ce92f 2.1s done
2026-07-26T10:28:59.4056800Z #15 DONE 13.4s
2026-07-26T10:28:59.5624430Z 
2026-07-26T10:28:59.5625060Z #15 [build 5/8] RUN dotnet restore src/Ednsv.Web/Ednsv.Web.csproj
2026-07-26T10:28:59.5626629Z #15 extracting sha256:ed43dda998e1a0c05efeddc9a24048ad8349ce02697b4db3061250e466b3a059 done
2026-07-26T10:28:59.5627469Z #15 extracting sha256:aaea65f9d3756e15614c6efe86e2006b8fe74af0af07faefdcb6e6001dd705fc
2026-07-26T10:28:59.6282807Z #15 extracting sha256:aaea65f9d3756e15614c6efe86e2006b8fe74af0af07faefdcb6e6001dd705fc 0.2s done
2026-07-26T10:28:59.6283496Z #15 DONE 13.6s
2026-07-26T10:28:59.7910499Z 
2026-07-26T10:28:59.7911129Z #15 [build 5/8] RUN dotnet restore src/Ednsv.Web/Ednsv.Web.csproj
2026-07-26T10:28:59.7912011Z #15 extracting sha256:4d015ec68eada998a41dff557e9be9876100aacfd3adb78c32cccfb1faac8a40 done
2026-07-26T10:28:59.7912806Z #15 extracting sha256:704a261d6a0df1be6f054161284fc14ac0eaa21ceb629676ee3d0dd8ec908988 done
2026-07-26T10:28:59.7913575Z #15 extracting sha256:89f057fbd63d49c61fb415af2773f20380c76d858a5dc95dcdcd0ac198854624 done
2026-07-26T10:28:59.7914305Z #15 extracting sha256:7c7616ad766245be8807f1899bc25fa05f61c48f8079fa36c964d481853af380
2026-07-26T10:29:00.2082620Z #15 extracting sha256:7c7616ad766245be8807f1899bc25fa05f61c48f8079fa36c964d481853af380 0.6s done
2026-07-26T10:29:00.2083328Z #15 DONE 14.2s
2026-07-26T10:29:00.3594072Z 
2026-07-26T10:29:00.3594707Z #16 [build 6/8] COPY src/Ednsv.Core/ src/Ednsv.Core/
2026-07-26T10:29:06.0043308Z #16 DONE 5.8s
2026-07-26T10:29:06.1665040Z 
2026-07-26T10:29:06.1665614Z #17 [build 7/8] COPY src/Ednsv.Web/ src/Ednsv.Web/
2026-07-26T10:29:06.1666055Z #17 DONE 0.0s
2026-07-26T10:29:06.1666198Z 
2026-07-26T10:29:06.1666901Z #18 [build 8/8] RUN dotnet publish src/Ednsv.Web/Ednsv.Web.csproj         --configuration Release         --no-restore         --output /app/publish         /p:UseAppHost=false
2026-07-26T10:29:09.6479639Z #18 3.632   Ednsv.Core -> /src/src/Ednsv.Core/bin/Release/net8.0/Ednsv.Core.dll
2026-07-26T10:29:11.0354671Z #18 5.020   Ednsv.Web -> /src/src/Ednsv.Web/bin/Release/net8.0/Ednsv.Web.dll
2026-07-26T10:29:11.1566063Z #18 5.074   Ednsv.Web -> /app/publish/
2026-07-26T10:29:11.1566639Z #18 DONE 5.1s
2026-07-26T10:29:11.2964928Z 
2026-07-26T10:29:11.2965636Z #19 [runtime 2/3] WORKDIR /app
2026-07-26T10:29:11.2966251Z #19 sha256:30a13c38083b6617b9701d16db3db957591d7d40742407e7c85fdea6d9fc6bdb 93B / 93B 0.1s done
2026-07-26T10:29:11.2966708Z #19 DONE 0.1s
2026-07-26T10:29:11.5171989Z 
2026-07-26T10:29:11.5172578Z #19 [runtime 2/3] WORKDIR /app
2026-07-26T10:29:11.5173234Z #19 extracting sha256:30a13c38083b6617b9701d16db3db957591d7d40742407e7c85fdea6d9fc6bdb done
2026-07-26T10:29:11.5173814Z #19 DONE 0.1s
2026-07-26T10:29:11.5173951Z 
2026-07-26T10:29:11.5174137Z #20 [runtime 3/3] COPY --from=build /app/publish ./
2026-07-26T10:29:11.5174512Z #20 DONE 0.1s
2026-07-26T10:29:11.5174647Z 
2026-07-26T10:29:11.5174763Z #21 exporting to image
2026-07-26T10:29:11.5175033Z #21 exporting layers
2026-07-26T10:29:11.5884398Z #21 exporting layers 0.2s done
2026-07-26T10:29:11.7594075Z #21 exporting manifest sha256:19135fa62de2d1287366310212e5124af77c4aba8c98b1fa534d5036b33264a2 done
2026-07-26T10:29:11.7595096Z #21 exporting config sha256:630c96ae72c03e93e4535dd19e7c48e3b696c0aacc69374adb29647a0807aeee done
2026-07-26T10:29:11.7595658Z #21 exporting attestation manifest sha256:6db65e41d3214712dbeb85917c8a27c243aa63f78a5675c6987c13caa738a8d9 done
2026-07-26T10:29:11.7596375Z #21 exporting manifest list sha256:c356fcd72643a2f4af2b202ef3adcff2594fa9657d5e4c2e67da3b9675da756c done
2026-07-26T10:29:11.7596775Z #21 pushing layers
2026-07-26T10:29:11.9362428Z #21 ...
2026-07-26T10:29:11.9362635Z 
2026-07-26T10:29:11.9362863Z #22 [auth] pkinerd/ednsv:pull,push token for ghcr.io
2026-07-26T10:29:11.9363278Z #22 DONE 0.0s
2026-07-26T10:29:12.0856799Z 
2026-07-26T10:29:12.0857331Z #23 exporting to GitHub Actions Cache
2026-07-26T10:29:12.0857767Z #23 preparing build cache for export
2026-07-26T10:29:12.2032116Z #23 preparing build cache for export 0.6s done
2026-07-26T10:29:12.2032789Z #23 sending cache export
2026-07-26T10:29:12.3480903Z #23 writing layer sha256:1db70e5229bdf3dfd4cc9f7bad78c491e1588f832ca8a225795da82fc58232d4
2026-07-26T10:29:13.7411052Z #23 writing layer sha256:1db70e5229bdf3dfd4cc9f7bad78c491e1588f832ca8a225795da82fc58232d4 1.4s done
2026-07-26T10:29:13.9426138Z #23 writing layer sha256:4513fd173bbf9086430134ffdf90c10ef81b716f55e94504a824ba55633d0fc5
2026-07-26T10:29:14.2680038Z #23 writing layer sha256:4513fd173bbf9086430134ffdf90c10ef81b716f55e94504a824ba55633d0fc5 0.3s done
2026-07-26T10:29:15.1259732Z #23 writing layer sha256:c435c28b9f1504b0fe636da705a3330ece8eb4fd80476211cb25b2b824ebb683
2026-07-26T10:29:15.6574030Z #23 writing layer sha256:c435c28b9f1504b0fe636da705a3330ece8eb4fd80476211cb25b2b824ebb683 0.4s done
2026-07-26T10:29:15.6574634Z #23 writing layer sha256:f3d7b943a9aad603fec15065c9e5100a488d023e069aa916e619d4321546f317
2026-07-26T10:29:16.1959057Z #23 ...
2026-07-26T10:29:16.1959321Z 
2026-07-26T10:29:16.1959411Z #21 exporting to image
2026-07-26T10:29:16.1959626Z #21 pushing layers 0.3s done
2026-07-26T10:29:16.1960112Z #21 pushing manifest for ghcr.io/pkinerd/ednsv:pr-28@sha256:c356fcd72643a2f4af2b202ef3adcff2594fa9657d5e4c2e67da3b9675da756c 1.1s done
2026-07-26T10:29:16.1960873Z #21 pushing manifest for ghcr.io/pkinerd/ednsv:latest-any@sha256:c356fcd72643a2f4af2b202ef3adcff2594fa9657d5e4c2e67da3b9675da756c 0.5s done
2026-07-26T10:29:16.1961602Z #21 pushing manifest for ghcr.io/pkinerd/ednsv:sha-ea71b2e@sha256:c356fcd72643a2f4af2b202ef3adcff2594fa9657d5e4c2e67da3b9675da756c 0.5s done
2026-07-26T10:29:16.1962337Z #21 DONE 4.8s
2026-07-26T10:29:16.3464532Z 
2026-07-26T10:29:16.3465077Z #23 exporting to GitHub Actions Cache
2026-07-26T10:29:16.6506358Z #23 writing layer sha256:f3d7b943a9aad603fec15065c9e5100a488d023e069aa916e619d4321546f317 1.0s done
2026-07-26T10:29:17.0118460Z #23 sending cache export 4.8s done
2026-07-26T10:29:17.0119374Z #23 DONE 5.4s
2026-07-26T10:29:17.0361662Z 
2026-07-26T10:29:17.0362233Z #24 resolving provenance for metadata file
2026-07-26T10:29:17.0362617Z #24 DONE 0.0s
2026-07-26T10:29:17.0451363Z ##[group]ImageID
2026-07-26T10:29:17.0452046Z sha256:c356fcd72643a2f4af2b202ef3adcff2594fa9657d5e4c2e67da3b9675da756c
2026-07-26T10:29:17.0452853Z ##[endgroup]
2026-07-26T10:29:17.0453267Z ##[group]Digest
2026-07-26T10:29:17.0453693Z sha256:c356fcd72643a2f4af2b202ef3adcff2594fa9657d5e4c2e67da3b9675da756c
2026-07-26T10:29:17.0454355Z ##[endgroup]
2026-07-26T10:29:17.0454807Z ##[group]Metadata
2026-07-26T10:29:17.0457514Z {
2026-07-26T10:29:17.0457897Z   "buildx.build.provenance": {
2026-07-26T10:29:17.0458406Z     "builder": {
2026-07-26T10:29:17.0458865Z       "id": "https://github.com/pkinerd/ednsv/actions/runs/30198300977/attempts/1"
2026-07-26T10:29:17.0459348Z     },
2026-07-26T10:29:17.0459695Z     "buildType": "https://mobyproject.org/buildkit@v1",
2026-07-26T10:29:17.0460083Z     "materials": [
2026-07-26T10:29:17.0460322Z       {
2026-07-26T10:29:17.0460581Z         "uri": "pkg:docker/docker/dockerfile@1.7",
2026-07-26T10:29:17.0460959Z         "digest": {
2026-07-26T10:29:17.0461381Z           "sha256": "a57df69d0ea827fb7266491f2813635de6f17269be881f696fbfdf2d83dda33e"
2026-07-26T10:29:17.0462504Z         }
2026-07-26T10:29:17.0462799Z       },
2026-07-26T10:29:17.0463064Z       {
2026-07-26T10:29:17.0463496Z         "uri": "pkg:docker/mcr.microsoft.com/dotnet/aspnet@8.0?platform=linux%2Famd64",
2026-07-26T10:29:17.0464016Z         "digest": {
2026-07-26T10:29:17.0464682Z           "sha256": "8f6a307ae32fb393a4b4bcde0a81f0ce3f0a715de0e5575df71f3030448f2dde"
2026-07-26T10:29:17.0465223Z         }
2026-07-26T10:29:17.0465452Z       },
2026-07-26T10:29:17.0465672Z       {
2026-07-26T10:29:17.0466091Z         "uri": "pkg:docker/mcr.microsoft.com/dotnet/sdk@8.0?platform=linux%2Famd64",
2026-07-26T10:29:17.0466602Z         "digest": {
2026-07-26T10:29:17.0467053Z           "sha256": "3c0edbfe1549dd93fb789dc96299a40df865ad7bffefcaf38e8c05940686d641"
2026-07-26T10:29:17.0467541Z         }
2026-07-26T10:29:17.0467747Z       }
2026-07-26T10:29:17.0467936Z     ],
2026-07-26T10:29:17.0468181Z     "invocation": {
2026-07-26T10:29:17.0468421Z       "configSource": {
2026-07-26T10:29:17.0468680Z         "entryPoint": "Dockerfile"
2026-07-26T10:29:17.0468975Z       },
2026-07-26T10:29:17.0469182Z       "parameters": {
2026-07-26T10:29:17.0469443Z         "frontend": "gateway.v0",
2026-07-26T10:29:17.0469759Z         "args": {
2026-07-26T10:29:17.0470034Z           "cmdline": "docker/dockerfile:1.7",
2026-07-26T10:29:17.0470527Z           "label:org.opencontainers.image.created": "2026-07-26T10:28:43.319Z",
2026-07-26T10:29:17.0471071Z           "label:org.opencontainers.image.description": "",
2026-07-26T10:29:17.0471503Z           "label:org.opencontainers.image.licenses": "",
2026-07-26T10:29:17.0472221Z           "label:org.opencontainers.image.revision": "ea71b2e1cfd7509ba0f5e859bed6f7e6d5e2840b",
2026-07-26T10:29:17.0472939Z           "label:org.opencontainers.image.source": "https://github.com/pkinerd/ednsv",
2026-07-26T10:29:17.0473498Z           "label:org.opencontainers.image.title": "ednsv",
2026-07-26T10:29:17.0474064Z           "label:org.opencontainers.image.url": "https://github.com/pkinerd/ednsv",
2026-07-26T10:29:17.0474591Z           "label:org.opencontainers.image.version": "pr-28",
2026-07-26T10:29:17.0474959Z           "source": "docker/dockerfile:1.7"
2026-07-26T10:29:17.0475249Z         },
2026-07-26T10:29:17.0475449Z         "locals": [
2026-07-26T10:29:17.0475666Z           {
2026-07-26T10:29:17.0475877Z             "name": "context"
2026-07-26T10:29:17.0476134Z           },
2026-07-26T10:29:17.0476344Z           {
2026-07-26T10:29:17.0476552Z             "name": "dockerfile"
2026-07-26T10:29:17.0476802Z           }
2026-07-26T10:29:17.0476997Z         ],
2026-07-26T10:29:17.0477207Z         "root": {
2026-07-26T10:29:17.0477443Z           "configSource": {
2026-07-26T10:29:17.0477715Z             "path": "Dockerfile"
2026-07-26T10:29:17.0477977Z           },
2026-07-26T10:29:17.0478190Z           "request": {
2026-07-26T10:29:17.0478414Z             "args": {
2026-07-26T10:29:17.0478797Z               "label:org.opencontainers.image.created": "2026-07-26T10:28:43.319Z",
2026-07-26T10:29:17.0479332Z               "label:org.opencontainers.image.description": "",
2026-07-26T10:29:17.0479777Z               "label:org.opencontainers.image.licenses": "",
2026-07-26T10:29:17.0480367Z               "label:org.opencontainers.image.revision": "ea71b2e1cfd7509ba0f5e859bed6f7e6d5e2840b",
2026-07-26T10:29:17.0481088Z               "label:org.opencontainers.image.source": "https://github.com/pkinerd/ednsv",
2026-07-26T10:29:17.0481631Z               "label:org.opencontainers.image.title": "ednsv",
2026-07-26T10:29:17.0482320Z               "label:org.opencontainers.image.url": "https://github.com/pkinerd/ednsv",
2026-07-26T10:29:17.0482904Z               "label:org.opencontainers.image.version": "pr-28",
2026-07-26T10:29:17.0483323Z               "vcs:localdir:context": ".",
2026-07-26T10:29:17.0483686Z               "vcs:localdir:dockerfile": ".",
2026-07-26T10:29:17.0484143Z               "vcs:revision": "ea71b2e1cfd7509ba0f5e859bed6f7e6d5e2840b",
2026-07-26T10:29:17.0484823Z               "vcs:source": "https://github.com/pkinerd/ednsv"
2026-07-26T10:29:17.0485157Z             }
2026-07-26T10:29:17.0485363Z           }
2026-07-26T10:29:17.0485558Z         },
2026-07-26T10:29:17.0485784Z         "compatibilityVersion": 30
2026-07-26T10:29:17.0486077Z       },
2026-07-26T10:29:17.0486470Z       "environment": {
2026-07-26T10:29:17.0486738Z         "github_actor": "pkinerd",
2026-07-26T10:29:17.0487045Z         "github_actor_id": "169779439",
2026-07-26T10:29:17.0487350Z         "github_event_name": "pull_request",
2026-07-26T10:29:17.0487657Z         "github_event_payload": {
2026-07-26T10:29:17.0487950Z           "action": "synchronize",
2026-07-26T10:29:17.0488278Z           "after": "607c0858d7199a6e145961916b17aec25ca97643",
2026-07-26T10:29:17.0488691Z           "before": "477cb0e238a0043365cadad129587ee60ee600af",
2026-07-26T10:29:17.0489044Z           "number": 28,
2026-07-26T10:29:17.0489294Z           "pull_request": {
2026-07-26T10:29:17.0489556Z             "_links": {
2026-07-26T10:29:17.0489858Z               "comments": {
2026-07-26T10:29:17.0490290Z                 "href": "https://api.github.com/repos/pkinerd/ednsv/issues/28/comments"
2026-07-26T10:29:17.0490784Z               },
2026-07-26T10:29:17.0491012Z               "commits": {
2026-07-26T10:29:17.0491466Z                 "href": "https://api.github.com/repos/pkinerd/ednsv/pulls/28/commits"
2026-07-26T10:29:17.0492116Z               },
2026-07-26T10:29:17.0492342Z               "html": {
2026-07-26T10:29:17.0492648Z                 "href": "https://github.com/pkinerd/ednsv/pull/28"
2026-07-26T10:29:17.0493059Z               },
2026-07-26T10:29:17.0493299Z               "issue": {
2026-07-26T10:29:17.0493714Z                 "href": "https://api.github.com/repos/pkinerd/ednsv/issues/28"
2026-07-26T10:29:17.0494147Z               },
2026-07-26T10:29:17.0494385Z               "review_comment": {
2026-07-26T10:29:17.0494879Z                 "href": "https://api.github.com/repos/pkinerd/ednsv/pulls/comments{/number}"
2026-07-26T10:29:17.0495379Z               },
2026-07-26T10:29:17.0495623Z               "review_comments": {
2026-07-26T10:29:17.0496056Z                 "href": "https://api.github.com/repos/pkinerd/ednsv/pulls/28/comments"
2026-07-26T10:29:17.0496511Z               },
2026-07-26T10:29:17.0496732Z               "self": {
2026-07-26T10:29:17.0497111Z                 "href": "https://api.github.com/repos/pkinerd/ednsv/pulls/28"
2026-07-26T10:29:17.0497541Z               },
2026-07-26T10:29:17.0497796Z               "statuses": {
2026-07-26T10:29:17.0498385Z                 "href": "https://api.github.com/repos/pkinerd/ednsv/statuses/607c0858d7199a6e145961916b17aec25ca97643"
2026-07-26T10:29:17.0499005Z               }
2026-07-26T10:29:17.0499257Z             },
2026-07-26T10:29:17.0499524Z             "active_lock_reason": null,
2026-07-26T10:29:17.0499819Z             "additions": 7592,
2026-07-26T10:29:17.0500076Z             "assignee": null,
2026-07-26T10:29:17.0500324Z             "assignees": [],
2026-07-26T10:29:17.0500598Z             "author_association": "OWNER",
2026-07-26T10:29:17.0500935Z             "auto_merge": null,
2026-07-26T10:29:17.0501212Z             "base": {
2026-07-26T10:29:17.0501473Z               "label": "pkinerd:main",
2026-07-26T10:29:17.0501912Z               "ref": "main",
2026-07-26T10:29:17.0502169Z               "repo": {
2026-07-26T10:29:17.0502446Z                 "allow_auto_merge": false,
2026-07-26T10:29:17.0502779Z                 "allow_forking": true,
2026-07-26T10:29:17.0503094Z                 "allow_merge_commit": true,
2026-07-26T10:29:17.0503512Z                 "allow_rebase_merge": true,
2026-07-26T10:29:17.0503901Z                 "allow_squash_merge": true,
2026-07-26T10:29:17.0504312Z                 "allow_update_branch": false,
2026-07-26T10:29:17.0504924Z                 "archive_url": "https://api.github.com/repos/pkinerd/ednsv/{archive_format}{/ref}",
2026-07-26T10:29:17.0505494Z                 "archived": false,
2026-07-26T10:29:17.0506017Z                 "assignees_url": "https://api.github.com/repos/pkinerd/ednsv/assignees{/user}",
2026-07-26T10:29:17.0506923Z                 "blobs_url": "https://api.github.com/repos/pkinerd/ednsv/git/blobs{/sha}",
2026-07-26T10:29:17.0507725Z                 "branches_url": "https://api.github.com/repos/pkinerd/ednsv/branches{/branch}",
2026-07-26T10:29:17.0508478Z                 "clone_url": "https://github.com/pkinerd/ednsv.git",
2026-07-26T10:29:17.0509160Z                 "collaborators_url": "https://api.github.com/repos/pkinerd/ednsv/collaborators{/collaborator}",
2026-07-26T10:29:17.0509980Z                 "comments_url": "https://api.github.com/repos/pkinerd/ednsv/comments{/number}",
2026-07-26T10:29:17.0510669Z                 "commits_url": "https://api.github.com/repos/pkinerd/ednsv/commits{/sha}",
2026-07-26T10:29:17.0511383Z                 "compare_url": "https://api.github.com/repos/pkinerd/ednsv/compare/{base}...{head}",
2026-07-26T10:29:17.0512721Z                 "contents_url": "https://api.github.com/repos/pkinerd/ednsv/contents/{+path}",
2026-07-26T10:29:17.0513441Z                 "contributors_url": "https://api.github.com/repos/pkinerd/ednsv/contributors",
2026-07-26T10:29:17.0514003Z                 "created_at": "2026-03-30T21:24:40Z",
2026-07-26T10:29:17.0514375Z                 "default_branch": "main",
2026-07-26T10:29:17.0514768Z                 "delete_branch_on_merge": false,
2026-07-26T10:29:17.0515303Z                 "deployments_url": "https://api.github.com/repos/pkinerd/ednsv/deployments",
2026-07-26T10:29:17.0515882Z                 "description": null,
2026-07-26T10:29:17.0516216Z                 "disabled": false,
2026-07-26T10:29:17.0516692Z                 "downloads_url": "https://api.github.com/repos/pkinerd/ednsv/downloads",
2026-07-26T10:29:17.0517334Z                 "events_url": "https://api.github.com/repos/pkinerd/ednsv/events",
2026-07-26T10:29:17.0517812Z                 "fork": false,
2026-07-26T10:29:17.0518099Z                 "forks": 0,
2026-07-26T10:29:17.0518396Z                 "forks_count": 0,
2026-07-26T10:29:17.0518848Z                 "forks_url": "https://api.github.com/repos/pkinerd/ednsv/forks",
2026-07-26T10:29:17.0519334Z                 "full_name": "pkinerd/ednsv",
2026-07-26T10:29:17.0519906Z                 "git_commits_url": "https://api.github.com/repos/pkinerd/ednsv/git/commits{/sha}",
2026-07-26T10:29:17.0520613Z                 "git_refs_url": "https://api.github.com/repos/pkinerd/ednsv/git/refs{/sha}",
2026-07-26T10:29:17.0521283Z                 "git_tags_url": "https://api.github.com/repos/pkinerd/ednsv/git/tags{/sha}",
2026-07-26T10:29:17.0521960Z                 "git_url": "git://github.com/pkinerd/ednsv.git",
2026-07-26T10:29:17.0522423Z                 "has_discussions": false,
2026-07-26T10:29:17.0522776Z                 "has_downloads": false,
2026-07-26T10:29:17.0523147Z                 "has_issues": true,
2026-07-26T10:29:17.0523449Z                 "has_pages": false,
2026-07-26T10:29:17.0523802Z                 "has_projects": true,
2026-07-26T10:29:17.0524164Z                 "has_pull_requests": true,
2026-07-26T10:29:17.0524519Z                 "has_wiki": true,
2026-07-26T10:29:17.0524842Z                 "homepage": null,
2026-07-26T10:29:17.0525289Z                 "hooks_url": "https://api.github.com/repos/pkinerd/ednsv/hooks",
2026-07-26T10:29:17.0525851Z                 "html_url": "https://github.com/pkinerd/ednsv",
2026-07-26T10:29:17.0526248Z                 "id": 1196602452,
2026-07-26T10:29:17.0526572Z                 "is_template": false,
2026-07-26T10:29:17.0527189Z                 "issue_comment_url": "https://api.github.com/repos/pkinerd/ednsv/issues/comments{/number}",
2026-07-26T10:29:17.0528052Z                 "issue_events_url": "https://api.github.com/repos/pkinerd/ednsv/issues/events{/number}",
2026-07-26T10:29:17.0528840Z                 "issues_url": "https://api.github.com/repos/pkinerd/ednsv/issues{/number}",
2026-07-26T10:29:17.0530475Z                 "keys_url": "https://api.github.com/repos/pkinerd/ednsv/keys{/key_id}",
2026-07-26T10:29:17.0531380Z                 "labels_url": "https://api.github.com/repos/pkinerd/ednsv/labels{/name}",
2026-07-26T10:29:17.0532065Z                 "language": "C#",
2026-07-26T10:29:17.0532565Z                 "languages_url": "https://api.github.com/repos/pkinerd/ednsv/languages",
2026-07-26T10:29:17.0533226Z                 "license": null,
2026-07-26T10:29:17.0533569Z                 "merge_commit_message": "PR_TITLE",
2026-07-26T10:29:17.0533979Z                 "merge_commit_title": "MERGE_MESSAGE",
2026-07-26T10:29:17.0534507Z                 "merges_url": "https://api.github.com/repos/pkinerd/ednsv/merges",
2026-07-26T10:29:17.0535199Z                 "milestones_url": "https://api.github.com/repos/pkinerd/ednsv/milestones{/number}",
2026-07-26T10:29:17.0535784Z                 "mirror_url": null,
2026-07-26T10:29:17.0536104Z                 "name": "ednsv",
2026-07-26T10:29:17.0536435Z                 "node_id": "R_kgDOR1K0VA",
2026-07-26T10:29:17.0537236Z                 "notifications_url": "https://api.github.com/repos/pkinerd/ednsv/notifications{?since,all,participating}",
2026-07-26T10:29:17.0538116Z                 "open_issues": 1,
2026-07-26T10:29:17.0538835Z                 "open_issues_count": 1,
2026-07-26T10:29:17.0539298Z                 "owner": {
2026-07-26T10:29:17.0539845Z                   "avatar_url": "https://avatars.githubusercontent.com/u/169779439?v=4",
2026-07-26T10:29:17.0540680Z                   "events_url": "https://api.github.com/users/pkinerd/events{/privacy}",
2026-07-26T10:29:17.0541417Z                   "followers_url": "https://api.github.com/users/pkinerd/followers",
2026-07-26T10:29:17.0542422Z                   "following_url": "https://api.github.com/users/pkinerd/following{/other_user}",
2026-07-26T10:29:17.0543059Z                   "gists_url": "https://api.github.com/users/pkinerd/gists{/gist_id}",
2026-07-26T10:29:17.0543492Z                   "gravatar_id": "",
2026-07-26T10:29:17.0543891Z                   "html_url": "https://github.com/pkinerd",
2026-07-26T10:29:17.0558653Z                   "id": 169779439,
2026-07-26T10:29:17.0558996Z                   "login": "pkinerd",
2026-07-26T10:29:17.0559345Z                   "node_id": "U_kgDOCh6g7w",
2026-07-26T10:29:17.0559830Z                   "organizations_url": "https://api.github.com/users/pkinerd/orgs",
2026-07-26T10:29:17.0560414Z                   "received_events_url": "https://api.github.com/users/pkinerd/received_events",
2026-07-26T10:29:17.0561029Z                   "repos_url": "https://api.github.com/users/pkinerd/repos",
2026-07-26T10:29:17.0561442Z                   "site_admin": false,
2026-07-26T10:29:17.0562165Z                   "starred_url": "https://api.github.com/users/pkinerd/starred{/owner}{/repo}",
2026-07-26T10:29:17.0562818Z                   "subscriptions_url": "https://api.github.com/users/pkinerd/subscriptions",
2026-07-26T10:29:17.0563284Z                   "type": "User",
2026-07-26T10:29:17.0563616Z                   "url": "https://api.github.com/users/pkinerd",
2026-07-26T10:29:17.0564030Z                   "user_view_type": "public"
2026-07-26T10:29:17.0564339Z                 },
2026-07-26T10:29:17.0564620Z                 "private": false,
2026-07-26T10:29:17.0564984Z                 "pull_request_creation_policy": "all",
2026-07-26T10:29:17.0565582Z                 "pulls_url": "https://api.github.com/repos/pkinerd/ednsv/pulls{/number}",
2026-07-26T10:29:17.0566120Z                 "pushed_at": "2026-07-26T10:27:39Z",
2026-07-26T10:29:17.0566566Z                 "releases_url": "https://api.github.com/repos/pkinerd/ednsv/releases{/id}",
2026-07-26T10:29:17.0566966Z                 "size": 37457,
2026-07-26T10:29:17.0567331Z                 "squash_merge_commit_message": "COMMIT_MESSAGES",
2026-07-26T10:29:17.0567799Z                 "squash_merge_commit_title": "COMMIT_OR_PR_TITLE",
2026-07-26T10:29:17.0568258Z                 "ssh_url": "git@github.com:pkinerd/ednsv.git",
2026-07-26T10:29:17.0568661Z                 "stargazers_count": 0,
2026-07-26T10:29:17.0569375Z                 "stargazers_url": "https://api.github.com/repos/pkinerd/ednsv/stargazers",
2026-07-26T10:29:17.0570057Z                 "statuses_url": "https://api.github.com/repos/pkinerd/ednsv/statuses/{sha}",
2026-07-26T10:29:17.0570865Z                 "subscribers_url": "https://api.github.com/repos/pkinerd/ednsv/subscribers",
2026-07-26T10:29:17.0571575Z                 "subscription_url": "https://api.github.com/repos/pkinerd/ednsv/subscription",
2026-07-26T10:29:17.0572347Z                 "svn_url": "https://github.com/pkinerd/ednsv",
2026-07-26T10:29:17.0575732Z                 "tags_url": "https://api.github.com/repos/pkinerd/ednsv/tags",
2026-07-26T10:29:17.0576303Z                 "teams_url": "https://api.github.com/repos/pkinerd/ednsv/teams",
2026-07-26T10:29:17.0576765Z                 "topics": [],
2026-07-26T10:29:17.0577232Z                 "trees_url": "https://api.github.com/repos/pkinerd/ednsv/git/trees{/sha}",
2026-07-26T10:29:17.0577741Z                 "updated_at": "2026-07-24T14:18:46Z",
2026-07-26T10:29:17.0578191Z                 "url": "https://api.github.com/repos/pkinerd/ednsv",
2026-07-26T10:29:17.0578648Z                 "use_squash_pr_title_as_default": false,
2026-07-26T10:29:17.0579020Z                 "visibility": "public",
2026-07-26T10:29:17.0579343Z                 "watchers": 0,
2026-07-26T10:29:17.0579630Z                 "watchers_count": 0,
2026-07-26T10:29:17.0579947Z                 "web_commit_signoff_required": false
2026-07-26T10:29:17.0580263Z               },
2026-07-26T10:29:17.0580532Z               "sha": "0907a58f50a6c98d23ae466ed31c3a0c15264622",
2026-07-26T10:29:17.0580853Z               "user": {
2026-07-26T10:29:17.0581215Z                 "avatar_url": "https://avatars.githubusercontent.com/u/169779439?v=4",
2026-07-26T10:29:17.0581897Z                 "events_url": "https://api.github.com/users/pkinerd/events{/privacy}",
2026-07-26T10:29:17.0582423Z                 "followers_url": "https://api.github.com/users/pkinerd/followers",
2026-07-26T10:29:17.0582995Z                 "following_url": "https://api.github.com/users/pkinerd/following{/other_user}",
2026-07-26T10:29:17.0583569Z                 "gists_url": "https://api.github.com/users/pkinerd/gists{/gist_id}",
2026-07-26T10:29:17.0583987Z                 "gravatar_id": "",
2026-07-26T10:29:17.0584305Z                 "html_url": "https://github.com/pkinerd",
2026-07-26T10:29:17.0584631Z                 "id": 169779439,
2026-07-26T10:29:17.0584895Z                 "login": "pkinerd",
2026-07-26T10:29:17.0585184Z                 "node_id": "U_kgDOCh6g7w",
2026-07-26T10:29:17.0585600Z                 "organizations_url": "https://api.github.com/users/pkinerd/orgs",
2026-07-26T10:29:17.0586191Z                 "received_events_url": "https://api.github.com/users/pkinerd/received_events",
2026-07-26T10:29:17.0586805Z                 "repos_url": "https://api.github.com/users/pkinerd/repos",
2026-07-26T10:29:17.0587205Z                 "site_admin": false,
2026-07-26T10:29:17.0587659Z                 "starred_url": "https://api.github.com/users/pkinerd/starred{/owner}{/repo}",
2026-07-26T10:29:17.0588353Z                 "subscriptions_url": "https://api.github.com/users/pkinerd/subscriptions",
2026-07-26T10:29:17.0588850Z                 "type": "User",
2026-07-26T10:29:17.0589201Z                 "url": "https://api.github.com/users/pkinerd",
2026-07-26T10:29:17.0589588Z                 "user_view_type": "public"
2026-07-26T10:29:17.0589911Z               }
2026-07-26T10:29:17.0590145Z             },
2026-07-26T10:29:17.0604496Z             "body": "Four defects in the same family — file writes that assume they are the\nonly writer, and a read that destroys data when it fails.\n\n1. Fixed temp-file paths. Six write sites built their scratch file as\n   \"<target>.tmp\": ConfigService (config.json, revision bodies, the\n   history index), AuthService (users.json) and DiskCacheService (the\n   eleven merge-saved cache files, domain-results.json). The rename is\n   atomic, but the scratch path is shared state — two writers (two\n   replicas on one mount, a CLI run alongside the web service) truncate\n   and interleave into it, after which one rename publishes the mixture\n   and the other throws FileNotFoundException because the temp has\n   already been moved away. In ConfigService and AuthService that\n   exception escapes a save request as a 500.\n\n   Adds AtomicFile, which writes through a per-write unique temp name,\n   removes its scratch file when a write fails, and sweeps orphans left\n   by a killed process. The sweep is age-gated so it cannot delete a\n   temp belonging to an in-flight write. Concurrent writers still race\n   to publish and the last rename wins — the callers already assume\n   that — but the target is now always exactly one writer's complete\n   payload.\n\n   DiskCacheService.Clear and the startup load sweep the new names as\n   well as the legacy fixed one.\n\n2. ConfigService.LoadOrSeed overwrote a live config on a transient read\n   error. Any failure to read or parse an existing config.json fell\n   through to the seed path, which writes to disk — so a momentary I/O\n   error or sharing violation silently replaced the operator's saved\n   settings with env-var defaults and recorded that as a revision. It\n   now throws ConfigUnreadableException and the web host fails closed\n   with a clear message. An empty file still seeds, since there is\n   nothing to lose.\n\n3. CacheManager.ClearAllAsync deleted the cache files without holding\n   the flusher's lock. A flush that had already sampled the in-memory\n   caches would finish writing them out after the delete, so an admin\n   cache-clear reported success and the stale entries reappeared on\n   disk. The delete now runs under the same semaphore as the flush.\n\n4. CacheManager.FlushAsync bypassed all serialisation when no\n   background flusher exists (CLI runs), leaving concurrent saves free\n   to interleave read-modify-write on each cache file. It now takes a\n   local lock.\n\nAdds AtomicFileTests and CacheManagerClearTests, and extends\nConfigServiceTests and DiskCacheClearTests. The two concurrency tests\nwere verified to fail against the old fixed-name implementation.\n\nCo-Authored-By: Claude Opus 5 <noreply@anthropic.com>\nClaude-Session: https://claude.ai/code/session_01611PR4pvQSGB1t9K3hNAwE",
2026-07-26T10:29:17.0612049Z             "changed_files": 52,
2026-07-26T10:29:17.0612263Z             "closed_at": null,
2026-07-26T10:29:17.0612455Z             "comments": 0,
2026-07-26T10:29:17.0612767Z             "comments_url": "https://api.github.com/repos/pkinerd/ednsv/issues/28/comments",
2026-07-26T10:29:17.0613095Z             "commits": 23,
2026-07-26T10:29:17.0613380Z             "commits_url": "https://api.github.com/repos/pkinerd/ednsv/pulls/28/commits",
2026-07-26T10:29:17.0613715Z             "created_at": "2026-07-26T02:03:41Z",
2026-07-26T10:29:17.0613940Z             "deletions": 1085,
2026-07-26T10:29:17.0614193Z             "diff_url": "https://github.com/pkinerd/ednsv/pull/28.diff",
2026-07-26T10:29:17.0614467Z             "draft": false,
2026-07-26T10:29:17.0614646Z             "head": {
2026-07-26T10:29:17.0614885Z               "label": "pkinerd:claude/redis-dependency-removal-213elh",
2026-07-26T10:29:17.0615194Z               "ref": "claude/redis-dependency-removal-213elh",
2026-07-26T10:29:17.0615442Z               "repo": {
2026-07-26T10:29:17.0615630Z                 "allow_auto_merge": false,
2026-07-26T10:29:17.0615847Z                 "allow_forking": true,
2026-07-26T10:29:17.0616066Z                 "allow_merge_commit": true,
2026-07-26T10:29:17.0616287Z                 "allow_rebase_merge": true,
2026-07-26T10:29:17.0616493Z                 "allow_squash_merge": true,
2026-07-26T10:29:17.0616708Z                 "allow_update_branch": false,
2026-07-26T10:29:17.0617073Z                 "archive_url": "https://api.github.com/repos/pkinerd/ednsv/{archive_format}{/ref}",
2026-07-26T10:29:17.0617418Z                 "archived": false,
2026-07-26T10:29:17.0617727Z                 "assignees_url": "https://api.github.com/repos/pkinerd/ednsv/assignees{/user}",
2026-07-26T10:29:17.0618320Z                 "blobs_url": "https://api.github.com/repos/pkinerd/ednsv/git/blobs{/sha}",
2026-07-26T10:29:17.0618744Z                 "branches_url": "https://api.github.com/repos/pkinerd/ednsv/branches{/branch}",
2026-07-26T10:29:17.0619200Z                 "clone_url": "https://github.com/pkinerd/ednsv.git",
2026-07-26T10:29:17.0619624Z                 "collaborators_url": "https://api.github.com/repos/pkinerd/ednsv/collaborators{/collaborator}",
2026-07-26T10:29:17.0620085Z                 "comments_url": "https://api.github.com/repos/pkinerd/ednsv/comments{/number}",
2026-07-26T10:29:17.0620489Z                 "commits_url": "https://api.github.com/repos/pkinerd/ednsv/commits{/sha}",
2026-07-26T10:29:17.0620914Z                 "compare_url": "https://api.github.com/repos/pkinerd/ednsv/compare/{base}...{head}",
2026-07-26T10:29:17.0621343Z                 "contents_url": "https://api.github.com/repos/pkinerd/ednsv/contents/{+path}",
2026-07-26T10:29:17.0622042Z                 "contributors_url": "https://api.github.com/repos/pkinerd/ednsv/contributors",
2026-07-26T10:29:17.0622571Z                 "created_at": "2026-03-30T21:24:40Z",
2026-07-26T10:29:17.0622916Z                 "default_branch": "main",
2026-07-26T10:29:17.0623265Z                 "delete_branch_on_merge": false,
2026-07-26T10:29:17.0623789Z                 "deployments_url": "https://api.github.com/repos/pkinerd/ednsv/deployments",
2026-07-26T10:29:17.0624134Z                 "description": null,
2026-07-26T10:29:17.0624348Z                 "disabled": false,
2026-07-26T10:29:17.0624640Z                 "downloads_url": "https://api.github.com/repos/pkinerd/ednsv/downloads",
2026-07-26T10:29:17.0625017Z                 "events_url": "https://api.github.com/repos/pkinerd/ednsv/events",
2026-07-26T10:29:17.0625299Z                 "fork": false,
2026-07-26T10:29:17.0625492Z                 "forks": 0,
2026-07-26T10:29:17.0625681Z                 "forks_count": 0,
2026-07-26T10:29:17.0625957Z                 "forks_url": "https://api.github.com/repos/pkinerd/ednsv/forks",
2026-07-26T10:29:17.0626247Z                 "full_name": "pkinerd/ednsv",
2026-07-26T10:29:17.0626582Z                 "git_commits_url": "https://api.github.com/repos/pkinerd/ednsv/git/commits{/sha}",
2026-07-26T10:29:17.0626993Z                 "git_refs_url": "https://api.github.com/repos/pkinerd/ednsv/git/refs{/sha}",
2026-07-26T10:29:17.0627377Z                 "git_tags_url": "https://api.github.com/repos/pkinerd/ednsv/git/tags{/sha}",
2026-07-26T10:29:17.0627713Z                 "git_url": "git://github.com/pkinerd/ednsv.git",
2026-07-26T10:29:17.0627978Z                 "has_discussions": false,
2026-07-26T10:29:17.0628195Z                 "has_downloads": false,
2026-07-26T10:29:17.0628408Z                 "has_issues": true,
2026-07-26T10:29:17.0628609Z                 "has_pages": false,
2026-07-26T10:29:17.0628807Z                 "has_projects": true,
2026-07-26T10:29:17.0629022Z                 "has_pull_requests": true,
2026-07-26T10:29:17.0629233Z                 "has_wiki": true,
2026-07-26T10:29:17.0629427Z                 "homepage": null,
2026-07-26T10:29:17.0629683Z                 "hooks_url": "https://api.github.com/repos/pkinerd/ednsv/hooks",
2026-07-26T10:29:17.0630011Z                 "html_url": "https://github.com/pkinerd/ednsv",
2026-07-26T10:29:17.0630252Z                 "id": 1196602452,
2026-07-26T10:29:17.0630443Z                 "is_template": false,
2026-07-26T10:29:17.0630785Z                 "issue_comment_url": "https://api.github.com/repos/pkinerd/ednsv/issues/comments{/number}",
2026-07-26T10:29:17.0631256Z                 "issue_events_url": "https://api.github.com/repos/pkinerd/ednsv/issues/events{/number}",
2026-07-26T10:29:17.0631875Z                 "issues_url": "https://api.github.com/repos/pkinerd/ednsv/issues{/number}",
2026-07-26T10:29:17.0632285Z                 "keys_url": "https://api.github.com/repos/pkinerd/ednsv/keys{/key_id}",
2026-07-26T10:29:17.0632804Z                 "labels_url": "https://api.github.com/repos/pkinerd/ednsv/labels{/name}",
2026-07-26T10:29:17.0633113Z                 "language": "C#",
2026-07-26T10:29:17.0633404Z                 "languages_url": "https://api.github.com/repos/pkinerd/ednsv/languages",
2026-07-26T10:29:17.0633804Z                 "license": null,
2026-07-26T10:29:17.0634028Z                 "merge_commit_message": "PR_TITLE",
2026-07-26T10:29:17.0634279Z                 "merge_commit_title": "MERGE_MESSAGE",
2026-07-26T10:29:17.0634585Z                 "merges_url": "https://api.github.com/repos/pkinerd/ednsv/merges",
2026-07-26T10:29:17.0634991Z                 "milestones_url": "https://api.github.com/repos/pkinerd/ednsv/milestones{/number}",
2026-07-26T10:29:17.0635323Z                 "mirror_url": null,
2026-07-26T10:29:17.0635529Z                 "name": "ednsv",
2026-07-26T10:29:17.0635729Z                 "node_id": "R_kgDOR1K0VA",
2026-07-26T10:29:17.0636128Z                 "notifications_url": "https://api.github.com/repos/pkinerd/ednsv/notifications{?since,all,participating}",
2026-07-26T10:29:17.0636528Z                 "open_issues": 1,
2026-07-26T10:29:17.0636731Z                 "open_issues_count": 1,
2026-07-26T10:29:17.0636939Z                 "owner": {
2026-07-26T10:29:17.0637223Z                   "avatar_url": "https://avatars.githubusercontent.com/u/169779439?v=4",
2026-07-26T10:29:17.0637603Z                   "events_url": "https://api.github.com/users/pkinerd/events{/privacy}",
2026-07-26T10:29:17.0637969Z                   "followers_url": "https://api.github.com/users/pkinerd/followers",
2026-07-26T10:29:17.0638358Z                   "following_url": "https://api.github.com/users/pkinerd/following{/other_user}",
2026-07-26T10:29:17.0638746Z                   "gists_url": "https://api.github.com/users/pkinerd/gists{/gist_id}",
2026-07-26T10:29:17.0639035Z                   "gravatar_id": "",
2026-07-26T10:29:17.0639269Z                   "html_url": "https://github.com/pkinerd",
2026-07-26T10:29:17.0639505Z                   "id": 169779439,
2026-07-26T10:29:17.0639701Z                   "login": "pkinerd",
2026-07-26T10:29:17.0639912Z                   "node_id": "U_kgDOCh6g7w",
2026-07-26T10:29:17.0640213Z                   "organizations_url": "https://api.github.com/users/pkinerd/orgs",
2026-07-26T10:29:17.0640608Z                   "received_events_url": "https://api.github.com/users/pkinerd/received_events",
2026-07-26T10:29:17.0640983Z                   "repos_url": "https://api.github.com/users/pkinerd/repos",
2026-07-26T10:29:17.0641255Z                   "site_admin": false,
2026-07-26T10:29:17.0641560Z                   "starred_url": "https://api.github.com/users/pkinerd/starred{/owner}{/repo}",
2026-07-26T10:29:17.0642309Z                   "subscriptions_url": "https://api.github.com/users/pkinerd/subscriptions",
2026-07-26T10:29:17.0642699Z                   "type": "User",
2026-07-26T10:29:17.0642940Z                   "url": "https://api.github.com/users/pkinerd",
2026-07-26T10:29:17.0643209Z                   "user_view_type": "public"
2026-07-26T10:29:17.0643421Z                 },
2026-07-26T10:29:17.0643589Z                 "private": false,
2026-07-26T10:29:17.0643804Z                 "pull_request_creation_policy": "all",
2026-07-26T10:29:17.0644134Z                 "pulls_url": "https://api.github.com/repos/pkinerd/ednsv/pulls{/number}",
2026-07-26T10:29:17.0644461Z                 "pushed_at": "2026-07-26T10:27:39Z",
2026-07-26T10:29:17.0644776Z                 "releases_url": "https://api.github.com/repos/pkinerd/ednsv/releases{/id}",
2026-07-26T10:29:17.0645085Z                 "size": 37457,
2026-07-26T10:29:17.0645313Z                 "squash_merge_commit_message": "COMMIT_MESSAGES",
2026-07-26T10:29:17.0645597Z                 "squash_merge_commit_title": "COMMIT_OR_PR_TITLE",
2026-07-26T10:29:17.0645874Z                 "ssh_url": "git@github.com:pkinerd/ednsv.git",
2026-07-26T10:29:17.0646121Z                 "stargazers_count": 0,
2026-07-26T10:29:17.0646561Z                 "stargazers_url": "https://api.github.com/repos/pkinerd/ednsv/stargazers",
2026-07-26T10:29:17.0646960Z                 "statuses_url": "https://api.github.com/repos/pkinerd/ednsv/statuses/{sha}",
2026-07-26T10:29:17.0647453Z                 "subscribers_url": "https://api.github.com/repos/pkinerd/ednsv/subscribers",
2026-07-26T10:29:17.0647888Z                 "subscription_url": "https://api.github.com/repos/pkinerd/ednsv/subscription",
2026-07-26T10:29:17.0648240Z                 "svn_url": "https://github.com/pkinerd/ednsv",
2026-07-26T10:29:17.0648545Z                 "tags_url": "https://api.github.com/repos/pkinerd/ednsv/tags",
2026-07-26T10:29:17.0648888Z                 "teams_url": "https://api.github.com/repos/pkinerd/ednsv/teams",
2026-07-26T10:29:17.0649169Z                 "topics": [],
2026-07-26T10:29:17.0649445Z                 "trees_url": "https://api.github.com/repos/pkinerd/ednsv/git/trees{/sha}",
2026-07-26T10:29:17.0649762Z                 "updated_at": "2026-07-24T14:18:46Z",
2026-07-26T10:29:17.0650029Z                 "url": "https://api.github.com/repos/pkinerd/ednsv",
2026-07-26T10:29:17.0650306Z                 "use_squash_pr_title_as_default": false,
2026-07-26T10:29:17.0650540Z                 "visibility": "public",
2026-07-26T10:29:17.0650752Z                 "watchers": 0,
2026-07-26T10:29:17.0650944Z                 "watchers_count": 0,
2026-07-26T10:29:17.0651159Z                 "web_commit_signoff_required": false
2026-07-26T10:29:17.0651372Z               },
2026-07-26T10:29:17.0651565Z               "sha": "607c0858d7199a6e145961916b17aec25ca97643",
2026-07-26T10:29:17.0651985Z               "user": {
2026-07-26T10:29:17.0652251Z                 "avatar_url": "https://avatars.githubusercontent.com/u/169779439?v=4",
2026-07-26T10:29:17.0652624Z                 "events_url": "https://api.github.com/users/pkinerd/events{/privacy}",
2026-07-26T10:29:17.0652987Z                 "followers_url": "https://api.github.com/users/pkinerd/followers",
2026-07-26T10:29:17.0653388Z                 "following_url": "https://api.github.com/users/pkinerd/following{/other_user}",
2026-07-26T10:29:17.0653773Z                 "gists_url": "https://api.github.com/users/pkinerd/gists{/gist_id}",
2026-07-26T10:29:17.0654055Z                 "gravatar_id": "",
2026-07-26T10:29:17.0654281Z                 "html_url": "https://github.com/pkinerd",
2026-07-26T10:29:17.0654511Z                 "id": 169779439,
2026-07-26T10:29:17.0654702Z                 "login": "pkinerd",
2026-07-26T10:29:17.0654906Z                 "node_id": "U_kgDOCh6g7w",
2026-07-26T10:29:17.0655196Z                 "organizations_url": "https://api.github.com/users/pkinerd/orgs",
2026-07-26T10:29:17.0655587Z                 "received_events_url": "https://api.github.com/users/pkinerd/received_events",
2026-07-26T10:29:17.0655948Z                 "repos_url": "https://api.github.com/users/pkinerd/repos",
2026-07-26T10:29:17.0656220Z                 "site_admin": false,
2026-07-26T10:29:17.0656517Z                 "starred_url": "https://api.github.com/users/pkinerd/starred{/owner}{/repo}",
2026-07-26T10:29:17.0656919Z                 "subscriptions_url": "https://api.github.com/users/pkinerd/subscriptions",
2026-07-26T10:29:17.0657223Z                 "type": "User",
2026-07-26T10:29:17.0657452Z                 "url": "https://api.github.com/users/pkinerd",
2026-07-26T10:29:17.0657698Z                 "user_view_type": "public"
2026-07-26T10:29:17.0657897Z               }
2026-07-26T10:29:17.0658055Z             },
2026-07-26T10:29:17.0658265Z             "html_url": "https://github.com/pkinerd/ednsv/pull/28",
2026-07-26T10:29:17.0658517Z             "id": 4134707627,
2026-07-26T10:29:17.0658778Z             "issue_url": "https://api.github.com/repos/pkinerd/ednsv/issues/28",
2026-07-26T10:29:17.0659056Z             "labels": [],
2026-07-26T10:29:17.0659234Z             "locked": false,
2026-07-26T10:29:17.0659440Z             "maintainer_can_modify": false,
2026-07-26T10:29:17.0659711Z             "merge_commit_sha": "1714982d68da3266efd68557acb973e589100a30",
2026-07-26T10:29:17.0660109Z             "mergeable": null,
2026-07-26T10:29:17.0660311Z             "mergeable_state": "unknown",
2026-07-26T10:29:17.0660521Z             "merged": false,
2026-07-26T10:29:17.0660705Z             "merged_at": null,
2026-07-26T10:29:17.0660987Z             "merged_by": null,
2026-07-26T10:29:17.0661170Z             "milestone": null,
2026-07-26T10:29:17.0661370Z             "node_id": "PR_kwDOR1K0VM72cqGr",
2026-07-26T10:29:17.0661586Z             "number": 28,
2026-07-26T10:29:17.0661992Z             "patch_url": "https://github.com/pkinerd/ednsv/pull/28.patch",
2026-07-26T10:29:17.0662273Z             "rebaseable": null,
2026-07-26T10:29:17.0662477Z             "requested_reviewers": [],
2026-07-26T10:29:17.0662691Z             "requested_teams": [],
2026-07-26T10:29:17.0663032Z             "review_comment_url": "https://api.github.com/repos/pkinerd/ednsv/pulls/comments{/number}",
2026-07-26T10:29:17.0663392Z             "review_comments": 0,
2026-07-26T10:29:17.0663709Z             "review_comments_url": "https://api.github.com/repos/pkinerd/ednsv/pulls/28/comments",
2026-07-26T10:29:17.0664046Z             "state": "open",
2026-07-26T10:29:17.0664426Z             "statuses_url": "https://api.github.com/repos/pkinerd/ednsv/statuses/607c0858d7199a6e145961916b17aec25ca97643",
2026-07-26T10:29:17.0664936Z             "title": "Fix unguarded concurrent file access in config, auth and disk cache",
2026-07-26T10:29:17.0665257Z             "updated_at": "2026-07-26T10:27:40Z",
2026-07-26T10:29:17.0665537Z             "url": "https://api.github.com/repos/pkinerd/ednsv/pulls/28",
2026-07-26T10:29:17.0665804Z             "user": {
2026-07-26T10:29:17.0666068Z               "avatar_url": "https://avatars.githubusercontent.com/u/169779439?v=4",
2026-07-26T10:29:17.0666441Z               "events_url": "https://api.github.com/users/pkinerd/events{/privacy}",
2026-07-26T10:29:17.0666798Z               "followers_url": "https://api.github.com/users/pkinerd/followers",
2026-07-26T10:29:17.0667187Z               "following_url": "https://api.github.com/users/pkinerd/following{/other_user}",
2026-07-26T10:29:17.0667567Z               "gists_url": "https://api.github.com/users/pkinerd/gists{/gist_id}",
2026-07-26T10:29:17.0667856Z               "gravatar_id": "",
2026-07-26T10:29:17.0668077Z               "html_url": "https://github.com/pkinerd",
2026-07-26T10:29:17.0668305Z               "id": 169779439,
2026-07-26T10:29:17.0668489Z               "login": "pkinerd",
2026-07-26T10:29:17.0668691Z               "node_id": "U_kgDOCh6g7w",
2026-07-26T10:29:17.0668977Z               "organizations_url": "https://api.github.com/users/pkinerd/orgs",
2026-07-26T10:29:17.0669360Z               "received_events_url": "https://api.github.com/users/pkinerd/received_events",
2026-07-26T10:29:17.0669721Z               "repos_url": "https://api.github.com/users/pkinerd/repos",
2026-07-26T10:29:17.0669988Z               "site_admin": false,
2026-07-26T10:29:17.0670283Z               "starred_url": "https://api.github.com/users/pkinerd/starred{/owner}{/repo}",
2026-07-26T10:29:17.0670680Z               "subscriptions_url": "https://api.github.com/users/pkinerd/subscriptions",
2026-07-26T10:29:17.0670979Z               "type": "User",
2026-07-26T10:29:17.0671200Z               "url": "https://api.github.com/users/pkinerd",
2026-07-26T10:29:17.0671443Z               "user_view_type": "public"
2026-07-26T10:29:17.0671636Z             }
2026-07-26T10:29:17.0671936Z           },
2026-07-26T10:29:17.0672096Z           "repository": {
2026-07-26T10:29:17.0672285Z             "allow_forking": true,
2026-07-26T10:29:17.0672601Z             "archive_url": "https://api.github.com/repos/pkinerd/ednsv/{archive_format}{/ref}",
2026-07-26T10:29:17.0672928Z             "archived": false,
2026-07-26T10:29:17.0673218Z             "assignees_url": "https://api.github.com/repos/pkinerd/ednsv/assignees{/user}",
2026-07-26T10:29:17.0673604Z             "blobs_url": "https://api.github.com/repos/pkinerd/ednsv/git/blobs{/sha}",
2026-07-26T10:29:17.0674186Z             "branches_url": "https://api.github.com/repos/pkinerd/ednsv/branches{/branch}",
2026-07-26T10:29:17.0674546Z             "clone_url": "https://github.com/pkinerd/ednsv.git",
2026-07-26T10:29:17.0675045Z             "collaborators_url": "https://api.github.com/repos/pkinerd/ednsv/collaborators{/collaborator}",
2026-07-26T10:29:17.0675517Z             "comments_url": "https://api.github.com/repos/pkinerd/ednsv/comments{/number}",
2026-07-26T10:29:17.0675913Z             "commits_url": "https://api.github.com/repos/pkinerd/ednsv/commits{/sha}",
2026-07-26T10:29:17.0676320Z             "compare_url": "https://api.github.com/repos/pkinerd/ednsv/compare/{base}...{head}",
2026-07-26T10:29:17.0676739Z             "contents_url": "https://api.github.com/repos/pkinerd/ednsv/contents/{+path}",
2026-07-26T10:29:17.0677140Z             "contributors_url": "https://api.github.com/repos/pkinerd/ednsv/contributors",
2026-07-26T10:29:17.0677469Z             "created_at": "2026-03-30T21:24:40Z",
2026-07-26T10:29:17.0677698Z             "default_branch": "main",
2026-07-26T10:29:17.0678002Z             "deployments_url": "https://api.github.com/repos/pkinerd/ednsv/deployments",
2026-07-26T10:29:17.0678321Z             "description": null,
2026-07-26T10:29:17.0678520Z             "disabled": false,
2026-07-26T10:29:17.0678794Z             "downloads_url": "https://api.github.com/repos/pkinerd/ednsv/downloads",
2026-07-26T10:29:17.0679162Z             "events_url": "https://api.github.com/repos/pkinerd/ednsv/events",
2026-07-26T10:29:17.0679448Z             "fork": false,
2026-07-26T10:29:17.0679625Z             "forks": 0,
2026-07-26T10:29:17.0679803Z             "forks_count": 0,
2026-07-26T10:29:17.0680054Z             "forks_url": "https://api.github.com/repos/pkinerd/ednsv/forks",
2026-07-26T10:29:17.0680332Z             "full_name": "pkinerd/ednsv",
2026-07-26T10:29:17.0680650Z             "git_commits_url": "https://api.github.com/repos/pkinerd/ednsv/git/commits{/sha}",
2026-07-26T10:29:17.0681052Z             "git_refs_url": "https://api.github.com/repos/pkinerd/ednsv/git/refs{/sha}",
2026-07-26T10:29:17.0681431Z             "git_tags_url": "https://api.github.com/repos/pkinerd/ednsv/git/tags{/sha}",
2026-07-26T10:29:17.0681893Z             "git_url": "git://github.com/pkinerd/ednsv.git",
2026-07-26T10:29:17.0682147Z             "has_discussions": false,
2026-07-26T10:29:17.0682357Z             "has_downloads": false,
2026-07-26T10:29:17.0682560Z             "has_issues": true,
2026-07-26T10:29:17.0682750Z             "has_pages": false,
2026-07-26T10:29:17.0682936Z             "has_projects": true,
2026-07-26T10:29:17.0683140Z             "has_pull_requests": true,
2026-07-26T10:29:17.0683346Z             "has_wiki": true,
2026-07-26T10:29:17.0683530Z             "homepage": null,
2026-07-26T10:29:17.0683778Z             "hooks_url": "https://api.github.com/repos/pkinerd/ednsv/hooks",
2026-07-26T10:29:17.0684084Z             "html_url": "https://github.com/pkinerd/ednsv",
2026-07-26T10:29:17.0684325Z             "id": 1196602452,
2026-07-26T10:29:17.0684505Z             "is_template": false,
2026-07-26T10:29:17.0684830Z             "issue_comment_url": "https://api.github.com/repos/pkinerd/ednsv/issues/comments{/number}",
2026-07-26T10:29:17.0685292Z             "issue_events_url": "https://api.github.com/repos/pkinerd/ednsv/issues/events{/number}",
2026-07-26T10:29:17.0685713Z             "issues_url": "https://api.github.com/repos/pkinerd/ednsv/issues{/number}",
2026-07-26T10:29:17.0686091Z             "keys_url": "https://api.github.com/repos/pkinerd/ednsv/keys{/key_id}",
2026-07-26T10:29:17.0686463Z             "labels_url": "https://api.github.com/repos/pkinerd/ednsv/labels{/name}",
2026-07-26T10:29:17.0686752Z             "language": "C#",
2026-07-26T10:29:17.0687015Z             "languages_url": "https://api.github.com/repos/pkinerd/ednsv/languages",
2026-07-26T10:29:17.0687308Z             "license": null,
2026-07-26T10:29:17.0687557Z             "merges_url": "https://api.github.com/repos/pkinerd/ednsv/merges",
2026-07-26T10:29:17.0688077Z             "milestones_url": "https://api.github.com/repos/pkinerd/ednsv/milestones{/number}",
2026-07-26T10:29:17.0688401Z             "mirror_url": null,
2026-07-26T10:29:17.0688580Z             "name": "ednsv",
2026-07-26T10:29:17.0688866Z             "node_id": "R_kgDOR1K0VA",
2026-07-26T10:29:17.0689261Z             "notifications_url": "https://api.github.com/repos/pkinerd/ednsv/notifications{?since,all,participating}",
2026-07-26T10:29:17.0689653Z             "open_issues": 1,
2026-07-26T10:29:17.0689843Z             "open_issues_count": 1,
2026-07-26T10:29:17.0690040Z             "owner": {
2026-07-26T10:29:17.0690301Z               "avatar_url": "https://avatars.githubusercontent.com/u/169779439?v=4",
2026-07-26T10:29:17.0690664Z               "events_url": "https://api.github.com/users/pkinerd/events{/privacy}",
2026-07-26T10:29:17.0691018Z               "followers_url": "https://api.github.com/users/pkinerd/followers",
2026-07-26T10:29:17.0691405Z               "following_url": "https://api.github.com/users/pkinerd/following{/other_user}",
2026-07-26T10:29:17.0691954Z               "gists_url": "https://api.github.com/users/pkinerd/gists{/gist_id}",
2026-07-26T10:29:17.0692254Z               "gravatar_id": "",
2026-07-26T10:29:17.0692481Z               "html_url": "https://github.com/pkinerd",
2026-07-26T10:29:17.0692714Z               "id": 169779439,
2026-07-26T10:29:17.0692902Z               "login": "pkinerd",
2026-07-26T10:29:17.0693104Z               "node_id": "U_kgDOCh6g7w",
2026-07-26T10:29:17.0693389Z               "organizations_url": "https://api.github.com/users/pkinerd/orgs",
2026-07-26T10:29:17.0693771Z               "received_events_url": "https://api.github.com/users/pkinerd/received_events",
2026-07-26T10:29:17.0694125Z               "repos_url": "https://api.github.com/users/pkinerd/repos",
2026-07-26T10:29:17.0694396Z               "site_admin": false,
2026-07-26T10:29:17.0694690Z               "starred_url": "https://api.github.com/users/pkinerd/starred{/owner}{/repo}",
2026-07-26T10:29:17.0695083Z               "subscriptions_url": "https://api.github.com/users/pkinerd/subscriptions",
2026-07-26T10:29:17.0695384Z               "type": "User",
2026-07-26T10:29:17.0695602Z               "url": "https://api.github.com/users/pkinerd",
2026-07-26T10:29:17.0695845Z               "user_view_type": "public"
2026-07-26T10:29:17.0696042Z             },
2026-07-26T10:29:17.0696201Z             "private": false,
2026-07-26T10:29:17.0696404Z             "pull_request_creation_policy": "all",
2026-07-26T10:29:17.0696717Z             "pulls_url": "https://api.github.com/repos/pkinerd/ednsv/pulls{/number}",
2026-07-26T10:29:17.0697022Z             "pushed_at": "2026-07-26T10:27:39Z",
2026-07-26T10:29:17.0697322Z             "releases_url": "https://api.github.com/repos/pkinerd/ednsv/releases{/id}",
2026-07-26T10:29:17.0697629Z             "size": 37457,
2026-07-26T10:29:17.0697843Z             "ssh_url": "git@github.com:pkinerd/ednsv.git",
2026-07-26T10:29:17.0698080Z             "stargazers_count": 0,
2026-07-26T10:29:17.0698366Z             "stargazers_url": "https://api.github.com/repos/pkinerd/ednsv/stargazers",
2026-07-26T10:29:17.0698762Z             "statuses_url": "https://api.github.com/repos/pkinerd/ednsv/statuses/{sha}",
2026-07-26T10:29:17.0699154Z             "subscribers_url": "https://api.github.com/repos/pkinerd/ednsv/subscribers",
2026-07-26T10:29:17.0699567Z             "subscription_url": "https://api.github.com/repos/pkinerd/ednsv/subscription",
2026-07-26T10:29:17.0699921Z             "svn_url": "https://github.com/pkinerd/ednsv",
2026-07-26T10:29:17.0700220Z             "tags_url": "https://api.github.com/repos/pkinerd/ednsv/tags",
2026-07-26T10:29:17.0700562Z             "teams_url": "https://api.github.com/repos/pkinerd/ednsv/teams",
2026-07-26T10:29:17.0700859Z             "topics": [],
2026-07-26T10:29:17.0701123Z             "trees_url": "https://api.github.com/repos/pkinerd/ednsv/git/trees{/sha}",
2026-07-26T10:29:17.0701561Z             "updated_at": "2026-07-24T14:18:46Z",
2026-07-26T10:29:17.0702010Z             "url": "https://api.github.com/repos/pkinerd/ednsv",
2026-07-26T10:29:17.0702270Z             "visibility": "public",
2026-07-26T10:29:17.0702470Z             "watchers": 0,
2026-07-26T10:29:17.0702755Z             "watchers_count": 0,
2026-07-26T10:29:17.0702969Z             "web_commit_signoff_required": false
2026-07-26T10:29:17.0703183Z           },
2026-07-26T10:29:17.0703335Z           "sender": {
2026-07-26T10:29:17.0703596Z             "avatar_url": "https://avatars.githubusercontent.com/u/169779439?v=4",
2026-07-26T10:29:17.0703974Z             "events_url": "https://api.github.com/users/pkinerd/events{/privacy}",
2026-07-26T10:29:17.0704334Z             "followers_url": "https://api.github.com/users/pkinerd/followers",
2026-07-26T10:29:17.0704714Z             "following_url": "https://api.github.com/users/pkinerd/following{/other_user}",
2026-07-26T10:29:17.0705121Z             "gists_url": "https://api.github.com/users/pkinerd/gists{/gist_id}",
2026-07-26T10:29:17.0705417Z             "gravatar_id": "",
2026-07-26T10:29:17.0705633Z             "html_url": "https://github.com/pkinerd",
2026-07-26T10:29:17.0705864Z             "id": 169779439,
2026-07-26T10:29:17.0706052Z             "login": "pkinerd",
2026-07-26T10:29:17.0706250Z             "node_id": "U_kgDOCh6g7w",
2026-07-26T10:29:17.0706530Z             "organizations_url": "https://api.github.com/users/pkinerd/orgs",
2026-07-26T10:29:17.0706912Z             "received_events_url": "https://api.github.com/users/pkinerd/received_events",
2026-07-26T10:29:17.0707270Z             "repos_url": "https://api.github.com/users/pkinerd/repos",
2026-07-26T10:29:17.0707535Z             "site_admin": false,
2026-07-26T10:29:17.0707819Z             "starred_url": "https://api.github.com/users/pkinerd/starred{/owner}{/repo}",
2026-07-26T10:29:17.0708216Z             "subscriptions_url": "https://api.github.com/users/pkinerd/subscriptions",
2026-07-26T10:29:17.0708518Z             "type": "User",
2026-07-26T10:29:17.0708731Z             "url": "https://api.github.com/users/pkinerd",
2026-07-26T10:29:17.0708968Z             "user_view_type": "public"
2026-07-26T10:29:17.0709158Z           }
2026-07-26T10:29:17.0709301Z         },
2026-07-26T10:29:17.0709457Z         "github_job": "docker",
2026-07-26T10:29:17.0709651Z         "github_ref": "refs/pull/28/merge",
2026-07-26T10:29:17.0709867Z         "github_ref_name": "28/merge",
2026-07-26T10:29:17.0710074Z         "github_ref_protected": "false",
2026-07-26T10:29:17.0710287Z         "github_ref_type": "branch",
2026-07-26T10:29:17.0710504Z         "github_repository": "pkinerd/ednsv",
2026-07-26T10:29:17.0710728Z         "github_repository_id": "1196602452",
2026-07-26T10:29:17.0710943Z         "github_repository_owner": "pkinerd",
2026-07-26T10:29:17.0711172Z         "github_repository_owner_id": "169779439",
2026-07-26T10:29:17.0711394Z         "github_run_attempt": "1",
2026-07-26T10:29:17.0711601Z         "github_run_id": "30198300977",
2026-07-26T10:29:17.0711996Z         "github_run_number": "218",
2026-07-26T10:29:17.0712200Z         "github_runner_arch": "X64",
2026-07-26T10:29:17.0712434Z         "github_runner_environment": "github-hosted",
2026-07-26T10:29:17.0712686Z         "github_runner_image_os": "ubuntu24",
2026-07-26T10:29:17.0712929Z         "github_runner_image_version": "20260720.247.2",
2026-07-26T10:29:17.0713191Z         "github_runner_name": "GitHub Actions 1000002182",
2026-07-26T10:29:17.0713435Z         "github_runner_os": "Linux",
2026-07-26T10:29:17.0713728Z         "github_runner_tracking_id": "github_64c3fea0-654c-493f-8f82-93e0df72e9e2",
2026-07-26T10:29:17.0714049Z         "github_server_url": "https://github.com",
2026-07-26T10:29:17.0714294Z         "github_triggering_actor": "pkinerd",
2026-07-26T10:29:17.0714512Z         "github_workflow": "CI",
2026-07-26T10:29:17.0714816Z         "github_workflow_ref": "pkinerd/ednsv/.github/workflows/ci.yml@refs/pull/28/merge",
2026-07-26T10:29:17.0715372Z         "github_workflow_sha": "ea71b2e1cfd7509ba0f5e859bed6f7e6d5e2840b",
2026-07-26T10:29:17.0715656Z         "platform": "linux/amd64"
2026-07-26T10:29:17.0715846Z       }
2026-07-26T10:29:17.0715989Z     }
2026-07-26T10:29:17.0716131Z   },
2026-07-26T10:29:17.0716689Z   "buildx.build.ref": "builder-de07b463-06ba-4965-b841-3719b0998232/builder-de07b463-06ba-4965-b841-3719b09982320/6iffg8t8o2fqri94yewf85uvn",
2026-07-26T10:29:17.0717198Z   "containerimage.descriptor": {
2026-07-26T10:29:17.0717457Z     "mediaType": "application/vnd.oci.image.index.v1+json",
2026-07-26T10:29:17.0717833Z     "digest": "sha256:c356fcd72643a2f4af2b202ef3adcff2594fa9657d5e4c2e67da3b9675da756c",
2026-07-26T10:29:17.0718160Z     "size": 856
2026-07-26T10:29:17.0718312Z   },
2026-07-26T10:29:17.0718625Z   "containerimage.digest": "sha256:c356fcd72643a2f4af2b202ef3adcff2594fa9657d5e4c2e67da3b9675da756c",
2026-07-26T10:29:17.0719181Z   "image.name": "ghcr.io/pkinerd/ednsv:pr-28,ghcr.io/pkinerd/ednsv:latest-any,ghcr.io/pkinerd/ednsv:sha-ea71b2e"
2026-07-26T10:29:17.0719562Z }
2026-07-26T10:29:17.0719937Z ##[endgroup]
2026-07-26T10:29:17.0720227Z ##[group]Reference
2026-07-26T10:29:17.0720612Z builder-de07b463-06ba-4965-b841-3719b0998232/builder-de07b463-06ba-4965-b841-3719b09982320/6iffg8t8o2fqri94yewf85uvn
2026-07-26T10:29:17.0721122Z ##[endgroup]
2026-07-26T10:29:17.0721385Z ##[group]Check build summary support
2026-07-26T10:29:17.0721850Z Build summary supported!
2026-07-26T10:29:17.0722153Z ##[endgroup]
2026-07-26T10:29:17.0801467Z Node 20 is being deprecated. This workflow is running with Node 24 by default. If you need to temporarily use Node 20, you can set the ACTIONS_ALLOW_USE_UNSECURE_NODE_VERSION=true environment variable. For more information see: https://github.blog/changelog/2025-09-19-deprecation-of-node-20-on-github-actions-runners/
2026-07-26T10:29:17.0802613Z Post job cleanup.
2026-07-26T10:29:17.2638877Z ##[group]Generating build summary
2026-07-26T10:29:17.2642335Z exporting build record to /home/runner/work/_temp/docker-actions-toolkit-8aTzMN/export
2026-07-26T10:29:17.2654691Z (node:3062) [DEP0040] DeprecationWarning: The `punycode` module is deprecated. Please use a userland alternative instead.
2026-07-26T10:29:17.2655623Z (Use `node --trace-deprecation ...` to show where the warning was created)
2026-07-26T10:29:17.4167494Z [command]/usr/bin/docker buildx history export --builder builder-de07b463-06ba-4965-b841-3719b0998232 --output /home/runner/work/_temp/docker-actions-toolkit-8aTzMN/export/pkinerd~ednsv~6IFFG8.dockerbuild 6iffg8t8o2fqri94yewf85uvn --finalize
2026-07-26T10:29:17.6402750Z Build record written to /home/runner/work/_temp/docker-actions-toolkit-8aTzMN/export/pkinerd~ednsv~6IFFG8.dockerbuild (60.22 KB)
2026-07-26T10:29:17.6420459Z Uploading pkinerd~ednsv~6IFFG8.dockerbuild to blob storage
2026-07-26T10:29:17.9115816Z Beginning upload of artifact content to blob storage
2026-07-26T10:29:17.9183238Z (node:3062) [DEP0169] DeprecationWarning: `url.parse()` behavior is not standardized and prone to errors that have security implications. Use the WHATWG URL API instead. CVEs are not issued for `url.parse()` vulnerabilities.
2026-07-26T10:29:17.9192222Z Uploaded bytes 61668
2026-07-26T10:29:18.2328271Z Finished uploading artifact content to blob storage!
2026-07-26T10:29:18.2331482Z SHA256 hash of uploaded artifact is 2402926858cf674b89be0092700f6a4347812490c457e00a301b15bd3c4e234f
2026-07-26T10:29:18.2333111Z Finalizing artifact upload
2026-07-26T10:29:18.5464342Z Artifact successfully finalized (8630826904)
2026-07-26T10:29:18.5465516Z Artifact download URL: https://github.com/pkinerd/ednsv/actions/runs/30198300977/artifacts/8630826904
2026-07-26T10:29:18.5487656Z Writing summary
2026-07-26T10:29:18.5498251Z ##[endgroup]
2026-07-26T10:29:18.5498821Z ##[group]Removing temp folder /home/runner/work/_temp/docker-actions-toolkit-BgNdBs
2026-07-26T10:29:18.5500814Z ##[endgroup]
2026-07-26T10:29:18.5501492Z ##[group]Post cache
2026-07-26T10:29:18.5502763Z State not set
2026-07-26T10:29:18.5503567Z ##[endgroup]
2026-07-26T10:29:18.5639783Z Node 20 is being deprecated. This workflow is running with Node 24 by default. If you need to temporarily use Node 20, you can set the ACTIONS_ALLOW_USE_UNSECURE_NODE_VERSION=true environment variable. For more information see: https://github.blog/changelog/2025-09-19-deprecation-of-node-20-on-github-actions-runners/
2026-07-26T10:29:18.5640751Z Post job cleanup.
2026-07-26T10:29:18.8159792Z ##[group]Logout from ghcr.io
2026-07-26T10:29:18.8177019Z (node:3210) [DEP0040] DeprecationWarning: The `punycode` module is deprecated. Please use a userland alternative instead.
2026-07-26T10:29:18.8177739Z (Use `node --trace-deprecation ...` to show where the warning was created)
2026-07-26T10:29:18.8196052Z [command]/usr/bin/docker logout ghcr.io
2026-07-26T10:29:18.8328578Z Removing login credentials for ghcr.io
2026-07-26T10:29:18.8359599Z ##[endgroup]
2026-07-26T10:29:18.8360178Z ##[group]Post cache
2026-07-26T10:29:18.8360985Z State not set
2026-07-26T10:29:18.8361593Z ##[endgroup]
2026-07-26T10:29:18.8557369Z Node 20 is being deprecated. This workflow is running with Node 24 by default. If you need to temporarily use Node 20, you can set the ACTIONS_ALLOW_USE_UNSECURE_NODE_VERSION=true environment variable. For more information see: https://github.blog/changelog/2025-09-19-deprecation-of-node-20-on-github-actions-runners/
2026-07-26T10:29:18.8559006Z Post job cleanup.
2026-07-26T10:29:19.0563038Z ##[group]Removing builder
2026-07-26T10:29:19.0568146Z (node:3231) [DEP0040] DeprecationWarning: The `punycode` module is deprecated. Please use a userland alternative instead.
2026-07-26T10:29:19.0568892Z (Use `node --trace-deprecation ...` to show where the warning was created)
2026-07-26T10:29:19.1421321Z [command]/usr/bin/docker buildx rm builder-de07b463-06ba-4965-b841-3719b0998232
2026-07-26T10:29:19.8946520Z builder-de07b463-06ba-4965-b841-3719b0998232 removed
2026-07-26T10:29:19.8987432Z ##[endgroup]
2026-07-26T10:29:19.8987966Z ##[group]Cleaning up certificates
2026-07-26T10:29:19.8991364Z ##[endgroup]
2026-07-26T10:29:19.8991873Z ##[group]Post cache
2026-07-26T10:29:19.8994273Z State not set
2026-07-26T10:29:19.8994774Z ##[endgroup]
2026-07-26T10:29:19.9146163Z Node 20 is being deprecated. This workflow is running with Node 24 by default. If you need to temporarily use Node 20, you can set the ACTIONS_ALLOW_USE_UNSECURE_NODE_VERSION=true environment variable. For more information see: https://github.blog/changelog/2025-09-19-deprecation-of-node-20-on-github-actions-runners/
2026-07-26T10:29:19.9147152Z Post job cleanup.
2026-07-26T10:29:19.9864283Z [command]/usr/bin/git version
2026-07-26T10:29:19.9902926Z git version 2.54.0
2026-07-26T10:29:19.9935733Z Temporarily overriding HOME='/home/runner/work/_temp/3d01bf2d-6593-4d11-aa02-0cbde3d69e1e' before making global git config changes
2026-07-26T10:29:19.9937126Z Adding repository directory to the temporary git global config as a safe directory
2026-07-26T10:29:19.9941207Z [command]/usr/bin/git config --global --add safe.directory /home/runner/work/ednsv/ednsv
2026-07-26T10:29:19.9985500Z [command]/usr/bin/git config --local --name-only --get-regexp core\.sshCommand
2026-07-26T10:29:20.0045628Z [command]/usr/bin/git submodule foreach --recursive sh -c "git config --local --name-only --get-regexp 'core\.sshCommand' && git config --local --unset-all 'core.sshCommand' || :"
2026-07-26T10:29:20.0271849Z [command]/usr/bin/git config --local --name-only --get-regexp http\.https\:\/\/github\.com\/\.extraheader
2026-07-26T10:29:20.0297330Z http.https://github.com/.extraheader
2026-07-26T10:29:20.0307746Z [command]/usr/bin/git config --local --unset-all http.https://github.com/.extraheader
2026-07-26T10:29:20.0340162Z [command]/usr/bin/git submodule foreach --recursive sh -c "git config --local --name-only --get-regexp 'http\.https\:\/\/github\.com\/\.extraheader' && git config --local --unset-all 'http.https://github.com/.extraheader' || :"
2026-07-26T10:29:20.0565814Z [command]/usr/bin/git config --local --name-only --get-regexp ^includeIf\.gitdir:
2026-07-26T10:29:20.0607018Z [command]/usr/bin/git submodule foreach --recursive git config --local --show-origin --name-only --get-regexp remote.origin.url
2026-07-26T10:29:20.0947915Z Cleaning up orphan processes
2026-07-26T10:29:20.1259734Z ##[warning]Node.js 20 is deprecated. The following actions target Node.js 20 but are being forced to run on Node.js 24: actions/checkout@v4, docker/build-push-action@v6, docker/login-action@v3, docker/metadata-action@v5, docker/setup-buildx-action@v3. For more information see: https://github.blog/changelog/2025-09-19-deprecation-of-node-20-on-github-actions-runners/
