2026-07-26T02:04:41.7651997Z Current runner version: '2.336.0'
2026-07-26T02:04:41.7686855Z ##[group]Runner Image Provisioner
2026-07-26T02:04:41.7688131Z Hosted Compute Agent
2026-07-26T02:04:41.7689138Z Version: 20260707.563
2026-07-26T02:04:41.7690578Z Commit: 02667638d2b423fbc733a8e32a88b44996a3ba6e
2026-07-26T02:04:41.7691760Z Build Date: 2026-07-07T19:33:50Z
2026-07-26T02:04:41.7692948Z Worker ID: {236ac231-37f0-4f08-bdd5-5411658883b9}
2026-07-26T02:04:41.7694185Z Azure Region: eastus
2026-07-26T02:04:41.7695217Z ##[endgroup]
2026-07-26T02:04:41.7698065Z ##[group]Operating System
2026-07-26T02:04:41.7699434Z Ubuntu
2026-07-26T02:04:41.7700249Z 24.04.4
2026-07-26T02:04:41.7701142Z LTS
2026-07-26T02:04:41.7702058Z ##[endgroup]
2026-07-26T02:04:41.7702948Z ##[group]Runner Image
2026-07-26T02:04:41.7703913Z Image: ubuntu-24.04
2026-07-26T02:04:41.7704934Z Version: 20260720.247.2
2026-07-26T02:04:41.7706898Z Included Software: https://github.com/actions/runner-images/blob/ubuntu24/20260720.247/images/ubuntu/Ubuntu2404-Readme.md
2026-07-26T02:04:41.7709949Z Image Release: https://github.com/actions/runner-images/releases/tag/ubuntu24%2F20260720.247
2026-07-26T02:04:41.7711733Z ##[endgroup]
2026-07-26T02:04:41.7713841Z ##[group]GITHUB_TOKEN Permissions
2026-07-26T02:04:41.7716595Z Contents: read
2026-07-26T02:04:41.7717511Z Metadata: read
2026-07-26T02:04:41.7718421Z Packages: write
2026-07-26T02:04:41.7719742Z ##[endgroup]
2026-07-26T02:04:41.7722976Z Secret source: Actions
2026-07-26T02:04:41.7724685Z Prepare workflow directory
2026-07-26T02:04:41.8486640Z Prepare all required actions
2026-07-26T02:04:41.8551924Z Getting action download info
2026-07-26T02:04:42.0407507Z Download action repository 'actions/checkout@v4' (SHA:11d5960a326750d5838078e36cf38b85af677262)
2026-07-26T02:04:42.2578949Z Download action repository 'docker/setup-buildx-action@v3' (SHA:8d2750c68a42422c14e847fe6c8ac0403b4cbd6f)
2026-07-26T02:04:42.4521593Z Download action repository 'docker/login-action@v3' (SHA:c94ce9fb468520275223c153574b00df6fe4bcc9)
2026-07-26T02:04:42.6573145Z Download action repository 'docker/metadata-action@v5' (SHA:c299e40c65443455700f0fdfc63efafe5b349051)
2026-07-26T02:04:42.9035283Z Download action repository 'docker/build-push-action@v6' (SHA:10e90e3645eae34f1e60eeb005ba3a3d33f178e8)
2026-07-26T02:04:43.2366121Z Complete job name: Build & Push Docker Image
2026-07-26T02:04:43.3390463Z Node 20 is being deprecated. This workflow is running with Node 24 by default. If you need to temporarily use Node 20, you can set the ACTIONS_ALLOW_USE_UNSECURE_NODE_VERSION=true environment variable. For more information see: https://github.blog/changelog/2025-09-19-deprecation-of-node-20-on-github-actions-runners/
2026-07-26T02:04:43.3401903Z ##[group]Run actions/checkout@v4
2026-07-26T02:04:43.3403125Z with:
2026-07-26T02:04:43.3403918Z   repository: pkinerd/ednsv
2026-07-26T02:04:43.3412432Z   token: ***
2026-07-26T02:04:43.3413231Z   ssh-strict: true
2026-07-26T02:04:43.3414023Z   ssh-user: git
2026-07-26T02:04:43.3414852Z   persist-credentials: true
2026-07-26T02:04:43.3415802Z   clean: true
2026-07-26T02:04:43.3416630Z   sparse-checkout-cone-mode: true
2026-07-26T02:04:43.3417639Z   fetch-depth: 1
2026-07-26T02:04:43.3418462Z   fetch-tags: false
2026-07-26T02:04:43.3419523Z   show-progress: true
2026-07-26T02:04:43.3420370Z   lfs: false
2026-07-26T02:04:43.3421192Z   submodules: false
2026-07-26T02:04:43.3422052Z   set-safe-directory: true
2026-07-26T02:04:43.3422997Z   allow-unsafe-pr-checkout: false
2026-07-26T02:04:43.3424320Z env:
2026-07-26T02:04:43.3425050Z   REGISTRY: ghcr.io
2026-07-26T02:04:43.3425893Z   IMAGE_NAME: pkinerd/ednsv
2026-07-26T02:04:43.3426773Z ##[endgroup]
2026-07-26T02:04:43.4578081Z Syncing repository: pkinerd/ednsv
2026-07-26T02:04:43.4583946Z ##[group]Getting Git version info
2026-07-26T02:04:43.4585366Z Working directory is '/home/runner/work/ednsv/ednsv'
2026-07-26T02:04:43.4588829Z [command]/usr/bin/git version
2026-07-26T02:04:43.4618700Z git version 2.54.0
2026-07-26T02:04:43.4645545Z ##[endgroup]
2026-07-26T02:04:43.4661343Z Temporarily overriding HOME='/home/runner/work/_temp/9fe2c417-504f-400d-a16b-d1998e17064e' before making global git config changes
2026-07-26T02:04:43.4664970Z Adding repository directory to the temporary git global config as a safe directory
2026-07-26T02:04:43.4668243Z [command]/usr/bin/git config --global --add safe.directory /home/runner/work/ednsv/ednsv
2026-07-26T02:04:43.4723308Z Deleting the contents of '/home/runner/work/ednsv/ednsv'
2026-07-26T02:04:43.4727807Z ##[group]Initializing the repository
2026-07-26T02:04:43.4733759Z [command]/usr/bin/git init /home/runner/work/ednsv/ednsv
2026-07-26T02:04:43.4844218Z hint: Using 'master' as the name for the initial branch. This default branch name
2026-07-26T02:04:43.4846994Z hint: will change to "main" in Git 3.0. To configure the initial branch name
2026-07-26T02:04:43.4849563Z hint: to use in all of your new repositories, which will suppress this warning,
2026-07-26T02:04:43.4851521Z hint: call:
2026-07-26T02:04:43.4852723Z hint:
2026-07-26T02:04:43.4854579Z hint: 	git config --global init.defaultBranch <name>
2026-07-26T02:04:43.4856214Z hint:
2026-07-26T02:04:43.4857619Z hint: Names commonly chosen instead of 'master' are 'main', 'trunk' and
2026-07-26T02:04:43.4860457Z hint: 'development'. The just-created branch can be renamed via this command:
2026-07-26T02:04:43.4863348Z hint:
2026-07-26T02:04:43.4864589Z hint: 	git branch -m <name>
2026-07-26T02:04:43.4865979Z hint:
2026-07-26T02:04:43.4867590Z hint: Disable this message with "git config set advice.defaultBranchName false"
2026-07-26T02:04:43.4869831Z Initialized empty Git repository in /home/runner/work/ednsv/ednsv/.git/
2026-07-26T02:04:43.4872912Z [command]/usr/bin/git remote add origin https://github.com/pkinerd/ednsv
2026-07-26T02:04:43.4923266Z ##[endgroup]
2026-07-26T02:04:43.4925166Z ##[group]Disabling automatic garbage collection
2026-07-26T02:04:43.4926831Z [command]/usr/bin/git config --local gc.auto 0
2026-07-26T02:04:43.4960834Z ##[endgroup]
2026-07-26T02:04:43.4962166Z ##[group]Setting up auth
2026-07-26T02:04:43.4970042Z [command]/usr/bin/git config --local --name-only --get-regexp core\.sshCommand
2026-07-26T02:04:43.5010192Z [command]/usr/bin/git submodule foreach --recursive sh -c "git config --local --name-only --get-regexp 'core\.sshCommand' && git config --local --unset-all 'core.sshCommand' || :"
2026-07-26T02:04:43.5381370Z [command]/usr/bin/git config --local --name-only --get-regexp http\.https\:\/\/github\.com\/\.extraheader
2026-07-26T02:04:43.5425037Z [command]/usr/bin/git submodule foreach --recursive sh -c "git config --local --name-only --get-regexp 'http\.https\:\/\/github\.com\/\.extraheader' && git config --local --unset-all 'http.https://github.com/.extraheader' || :"
2026-07-26T02:04:43.5686373Z [command]/usr/bin/git config --local --name-only --get-regexp ^includeIf\.gitdir:
2026-07-26T02:04:43.5726879Z [command]/usr/bin/git submodule foreach --recursive git config --local --show-origin --name-only --get-regexp remote.origin.url
2026-07-26T02:04:43.5961906Z [command]/usr/bin/git config --local http.https://github.com/.extraheader AUTHORIZATION: basic ***
2026-07-26T02:04:43.6009767Z ##[endgroup]
2026-07-26T02:04:43.6012239Z ##[group]Fetching the repository
2026-07-26T02:04:43.6023374Z [command]/usr/bin/git -c protocol.version=2 fetch --no-tags --prune --no-recurse-submodules --depth=1 origin +fba6ab4bdeb7db8be6d547f6feec73822ac280c0:refs/remotes/pull/28/merge
2026-07-26T02:04:44.0331462Z From https://github.com/pkinerd/ednsv
2026-07-26T02:04:44.0333808Z  * [new ref]         fba6ab4bdeb7db8be6d547f6feec73822ac280c0 -> pull/28/merge
2026-07-26T02:04:44.0367771Z ##[endgroup]
2026-07-26T02:04:44.0369578Z ##[group]Determining the checkout info
2026-07-26T02:04:44.0371568Z ##[endgroup]
2026-07-26T02:04:44.0378295Z [command]/usr/bin/git sparse-checkout disable
2026-07-26T02:04:44.0436840Z [command]/usr/bin/git config --local --unset-all extensions.worktreeConfig
2026-07-26T02:04:44.0472993Z ##[group]Checking out the ref
2026-07-26T02:04:44.0477067Z [command]/usr/bin/git checkout --progress --force refs/remotes/pull/28/merge
2026-07-26T02:04:44.0621091Z Note: switching to 'refs/remotes/pull/28/merge'.
2026-07-26T02:04:44.0621990Z 
2026-07-26T02:04:44.0622726Z You are in 'detached HEAD' state. You can look around, make experimental
2026-07-26T02:04:44.0625012Z changes and commit them, and you can discard any commits you make in this
2026-07-26T02:04:44.0627930Z state without impacting any branches by switching back to a branch.
2026-07-26T02:04:44.0629910Z 
2026-07-26T02:04:44.0631176Z If you want to create a new branch to retain commits you create, you may
2026-07-26T02:04:44.0634173Z do so (now or later) by using -c with the switch command. Example:
2026-07-26T02:04:44.0635770Z 
2026-07-26T02:04:44.0636400Z   git switch -c <new-branch-name>
2026-07-26T02:04:44.0637465Z 
2026-07-26T02:04:44.0638045Z Or undo this operation with:
2026-07-26T02:04:44.0638921Z 
2026-07-26T02:04:44.0639696Z   git switch -
2026-07-26T02:04:44.0640447Z 
2026-07-26T02:04:44.0641717Z Turn off this advice by setting config variable advice.detachedHead to false
2026-07-26T02:04:44.0643572Z 
2026-07-26T02:04:44.0645798Z HEAD is now at fba6ab4 Merge 8a838e09f8521e2d4f27b74e6f91e8ad08dae53b into 0907a58f50a6c98d23ae466ed31c3a0c15264622
2026-07-26T02:04:44.0650052Z ##[endgroup]
2026-07-26T02:04:44.0682547Z [command]/usr/bin/git log -1 --format=%H
2026-07-26T02:04:44.0710255Z fba6ab4bdeb7db8be6d547f6feec73822ac280c0
2026-07-26T02:04:44.0983595Z ##[group]Run if [ "pull_request" != "pull_request" ]; then
2026-07-26T02:04:44.0985075Z [36;1mif [ "pull_request" != "pull_request" ]; then[0m
2026-07-26T02:04:44.0986300Z [36;1m  echo "push=true" >> "$GITHUB_OUTPUT"[0m
2026-07-26T02:04:44.0987545Z [36;1melif [ "pkinerd/ednsv" = "pkinerd/ednsv" ]; then[0m
2026-07-26T02:04:44.0988791Z [36;1m  echo "push=true" >> "$GITHUB_OUTPUT"[0m
2026-07-26T02:04:44.0990169Z [36;1melse[0m
2026-07-26T02:04:44.0991008Z [36;1m  echo "push=false" >> "$GITHUB_OUTPUT"[0m
2026-07-26T02:04:44.0992046Z [36;1mfi[0m
2026-07-26T02:04:44.1043732Z shell: /usr/bin/bash -e {0}
2026-07-26T02:04:44.1044651Z env:
2026-07-26T02:04:44.1045341Z   REGISTRY: ghcr.io
2026-07-26T02:04:44.1046146Z   IMAGE_NAME: pkinerd/ednsv
2026-07-26T02:04:44.1046988Z ##[endgroup]
2026-07-26T02:04:44.1345488Z Node 20 is being deprecated. This workflow is running with Node 24 by default. If you need to temporarily use Node 20, you can set the ACTIONS_ALLOW_USE_UNSECURE_NODE_VERSION=true environment variable. For more information see: https://github.blog/changelog/2025-09-19-deprecation-of-node-20-on-github-actions-runners/
2026-07-26T02:04:44.1350607Z ##[group]Run docker/setup-buildx-action@v3
2026-07-26T02:04:44.1351609Z with:
2026-07-26T02:04:44.1352306Z   driver: docker-container
2026-07-26T02:04:44.1353129Z   use: true
2026-07-26T02:04:44.1353818Z   keep-state: false
2026-07-26T02:04:44.1354573Z   cache-binary: true
2026-07-26T02:04:44.1355332Z   cleanup: true
2026-07-26T02:04:44.1356061Z   install: false
2026-07-26T02:04:44.1356774Z env:
2026-07-26T02:04:44.1357433Z   REGISTRY: ghcr.io
2026-07-26T02:04:44.1358233Z   IMAGE_NAME: pkinerd/ednsv
2026-07-26T02:04:44.1359069Z ##[endgroup]
2026-07-26T02:04:44.3958889Z (node:2274) [DEP0040] DeprecationWarning: The `punycode` module is deprecated. Please use a userland alternative instead.
2026-07-26T02:04:44.3962461Z (Use `node --trace-deprecation ...` to show where the warning was created)
2026-07-26T02:04:44.4030323Z ##[group]Docker info
2026-07-26T02:04:44.4044194Z [command]/usr/bin/docker version
2026-07-26T02:04:44.4957701Z Client: Docker Engine - Community
2026-07-26T02:04:44.4960061Z  Version:           28.0.4
2026-07-26T02:04:44.4961657Z  API version:       1.48
2026-07-26T02:04:44.4963097Z  Go version:        go1.23.7
2026-07-26T02:04:44.4964575Z  Git commit:        b8034c0
2026-07-26T02:04:44.4966128Z  Built:             Tue Mar 25 15:07:16 2025
2026-07-26T02:04:44.4967902Z  OS/Arch:           linux/amd64
2026-07-26T02:04:44.4969632Z  Context:           default
2026-07-26T02:04:44.4970570Z 
2026-07-26T02:04:44.4971216Z Server: Docker Engine - Community
2026-07-26T02:04:44.4973357Z  Engine:
2026-07-26T02:04:44.4974531Z   Version:          28.0.4
2026-07-26T02:04:44.4976220Z   API version:      1.48 (minimum version 1.24)
2026-07-26T02:04:44.4978090Z   Go version:       go1.23.7
2026-07-26T02:04:44.4993139Z   Git commit:       6430e49
2026-07-26T02:04:44.4994787Z   Built:            Tue Mar 25 15:07:16 2025
2026-07-26T02:04:44.4996578Z   OS/Arch:          linux/amd64
2026-07-26T02:04:44.4998197Z   Experimental:     false
2026-07-26T02:04:44.4999866Z  containerd:
2026-07-26T02:04:44.5001118Z   Version:          v2.2.6
2026-07-26T02:04:44.5002930Z   GitCommit:        11ce9d5f3c68c941867e82890e93e815c1304f1b
2026-07-26T02:04:44.5005008Z  runc:
2026-07-26T02:04:44.5006250Z   Version:          1.3.6
2026-07-26T02:04:44.5007881Z   GitCommit:        v1.3.6-0-g491b69ba
2026-07-26T02:04:44.5010055Z  docker-init:
2026-07-26T02:04:44.5011501Z   Version:          0.19.0
2026-07-26T02:04:44.5013101Z   GitCommit:        de40ad0
2026-07-26T02:04:44.5042075Z [command]/usr/bin/docker info
2026-07-26T02:04:46.5278120Z Client: Docker Engine - Community
2026-07-26T02:04:46.5280804Z  Version:    28.0.4
2026-07-26T02:04:46.5281187Z  Context:    default
2026-07-26T02:04:46.5281599Z  Debug Mode: false
2026-07-26T02:04:46.5282277Z  Plugins:
2026-07-26T02:04:46.5283376Z   buildx: Docker Buildx (Docker Inc.)
2026-07-26T02:04:46.5283963Z     Version:  v0.35.0
2026-07-26T02:04:46.5284537Z     Path:     /usr/libexec/docker/cli-plugins/docker-buildx
2026-07-26T02:04:46.5285259Z   compose: Docker Compose (Docker Inc.)
2026-07-26T02:04:46.5285791Z     Version:  v2.38.2
2026-07-26T02:04:46.5286356Z     Path:     /usr/libexec/docker/cli-plugins/docker-compose
2026-07-26T02:04:46.5286804Z 
2026-07-26T02:04:46.5286997Z Server:
2026-07-26T02:04:46.5287285Z  Containers: 0
2026-07-26T02:04:46.5287602Z   Running: 0
2026-07-26T02:04:46.5288056Z   Paused: 0
2026-07-26T02:04:46.5288316Z   Stopped: 0
2026-07-26T02:04:46.5288640Z  Images: 6
2026-07-26T02:04:46.5288905Z  Server Version: 28.0.4
2026-07-26T02:04:46.5290266Z  Storage Driver: overlay2
2026-07-26T02:04:46.5290815Z   Backing Filesystem: extfs
2026-07-26T02:04:46.5292716Z   Supports d_type: true
2026-07-26T02:04:46.5293550Z   Using metacopy: false
2026-07-26T02:04:46.5294059Z   Native Overlay Diff: false
2026-07-26T02:04:46.5294402Z   userxattr: false
2026-07-26T02:04:46.5294673Z  Logging Driver: json-file
2026-07-26T02:04:46.5294989Z  Cgroup Driver: systemd
2026-07-26T02:04:46.5295252Z  Cgroup Version: 2
2026-07-26T02:04:46.5295493Z  Plugins:
2026-07-26T02:04:46.5295826Z   Volume: local
2026-07-26T02:04:46.5296136Z   Network: bridge host ipvlan macvlan null overlay
2026-07-26T02:04:46.5296645Z   Log: awslogs fluentd gcplogs gelf journald json-file local splunk syslog
2026-07-26T02:04:46.5297063Z  Swarm: inactive
2026-07-26T02:04:46.5297342Z  Runtimes: io.containerd.runc.v2 runc
2026-07-26T02:04:46.5297653Z  Default Runtime: runc
2026-07-26T02:04:46.5297921Z  Init Binary: docker-init
2026-07-26T02:04:46.5298287Z  containerd version: 11ce9d5f3c68c941867e82890e93e815c1304f1b
2026-07-26T02:04:46.5298715Z  runc version: v1.3.6-0-g491b69ba
2026-07-26T02:04:46.5299020Z  init version: de40ad0
2026-07-26T02:04:46.5299835Z  Security Options:
2026-07-26T02:04:46.5300300Z   apparmor
2026-07-26T02:04:46.5300712Z   seccomp
2026-07-26T02:04:46.5301093Z    Profile: builtin
2026-07-26T02:04:46.5301497Z   cgroupns
2026-07-26T02:04:46.5301925Z  Kernel Version: 6.17.0-1020-azure
2026-07-26T02:04:46.5302448Z  Operating System: Ubuntu 24.04.4 LTS
2026-07-26T02:04:46.5302944Z  OSType: linux
2026-07-26T02:04:46.5303348Z  Architecture: x86_64
2026-07-26T02:04:46.5303719Z  CPUs: 4
2026-07-26T02:04:46.5304035Z  Total Memory: 15.61GiB
2026-07-26T02:04:46.5304385Z  Name: runnervmvrwv9
2026-07-26T02:04:46.5304671Z  ID: dce1e4a9-fc26-4218-aaf0-feee5194c8cb
2026-07-26T02:04:46.5305015Z  Docker Root Dir: /var/lib/docker
2026-07-26T02:04:46.5305309Z  Debug Mode: false
2026-07-26T02:04:46.5305566Z  Username: githubactions
2026-07-26T02:04:46.5305838Z  Experimental: false
2026-07-26T02:04:46.5306343Z  Insecure Registries:
2026-07-26T02:04:46.5310995Z   ::1/128
2026-07-26T02:04:46.5311292Z   127.0.0.0/8
2026-07-26T02:04:46.5311571Z  Live Restore Enabled: false
2026-07-26T02:04:46.5311969Z 
2026-07-26T02:04:46.5312812Z ##[endgroup]
2026-07-26T02:04:46.6718201Z ##[group]Buildx version
2026-07-26T02:04:46.6746917Z [command]/usr/bin/docker buildx version
2026-07-26T02:04:46.7475751Z github.com/docker/buildx v0.35.0 a319e5b15052cf6557ceb666eb8ff6e32380b782
2026-07-26T02:04:46.7509384Z ##[endgroup]
2026-07-26T02:04:46.7698400Z ##[group]Inspecting default docker context
2026-07-26T02:04:46.7872037Z [
2026-07-26T02:04:46.7872448Z   {
2026-07-26T02:04:46.7872774Z     "Name": "default",
2026-07-26T02:04:46.7873179Z     "Metadata": {},
2026-07-26T02:04:46.7873601Z     "Endpoints": {
2026-07-26T02:04:46.7873996Z       "docker": {
2026-07-26T02:04:46.7874404Z         "Host": "unix:///var/run/docker.sock",
2026-07-26T02:04:46.7874902Z         "SkipTLSVerify": false
2026-07-26T02:04:46.7875364Z       }
2026-07-26T02:04:46.7875703Z     },
2026-07-26T02:04:46.7876049Z     "TLSMaterial": {},
2026-07-26T02:04:46.7876484Z     "Storage": {
2026-07-26T02:04:46.7876900Z       "MetadataPath": "<IN MEMORY>",
2026-07-26T02:04:46.7877444Z       "TLSPath": "<IN MEMORY>"
2026-07-26T02:04:46.7877913Z     }
2026-07-26T02:04:46.7878222Z   }
2026-07-26T02:04:46.7878551Z ]
2026-07-26T02:04:46.7880180Z ##[endgroup]
2026-07-26T02:04:46.7881033Z ##[group]Creating a new builder instance
2026-07-26T02:04:46.9233342Z [command]/usr/bin/docker buildx create --name builder-ed02277d-8ecf-420c-90ec-50a6d3237c96 --driver docker-container --buildkitd-flags --allow-insecure-entitlement security.insecure --allow-insecure-entitlement network.host --use
2026-07-26T02:04:47.0128903Z builder-ed02277d-8ecf-420c-90ec-50a6d3237c96
2026-07-26T02:04:47.0163882Z ##[endgroup]
2026-07-26T02:04:47.0170622Z ##[group]Booting builder
2026-07-26T02:04:47.0227910Z [command]/usr/bin/docker buildx inspect --bootstrap --builder builder-ed02277d-8ecf-420c-90ec-50a6d3237c96
2026-07-26T02:04:47.0851384Z #1 [internal] booting buildkit
2026-07-26T02:04:47.2361425Z #1 pulling image moby/buildkit:buildx-stable-1
2026-07-26T02:04:52.0449734Z #1 pulling image moby/buildkit:buildx-stable-1 5.0s done
2026-07-26T02:04:52.1949957Z #1 creating container buildx_buildkit_builder-ed02277d-8ecf-420c-90ec-50a6d3237c960
2026-07-26T02:04:52.3757000Z #1 creating container buildx_buildkit_builder-ed02277d-8ecf-420c-90ec-50a6d3237c960 0.3s done
2026-07-26T02:04:52.3829603Z #1 DONE 5.3s
2026-07-26T02:04:52.4265538Z Name:          builder-ed02277d-8ecf-420c-90ec-50a6d3237c96
2026-07-26T02:04:52.4266116Z Driver:        docker-container
2026-07-26T02:04:52.4266580Z Last Activity: 2026-07-26 02:04:46 +0000 UTC
2026-07-26T02:04:52.4267062Z 
2026-07-26T02:04:52.4267322Z Nodes:
2026-07-26T02:04:52.4270871Z Name:                  builder-ed02277d-8ecf-420c-90ec-50a6d3237c960
2026-07-26T02:04:52.4271494Z Endpoint:              unix:///var/run/docker.sock
2026-07-26T02:04:52.4272032Z Status:                running
2026-07-26T02:04:52.4272791Z BuildKit daemon flags: --allow-insecure-entitlement security.insecure --allow-insecure-entitlement network.host
2026-07-26T02:04:52.4273585Z BuildKit version:      v0.31.2
2026-07-26T02:04:52.4274108Z Platforms:             linux/amd64, linux/amd64/v2, linux/amd64/v3, linux/386
2026-07-26T02:04:52.4274783Z Labels:
2026-07-26T02:04:52.4275215Z  org.mobyproject.buildkit.worker.executor:         oci
2026-07-26T02:04:52.4275825Z  org.mobyproject.buildkit.worker.hostname:         19217734b58c
2026-07-26T02:04:52.4276440Z  org.mobyproject.buildkit.worker.network:          host
2026-07-26T02:04:52.4277257Z  org.mobyproject.buildkit.worker.oci.process-mode: sandbox
2026-07-26T02:04:52.4277903Z  org.mobyproject.buildkit.worker.selinux.enabled:  false
2026-07-26T02:04:52.4278525Z  org.mobyproject.buildkit.worker.snapshotter:      overlayfs
2026-07-26T02:04:52.4279433Z GC Policy rule#0:
2026-07-26T02:04:52.4279921Z  All:            false
2026-07-26T02:04:52.4281163Z  Filters:        type==source.local type==exec.cachemount type==source.git.checkout
2026-07-26T02:04:52.4281862Z  Keep Duration:  48h0m0s
2026-07-26T02:04:52.4282232Z  Max Used Space: 488.3MiB
2026-07-26T02:04:52.4282783Z GC Policy rule#1:
2026-07-26T02:04:52.4283135Z  All:            false
2026-07-26T02:04:52.4283489Z  Keep Duration:  1440h0m0s
2026-07-26T02:04:52.4284027Z  Reserved Space: 9.313GiB
2026-07-26T02:04:52.4284393Z  Max Used Space: 93.13GiB
2026-07-26T02:04:52.4284910Z  Min Free Space: 27.01GiB
2026-07-26T02:04:52.4285378Z GC Policy rule#2:
2026-07-26T02:04:52.4285712Z  All:            false
2026-07-26T02:04:52.4286203Z  Reserved Space: 9.313GiB
2026-07-26T02:04:52.4286592Z  Max Used Space: 93.13GiB
2026-07-26T02:04:52.4286947Z  Min Free Space: 27.01GiB
2026-07-26T02:04:52.4287512Z GC Policy rule#3:
2026-07-26T02:04:52.4287868Z  All:            true
2026-07-26T02:04:52.4288259Z  Reserved Space: 9.313GiB
2026-07-26T02:04:52.4288736Z  Max Used Space: 93.13GiB
2026-07-26T02:04:52.4289104Z  Min Free Space: 27.01GiB
2026-07-26T02:04:52.4316955Z ##[endgroup]
2026-07-26T02:04:52.5231273Z ##[group]Inspect builder
2026-07-26T02:04:52.5233352Z {
2026-07-26T02:04:52.5234078Z   "nodes": [
2026-07-26T02:04:52.5234430Z     {
2026-07-26T02:04:52.5237293Z       "name": "builder-ed02277d-8ecf-420c-90ec-50a6d3237c960",
2026-07-26T02:04:52.5237947Z       "endpoint": "unix:///var/run/docker.sock",
2026-07-26T02:04:52.5238458Z       "status": "running",
2026-07-26T02:04:52.5239601Z       "buildkitd-flags": "--allow-insecure-entitlement security.insecure --allow-insecure-entitlement network.host",
2026-07-26T02:04:52.5241024Z       "buildkit": "v0.31.2",
2026-07-26T02:04:52.5241602Z       "platforms": "linux/amd64,linux/amd64/v2,linux/amd64/v3,linux/386",
2026-07-26T02:04:52.5242221Z       "features": {
2026-07-26T02:04:52.5242882Z         "Automatically load images to the Docker Engine image store": true,
2026-07-26T02:04:52.5243553Z         "Cache export": true,
2026-07-26T02:04:52.5243933Z         "Direct push": true,
2026-07-26T02:04:52.5244204Z         "Docker exporter": true,
2026-07-26T02:04:52.5244462Z         "Multi-platform build": true,
2026-07-26T02:04:52.5244727Z         "OCI exporter": true
2026-07-26T02:04:52.5245466Z       },
2026-07-26T02:04:52.5245833Z       "labels": {
2026-07-26T02:04:52.5246358Z         "org.mobyproject.buildkit.worker.executor": "oci",
2026-07-26T02:04:52.5247186Z         "org.mobyproject.buildkit.worker.hostname": "19217734b58c",
2026-07-26T02:04:52.5247945Z         "org.mobyproject.buildkit.worker.network": "host",
2026-07-26T02:04:52.5249090Z         "org.mobyproject.buildkit.worker.oci.process-mode": "sandbox",
2026-07-26T02:04:52.5250155Z         "org.mobyproject.buildkit.worker.selinux.enabled": "false",
2026-07-26T02:04:52.5250998Z         "org.mobyproject.buildkit.worker.snapshotter": "overlayfs"
2026-07-26T02:04:52.5251577Z       },
2026-07-26T02:04:52.5251906Z       "gcPolicy": [
2026-07-26T02:04:52.5252299Z         {
2026-07-26T02:04:52.5252617Z           "all": false,
2026-07-26T02:04:52.5253141Z           "filter": [
2026-07-26T02:04:52.5253823Z             "type==source.local type==exec.cachemount type==source.git.checkout"
2026-07-26T02:04:52.5254536Z           ],
2026-07-26T02:04:52.5255131Z           "keepDuration": "48h0m0s",
2026-07-26T02:04:52.5255549Z           "maxUsedSpace": "488.3MiB"
2026-07-26T02:04:52.5255910Z         },
2026-07-26T02:04:52.5256123Z         {
2026-07-26T02:04:52.5256303Z           "all": false,
2026-07-26T02:04:52.5256551Z           "keepDuration": "1440h0m0s",
2026-07-26T02:04:52.5256833Z           "reservedSpace": "9.313GiB",
2026-07-26T02:04:52.5257100Z           "maxUsedSpace": "93.13GiB",
2026-07-26T02:04:52.5257354Z           "minFreeSpace": "27.01GiB"
2026-07-26T02:04:52.5257630Z         },
2026-07-26T02:04:52.5257799Z         {
2026-07-26T02:04:52.5257991Z           "all": false,
2026-07-26T02:04:52.5258208Z           "reservedSpace": "9.313GiB",
2026-07-26T02:04:52.5258474Z           "maxUsedSpace": "93.13GiB",
2026-07-26T02:04:52.5258945Z           "minFreeSpace": "27.01GiB"
2026-07-26T02:04:52.5259437Z         },
2026-07-26T02:04:52.5259633Z         {
2026-07-26T02:04:52.5259833Z           "all": true,
2026-07-26T02:04:52.5260065Z           "reservedSpace": "9.313GiB",
2026-07-26T02:04:52.5260318Z           "maxUsedSpace": "93.13GiB",
2026-07-26T02:04:52.5260560Z           "minFreeSpace": "27.01GiB"
2026-07-26T02:04:52.5260784Z         }
2026-07-26T02:04:52.5260949Z       ]
2026-07-26T02:04:52.5261112Z     }
2026-07-26T02:04:52.5261273Z   ],
2026-07-26T02:04:52.5261507Z   "name": "builder-ed02277d-8ecf-420c-90ec-50a6d3237c96",
2026-07-26T02:04:52.5261829Z   "driver": "docker-container",
2026-07-26T02:04:52.5262106Z   "lastActivity": "2026-07-26T02:04:46.000Z"
2026-07-26T02:04:52.5262399Z }
2026-07-26T02:04:52.5262869Z ##[endgroup]
2026-07-26T02:04:52.5263244Z ##[group]BuildKit version
2026-07-26T02:04:52.5263543Z builder-ed02277d-8ecf-420c-90ec-50a6d3237c960: v0.31.2
2026-07-26T02:04:52.5264033Z ##[endgroup]
2026-07-26T02:04:52.5470457Z Node 20 is being deprecated. This workflow is running with Node 24 by default. If you need to temporarily use Node 20, you can set the ACTIONS_ALLOW_USE_UNSECURE_NODE_VERSION=true environment variable. For more information see: https://github.blog/changelog/2025-09-19-deprecation-of-node-20-on-github-actions-runners/
2026-07-26T02:04:52.5471798Z ##[group]Run docker/login-action@v3
2026-07-26T02:04:52.5472052Z with:
2026-07-26T02:04:52.5472232Z   registry: ghcr.io
2026-07-26T02:04:52.5472439Z   username: pkinerd
2026-07-26T02:04:52.5474813Z   password: ***
2026-07-26T02:04:52.5475072Z   logout: true
2026-07-26T02:04:52.5475296Z env:
2026-07-26T02:04:52.5475468Z   REGISTRY: ghcr.io
2026-07-26T02:04:52.5475677Z   IMAGE_NAME: pkinerd/ednsv
2026-07-26T02:04:52.5475899Z ##[endgroup]
2026-07-26T02:04:52.8723963Z Logging into ghcr.io...
2026-07-26T02:04:52.8748380Z (node:2750) [DEP0040] DeprecationWarning: The `punycode` module is deprecated. Please use a userland alternative instead.
2026-07-26T02:04:52.8749844Z (Use `node --trace-deprecation ...` to show where the warning was created)
2026-07-26T02:04:53.0300743Z Login Succeeded!
2026-07-26T02:04:53.0464266Z Node 20 is being deprecated. This workflow is running with Node 24 by default. If you need to temporarily use Node 20, you can set the ACTIONS_ALLOW_USE_UNSECURE_NODE_VERSION=true environment variable. For more information see: https://github.blog/changelog/2025-09-19-deprecation-of-node-20-on-github-actions-runners/
2026-07-26T02:04:53.0465548Z ##[group]Run docker/metadata-action@v5
2026-07-26T02:04:53.0465810Z with:
2026-07-26T02:04:53.0466009Z   images: ghcr.io/pkinerd/ednsv
2026-07-26T02:04:53.0466702Z   tags: type=ref,event=branch,prefix=branch-
type=ref,event=pr,prefix=pr-
type=sha,format=short,prefix=sha-
type=raw,value=latest,enable={{is_default_branch}}
type=raw,value=latest-any

2026-07-26T02:04:53.0467402Z   context: workflow
2026-07-26T02:04:53.0469987Z   github-token: ***
2026-07-26T02:04:53.0470205Z env:
2026-07-26T02:04:53.0470387Z   REGISTRY: ghcr.io
2026-07-26T02:04:53.0470613Z   IMAGE_NAME: pkinerd/ednsv
2026-07-26T02:04:53.0470845Z ##[endgroup]
2026-07-26T02:04:53.4396818Z (node:2770) [DEP0040] DeprecationWarning: The `punycode` module is deprecated. Please use a userland alternative instead.
2026-07-26T02:04:53.4398066Z (Use `node --trace-deprecation ...` to show where the warning was created)
2026-07-26T02:04:54.1900632Z ##[group]Context info
2026-07-26T02:04:54.1901112Z eventName: pull_request
2026-07-26T02:04:54.1901702Z sha: fba6ab4bdeb7db8be6d547f6feec73822ac280c0
2026-07-26T02:04:54.1902384Z ref: refs/pull/28/merge
2026-07-26T02:04:54.1902845Z workflow: CI
2026-07-26T02:04:54.1903316Z action: meta
2026-07-26T02:04:54.1910376Z actor: pkinerd
2026-07-26T02:04:54.1911014Z runNumber: 212
2026-07-26T02:04:54.1911633Z runId: 30183923343
2026-07-26T02:04:54.1912495Z commitDate: Sun Jul 26 2026 02:03:42 GMT+0000 (Coordinated Universal Time)
2026-07-26T02:04:54.1913637Z ##[endgroup]
2026-07-26T02:04:54.1914351Z ##[group]Processing images input
2026-07-26T02:04:54.1915380Z name=ghcr.io/pkinerd/ednsv,enable=true
2026-07-26T02:04:54.1916471Z ##[endgroup]
2026-07-26T02:04:54.1939464Z ##[group]Processing tags input
2026-07-26T02:04:54.1940758Z type=ref,event=branch,prefix=branch-,enable=true,priority=600
2026-07-26T02:04:54.1941410Z type=ref,event=pr,prefix=pr-,enable=true,priority=600
2026-07-26T02:04:54.1942075Z type=raw,value=latest,enable={{is_default_branch}},priority=200
2026-07-26T02:04:54.1942714Z type=raw,value=latest-any,enable=true,priority=200
2026-07-26T02:04:54.1943313Z type=sha,format=short,prefix=sha-,enable=true,priority=100
2026-07-26T02:04:54.1944125Z ##[endgroup]
2026-07-26T02:04:54.1944687Z ##[group]Processing flavor input
2026-07-26T02:04:54.1945184Z latest=auto
2026-07-26T02:04:54.1945481Z prefix=
2026-07-26T02:04:54.1945797Z prefixLatest=false
2026-07-26T02:04:54.1946134Z suffix=
2026-07-26T02:04:54.1946432Z suffixLatest=false
2026-07-26T02:04:54.1947188Z ##[endgroup]
2026-07-26T02:04:54.2021911Z ##[group]Docker image version
2026-07-26T02:04:54.2022439Z pr-28
2026-07-26T02:04:54.2022928Z ##[endgroup]
2026-07-26T02:04:54.2029010Z ##[group]Docker tags
2026-07-26T02:04:54.2029880Z ghcr.io/pkinerd/ednsv:pr-28
2026-07-26T02:04:54.2030353Z ghcr.io/pkinerd/ednsv:latest-any
2026-07-26T02:04:54.2030844Z ghcr.io/pkinerd/ednsv:sha-fba6ab4
2026-07-26T02:04:54.2031610Z ##[endgroup]
2026-07-26T02:04:54.2108401Z ##[group]Docker labels
2026-07-26T02:04:54.2109103Z org.opencontainers.image.created=2026-07-26T02:04:54.193Z
2026-07-26T02:04:54.2110653Z org.opencontainers.image.description=
2026-07-26T02:04:54.2111310Z org.opencontainers.image.licenses=
2026-07-26T02:04:54.2112080Z org.opencontainers.image.revision=fba6ab4bdeb7db8be6d547f6feec73822ac280c0
2026-07-26T02:04:54.2113102Z org.opencontainers.image.source=https://github.com/pkinerd/ednsv
2026-07-26T02:04:54.2113819Z org.opencontainers.image.title=ednsv
2026-07-26T02:04:54.2114536Z org.opencontainers.image.url=https://github.com/pkinerd/ednsv
2026-07-26T02:04:54.2115209Z org.opencontainers.image.version=pr-28
2026-07-26T02:04:54.2116103Z ##[endgroup]
2026-07-26T02:04:54.2116999Z ##[group]Annotations
2026-07-26T02:04:54.2118183Z manifest:org.opencontainers.image.created=2026-07-26T02:04:54.193Z
2026-07-26T02:04:54.2119443Z manifest:org.opencontainers.image.description=
2026-07-26T02:04:54.2120300Z manifest:org.opencontainers.image.licenses=
2026-07-26T02:04:54.2121373Z manifest:org.opencontainers.image.revision=fba6ab4bdeb7db8be6d547f6feec73822ac280c0
2026-07-26T02:04:54.2122618Z manifest:org.opencontainers.image.source=https://github.com/pkinerd/ednsv
2026-07-26T02:04:54.2123641Z manifest:org.opencontainers.image.title=ednsv
2026-07-26T02:04:54.2124597Z manifest:org.opencontainers.image.url=https://github.com/pkinerd/ednsv
2026-07-26T02:04:54.2125503Z manifest:org.opencontainers.image.version=pr-28
2026-07-26T02:04:54.2126530Z ##[endgroup]
2026-07-26T02:04:54.2127439Z ##[group]JSON output
2026-07-26T02:04:54.2127972Z {
2026-07-26T02:04:54.2128455Z   "tags": [
2026-07-26T02:04:54.2128873Z     "ghcr.io/pkinerd/ednsv:pr-28",
2026-07-26T02:04:54.2129699Z     "ghcr.io/pkinerd/ednsv:latest-any",
2026-07-26T02:04:54.2130316Z     "ghcr.io/pkinerd/ednsv:sha-fba6ab4"
2026-07-26T02:04:54.2130795Z   ],
2026-07-26T02:04:54.2131217Z   "tag-names": [
2026-07-26T02:04:54.2131575Z     "pr-28",
2026-07-26T02:04:54.2131963Z     "latest-any",
2026-07-26T02:04:54.2132326Z     "sha-fba6ab4"
2026-07-26T02:04:54.2132667Z   ],
2026-07-26T02:04:54.2133025Z   "labels": {
2026-07-26T02:04:54.2133545Z     "org.opencontainers.image.created": "2026-07-26T02:04:54.193Z",
2026-07-26T02:04:54.2134398Z     "org.opencontainers.image.description": "",
2026-07-26T02:04:54.2134996Z     "org.opencontainers.image.licenses": "",
2026-07-26T02:04:54.2137064Z     "org.opencontainers.image.revision": "fba6ab4bdeb7db8be6d547f6feec73822ac280c0",
2026-07-26T02:04:54.2138152Z     "org.opencontainers.image.source": "https://github.com/pkinerd/ednsv",
2026-07-26T02:04:54.2138944Z     "org.opencontainers.image.title": "ednsv",
2026-07-26T02:04:54.2140053Z     "org.opencontainers.image.url": "https://github.com/pkinerd/ednsv",
2026-07-26T02:04:54.2141222Z     "org.opencontainers.image.version": "pr-28"
2026-07-26T02:04:54.2141753Z   },
2026-07-26T02:04:54.2142140Z   "annotations": [
2026-07-26T02:04:54.2142698Z     "manifest:org.opencontainers.image.created=2026-07-26T02:04:54.193Z",
2026-07-26T02:04:54.2143361Z     "manifest:org.opencontainers.image.description=",
2026-07-26T02:04:54.2143941Z     "manifest:org.opencontainers.image.licenses=",
2026-07-26T02:04:54.2144742Z     "manifest:org.opencontainers.image.revision=fba6ab4bdeb7db8be6d547f6feec73822ac280c0",
2026-07-26T02:04:54.2145705Z     "manifest:org.opencontainers.image.source=https://github.com/pkinerd/ednsv",
2026-07-26T02:04:54.2146409Z     "manifest:org.opencontainers.image.title=ednsv",
2026-07-26T02:04:54.2147082Z     "manifest:org.opencontainers.image.url=https://github.com/pkinerd/ednsv",
2026-07-26T02:04:54.2147768Z     "manifest:org.opencontainers.image.version=pr-28"
2026-07-26T02:04:54.2148241Z   ]
2026-07-26T02:04:54.2148496Z }
2026-07-26T02:04:54.2149001Z ##[endgroup]
2026-07-26T02:04:54.2149870Z ##[group]Bake file definition (tags)
2026-07-26T02:04:54.2150274Z {
2026-07-26T02:04:54.2150557Z   "target": {
2026-07-26T02:04:54.2150888Z     "docker-metadata-action": {
2026-07-26T02:04:54.2151283Z       "tags": [
2026-07-26T02:04:54.2151625Z         "ghcr.io/pkinerd/ednsv:pr-28",
2026-07-26T02:04:54.2152104Z         "ghcr.io/pkinerd/ednsv:latest-any",
2026-07-26T02:04:54.2152589Z         "ghcr.io/pkinerd/ednsv:sha-fba6ab4"
2026-07-26T02:04:54.2153022Z       ],
2026-07-26T02:04:54.2153313Z       "args": {
2026-07-26T02:04:54.2153691Z         "DOCKER_META_IMAGES": "ghcr.io/pkinerd/ednsv",
2026-07-26T02:04:54.2154205Z         "DOCKER_META_VERSION": "pr-28"
2026-07-26T02:04:54.2154620Z       }
2026-07-26T02:04:54.2154889Z     }
2026-07-26T02:04:54.2155169Z   }
2026-07-26T02:04:54.2155423Z }
2026-07-26T02:04:54.2155942Z ##[endgroup]
2026-07-26T02:04:54.2156522Z ##[group]Bake file definition (labels)
2026-07-26T02:04:54.2156971Z {
2026-07-26T02:04:54.2157244Z   "target": {
2026-07-26T02:04:54.2157852Z     "docker-metadata-action": {
2026-07-26T02:04:54.2158297Z       "labels": {
2026-07-26T02:04:54.2158795Z         "org.opencontainers.image.created": "2026-07-26T02:04:54.193Z",
2026-07-26T02:04:54.2169449Z         "org.opencontainers.image.description": "",
2026-07-26T02:04:54.2170115Z         "org.opencontainers.image.licenses": "",
2026-07-26T02:04:54.2170928Z         "org.opencontainers.image.revision": "fba6ab4bdeb7db8be6d547f6feec73822ac280c0",
2026-07-26T02:04:54.2171860Z         "org.opencontainers.image.source": "https://github.com/pkinerd/ednsv",
2026-07-26T02:04:54.2172585Z         "org.opencontainers.image.title": "ednsv",
2026-07-26T02:04:54.2173365Z         "org.opencontainers.image.url": "https://github.com/pkinerd/ednsv",
2026-07-26T02:04:54.2174100Z         "org.opencontainers.image.version": "pr-28"
2026-07-26T02:04:54.2174571Z       }
2026-07-26T02:04:54.2174853Z     }
2026-07-26T02:04:54.2175123Z   }
2026-07-26T02:04:54.2175371Z }
2026-07-26T02:04:54.2175884Z ##[endgroup]
2026-07-26T02:04:54.2176440Z ##[group]Bake file definition (annotations)
2026-07-26T02:04:54.2176852Z {
2026-07-26T02:04:54.2177124Z   "target": {
2026-07-26T02:04:54.2177445Z     "docker-metadata-action": {
2026-07-26T02:04:54.2178075Z       "annotations": [
2026-07-26T02:04:54.2178639Z         "manifest:org.opencontainers.image.created=2026-07-26T02:04:54.193Z",
2026-07-26T02:04:54.2179640Z         "manifest:org.opencontainers.image.description=",
2026-07-26T02:04:54.2180341Z         "manifest:org.opencontainers.image.licenses=",
2026-07-26T02:04:54.2181287Z         "manifest:org.opencontainers.image.revision=fba6ab4bdeb7db8be6d547f6feec73822ac280c0",
2026-07-26T02:04:54.2182322Z         "manifest:org.opencontainers.image.source=https://github.com/pkinerd/ednsv",
2026-07-26T02:04:54.2183144Z         "manifest:org.opencontainers.image.title=ednsv",
2026-07-26T02:04:54.2183857Z         "manifest:org.opencontainers.image.url=https://github.com/pkinerd/ednsv",
2026-07-26T02:04:54.2184847Z         "manifest:org.opencontainers.image.version=pr-28"
2026-07-26T02:04:54.2185446Z       ]
2026-07-26T02:04:54.2185761Z     }
2026-07-26T02:04:54.2186097Z   }
2026-07-26T02:04:54.2186403Z }
2026-07-26T02:04:54.2186986Z ##[endgroup]
2026-07-26T02:04:54.2464664Z Node 20 is being deprecated. This workflow is running with Node 24 by default. If you need to temporarily use Node 20, you can set the ACTIONS_ALLOW_USE_UNSECURE_NODE_VERSION=true environment variable. For more information see: https://github.blog/changelog/2025-09-19-deprecation-of-node-20-on-github-actions-runners/
2026-07-26T02:04:54.2467630Z ##[group]Run docker/build-push-action@v6
2026-07-26T02:04:54.2468054Z with:
2026-07-26T02:04:54.2468241Z   context: .
2026-07-26T02:04:54.2468887Z   file: ./Dockerfile
2026-07-26T02:04:54.2469461Z   push: true
2026-07-26T02:04:54.2469926Z   tags: ghcr.io/pkinerd/ednsv:pr-28
ghcr.io/pkinerd/ednsv:latest-any
ghcr.io/pkinerd/ednsv:sha-fba6ab4
2026-07-26T02:04:54.2474052Z   labels: org.opencontainers.image.created=2026-07-26T02:04:54.193Z
org.opencontainers.image.description=
org.opencontainers.image.licenses=
org.opencontainers.image.revision=fba6ab4bdeb7db8be6d547f6feec73822ac280c0
org.opencontainers.image.source=https://github.com/pkinerd/ednsv
org.opencontainers.image.title=ednsv
org.opencontainers.image.url=https://github.com/pkinerd/ednsv
org.opencontainers.image.version=pr-28
2026-07-26T02:04:54.2476398Z   cache-from: type=gha
2026-07-26T02:04:54.2476828Z   cache-to: type=gha,mode=max
2026-07-26T02:04:54.2477066Z   load: false
2026-07-26T02:04:54.2477257Z   no-cache: false
2026-07-26T02:04:54.2477455Z   pull: false
2026-07-26T02:04:54.2480045Z   github-token: ***
2026-07-26T02:04:54.2480269Z env:
2026-07-26T02:04:54.2480449Z   REGISTRY: ghcr.io
2026-07-26T02:04:54.2480660Z   IMAGE_NAME: pkinerd/ednsv
2026-07-26T02:04:54.2480908Z   DOCKER_METADATA_OUTPUT_VERSION: pr-28
2026-07-26T02:04:54.2481466Z   DOCKER_METADATA_OUTPUT_TAGS: ghcr.io/pkinerd/ednsv:pr-28
ghcr.io/pkinerd/ednsv:latest-any
ghcr.io/pkinerd/ednsv:sha-fba6ab4
2026-07-26T02:04:54.2482111Z   DOCKER_METADATA_OUTPUT_TAG_NAMES: pr-28
latest-any
sha-fba6ab4
2026-07-26T02:04:54.2483932Z   DOCKER_METADATA_OUTPUT_LABELS: org.opencontainers.image.created=2026-07-26T02:04:54.193Z
org.opencontainers.image.description=
org.opencontainers.image.licenses=
org.opencontainers.image.revision=fba6ab4bdeb7db8be6d547f6feec73822ac280c0
org.opencontainers.image.source=https://github.com/pkinerd/ednsv
org.opencontainers.image.title=ednsv
org.opencontainers.image.url=https://github.com/pkinerd/ednsv
org.opencontainers.image.version=pr-28
2026-07-26T02:04:54.2487453Z   DOCKER_METADATA_OUTPUT_ANNOTATIONS: manifest:org.opencontainers.image.created=2026-07-26T02:04:54.193Z
manifest:org.opencontainers.image.description=
manifest:org.opencontainers.image.licenses=
manifest:org.opencontainers.image.revision=fba6ab4bdeb7db8be6d547f6feec73822ac280c0
manifest:org.opencontainers.image.source=https://github.com/pkinerd/ednsv
manifest:org.opencontainers.image.title=ednsv
manifest:org.opencontainers.image.url=https://github.com/pkinerd/ednsv
manifest:org.opencontainers.image.version=pr-28
2026-07-26T02:04:54.2494114Z   DOCKER_METADATA_OUTPUT_JSON: {"tags":["ghcr.io/pkinerd/ednsv:pr-28","ghcr.io/pkinerd/ednsv:latest-any","ghcr.io/pkinerd/ednsv:sha-fba6ab4"],"tag-names":["pr-28","latest-any","sha-fba6ab4"],"labels":{"org.opencontainers.image.created":"2026-07-26T02:04:54.193Z","org.opencontainers.image.description":"","org.opencontainers.image.licenses":"","org.opencontainers.image.revision":"fba6ab4bdeb7db8be6d547f6feec73822ac280c0","org.opencontainers.image.source":"https://github.com/pkinerd/ednsv","org.opencontainers.image.title":"ednsv","org.opencontainers.image.url":"https://github.com/pkinerd/ednsv","org.opencontainers.image.version":"pr-28"},"annotations":["manifest:org.opencontainers.image.created=2026-07-26T02:04:54.193Z","manifest:org.opencontainers.image.description=","manifest:org.opencontainers.image.licenses=","manifest:org.opencontainers.image.revision=fba6ab4bdeb7db8be6d547f6feec73822ac280c0","manifest:org.opencontainers.image.source=https://github.com/pkinerd/ednsv","manifest:org.opencontainers.image.title=ednsv","manifest:org.opencontainers.image.url=https://github.com/pkinerd/ednsv","manifest:org.opencontainers.image.version=pr-28"]}
2026-07-26T02:04:54.2502965Z   DOCKER_METADATA_OUTPUT_BAKE_FILE_TAGS: /home/runner/work/_temp/docker-actions-toolkit-oY8n0F/docker-metadata-action-bake-tags.json
2026-07-26T02:04:54.2504373Z   DOCKER_METADATA_OUTPUT_BAKE_FILE_LABELS: /home/runner/work/_temp/docker-actions-toolkit-oY8n0F/docker-metadata-action-bake-labels.json
2026-07-26T02:04:54.2505448Z   DOCKER_METADATA_OUTPUT_BAKE_FILE_ANNOTATIONS: /home/runner/work/_temp/docker-actions-toolkit-oY8n0F/docker-metadata-action-bake-annotations.json
2026-07-26T02:04:54.2506359Z   DOCKER_METADATA_OUTPUT_BAKE_FILE: /home/runner/work/_temp/docker-actions-toolkit-oY8n0F/docker-metadata-action-bake.json
2026-07-26T02:04:54.2506899Z ##[endgroup]
2026-07-26T02:04:54.5215703Z (node:2782) [DEP0040] DeprecationWarning: The `punycode` module is deprecated. Please use a userland alternative instead.
2026-07-26T02:04:54.5217053Z (Use `node --trace-deprecation ...` to show where the warning was created)
2026-07-26T02:04:54.5240223Z ##[group]GitHub Actions runtime token ACs
2026-07-26T02:04:54.5250399Z refs/pull/28/merge: read/write
2026-07-26T02:04:54.5251783Z refs/heads/main: read
2026-07-26T02:04:54.5253122Z ##[endgroup]
2026-07-26T02:04:54.5254425Z ##[group]Docker info
2026-07-26T02:04:54.5303140Z [command]/usr/bin/docker version
2026-07-26T02:04:54.5556246Z Client: Docker Engine - Community
2026-07-26T02:04:54.5559661Z  Version:           28.0.4
2026-07-26T02:04:54.5560495Z  API version:       1.48
2026-07-26T02:04:54.5561186Z  Go version:        go1.23.7
2026-07-26T02:04:54.5561928Z  Git commit:        b8034c0
2026-07-26T02:04:54.5562682Z  Built:             Tue Mar 25 15:07:16 2025
2026-07-26T02:04:54.5563689Z  OS/Arch:           linux/amd64
2026-07-26T02:04:54.5581969Z  Context:           default
2026-07-26T02:04:54.5582284Z 
2026-07-26T02:04:54.5582735Z Server: Docker Engine - Community
2026-07-26T02:04:54.5583388Z  Engine:
2026-07-26T02:04:54.5583752Z   Version:          28.0.4
2026-07-26T02:04:54.5584246Z   API version:      1.48 (minimum version 1.24)
2026-07-26T02:04:54.5584781Z   Go version:       go1.23.7
2026-07-26T02:04:54.5585211Z   Git commit:       6430e49
2026-07-26T02:04:54.5585646Z   Built:            Tue Mar 25 15:07:16 2025
2026-07-26T02:04:54.5586142Z   OS/Arch:          linux/amd64
2026-07-26T02:04:54.5586573Z   Experimental:     false
2026-07-26T02:04:54.5586959Z  containerd:
2026-07-26T02:04:54.5587295Z   Version:          v2.2.6
2026-07-26T02:04:54.5587789Z   GitCommit:        11ce9d5f3c68c941867e82890e93e815c1304f1b
2026-07-26T02:04:54.5588308Z  runc:
2026-07-26T02:04:54.5588616Z   Version:          1.3.6
2026-07-26T02:04:54.5589027Z   GitCommit:        v1.3.6-0-g491b69ba
2026-07-26T02:04:54.5590288Z  docker-init:
2026-07-26T02:04:54.5590670Z   Version:          0.19.0
2026-07-26T02:04:54.5591070Z   GitCommit:        de40ad0
2026-07-26T02:04:54.5613241Z [command]/usr/bin/docker info
2026-07-26T02:04:54.6258208Z Client: Docker Engine - Community
2026-07-26T02:04:54.6258791Z  Version:    28.0.4
2026-07-26T02:04:54.6259503Z  Context:    default
2026-07-26T02:04:54.6259883Z  Debug Mode: false
2026-07-26T02:04:54.6260214Z  Plugins:
2026-07-26T02:04:54.6260537Z   buildx: Docker Buildx (Docker Inc.)
2026-07-26T02:04:54.6260918Z     Version:  v0.35.0
2026-07-26T02:04:54.6261221Z     Path:     /usr/libexec/docker/cli-plugins/docker-buildx
2026-07-26T02:04:54.6261595Z   compose: Docker Compose (Docker Inc.)
2026-07-26T02:04:54.6261881Z     Version:  v2.38.2
2026-07-26T02:04:54.6262179Z     Path:     /usr/libexec/docker/cli-plugins/docker-compose
2026-07-26T02:04:54.6262442Z 
2026-07-26T02:04:54.6262522Z Server:
2026-07-26T02:04:54.6262714Z  Containers: 1
2026-07-26T02:04:54.6262919Z   Running: 1
2026-07-26T02:04:54.6263120Z   Paused: 0
2026-07-26T02:04:54.6263655Z   Stopped: 0
2026-07-26T02:04:54.6263856Z  Images: 7
2026-07-26T02:04:54.6264058Z  Server Version: 28.0.4
2026-07-26T02:04:54.6264300Z  Storage Driver: overlay2
2026-07-26T02:04:54.6264556Z   Backing Filesystem: extfs
2026-07-26T02:04:54.6264817Z   Supports d_type: true
2026-07-26T02:04:54.6265279Z   Using metacopy: false
2026-07-26T02:04:54.6265532Z   Native Overlay Diff: false
2026-07-26T02:04:54.6265787Z   userxattr: false
2026-07-26T02:04:54.6266016Z  Logging Driver: json-file
2026-07-26T02:04:54.6266266Z  Cgroup Driver: systemd
2026-07-26T02:04:54.6266495Z  Cgroup Version: 2
2026-07-26T02:04:54.6266709Z  Plugins:
2026-07-26T02:04:54.6266905Z   Volume: local
2026-07-26T02:04:54.6267157Z   Network: bridge host ipvlan macvlan null overlay
2026-07-26T02:04:54.6267607Z   Log: awslogs fluentd gcplogs gelf journald json-file local splunk syslog
2026-07-26T02:04:54.6268016Z  Swarm: inactive
2026-07-26T02:04:54.6268254Z  Runtimes: io.containerd.runc.v2 runc
2026-07-26T02:04:54.6268539Z  Default Runtime: runc
2026-07-26T02:04:54.6268785Z  Init Binary: docker-init
2026-07-26T02:04:54.6269105Z  containerd version: 11ce9d5f3c68c941867e82890e93e815c1304f1b
2026-07-26T02:04:54.6269860Z  runc version: v1.3.6-0-g491b69ba
2026-07-26T02:04:54.6270140Z  init version: de40ad0
2026-07-26T02:04:54.6270394Z  Security Options:
2026-07-26T02:04:54.6270610Z   apparmor
2026-07-26T02:04:54.6270801Z   seccomp
2026-07-26T02:04:54.6270984Z    Profile: builtin
2026-07-26T02:04:54.6271171Z   cgroupns
2026-07-26T02:04:54.6271349Z  Kernel Version: 6.17.0-1020-azure
2026-07-26T02:04:54.6271602Z  Operating System: Ubuntu 24.04.4 LTS
2026-07-26T02:04:54.6271849Z  OSType: linux
2026-07-26T02:04:54.6272037Z  Architecture: x86_64
2026-07-26T02:04:54.6272234Z  CPUs: 4
2026-07-26T02:04:54.6272414Z  Total Memory: 15.61GiB
2026-07-26T02:04:54.6272623Z  Name: runnervmvrwv9
2026-07-26T02:04:54.6272845Z  ID: dce1e4a9-fc26-4218-aaf0-feee5194c8cb
2026-07-26T02:04:54.6273116Z  Docker Root Dir: /var/lib/docker
2026-07-26T02:04:54.6273357Z  Debug Mode: false
2026-07-26T02:04:54.6273556Z  Username: githubactions
2026-07-26T02:04:54.6273959Z  Experimental: false
2026-07-26T02:04:54.6274305Z  Insecure Registries:
2026-07-26T02:04:54.6274704Z   ::1/128
2026-07-26T02:04:54.6274982Z   127.0.0.0/8
2026-07-26T02:04:54.6275322Z  Live Restore Enabled: false
2026-07-26T02:04:54.6275581Z 
2026-07-26T02:04:54.6280406Z ##[endgroup]
2026-07-26T02:04:54.6281119Z ##[group]Proxy configuration
2026-07-26T02:04:54.6284427Z No proxy configuration found
2026-07-26T02:04:54.6285082Z ##[endgroup]
2026-07-26T02:04:54.6981561Z ##[group]Buildx version
2026-07-26T02:04:54.7010213Z [command]/usr/bin/docker buildx version
2026-07-26T02:04:54.7529995Z github.com/docker/buildx v0.35.0 a319e5b15052cf6557ceb666eb8ff6e32380b782
2026-07-26T02:04:54.7563966Z ##[endgroup]
2026-07-26T02:04:54.7564559Z ##[group]Builder info
2026-07-26T02:04:54.8468708Z {
2026-07-26T02:04:54.8470001Z   "nodes": [
2026-07-26T02:04:54.8470769Z     {
2026-07-26T02:04:54.8471277Z       "name": "builder-ed02277d-8ecf-420c-90ec-50a6d3237c960",
2026-07-26T02:04:54.8471956Z       "endpoint": "unix:///var/run/docker.sock",
2026-07-26T02:04:54.8472449Z       "status": "running",
2026-07-26T02:04:54.8473309Z       "buildkitd-flags": "--allow-insecure-entitlement security.insecure --allow-insecure-entitlement network.host",
2026-07-26T02:04:54.8474206Z       "buildkit": "v0.31.2",
2026-07-26T02:04:54.8474744Z       "platforms": "linux/amd64,linux/amd64/v2,linux/amd64/v3,linux/386",
2026-07-26T02:04:54.8475129Z       "features": {
2026-07-26T02:04:54.8475474Z         "Automatically load images to the Docker Engine image store": true,
2026-07-26T02:04:54.8475859Z         "Cache export": true,
2026-07-26T02:04:54.8476110Z         "Direct push": true,
2026-07-26T02:04:54.8476340Z         "Docker exporter": true,
2026-07-26T02:04:54.8476584Z         "Multi-platform build": true,
2026-07-26T02:04:54.8476832Z         "OCI exporter": true
2026-07-26T02:04:54.8477040Z       },
2026-07-26T02:04:54.8477232Z       "labels": {
2026-07-26T02:04:54.8477764Z         "org.mobyproject.buildkit.worker.executor": "oci",
2026-07-26T02:04:54.8478159Z         "org.mobyproject.buildkit.worker.hostname": "19217734b58c",
2026-07-26T02:04:54.8478550Z         "org.mobyproject.buildkit.worker.network": "host",
2026-07-26T02:04:54.8479092Z         "org.mobyproject.buildkit.worker.oci.process-mode": "sandbox",
2026-07-26T02:04:54.8479939Z         "org.mobyproject.buildkit.worker.selinux.enabled": "false",
2026-07-26T02:04:54.8480379Z         "org.mobyproject.buildkit.worker.snapshotter": "overlayfs"
2026-07-26T02:04:54.8480704Z       },
2026-07-26T02:04:54.8480879Z       "gcPolicy": [
2026-07-26T02:04:54.8481069Z         {
2026-07-26T02:04:54.8481239Z           "all": false,
2026-07-26T02:04:54.8481438Z           "filter": [
2026-07-26T02:04:54.8481748Z             "type==source.local type==exec.cachemount type==source.git.checkout"
2026-07-26T02:04:54.8482105Z           ],
2026-07-26T02:04:54.8482364Z           "keepDuration": "48h0m0s",
2026-07-26T02:04:54.8482640Z           "maxUsedSpace": "488.3MiB"
2026-07-26T02:04:54.8482869Z         },
2026-07-26T02:04:54.8483036Z         {
2026-07-26T02:04:54.8483206Z           "all": false,
2026-07-26T02:04:54.8483420Z           "keepDuration": "1440h0m0s",
2026-07-26T02:04:54.8483705Z           "reservedSpace": "9.313GiB",
2026-07-26T02:04:54.8483961Z           "maxUsedSpace": "93.13GiB",
2026-07-26T02:04:54.8484211Z           "minFreeSpace": "27.01GiB"
2026-07-26T02:04:54.8484435Z         },
2026-07-26T02:04:54.8484618Z         {
2026-07-26T02:04:54.8484788Z           "all": false,
2026-07-26T02:04:54.8485015Z           "reservedSpace": "9.313GiB",
2026-07-26T02:04:54.8485259Z           "maxUsedSpace": "93.13GiB",
2026-07-26T02:04:54.8485502Z           "minFreeSpace": "27.01GiB"
2026-07-26T02:04:54.8485723Z         },
2026-07-26T02:04:54.8485901Z         {
2026-07-26T02:04:54.8486074Z           "all": true,
2026-07-26T02:04:54.8486278Z           "reservedSpace": "9.313GiB",
2026-07-26T02:04:54.8486516Z           "maxUsedSpace": "93.13GiB",
2026-07-26T02:04:54.8486774Z           "minFreeSpace": "27.01GiB"
2026-07-26T02:04:54.8486993Z         }
2026-07-26T02:04:54.8487152Z       ]
2026-07-26T02:04:54.8487311Z     }
2026-07-26T02:04:54.8487466Z   ],
2026-07-26T02:04:54.8487699Z   "name": "builder-ed02277d-8ecf-420c-90ec-50a6d3237c96",
2026-07-26T02:04:54.8488015Z   "driver": "docker-container",
2026-07-26T02:04:54.8488268Z   "lastActivity": "2026-07-26T02:04:46.000Z"
2026-07-26T02:04:54.8488516Z }
2026-07-26T02:04:54.8488964Z ##[endgroup]
2026-07-26T02:04:55.0154374Z [command]/usr/bin/docker buildx build --cache-from type=gha --cache-to type=gha,mode=max --file ./Dockerfile --iidfile /home/runner/work/_temp/docker-actions-toolkit-gEJoks/build-iidfile-b6e63c6b0e.txt --label org.opencontainers.image.created=2026-07-26T02:04:54.193Z --label org.opencontainers.image.description= --label org.opencontainers.image.licenses= --label org.opencontainers.image.revision=fba6ab4bdeb7db8be6d547f6feec73822ac280c0 --label org.opencontainers.image.source=https://github.com/pkinerd/ednsv --label org.opencontainers.image.title=ednsv --label org.opencontainers.image.url=https://github.com/pkinerd/ednsv --label org.opencontainers.image.version=pr-28 --attest type=provenance,mode=max,builder-id=https://github.com/pkinerd/ednsv/actions/runs/30183923343/attempts/1 --tag ghcr.io/pkinerd/ednsv:pr-28 --tag ghcr.io/pkinerd/ednsv:latest-any --tag ghcr.io/pkinerd/ednsv:sha-fba6ab4 --metadata-file /home/runner/work/_temp/docker-actions-toolkit-gEJoks/build-metadata-08149bb2bd.json --push .
2026-07-26T02:04:55.3763706Z #0 building with "builder-ed02277d-8ecf-420c-90ec-50a6d3237c96" instance using docker-container driver
2026-07-26T02:04:55.3764359Z 
2026-07-26T02:04:55.3764550Z #1 [internal] load build definition from Dockerfile
2026-07-26T02:04:55.3765013Z #1 transferring dockerfile: 827B 0.0s done
2026-07-26T02:04:55.3765382Z #1 DONE 0.0s
2026-07-26T02:04:55.3765530Z 
2026-07-26T02:04:55.3765761Z #2 [auth] docker/dockerfile:pull token for registry-1.docker.io
2026-07-26T02:04:55.3766570Z #2 DONE 0.0s
2026-07-26T02:04:55.3766720Z 
2026-07-26T02:04:55.3767035Z #3 resolve image config for docker-image://docker.io/docker/dockerfile:1.7
2026-07-26T02:04:55.6004699Z #3 DONE 0.4s
2026-07-26T02:04:55.7803112Z 
2026-07-26T02:04:55.7804435Z #4 docker-image://docker.io/docker/dockerfile:1.7@sha256:a57df69d0ea827fb7266491f2813635de6f17269be881f696fbfdf2d83dda33e
2026-07-26T02:04:55.7805900Z #4 resolve docker.io/docker/dockerfile:1.7@sha256:a57df69d0ea827fb7266491f2813635de6f17269be881f696fbfdf2d83dda33e done
2026-07-26T02:04:55.7807221Z #4 sha256:96918c57e42509b97f10c074d80672ecdbd3bb7dcd38c1bd95960cf291207416 11.98MB / 11.98MB 0.1s done
2026-07-26T02:04:55.7808399Z #4 extracting sha256:96918c57e42509b97f10c074d80672ecdbd3bb7dcd38c1bd95960cf291207416 0.1s done
2026-07-26T02:04:55.7808959Z #4 DONE 0.2s
2026-07-26T02:04:55.9837126Z 
2026-07-26T02:04:55.9838338Z #5 [internal] load metadata for mcr.microsoft.com/dotnet/sdk:8.0
2026-07-26T02:04:55.9838947Z #5 DONE 0.1s
2026-07-26T02:04:55.9839416Z 
2026-07-26T02:04:55.9839693Z #6 [internal] load metadata for mcr.microsoft.com/dotnet/aspnet:8.0
2026-07-26T02:04:56.1344789Z #6 DONE 0.2s
2026-07-26T02:04:56.1345094Z 
2026-07-26T02:04:56.1345251Z #7 [internal] load .dockerignore
2026-07-26T02:04:56.1345762Z #7 transferring context: 249B done
2026-07-26T02:04:56.1346043Z #7 DONE 0.0s
2026-07-26T02:04:56.1346163Z 
2026-07-26T02:04:56.1346258Z #8 [internal] load build context
2026-07-26T02:04:56.1346691Z #8 DONE 0.0s
2026-07-26T02:04:56.1346811Z 
2026-07-26T02:04:56.1347209Z #9 [build 1/8] FROM mcr.microsoft.com/dotnet/sdk:8.0@sha256:3c0edbfe1549dd93fb789dc96299a40df865ad7bffefcaf38e8c05940686d641
2026-07-26T02:04:56.1348325Z #9 resolve mcr.microsoft.com/dotnet/sdk:8.0@sha256:3c0edbfe1549dd93fb789dc96299a40df865ad7bffefcaf38e8c05940686d641 done
2026-07-26T02:04:56.1349063Z #9 DONE 0.0s
2026-07-26T02:04:56.1349377Z 
2026-07-26T02:04:56.1350378Z #10 [runtime 1/3] FROM mcr.microsoft.com/dotnet/aspnet:8.0@sha256:8f6a307ae32fb393a4b4bcde0a81f0ce3f0a715de0e5575df71f3030448f2dde
2026-07-26T02:04:56.1351768Z #10 resolve mcr.microsoft.com/dotnet/aspnet:8.0@sha256:8f6a307ae32fb393a4b4bcde0a81f0ce3f0a715de0e5575df71f3030448f2dde done
2026-07-26T02:04:56.1352428Z #10 DONE 0.0s
2026-07-26T02:04:56.1352649Z 
2026-07-26T02:04:56.1352868Z #11 importing cache manifest from gha:7783676118973865532
2026-07-26T02:04:56.1353171Z #11 DONE 0.1s
2026-07-26T02:04:56.2365234Z 
2026-07-26T02:04:56.2365976Z #8 [internal] load build context
2026-07-26T02:04:56.2366806Z #8 transferring context: 916.36kB 0.0s done
2026-07-26T02:04:56.2367486Z #8 DONE 0.1s
2026-07-26T02:04:56.2370013Z 
2026-07-26T02:04:56.2371130Z #10 [runtime 1/3] FROM mcr.microsoft.com/dotnet/aspnet:8.0@sha256:8f6a307ae32fb393a4b4bcde0a81f0ce3f0a715de0e5575df71f3030448f2dde
2026-07-26T02:04:56.2372692Z #10 sha256:b450eb4b61483e158bba71e0972774dca3356aaccf083b4de394756826786dc3 166B / 166B 0.0s done
2026-07-26T02:04:56.2374051Z #10 sha256:4afec8b5a48bb14028a2111abd144794fb4f088154db49009be3c5833f922deb 3.34kB / 3.34kB 0.1s done
2026-07-26T02:04:56.3566138Z #10 sha256:993b1a5b9814eb890928e53aa844227cd48d62a552cce9d9723401d3f323d7df 11.10MB / 11.10MB 0.1s done
2026-07-26T02:04:56.3567899Z #10 sha256:bcbf93830adb69dda1050c229181e9d0bbcd138e40c83062cfd41f7a8d79b4c7 18.74MB / 18.74MB 0.1s done
2026-07-26T02:04:56.3569738Z #10 sha256:77e3e8465ccd88a7ab4380ed823b77769274a8d0cd50332315a6e6884eeb185b 25.17MB / 32.26MB 0.2s
2026-07-26T02:04:56.5071412Z #10 sha256:77e3e8465ccd88a7ab4380ed823b77769274a8d0cd50332315a6e6884eeb185b 32.26MB / 32.26MB 0.2s done
2026-07-26T02:04:56.5075091Z #10 sha256:597c6c618d36213af657a6a8444a5d87801f9a219682b206ad21ccb8f3e57bbd 28.23MB / 28.23MB 0.1s done
2026-07-26T02:04:56.5076655Z #10 extracting sha256:597c6c618d36213af657a6a8444a5d87801f9a219682b206ad21ccb8f3e57bbd
2026-07-26T02:04:57.4007826Z #10 ...
2026-07-26T02:04:57.4008111Z 
2026-07-26T02:04:57.4008809Z #9 [build 1/8] FROM mcr.microsoft.com/dotnet/sdk:8.0@sha256:3c0edbfe1549dd93fb789dc96299a40df865ad7bffefcaf38e8c05940686d641
2026-07-26T02:04:57.4010566Z #9 sha256:ed43dda998e1a0c05efeddc9a24048ad8349ce02697b4db3061250e466b3a059 2.70kB / 2.70kB 0.0s done
2026-07-26T02:04:57.4011260Z #9 sha256:aaea65f9d3756e15614c6efe86e2006b8fe74af0af07faefdcb6e6001dd705fc 17.06MB / 17.06MB 0.1s done
2026-07-26T02:04:57.4012114Z #9 sha256:34eabb9d45bfc2a02673ee3778040c44b0f3b59facbbf51f9c367482821ce92f 177.89MB / 177.89MB 0.9s done
2026-07-26T02:04:57.4012793Z #9 sha256:0aa6db834649082ea8d86f41789fce403a69c18bcec5994ceaf0ed4474563c7d 31.09MB / 31.09MB 0.2s done
2026-07-26T02:04:57.4013238Z #9 DONE 1.1s
2026-07-26T02:04:57.4013353Z 
2026-07-26T02:04:57.4013739Z #10 [runtime 1/3] FROM mcr.microsoft.com/dotnet/aspnet:8.0@sha256:8f6a307ae32fb393a4b4bcde0a81f0ce3f0a715de0e5575df71f3030448f2dde
2026-07-26T02:04:57.4014490Z #10 extracting sha256:597c6c618d36213af657a6a8444a5d87801f9a219682b206ad21ccb8f3e57bbd 0.9s done
2026-07-26T02:04:57.4015090Z #10 extracting sha256:bcbf93830adb69dda1050c229181e9d0bbcd138e40c83062cfd41f7a8d79b4c7
2026-07-26T02:04:57.5046633Z #10 extracting sha256:bcbf93830adb69dda1050c229181e9d0bbcd138e40c83062cfd41f7a8d79b4c7 0.3s done
2026-07-26T02:04:57.5047487Z #10 DONE 1.4s
2026-07-26T02:04:57.6608879Z 
2026-07-26T02:04:57.6610382Z #10 [runtime 1/3] FROM mcr.microsoft.com/dotnet/aspnet:8.0@sha256:8f6a307ae32fb393a4b4bcde0a81f0ce3f0a715de0e5575df71f3030448f2dde
2026-07-26T02:04:57.6612928Z #10 extracting sha256:4afec8b5a48bb14028a2111abd144794fb4f088154db49009be3c5833f922deb done
2026-07-26T02:04:57.6614112Z #10 extracting sha256:77e3e8465ccd88a7ab4380ed823b77769274a8d0cd50332315a6e6884eeb185b
2026-07-26T02:04:57.8610006Z #10 extracting sha256:77e3e8465ccd88a7ab4380ed823b77769274a8d0cd50332315a6e6884eeb185b 0.4s done
2026-07-26T02:04:57.8611007Z #10 DONE 1.7s
2026-07-26T02:04:57.9891265Z 
2026-07-26T02:04:57.9892459Z #10 [runtime 1/3] FROM mcr.microsoft.com/dotnet/aspnet:8.0@sha256:8f6a307ae32fb393a4b4bcde0a81f0ce3f0a715de0e5575df71f3030448f2dde
2026-07-26T02:04:57.9893689Z #10 extracting sha256:b450eb4b61483e158bba71e0972774dca3356aaccf083b4de394756826786dc3 done
2026-07-26T02:04:57.9894768Z #10 extracting sha256:993b1a5b9814eb890928e53aa844227cd48d62a552cce9d9723401d3f323d7df 0.1s done
2026-07-26T02:04:57.9895419Z #10 DONE 1.9s
2026-07-26T02:04:58.1395457Z 
2026-07-26T02:04:58.1396282Z #9 [build 1/8] FROM mcr.microsoft.com/dotnet/sdk:8.0@sha256:3c0edbfe1549dd93fb789dc96299a40df865ad7bffefcaf38e8c05940686d641
2026-07-26T02:04:58.1397125Z #9 extracting sha256:0aa6db834649082ea8d86f41789fce403a69c18bcec5994ceaf0ed4474563c7d
2026-07-26T02:04:58.3649233Z #9 ...
2026-07-26T02:04:58.3649503Z 
2026-07-26T02:04:58.3649679Z #12 [runtime 2/3] WORKDIR /app
2026-07-26T02:04:58.3650605Z #12 DONE 0.4s
2026-07-26T02:04:58.5152326Z 
2026-07-26T02:04:58.5153398Z #9 [build 1/8] FROM mcr.microsoft.com/dotnet/sdk:8.0@sha256:3c0edbfe1549dd93fb789dc96299a40df865ad7bffefcaf38e8c05940686d641
2026-07-26T02:04:58.6830479Z #9 extracting sha256:0aa6db834649082ea8d86f41789fce403a69c18bcec5994ceaf0ed4474563c7d 0.7s done
2026-07-26T02:04:58.6831772Z #9 DONE 1.8s
2026-07-26T02:04:58.8336107Z 
2026-07-26T02:04:58.8337478Z #9 [build 1/8] FROM mcr.microsoft.com/dotnet/sdk:8.0@sha256:3c0edbfe1549dd93fb789dc96299a40df865ad7bffefcaf38e8c05940686d641
2026-07-26T02:04:58.8339451Z #9 extracting sha256:34eabb9d45bfc2a02673ee3778040c44b0f3b59facbbf51f9c367482821ce92f
2026-07-26T02:05:01.4898759Z #9 extracting sha256:34eabb9d45bfc2a02673ee3778040c44b0f3b59facbbf51f9c367482821ce92f 2.8s done
2026-07-26T02:05:01.4899708Z #9 DONE 4.6s
2026-07-26T02:05:01.6488405Z 
2026-07-26T02:05:01.6489939Z #9 [build 1/8] FROM mcr.microsoft.com/dotnet/sdk:8.0@sha256:3c0edbfe1549dd93fb789dc96299a40df865ad7bffefcaf38e8c05940686d641
2026-07-26T02:05:01.6491561Z #9 extracting sha256:ed43dda998e1a0c05efeddc9a24048ad8349ce02697b4db3061250e466b3a059 done
2026-07-26T02:05:01.6492973Z #9 extracting sha256:aaea65f9d3756e15614c6efe86e2006b8fe74af0af07faefdcb6e6001dd705fc
2026-07-26T02:05:01.8114367Z #9 extracting sha256:aaea65f9d3756e15614c6efe86e2006b8fe74af0af07faefdcb6e6001dd705fc 0.3s done
2026-07-26T02:05:01.8115440Z #9 DONE 4.9s
2026-07-26T02:05:01.9617341Z 
2026-07-26T02:05:01.9617873Z #13 [build 2/8] WORKDIR /src
2026-07-26T02:05:03.0573994Z #13 DONE 1.2s
2026-07-26T02:05:03.2281438Z 
2026-07-26T02:05:03.2282315Z #14 [build 3/8] COPY src/Ednsv.Core/Ednsv.Core.csproj src/Ednsv.Core/
2026-07-26T02:05:03.2283492Z #14 DONE 0.0s
2026-07-26T02:05:03.2283733Z 
2026-07-26T02:05:03.2284033Z #15 [build 4/8] COPY src/Ednsv.Web/Ednsv.Web.csproj src/Ednsv.Web/
2026-07-26T02:05:03.2284637Z #15 DONE 0.0s
2026-07-26T02:05:03.2284835Z 
2026-07-26T02:05:03.2285135Z #16 [build 5/8] RUN dotnet restore src/Ednsv.Web/Ednsv.Web.csproj
2026-07-26T02:05:03.7634630Z #16 0.686   Determining projects to restore...
2026-07-26T02:05:05.3491292Z #16 2.271   Restored /src/src/Ednsv.Core/Ednsv.Core.csproj (in 1.11 sec).
2026-07-26T02:05:05.8189057Z #16 2.742   Restored /src/src/Ednsv.Web/Ednsv.Web.csproj (in 1.61 sec).
2026-07-26T02:05:05.9305710Z #16 DONE 2.8s
2026-07-26T02:05:05.9305927Z 
2026-07-26T02:05:05.9306257Z #17 [build 6/8] COPY src/Ednsv.Core/ src/Ednsv.Core/
2026-07-26T02:05:05.9306728Z #17 DONE 0.0s
2026-07-26T02:05:06.0932065Z 
2026-07-26T02:05:06.0932706Z #18 [build 7/8] COPY src/Ednsv.Web/ src/Ednsv.Web/
2026-07-26T02:05:06.0933363Z #18 DONE 0.0s
2026-07-26T02:05:06.0933545Z 
2026-07-26T02:05:06.0934445Z #19 [build 8/8] RUN dotnet publish src/Ednsv.Web/Ednsv.Web.csproj         --configuration Release         --no-restore         --output /app/publish         /p:UseAppHost=false
2026-07-26T02:05:11.0115451Z #19 5.069   Ednsv.Core -> /src/src/Ednsv.Core/bin/Release/net8.0/Ednsv.Core.dll
2026-07-26T02:05:13.0338914Z #19 7.092   Ednsv.Web -> /src/src/Ednsv.Web/bin/Release/net8.0/Ednsv.Web.dll
2026-07-26T02:05:13.1945733Z #19 7.171   Ednsv.Web -> /app/publish/
2026-07-26T02:05:13.1946269Z #19 DONE 7.3s
2026-07-26T02:05:13.3775369Z 
2026-07-26T02:05:13.3775966Z #20 [runtime 3/3] COPY --from=build /app/publish ./
2026-07-26T02:05:13.3776766Z #20 DONE 0.0s
2026-07-26T02:05:13.3776960Z 
2026-07-26T02:05:13.3777090Z #21 exporting to image
2026-07-26T02:05:13.3777449Z #21 exporting layers
2026-07-26T02:05:13.4685858Z #21 exporting layers 0.2s done
2026-07-26T02:05:13.5846239Z #21 exporting manifest sha256:0e1a0b2f49d104a53cecd6b41ed97f9b1057897630e22c32b3904b1adcf47795 done
2026-07-26T02:05:13.5847502Z #21 exporting config sha256:e24862fdbf599c5fdb859d0d2ee08ee14d6bf674a81a5b47494ce38a0d01c683 done
2026-07-26T02:05:13.5848792Z #21 exporting attestation manifest sha256:76fe6538cbdf023aafddcd8752d00d47f83712b9afe86ac49ddc95e551bf655f done
2026-07-26T02:05:13.5850255Z #21 exporting manifest list sha256:bd55bda1f19e3369c3b7902dc174538823c14607c49eb11230306a7ae84244f4 done
2026-07-26T02:05:13.5851420Z #21 pushing layers
2026-07-26T02:05:13.7339108Z #21 ...
2026-07-26T02:05:13.7339580Z 
2026-07-26T02:05:13.7339840Z #22 [auth] pkinerd/ednsv:pull,push token for ghcr.io
2026-07-26T02:05:13.7340359Z #22 DONE 0.0s
2026-07-26T02:05:13.8834551Z 
2026-07-26T02:05:13.8835609Z #23 exporting to GitHub Actions Cache
2026-07-26T02:05:13.8836826Z #23 preparing build cache for export
2026-07-26T02:05:16.5746177Z #23 preparing build cache for export 3.1s done
2026-07-26T02:05:16.5746866Z #23 sending cache export
2026-07-26T02:05:16.7461423Z #23 writing layer sha256:0aa6db834649082ea8d86f41789fce403a69c18bcec5994ceaf0ed4474563c7d
2026-07-26T02:05:17.7981306Z #23 ...
2026-07-26T02:05:17.7981632Z 
2026-07-26T02:05:17.7981828Z #21 exporting to image
2026-07-26T02:05:17.7982369Z #21 pushing layers 0.1s done
2026-07-26T02:05:17.7983293Z #21 pushing manifest for ghcr.io/pkinerd/ednsv:pr-28@sha256:bd55bda1f19e3369c3b7902dc174538823c14607c49eb11230306a7ae84244f4 1.0s done
2026-07-26T02:05:17.7984814Z #21 pushing manifest for ghcr.io/pkinerd/ednsv:latest-any@sha256:bd55bda1f19e3369c3b7902dc174538823c14607c49eb11230306a7ae84244f4 0.4s done
2026-07-26T02:05:17.7986296Z #21 pushing manifest for ghcr.io/pkinerd/ednsv:sha-fba6ab4@sha256:bd55bda1f19e3369c3b7902dc174538823c14607c49eb11230306a7ae84244f4 0.4s done
2026-07-26T02:05:17.7987248Z #21 DONE 4.6s
2026-07-26T02:05:17.9060468Z 
2026-07-26T02:05:17.9061601Z #23 exporting to GitHub Actions Cache
2026-07-26T02:05:17.9063244Z #23 writing layer sha256:0aa6db834649082ea8d86f41789fce403a69c18bcec5994ceaf0ed4474563c7d 1.3s done
2026-07-26T02:05:18.0547462Z #23 writing layer sha256:28c4c35438e19b5f15ac2e6d0c4de9d0372b2485480973eb0da8558ad6eda06a 0.1s done
2026-07-26T02:05:18.1553645Z #23 writing layer sha256:30a13c38083b6617b9701d16db3db957591d7d40742407e7c85fdea6d9fc6bdb 0.1s done
2026-07-26T02:05:18.3230555Z #23 writing layer sha256:34eabb9d45bfc2a02673ee3778040c44b0f3b59facbbf51f9c367482821ce92f
2026-07-26T02:05:24.6812491Z #23 writing layer sha256:34eabb9d45bfc2a02673ee3778040c44b0f3b59facbbf51f9c367482821ce92f 6.5s done
2026-07-26T02:05:24.7897063Z #23 writing layer sha256:4afec8b5a48bb14028a2111abd144794fb4f088154db49009be3c5833f922deb 0.1s done
2026-07-26T02:05:24.9151871Z #23 writing layer sha256:4d015ec68eada998a41dff557e9be9876100aacfd3adb78c32cccfb1faac8a40 0.1s done
2026-07-26T02:05:25.0827747Z #23 writing layer sha256:597c6c618d36213af657a6a8444a5d87801f9a219682b206ad21ccb8f3e57bbd
2026-07-26T02:05:26.0415831Z #23 writing layer sha256:597c6c618d36213af657a6a8444a5d87801f9a219682b206ad21ccb8f3e57bbd 1.1s done
2026-07-26T02:05:26.1457272Z #23 writing layer sha256:704a261d6a0df1be6f054161284fc14ac0eaa21ceb629676ee3d0dd8ec908988 0.1s done
2026-07-26T02:05:26.3179752Z #23 writing layer sha256:77e3e8465ccd88a7ab4380ed823b77769274a8d0cd50332315a6e6884eeb185b
2026-07-26T02:05:27.3820951Z #23 writing layer sha256:77e3e8465ccd88a7ab4380ed823b77769274a8d0cd50332315a6e6884eeb185b 1.2s done
2026-07-26T02:05:27.5499220Z #23 writing layer sha256:7c7616ad766245be8807f1899bc25fa05f61c48f8079fa36c964d481853af380
2026-07-26T02:05:29.9725066Z #23 writing layer sha256:7c7616ad766245be8807f1899bc25fa05f61c48f8079fa36c964d481853af380 2.6s done
2026-07-26T02:05:30.1325687Z #23 writing layer sha256:89f057fbd63d49c61fb415af2773f20380c76d858a5dc95dcdcd0ac198854624 0.1s done
2026-07-26T02:05:30.2996770Z #23 writing layer sha256:993b1a5b9814eb890928e53aa844227cd48d62a552cce9d9723401d3f323d7df
2026-07-26T02:05:30.6963841Z #23 writing layer sha256:993b1a5b9814eb890928e53aa844227cd48d62a552cce9d9723401d3f323d7df 0.5s done
2026-07-26T02:05:30.8649894Z #23 writing layer sha256:aaea65f9d3756e15614c6efe86e2006b8fe74af0af07faefdcb6e6001dd705fc
2026-07-26T02:05:31.4995149Z #23 writing layer sha256:aaea65f9d3756e15614c6efe86e2006b8fe74af0af07faefdcb6e6001dd705fc 0.8s done
2026-07-26T02:05:31.5998405Z #23 writing layer sha256:b450eb4b61483e158bba71e0972774dca3356aaccf083b4de394756826786dc3 0.1s done
2026-07-26T02:05:31.7692483Z #23 writing layer sha256:bcbf93830adb69dda1050c229181e9d0bbcd138e40c83062cfd41f7a8d79b4c7
2026-07-26T02:05:32.5013828Z #23 writing layer sha256:bcbf93830adb69dda1050c229181e9d0bbcd138e40c83062cfd41f7a8d79b4c7 0.9s done
2026-07-26T02:05:32.6689891Z #23 writing layer sha256:cbc092c653457044f8ba822e96dcd354433b0ef9cb8d4933c1ea6f09b9f66ddd
2026-07-26T02:05:32.6806204Z #23 writing layer sha256:cbc092c653457044f8ba822e96dcd354433b0ef9cb8d4933c1ea6f09b9f66ddd 0.2s done
2026-07-26T02:05:32.8589646Z #23 writing layer sha256:d3368bee0e5434635bfad049b97e2dd51f314d42ce734af4cac231da46e59d81
2026-07-26T02:05:33.1566089Z #23 writing layer sha256:d3368bee0e5434635bfad049b97e2dd51f314d42ce734af4cac231da46e59d81 0.4s done
2026-07-26T02:05:33.2758386Z #23 writing layer sha256:ed43dda998e1a0c05efeddc9a24048ad8349ce02697b4db3061250e466b3a059 0.1s done
2026-07-26T02:05:33.3888980Z #23 writing layer sha256:fcca3853c4ee971acb70a3c57d782fc07a39bca42c90e55fb3e8cb1ad09f3179 0.1s done
2026-07-26T02:05:33.4910457Z #23 sending cache export 16.9s done
2026-07-26T02:05:33.4911515Z #23 DONE 20.0s
2026-07-26T02:05:33.5266913Z 
2026-07-26T02:05:33.5267617Z #24 resolving provenance for metadata file
2026-07-26T02:05:33.5268095Z #24 DONE 0.0s
2026-07-26T02:05:33.5372680Z ##[group]ImageID
2026-07-26T02:05:33.5373409Z sha256:bd55bda1f19e3369c3b7902dc174538823c14607c49eb11230306a7ae84244f4
2026-07-26T02:05:33.5375696Z ##[endgroup]
2026-07-26T02:05:33.5376279Z ##[group]Digest
2026-07-26T02:05:33.5377471Z sha256:bd55bda1f19e3369c3b7902dc174538823c14607c49eb11230306a7ae84244f4
2026-07-26T02:05:33.5378255Z ##[endgroup]
2026-07-26T02:05:33.5378584Z ##[group]Metadata
2026-07-26T02:05:33.5378939Z {
2026-07-26T02:05:33.5379777Z   "buildx.build.provenance": {
2026-07-26T02:05:33.5380495Z     "builder": {
2026-07-26T02:05:33.5380936Z       "id": "https://github.com/pkinerd/ednsv/actions/runs/30183923343/attempts/1"
2026-07-26T02:05:33.5381478Z     },
2026-07-26T02:05:33.5381914Z     "buildType": "https://mobyproject.org/buildkit@v1",
2026-07-26T02:05:33.5382423Z     "materials": [
2026-07-26T02:05:33.5382729Z       {
2026-07-26T02:05:33.5383196Z         "uri": "pkg:docker/docker/dockerfile@1.7",
2026-07-26T02:05:33.5383865Z         "digest": {
2026-07-26T02:05:33.5384529Z           "sha256": "a57df69d0ea827fb7266491f2813635de6f17269be881f696fbfdf2d83dda33e"
2026-07-26T02:05:33.5385274Z         }
2026-07-26T02:05:33.5385621Z       },
2026-07-26T02:05:33.5385928Z       {
2026-07-26T02:05:33.5386478Z         "uri": "pkg:docker/mcr.microsoft.com/dotnet/aspnet@8.0?platform=linux%2Famd64",
2026-07-26T02:05:33.5387204Z         "digest": {
2026-07-26T02:05:33.5387816Z           "sha256": "8f6a307ae32fb393a4b4bcde0a81f0ce3f0a715de0e5575df71f3030448f2dde"
2026-07-26T02:05:33.5388477Z         }
2026-07-26T02:05:33.5388768Z       },
2026-07-26T02:05:33.5389039Z       {
2026-07-26T02:05:33.5389828Z         "uri": "pkg:docker/mcr.microsoft.com/dotnet/sdk@8.0?platform=linux%2Famd64",
2026-07-26T02:05:33.5390453Z         "digest": {
2026-07-26T02:05:33.5391010Z           "sha256": "3c0edbfe1549dd93fb789dc96299a40df865ad7bffefcaf38e8c05940686d641"
2026-07-26T02:05:33.5391707Z         }
2026-07-26T02:05:33.5391995Z       }
2026-07-26T02:05:33.5392427Z     ],
2026-07-26T02:05:33.5392714Z     "invocation": {
2026-07-26T02:05:33.5393045Z       "configSource": {
2026-07-26T02:05:33.5393446Z         "entryPoint": "Dockerfile"
2026-07-26T02:05:33.5393829Z       },
2026-07-26T02:05:33.5394144Z       "parameters": {
2026-07-26T02:05:33.5394503Z         "frontend": "gateway.v0",
2026-07-26T02:05:33.5394881Z         "args": {
2026-07-26T02:05:33.5395257Z           "cmdline": "docker/dockerfile:1.7",
2026-07-26T02:05:33.5395915Z           "label:org.opencontainers.image.created": "2026-07-26T02:04:54.193Z",
2026-07-26T02:05:33.5396649Z           "label:org.opencontainers.image.description": "",
2026-07-26T02:05:33.5397251Z           "label:org.opencontainers.image.licenses": "",
2026-07-26T02:05:33.5398087Z           "label:org.opencontainers.image.revision": "fba6ab4bdeb7db8be6d547f6feec73822ac280c0",
2026-07-26T02:05:33.5399086Z           "label:org.opencontainers.image.source": "https://github.com/pkinerd/ednsv",
2026-07-26T02:05:33.5400117Z           "label:org.opencontainers.image.title": "ednsv",
2026-07-26T02:05:33.5400845Z           "label:org.opencontainers.image.url": "https://github.com/pkinerd/ednsv",
2026-07-26T02:05:33.5401601Z           "label:org.opencontainers.image.version": "pr-28",
2026-07-26T02:05:33.5402135Z           "source": "docker/dockerfile:1.7"
2026-07-26T02:05:33.5402566Z         },
2026-07-26T02:05:33.5402855Z         "locals": [
2026-07-26T02:05:33.5403164Z           {
2026-07-26T02:05:33.5403453Z             "name": "context"
2026-07-26T02:05:33.5403801Z           },
2026-07-26T02:05:33.5404090Z           {
2026-07-26T02:05:33.5404385Z             "name": "dockerfile"
2026-07-26T02:05:33.5404704Z           }
2026-07-26T02:05:33.5404867Z         ],
2026-07-26T02:05:33.5405037Z         "root": {
2026-07-26T02:05:33.5405227Z           "configSource": {
2026-07-26T02:05:33.5405445Z             "path": "Dockerfile"
2026-07-26T02:05:33.5405660Z           },
2026-07-26T02:05:33.5405831Z           "request": {
2026-07-26T02:05:33.5406021Z             "args": {
2026-07-26T02:05:33.5406327Z               "label:org.opencontainers.image.created": "2026-07-26T02:04:54.193Z",
2026-07-26T02:05:33.5406755Z               "label:org.opencontainers.image.description": "",
2026-07-26T02:05:33.5407118Z               "label:org.opencontainers.image.licenses": "",
2026-07-26T02:05:33.5407826Z               "label:org.opencontainers.image.revision": "fba6ab4bdeb7db8be6d547f6feec73822ac280c0",
2026-07-26T02:05:33.5408406Z               "label:org.opencontainers.image.source": "https://github.com/pkinerd/ednsv",
2026-07-26T02:05:33.5408977Z               "label:org.opencontainers.image.title": "ednsv",
2026-07-26T02:05:33.5410034Z               "label:org.opencontainers.image.url": "https://github.com/pkinerd/ednsv",
2026-07-26T02:05:33.5410510Z               "label:org.opencontainers.image.version": "pr-28",
2026-07-26T02:05:33.5410837Z               "vcs:localdir:context": ".",
2026-07-26T02:05:33.5411111Z               "vcs:localdir:dockerfile": ".",
2026-07-26T02:05:33.5411450Z               "vcs:revision": "fba6ab4bdeb7db8be6d547f6feec73822ac280c0",
2026-07-26T02:05:33.5411836Z               "vcs:source": "https://github.com/pkinerd/ednsv"
2026-07-26T02:05:33.5412125Z             }
2026-07-26T02:05:33.5412296Z           }
2026-07-26T02:05:33.5412469Z         },
2026-07-26T02:05:33.5412658Z         "compatibilityVersion": 30
2026-07-26T02:05:33.5412887Z       },
2026-07-26T02:05:33.5413058Z       "environment": {
2026-07-26T02:05:33.5413285Z         "github_actor": "pkinerd",
2026-07-26T02:05:33.5413539Z         "github_actor_id": "169779439",
2026-07-26T02:05:33.5413807Z         "github_event_name": "pull_request",
2026-07-26T02:05:33.5414078Z         "github_event_payload": {
2026-07-26T02:05:33.5414318Z           "action": "opened",
2026-07-26T02:05:33.5414538Z           "number": 28,
2026-07-26T02:05:33.5414745Z           "pull_request": {
2026-07-26T02:05:33.5414955Z             "_links": {
2026-07-26T02:05:33.5415158Z               "comments": {
2026-07-26T02:05:33.5415487Z                 "href": "https://api.github.com/repos/pkinerd/ednsv/issues/28/comments"
2026-07-26T02:05:33.5415846Z               },
2026-07-26T02:05:33.5416033Z               "commits": {
2026-07-26T02:05:33.5416351Z                 "href": "https://api.github.com/repos/pkinerd/ednsv/pulls/28/commits"
2026-07-26T02:05:33.5416705Z               },
2026-07-26T02:05:33.5416882Z               "html": {
2026-07-26T02:05:33.5417131Z                 "href": "https://github.com/pkinerd/ednsv/pull/28"
2026-07-26T02:05:33.5417427Z               },
2026-07-26T02:05:33.5417610Z               "issue": {
2026-07-26T02:05:33.5417906Z                 "href": "https://api.github.com/repos/pkinerd/ednsv/issues/28"
2026-07-26T02:05:33.5418234Z               },
2026-07-26T02:05:33.5418421Z               "review_comment": {
2026-07-26T02:05:33.5418778Z                 "href": "https://api.github.com/repos/pkinerd/ednsv/pulls/comments{/number}"
2026-07-26T02:05:33.5419400Z               },
2026-07-26T02:05:33.5419690Z               "review_comments": {
2026-07-26T02:05:33.5420031Z                 "href": "https://api.github.com/repos/pkinerd/ednsv/pulls/28/comments"
2026-07-26T02:05:33.5420379Z               },
2026-07-26T02:05:33.5420551Z               "self": {
2026-07-26T02:05:33.5420831Z                 "href": "https://api.github.com/repos/pkinerd/ednsv/pulls/28"
2026-07-26T02:05:33.5421161Z               },
2026-07-26T02:05:33.5421340Z               "statuses": {
2026-07-26T02:05:33.5421778Z                 "href": "https://api.github.com/repos/pkinerd/ednsv/statuses/8a838e09f8521e2d4f27b74e6f91e8ad08dae53b"
2026-07-26T02:05:33.5422242Z               }
2026-07-26T02:05:33.5422413Z             },
2026-07-26T02:05:33.5422603Z             "active_lock_reason": null,
2026-07-26T02:05:33.5422860Z             "additions": 5948,
2026-07-26T02:05:33.5423083Z             "assignee": null,
2026-07-26T02:05:33.5423351Z             "assignees": [],
2026-07-26T02:05:33.5423583Z             "author_association": "OWNER",
2026-07-26T02:05:33.5423835Z             "auto_merge": null,
2026-07-26T02:05:33.5424050Z             "base": {
2026-07-26T02:05:33.5424282Z               "label": "pkinerd:main",
2026-07-26T02:05:33.5424543Z               "ref": "main",
2026-07-26T02:05:33.5424767Z               "repo": {
2026-07-26T02:05:33.5425158Z                 "allow_auto_merge": false,
2026-07-26T02:05:33.5425412Z                 "allow_forking": true,
2026-07-26T02:05:33.5425658Z                 "allow_merge_commit": true,
2026-07-26T02:05:33.5425970Z                 "allow_rebase_merge": true,
2026-07-26T02:05:33.5426414Z                 "allow_squash_merge": true,
2026-07-26T02:05:33.5426704Z                 "allow_update_branch": false,
2026-07-26T02:05:33.5427146Z                 "archive_url": "https://api.github.com/repos/pkinerd/ednsv/{archive_format}{/ref}",
2026-07-26T02:05:33.5427603Z                 "archived": false,
2026-07-26T02:05:33.5427996Z                 "assignees_url": "https://api.github.com/repos/pkinerd/ednsv/assignees{/user}",
2026-07-26T02:05:33.5428552Z                 "blobs_url": "https://api.github.com/repos/pkinerd/ednsv/git/blobs{/sha}",
2026-07-26T02:05:33.5429082Z                 "branches_url": "https://api.github.com/repos/pkinerd/ednsv/branches{/branch}",
2026-07-26T02:05:33.5430012Z                 "clone_url": "https://github.com/pkinerd/ednsv.git",
2026-07-26T02:05:33.5430597Z                 "collaborators_url": "https://api.github.com/repos/pkinerd/ednsv/collaborators{/collaborator}",
2026-07-26T02:05:33.5431250Z                 "comments_url": "https://api.github.com/repos/pkinerd/ednsv/comments{/number}",
2026-07-26T02:05:33.5431766Z                 "commits_url": "https://api.github.com/repos/pkinerd/ednsv/commits{/sha}",
2026-07-26T02:05:33.5432312Z                 "compare_url": "https://api.github.com/repos/pkinerd/ednsv/compare/{base}...{head}",
2026-07-26T02:05:33.5432859Z                 "contents_url": "https://api.github.com/repos/pkinerd/ednsv/contents/{+path}",
2026-07-26T02:05:33.5433442Z                 "contributors_url": "https://api.github.com/repos/pkinerd/ednsv/contributors",
2026-07-26T02:05:33.5433958Z                 "created_at": "2026-03-30T21:24:40Z",
2026-07-26T02:05:33.5434296Z                 "default_branch": "main",
2026-07-26T02:05:33.5434635Z                 "delete_branch_on_merge": false,
2026-07-26T02:05:33.5435089Z                 "deployments_url": "https://api.github.com/repos/pkinerd/ednsv/deployments",
2026-07-26T02:05:33.5435529Z                 "description": null,
2026-07-26T02:05:33.5435789Z                 "disabled": false,
2026-07-26T02:05:33.5436192Z                 "downloads_url": "https://api.github.com/repos/pkinerd/ednsv/downloads",
2026-07-26T02:05:33.5436725Z                 "events_url": "https://api.github.com/repos/pkinerd/ednsv/events",
2026-07-26T02:05:33.5437149Z                 "fork": false,
2026-07-26T02:05:33.5437386Z                 "forks": 0,
2026-07-26T02:05:33.5437622Z                 "forks_count": 0,
2026-07-26T02:05:33.5437963Z                 "forks_url": "https://api.github.com/repos/pkinerd/ednsv/forks",
2026-07-26T02:05:33.5438357Z                 "full_name": "pkinerd/ednsv",
2026-07-26T02:05:33.5438780Z                 "git_commits_url": "https://api.github.com/repos/pkinerd/ednsv/git/commits{/sha}",
2026-07-26T02:05:33.5439683Z                 "git_refs_url": "https://api.github.com/repos/pkinerd/ednsv/git/refs{/sha}",
2026-07-26T02:05:33.5440228Z                 "git_tags_url": "https://api.github.com/repos/pkinerd/ednsv/git/tags{/sha}",
2026-07-26T02:05:33.5440688Z                 "git_url": "git://github.com/pkinerd/ednsv.git",
2026-07-26T02:05:33.5441023Z                 "has_discussions": false,
2026-07-26T02:05:33.5441315Z                 "has_downloads": false,
2026-07-26T02:05:33.5441581Z                 "has_issues": true,
2026-07-26T02:05:33.5441826Z                 "has_pages": false,
2026-07-26T02:05:33.5442085Z                 "has_projects": true,
2026-07-26T02:05:33.5442355Z                 "has_pull_requests": true,
2026-07-26T02:05:33.5442627Z                 "has_wiki": true,
2026-07-26T02:05:33.5442875Z                 "homepage": null,
2026-07-26T02:05:33.5443214Z                 "hooks_url": "https://api.github.com/repos/pkinerd/ednsv/hooks",
2026-07-26T02:05:33.5443634Z                 "html_url": "https://github.com/pkinerd/ednsv",
2026-07-26T02:05:33.5444150Z                 "id": 1196602452,
2026-07-26T02:05:33.5444401Z                 "is_template": false,
2026-07-26T02:05:33.5444981Z                 "issue_comment_url": "https://api.github.com/repos/pkinerd/ednsv/issues/comments{/number}",
2026-07-26T02:05:33.5445635Z                 "issue_events_url": "https://api.github.com/repos/pkinerd/ednsv/issues/events{/number}",
2026-07-26T02:05:33.5446219Z                 "issues_url": "https://api.github.com/repos/pkinerd/ednsv/issues{/number}",
2026-07-26T02:05:33.5446754Z                 "keys_url": "https://api.github.com/repos/pkinerd/ednsv/keys{/key_id}",
2026-07-26T02:05:33.5447257Z                 "labels_url": "https://api.github.com/repos/pkinerd/ednsv/labels{/name}",
2026-07-26T02:05:33.5447668Z                 "language": "C#",
2026-07-26T02:05:33.5448028Z                 "languages_url": "https://api.github.com/repos/pkinerd/ednsv/languages",
2026-07-26T02:05:33.5448433Z                 "license": null,
2026-07-26T02:05:33.5448692Z                 "merge_commit_message": "PR_TITLE",
2026-07-26T02:05:33.5449005Z                 "merge_commit_title": "MERGE_MESSAGE",
2026-07-26T02:05:33.5449742Z                 "merges_url": "https://api.github.com/repos/pkinerd/ednsv/merges",
2026-07-26T02:05:33.5450304Z                 "milestones_url": "https://api.github.com/repos/pkinerd/ednsv/milestones{/number}",
2026-07-26T02:05:33.5450758Z                 "mirror_url": null,
2026-07-26T02:05:33.5451035Z                 "name": "ednsv",
2026-07-26T02:05:33.5451288Z                 "node_id": "R_kgDOR1K0VA",
2026-07-26T02:05:33.5451821Z                 "notifications_url": "https://api.github.com/repos/pkinerd/ednsv/notifications{?since,all,participating}",
2026-07-26T02:05:33.5452362Z                 "open_issues": 1,
2026-07-26T02:05:33.5452614Z                 "open_issues_count": 1,
2026-07-26T02:05:33.5452871Z                 "owner": {
2026-07-26T02:05:33.5453219Z                   "avatar_url": "https://avatars.githubusercontent.com/u/169779439?v=4",
2026-07-26T02:05:33.5453736Z                   "events_url": "https://api.github.com/users/pkinerd/events{/privacy}",
2026-07-26T02:05:33.5454247Z                   "followers_url": "https://api.github.com/users/pkinerd/followers",
2026-07-26T02:05:33.5454787Z                   "following_url": "https://api.github.com/users/pkinerd/following{/other_user}",
2026-07-26T02:05:33.5455322Z                   "gists_url": "https://api.github.com/users/pkinerd/gists{/gist_id}",
2026-07-26T02:05:33.5455707Z                   "gravatar_id": "",
2026-07-26T02:05:33.5456005Z                   "html_url": "https://github.com/pkinerd",
2026-07-26T02:05:33.5456314Z                   "id": 169779439,
2026-07-26T02:05:33.5456572Z                   "login": "pkinerd",
2026-07-26T02:05:33.5456841Z                   "node_id": "U_kgDOCh6g7w",
2026-07-26T02:05:33.5457225Z                   "organizations_url": "https://api.github.com/users/pkinerd/orgs",
2026-07-26T02:05:33.5457773Z                   "received_events_url": "https://api.github.com/users/pkinerd/received_events",
2026-07-26T02:05:33.5458288Z                   "repos_url": "https://api.github.com/users/pkinerd/repos",
2026-07-26T02:05:33.5458648Z                   "site_admin": false,
2026-07-26T02:05:33.5459070Z                   "starred_url": "https://api.github.com/users/pkinerd/starred{/owner}{/repo}",
2026-07-26T02:05:33.5459953Z                   "subscriptions_url": "https://api.github.com/users/pkinerd/subscriptions",
2026-07-26T02:05:33.5460382Z                   "type": "User",
2026-07-26T02:05:33.5460679Z                   "url": "https://api.github.com/users/pkinerd",
2026-07-26T02:05:33.5461008Z                   "user_view_type": "public"
2026-07-26T02:05:33.5461274Z                 },
2026-07-26T02:05:33.5461486Z                 "private": false,
2026-07-26T02:05:33.5461760Z                 "pull_request_creation_policy": "all",
2026-07-26T02:05:33.5462181Z                 "pulls_url": "https://api.github.com/repos/pkinerd/ednsv/pulls{/number}",
2026-07-26T02:05:33.5462786Z                 "pushed_at": "2026-07-26T01:39:55Z",
2026-07-26T02:05:33.5463222Z                 "releases_url": "https://api.github.com/repos/pkinerd/ednsv/releases{/id}",
2026-07-26T02:05:33.5463767Z                 "size": 34791,
2026-07-26T02:05:33.5464068Z                 "squash_merge_commit_message": "COMMIT_MESSAGES",
2026-07-26T02:05:33.5464491Z                 "squash_merge_commit_title": "COMMIT_OR_PR_TITLE",
2026-07-26T02:05:33.5464845Z                 "ssh_url": "git@github.com:pkinerd/ednsv.git",
2026-07-26T02:05:33.5465138Z                 "stargazers_count": 0,
2026-07-26T02:05:33.5465528Z                 "stargazers_url": "https://api.github.com/repos/pkinerd/ednsv/stargazers",
2026-07-26T02:05:33.5466037Z                 "statuses_url": "https://api.github.com/repos/pkinerd/ednsv/statuses/{sha}",
2026-07-26T02:05:33.5466567Z                 "subscribers_url": "https://api.github.com/repos/pkinerd/ednsv/subscribers",
2026-07-26T02:05:33.5467115Z                 "subscription_url": "https://api.github.com/repos/pkinerd/ednsv/subscription",
2026-07-26T02:05:33.5467550Z                 "svn_url": "https://github.com/pkinerd/ednsv",
2026-07-26T02:05:33.5468045Z                 "tags_url": "https://api.github.com/repos/pkinerd/ednsv/tags",
2026-07-26T02:05:33.5468817Z                 "teams_url": "https://api.github.com/repos/pkinerd/ednsv/teams",
2026-07-26T02:05:33.5469565Z                 "topics": [],
2026-07-26T02:05:33.5470207Z                 "trees_url": "https://api.github.com/repos/pkinerd/ednsv/git/trees{/sha}",
2026-07-26T02:05:33.5470876Z                 "updated_at": "2026-07-24T14:18:46Z",
2026-07-26T02:05:33.5471240Z                 "url": "https://api.github.com/repos/pkinerd/ednsv",
2026-07-26T02:05:33.5471686Z                 "use_squash_pr_title_as_default": false,
2026-07-26T02:05:33.5472136Z                 "visibility": "public",
2026-07-26T02:05:33.5472576Z                 "watchers": 0,
2026-07-26T02:05:33.5472960Z                 "watchers_count": 0,
2026-07-26T02:05:33.5473367Z                 "web_commit_signoff_required": false
2026-07-26T02:05:33.5473632Z               },
2026-07-26T02:05:33.5473866Z               "sha": "0907a58f50a6c98d23ae466ed31c3a0c15264622",
2026-07-26T02:05:33.5474163Z               "user": {
2026-07-26T02:05:33.5474485Z                 "avatar_url": "https://avatars.githubusercontent.com/u/169779439?v=4",
2026-07-26T02:05:33.5474970Z                 "events_url": "https://api.github.com/users/pkinerd/events{/privacy}",
2026-07-26T02:05:33.5475444Z                 "followers_url": "https://api.github.com/users/pkinerd/followers",
2026-07-26T02:05:33.5475935Z                 "following_url": "https://api.github.com/users/pkinerd/following{/other_user}",
2026-07-26T02:05:33.5476428Z                 "gists_url": "https://api.github.com/users/pkinerd/gists{/gist_id}",
2026-07-26T02:05:33.5476783Z                 "gravatar_id": "",
2026-07-26T02:05:33.5477075Z                 "html_url": "https://github.com/pkinerd",
2026-07-26T02:05:33.5477367Z                 "id": 169779439,
2026-07-26T02:05:33.5477596Z                 "login": "pkinerd",
2026-07-26T02:05:33.5477843Z                 "node_id": "U_kgDOCh6g7w",
2026-07-26T02:05:33.5478207Z                 "organizations_url": "https://api.github.com/users/pkinerd/orgs",
2026-07-26T02:05:33.5478761Z                 "received_events_url": "https://api.github.com/users/pkinerd/received_events",
2026-07-26T02:05:33.5479558Z                 "repos_url": "https://api.github.com/users/pkinerd/repos",
2026-07-26T02:05:33.5479912Z                 "site_admin": false,
2026-07-26T02:05:33.5480287Z                 "starred_url": "https://api.github.com/users/pkinerd/starred{/owner}{/repo}",
2026-07-26T02:05:33.5480801Z                 "subscriptions_url": "https://api.github.com/users/pkinerd/subscriptions",
2026-07-26T02:05:33.5481184Z                 "type": "User",
2026-07-26T02:05:33.5481451Z                 "url": "https://api.github.com/users/pkinerd",
2026-07-26T02:05:33.5482086Z                 "user_view_type": "public"
2026-07-26T02:05:33.5482330Z               }
2026-07-26T02:05:33.5482556Z             },
2026-07-26T02:05:33.5499551Z             "body": "Four defects in the same family — file writes that assume they are the\nonly writer, and a read that destroys data when it fails.\n\n1. Fixed temp-file paths. Six write sites built their scratch file as\n   \"<target>.tmp\": ConfigService (config.json, revision bodies, the\n   history index), AuthService (users.json) and DiskCacheService (the\n   eleven merge-saved cache files, domain-results.json). The rename is\n   atomic, but the scratch path is shared state — two writers (two\n   replicas on one mount, a CLI run alongside the web service) truncate\n   and interleave into it, after which one rename publishes the mixture\n   and the other throws FileNotFoundException because the temp has\n   already been moved away. In ConfigService and AuthService that\n   exception escapes a save request as a 500.\n\n   Adds AtomicFile, which writes through a per-write unique temp name,\n   removes its scratch file when a write fails, and sweeps orphans left\n   by a killed process. The sweep is age-gated so it cannot delete a\n   temp belonging to an in-flight write. Concurrent writers still race\n   to publish and the last rename wins — the callers already assume\n   that — but the target is now always exactly one writer's complete\n   payload.\n\n   DiskCacheService.Clear and the startup load sweep the new names as\n   well as the legacy fixed one.\n\n2. ConfigService.LoadOrSeed overwrote a live config on a transient read\n   error. Any failure to read or parse an existing config.json fell\n   through to the seed path, which writes to disk — so a momentary I/O\n   error or sharing violation silently replaced the operator's saved\n   settings with env-var defaults and recorded that as a revision. It\n   now throws ConfigUnreadableException and the web host fails closed\n   with a clear message. An empty file still seeds, since there is\n   nothing to lose.\n\n3. CacheManager.ClearAllAsync deleted the cache files without holding\n   the flusher's lock. A flush that had already sampled the in-memory\n   caches would finish writing them out after the delete, so an admin\n   cache-clear reported success and the stale entries reappeared on\n   disk. The delete now runs under the same semaphore as the flush.\n\n4. CacheManager.FlushAsync bypassed all serialisation when no\n   background flusher exists (CLI runs), leaving concurrent saves free\n   to interleave read-modify-write on each cache file. It now takes a\n   local lock.\n\nAdds AtomicFileTests and CacheManagerClearTests, and extends\nConfigServiceTests and DiskCacheClearTests. The two concurrency tests\nwere verified to fail against the old fixed-name implementation.\n\nCo-Authored-By: Claude Opus 5 <noreply@anthropic.com>\nClaude-Session: https://claude.ai/code/session_01611PR4pvQSGB1t9K3hNAwE",
2026-07-26T02:05:33.5534516Z             "changed_files": 46,
2026-07-26T02:05:33.5534985Z             "closed_at": null,
2026-07-26T02:05:33.5535376Z             "comments": 0,
2026-07-26T02:05:33.5536019Z             "comments_url": "https://api.github.com/repos/pkinerd/ednsv/issues/28/comments",
2026-07-26T02:05:33.5536685Z             "commits": 15,
2026-07-26T02:05:33.5537319Z             "commits_url": "https://api.github.com/repos/pkinerd/ednsv/pulls/28/commits",
2026-07-26T02:05:33.5538009Z             "created_at": "2026-07-26T02:03:41Z",
2026-07-26T02:05:33.5538427Z             "deletions": 777,
2026-07-26T02:05:33.5538916Z             "diff_url": "https://github.com/pkinerd/ednsv/pull/28.diff",
2026-07-26T02:05:33.5539732Z             "draft": false,
2026-07-26T02:05:33.5540110Z             "head": {
2026-07-26T02:05:33.5540600Z               "label": "pkinerd:claude/redis-dependency-removal-213elh",
2026-07-26T02:05:33.5541261Z               "ref": "claude/redis-dependency-removal-213elh",
2026-07-26T02:05:33.5541736Z               "repo": {
2026-07-26T02:05:33.5542233Z                 "allow_auto_merge": false,
2026-07-26T02:05:33.5542509Z                 "allow_forking": true,
2026-07-26T02:05:33.5542769Z                 "allow_merge_commit": true,
2026-07-26T02:05:33.5543033Z                 "allow_rebase_merge": true,
2026-07-26T02:05:33.5543412Z                 "allow_squash_merge": true,
2026-07-26T02:05:33.5543694Z                 "allow_update_branch": false,
2026-07-26T02:05:33.5544361Z                 "archive_url": "https://api.github.com/repos/pkinerd/ednsv/{archive_format}{/ref}",
2026-07-26T02:05:33.5545087Z                 "archived": false,
2026-07-26T02:05:33.5545491Z                 "assignees_url": "https://api.github.com/repos/pkinerd/ednsv/assignees{/user}",
2026-07-26T02:05:33.5546011Z                 "blobs_url": "https://api.github.com/repos/pkinerd/ednsv/git/blobs{/sha}",
2026-07-26T02:05:33.5546528Z                 "branches_url": "https://api.github.com/repos/pkinerd/ednsv/branches{/branch}",
2026-07-26T02:05:33.5546991Z                 "clone_url": "https://github.com/pkinerd/ednsv.git",
2026-07-26T02:05:33.5547523Z                 "collaborators_url": "https://api.github.com/repos/pkinerd/ednsv/collaborators{/collaborator}",
2026-07-26T02:05:33.5548125Z                 "comments_url": "https://api.github.com/repos/pkinerd/ednsv/comments{/number}",
2026-07-26T02:05:33.5548634Z                 "commits_url": "https://api.github.com/repos/pkinerd/ednsv/commits{/sha}",
2026-07-26T02:05:33.5549451Z                 "compare_url": "https://api.github.com/repos/pkinerd/ednsv/compare/{base}...{head}",
2026-07-26T02:05:33.5550278Z                 "contents_url": "https://api.github.com/repos/pkinerd/ednsv/contents/{+path}",
2026-07-26T02:05:33.5550860Z                 "contributors_url": "https://api.github.com/repos/pkinerd/ednsv/contributors",
2026-07-26T02:05:33.5551278Z                 "created_at": "2026-03-30T21:24:40Z",
2026-07-26T02:05:33.5551560Z                 "default_branch": "main",
2026-07-26T02:05:33.5551832Z                 "delete_branch_on_merge": false,
2026-07-26T02:05:33.5552247Z                 "deployments_url": "https://api.github.com/repos/pkinerd/ednsv/deployments",
2026-07-26T02:05:33.5552644Z                 "description": null,
2026-07-26T02:05:33.5552889Z                 "disabled": false,
2026-07-26T02:05:33.5553244Z                 "downloads_url": "https://api.github.com/repos/pkinerd/ednsv/downloads",
2026-07-26T02:05:33.5553716Z                 "events_url": "https://api.github.com/repos/pkinerd/ednsv/events",
2026-07-26T02:05:33.5554081Z                 "fork": false,
2026-07-26T02:05:33.5554307Z                 "forks": 0,
2026-07-26T02:05:33.5554530Z                 "forks_count": 0,
2026-07-26T02:05:33.5554857Z                 "forks_url": "https://api.github.com/repos/pkinerd/ednsv/forks",
2026-07-26T02:05:33.5555219Z                 "full_name": "pkinerd/ednsv",
2026-07-26T02:05:33.5555634Z                 "git_commits_url": "https://api.github.com/repos/pkinerd/ednsv/git/commits{/sha}",
2026-07-26T02:05:33.5556164Z                 "git_refs_url": "https://api.github.com/repos/pkinerd/ednsv/git/refs{/sha}",
2026-07-26T02:05:33.5556662Z                 "git_tags_url": "https://api.github.com/repos/pkinerd/ednsv/git/tags{/sha}",
2026-07-26T02:05:33.5557099Z                 "git_url": "git://github.com/pkinerd/ednsv.git",
2026-07-26T02:05:33.5557411Z                 "has_discussions": false,
2026-07-26T02:05:33.5557669Z                 "has_downloads": false,
2026-07-26T02:05:33.5557920Z                 "has_issues": true,
2026-07-26T02:05:33.5558152Z                 "has_pages": false,
2026-07-26T02:05:33.5558388Z                 "has_projects": true,
2026-07-26T02:05:33.5558636Z                 "has_pull_requests": true,
2026-07-26T02:05:33.5558889Z                 "has_wiki": true,
2026-07-26T02:05:33.5559351Z                 "homepage": null,
2026-07-26T02:05:33.5559848Z                 "hooks_url": "https://api.github.com/repos/pkinerd/ednsv/hooks",
2026-07-26T02:05:33.5560263Z                 "html_url": "https://github.com/pkinerd/ednsv",
2026-07-26T02:05:33.5560795Z                 "id": 1196602452,
2026-07-26T02:05:33.5561029Z                 "is_template": false,
2026-07-26T02:05:33.5561559Z                 "issue_comment_url": "https://api.github.com/repos/pkinerd/ednsv/issues/comments{/number}",
2026-07-26T02:05:33.5562169Z                 "issue_events_url": "https://api.github.com/repos/pkinerd/ednsv/issues/events{/number}",
2026-07-26T02:05:33.5562718Z                 "issues_url": "https://api.github.com/repos/pkinerd/ednsv/issues{/number}",
2026-07-26T02:05:33.5563221Z                 "keys_url": "https://api.github.com/repos/pkinerd/ednsv/keys{/key_id}",
2026-07-26T02:05:33.5563700Z                 "labels_url": "https://api.github.com/repos/pkinerd/ednsv/labels{/name}",
2026-07-26T02:05:33.5564073Z                 "language": "C#",
2026-07-26T02:05:33.5564417Z                 "languages_url": "https://api.github.com/repos/pkinerd/ednsv/languages",
2026-07-26T02:05:33.5564790Z                 "license": null,
2026-07-26T02:05:33.5565050Z                 "merge_commit_message": "PR_TITLE",
2026-07-26T02:05:33.5565346Z                 "merge_commit_title": "MERGE_MESSAGE",
2026-07-26T02:05:33.5565711Z                 "merges_url": "https://api.github.com/repos/pkinerd/ednsv/merges",
2026-07-26T02:05:33.5566218Z                 "milestones_url": "https://api.github.com/repos/pkinerd/ednsv/milestones{/number}",
2026-07-26T02:05:33.5566629Z                 "mirror_url": null,
2026-07-26T02:05:33.5566860Z                 "name": "ednsv",
2026-07-26T02:05:33.5567091Z                 "node_id": "R_kgDOR1K0VA",
2026-07-26T02:05:33.5567588Z                 "notifications_url": "https://api.github.com/repos/pkinerd/ednsv/notifications{?since,all,participating}",
2026-07-26T02:05:33.5568086Z                 "open_issues": 1,
2026-07-26T02:05:33.5568330Z                 "open_issues_count": 1,
2026-07-26T02:05:33.5568572Z                 "owner": {
2026-07-26T02:05:33.5568900Z                   "avatar_url": "https://avatars.githubusercontent.com/u/169779439?v=4",
2026-07-26T02:05:33.5569820Z                   "events_url": "https://api.github.com/users/pkinerd/events{/privacy}",
2026-07-26T02:05:33.5570349Z                   "followers_url": "https://api.github.com/users/pkinerd/followers",
2026-07-26T02:05:33.5570852Z                   "following_url": "https://api.github.com/users/pkinerd/following{/other_user}",
2026-07-26T02:05:33.5571349Z                   "gists_url": "https://api.github.com/users/pkinerd/gists{/gist_id}",
2026-07-26T02:05:33.5571711Z                   "gravatar_id": "",
2026-07-26T02:05:33.5571992Z                   "html_url": "https://github.com/pkinerd",
2026-07-26T02:05:33.5572281Z                   "id": 169779439,
2026-07-26T02:05:33.5572510Z                   "login": "pkinerd",
2026-07-26T02:05:33.5572759Z                   "node_id": "U_kgDOCh6g7w",
2026-07-26T02:05:33.5573117Z                   "organizations_url": "https://api.github.com/users/pkinerd/orgs",
2026-07-26T02:05:33.5573616Z                   "received_events_url": "https://api.github.com/users/pkinerd/received_events",
2026-07-26T02:05:33.5574090Z                   "repos_url": "https://api.github.com/users/pkinerd/repos",
2026-07-26T02:05:33.5574423Z                   "site_admin": false,
2026-07-26T02:05:33.5574801Z                   "starred_url": "https://api.github.com/users/pkinerd/starred{/owner}{/repo}",
2026-07-26T02:05:33.5575318Z                   "subscriptions_url": "https://api.github.com/users/pkinerd/subscriptions",
2026-07-26T02:05:33.5575701Z                   "type": "User",
2026-07-26T02:05:33.5575976Z                   "url": "https://api.github.com/users/pkinerd",
2026-07-26T02:05:33.5576283Z                   "user_view_type": "public"
2026-07-26T02:05:33.5576524Z                 },
2026-07-26T02:05:33.5576721Z                 "private": false,
2026-07-26T02:05:33.5576990Z                 "pull_request_creation_policy": "all",
2026-07-26T02:05:33.5577386Z                 "pulls_url": "https://api.github.com/repos/pkinerd/ednsv/pulls{/number}",
2026-07-26T02:05:33.5577943Z                 "pushed_at": "2026-07-26T01:39:55Z",
2026-07-26T02:05:33.5578346Z                 "releases_url": "https://api.github.com/repos/pkinerd/ednsv/releases{/id}",
2026-07-26T02:05:33.5578851Z                 "size": 34791,
2026-07-26T02:05:33.5579411Z                 "squash_merge_commit_message": "COMMIT_MESSAGES",
2026-07-26T02:05:33.5579857Z                 "squash_merge_commit_title": "COMMIT_OR_PR_TITLE",
2026-07-26T02:05:33.5580216Z                 "ssh_url": "git@github.com:pkinerd/ednsv.git",
2026-07-26T02:05:33.5580526Z                 "stargazers_count": 0,
2026-07-26T02:05:33.5580913Z                 "stargazers_url": "https://api.github.com/repos/pkinerd/ednsv/stargazers",
2026-07-26T02:05:33.5581426Z                 "statuses_url": "https://api.github.com/repos/pkinerd/ednsv/statuses/{sha}",
2026-07-26T02:05:33.5581946Z                 "subscribers_url": "https://api.github.com/repos/pkinerd/ednsv/subscribers",
2026-07-26T02:05:33.5582477Z                 "subscription_url": "https://api.github.com/repos/pkinerd/ednsv/subscription",
2026-07-26T02:05:33.5582916Z                 "svn_url": "https://github.com/pkinerd/ednsv",
2026-07-26T02:05:33.5583301Z                 "tags_url": "https://api.github.com/repos/pkinerd/ednsv/tags",
2026-07-26T02:05:33.5583737Z                 "teams_url": "https://api.github.com/repos/pkinerd/ednsv/teams",
2026-07-26T02:05:33.5584081Z                 "topics": [],
2026-07-26T02:05:33.5584424Z                 "trees_url": "https://api.github.com/repos/pkinerd/ednsv/git/trees{/sha}",
2026-07-26T02:05:33.5584828Z                 "updated_at": "2026-07-24T14:18:46Z",
2026-07-26T02:05:33.5585151Z                 "url": "https://api.github.com/repos/pkinerd/ednsv",
2026-07-26T02:05:33.5585492Z                 "use_squash_pr_title_as_default": false,
2026-07-26T02:05:33.5585786Z                 "visibility": "public",
2026-07-26T02:05:33.5586048Z                 "watchers": 0,
2026-07-26T02:05:33.5586298Z                 "watchers_count": 0,
2026-07-26T02:05:33.5586574Z                 "web_commit_signoff_required": false
2026-07-26T02:05:33.5586841Z               },
2026-07-26T02:05:33.5587083Z               "sha": "8a838e09f8521e2d4f27b74e6f91e8ad08dae53b",
2026-07-26T02:05:33.5587382Z               "user": {
2026-07-26T02:05:33.5587710Z                 "avatar_url": "https://avatars.githubusercontent.com/u/169779439?v=4",
2026-07-26T02:05:33.5588198Z                 "events_url": "https://api.github.com/users/pkinerd/events{/privacy}",
2026-07-26T02:05:33.5588678Z                 "followers_url": "https://api.github.com/users/pkinerd/followers",
2026-07-26T02:05:33.5589407Z                 "following_url": "https://api.github.com/users/pkinerd/following{/other_user}",
2026-07-26T02:05:33.5590068Z                 "gists_url": "https://api.github.com/users/pkinerd/gists{/gist_id}",
2026-07-26T02:05:33.5590435Z                 "gravatar_id": "",
2026-07-26T02:05:33.5590715Z                 "html_url": "https://github.com/pkinerd",
2026-07-26T02:05:33.5591005Z                 "id": 169779439,
2026-07-26T02:05:33.5591233Z                 "login": "pkinerd",
2026-07-26T02:05:33.5591479Z                 "node_id": "U_kgDOCh6g7w",
2026-07-26T02:05:33.5591839Z                 "organizations_url": "https://api.github.com/users/pkinerd/orgs",
2026-07-26T02:05:33.5592336Z                 "received_events_url": "https://api.github.com/users/pkinerd/received_events",
2026-07-26T02:05:33.5592801Z                 "repos_url": "https://api.github.com/users/pkinerd/repos",
2026-07-26T02:05:33.5593140Z                 "site_admin": false,
2026-07-26T02:05:33.5593509Z                 "starred_url": "https://api.github.com/users/pkinerd/starred{/owner}{/repo}",
2026-07-26T02:05:33.5594026Z                 "subscriptions_url": "https://api.github.com/users/pkinerd/subscriptions",
2026-07-26T02:05:33.5594407Z                 "type": "User",
2026-07-26T02:05:33.5594678Z                 "url": "https://api.github.com/users/pkinerd",
2026-07-26T02:05:33.5595151Z                 "user_view_type": "public"
2026-07-26T02:05:33.5595399Z               }
2026-07-26T02:05:33.5595579Z             },
2026-07-26T02:05:33.5595826Z             "html_url": "https://github.com/pkinerd/ednsv/pull/28",
2026-07-26T02:05:33.5596248Z             "id": 4134707627,
2026-07-26T02:05:33.5596572Z             "issue_url": "https://api.github.com/repos/pkinerd/ednsv/issues/28",
2026-07-26T02:05:33.5596919Z             "labels": [],
2026-07-26T02:05:33.5597128Z             "locked": false,
2026-07-26T02:05:33.5597361Z             "maintainer_can_modify": false,
2026-07-26T02:05:33.5597639Z             "merge_commit_sha": null,
2026-07-26T02:05:33.5597888Z             "mergeable": null,
2026-07-26T02:05:33.5598118Z             "mergeable_state": "unknown",
2026-07-26T02:05:33.5598366Z             "merged": false,
2026-07-26T02:05:33.5598582Z             "merged_at": null,
2026-07-26T02:05:33.5598794Z             "merged_by": null,
2026-07-26T02:05:33.5599018Z             "milestone": null,
2026-07-26T02:05:33.5599634Z             "node_id": "PR_kwDOR1K0VM72cqGr",
2026-07-26T02:05:33.5599911Z             "number": 28,
2026-07-26T02:05:33.5600211Z             "patch_url": "https://github.com/pkinerd/ednsv/pull/28.patch",
2026-07-26T02:05:33.5600562Z             "rebaseable": null,
2026-07-26T02:05:33.5600797Z             "requested_reviewers": [],
2026-07-26T02:05:33.5601044Z             "requested_teams": [],
2026-07-26T02:05:33.5601455Z             "review_comment_url": "https://api.github.com/repos/pkinerd/ednsv/pulls/comments{/number}",
2026-07-26T02:05:33.5601903Z             "review_comments": 0,
2026-07-26T02:05:33.5602303Z             "review_comments_url": "https://api.github.com/repos/pkinerd/ednsv/pulls/28/comments",
2026-07-26T02:05:33.5602729Z             "state": "open",
2026-07-26T02:05:33.5603200Z             "statuses_url": "https://api.github.com/repos/pkinerd/ednsv/statuses/8a838e09f8521e2d4f27b74e6f91e8ad08dae53b",
2026-07-26T02:05:33.5603844Z             "title": "Fix unguarded concurrent file access in config, auth and disk cache",
2026-07-26T02:05:33.5604248Z             "updated_at": "2026-07-26T02:03:41Z",
2026-07-26T02:05:33.5604588Z             "url": "https://api.github.com/repos/pkinerd/ednsv/pulls/28",
2026-07-26T02:05:33.5604918Z             "user": {
2026-07-26T02:05:33.5605236Z               "avatar_url": "https://avatars.githubusercontent.com/u/169779439?v=4",
2026-07-26T02:05:33.5605709Z               "events_url": "https://api.github.com/users/pkinerd/events{/privacy}",
2026-07-26T02:05:33.5606169Z               "followers_url": "https://api.github.com/users/pkinerd/followers",
2026-07-26T02:05:33.5606660Z               "following_url": "https://api.github.com/users/pkinerd/following{/other_user}",
2026-07-26T02:05:33.5607150Z               "gists_url": "https://api.github.com/users/pkinerd/gists{/gist_id}",
2026-07-26T02:05:33.5607503Z               "gravatar_id": "",
2026-07-26T02:05:33.5607768Z               "html_url": "https://github.com/pkinerd",
2026-07-26T02:05:33.5608053Z               "id": 169779439,
2026-07-26T02:05:33.5608281Z               "login": "pkinerd",
2026-07-26T02:05:33.5608522Z               "node_id": "U_kgDOCh6g7w",
2026-07-26T02:05:33.5608881Z               "organizations_url": "https://api.github.com/users/pkinerd/orgs",
2026-07-26T02:05:33.5609641Z               "received_events_url": "https://api.github.com/users/pkinerd/received_events",
2026-07-26T02:05:33.5610115Z               "repos_url": "https://api.github.com/users/pkinerd/repos",
2026-07-26T02:05:33.5610445Z               "site_admin": false,
2026-07-26T02:05:33.5610811Z               "starred_url": "https://api.github.com/users/pkinerd/starred{/owner}{/repo}",
2026-07-26T02:05:33.5611324Z               "subscriptions_url": "https://api.github.com/users/pkinerd/subscriptions",
2026-07-26T02:05:33.5611709Z               "type": "User",
2026-07-26T02:05:33.5611984Z               "url": "https://api.github.com/users/pkinerd",
2026-07-26T02:05:33.5612451Z               "user_view_type": "public"
2026-07-26T02:05:33.5612693Z             }
2026-07-26T02:05:33.5612875Z           },
2026-07-26T02:05:33.5613062Z           "repository": {
2026-07-26T02:05:33.5613285Z             "allow_forking": true,
2026-07-26T02:05:33.5613775Z             "archive_url": "https://api.github.com/repos/pkinerd/ednsv/{archive_format}{/ref}",
2026-07-26T02:05:33.5614187Z             "archived": false,
2026-07-26T02:05:33.5614542Z             "assignees_url": "https://api.github.com/repos/pkinerd/ednsv/assignees{/user}",
2026-07-26T02:05:33.5615046Z             "blobs_url": "https://api.github.com/repos/pkinerd/ednsv/git/blobs{/sha}",
2026-07-26T02:05:33.5615562Z             "branches_url": "https://api.github.com/repos/pkinerd/ednsv/branches{/branch}",
2026-07-26T02:05:33.5616012Z             "clone_url": "https://github.com/pkinerd/ednsv.git",
2026-07-26T02:05:33.5616528Z             "collaborators_url": "https://api.github.com/repos/pkinerd/ednsv/collaborators{/collaborator}",
2026-07-26T02:05:33.5617117Z             "comments_url": "https://api.github.com/repos/pkinerd/ednsv/comments{/number}",
2026-07-26T02:05:33.5617638Z             "commits_url": "https://api.github.com/repos/pkinerd/ednsv/commits{/sha}",
2026-07-26T02:05:33.5618172Z             "compare_url": "https://api.github.com/repos/pkinerd/ednsv/compare/{base}...{head}",
2026-07-26T02:05:33.5618706Z             "contents_url": "https://api.github.com/repos/pkinerd/ednsv/contents/{+path}",
2026-07-26T02:05:33.5619538Z             "contributors_url": "https://api.github.com/repos/pkinerd/ednsv/contributors",
2026-07-26T02:05:33.5620205Z             "created_at": "2026-03-30T21:24:40Z",
2026-07-26T02:05:33.5620497Z             "default_branch": "main",
2026-07-26T02:05:33.5620873Z             "deployments_url": "https://api.github.com/repos/pkinerd/ednsv/deployments",
2026-07-26T02:05:33.5621266Z             "description": null,
2026-07-26T02:05:33.5621502Z             "disabled": false,
2026-07-26T02:05:33.5621845Z             "downloads_url": "https://api.github.com/repos/pkinerd/ednsv/downloads",
2026-07-26T02:05:33.5622318Z             "events_url": "https://api.github.com/repos/pkinerd/ednsv/events",
2026-07-26T02:05:33.5622666Z             "fork": false,
2026-07-26T02:05:33.5622879Z             "forks": 0,
2026-07-26T02:05:33.5623084Z             "forks_count": 0,
2026-07-26T02:05:33.5623397Z             "forks_url": "https://api.github.com/repos/pkinerd/ednsv/forks",
2026-07-26T02:05:33.5623750Z             "full_name": "pkinerd/ednsv",
2026-07-26T02:05:33.5624149Z             "git_commits_url": "https://api.github.com/repos/pkinerd/ednsv/git/commits{/sha}",
2026-07-26T02:05:33.5624668Z             "git_refs_url": "https://api.github.com/repos/pkinerd/ednsv/git/refs{/sha}",
2026-07-26T02:05:33.5625149Z             "git_tags_url": "https://api.github.com/repos/pkinerd/ednsv/git/tags{/sha}",
2026-07-26T02:05:33.5625564Z             "git_url": "git://github.com/pkinerd/ednsv.git",
2026-07-26T02:05:33.5625932Z             "has_discussions": false,
2026-07-26T02:05:33.5626191Z             "has_downloads": false,
2026-07-26T02:05:33.5626432Z             "has_issues": true,
2026-07-26T02:05:33.5626666Z             "has_pages": false,
2026-07-26T02:05:33.5626890Z             "has_projects": true,
2026-07-26T02:05:33.5627137Z             "has_pull_requests": true,
2026-07-26T02:05:33.5627383Z             "has_wiki": true,
2026-07-26T02:05:33.5627606Z             "homepage": null,
2026-07-26T02:05:33.5627915Z             "hooks_url": "https://api.github.com/repos/pkinerd/ednsv/hooks",
2026-07-26T02:05:33.5628313Z             "html_url": "https://github.com/pkinerd/ednsv",
2026-07-26T02:05:33.5628602Z             "id": 1196602452,
2026-07-26T02:05:33.5628820Z             "is_template": false,
2026-07-26T02:05:33.5629498Z             "issue_comment_url": "https://api.github.com/repos/pkinerd/ednsv/issues/comments{/number}",
2026-07-26T02:05:33.5630120Z             "issue_events_url": "https://api.github.com/repos/pkinerd/ednsv/issues/events{/number}",
2026-07-26T02:05:33.5630831Z             "issues_url": "https://api.github.com/repos/pkinerd/ednsv/issues{/number}",
2026-07-26T02:05:33.5631320Z             "keys_url": "https://api.github.com/repos/pkinerd/ednsv/keys{/key_id}",
2026-07-26T02:05:33.5631912Z             "labels_url": "https://api.github.com/repos/pkinerd/ednsv/labels{/name}",
2026-07-26T02:05:33.5632289Z             "language": "C#",
2026-07-26T02:05:33.5632625Z             "languages_url": "https://api.github.com/repos/pkinerd/ednsv/languages",
2026-07-26T02:05:33.5632994Z             "license": null,
2026-07-26T02:05:33.5633304Z             "merges_url": "https://api.github.com/repos/pkinerd/ednsv/merges",
2026-07-26T02:05:33.5633805Z             "milestones_url": "https://api.github.com/repos/pkinerd/ednsv/milestones{/number}",
2026-07-26T02:05:33.5634209Z             "mirror_url": null,
2026-07-26T02:05:33.5634433Z             "name": "ednsv",
2026-07-26T02:05:33.5634658Z             "node_id": "R_kgDOR1K0VA",
2026-07-26T02:05:33.5635156Z             "notifications_url": "https://api.github.com/repos/pkinerd/ednsv/notifications{?since,all,participating}",
2026-07-26T02:05:33.5635651Z             "open_issues": 1,
2026-07-26T02:05:33.5635878Z             "open_issues_count": 1,
2026-07-26T02:05:33.5636113Z             "owner": {
2026-07-26T02:05:33.5636432Z               "avatar_url": "https://avatars.githubusercontent.com/u/169779439?v=4",
2026-07-26T02:05:33.5636901Z               "events_url": "https://api.github.com/users/pkinerd/events{/privacy}",
2026-07-26T02:05:33.5637364Z               "followers_url": "https://api.github.com/users/pkinerd/followers",
2026-07-26T02:05:33.5637859Z               "following_url": "https://api.github.com/users/pkinerd/following{/other_user}",
2026-07-26T02:05:33.5638347Z               "gists_url": "https://api.github.com/users/pkinerd/gists{/gist_id}",
2026-07-26T02:05:33.5638699Z               "gravatar_id": "",
2026-07-26T02:05:33.5638963Z               "html_url": "https://github.com/pkinerd",
2026-07-26T02:05:33.5639529Z               "id": 169779439,
2026-07-26T02:05:33.5639766Z               "login": "pkinerd",
2026-07-26T02:05:33.5640005Z               "node_id": "U_kgDOCh6g7w",
2026-07-26T02:05:33.5640368Z               "organizations_url": "https://api.github.com/users/pkinerd/orgs",
2026-07-26T02:05:33.5640857Z               "received_events_url": "https://api.github.com/users/pkinerd/received_events",
2026-07-26T02:05:33.5641320Z               "repos_url": "https://api.github.com/users/pkinerd/repos",
2026-07-26T02:05:33.5641653Z               "site_admin": false,
2026-07-26T02:05:33.5642016Z               "starred_url": "https://api.github.com/users/pkinerd/starred{/owner}{/repo}",
2026-07-26T02:05:33.5642524Z               "subscriptions_url": "https://api.github.com/users/pkinerd/subscriptions",
2026-07-26T02:05:33.5642908Z               "type": "User",
2026-07-26T02:05:33.5643183Z               "url": "https://api.github.com/users/pkinerd",
2026-07-26T02:05:33.5643481Z               "user_view_type": "public"
2026-07-26T02:05:33.5643724Z             },
2026-07-26T02:05:33.5643910Z             "private": false,
2026-07-26T02:05:33.5644157Z             "pull_request_creation_policy": "all",
2026-07-26T02:05:33.5644548Z             "pulls_url": "https://api.github.com/repos/pkinerd/ednsv/pulls{/number}",
2026-07-26T02:05:33.5644941Z             "pushed_at": "2026-07-26T01:39:55Z",
2026-07-26T02:05:33.5645326Z             "releases_url": "https://api.github.com/repos/pkinerd/ednsv/releases{/id}",
2026-07-26T02:05:33.5645703Z             "size": 34791,
2026-07-26T02:05:33.5645956Z             "ssh_url": "git@github.com:pkinerd/ednsv.git",
2026-07-26T02:05:33.5646248Z             "stargazers_count": 0,
2026-07-26T02:05:33.5646602Z             "stargazers_url": "https://api.github.com/repos/pkinerd/ednsv/stargazers",
2026-07-26T02:05:33.5647102Z             "statuses_url": "https://api.github.com/repos/pkinerd/ednsv/statuses/{sha}",
2026-07-26T02:05:33.5647605Z             "subscribers_url": "https://api.github.com/repos/pkinerd/ednsv/subscribers",
2026-07-26T02:05:33.5648288Z             "subscription_url": "https://api.github.com/repos/pkinerd/ednsv/subscription",
2026-07-26T02:05:33.5648745Z             "svn_url": "https://github.com/pkinerd/ednsv",
2026-07-26T02:05:33.5649466Z             "tags_url": "https://api.github.com/repos/pkinerd/ednsv/tags",
2026-07-26T02:05:33.5649952Z             "teams_url": "https://api.github.com/repos/pkinerd/ednsv/teams",
2026-07-26T02:05:33.5650338Z             "topics": [],
2026-07-26T02:05:33.5650668Z             "trees_url": "https://api.github.com/repos/pkinerd/ednsv/git/trees{/sha}",
2026-07-26T02:05:33.5651057Z             "updated_at": "2026-07-24T14:18:46Z",
2026-07-26T02:05:33.5651382Z             "url": "https://api.github.com/repos/pkinerd/ednsv",
2026-07-26T02:05:33.5651693Z             "visibility": "public",
2026-07-26T02:05:33.5651936Z             "watchers": 0,
2026-07-26T02:05:33.5652152Z             "watchers_count": 0,
2026-07-26T02:05:33.5652407Z             "web_commit_signoff_required": false
2026-07-26T02:05:33.5652661Z           },
2026-07-26T02:05:33.5652847Z           "sender": {
2026-07-26T02:05:33.5653162Z             "avatar_url": "https://avatars.githubusercontent.com/u/169779439?v=4",
2026-07-26T02:05:33.5653639Z             "events_url": "https://api.github.com/users/pkinerd/events{/privacy}",
2026-07-26T02:05:33.5654097Z             "followers_url": "https://api.github.com/users/pkinerd/followers",
2026-07-26T02:05:33.5654577Z             "following_url": "https://api.github.com/users/pkinerd/following{/other_user}",
2026-07-26T02:05:33.5655056Z             "gists_url": "https://api.github.com/users/pkinerd/gists{/gist_id}",
2026-07-26T02:05:33.5655407Z             "gravatar_id": "",
2026-07-26T02:05:33.5655663Z             "html_url": "https://github.com/pkinerd",
2026-07-26T02:05:33.5655940Z             "id": 169779439,
2026-07-26T02:05:33.5656157Z             "login": "pkinerd",
2026-07-26T02:05:33.5656408Z             "node_id": "U_kgDOCh6g7w",
2026-07-26T02:05:33.5656763Z             "organizations_url": "https://api.github.com/users/pkinerd/orgs",
2026-07-26T02:05:33.5657246Z             "received_events_url": "https://api.github.com/users/pkinerd/received_events",
2026-07-26T02:05:33.5657718Z             "repos_url": "https://api.github.com/users/pkinerd/repos",
2026-07-26T02:05:33.5658046Z             "site_admin": false,
2026-07-26T02:05:33.5658401Z             "starred_url": "https://api.github.com/users/pkinerd/starred{/owner}{/repo}",
2026-07-26T02:05:33.5658908Z             "subscriptions_url": "https://api.github.com/users/pkinerd/subscriptions",
2026-07-26T02:05:33.5659600Z             "type": "User",
2026-07-26T02:05:33.5659867Z             "url": "https://api.github.com/users/pkinerd",
2026-07-26T02:05:33.5660167Z             "user_view_type": "public"
2026-07-26T02:05:33.5660396Z           }
2026-07-26T02:05:33.5660562Z         },
2026-07-26T02:05:33.5660742Z         "github_job": "docker",
2026-07-26T02:05:33.5660982Z         "github_ref": "refs/pull/28/merge",
2026-07-26T02:05:33.5661243Z         "github_ref_name": "28/merge",
2026-07-26T02:05:33.5661493Z         "github_ref_protected": "false",
2026-07-26T02:05:33.5661746Z         "github_ref_type": "branch",
2026-07-26T02:05:33.5662007Z         "github_repository": "pkinerd/ednsv",
2026-07-26T02:05:33.5662279Z         "github_repository_id": "1196602452",
2026-07-26T02:05:33.5662548Z         "github_repository_owner": "pkinerd",
2026-07-26T02:05:33.5662830Z         "github_repository_owner_id": "169779439",
2026-07-26T02:05:33.5663105Z         "github_run_attempt": "1",
2026-07-26T02:05:33.5663342Z         "github_run_id": "30183923343",
2026-07-26T02:05:33.5663590Z         "github_run_number": "212",
2026-07-26T02:05:33.5663830Z         "github_runner_arch": "X64",
2026-07-26T02:05:33.5664103Z         "github_runner_environment": "github-hosted",
2026-07-26T02:05:33.5664398Z         "github_runner_image_os": "ubuntu24",
2026-07-26T02:05:33.5664689Z         "github_runner_image_version": "20260720.247.2",
2026-07-26T02:05:33.5665181Z         "github_runner_name": "GitHub Actions 1000002157",
2026-07-26T02:05:33.5665468Z         "github_runner_os": "Linux",
2026-07-26T02:05:33.5665918Z         "github_runner_tracking_id": "github_690412dd-7865-4ac1-a2c0-0be5aaad6612",
2026-07-26T02:05:33.5666325Z         "github_server_url": "https://github.com",
2026-07-26T02:05:33.5666616Z         "github_triggering_actor": "pkinerd",
2026-07-26T02:05:33.5666879Z         "github_workflow": "CI",
2026-07-26T02:05:33.5667248Z         "github_workflow_ref": "pkinerd/ednsv/.github/workflows/ci.yml@refs/pull/28/merge",
2026-07-26T02:05:33.5667741Z         "github_workflow_sha": "fba6ab4bdeb7db8be6d547f6feec73822ac280c0",
2026-07-26T02:05:33.5668094Z         "platform": "linux/amd64"
2026-07-26T02:05:33.5668317Z       }
2026-07-26T02:05:33.5668481Z     }
2026-07-26T02:05:33.5668641Z   },
2026-07-26T02:05:33.5669460Z   "buildx.build.ref": "builder-ed02277d-8ecf-420c-90ec-50a6d3237c96/builder-ed02277d-8ecf-420c-90ec-50a6d3237c960/5wed0a6ucxg002jfchjkvqm8g",
2026-07-26T02:05:33.5670145Z   "containerimage.descriptor": {
2026-07-26T02:05:33.5670462Z     "mediaType": "application/vnd.oci.image.index.v1+json",
2026-07-26T02:05:33.5670928Z     "digest": "sha256:bd55bda1f19e3369c3b7902dc174538823c14607c49eb11230306a7ae84244f4",
2026-07-26T02:05:33.5671329Z     "size": 856
2026-07-26T02:05:33.5671510Z   },
2026-07-26T02:05:33.5671886Z   "containerimage.digest": "sha256:bd55bda1f19e3369c3b7902dc174538823c14607c49eb11230306a7ae84244f4",
2026-07-26T02:05:33.5672576Z   "image.name": "ghcr.io/pkinerd/ednsv:pr-28,ghcr.io/pkinerd/ednsv:latest-any,ghcr.io/pkinerd/ednsv:sha-fba6ab4"
2026-07-26T02:05:33.5673052Z }
2026-07-26T02:05:33.5673503Z ##[endgroup]
2026-07-26T02:05:33.5673898Z ##[group]Reference
2026-07-26T02:05:33.5674381Z builder-ed02277d-8ecf-420c-90ec-50a6d3237c96/builder-ed02277d-8ecf-420c-90ec-50a6d3237c960/5wed0a6ucxg002jfchjkvqm8g
2026-07-26T02:05:33.5675036Z ##[endgroup]
2026-07-26T02:05:33.5675398Z ##[group]Check build summary support
2026-07-26T02:05:33.5675782Z Build summary supported!
2026-07-26T02:05:33.5676109Z ##[endgroup]
2026-07-26T02:05:33.5775369Z Node 20 is being deprecated. This workflow is running with Node 24 by default. If you need to temporarily use Node 20, you can set the ACTIONS_ALLOW_USE_UNSECURE_NODE_VERSION=true environment variable. For more information see: https://github.blog/changelog/2025-09-19-deprecation-of-node-20-on-github-actions-runners/
2026-07-26T02:05:33.5776601Z Post job cleanup.
2026-07-26T02:05:33.8268933Z ##[group]Generating build summary
2026-07-26T02:05:33.8274412Z exporting build record to /home/runner/work/_temp/docker-actions-toolkit-UoZwRx/export
2026-07-26T02:05:33.8289040Z (node:3323) [DEP0040] DeprecationWarning: The `punycode` module is deprecated. Please use a userland alternative instead.
2026-07-26T02:05:33.8290484Z (Use `node --trace-deprecation ...` to show where the warning was created)
2026-07-26T02:05:34.0257171Z [command]/usr/bin/docker buildx history export --builder builder-ed02277d-8ecf-420c-90ec-50a6d3237c96 --output /home/runner/work/_temp/docker-actions-toolkit-UoZwRx/export/pkinerd~ednsv~5WED0A.dockerbuild 5wed0a6ucxg002jfchjkvqm8g --finalize
2026-07-26T02:05:34.3531941Z Build record written to /home/runner/work/_temp/docker-actions-toolkit-UoZwRx/export/pkinerd~ednsv~5WED0A.dockerbuild (69.75 KB)
2026-07-26T02:05:34.3559031Z Uploading pkinerd~ednsv~5WED0A.dockerbuild to blob storage
2026-07-26T02:05:34.4778108Z Beginning upload of artifact content to blob storage
2026-07-26T02:05:34.4868628Z (node:3323) [DEP0169] DeprecationWarning: `url.parse()` behavior is not standardized and prone to errors that have security implications. Use the WHATWG URL API instead. CVEs are not issued for `url.parse()` vulnerabilities.
2026-07-26T02:05:34.4878427Z Uploaded bytes 65536
2026-07-26T02:05:34.4881275Z Uploaded bytes 71429
2026-07-26T02:05:34.5445108Z Finished uploading artifact content to blob storage!
2026-07-26T02:05:34.5449631Z SHA256 hash of uploaded artifact is d8e61ed8006f6139360ffa4e99ce255582b2301b166ed966b05a1d84b37285fb
2026-07-26T02:05:34.5451986Z Finalizing artifact upload
2026-07-26T02:05:34.7210070Z Artifact successfully finalized (8626451471)
2026-07-26T02:05:34.7211324Z Artifact download URL: https://github.com/pkinerd/ednsv/actions/runs/30183923343/artifacts/8626451471
2026-07-26T02:05:34.7225031Z Writing summary
2026-07-26T02:05:34.7238832Z ##[endgroup]
2026-07-26T02:05:34.7239891Z ##[group]Removing temp folder /home/runner/work/_temp/docker-actions-toolkit-gEJoks
2026-07-26T02:05:34.7242425Z ##[endgroup]
2026-07-26T02:05:34.7243057Z ##[group]Post cache
2026-07-26T02:05:34.7244556Z State not set
2026-07-26T02:05:34.7245501Z ##[endgroup]
2026-07-26T02:05:34.7424363Z Node 20 is being deprecated. This workflow is running with Node 24 by default. If you need to temporarily use Node 20, you can set the ACTIONS_ALLOW_USE_UNSECURE_NODE_VERSION=true environment variable. For more information see: https://github.blog/changelog/2025-09-19-deprecation-of-node-20-on-github-actions-runners/
2026-07-26T02:05:34.7425642Z Post job cleanup.
2026-07-26T02:05:35.0653707Z ##[group]Logout from ghcr.io
2026-07-26T02:05:35.0677245Z (node:3475) [DEP0040] DeprecationWarning: The `punycode` module is deprecated. Please use a userland alternative instead.
2026-07-26T02:05:35.0678322Z (Use `node --trace-deprecation ...` to show where the warning was created)
2026-07-26T02:05:35.0720251Z [command]/usr/bin/docker logout ghcr.io
2026-07-26T02:05:35.0880524Z Removing login credentials for ghcr.io
2026-07-26T02:05:35.0906197Z ##[endgroup]
2026-07-26T02:05:35.0906928Z ##[group]Post cache
2026-07-26T02:05:35.0908864Z State not set
2026-07-26T02:05:35.0911649Z ##[endgroup]
2026-07-26T02:05:35.1108810Z Node 20 is being deprecated. This workflow is running with Node 24 by default. If you need to temporarily use Node 20, you can set the ACTIONS_ALLOW_USE_UNSECURE_NODE_VERSION=true environment variable. For more information see: https://github.blog/changelog/2025-09-19-deprecation-of-node-20-on-github-actions-runners/
2026-07-26T02:05:35.1110565Z Post job cleanup.
2026-07-26T02:05:35.3719120Z ##[group]Removing builder
2026-07-26T02:05:35.3735315Z (node:3495) [DEP0040] DeprecationWarning: The `punycode` module is deprecated. Please use a userland alternative instead.
2026-07-26T02:05:35.3736565Z (Use `node --trace-deprecation ...` to show where the warning was created)
2026-07-26T02:05:35.4820294Z [command]/usr/bin/docker buildx rm builder-ed02277d-8ecf-420c-90ec-50a6d3237c96
2026-07-26T02:05:36.1905799Z builder-ed02277d-8ecf-420c-90ec-50a6d3237c96 removed
2026-07-26T02:05:36.1952091Z ##[endgroup]
2026-07-26T02:05:36.1952892Z ##[group]Cleaning up certificates
2026-07-26T02:05:36.1964426Z ##[endgroup]
2026-07-26T02:05:36.1964988Z ##[group]Post cache
2026-07-26T02:05:36.1965321Z State not set
2026-07-26T02:05:36.1965897Z ##[endgroup]
2026-07-26T02:05:36.2137599Z Node 20 is being deprecated. This workflow is running with Node 24 by default. If you need to temporarily use Node 20, you can set the ACTIONS_ALLOW_USE_UNSECURE_NODE_VERSION=true environment variable. For more information see: https://github.blog/changelog/2025-09-19-deprecation-of-node-20-on-github-actions-runners/
2026-07-26T02:05:36.2138872Z Post job cleanup.
2026-07-26T02:05:36.3024474Z [command]/usr/bin/git version
2026-07-26T02:05:36.3070345Z git version 2.54.0
2026-07-26T02:05:36.3115538Z Temporarily overriding HOME='/home/runner/work/_temp/a99e2bd8-861a-4ee5-912a-3b1eccf6e2b7' before making global git config changes
2026-07-26T02:05:36.3116913Z Adding repository directory to the temporary git global config as a safe directory
2026-07-26T02:05:36.3121073Z [command]/usr/bin/git config --global --add safe.directory /home/runner/work/ednsv/ednsv
2026-07-26T02:05:36.3165505Z [command]/usr/bin/git config --local --name-only --get-regexp core\.sshCommand
2026-07-26T02:05:36.3204497Z [command]/usr/bin/git submodule foreach --recursive sh -c "git config --local --name-only --get-regexp 'core\.sshCommand' && git config --local --unset-all 'core.sshCommand' || :"
2026-07-26T02:05:36.3471050Z [command]/usr/bin/git config --local --name-only --get-regexp http\.https\:\/\/github\.com\/\.extraheader
2026-07-26T02:05:36.3501050Z http.https://github.com/.extraheader
2026-07-26T02:05:36.3513595Z [command]/usr/bin/git config --local --unset-all http.https://github.com/.extraheader
2026-07-26T02:05:36.3552272Z [command]/usr/bin/git submodule foreach --recursive sh -c "git config --local --name-only --get-regexp 'http\.https\:\/\/github\.com\/\.extraheader' && git config --local --unset-all 'http.https://github.com/.extraheader' || :"
2026-07-26T02:05:36.3853321Z [command]/usr/bin/git config --local --name-only --get-regexp ^includeIf\.gitdir:
2026-07-26T02:05:36.3896604Z [command]/usr/bin/git submodule foreach --recursive git config --local --show-origin --name-only --get-regexp remote.origin.url
2026-07-26T02:05:36.4301308Z Cleaning up orphan processes
2026-07-26T02:05:36.4672118Z ##[warning]Node.js 20 is deprecated. The following actions target Node.js 20 but are being forced to run on Node.js 24: actions/checkout@v4, docker/build-push-action@v6, docker/login-action@v3, docker/metadata-action@v5, docker/setup-buildx-action@v3. For more information see: https://github.blog/changelog/2025-09-19-deprecation-of-node-20-on-github-actions-runners/
