2026-07-26T12:52:01.0575573Z Current runner version: '2.336.0'
2026-07-26T12:52:01.0608410Z ##[group]Runner Image Provisioner
2026-07-26T12:52:01.0609254Z Hosted Compute Agent
2026-07-26T12:52:01.0610444Z Version: 20260707.563
2026-07-26T12:52:01.0611283Z Commit: 02667638d2b423fbc733a8e32a88b44996a3ba6e
2026-07-26T12:52:01.0612491Z Build Date: 2026-07-07T19:33:50Z
2026-07-26T12:52:01.0613580Z Worker ID: {4edb2c29-833a-4db3-a12d-e79113fe2f46}
2026-07-26T12:52:01.0614668Z Azure Region: westus
2026-07-26T12:52:01.0615635Z ##[endgroup]
2026-07-26T12:52:01.0618279Z ##[group]Operating System
2026-07-26T12:52:01.0619229Z Ubuntu
2026-07-26T12:52:01.0620429Z 24.04.4
2026-07-26T12:52:01.0621241Z LTS
2026-07-26T12:52:01.0622184Z ##[endgroup]
2026-07-26T12:52:01.0623079Z ##[group]Runner Image
2026-07-26T12:52:01.0624053Z Image: ubuntu-24.04
2026-07-26T12:52:01.0624992Z Version: 20260720.247.2
2026-07-26T12:52:01.0626272Z Included Software: https://github.com/actions/runner-images/blob/ubuntu24/20260720.247/images/ubuntu/Ubuntu2404-Readme.md
2026-07-26T12:52:01.0627869Z Image Release: https://github.com/actions/runner-images/releases/tag/ubuntu24%2F20260720.247
2026-07-26T12:52:01.0629016Z ##[endgroup]
2026-07-26T12:52:01.0630604Z ##[group]GITHUB_TOKEN Permissions
2026-07-26T12:52:01.0633047Z Contents: read
2026-07-26T12:52:01.0633954Z Metadata: read
2026-07-26T12:52:01.0634705Z Packages: write
2026-07-26T12:52:01.0635433Z ##[endgroup]
2026-07-26T12:52:01.0638334Z Secret source: Actions
2026-07-26T12:52:01.0639965Z Prepare workflow directory
2026-07-26T12:52:01.1255522Z Prepare all required actions
2026-07-26T12:52:01.1298871Z Getting action download info
2026-07-26T12:52:01.4735776Z Download action repository 'actions/checkout@v4' (SHA:11d5960a326750d5838078e36cf38b85af677262)
2026-07-26T12:52:01.8942782Z Download action repository 'docker/setup-buildx-action@v3' (SHA:8d2750c68a42422c14e847fe6c8ac0403b4cbd6f)
2026-07-26T12:52:02.4081314Z Download action repository 'docker/login-action@v3' (SHA:c94ce9fb468520275223c153574b00df6fe4bcc9)
2026-07-26T12:52:02.9465370Z Download action repository 'docker/metadata-action@v5' (SHA:c299e40c65443455700f0fdfc63efafe5b349051)
2026-07-26T12:52:03.5813367Z Download action repository 'docker/build-push-action@v6' (SHA:10e90e3645eae34f1e60eeb005ba3a3d33f178e8)
2026-07-26T12:52:04.1879539Z Complete job name: Build & Push Docker Image
2026-07-26T12:52:04.2609892Z Node 20 is being deprecated. This workflow is running with Node 24 by default. If you need to temporarily use Node 20, you can set the ACTIONS_ALLOW_USE_UNSECURE_NODE_VERSION=true environment variable. For more information see: https://github.blog/changelog/2025-09-19-deprecation-of-node-20-on-github-actions-runners/
2026-07-26T12:52:04.2618344Z ##[group]Run actions/checkout@v4
2026-07-26T12:52:04.2618806Z with:
2026-07-26T12:52:04.2619022Z   repository: pkinerd/ednsv
2026-07-26T12:52:04.2623398Z   token: ***
2026-07-26T12:52:04.2623765Z   ssh-strict: true
2026-07-26T12:52:04.2624645Z   ssh-user: git
2026-07-26T12:52:04.2625030Z   persist-credentials: true
2026-07-26T12:52:04.2625444Z   clean: true
2026-07-26T12:52:04.2625802Z   sparse-checkout-cone-mode: true
2026-07-26T12:52:04.2626243Z   fetch-depth: 1
2026-07-26T12:52:04.2626593Z   fetch-tags: false
2026-07-26T12:52:04.2626945Z   show-progress: true
2026-07-26T12:52:04.2627300Z   lfs: false
2026-07-26T12:52:04.2627665Z   submodules: false
2026-07-26T12:52:04.2628039Z   set-safe-directory: true
2026-07-26T12:52:04.2628465Z   allow-unsafe-pr-checkout: false
2026-07-26T12:52:04.2629353Z env:
2026-07-26T12:52:04.2629679Z   REGISTRY: ghcr.io
2026-07-26T12:52:04.2630315Z   IMAGE_NAME: pkinerd/ednsv
2026-07-26T12:52:04.2630730Z ##[endgroup]
2026-07-26T12:52:04.3725398Z Syncing repository: pkinerd/ednsv
2026-07-26T12:52:04.3726967Z ##[group]Getting Git version info
2026-07-26T12:52:04.3727384Z Working directory is '/home/runner/work/ednsv/ednsv'
2026-07-26T12:52:04.3727943Z [command]/usr/bin/git version
2026-07-26T12:52:04.3809213Z git version 2.54.0
2026-07-26T12:52:04.3832071Z ##[endgroup]
2026-07-26T12:52:04.3849813Z Temporarily overriding HOME='/home/runner/work/_temp/88426575-f7b1-44cf-9e5c-d1421ad224ad' before making global git config changes
2026-07-26T12:52:04.3852095Z Adding repository directory to the temporary git global config as a safe directory
2026-07-26T12:52:04.3856354Z [command]/usr/bin/git config --global --add safe.directory /home/runner/work/ednsv/ednsv
2026-07-26T12:52:04.3907385Z Deleting the contents of '/home/runner/work/ednsv/ednsv'
2026-07-26T12:52:04.3912803Z ##[group]Initializing the repository
2026-07-26T12:52:04.3916323Z [command]/usr/bin/git init /home/runner/work/ednsv/ednsv
2026-07-26T12:52:04.4018975Z hint: Using 'master' as the name for the initial branch. This default branch name
2026-07-26T12:52:04.4020425Z hint: will change to "main" in Git 3.0. To configure the initial branch name
2026-07-26T12:52:04.4021422Z hint: to use in all of your new repositories, which will suppress this warning,
2026-07-26T12:52:04.4022144Z hint: call:
2026-07-26T12:52:04.4022469Z hint:
2026-07-26T12:52:04.4022985Z hint: 	git config --global init.defaultBranch <name>
2026-07-26T12:52:04.4023563Z hint:
2026-07-26T12:52:04.4024256Z hint: Names commonly chosen instead of 'master' are 'main', 'trunk' and
2026-07-26T12:52:04.4025248Z hint: 'development'. The just-created branch can be renamed via this command:
2026-07-26T12:52:04.4026010Z hint:
2026-07-26T12:52:04.4026356Z hint: 	git branch -m <name>
2026-07-26T12:52:04.4026719Z hint:
2026-07-26T12:52:04.4027325Z hint: Disable this message with "git config set advice.defaultBranchName false"
2026-07-26T12:52:04.4028305Z Initialized empty Git repository in /home/runner/work/ednsv/ednsv/.git/
2026-07-26T12:52:04.4037490Z [command]/usr/bin/git remote add origin https://github.com/pkinerd/ednsv
2026-07-26T12:52:04.4085570Z ##[endgroup]
2026-07-26T12:52:04.4086228Z ##[group]Disabling automatic garbage collection
2026-07-26T12:52:04.4091388Z [command]/usr/bin/git config --local gc.auto 0
2026-07-26T12:52:04.4126212Z ##[endgroup]
2026-07-26T12:52:04.4127146Z ##[group]Setting up auth
2026-07-26T12:52:04.4135213Z [command]/usr/bin/git config --local --name-only --get-regexp core\.sshCommand
2026-07-26T12:52:04.4190687Z [command]/usr/bin/git submodule foreach --recursive sh -c "git config --local --name-only --get-regexp 'core\.sshCommand' && git config --local --unset-all 'core.sshCommand' || :"
2026-07-26T12:52:04.4558367Z [command]/usr/bin/git config --local --name-only --get-regexp http\.https\:\/\/github\.com\/\.extraheader
2026-07-26T12:52:04.4598126Z [command]/usr/bin/git submodule foreach --recursive sh -c "git config --local --name-only --get-regexp 'http\.https\:\/\/github\.com\/\.extraheader' && git config --local --unset-all 'http.https://github.com/.extraheader' || :"
2026-07-26T12:52:04.4834288Z [command]/usr/bin/git config --local --name-only --get-regexp ^includeIf\.gitdir:
2026-07-26T12:52:04.4870676Z [command]/usr/bin/git submodule foreach --recursive git config --local --show-origin --name-only --get-regexp remote.origin.url
2026-07-26T12:52:04.5096920Z [command]/usr/bin/git config --local http.https://github.com/.extraheader AUTHORIZATION: basic ***
2026-07-26T12:52:04.5136526Z ##[endgroup]
2026-07-26T12:52:04.5137155Z ##[group]Fetching the repository
2026-07-26T12:52:04.5146853Z [command]/usr/bin/git -c protocol.version=2 fetch --no-tags --prune --no-recurse-submodules --depth=1 origin +e03920fd901d9b72fd60f345b7d7897c02ef678d:refs/remotes/pull/28/merge
2026-07-26T12:52:05.0749132Z From https://github.com/pkinerd/ednsv
2026-07-26T12:52:05.0749707Z  * [new ref]         e03920fd901d9b72fd60f345b7d7897c02ef678d -> pull/28/merge
2026-07-26T12:52:05.0780289Z ##[endgroup]
2026-07-26T12:52:05.0781066Z ##[group]Determining the checkout info
2026-07-26T12:52:05.0783885Z ##[endgroup]
2026-07-26T12:52:05.0790333Z [command]/usr/bin/git sparse-checkout disable
2026-07-26T12:52:05.0843257Z [command]/usr/bin/git config --local --unset-all extensions.worktreeConfig
2026-07-26T12:52:05.0882079Z ##[group]Checking out the ref
2026-07-26T12:52:05.0886552Z [command]/usr/bin/git checkout --progress --force refs/remotes/pull/28/merge
2026-07-26T12:52:05.1034370Z Note: switching to 'refs/remotes/pull/28/merge'.
2026-07-26T12:52:05.1035178Z 
2026-07-26T12:52:05.1035961Z You are in 'detached HEAD' state. You can look around, make experimental
2026-07-26T12:52:05.1036909Z changes and commit them, and you can discard any commits you make in this
2026-07-26T12:52:05.1037756Z state without impacting any branches by switching back to a branch.
2026-07-26T12:52:05.1038257Z 
2026-07-26T12:52:05.1038653Z If you want to create a new branch to retain commits you create, you may
2026-07-26T12:52:05.1039524Z do so (now or later) by using -c with the switch command. Example:
2026-07-26T12:52:05.1040374Z 
2026-07-26T12:52:05.1040626Z   git switch -c <new-branch-name>
2026-07-26T12:52:05.1040998Z 
2026-07-26T12:52:05.1041206Z Or undo this operation with:
2026-07-26T12:52:05.1041546Z 
2026-07-26T12:52:05.1041741Z   git switch -
2026-07-26T12:52:05.1042016Z 
2026-07-26T12:52:05.1042472Z Turn off this advice by setting config variable advice.detachedHead to false
2026-07-26T12:52:05.1043169Z 
2026-07-26T12:52:05.1043872Z HEAD is now at e03920f Merge db8d4bd0e6af19d2cb8f2450bb3e1e5f3c4f6bf6 into 0907a58f50a6c98d23ae466ed31c3a0c15264622
2026-07-26T12:52:05.1046541Z ##[endgroup]
2026-07-26T12:52:05.1093932Z [command]/usr/bin/git log -1 --format=%H
2026-07-26T12:52:05.1124755Z e03920fd901d9b72fd60f345b7d7897c02ef678d
2026-07-26T12:52:05.1375883Z ##[group]Run if [ "pull_request" != "pull_request" ]; then
2026-07-26T12:52:05.1376400Z [36;1mif [ "pull_request" != "pull_request" ]; then[0m
2026-07-26T12:52:05.1376756Z [36;1m  echo "push=true" >> "$GITHUB_OUTPUT"[0m
2026-07-26T12:52:05.1377105Z [36;1melif [ "pkinerd/ednsv" = "pkinerd/ednsv" ]; then[0m
2026-07-26T12:52:05.1377442Z [36;1m  echo "push=true" >> "$GITHUB_OUTPUT"[0m
2026-07-26T12:52:05.1377722Z [36;1melse[0m
2026-07-26T12:52:05.1377962Z [36;1m  echo "push=false" >> "$GITHUB_OUTPUT"[0m
2026-07-26T12:52:05.1378480Z [36;1mfi[0m
2026-07-26T12:52:05.1425908Z shell: /usr/bin/bash -e {0}
2026-07-26T12:52:05.1426207Z env:
2026-07-26T12:52:05.1426395Z   REGISTRY: ghcr.io
2026-07-26T12:52:05.1426621Z   IMAGE_NAME: pkinerd/ednsv
2026-07-26T12:52:05.1426849Z ##[endgroup]
2026-07-26T12:52:05.1628969Z Node 20 is being deprecated. This workflow is running with Node 24 by default. If you need to temporarily use Node 20, you can set the ACTIONS_ALLOW_USE_UNSECURE_NODE_VERSION=true environment variable. For more information see: https://github.blog/changelog/2025-09-19-deprecation-of-node-20-on-github-actions-runners/
2026-07-26T12:52:05.1632230Z ##[group]Run docker/setup-buildx-action@v3
2026-07-26T12:52:05.1632537Z with:
2026-07-26T12:52:05.1632741Z   driver: docker-container
2026-07-26T12:52:05.1633144Z   use: true
2026-07-26T12:52:05.1633356Z   keep-state: false
2026-07-26T12:52:05.1633567Z   cache-binary: true
2026-07-26T12:52:05.1633771Z   cleanup: true
2026-07-26T12:52:05.1633959Z   install: false
2026-07-26T12:52:05.1634321Z env:
2026-07-26T12:52:05.1634500Z   REGISTRY: ghcr.io
2026-07-26T12:52:05.1634734Z   IMAGE_NAME: pkinerd/ednsv
2026-07-26T12:52:05.1634962Z ##[endgroup]
2026-07-26T12:52:05.4213359Z (node:2246) [DEP0040] DeprecationWarning: The `punycode` module is deprecated. Please use a userland alternative instead.
2026-07-26T12:52:05.4214280Z (Use `node --trace-deprecation ...` to show where the warning was created)
2026-07-26T12:52:05.4271472Z ##[group]Docker info
2026-07-26T12:52:05.4298312Z [command]/usr/bin/docker version
2026-07-26T12:52:05.5154052Z Client: Docker Engine - Community
2026-07-26T12:52:05.5155245Z  Version:           28.0.4
2026-07-26T12:52:05.5156243Z  API version:       1.48
2026-07-26T12:52:05.5157049Z  Go version:        go1.23.7
2026-07-26T12:52:05.5158872Z  Git commit:        b8034c0
2026-07-26T12:52:05.5159990Z  Built:             Tue Mar 25 15:07:16 2025
2026-07-26T12:52:05.5161107Z  OS/Arch:           linux/amd64
2026-07-26T12:52:05.5161951Z  Context:           default
2026-07-26T12:52:05.5162229Z 
2026-07-26T12:52:05.5162406Z Server: Docker Engine - Community
2026-07-26T12:52:05.5163193Z  Engine:
2026-07-26T12:52:05.5163527Z   Version:          28.0.4
2026-07-26T12:52:05.5163973Z   API version:      1.48 (minimum version 1.24)
2026-07-26T12:52:05.5164503Z   Go version:       go1.23.7
2026-07-26T12:52:05.5164937Z   Git commit:       6430e49
2026-07-26T12:52:05.5165333Z   Built:            Tue Mar 25 15:07:16 2025
2026-07-26T12:52:05.5165778Z   OS/Arch:          linux/amd64
2026-07-26T12:52:05.5166173Z   Experimental:     false
2026-07-26T12:52:05.5166553Z  containerd:
2026-07-26T12:52:05.5166867Z   Version:          v2.2.6
2026-07-26T12:52:05.5167335Z   GitCommit:        11ce9d5f3c68c941867e82890e93e815c1304f1b
2026-07-26T12:52:05.5167842Z  runc:
2026-07-26T12:52:05.5168138Z   Version:          1.3.6
2026-07-26T12:52:05.5168522Z   GitCommit:        v1.3.6-0-g491b69ba
2026-07-26T12:52:05.5168949Z  docker-init:
2026-07-26T12:52:05.5169267Z   Version:          0.19.0
2026-07-26T12:52:05.5169645Z   GitCommit:        de40ad0
2026-07-26T12:52:05.5197932Z [command]/usr/bin/docker info
2026-07-26T12:52:05.8022128Z Client: Docker Engine - Community
2026-07-26T12:52:05.8022652Z  Version:    28.0.4
2026-07-26T12:52:05.8022994Z  Context:    default
2026-07-26T12:52:05.8023358Z  Debug Mode: false
2026-07-26T12:52:05.8023571Z  Plugins:
2026-07-26T12:52:05.8023783Z   buildx: Docker Buildx (Docker Inc.)
2026-07-26T12:52:05.8024061Z     Version:  v0.35.0
2026-07-26T12:52:05.8024373Z     Path:     /usr/libexec/docker/cli-plugins/docker-buildx
2026-07-26T12:52:05.8024733Z   compose: Docker Compose (Docker Inc.)
2026-07-26T12:52:05.8025001Z     Version:  v2.38.2
2026-07-26T12:52:05.8025282Z     Path:     /usr/libexec/docker/cli-plugins/docker-compose
2026-07-26T12:52:05.8025530Z 
2026-07-26T12:52:05.8025608Z Server:
2026-07-26T12:52:05.8025789Z  Containers: 0
2026-07-26T12:52:05.8026005Z   Running: 0
2026-07-26T12:52:05.8026226Z   Paused: 0
2026-07-26T12:52:05.8026411Z   Stopped: 0
2026-07-26T12:52:05.8026595Z  Images: 6
2026-07-26T12:52:05.8026889Z  Server Version: 28.0.4
2026-07-26T12:52:05.8027187Z  Storage Driver: overlay2
2026-07-26T12:52:05.8027428Z   Backing Filesystem: extfs
2026-07-26T12:52:05.8027665Z   Supports d_type: true
2026-07-26T12:52:05.8028226Z   Using metacopy: false
2026-07-26T12:52:05.8028462Z   Native Overlay Diff: false
2026-07-26T12:52:05.8028695Z   userxattr: false
2026-07-26T12:52:05.8028910Z  Logging Driver: json-file
2026-07-26T12:52:05.8029139Z  Cgroup Driver: systemd
2026-07-26T12:52:05.8029352Z  Cgroup Version: 2
2026-07-26T12:52:05.8029548Z  Plugins:
2026-07-26T12:52:05.8029742Z   Volume: local
2026-07-26T12:52:05.8029994Z   Network: bridge host ipvlan macvlan null overlay
2026-07-26T12:52:05.8030784Z   Log: awslogs fluentd gcplogs gelf journald json-file local splunk syslog
2026-07-26T12:52:05.8031186Z  Swarm: inactive
2026-07-26T12:52:05.8031427Z  Runtimes: io.containerd.runc.v2 runc
2026-07-26T12:52:05.8031708Z  Default Runtime: runc
2026-07-26T12:52:05.8031944Z  Init Binary: docker-init
2026-07-26T12:52:05.8032271Z  containerd version: 11ce9d5f3c68c941867e82890e93e815c1304f1b
2026-07-26T12:52:05.8032633Z  runc version: v1.3.6-0-g491b69ba
2026-07-26T12:52:05.8032893Z  init version: de40ad0
2026-07-26T12:52:05.8033112Z  Security Options:
2026-07-26T12:52:05.8033319Z   apparmor
2026-07-26T12:52:05.8033518Z   seccomp
2026-07-26T12:52:05.8033705Z    Profile: builtin
2026-07-26T12:52:05.8033989Z   cgroupns
2026-07-26T12:52:05.8034269Z  Kernel Version: 6.17.0-1020-azure
2026-07-26T12:52:05.8034549Z  Operating System: Ubuntu 24.04.4 LTS
2026-07-26T12:52:05.8034806Z  OSType: linux
2026-07-26T12:52:05.8035010Z  Architecture: x86_64
2026-07-26T12:52:05.8035223Z  CPUs: 4
2026-07-26T12:52:05.8035418Z  Total Memory: 15.61GiB
2026-07-26T12:52:05.8035638Z  Name: runnervmvrwv9
2026-07-26T12:52:05.8035886Z  ID: dce1e4a9-fc26-4218-aaf0-feee5194c8cb
2026-07-26T12:52:05.8036184Z  Docker Root Dir: /var/lib/docker
2026-07-26T12:52:05.8036433Z  Debug Mode: false
2026-07-26T12:52:05.8036651Z  Username: githubactions
2026-07-26T12:52:05.8036880Z  Experimental: false
2026-07-26T12:52:05.8037273Z  Insecure Registries:
2026-07-26T12:52:05.8042088Z   ::1/128
2026-07-26T12:52:05.8042317Z   127.0.0.0/8
2026-07-26T12:52:05.8042547Z  Live Restore Enabled: false
2026-07-26T12:52:05.8042728Z 
2026-07-26T12:52:05.8051883Z ##[endgroup]
2026-07-26T12:52:05.8909880Z ##[group]Buildx version
2026-07-26T12:52:05.8940695Z [command]/usr/bin/docker buildx version
2026-07-26T12:52:05.9437205Z github.com/docker/buildx v0.35.0 a319e5b15052cf6557ceb666eb8ff6e32380b782
2026-07-26T12:52:05.9469243Z ##[endgroup]
2026-07-26T12:52:05.9622867Z ##[group]Inspecting default docker context
2026-07-26T12:52:05.9771616Z [
2026-07-26T12:52:05.9772239Z   {
2026-07-26T12:52:05.9772585Z     "Name": "default",
2026-07-26T12:52:05.9773006Z     "Metadata": {},
2026-07-26T12:52:05.9773446Z     "Endpoints": {
2026-07-26T12:52:05.9773850Z       "docker": {
2026-07-26T12:52:05.9774333Z         "Host": "unix:///var/run/docker.sock",
2026-07-26T12:52:05.9774941Z         "SkipTLSVerify": false
2026-07-26T12:52:05.9775440Z       }
2026-07-26T12:52:05.9775787Z     },
2026-07-26T12:52:05.9776121Z     "TLSMaterial": {},
2026-07-26T12:52:05.9776563Z     "Storage": {
2026-07-26T12:52:05.9777033Z       "MetadataPath": "<IN MEMORY>",
2026-07-26T12:52:05.9777594Z       "TLSPath": "<IN MEMORY>"
2026-07-26T12:52:05.9778062Z     }
2026-07-26T12:52:05.9778417Z   }
2026-07-26T12:52:05.9778755Z ]
2026-07-26T12:52:05.9779599Z ##[endgroup]
2026-07-26T12:52:05.9780631Z ##[group]Creating a new builder instance
2026-07-26T12:52:06.1036676Z [command]/usr/bin/docker buildx create --name builder-4341347b-b470-4635-8e2f-0c43c29df18e --driver docker-container --buildkitd-flags --allow-insecure-entitlement security.insecure --allow-insecure-entitlement network.host --use
2026-07-26T12:52:06.2131812Z builder-4341347b-b470-4635-8e2f-0c43c29df18e
2026-07-26T12:52:06.2167336Z ##[endgroup]
2026-07-26T12:52:06.2168067Z ##[group]Booting builder
2026-07-26T12:52:06.2204218Z [command]/usr/bin/docker buildx inspect --bootstrap --builder builder-4341347b-b470-4635-8e2f-0c43c29df18e
2026-07-26T12:52:06.3101308Z #1 [internal] booting buildkit
2026-07-26T12:52:06.4599667Z #1 pulling image moby/buildkit:buildx-stable-1
2026-07-26T12:52:10.7868227Z #1 pulling image moby/buildkit:buildx-stable-1 4.5s done
2026-07-26T12:52:10.9373493Z #1 creating container buildx_buildkit_builder-4341347b-b470-4635-8e2f-0c43c29df18e0
2026-07-26T12:52:11.1196164Z #1 creating container buildx_buildkit_builder-4341347b-b470-4635-8e2f-0c43c29df18e0 0.3s done
2026-07-26T12:52:11.1213742Z #1 DONE 4.8s
2026-07-26T12:52:11.1535942Z Name:          builder-4341347b-b470-4635-8e2f-0c43c29df18e
2026-07-26T12:52:11.1536679Z Driver:        docker-container
2026-07-26T12:52:11.1537710Z Last Activity: 2026-07-26 12:52:06 +0000 UTC
2026-07-26T12:52:11.1538369Z 
2026-07-26T12:52:11.1538727Z Nodes:
2026-07-26T12:52:11.1539525Z Name:                  builder-4341347b-b470-4635-8e2f-0c43c29df18e0
2026-07-26T12:52:11.1540767Z Endpoint:              unix:///var/run/docker.sock
2026-07-26T12:52:11.1541677Z Status:                running
2026-07-26T12:52:11.1542911Z BuildKit daemon flags: --allow-insecure-entitlement security.insecure --allow-insecure-entitlement network.host
2026-07-26T12:52:11.1544238Z BuildKit version:      v0.31.2
2026-07-26T12:52:11.1544983Z Platforms:             linux/amd64, linux/amd64/v2, linux/amd64/v3, linux/386
2026-07-26T12:52:11.1545556Z Labels:
2026-07-26T12:52:11.1545825Z  org.mobyproject.buildkit.worker.executor:         oci
2026-07-26T12:52:11.1546261Z  org.mobyproject.buildkit.worker.hostname:         0404deac5b2a
2026-07-26T12:52:11.1546684Z  org.mobyproject.buildkit.worker.network:          host
2026-07-26T12:52:11.1547100Z  org.mobyproject.buildkit.worker.oci.process-mode: sandbox
2026-07-26T12:52:11.1547542Z  org.mobyproject.buildkit.worker.selinux.enabled:  false
2026-07-26T12:52:11.1547965Z  org.mobyproject.buildkit.worker.snapshotter:      overlayfs
2026-07-26T12:52:11.1548308Z GC Policy rule#0:
2026-07-26T12:52:11.1548628Z  All:            false
2026-07-26T12:52:11.1549304Z  Filters:        type==source.local type==exec.cachemount type==source.git.checkout
2026-07-26T12:52:11.1549703Z  Keep Duration:  48h0m0s
2026-07-26T12:52:11.1549930Z  Max Used Space: 488.3MiB
2026-07-26T12:52:11.1550646Z GC Policy rule#1:
2026-07-26T12:52:11.1550916Z  All:            false
2026-07-26T12:52:11.1551154Z  Keep Duration:  1440h0m0s
2026-07-26T12:52:11.1551426Z  Reserved Space: 9.313GiB
2026-07-26T12:52:11.1551818Z  Max Used Space: 93.13GiB
2026-07-26T12:52:11.1552048Z  Min Free Space: 27.01GiB
2026-07-26T12:52:11.1552262Z GC Policy rule#2:
2026-07-26T12:52:11.1552457Z  All:            false
2026-07-26T12:52:11.1552664Z  Reserved Space: 9.313GiB
2026-07-26T12:52:11.1553038Z  Max Used Space: 93.13GiB
2026-07-26T12:52:11.1553258Z  Min Free Space: 27.01GiB
2026-07-26T12:52:11.1553469Z GC Policy rule#3:
2026-07-26T12:52:11.1553667Z  All:            true
2026-07-26T12:52:11.1553879Z  Reserved Space: 9.313GiB
2026-07-26T12:52:11.1554250Z  Max Used Space: 93.13GiB
2026-07-26T12:52:11.1554467Z  Min Free Space: 27.01GiB
2026-07-26T12:52:11.1602758Z ##[endgroup]
2026-07-26T12:52:11.2571683Z ##[group]Inspect builder
2026-07-26T12:52:11.2572392Z {
2026-07-26T12:52:11.2573057Z   "nodes": [
2026-07-26T12:52:11.2573402Z     {
2026-07-26T12:52:11.2573855Z       "name": "builder-4341347b-b470-4635-8e2f-0c43c29df18e0",
2026-07-26T12:52:11.2574506Z       "endpoint": "unix:///var/run/docker.sock",
2026-07-26T12:52:11.2575032Z       "status": "running",
2026-07-26T12:52:11.2575989Z       "buildkitd-flags": "--allow-insecure-entitlement security.insecure --allow-insecure-entitlement network.host",
2026-07-26T12:52:11.2576987Z       "buildkit": "v0.31.2",
2026-07-26T12:52:11.2577524Z       "platforms": "linux/amd64,linux/amd64/v2,linux/amd64/v3,linux/386",
2026-07-26T12:52:11.2578075Z       "features": {
2026-07-26T12:52:11.2578571Z         "Automatically load images to the Docker Engine image store": true,
2026-07-26T12:52:11.2579163Z         "Cache export": true,
2026-07-26T12:52:11.2579583Z         "Direct push": true,
2026-07-26T12:52:11.2579994Z         "Docker exporter": true,
2026-07-26T12:52:11.2580730Z         "Multi-platform build": true,
2026-07-26T12:52:11.2581224Z         "OCI exporter": true
2026-07-26T12:52:11.2581955Z       },
2026-07-26T12:52:11.2582259Z       "labels": {
2026-07-26T12:52:11.2582677Z         "org.mobyproject.buildkit.worker.executor": "oci",
2026-07-26T12:52:11.2583328Z         "org.mobyproject.buildkit.worker.hostname": "0404deac5b2a",
2026-07-26T12:52:11.2584038Z         "org.mobyproject.buildkit.worker.network": "host",
2026-07-26T12:52:11.2584788Z         "org.mobyproject.buildkit.worker.oci.process-mode": "sandbox",
2026-07-26T12:52:11.2585544Z         "org.mobyproject.buildkit.worker.selinux.enabled": "false",
2026-07-26T12:52:11.2586340Z         "org.mobyproject.buildkit.worker.snapshotter": "overlayfs"
2026-07-26T12:52:11.2587009Z       },
2026-07-26T12:52:11.2587431Z       "gcPolicy": [
2026-07-26T12:52:11.2587831Z         {
2026-07-26T12:52:11.2588150Z           "all": false,
2026-07-26T12:52:11.2588530Z           "filter": [
2026-07-26T12:52:11.2589114Z             "type==source.local type==exec.cachemount type==source.git.checkout"
2026-07-26T12:52:11.2589761Z           ],
2026-07-26T12:52:11.2590353Z           "keepDuration": "48h0m0s",
2026-07-26T12:52:11.2590798Z           "maxUsedSpace": "488.3MiB"
2026-07-26T12:52:11.2591233Z         },
2026-07-26T12:52:11.2591585Z         {
2026-07-26T12:52:11.2591918Z           "all": false,
2026-07-26T12:52:11.2592278Z           "keepDuration": "1440h0m0s",
2026-07-26T12:52:11.2592753Z           "reservedSpace": "9.313GiB",
2026-07-26T12:52:11.2593236Z           "maxUsedSpace": "93.13GiB",
2026-07-26T12:52:11.2593696Z           "minFreeSpace": "27.01GiB"
2026-07-26T12:52:11.2594282Z         },
2026-07-26T12:52:11.2594628Z         {
2026-07-26T12:52:11.2594980Z           "all": false,
2026-07-26T12:52:11.2595373Z           "reservedSpace": "9.313GiB",
2026-07-26T12:52:11.2595864Z           "maxUsedSpace": "93.13GiB",
2026-07-26T12:52:11.2596617Z           "minFreeSpace": "27.01GiB"
2026-07-26T12:52:11.2597046Z         },
2026-07-26T12:52:11.2597363Z         {
2026-07-26T12:52:11.2597685Z           "all": true,
2026-07-26T12:52:11.2598105Z           "reservedSpace": "9.313GiB",
2026-07-26T12:52:11.2598579Z           "maxUsedSpace": "93.13GiB",
2026-07-26T12:52:11.2599041Z           "minFreeSpace": "27.01GiB"
2026-07-26T12:52:11.2599493Z         }
2026-07-26T12:52:11.2599808Z       ]
2026-07-26T12:52:11.2600518Z     }
2026-07-26T12:52:11.2600851Z   ],
2026-07-26T12:52:11.2601282Z   "name": "builder-4341347b-b470-4635-8e2f-0c43c29df18e",
2026-07-26T12:52:11.2601893Z   "driver": "docker-container",
2026-07-26T12:52:11.2602391Z   "lastActivity": "2026-07-26T12:52:06.000Z"
2026-07-26T12:52:11.2602854Z }
2026-07-26T12:52:11.2603578Z ##[endgroup]
2026-07-26T12:52:11.2604259Z ##[group]BuildKit version
2026-07-26T12:52:11.2604843Z builder-4341347b-b470-4635-8e2f-0c43c29df18e0: v0.31.2
2026-07-26T12:52:11.2605778Z ##[endgroup]
2026-07-26T12:52:11.2789413Z Node 20 is being deprecated. This workflow is running with Node 24 by default. If you need to temporarily use Node 20, you can set the ACTIONS_ALLOW_USE_UNSECURE_NODE_VERSION=true environment variable. For more information see: https://github.blog/changelog/2025-09-19-deprecation-of-node-20-on-github-actions-runners/
2026-07-26T12:52:11.2790912Z ##[group]Run docker/login-action@v3
2026-07-26T12:52:11.2791163Z with:
2026-07-26T12:52:11.2791343Z   registry: ghcr.io
2026-07-26T12:52:11.2791553Z   username: pkinerd
2026-07-26T12:52:11.2793928Z   password: ***
2026-07-26T12:52:11.2794139Z   logout: true
2026-07-26T12:52:11.2794324Z env:
2026-07-26T12:52:11.2794503Z   REGISTRY: ghcr.io
2026-07-26T12:52:11.2794717Z   IMAGE_NAME: pkinerd/ednsv
2026-07-26T12:52:11.2794941Z ##[endgroup]
2026-07-26T12:52:11.6026739Z Logging into ghcr.io...
2026-07-26T12:52:11.6050991Z (node:2731) [DEP0040] DeprecationWarning: The `punycode` module is deprecated. Please use a userland alternative instead.
2026-07-26T12:52:11.6052049Z (Use `node --trace-deprecation ...` to show where the warning was created)
2026-07-26T12:52:12.0934619Z Login Succeeded!
2026-07-26T12:52:12.1097491Z Node 20 is being deprecated. This workflow is running with Node 24 by default. If you need to temporarily use Node 20, you can set the ACTIONS_ALLOW_USE_UNSECURE_NODE_VERSION=true environment variable. For more information see: https://github.blog/changelog/2025-09-19-deprecation-of-node-20-on-github-actions-runners/
2026-07-26T12:52:12.1098792Z ##[group]Run docker/metadata-action@v5
2026-07-26T12:52:12.1099052Z with:
2026-07-26T12:52:12.1099252Z   images: ghcr.io/pkinerd/ednsv
2026-07-26T12:52:12.1100302Z   tags: type=ref,event=branch,prefix=branch-
type=ref,event=pr,prefix=pr-
type=sha,format=short,prefix=sha-
type=raw,value=latest,enable={{is_default_branch}}
type=raw,value=latest-any

2026-07-26T12:52:12.1101078Z   context: workflow
2026-07-26T12:52:12.1103430Z   github-token: ***
2026-07-26T12:52:12.1103639Z env:
2026-07-26T12:52:12.1103814Z   REGISTRY: ghcr.io
2026-07-26T12:52:12.1104043Z   IMAGE_NAME: pkinerd/ednsv
2026-07-26T12:52:12.1104270Z ##[endgroup]
2026-07-26T12:52:12.5064385Z (node:2752) [DEP0040] DeprecationWarning: The `punycode` module is deprecated. Please use a userland alternative instead.
2026-07-26T12:52:12.5065664Z (Use `node --trace-deprecation ...` to show where the warning was created)
2026-07-26T12:52:13.6313274Z ##[group]Context info
2026-07-26T12:52:13.6313684Z eventName: pull_request
2026-07-26T12:52:13.6314192Z sha: e03920fd901d9b72fd60f345b7d7897c02ef678d
2026-07-26T12:52:13.6314998Z ref: refs/pull/28/merge
2026-07-26T12:52:13.6315516Z workflow: CI
2026-07-26T12:52:13.6315901Z action: meta
2026-07-26T12:52:13.6316296Z actor: pkinerd
2026-07-26T12:52:13.6316719Z runNumber: 223
2026-07-26T12:52:13.6317104Z runId: 30202884707
2026-07-26T12:52:13.6317741Z commitDate: Sun Jul 26 2026 12:51:17 GMT+0000 (Coordinated Universal Time)
2026-07-26T12:52:13.6318967Z ##[endgroup]
2026-07-26T12:52:13.6324206Z ##[group]Processing images input
2026-07-26T12:52:13.6325379Z name=ghcr.io/pkinerd/ednsv,enable=true
2026-07-26T12:52:13.6326310Z ##[endgroup]
2026-07-26T12:52:13.6348369Z ##[group]Processing tags input
2026-07-26T12:52:13.6349107Z type=ref,event=branch,prefix=branch-,enable=true,priority=600
2026-07-26T12:52:13.6349924Z type=ref,event=pr,prefix=pr-,enable=true,priority=600
2026-07-26T12:52:13.6351059Z type=raw,value=latest,enable={{is_default_branch}},priority=200
2026-07-26T12:52:13.6351941Z type=raw,value=latest-any,enable=true,priority=200
2026-07-26T12:52:13.6352776Z type=sha,format=short,prefix=sha-,enable=true,priority=100
2026-07-26T12:52:13.6353856Z ##[endgroup]
2026-07-26T12:52:13.6354652Z ##[group]Processing flavor input
2026-07-26T12:52:13.6355227Z latest=auto
2026-07-26T12:52:13.6355588Z prefix=
2026-07-26T12:52:13.6355915Z prefixLatest=false
2026-07-26T12:52:13.6356272Z suffix=
2026-07-26T12:52:13.6356634Z suffixLatest=false
2026-07-26T12:52:13.6357298Z ##[endgroup]
2026-07-26T12:52:13.6425060Z ##[group]Docker image version
2026-07-26T12:52:13.6425561Z pr-28
2026-07-26T12:52:13.6426187Z ##[endgroup]
2026-07-26T12:52:13.6431301Z ##[group]Docker tags
2026-07-26T12:52:13.6431806Z ghcr.io/pkinerd/ednsv:pr-28
2026-07-26T12:52:13.6432259Z ghcr.io/pkinerd/ednsv:latest-any
2026-07-26T12:52:13.6432728Z ghcr.io/pkinerd/ednsv:sha-e03920f
2026-07-26T12:52:13.6433351Z ##[endgroup]
2026-07-26T12:52:13.6509798Z ##[group]Docker labels
2026-07-26T12:52:13.6510813Z org.opencontainers.image.created=2026-07-26T12:52:13.634Z
2026-07-26T12:52:13.6512269Z org.opencontainers.image.description=
2026-07-26T12:52:13.6512841Z org.opencontainers.image.licenses=
2026-07-26T12:52:13.6513568Z org.opencontainers.image.revision=e03920fd901d9b72fd60f345b7d7897c02ef678d
2026-07-26T12:52:13.6514509Z org.opencontainers.image.source=https://github.com/pkinerd/ednsv
2026-07-26T12:52:13.6515234Z org.opencontainers.image.title=ednsv
2026-07-26T12:52:13.6515878Z org.opencontainers.image.url=https://github.com/pkinerd/ednsv
2026-07-26T12:52:13.6516590Z org.opencontainers.image.version=pr-28
2026-07-26T12:52:13.6517627Z ##[endgroup]
2026-07-26T12:52:13.6518428Z ##[group]Annotations
2026-07-26T12:52:13.6519602Z manifest:org.opencontainers.image.created=2026-07-26T12:52:13.634Z
2026-07-26T12:52:13.6521059Z manifest:org.opencontainers.image.description=
2026-07-26T12:52:13.6521874Z manifest:org.opencontainers.image.licenses=
2026-07-26T12:52:13.6522850Z manifest:org.opencontainers.image.revision=e03920fd901d9b72fd60f345b7d7897c02ef678d
2026-07-26T12:52:13.6523999Z manifest:org.opencontainers.image.source=https://github.com/pkinerd/ednsv
2026-07-26T12:52:13.6524970Z manifest:org.opencontainers.image.title=ednsv
2026-07-26T12:52:13.6525856Z manifest:org.opencontainers.image.url=https://github.com/pkinerd/ednsv
2026-07-26T12:52:13.6526793Z manifest:org.opencontainers.image.version=pr-28
2026-07-26T12:52:13.6527727Z ##[endgroup]
2026-07-26T12:52:13.6528431Z ##[group]JSON output
2026-07-26T12:52:13.6528867Z {
2026-07-26T12:52:13.6529173Z   "tags": [
2026-07-26T12:52:13.6529510Z     "ghcr.io/pkinerd/ednsv:pr-28",
2026-07-26T12:52:13.6530340Z     "ghcr.io/pkinerd/ednsv:latest-any",
2026-07-26T12:52:13.6530972Z     "ghcr.io/pkinerd/ednsv:sha-e03920f"
2026-07-26T12:52:13.6531513Z   ],
2026-07-26T12:52:13.6531838Z   "tag-names": [
2026-07-26T12:52:13.6532167Z     "pr-28",
2026-07-26T12:52:13.6532577Z     "latest-any",
2026-07-26T12:52:13.6532932Z     "sha-e03920f"
2026-07-26T12:52:13.6533329Z   ],
2026-07-26T12:52:13.6533640Z   "labels": {
2026-07-26T12:52:13.6534227Z     "org.opencontainers.image.created": "2026-07-26T12:52:13.634Z",
2026-07-26T12:52:13.6535027Z     "org.opencontainers.image.description": "",
2026-07-26T12:52:13.6535727Z     "org.opencontainers.image.licenses": "",
2026-07-26T12:52:13.6536599Z     "org.opencontainers.image.revision": "e03920fd901d9b72fd60f345b7d7897c02ef678d",
2026-07-26T12:52:13.6537730Z     "org.opencontainers.image.source": "https://github.com/pkinerd/ednsv",
2026-07-26T12:52:13.6538614Z     "org.opencontainers.image.title": "ednsv",
2026-07-26T12:52:13.6542031Z     "org.opencontainers.image.url": "https://github.com/pkinerd/ednsv",
2026-07-26T12:52:13.6543043Z     "org.opencontainers.image.version": "pr-28"
2026-07-26T12:52:13.6543357Z   },
2026-07-26T12:52:13.6543547Z   "annotations": [
2026-07-26T12:52:13.6543883Z     "manifest:org.opencontainers.image.created=2026-07-26T12:52:13.634Z",
2026-07-26T12:52:13.6544392Z     "manifest:org.opencontainers.image.description=",
2026-07-26T12:52:13.6544770Z     "manifest:org.opencontainers.image.licenses=",
2026-07-26T12:52:13.6545232Z     "manifest:org.opencontainers.image.revision=e03920fd901d9b72fd60f345b7d7897c02ef678d",
2026-07-26T12:52:13.6545846Z     "manifest:org.opencontainers.image.source=https://github.com/pkinerd/ednsv",
2026-07-26T12:52:13.6546315Z     "manifest:org.opencontainers.image.title=ednsv",
2026-07-26T12:52:13.6546772Z     "manifest:org.opencontainers.image.url=https://github.com/pkinerd/ednsv",
2026-07-26T12:52:13.6547220Z     "manifest:org.opencontainers.image.version=pr-28"
2026-07-26T12:52:13.6547556Z   ]
2026-07-26T12:52:13.6547748Z }
2026-07-26T12:52:13.6548125Z ##[endgroup]
2026-07-26T12:52:13.6548485Z ##[group]Bake file definition (tags)
2026-07-26T12:52:13.6548729Z {
2026-07-26T12:52:13.6548892Z   "target": {
2026-07-26T12:52:13.6549140Z     "docker-metadata-action": {
2026-07-26T12:52:13.6549395Z       "tags": [
2026-07-26T12:52:13.6549676Z         "ghcr.io/pkinerd/ednsv:pr-28",
2026-07-26T12:52:13.6549991Z         "ghcr.io/pkinerd/ednsv:latest-any",
2026-07-26T12:52:13.6550770Z         "ghcr.io/pkinerd/ednsv:sha-e03920f"
2026-07-26T12:52:13.6551251Z       ],
2026-07-26T12:52:13.6551544Z       "args": {
2026-07-26T12:52:13.6551805Z         "DOCKER_META_IMAGES": "ghcr.io/pkinerd/ednsv",
2026-07-26T12:52:13.6552132Z         "DOCKER_META_VERSION": "pr-28"
2026-07-26T12:52:13.6552395Z       }
2026-07-26T12:52:13.6552578Z     }
2026-07-26T12:52:13.6552745Z   }
2026-07-26T12:52:13.6552926Z }
2026-07-26T12:52:13.6553317Z ##[endgroup]
2026-07-26T12:52:13.6553755Z ##[group]Bake file definition (labels)
2026-07-26T12:52:13.6554005Z {
2026-07-26T12:52:13.6554188Z   "target": {
2026-07-26T12:52:13.6554622Z     "docker-metadata-action": {
2026-07-26T12:52:13.6554909Z       "labels": {
2026-07-26T12:52:13.6555213Z         "org.opencontainers.image.created": "2026-07-26T12:52:13.634Z",
2026-07-26T12:52:13.6555654Z         "org.opencontainers.image.description": "",
2026-07-26T12:52:13.6556010Z         "org.opencontainers.image.licenses": "",
2026-07-26T12:52:13.6556482Z         "org.opencontainers.image.revision": "e03920fd901d9b72fd60f345b7d7897c02ef678d",
2026-07-26T12:52:13.6557035Z         "org.opencontainers.image.source": "https://github.com/pkinerd/ednsv",
2026-07-26T12:52:13.6557540Z         "org.opencontainers.image.title": "ednsv",
2026-07-26T12:52:13.6558006Z         "org.opencontainers.image.url": "https://github.com/pkinerd/ednsv",
2026-07-26T12:52:13.6558463Z         "org.opencontainers.image.version": "pr-28"
2026-07-26T12:52:13.6558797Z       }
2026-07-26T12:52:13.6558981Z     }
2026-07-26T12:52:13.6559169Z   }
2026-07-26T12:52:13.6559334Z }
2026-07-26T12:52:13.6559689Z ##[endgroup]
2026-07-26T12:52:13.6560348Z ##[group]Bake file definition (annotations)
2026-07-26T12:52:13.6560765Z {
2026-07-26T12:52:13.6560934Z   "target": {
2026-07-26T12:52:13.6561155Z     "docker-metadata-action": {
2026-07-26T12:52:13.6561431Z       "annotations": [
2026-07-26T12:52:13.6561774Z         "manifest:org.opencontainers.image.created=2026-07-26T12:52:13.634Z",
2026-07-26T12:52:13.6562247Z         "manifest:org.opencontainers.image.description=",
2026-07-26T12:52:13.6562641Z         "manifest:org.opencontainers.image.licenses=",
2026-07-26T12:52:13.6563193Z         "manifest:org.opencontainers.image.revision=e03920fd901d9b72fd60f345b7d7897c02ef678d",
2026-07-26T12:52:13.6563863Z         "manifest:org.opencontainers.image.source=https://github.com/pkinerd/ednsv",
2026-07-26T12:52:13.6564368Z         "manifest:org.opencontainers.image.title=ednsv",
2026-07-26T12:52:13.6564849Z         "manifest:org.opencontainers.image.url=https://github.com/pkinerd/ednsv",
2026-07-26T12:52:13.6565537Z         "manifest:org.opencontainers.image.version=pr-28"
2026-07-26T12:52:13.6565874Z       ]
2026-07-26T12:52:13.6566036Z     }
2026-07-26T12:52:13.6566220Z   }
2026-07-26T12:52:13.6566400Z }
2026-07-26T12:52:13.6566760Z ##[endgroup]
2026-07-26T12:52:13.6743180Z Node 20 is being deprecated. This workflow is running with Node 24 by default. If you need to temporarily use Node 20, you can set the ACTIONS_ALLOW_USE_UNSECURE_NODE_VERSION=true environment variable. For more information see: https://github.blog/changelog/2025-09-19-deprecation-of-node-20-on-github-actions-runners/
2026-07-26T12:52:13.6744493Z ##[group]Run docker/build-push-action@v6
2026-07-26T12:52:13.6744761Z with:
2026-07-26T12:52:13.6744944Z   context: .
2026-07-26T12:52:13.6745133Z   file: ./Dockerfile
2026-07-26T12:52:13.6745334Z   push: true
2026-07-26T12:52:13.6745744Z   tags: ghcr.io/pkinerd/ednsv:pr-28
ghcr.io/pkinerd/ednsv:latest-any
ghcr.io/pkinerd/ednsv:sha-e03920f
2026-07-26T12:52:13.6747671Z   labels: org.opencontainers.image.created=2026-07-26T12:52:13.634Z
org.opencontainers.image.description=
org.opencontainers.image.licenses=
org.opencontainers.image.revision=e03920fd901d9b72fd60f345b7d7897c02ef678d
org.opencontainers.image.source=https://github.com/pkinerd/ednsv
org.opencontainers.image.title=ednsv
org.opencontainers.image.url=https://github.com/pkinerd/ednsv
org.opencontainers.image.version=pr-28
2026-07-26T12:52:13.6749308Z   cache-from: type=gha
2026-07-26T12:52:13.6749536Z   cache-to: type=gha,mode=max
2026-07-26T12:52:13.6749773Z   load: false
2026-07-26T12:52:13.6749964Z   no-cache: false
2026-07-26T12:52:13.6750335Z   pull: false
2026-07-26T12:52:13.6752627Z   github-token: ***
2026-07-26T12:52:13.6752833Z env:
2026-07-26T12:52:13.6753008Z   REGISTRY: ghcr.io
2026-07-26T12:52:13.6753221Z   IMAGE_NAME: pkinerd/ednsv
2026-07-26T12:52:13.6753476Z   DOCKER_METADATA_OUTPUT_VERSION: pr-28
2026-07-26T12:52:13.6754041Z   DOCKER_METADATA_OUTPUT_TAGS: ghcr.io/pkinerd/ednsv:pr-28
ghcr.io/pkinerd/ednsv:latest-any
ghcr.io/pkinerd/ednsv:sha-e03920f
2026-07-26T12:52:13.6754703Z   DOCKER_METADATA_OUTPUT_TAG_NAMES: pr-28
latest-any
sha-e03920f
2026-07-26T12:52:13.6756529Z   DOCKER_METADATA_OUTPUT_LABELS: org.opencontainers.image.created=2026-07-26T12:52:13.634Z
org.opencontainers.image.description=
org.opencontainers.image.licenses=
org.opencontainers.image.revision=e03920fd901d9b72fd60f345b7d7897c02ef678d
org.opencontainers.image.source=https://github.com/pkinerd/ednsv
org.opencontainers.image.title=ednsv
org.opencontainers.image.url=https://github.com/pkinerd/ednsv
org.opencontainers.image.version=pr-28
2026-07-26T12:52:13.6760721Z   DOCKER_METADATA_OUTPUT_ANNOTATIONS: manifest:org.opencontainers.image.created=2026-07-26T12:52:13.634Z
manifest:org.opencontainers.image.description=
manifest:org.opencontainers.image.licenses=
manifest:org.opencontainers.image.revision=e03920fd901d9b72fd60f345b7d7897c02ef678d
manifest:org.opencontainers.image.source=https://github.com/pkinerd/ednsv
manifest:org.opencontainers.image.title=ednsv
manifest:org.opencontainers.image.url=https://github.com/pkinerd/ednsv
manifest:org.opencontainers.image.version=pr-28
2026-07-26T12:52:13.6766877Z   DOCKER_METADATA_OUTPUT_JSON: {"tags":["ghcr.io/pkinerd/ednsv:pr-28","ghcr.io/pkinerd/ednsv:latest-any","ghcr.io/pkinerd/ednsv:sha-e03920f"],"tag-names":["pr-28","latest-any","sha-e03920f"],"labels":{"org.opencontainers.image.created":"2026-07-26T12:52:13.634Z","org.opencontainers.image.description":"","org.opencontainers.image.licenses":"","org.opencontainers.image.revision":"e03920fd901d9b72fd60f345b7d7897c02ef678d","org.opencontainers.image.source":"https://github.com/pkinerd/ednsv","org.opencontainers.image.title":"ednsv","org.opencontainers.image.url":"https://github.com/pkinerd/ednsv","org.opencontainers.image.version":"pr-28"},"annotations":["manifest:org.opencontainers.image.created=2026-07-26T12:52:13.634Z","manifest:org.opencontainers.image.description=","manifest:org.opencontainers.image.licenses=","manifest:org.opencontainers.image.revision=e03920fd901d9b72fd60f345b7d7897c02ef678d","manifest:org.opencontainers.image.source=https://github.com/pkinerd/ednsv","manifest:org.opencontainers.image.title=ednsv","manifest:org.opencontainers.image.url=https://github.com/pkinerd/ednsv","manifest:org.opencontainers.image.version=pr-28"]}
2026-07-26T12:52:13.6771837Z   DOCKER_METADATA_OUTPUT_BAKE_FILE_TAGS: /home/runner/work/_temp/docker-actions-toolkit-Lkqtj2/docker-metadata-action-bake-tags.json
2026-07-26T12:52:13.6772771Z   DOCKER_METADATA_OUTPUT_BAKE_FILE_LABELS: /home/runner/work/_temp/docker-actions-toolkit-Lkqtj2/docker-metadata-action-bake-labels.json
2026-07-26T12:52:13.6773757Z   DOCKER_METADATA_OUTPUT_BAKE_FILE_ANNOTATIONS: /home/runner/work/_temp/docker-actions-toolkit-Lkqtj2/docker-metadata-action-bake-annotations.json
2026-07-26T12:52:13.6774687Z   DOCKER_METADATA_OUTPUT_BAKE_FILE: /home/runner/work/_temp/docker-actions-toolkit-Lkqtj2/docker-metadata-action-bake.json
2026-07-26T12:52:13.6775238Z ##[endgroup]
2026-07-26T12:52:13.9258208Z (node:2765) [DEP0040] DeprecationWarning: The `punycode` module is deprecated. Please use a userland alternative instead.
2026-07-26T12:52:13.9259471Z (Use `node --trace-deprecation ...` to show where the warning was created)
2026-07-26T12:52:13.9279851Z ##[group]GitHub Actions runtime token ACs
2026-07-26T12:52:13.9288165Z refs/pull/28/merge: read/write
2026-07-26T12:52:13.9288581Z refs/heads/main: read
2026-07-26T12:52:13.9289568Z ##[endgroup]
2026-07-26T12:52:13.9290327Z ##[group]Docker info
2026-07-26T12:52:13.9336914Z [command]/usr/bin/docker version
2026-07-26T12:52:13.9542926Z Client: Docker Engine - Community
2026-07-26T12:52:13.9543742Z  Version:           28.0.4
2026-07-26T12:52:13.9546101Z  API version:       1.48
2026-07-26T12:52:13.9547125Z  Go version:        go1.23.7
2026-07-26T12:52:13.9547580Z  Git commit:        b8034c0
2026-07-26T12:52:13.9548049Z  Built:             Tue Mar 25 15:07:16 2025
2026-07-26T12:52:13.9548440Z  OS/Arch:           linux/amd64
2026-07-26T12:52:13.9548838Z  Context:           default
2026-07-26T12:52:13.9549065Z 
2026-07-26T12:52:13.9549198Z Server: Docker Engine - Community
2026-07-26T12:52:13.9549565Z  Engine:
2026-07-26T12:52:13.9549891Z   Version:          28.0.4
2026-07-26T12:52:13.9550673Z   API version:      1.48 (minimum version 1.24)
2026-07-26T12:52:13.9551127Z   Go version:       go1.23.7
2026-07-26T12:52:13.9551542Z   Git commit:       6430e49
2026-07-26T12:52:13.9551887Z   Built:            Tue Mar 25 15:07:16 2025
2026-07-26T12:52:13.9552320Z   OS/Arch:          linux/amd64
2026-07-26T12:52:13.9552665Z   Experimental:     false
2026-07-26T12:52:13.9552977Z  containerd:
2026-07-26T12:52:13.9572689Z   Version:          v2.2.6
2026-07-26T12:52:13.9573219Z   GitCommit:        11ce9d5f3c68c941867e82890e93e815c1304f1b
2026-07-26T12:52:13.9573812Z  runc:
2026-07-26T12:52:13.9574118Z   Version:          1.3.6
2026-07-26T12:52:13.9574494Z   GitCommit:        v1.3.6-0-g491b69ba
2026-07-26T12:52:13.9574834Z  docker-init:
2026-07-26T12:52:13.9575070Z   Version:          0.19.0
2026-07-26T12:52:13.9575423Z   GitCommit:        de40ad0
2026-07-26T12:52:13.9649271Z [command]/usr/bin/docker info
2026-07-26T12:52:14.0332765Z Client: Docker Engine - Community
2026-07-26T12:52:14.0333403Z  Version:    28.0.4
2026-07-26T12:52:14.0333795Z  Context:    default
2026-07-26T12:52:14.0334134Z  Debug Mode: false
2026-07-26T12:52:14.0334449Z  Plugins:
2026-07-26T12:52:14.0334770Z   buildx: Docker Buildx (Docker Inc.)
2026-07-26T12:52:14.0335191Z     Version:  v0.35.0
2026-07-26T12:52:14.0335635Z     Path:     /usr/libexec/docker/cli-plugins/docker-buildx
2026-07-26T12:52:14.0336193Z   compose: Docker Compose (Docker Inc.)
2026-07-26T12:52:14.0336620Z     Version:  v2.38.2
2026-07-26T12:52:14.0337070Z     Path:     /usr/libexec/docker/cli-plugins/docker-compose
2026-07-26T12:52:14.0337493Z 
2026-07-26T12:52:14.0337623Z Server:
2026-07-26T12:52:14.0337923Z  Containers: 1
2026-07-26T12:52:14.0338243Z   Running: 1
2026-07-26T12:52:14.0338550Z   Paused: 0
2026-07-26T12:52:14.0339473Z   Stopped: 0
2026-07-26T12:52:14.0339762Z  Images: 7
2026-07-26T12:52:14.0340889Z  Server Version: 28.0.4
2026-07-26T12:52:14.0341291Z  Storage Driver: overlay2
2026-07-26T12:52:14.0341672Z   Backing Filesystem: extfs
2026-07-26T12:52:14.0342053Z   Supports d_type: true
2026-07-26T12:52:14.0342655Z   Using metacopy: false
2026-07-26T12:52:14.0343031Z   Native Overlay Diff: false
2026-07-26T12:52:14.0343439Z   userxattr: false
2026-07-26T12:52:14.0343785Z  Logging Driver: json-file
2026-07-26T12:52:14.0344170Z  Cgroup Driver: systemd
2026-07-26T12:52:14.0344529Z  Cgroup Version: 2
2026-07-26T12:52:14.0344850Z  Plugins:
2026-07-26T12:52:14.0345144Z   Volume: local
2026-07-26T12:52:14.0345525Z   Network: bridge host ipvlan macvlan null overlay
2026-07-26T12:52:14.0346210Z   Log: awslogs fluentd gcplogs gelf journald json-file local splunk syslog
2026-07-26T12:52:14.0346838Z  Swarm: inactive
2026-07-26T12:52:14.0347233Z  Runtimes: io.containerd.runc.v2 runc
2026-07-26T12:52:14.0347676Z  Default Runtime: runc
2026-07-26T12:52:14.0348052Z  Init Binary: docker-init
2026-07-26T12:52:14.0348604Z  containerd version: 11ce9d5f3c68c941867e82890e93e815c1304f1b
2026-07-26T12:52:14.0349185Z  runc version: v1.3.6-0-g491b69ba
2026-07-26T12:52:14.0349609Z  init version: de40ad0
2026-07-26T12:52:14.0349982Z  Security Options:
2026-07-26T12:52:14.0350546Z   apparmor
2026-07-26T12:52:14.0350833Z   seccomp
2026-07-26T12:52:14.0351127Z    Profile: builtin
2026-07-26T12:52:14.0351459Z   cgroupns
2026-07-26T12:52:14.0351776Z  Kernel Version: 6.17.0-1020-azure
2026-07-26T12:52:14.0352202Z  Operating System: Ubuntu 24.04.4 LTS
2026-07-26T12:52:14.0352644Z  OSType: linux
2026-07-26T12:52:14.0352961Z  Architecture: x86_64
2026-07-26T12:52:14.0353288Z  CPUs: 4
2026-07-26T12:52:14.0353574Z  Total Memory: 15.61GiB
2026-07-26T12:52:14.0353917Z  Name: runnervmvrwv9
2026-07-26T12:52:14.0354285Z  ID: dce1e4a9-fc26-4218-aaf0-feee5194c8cb
2026-07-26T12:52:14.0354796Z  Docker Root Dir: /var/lib/docker
2026-07-26T12:52:14.0355208Z  Debug Mode: false
2026-07-26T12:52:14.0355558Z  Username: githubactions
2026-07-26T12:52:14.0355937Z  Experimental: false
2026-07-26T12:52:14.0356277Z  Insecure Registries:
2026-07-26T12:52:14.0356632Z   ::1/128
2026-07-26T12:52:14.0356905Z   127.0.0.0/8
2026-07-26T12:52:14.0357221Z  Live Restore Enabled: false
2026-07-26T12:52:14.0357479Z 
2026-07-26T12:52:14.0358091Z ##[endgroup]
2026-07-26T12:52:14.0358929Z ##[group]Proxy configuration
2026-07-26T12:52:14.0359818Z No proxy configuration found
2026-07-26T12:52:14.0360662Z ##[endgroup]
2026-07-26T12:52:14.0992784Z ##[group]Buildx version
2026-07-26T12:52:14.1017364Z [command]/usr/bin/docker buildx version
2026-07-26T12:52:14.1548882Z github.com/docker/buildx v0.35.0 a319e5b15052cf6557ceb666eb8ff6e32380b782
2026-07-26T12:52:14.1583292Z ##[endgroup]
2026-07-26T12:52:14.1583836Z ##[group]Builder info
2026-07-26T12:52:14.2472213Z {
2026-07-26T12:52:14.2472572Z   "nodes": [
2026-07-26T12:52:14.2472928Z     {
2026-07-26T12:52:14.2473248Z       "name": "builder-4341347b-b470-4635-8e2f-0c43c29df18e0",
2026-07-26T12:52:14.2473672Z       "endpoint": "unix:///var/run/docker.sock",
2026-07-26T12:52:14.2474009Z       "status": "running",
2026-07-26T12:52:14.2474545Z       "buildkitd-flags": "--allow-insecure-entitlement security.insecure --allow-insecure-entitlement network.host",
2026-07-26T12:52:14.2475093Z       "buildkit": "v0.31.2",
2026-07-26T12:52:14.2475454Z       "platforms": "linux/amd64,linux/amd64/v2,linux/amd64/v3,linux/386",
2026-07-26T12:52:14.2475819Z       "features": {
2026-07-26T12:52:14.2476140Z         "Automatically load images to the Docker Engine image store": true,
2026-07-26T12:52:14.2476525Z         "Cache export": true,
2026-07-26T12:52:14.2476757Z         "Direct push": true,
2026-07-26T12:52:14.2476990Z         "Docker exporter": true,
2026-07-26T12:52:14.2477262Z         "Multi-platform build": true,
2026-07-26T12:52:14.2477557Z         "OCI exporter": true
2026-07-26T12:52:14.2477779Z       },
2026-07-26T12:52:14.2477973Z       "labels": {
2026-07-26T12:52:14.2478570Z         "org.mobyproject.buildkit.worker.executor": "oci",
2026-07-26T12:52:14.2479005Z         "org.mobyproject.buildkit.worker.hostname": "0404deac5b2a",
2026-07-26T12:52:14.2479426Z         "org.mobyproject.buildkit.worker.network": "host",
2026-07-26T12:52:14.2479995Z         "org.mobyproject.buildkit.worker.oci.process-mode": "sandbox",
2026-07-26T12:52:14.2481162Z         "org.mobyproject.buildkit.worker.selinux.enabled": "false",
2026-07-26T12:52:14.2482046Z         "org.mobyproject.buildkit.worker.snapshotter": "overlayfs"
2026-07-26T12:52:14.2482673Z       },
2026-07-26T12:52:14.2483007Z       "gcPolicy": [
2026-07-26T12:52:14.2483392Z         {
2026-07-26T12:52:14.2483720Z           "all": false,
2026-07-26T12:52:14.2484109Z           "filter": [
2026-07-26T12:52:14.2484699Z             "type==source.local type==exec.cachemount type==source.git.checkout"
2026-07-26T12:52:14.2485331Z           ],
2026-07-26T12:52:14.2485537Z           "keepDuration": "48h0m0s",
2026-07-26T12:52:14.2485990Z           "maxUsedSpace": "488.3MiB"
2026-07-26T12:52:14.2486287Z         },
2026-07-26T12:52:14.2486460Z         {
2026-07-26T12:52:14.2486634Z           "all": false,
2026-07-26T12:52:14.2486860Z           "keepDuration": "1440h0m0s",
2026-07-26T12:52:14.2487132Z           "reservedSpace": "9.313GiB",
2026-07-26T12:52:14.2487392Z           "maxUsedSpace": "93.13GiB",
2026-07-26T12:52:14.2487646Z           "minFreeSpace": "27.01GiB"
2026-07-26T12:52:14.2487896Z         },
2026-07-26T12:52:14.2488062Z         {
2026-07-26T12:52:14.2488234Z           "all": false,
2026-07-26T12:52:14.2488473Z           "reservedSpace": "9.313GiB",
2026-07-26T12:52:14.2488728Z           "maxUsedSpace": "93.13GiB",
2026-07-26T12:52:14.2488991Z           "minFreeSpace": "27.01GiB"
2026-07-26T12:52:14.2489223Z         },
2026-07-26T12:52:14.2489395Z         {
2026-07-26T12:52:14.2489565Z           "all": true,
2026-07-26T12:52:14.2489776Z           "reservedSpace": "9.313GiB",
2026-07-26T12:52:14.2490997Z           "maxUsedSpace": "93.13GiB",
2026-07-26T12:52:14.2491357Z           "minFreeSpace": "27.01GiB"
2026-07-26T12:52:14.2491612Z         }
2026-07-26T12:52:14.2491790Z       ]
2026-07-26T12:52:14.2492120Z     }
2026-07-26T12:52:14.2492327Z   ],
2026-07-26T12:52:14.2492574Z   "name": "builder-4341347b-b470-4635-8e2f-0c43c29df18e",
2026-07-26T12:52:14.2492904Z   "driver": "docker-container",
2026-07-26T12:52:14.2493171Z   "lastActivity": "2026-07-26T12:52:06.000Z"
2026-07-26T12:52:14.2493426Z }
2026-07-26T12:52:14.2493844Z ##[endgroup]
2026-07-26T12:52:14.4170789Z [command]/usr/bin/docker buildx build --cache-from type=gha --cache-to type=gha,mode=max --file ./Dockerfile --iidfile /home/runner/work/_temp/docker-actions-toolkit-gCe1E3/build-iidfile-18ce8fe597.txt --label org.opencontainers.image.created=2026-07-26T12:52:13.634Z --label org.opencontainers.image.description= --label org.opencontainers.image.licenses= --label org.opencontainers.image.revision=e03920fd901d9b72fd60f345b7d7897c02ef678d --label org.opencontainers.image.source=https://github.com/pkinerd/ednsv --label org.opencontainers.image.title=ednsv --label org.opencontainers.image.url=https://github.com/pkinerd/ednsv --label org.opencontainers.image.version=pr-28 --attest type=provenance,mode=max,builder-id=https://github.com/pkinerd/ednsv/actions/runs/30202884707/attempts/1 --tag ghcr.io/pkinerd/ednsv:pr-28 --tag ghcr.io/pkinerd/ednsv:latest-any --tag ghcr.io/pkinerd/ednsv:sha-e03920f --metadata-file /home/runner/work/_temp/docker-actions-toolkit-gCe1E3/build-metadata-e51c16c49d.json --push .
2026-07-26T12:52:14.5253426Z #0 building with "builder-4341347b-b470-4635-8e2f-0c43c29df18e" instance using docker-container driver
2026-07-26T12:52:14.5254144Z 
2026-07-26T12:52:14.5254347Z #1 [internal] load build definition from Dockerfile
2026-07-26T12:52:14.6898313Z #1 transferring dockerfile: 827B done
2026-07-26T12:52:14.6898660Z #1 DONE 0.0s
2026-07-26T12:52:14.6898786Z 
2026-07-26T12:52:14.6899026Z #2 resolve image config for docker-image://docker.io/docker/dockerfile:1.7
2026-07-26T12:52:14.9121715Z #2 ...
2026-07-26T12:52:14.9121959Z 
2026-07-26T12:52:14.9122218Z #3 [auth] docker/dockerfile:pull token for registry-1.docker.io
2026-07-26T12:52:14.9122604Z #3 DONE 0.0s
2026-07-26T12:52:15.0624729Z 
2026-07-26T12:52:15.0625700Z #2 resolve image config for docker-image://docker.io/docker/dockerfile:1.7
2026-07-26T12:52:15.3477819Z #2 DONE 0.8s
2026-07-26T12:52:15.4955567Z 
2026-07-26T12:52:15.4957536Z #4 docker-image://docker.io/docker/dockerfile:1.7@sha256:a57df69d0ea827fb7266491f2813635de6f17269be881f696fbfdf2d83dda33e
2026-07-26T12:52:15.4959559Z #4 resolve docker.io/docker/dockerfile:1.7@sha256:a57df69d0ea827fb7266491f2813635de6f17269be881f696fbfdf2d83dda33e done
2026-07-26T12:52:15.4961775Z #4 sha256:96918c57e42509b97f10c074d80672ecdbd3bb7dcd38c1bd95960cf291207416 11.98MB / 11.98MB 0.1s done
2026-07-26T12:52:15.6498926Z #4 extracting sha256:96918c57e42509b97f10c074d80672ecdbd3bb7dcd38c1bd95960cf291207416 0.1s done
2026-07-26T12:52:15.6499628Z #4 DONE 0.2s
2026-07-26T12:52:15.6500313Z 
2026-07-26T12:52:15.6501223Z #5 [internal] load metadata for mcr.microsoft.com/dotnet/sdk:8.0
2026-07-26T12:52:15.8074608Z #5 ...
2026-07-26T12:52:15.8074850Z 
2026-07-26T12:52:15.8075188Z #6 [internal] load metadata for mcr.microsoft.com/dotnet/aspnet:8.0
2026-07-26T12:52:15.8075765Z #6 DONE 0.2s
2026-07-26T12:52:16.0215109Z 
2026-07-26T12:52:16.0215820Z #5 [internal] load metadata for mcr.microsoft.com/dotnet/sdk:8.0
2026-07-26T12:52:16.0216543Z #5 DONE 0.2s
2026-07-26T12:52:16.0216869Z 
2026-07-26T12:52:16.0217260Z #7 [internal] load .dockerignore
2026-07-26T12:52:16.0217704Z #7 transferring context: 249B done
2026-07-26T12:52:16.0218023Z #7 DONE 0.0s
2026-07-26T12:52:16.0218169Z 
2026-07-26T12:52:16.0218470Z #8 [internal] load build context
2026-07-26T12:52:16.0219081Z #8 DONE 0.0s
2026-07-26T12:52:16.0219375Z 
2026-07-26T12:52:16.0220673Z #9 [runtime 1/3] FROM mcr.microsoft.com/dotnet/aspnet:8.0@sha256:8f6a307ae32fb393a4b4bcde0a81f0ce3f0a715de0e5575df71f3030448f2dde
2026-07-26T12:52:16.0222321Z #9 resolve mcr.microsoft.com/dotnet/aspnet:8.0@sha256:8f6a307ae32fb393a4b4bcde0a81f0ce3f0a715de0e5575df71f3030448f2dde done
2026-07-26T12:52:16.0223079Z #9 DONE 0.0s
2026-07-26T12:52:16.0223231Z 
2026-07-26T12:52:16.0223764Z #10 [build 1/8] FROM mcr.microsoft.com/dotnet/sdk:8.0@sha256:3c0edbfe1549dd93fb789dc96299a40df865ad7bffefcaf38e8c05940686d641
2026-07-26T12:52:16.0224912Z #10 resolve mcr.microsoft.com/dotnet/sdk:8.0@sha256:3c0edbfe1549dd93fb789dc96299a40df865ad7bffefcaf38e8c05940686d641 done
2026-07-26T12:52:16.0225641Z #10 DONE 0.0s
2026-07-26T12:52:16.0225789Z 
2026-07-26T12:52:16.0225982Z #11 importing cache manifest from gha:10651515681548671177
2026-07-26T12:52:16.3581021Z #11 DONE 0.5s
2026-07-26T12:52:16.5380006Z 
2026-07-26T12:52:16.5380794Z #8 [internal] load build context
2026-07-26T12:52:16.5381623Z #8 transferring context: 928.22kB 0.0s done
2026-07-26T12:52:16.5382960Z #8 DONE 0.0s
2026-07-26T12:52:16.5383479Z 
2026-07-26T12:52:16.5383947Z #12 [build 7/8] COPY src/Ednsv.Web/ src/Ednsv.Web/
2026-07-26T12:52:16.5385118Z #12 CACHED
2026-07-26T12:52:16.5385614Z 
2026-07-26T12:52:16.5386031Z #13 [runtime 2/3] WORKDIR /app
2026-07-26T12:52:16.5386496Z #13 CACHED
2026-07-26T12:52:16.5386697Z 
2026-07-26T12:52:16.5386876Z #14 [build 2/8] WORKDIR /src
2026-07-26T12:52:16.5387345Z #14 CACHED
2026-07-26T12:52:16.5387546Z 
2026-07-26T12:52:16.5387898Z #15 [build 3/8] COPY src/Ednsv.Core/Ednsv.Core.csproj src/Ednsv.Core/
2026-07-26T12:52:16.5388589Z #15 CACHED
2026-07-26T12:52:16.5388794Z 
2026-07-26T12:52:16.5389859Z #16 [build 8/8] RUN dotnet publish src/Ednsv.Web/Ednsv.Web.csproj         --configuration Release         --no-restore         --output /app/publish         /p:UseAppHost=false
2026-07-26T12:52:16.5391375Z #16 CACHED
2026-07-26T12:52:16.5391512Z 
2026-07-26T12:52:16.5391788Z #17 [build 5/8] RUN dotnet restore src/Ednsv.Web/Ednsv.Web.csproj
2026-07-26T12:52:16.5392177Z #17 CACHED
2026-07-26T12:52:16.5392281Z 
2026-07-26T12:52:16.5392442Z #18 [build 4/8] COPY src/Ednsv.Web/Ednsv.Web.csproj src/Ednsv.Web/
2026-07-26T12:52:16.5393323Z #18 CACHED
2026-07-26T12:52:16.5393429Z 
2026-07-26T12:52:16.5393558Z #19 [build 6/8] COPY src/Ednsv.Core/ src/Ednsv.Core/
2026-07-26T12:52:16.5393964Z #19 CACHED
2026-07-26T12:52:16.5394067Z 
2026-07-26T12:52:16.5394396Z #20 [runtime 3/3] COPY --from=build /app/publish ./
2026-07-26T12:52:16.5557874Z #20 CACHED
2026-07-26T12:52:16.7117321Z 
2026-07-26T12:52:16.7118180Z #21 [auth] pkinerd/ednsv:pull,push token for ghcr.io
2026-07-26T12:52:16.9398699Z #21 DONE 0.0s
2026-07-26T12:52:16.9399002Z 
2026-07-26T12:52:16.9399194Z #22 exporting to image
2026-07-26T12:52:16.9399700Z #22 exporting layers done
2026-07-26T12:52:16.9400713Z #22 exporting manifest sha256:08bd3a48341d1d0fbe2290b14a24ec79fac01729dd78ed40222dcf1a4411a5ad done
2026-07-26T12:52:16.9401755Z #22 exporting config sha256:e3529dce76966f6b65d54e705674f91c806b1558147eaa35f145dfef19c01617 done
2026-07-26T12:52:16.9402853Z #22 exporting attestation manifest sha256:f0c1236584c4a1c9fe83abfb261cb4da8170a966d37e67daf88b17e194132ef1 done
2026-07-26T12:52:16.9404066Z #22 exporting manifest list sha256:0cb8feb6b31fb91c7945ab33bf46c67b60f93c15404f42ecd3d99950bfb04058 done
2026-07-26T12:52:16.9404815Z #22 pushing layers
2026-07-26T12:52:18.3772539Z #22 pushing layers 1.8s done
2026-07-26T12:52:18.3773961Z #22 pushing manifest for ghcr.io/pkinerd/ednsv:pr-28@sha256:0cb8feb6b31fb91c7945ab33bf46c67b60f93c15404f42ecd3d99950bfb04058
2026-07-26T12:52:19.0333381Z #22 ...
2026-07-26T12:52:19.0333657Z 
2026-07-26T12:52:19.0333842Z #23 exporting to GitHub Actions Cache
2026-07-26T12:52:19.0334491Z #23 preparing build cache for export 0.2s done
2026-07-26T12:52:19.0334870Z #23 sending cache export 2.2s done
2026-07-26T12:52:19.0335164Z #23 DONE 2.5s
2026-07-26T12:52:19.1841479Z 
2026-07-26T12:52:19.1842051Z #22 exporting to image
2026-07-26T12:52:19.7946327Z #22 pushing manifest for ghcr.io/pkinerd/ednsv:pr-28@sha256:0cb8feb6b31fb91c7945ab33bf46c67b60f93c15404f42ecd3d99950bfb04058 1.4s done
2026-07-26T12:52:20.0851829Z #22 pushing layers 0.3s done
2026-07-26T12:52:20.0853242Z #22 pushing manifest for ghcr.io/pkinerd/ednsv:latest-any@sha256:0cb8feb6b31fb91c7945ab33bf46c67b60f93c15404f42ecd3d99950bfb04058
2026-07-26T12:52:20.8043926Z #22 pushing manifest for ghcr.io/pkinerd/ednsv:latest-any@sha256:0cb8feb6b31fb91c7945ab33bf46c67b60f93c15404f42ecd3d99950bfb04058 0.7s done
2026-07-26T12:52:21.1232172Z #22 pushing layers 0.3s done
2026-07-26T12:52:21.1233375Z #22 pushing manifest for ghcr.io/pkinerd/ednsv:sha-e03920f@sha256:0cb8feb6b31fb91c7945ab33bf46c67b60f93c15404f42ecd3d99950bfb04058
2026-07-26T12:52:21.8387462Z #22 pushing manifest for ghcr.io/pkinerd/ednsv:sha-e03920f@sha256:0cb8feb6b31fb91c7945ab33bf46c67b60f93c15404f42ecd3d99950bfb04058 0.7s done
2026-07-26T12:52:21.8389076Z #22 DONE 5.3s
2026-07-26T12:52:21.8623566Z 
2026-07-26T12:52:21.8623915Z #24 resolving provenance for metadata file
2026-07-26T12:52:21.8624408Z #24 DONE 0.0s
2026-07-26T12:52:21.8706090Z ##[group]ImageID
2026-07-26T12:52:21.8706475Z sha256:0cb8feb6b31fb91c7945ab33bf46c67b60f93c15404f42ecd3d99950bfb04058
2026-07-26T12:52:21.8707730Z ##[endgroup]
2026-07-26T12:52:21.8708120Z ##[group]Digest
2026-07-26T12:52:21.8708639Z sha256:0cb8feb6b31fb91c7945ab33bf46c67b60f93c15404f42ecd3d99950bfb04058
2026-07-26T12:52:21.8709235Z ##[endgroup]
2026-07-26T12:52:21.8709559Z ##[group]Metadata
2026-07-26T12:52:21.8715090Z {
2026-07-26T12:52:21.8715723Z   "buildx.build.provenance": {
2026-07-26T12:52:21.8716265Z     "builder": {
2026-07-26T12:52:21.8716830Z       "id": "https://github.com/pkinerd/ednsv/actions/runs/30202884707/attempts/1"
2026-07-26T12:52:21.8717502Z     },
2026-07-26T12:52:21.8717960Z     "buildType": "https://mobyproject.org/buildkit@v1",
2026-07-26T12:52:21.8718587Z     "materials": [
2026-07-26T12:52:21.8718943Z       {
2026-07-26T12:52:21.8719323Z         "uri": "pkg:docker/docker/dockerfile@1.7",
2026-07-26T12:52:21.8719896Z         "digest": {
2026-07-26T12:52:21.8720945Z           "sha256": "a57df69d0ea827fb7266491f2813635de6f17269be881f696fbfdf2d83dda33e"
2026-07-26T12:52:21.8722015Z         }
2026-07-26T12:52:21.8722416Z       },
2026-07-26T12:52:21.8722809Z       {
2026-07-26T12:52:21.8723536Z         "uri": "pkg:docker/mcr.microsoft.com/dotnet/aspnet@8.0?platform=linux%2Famd64",
2026-07-26T12:52:21.8724288Z         "digest": {
2026-07-26T12:52:21.8725157Z           "sha256": "8f6a307ae32fb393a4b4bcde0a81f0ce3f0a715de0e5575df71f3030448f2dde"
2026-07-26T12:52:21.8725925Z         }
2026-07-26T12:52:21.8726246Z       },
2026-07-26T12:52:21.8726602Z       {
2026-07-26T12:52:21.8727175Z         "uri": "pkg:docker/mcr.microsoft.com/dotnet/sdk@8.0?platform=linux%2Famd64",
2026-07-26T12:52:21.8727898Z         "digest": {
2026-07-26T12:52:21.8728552Z           "sha256": "3c0edbfe1549dd93fb789dc96299a40df865ad7bffefcaf38e8c05940686d641"
2026-07-26T12:52:21.8729346Z         }
2026-07-26T12:52:21.8729671Z       }
2026-07-26T12:52:21.8729982Z     ],
2026-07-26T12:52:21.8731457Z     "invocation": {
2026-07-26T12:52:21.8731855Z       "configSource": {
2026-07-26T12:52:21.8732279Z         "entryPoint": "Dockerfile"
2026-07-26T12:52:21.8732697Z       },
2026-07-26T12:52:21.8732995Z       "parameters": {
2026-07-26T12:52:21.8733412Z         "frontend": "gateway.v0",
2026-07-26T12:52:21.8733796Z         "args": {
2026-07-26T12:52:21.8734203Z           "cmdline": "docker/dockerfile:1.7",
2026-07-26T12:52:21.8734917Z           "label:org.opencontainers.image.created": "2026-07-26T12:52:13.634Z",
2026-07-26T12:52:21.8735758Z           "label:org.opencontainers.image.description": "",
2026-07-26T12:52:21.8736488Z           "label:org.opencontainers.image.licenses": "",
2026-07-26T12:52:21.8737427Z           "label:org.opencontainers.image.revision": "e03920fd901d9b72fd60f345b7d7897c02ef678d",
2026-07-26T12:52:21.8738527Z           "label:org.opencontainers.image.source": "https://github.com/pkinerd/ednsv",
2026-07-26T12:52:21.8739303Z           "label:org.opencontainers.image.title": "ednsv",
2026-07-26T12:52:21.8740355Z           "label:org.opencontainers.image.url": "https://github.com/pkinerd/ednsv",
2026-07-26T12:52:21.8741187Z           "label:org.opencontainers.image.version": "pr-28",
2026-07-26T12:52:21.8741765Z           "source": "docker/dockerfile:1.7"
2026-07-26T12:52:21.8742245Z         },
2026-07-26T12:52:21.8742524Z         "locals": [
2026-07-26T12:52:21.8742820Z           {
2026-07-26T12:52:21.8743096Z             "name": "context"
2026-07-26T12:52:21.8743437Z           },
2026-07-26T12:52:21.8743705Z           {
2026-07-26T12:52:21.8743995Z             "name": "dockerfile"
2026-07-26T12:52:21.8744343Z           }
2026-07-26T12:52:21.8744601Z         ],
2026-07-26T12:52:21.8744871Z         "root": {
2026-07-26T12:52:21.8745193Z           "configSource": {
2026-07-26T12:52:21.8745575Z             "path": "Dockerfile"
2026-07-26T12:52:21.8745948Z           },
2026-07-26T12:52:21.8746251Z           "request": {
2026-07-26T12:52:21.8746587Z             "args": {
2026-07-26T12:52:21.8747139Z               "label:org.opencontainers.image.created": "2026-07-26T12:52:13.634Z",
2026-07-26T12:52:21.8747916Z               "label:org.opencontainers.image.description": "",
2026-07-26T12:52:21.8748551Z               "label:org.opencontainers.image.licenses": "",
2026-07-26T12:52:21.8749364Z               "label:org.opencontainers.image.revision": "e03920fd901d9b72fd60f345b7d7897c02ef678d",
2026-07-26T12:52:21.8750582Z               "label:org.opencontainers.image.source": "https://github.com/pkinerd/ednsv",
2026-07-26T12:52:21.8751413Z               "label:org.opencontainers.image.title": "ednsv",
2026-07-26T12:52:21.8751960Z               "label:org.opencontainers.image.url": "https://github.com/pkinerd/ednsv",
2026-07-26T12:52:21.8752780Z               "label:org.opencontainers.image.version": "pr-28",
2026-07-26T12:52:21.8753367Z               "vcs:localdir:context": ".",
2026-07-26T12:52:21.8753847Z               "vcs:localdir:dockerfile": ".",
2026-07-26T12:52:21.8754408Z               "vcs:revision": "e03920fd901d9b72fd60f345b7d7897c02ef678d",
2026-07-26T12:52:21.8755024Z               "vcs:source": "https://github.com/pkinerd/ednsv"
2026-07-26T12:52:21.8755752Z             }
2026-07-26T12:52:21.8756029Z           }
2026-07-26T12:52:21.8756285Z         },
2026-07-26T12:52:21.8756597Z         "compatibilityVersion": 30
2026-07-26T12:52:21.8757041Z       },
2026-07-26T12:52:21.8757529Z       "environment": {
2026-07-26T12:52:21.8757906Z         "github_actor": "pkinerd",
2026-07-26T12:52:21.8758364Z         "github_actor_id": "169779439",
2026-07-26T12:52:21.8758785Z         "github_event_name": "pull_request",
2026-07-26T12:52:21.8759265Z         "github_event_payload": {
2026-07-26T12:52:21.8759704Z           "action": "synchronize",
2026-07-26T12:52:21.8760422Z           "after": "db8d4bd0e6af19d2cb8f2450bb3e1e5f3c4f6bf6",
2026-07-26T12:52:21.8761044Z           "before": "e0539fa42cfddfceae479fa57b9d05231ee57de3",
2026-07-26T12:52:21.8761627Z           "number": 28,
2026-07-26T12:52:21.8762053Z           "pull_request": {
2026-07-26T12:52:21.8762461Z             "_links": {
2026-07-26T12:52:21.8762834Z               "comments": {
2026-07-26T12:52:21.8763464Z                 "href": "https://api.github.com/repos/pkinerd/ednsv/issues/28/comments"
2026-07-26T12:52:21.8764135Z               },
2026-07-26T12:52:21.8764449Z               "commits": {
2026-07-26T12:52:21.8765017Z                 "href": "https://api.github.com/repos/pkinerd/ednsv/pulls/28/commits"
2026-07-26T12:52:21.8765681Z               },
2026-07-26T12:52:21.8766011Z               "html": {
2026-07-26T12:52:21.8766479Z                 "href": "https://github.com/pkinerd/ednsv/pull/28"
2026-07-26T12:52:21.8767050Z               },
2026-07-26T12:52:21.8767399Z               "issue": {
2026-07-26T12:52:21.8767943Z                 "href": "https://api.github.com/repos/pkinerd/ednsv/issues/28"
2026-07-26T12:52:21.8768547Z               },
2026-07-26T12:52:21.8768847Z               "review_comment": {
2026-07-26T12:52:21.8769485Z                 "href": "https://api.github.com/repos/pkinerd/ednsv/pulls/comments{/number}"
2026-07-26T12:52:21.8770413Z               },
2026-07-26T12:52:21.8770743Z               "review_comments": {
2026-07-26T12:52:21.8771339Z                 "href": "https://api.github.com/repos/pkinerd/ednsv/pulls/28/comments"
2026-07-26T12:52:21.8771997Z               },
2026-07-26T12:52:21.8772396Z               "self": {
2026-07-26T12:52:21.8772980Z                 "href": "https://api.github.com/repos/pkinerd/ednsv/pulls/28"
2026-07-26T12:52:21.8773611Z               },
2026-07-26T12:52:21.8773949Z               "statuses": {
2026-07-26T12:52:21.8774803Z                 "href": "https://api.github.com/repos/pkinerd/ednsv/statuses/db8d4bd0e6af19d2cb8f2450bb3e1e5f3c4f6bf6"
2026-07-26T12:52:21.8775700Z               }
2026-07-26T12:52:21.8776031Z             },
2026-07-26T12:52:21.8776386Z             "active_lock_reason": null,
2026-07-26T12:52:21.8776857Z             "additions": 8379,
2026-07-26T12:52:21.8777279Z             "assignee": null,
2026-07-26T12:52:21.8777691Z             "assignees": [],
2026-07-26T12:52:21.8778145Z             "author_association": "OWNER",
2026-07-26T12:52:21.8778615Z             "auto_merge": null,
2026-07-26T12:52:21.8779023Z             "base": {
2026-07-26T12:52:21.8779374Z               "label": "pkinerd:main",
2026-07-26T12:52:21.8779844Z               "ref": "main",
2026-07-26T12:52:21.8780431Z               "repo": {
2026-07-26T12:52:21.8780810Z                 "allow_auto_merge": false,
2026-07-26T12:52:21.8781312Z                 "allow_forking": true,
2026-07-26T12:52:21.8781779Z                 "allow_merge_commit": true,
2026-07-26T12:52:21.8782258Z                 "allow_rebase_merge": true,
2026-07-26T12:52:21.8782729Z                 "allow_squash_merge": true,
2026-07-26T12:52:21.8783293Z                 "allow_update_branch": false,
2026-07-26T12:52:21.8784209Z                 "archive_url": "https://api.github.com/repos/pkinerd/ednsv/{archive_format}{/ref}",
2026-07-26T12:52:21.8785090Z                 "archived": false,
2026-07-26T12:52:21.8785759Z                 "assignees_url": "https://api.github.com/repos/pkinerd/ednsv/assignees{/user}",
2026-07-26T12:52:21.8786984Z                 "blobs_url": "https://api.github.com/repos/pkinerd/ednsv/git/blobs{/sha}",
2026-07-26T12:52:21.8788169Z                 "branches_url": "https://api.github.com/repos/pkinerd/ednsv/branches{/branch}",
2026-07-26T12:52:21.8789068Z                 "clone_url": "https://github.com/pkinerd/ednsv.git",
2026-07-26T12:52:21.8790229Z                 "collaborators_url": "https://api.github.com/repos/pkinerd/ednsv/collaborators{/collaborator}",
2026-07-26T12:52:21.8791380Z                 "comments_url": "https://api.github.com/repos/pkinerd/ednsv/comments{/number}",
2026-07-26T12:52:21.8792375Z                 "commits_url": "https://api.github.com/repos/pkinerd/ednsv/commits{/sha}",
2026-07-26T12:52:21.8793421Z                 "compare_url": "https://api.github.com/repos/pkinerd/ednsv/compare/{base}...{head}",
2026-07-26T12:52:21.8794487Z                 "contents_url": "https://api.github.com/repos/pkinerd/ednsv/contents/{+path}",
2026-07-26T12:52:21.8795641Z                 "contributors_url": "https://api.github.com/repos/pkinerd/ednsv/contributors",
2026-07-26T12:52:21.8796434Z                 "created_at": "2026-03-30T21:24:40Z",
2026-07-26T12:52:21.8797016Z                 "default_branch": "main",
2026-07-26T12:52:21.8797538Z                 "delete_branch_on_merge": false,
2026-07-26T12:52:21.8798299Z                 "deployments_url": "https://api.github.com/repos/pkinerd/ednsv/deployments",
2026-07-26T12:52:21.8799077Z                 "description": null,
2026-07-26T12:52:21.8799530Z                 "disabled": false,
2026-07-26T12:52:21.8800445Z                 "downloads_url": "https://api.github.com/repos/pkinerd/ednsv/downloads",
2026-07-26T12:52:21.8801387Z                 "events_url": "https://api.github.com/repos/pkinerd/ednsv/events",
2026-07-26T12:52:21.8802069Z                 "fork": false,
2026-07-26T12:52:21.8802480Z                 "forks": 0,
2026-07-26T12:52:21.8802878Z                 "forks_count": 0,
2026-07-26T12:52:21.8803501Z                 "forks_url": "https://api.github.com/repos/pkinerd/ednsv/forks",
2026-07-26T12:52:21.8804168Z                 "full_name": "pkinerd/ednsv",
2026-07-26T12:52:21.8804950Z                 "git_commits_url": "https://api.github.com/repos/pkinerd/ednsv/git/commits{/sha}",
2026-07-26T12:52:21.8805981Z                 "git_refs_url": "https://api.github.com/repos/pkinerd/ednsv/git/refs{/sha}",
2026-07-26T12:52:21.8806960Z                 "git_tags_url": "https://api.github.com/repos/pkinerd/ednsv/git/tags{/sha}",
2026-07-26T12:52:21.8807794Z                 "git_url": "git://github.com/pkinerd/ednsv.git",
2026-07-26T12:52:21.8808400Z                 "has_discussions": false,
2026-07-26T12:52:21.8808890Z                 "has_downloads": false,
2026-07-26T12:52:21.8809359Z                 "has_issues": true,
2026-07-26T12:52:21.8809803Z                 "has_pages": false,
2026-07-26T12:52:21.8810536Z                 "has_projects": true,
2026-07-26T12:52:21.8811018Z                 "has_pull_requests": true,
2026-07-26T12:52:21.8811496Z                 "has_wiki": true,
2026-07-26T12:52:21.8811927Z                 "homepage": null,
2026-07-26T12:52:21.8812562Z                 "hooks_url": "https://api.github.com/repos/pkinerd/ednsv/hooks",
2026-07-26T12:52:21.8813385Z                 "html_url": "https://github.com/pkinerd/ednsv",
2026-07-26T12:52:21.8813997Z                 "id": 1196602452,
2026-07-26T12:52:21.8814499Z                 "is_template": false,
2026-07-26T12:52:21.8815250Z                 "issue_comment_url": "https://api.github.com/repos/pkinerd/ednsv/issues/comments{/number}",
2026-07-26T12:52:21.8816371Z                 "issue_events_url": "https://api.github.com/repos/pkinerd/ednsv/issues/events{/number}",
2026-07-26T12:52:21.8817377Z                 "issues_url": "https://api.github.com/repos/pkinerd/ednsv/issues{/number}",
2026-07-26T12:52:21.8818285Z                 "keys_url": "https://api.github.com/repos/pkinerd/ednsv/keys{/key_id}",
2026-07-26T12:52:21.8819653Z                 "labels_url": "https://api.github.com/repos/pkinerd/ednsv/labels{/name}",
2026-07-26T12:52:21.8820581Z                 "language": "C#",
2026-07-26T12:52:21.8821118Z                 "languages_url": "https://api.github.com/repos/pkinerd/ednsv/languages",
2026-07-26T12:52:21.8821703Z                 "license": null,
2026-07-26T12:52:21.8822218Z                 "merge_commit_message": "PR_TITLE",
2026-07-26T12:52:21.8822828Z                 "merge_commit_title": "MERGE_MESSAGE",
2026-07-26T12:52:21.8823497Z                 "merges_url": "https://api.github.com/repos/pkinerd/ednsv/merges",
2026-07-26T12:52:21.8824342Z                 "milestones_url": "https://api.github.com/repos/pkinerd/ednsv/milestones{/number}",
2026-07-26T12:52:21.8825041Z                 "mirror_url": null,
2026-07-26T12:52:21.8825432Z                 "name": "ednsv",
2026-07-26T12:52:21.8825812Z                 "node_id": "R_kgDOR1K0VA",
2026-07-26T12:52:21.8826651Z                 "notifications_url": "https://api.github.com/repos/pkinerd/ednsv/notifications{?since,all,participating}",
2026-07-26T12:52:21.8827518Z                 "open_issues": 1,
2026-07-26T12:52:21.8827905Z                 "open_issues_count": 1,
2026-07-26T12:52:21.8828310Z                 "owner": {
2026-07-26T12:52:21.8828857Z                   "avatar_url": "https://avatars.githubusercontent.com/u/169779439?v=4",
2026-07-26T12:52:21.8829668Z                   "events_url": "https://api.github.com/users/pkinerd/events{/privacy}",
2026-07-26T12:52:21.8830730Z                   "followers_url": "https://api.github.com/users/pkinerd/followers",
2026-07-26T12:52:21.8831610Z                   "following_url": "https://api.github.com/users/pkinerd/following{/other_user}",
2026-07-26T12:52:21.8832450Z                   "gists_url": "https://api.github.com/users/pkinerd/gists{/gist_id}",
2026-07-26T12:52:21.8833054Z                   "gravatar_id": "",
2026-07-26T12:52:21.8833508Z                   "html_url": "https://github.com/pkinerd",
2026-07-26T12:52:21.8834044Z                   "id": 169779439,
2026-07-26T12:52:21.8834441Z                   "login": "pkinerd",
2026-07-26T12:52:21.8834835Z                   "node_id": "U_kgDOCh6g7w",
2026-07-26T12:52:21.8835415Z                   "organizations_url": "https://api.github.com/users/pkinerd/orgs",
2026-07-26T12:52:21.8836245Z                   "received_events_url": "https://api.github.com/users/pkinerd/received_events",
2026-07-26T12:52:21.8837039Z                   "repos_url": "https://api.github.com/users/pkinerd/repos",
2026-07-26T12:52:21.8837593Z                   "site_admin": false,
2026-07-26T12:52:21.8838214Z                   "starred_url": "https://api.github.com/users/pkinerd/starred{/owner}{/repo}",
2026-07-26T12:52:21.8839126Z                   "subscriptions_url": "https://api.github.com/users/pkinerd/subscriptions",
2026-07-26T12:52:21.8839717Z                   "type": "User",
2026-07-26T12:52:21.8840407Z                   "url": "https://api.github.com/users/pkinerd",
2026-07-26T12:52:21.8840937Z                   "user_view_type": "public"
2026-07-26T12:52:21.8841329Z                 },
2026-07-26T12:52:21.8841637Z                 "private": false,
2026-07-26T12:52:21.8842111Z                 "pull_request_creation_policy": "all",
2026-07-26T12:52:21.8842743Z                 "pulls_url": "https://api.github.com/repos/pkinerd/ednsv/pulls{/number}",
2026-07-26T12:52:21.8843380Z                 "pushed_at": "2026-07-26T12:51:14Z",
2026-07-26T12:52:21.8844095Z                 "releases_url": "https://api.github.com/repos/pkinerd/ednsv/releases{/id}",
2026-07-26T12:52:21.8844904Z                 "size": 39278,
2026-07-26T12:52:21.8845198Z                 "squash_merge_commit_message": "COMMIT_MESSAGES",
2026-07-26T12:52:21.8845606Z                 "squash_merge_commit_title": "COMMIT_OR_PR_TITLE",
2026-07-26T12:52:21.8845955Z                 "ssh_url": "git@github.com:pkinerd/ednsv.git",
2026-07-26T12:52:21.8846259Z                 "stargazers_count": 0,
2026-07-26T12:52:21.8846827Z                 "stargazers_url": "https://api.github.com/repos/pkinerd/ednsv/stargazers",
2026-07-26T12:52:21.8847344Z                 "statuses_url": "https://api.github.com/repos/pkinerd/ednsv/statuses/{sha}",
2026-07-26T12:52:21.8847968Z                 "subscribers_url": "https://api.github.com/repos/pkinerd/ednsv/subscribers",
2026-07-26T12:52:21.8848515Z                 "subscription_url": "https://api.github.com/repos/pkinerd/ednsv/subscription",
2026-07-26T12:52:21.8848961Z                 "svn_url": "https://github.com/pkinerd/ednsv",
2026-07-26T12:52:21.8849345Z                 "tags_url": "https://api.github.com/repos/pkinerd/ednsv/tags",
2026-07-26T12:52:21.8849782Z                 "teams_url": "https://api.github.com/repos/pkinerd/ednsv/teams",
2026-07-26T12:52:21.8850409Z                 "topics": [],
2026-07-26T12:52:21.8850784Z                 "trees_url": "https://api.github.com/repos/pkinerd/ednsv/git/trees{/sha}",
2026-07-26T12:52:21.8851190Z                 "updated_at": "2026-07-24T14:18:46Z",
2026-07-26T12:52:21.8851534Z                 "url": "https://api.github.com/repos/pkinerd/ednsv",
2026-07-26T12:52:21.8851889Z                 "use_squash_pr_title_as_default": false,
2026-07-26T12:52:21.8852177Z                 "visibility": "public",
2026-07-26T12:52:21.8852432Z                 "watchers": 0,
2026-07-26T12:52:21.8852662Z                 "watchers_count": 0,
2026-07-26T12:52:21.8852929Z                 "web_commit_signoff_required": false
2026-07-26T12:52:21.8853191Z               },
2026-07-26T12:52:21.8853425Z               "sha": "0907a58f50a6c98d23ae466ed31c3a0c15264622",
2026-07-26T12:52:21.8853712Z               "user": {
2026-07-26T12:52:21.8854037Z                 "avatar_url": "https://avatars.githubusercontent.com/u/169779439?v=4",
2026-07-26T12:52:21.8854523Z                 "events_url": "https://api.github.com/users/pkinerd/events{/privacy}",
2026-07-26T12:52:21.8855020Z                 "followers_url": "https://api.github.com/users/pkinerd/followers",
2026-07-26T12:52:21.8855534Z                 "following_url": "https://api.github.com/users/pkinerd/following{/other_user}",
2026-07-26T12:52:21.8856032Z                 "gists_url": "https://api.github.com/users/pkinerd/gists{/gist_id}",
2026-07-26T12:52:21.8856399Z                 "gravatar_id": "",
2026-07-26T12:52:21.8856672Z                 "html_url": "https://github.com/pkinerd",
2026-07-26T12:52:21.8856994Z                 "id": 169779439,
2026-07-26T12:52:21.8857224Z                 "login": "pkinerd",
2026-07-26T12:52:21.8857467Z                 "node_id": "U_kgDOCh6g7w",
2026-07-26T12:52:21.8857863Z                 "organizations_url": "https://api.github.com/users/pkinerd/orgs",
2026-07-26T12:52:21.8858362Z                 "received_events_url": "https://api.github.com/users/pkinerd/received_events",
2026-07-26T12:52:21.8858829Z                 "repos_url": "https://api.github.com/users/pkinerd/repos",
2026-07-26T12:52:21.8859166Z                 "site_admin": false,
2026-07-26T12:52:21.8859541Z                 "starred_url": "https://api.github.com/users/pkinerd/starred{/owner}{/repo}",
2026-07-26T12:52:21.8860322Z                 "subscriptions_url": "https://api.github.com/users/pkinerd/subscriptions",
2026-07-26T12:52:21.8861004Z                 "type": "User",
2026-07-26T12:52:21.8861346Z                 "url": "https://api.github.com/users/pkinerd",
2026-07-26T12:52:21.8861658Z                 "user_view_type": "public"
2026-07-26T12:52:21.8861901Z               }
2026-07-26T12:52:21.8862078Z             },
2026-07-26T12:52:21.8873501Z             "body": "Four defects in the same family — file writes that assume they are the\nonly writer, and a read that destroys data when it fails.\n\n1. Fixed temp-file paths. Six write sites built their scratch file as\n   \"<target>.tmp\": ConfigService (config.json, revision bodies, the\n   history index), AuthService (users.json) and DiskCacheService (the\n   eleven merge-saved cache files, domain-results.json). The rename is\n   atomic, but the scratch path is shared state — two writers (two\n   replicas on one mount, a CLI run alongside the web service) truncate\n   and interleave into it, after which one rename publishes the mixture\n   and the other throws FileNotFoundException because the temp has\n   already been moved away. In ConfigService and AuthService that\n   exception escapes a save request as a 500.\n\n   Adds AtomicFile, which writes through a per-write unique temp name,\n   removes its scratch file when a write fails, and sweeps orphans left\n   by a killed process. The sweep is age-gated so it cannot delete a\n   temp belonging to an in-flight write. Concurrent writers still race\n   to publish and the last rename wins — the callers already assume\n   that — but the target is now always exactly one writer's complete\n   payload.\n\n   DiskCacheService.Clear and the startup load sweep the new names as\n   well as the legacy fixed one.\n\n2. ConfigService.LoadOrSeed overwrote a live config on a transient read\n   error. Any failure to read or parse an existing config.json fell\n   through to the seed path, which writes to disk — so a momentary I/O\n   error or sharing violation silently replaced the operator's saved\n   settings with env-var defaults and recorded that as a revision. It\n   now throws ConfigUnreadableException and the web host fails closed\n   with a clear message. An empty file still seeds, since there is\n   nothing to lose.\n\n3. CacheManager.ClearAllAsync deleted the cache files without holding\n   the flusher's lock. A flush that had already sampled the in-memory\n   caches would finish writing them out after the delete, so an admin\n   cache-clear reported success and the stale entries reappeared on\n   disk. The delete now runs under the same semaphore as the flush.\n\n4. CacheManager.FlushAsync bypassed all serialisation when no\n   background flusher exists (CLI runs), leaving concurrent saves free\n   to interleave read-modify-write on each cache file. It now takes a\n   local lock.\n\nAdds AtomicFileTests and CacheManagerClearTests, and extends\nConfigServiceTests and DiskCacheClearTests. The two concurrency tests\nwere verified to fail against the old fixed-name implementation.\n\nCo-Authored-By: Claude Opus 5 <noreply@anthropic.com>\nClaude-Session: https://claude.ai/code/session_01611PR4pvQSGB1t9K3hNAwE",
2026-07-26T12:52:21.8887180Z             "changed_files": 58,
2026-07-26T12:52:21.8887625Z             "closed_at": null,
2026-07-26T12:52:21.8888028Z             "comments": 0,
2026-07-26T12:52:21.8888702Z             "comments_url": "https://api.github.com/repos/pkinerd/ednsv/issues/28/comments",
2026-07-26T12:52:21.8889462Z             "commits": 28,
2026-07-26T12:52:21.8890362Z             "commits_url": "https://api.github.com/repos/pkinerd/ednsv/pulls/28/commits",
2026-07-26T12:52:21.8891147Z             "created_at": "2026-07-26T02:03:41Z",
2026-07-26T12:52:21.8891661Z             "deletions": 1101,
2026-07-26T12:52:21.8892239Z             "diff_url": "https://github.com/pkinerd/ednsv/pull/28.diff",
2026-07-26T12:52:21.8892878Z             "draft": false,
2026-07-26T12:52:21.8893264Z             "head": {
2026-07-26T12:52:21.8893796Z               "label": "pkinerd:claude/redis-dependency-removal-213elh",
2026-07-26T12:52:21.8894521Z               "ref": "claude/redis-dependency-removal-213elh",
2026-07-26T12:52:21.8895088Z               "repo": {
2026-07-26T12:52:21.8895486Z                 "allow_auto_merge": false,
2026-07-26T12:52:21.8895970Z                 "allow_forking": true,
2026-07-26T12:52:21.8896438Z                 "allow_merge_commit": true,
2026-07-26T12:52:21.8896935Z                 "allow_rebase_merge": true,
2026-07-26T12:52:21.8897416Z                 "allow_squash_merge": true,
2026-07-26T12:52:21.8897895Z                 "allow_update_branch": false,
2026-07-26T12:52:21.8898688Z                 "archive_url": "https://api.github.com/repos/pkinerd/ednsv/{archive_format}{/ref}",
2026-07-26T12:52:21.8899468Z                 "archived": false,
2026-07-26T12:52:21.8900498Z                 "assignees_url": "https://api.github.com/repos/pkinerd/ednsv/assignees{/user}",
2026-07-26T12:52:21.8901833Z                 "blobs_url": "https://api.github.com/repos/pkinerd/ednsv/git/blobs{/sha}",
2026-07-26T12:52:21.8902997Z                 "branches_url": "https://api.github.com/repos/pkinerd/ednsv/branches{/branch}",
2026-07-26T12:52:21.8903884Z                 "clone_url": "https://github.com/pkinerd/ednsv.git",
2026-07-26T12:52:21.8904868Z                 "collaborators_url": "https://api.github.com/repos/pkinerd/ednsv/collaborators{/collaborator}",
2026-07-26T12:52:21.8906002Z                 "comments_url": "https://api.github.com/repos/pkinerd/ednsv/comments{/number}",
2026-07-26T12:52:21.8906981Z                 "commits_url": "https://api.github.com/repos/pkinerd/ednsv/commits{/sha}",
2026-07-26T12:52:21.8908037Z                 "compare_url": "https://api.github.com/repos/pkinerd/ednsv/compare/{base}...{head}",
2026-07-26T12:52:21.8909075Z                 "contents_url": "https://api.github.com/repos/pkinerd/ednsv/contents/{+path}",
2026-07-26T12:52:21.8910372Z                 "contributors_url": "https://api.github.com/repos/pkinerd/ednsv/contributors",
2026-07-26T12:52:21.8911183Z                 "created_at": "2026-03-30T21:24:40Z",
2026-07-26T12:52:21.8911705Z                 "default_branch": "main",
2026-07-26T12:52:21.8912204Z                 "delete_branch_on_merge": false,
2026-07-26T12:52:21.8912963Z                 "deployments_url": "https://api.github.com/repos/pkinerd/ednsv/deployments",
2026-07-26T12:52:21.8913639Z                 "description": null,
2026-07-26T12:52:21.8913898Z                 "disabled": false,
2026-07-26T12:52:21.8914265Z                 "downloads_url": "https://api.github.com/repos/pkinerd/ednsv/downloads",
2026-07-26T12:52:21.8914756Z                 "events_url": "https://api.github.com/repos/pkinerd/ednsv/events",
2026-07-26T12:52:21.8915118Z                 "fork": false,
2026-07-26T12:52:21.8915342Z                 "forks": 0,
2026-07-26T12:52:21.8915561Z                 "forks_count": 0,
2026-07-26T12:52:21.8915901Z                 "forks_url": "https://api.github.com/repos/pkinerd/ednsv/forks",
2026-07-26T12:52:21.8916272Z                 "full_name": "pkinerd/ednsv",
2026-07-26T12:52:21.8916695Z                 "git_commits_url": "https://api.github.com/repos/pkinerd/ednsv/git/commits{/sha}",
2026-07-26T12:52:21.8917232Z                 "git_refs_url": "https://api.github.com/repos/pkinerd/ednsv/git/refs{/sha}",
2026-07-26T12:52:21.8917737Z                 "git_tags_url": "https://api.github.com/repos/pkinerd/ednsv/git/tags{/sha}",
2026-07-26T12:52:21.8918166Z                 "git_url": "git://github.com/pkinerd/ednsv.git",
2026-07-26T12:52:21.8918482Z                 "has_discussions": false,
2026-07-26T12:52:21.8918741Z                 "has_downloads": false,
2026-07-26T12:52:21.8918987Z                 "has_issues": true,
2026-07-26T12:52:21.8919222Z                 "has_pages": false,
2026-07-26T12:52:21.8919457Z                 "has_projects": true,
2026-07-26T12:52:21.8919712Z                 "has_pull_requests": true,
2026-07-26T12:52:21.8919966Z                 "has_wiki": true,
2026-07-26T12:52:21.8920608Z                 "homepage": null,
2026-07-26T12:52:21.8921173Z                 "hooks_url": "https://api.github.com/repos/pkinerd/ednsv/hooks",
2026-07-26T12:52:21.8921599Z                 "html_url": "https://github.com/pkinerd/ednsv",
2026-07-26T12:52:21.8921902Z                 "id": 1196602452,
2026-07-26T12:52:21.8922136Z                 "is_template": false,
2026-07-26T12:52:21.8922571Z                 "issue_comment_url": "https://api.github.com/repos/pkinerd/ednsv/issues/comments{/number}",
2026-07-26T12:52:21.8923199Z                 "issue_events_url": "https://api.github.com/repos/pkinerd/ednsv/issues/events{/number}",
2026-07-26T12:52:21.8923771Z                 "issues_url": "https://api.github.com/repos/pkinerd/ednsv/issues{/number}",
2026-07-26T12:52:21.8924274Z                 "keys_url": "https://api.github.com/repos/pkinerd/ednsv/keys{/key_id}",
2026-07-26T12:52:21.8924959Z                 "labels_url": "https://api.github.com/repos/pkinerd/ednsv/labels{/name}",
2026-07-26T12:52:21.8925345Z                 "language": "C#",
2026-07-26T12:52:21.8925794Z                 "languages_url": "https://api.github.com/repos/pkinerd/ednsv/languages",
2026-07-26T12:52:21.8926186Z                 "license": null,
2026-07-26T12:52:21.8926441Z                 "merge_commit_message": "PR_TITLE",
2026-07-26T12:52:21.8926742Z                 "merge_commit_title": "MERGE_MESSAGE",
2026-07-26T12:52:21.8927116Z                 "merges_url": "https://api.github.com/repos/pkinerd/ednsv/merges",
2026-07-26T12:52:21.8927640Z                 "milestones_url": "https://api.github.com/repos/pkinerd/ednsv/milestones{/number}",
2026-07-26T12:52:21.8928067Z                 "mirror_url": null,
2026-07-26T12:52:21.8928304Z                 "name": "ednsv",
2026-07-26T12:52:21.8928538Z                 "node_id": "R_kgDOR1K0VA",
2026-07-26T12:52:21.8929054Z                 "notifications_url": "https://api.github.com/repos/pkinerd/ednsv/notifications{?since,all,participating}",
2026-07-26T12:52:21.8929578Z                 "open_issues": 1,
2026-07-26T12:52:21.8929819Z                 "open_issues_count": 1,
2026-07-26T12:52:21.8930313Z                 "owner": {
2026-07-26T12:52:21.8930744Z                   "avatar_url": "https://avatars.githubusercontent.com/u/169779439?v=4",
2026-07-26T12:52:21.8931254Z                   "events_url": "https://api.github.com/users/pkinerd/events{/privacy}",
2026-07-26T12:52:21.8931737Z                   "followers_url": "https://api.github.com/users/pkinerd/followers",
2026-07-26T12:52:21.8932247Z                   "following_url": "https://api.github.com/users/pkinerd/following{/other_user}",
2026-07-26T12:52:21.8932749Z                   "gists_url": "https://api.github.com/users/pkinerd/gists{/gist_id}",
2026-07-26T12:52:21.8933130Z                   "gravatar_id": "",
2026-07-26T12:52:21.8933424Z                   "html_url": "https://github.com/pkinerd",
2026-07-26T12:52:21.8933725Z                   "id": 169779439,
2026-07-26T12:52:21.8933962Z                   "login": "pkinerd",
2026-07-26T12:52:21.8934219Z                   "node_id": "U_kgDOCh6g7w",
2026-07-26T12:52:21.8934595Z                   "organizations_url": "https://api.github.com/users/pkinerd/orgs",
2026-07-26T12:52:21.8935109Z                   "received_events_url": "https://api.github.com/users/pkinerd/received_events",
2026-07-26T12:52:21.8935591Z                   "repos_url": "https://api.github.com/users/pkinerd/repos",
2026-07-26T12:52:21.8935937Z                   "site_admin": false,
2026-07-26T12:52:21.8936337Z                   "starred_url": "https://api.github.com/users/pkinerd/starred{/owner}{/repo}",
2026-07-26T12:52:21.8936879Z                   "subscriptions_url": "https://api.github.com/users/pkinerd/subscriptions",
2026-07-26T12:52:21.8937275Z                   "type": "User",
2026-07-26T12:52:21.8937560Z                   "url": "https://api.github.com/users/pkinerd",
2026-07-26T12:52:21.8937880Z                   "user_view_type": "public"
2026-07-26T12:52:21.8938135Z                 },
2026-07-26T12:52:21.8938332Z                 "private": false,
2026-07-26T12:52:21.8938594Z                 "pull_request_creation_policy": "all",
2026-07-26T12:52:21.8939000Z                 "pulls_url": "https://api.github.com/repos/pkinerd/ednsv/pulls{/number}",
2026-07-26T12:52:21.8939404Z                 "pushed_at": "2026-07-26T12:51:14Z",
2026-07-26T12:52:21.8939804Z                 "releases_url": "https://api.github.com/repos/pkinerd/ednsv/releases{/id}",
2026-07-26T12:52:21.8940460Z                 "size": 39278,
2026-07-26T12:52:21.8940733Z                 "squash_merge_commit_message": "COMMIT_MESSAGES",
2026-07-26T12:52:21.8941088Z                 "squash_merge_commit_title": "COMMIT_OR_PR_TITLE",
2026-07-26T12:52:21.8941432Z                 "ssh_url": "git@github.com:pkinerd/ednsv.git",
2026-07-26T12:52:21.8941732Z                 "stargazers_count": 0,
2026-07-26T12:52:21.8942369Z                 "stargazers_url": "https://api.github.com/repos/pkinerd/ednsv/stargazers",
2026-07-26T12:52:21.8942991Z                 "statuses_url": "https://api.github.com/repos/pkinerd/ednsv/statuses/{sha}",
2026-07-26T12:52:21.8943706Z                 "subscribers_url": "https://api.github.com/repos/pkinerd/ednsv/subscribers",
2026-07-26T12:52:21.8944486Z                 "subscription_url": "https://api.github.com/repos/pkinerd/ednsv/subscription",
2026-07-26T12:52:21.8945074Z                 "svn_url": "https://github.com/pkinerd/ednsv",
2026-07-26T12:52:21.8945534Z                 "tags_url": "https://api.github.com/repos/pkinerd/ednsv/tags",
2026-07-26T12:52:21.8960848Z                 "teams_url": "https://api.github.com/repos/pkinerd/ednsv/teams",
2026-07-26T12:52:21.8961314Z                 "topics": [],
2026-07-26T12:52:21.8961718Z                 "trees_url": "https://api.github.com/repos/pkinerd/ednsv/git/trees{/sha}",
2026-07-26T12:52:21.8962156Z                 "updated_at": "2026-07-24T14:18:46Z",
2026-07-26T12:52:21.8962523Z                 "url": "https://api.github.com/repos/pkinerd/ednsv",
2026-07-26T12:52:21.8962886Z                 "use_squash_pr_title_as_default": false,
2026-07-26T12:52:21.8963192Z                 "visibility": "public",
2026-07-26T12:52:21.8963458Z                 "watchers": 0,
2026-07-26T12:52:21.8963692Z                 "watchers_count": 0,
2026-07-26T12:52:21.8963963Z                 "web_commit_signoff_required": false
2026-07-26T12:52:21.8964233Z               },
2026-07-26T12:52:21.8964479Z               "sha": "db8d4bd0e6af19d2cb8f2450bb3e1e5f3c4f6bf6",
2026-07-26T12:52:21.8964782Z               "user": {
2026-07-26T12:52:21.8965123Z                 "avatar_url": "https://avatars.githubusercontent.com/u/169779439?v=4",
2026-07-26T12:52:21.8965648Z                 "events_url": "https://api.github.com/users/pkinerd/events{/privacy}",
2026-07-26T12:52:21.8966148Z                 "followers_url": "https://api.github.com/users/pkinerd/followers",
2026-07-26T12:52:21.8966684Z                 "following_url": "https://api.github.com/users/pkinerd/following{/other_user}",
2026-07-26T12:52:21.8967194Z                 "gists_url": "https://api.github.com/users/pkinerd/gists{/gist_id}",
2026-07-26T12:52:21.8967564Z                 "gravatar_id": "",
2026-07-26T12:52:21.8967848Z                 "html_url": "https://github.com/pkinerd",
2026-07-26T12:52:21.8968138Z                 "id": 169779439,
2026-07-26T12:52:21.8968375Z                 "login": "pkinerd",
2026-07-26T12:52:21.8968630Z                 "node_id": "U_kgDOCh6g7w",
2026-07-26T12:52:21.8968994Z                 "organizations_url": "https://api.github.com/users/pkinerd/orgs",
2026-07-26T12:52:21.8969497Z                 "received_events_url": "https://api.github.com/users/pkinerd/received_events",
2026-07-26T12:52:21.8969971Z                 "repos_url": "https://api.github.com/users/pkinerd/repos",
2026-07-26T12:52:21.8970747Z                 "site_admin": false,
2026-07-26T12:52:21.8971389Z                 "starred_url": "https://api.github.com/users/pkinerd/starred{/owner}{/repo}",
2026-07-26T12:52:21.8972004Z                 "subscriptions_url": "https://api.github.com/users/pkinerd/subscriptions",
2026-07-26T12:52:21.8972404Z                 "type": "User",
2026-07-26T12:52:21.8972684Z                 "url": "https://api.github.com/users/pkinerd",
2026-07-26T12:52:21.8972996Z                 "user_view_type": "public"
2026-07-26T12:52:21.8973240Z               }
2026-07-26T12:52:21.8973423Z             },
2026-07-26T12:52:21.8973679Z             "html_url": "https://github.com/pkinerd/ednsv/pull/28",
2026-07-26T12:52:21.8974010Z             "id": 4134707627,
2026-07-26T12:52:21.8974350Z             "issue_url": "https://api.github.com/repos/pkinerd/ednsv/issues/28",
2026-07-26T12:52:21.8974718Z             "labels": [],
2026-07-26T12:52:21.8974934Z             "locked": false,
2026-07-26T12:52:21.8975173Z             "maintainer_can_modify": false,
2026-07-26T12:52:21.8975514Z             "merge_commit_sha": "a0369874af9658b90780f00b5dfaf37772683e84",
2026-07-26T12:52:21.8976044Z             "mergeable": null,
2026-07-26T12:52:21.8976282Z             "mergeable_state": "unknown",
2026-07-26T12:52:21.8976535Z             "merged": false,
2026-07-26T12:52:21.8976851Z             "merged_at": null,
2026-07-26T12:52:21.8977074Z             "merged_by": null,
2026-07-26T12:52:21.8977295Z             "milestone": null,
2026-07-26T12:52:21.8977534Z             "node_id": "PR_kwDOR1K0VM72cqGr",
2026-07-26T12:52:21.8977797Z             "number": 28,
2026-07-26T12:52:21.8978094Z             "patch_url": "https://github.com/pkinerd/ednsv/pull/28.patch",
2026-07-26T12:52:21.8978443Z             "rebaseable": null,
2026-07-26T12:52:21.8978680Z             "requested_reviewers": [],
2026-07-26T12:52:21.8978931Z             "requested_teams": [],
2026-07-26T12:52:21.8979353Z             "review_comment_url": "https://api.github.com/repos/pkinerd/ednsv/pulls/comments{/number}",
2026-07-26T12:52:21.8979805Z             "review_comments": 0,
2026-07-26T12:52:21.8980438Z             "review_comments_url": "https://api.github.com/repos/pkinerd/ednsv/pulls/28/comments",
2026-07-26T12:52:21.8980870Z             "state": "open",
2026-07-26T12:52:21.8981364Z             "statuses_url": "https://api.github.com/repos/pkinerd/ednsv/statuses/db8d4bd0e6af19d2cb8f2450bb3e1e5f3c4f6bf6",
2026-07-26T12:52:21.8982026Z             "title": "Fix unguarded concurrent file access in config, auth and disk cache",
2026-07-26T12:52:21.8982437Z             "updated_at": "2026-07-26T12:51:15Z",
2026-07-26T12:52:21.8982788Z             "url": "https://api.github.com/repos/pkinerd/ednsv/pulls/28",
2026-07-26T12:52:21.8983121Z             "user": {
2026-07-26T12:52:21.8983448Z               "avatar_url": "https://avatars.githubusercontent.com/u/169779439?v=4",
2026-07-26T12:52:21.8983943Z               "events_url": "https://api.github.com/users/pkinerd/events{/privacy}",
2026-07-26T12:52:21.8984424Z               "followers_url": "https://api.github.com/users/pkinerd/followers",
2026-07-26T12:52:21.8984930Z               "following_url": "https://api.github.com/users/pkinerd/following{/other_user}",
2026-07-26T12:52:21.8985433Z               "gists_url": "https://api.github.com/users/pkinerd/gists{/gist_id}",
2026-07-26T12:52:21.8985800Z               "gravatar_id": "",
2026-07-26T12:52:21.8986075Z               "html_url": "https://github.com/pkinerd",
2026-07-26T12:52:21.8986361Z               "id": 169779439,
2026-07-26T12:52:21.8986590Z               "login": "pkinerd",
2026-07-26T12:52:21.8986832Z               "node_id": "U_kgDOCh6g7w",
2026-07-26T12:52:21.8987199Z               "organizations_url": "https://api.github.com/users/pkinerd/orgs",
2026-07-26T12:52:21.8987714Z               "received_events_url": "https://api.github.com/users/pkinerd/received_events",
2026-07-26T12:52:21.8988195Z               "repos_url": "https://api.github.com/users/pkinerd/repos",
2026-07-26T12:52:21.8988538Z               "site_admin": false,
2026-07-26T12:52:21.8988916Z               "starred_url": "https://api.github.com/users/pkinerd/starred{/owner}{/repo}",
2026-07-26T12:52:21.8989440Z               "subscriptions_url": "https://api.github.com/users/pkinerd/subscriptions",
2026-07-26T12:52:21.8989832Z               "type": "User",
2026-07-26T12:52:21.8990322Z               "url": "https://api.github.com/users/pkinerd",
2026-07-26T12:52:21.8990641Z               "user_view_type": "public"
2026-07-26T12:52:21.8990881Z             }
2026-07-26T12:52:21.8991058Z           },
2026-07-26T12:52:21.8991242Z           "repository": {
2026-07-26T12:52:21.8991461Z             "allow_forking": true,
2026-07-26T12:52:21.8991850Z             "archive_url": "https://api.github.com/repos/pkinerd/ednsv/{archive_format}{/ref}",
2026-07-26T12:52:21.8992266Z             "archived": false,
2026-07-26T12:52:21.8992626Z             "assignees_url": "https://api.github.com/repos/pkinerd/ednsv/assignees{/user}",
2026-07-26T12:52:21.8993143Z             "blobs_url": "https://api.github.com/repos/pkinerd/ednsv/git/blobs{/sha}",
2026-07-26T12:52:21.8993788Z             "branches_url": "https://api.github.com/repos/pkinerd/ednsv/branches{/branch}",
2026-07-26T12:52:21.8994242Z             "clone_url": "https://github.com/pkinerd/ednsv.git",
2026-07-26T12:52:21.8994862Z             "collaborators_url": "https://api.github.com/repos/pkinerd/ednsv/collaborators{/collaborator}",
2026-07-26T12:52:21.8995464Z             "comments_url": "https://api.github.com/repos/pkinerd/ednsv/comments{/number}",
2026-07-26T12:52:21.8995975Z             "commits_url": "https://api.github.com/repos/pkinerd/ednsv/commits{/sha}",
2026-07-26T12:52:21.8996499Z             "compare_url": "https://api.github.com/repos/pkinerd/ednsv/compare/{base}...{head}",
2026-07-26T12:52:21.8997040Z             "contents_url": "https://api.github.com/repos/pkinerd/ednsv/contents/{+path}",
2026-07-26T12:52:21.8997571Z             "contributors_url": "https://api.github.com/repos/pkinerd/ednsv/contributors",
2026-07-26T12:52:21.8997983Z             "created_at": "2026-03-30T21:24:40Z",
2026-07-26T12:52:21.8998263Z             "default_branch": "main",
2026-07-26T12:52:21.8998639Z             "deployments_url": "https://api.github.com/repos/pkinerd/ednsv/deployments",
2026-07-26T12:52:21.8999036Z             "description": null,
2026-07-26T12:52:21.8999275Z             "disabled": false,
2026-07-26T12:52:21.8999614Z             "downloads_url": "https://api.github.com/repos/pkinerd/ednsv/downloads",
2026-07-26T12:52:21.9000340Z             "events_url": "https://api.github.com/repos/pkinerd/ednsv/events",
2026-07-26T12:52:21.9000767Z             "fork": false,
2026-07-26T12:52:21.9000982Z             "forks": 0,
2026-07-26T12:52:21.9001192Z             "forks_count": 0,
2026-07-26T12:52:21.9001512Z             "forks_url": "https://api.github.com/repos/pkinerd/ednsv/forks",
2026-07-26T12:52:21.9001876Z             "full_name": "pkinerd/ednsv",
2026-07-26T12:52:21.9002282Z             "git_commits_url": "https://api.github.com/repos/pkinerd/ednsv/git/commits{/sha}",
2026-07-26T12:52:21.9002818Z             "git_refs_url": "https://api.github.com/repos/pkinerd/ednsv/git/refs{/sha}",
2026-07-26T12:52:21.9003321Z             "git_tags_url": "https://api.github.com/repos/pkinerd/ednsv/git/tags{/sha}",
2026-07-26T12:52:21.9003752Z             "git_url": "git://github.com/pkinerd/ednsv.git",
2026-07-26T12:52:21.9004061Z             "has_discussions": false,
2026-07-26T12:52:21.9004314Z             "has_downloads": false,
2026-07-26T12:52:21.9004556Z             "has_issues": true,
2026-07-26T12:52:21.9004783Z             "has_pages": false,
2026-07-26T12:52:21.9005010Z             "has_projects": true,
2026-07-26T12:52:21.9005251Z             "has_pull_requests": true,
2026-07-26T12:52:21.9005498Z             "has_wiki": true,
2026-07-26T12:52:21.9005716Z             "homepage": null,
2026-07-26T12:52:21.9006028Z             "hooks_url": "https://api.github.com/repos/pkinerd/ednsv/hooks",
2026-07-26T12:52:21.9006422Z             "html_url": "https://github.com/pkinerd/ednsv",
2026-07-26T12:52:21.9006718Z             "id": 1196602452,
2026-07-26T12:52:21.9006932Z             "is_template": false,
2026-07-26T12:52:21.9007346Z             "issue_comment_url": "https://api.github.com/repos/pkinerd/ednsv/issues/comments{/number}",
2026-07-26T12:52:21.9007957Z             "issue_events_url": "https://api.github.com/repos/pkinerd/ednsv/issues/events{/number}",
2026-07-26T12:52:21.9008500Z             "issues_url": "https://api.github.com/repos/pkinerd/ednsv/issues{/number}",
2026-07-26T12:52:21.9008992Z             "keys_url": "https://api.github.com/repos/pkinerd/ednsv/keys{/key_id}",
2026-07-26T12:52:21.9009473Z             "labels_url": "https://api.github.com/repos/pkinerd/ednsv/labels{/name}",
2026-07-26T12:52:21.9009849Z             "language": "C#",
2026-07-26T12:52:21.9010454Z             "languages_url": "https://api.github.com/repos/pkinerd/ednsv/languages",
2026-07-26T12:52:21.9010834Z             "license": null,
2026-07-26T12:52:21.9011152Z             "merges_url": "https://api.github.com/repos/pkinerd/ednsv/merges",
2026-07-26T12:52:21.9011798Z             "milestones_url": "https://api.github.com/repos/pkinerd/ednsv/milestones{/number}",
2026-07-26T12:52:21.9012211Z             "mirror_url": null,
2026-07-26T12:52:21.9012533Z             "name": "ednsv",
2026-07-26T12:52:21.9012762Z             "node_id": "R_kgDOR1K0VA",
2026-07-26T12:52:21.9013251Z             "notifications_url": "https://api.github.com/repos/pkinerd/ednsv/notifications{?since,all,participating}",
2026-07-26T12:52:21.9013757Z             "open_issues": 1,
2026-07-26T12:52:21.9013979Z             "open_issues_count": 1,
2026-07-26T12:52:21.9014206Z             "owner": {
2026-07-26T12:52:21.9014535Z               "avatar_url": "https://avatars.githubusercontent.com/u/169779439?v=4",
2026-07-26T12:52:21.9015012Z               "events_url": "https://api.github.com/users/pkinerd/events{/privacy}",
2026-07-26T12:52:21.9015480Z               "followers_url": "https://api.github.com/users/pkinerd/followers",
2026-07-26T12:52:21.9015982Z               "following_url": "https://api.github.com/users/pkinerd/following{/other_user}",
2026-07-26T12:52:21.9016484Z               "gists_url": "https://api.github.com/users/pkinerd/gists{/gist_id}",
2026-07-26T12:52:21.9016852Z               "gravatar_id": "",
2026-07-26T12:52:21.9017123Z               "html_url": "https://github.com/pkinerd",
2026-07-26T12:52:21.9017404Z               "id": 169779439,
2026-07-26T12:52:21.9017628Z               "login": "pkinerd",
2026-07-26T12:52:21.9017864Z               "node_id": "U_kgDOCh6g7w",
2026-07-26T12:52:21.9018221Z               "organizations_url": "https://api.github.com/users/pkinerd/orgs",
2026-07-26T12:52:21.9018712Z               "received_events_url": "https://api.github.com/users/pkinerd/received_events",
2026-07-26T12:52:21.9019177Z               "repos_url": "https://api.github.com/users/pkinerd/repos",
2026-07-26T12:52:21.9019510Z               "site_admin": false,
2026-07-26T12:52:21.9019876Z               "starred_url": "https://api.github.com/users/pkinerd/starred{/owner}{/repo}",
2026-07-26T12:52:21.9020612Z               "subscriptions_url": "https://api.github.com/users/pkinerd/subscriptions",
2026-07-26T12:52:21.9020996Z               "type": "User",
2026-07-26T12:52:21.9021263Z               "url": "https://api.github.com/users/pkinerd",
2026-07-26T12:52:21.9021566Z               "user_view_type": "public"
2026-07-26T12:52:21.9021802Z             },
2026-07-26T12:52:21.9021985Z             "private": false,
2026-07-26T12:52:21.9022231Z             "pull_request_creation_policy": "all",
2026-07-26T12:52:21.9022623Z             "pulls_url": "https://api.github.com/repos/pkinerd/ednsv/pulls{/number}",
2026-07-26T12:52:21.9023014Z             "pushed_at": "2026-07-26T12:51:14Z",
2026-07-26T12:52:21.9023397Z             "releases_url": "https://api.github.com/repos/pkinerd/ednsv/releases{/id}",
2026-07-26T12:52:21.9023777Z             "size": 39278,
2026-07-26T12:52:21.9024031Z             "ssh_url": "git@github.com:pkinerd/ednsv.git",
2026-07-26T12:52:21.9024329Z             "stargazers_count": 0,
2026-07-26T12:52:21.9024688Z             "stargazers_url": "https://api.github.com/repos/pkinerd/ednsv/stargazers",
2026-07-26T12:52:21.9025192Z             "statuses_url": "https://api.github.com/repos/pkinerd/ednsv/statuses/{sha}",
2026-07-26T12:52:21.9025700Z             "subscribers_url": "https://api.github.com/repos/pkinerd/ednsv/subscribers",
2026-07-26T12:52:21.9026221Z             "subscription_url": "https://api.github.com/repos/pkinerd/ednsv/subscription",
2026-07-26T12:52:21.9026665Z             "svn_url": "https://github.com/pkinerd/ednsv",
2026-07-26T12:52:21.9027036Z             "tags_url": "https://api.github.com/repos/pkinerd/ednsv/tags",
2026-07-26T12:52:21.9027462Z             "teams_url": "https://api.github.com/repos/pkinerd/ednsv/teams",
2026-07-26T12:52:21.9027808Z             "topics": [],
2026-07-26T12:52:21.9028129Z             "trees_url": "https://api.github.com/repos/pkinerd/ednsv/git/trees{/sha}",
2026-07-26T12:52:21.9028648Z             "updated_at": "2026-07-24T14:18:46Z",
2026-07-26T12:52:21.9028967Z             "url": "https://api.github.com/repos/pkinerd/ednsv",
2026-07-26T12:52:21.9029285Z             "visibility": "public",
2026-07-26T12:52:21.9029663Z             "watchers": 0,
2026-07-26T12:52:21.9029879Z             "watchers_count": 0,
2026-07-26T12:52:21.9030348Z             "web_commit_signoff_required": false
2026-07-26T12:52:21.9030612Z           },
2026-07-26T12:52:21.9030794Z           "sender": {
2026-07-26T12:52:21.9031117Z             "avatar_url": "https://avatars.githubusercontent.com/u/169779439?v=4",
2026-07-26T12:52:21.9031594Z             "events_url": "https://api.github.com/users/pkinerd/events{/privacy}",
2026-07-26T12:52:21.9032056Z             "followers_url": "https://api.github.com/users/pkinerd/followers",
2026-07-26T12:52:21.9032549Z             "following_url": "https://api.github.com/users/pkinerd/following{/other_user}",
2026-07-26T12:52:21.9033047Z             "gists_url": "https://api.github.com/users/pkinerd/gists{/gist_id}",
2026-07-26T12:52:21.9033402Z             "gravatar_id": "",
2026-07-26T12:52:21.9033660Z             "html_url": "https://github.com/pkinerd",
2026-07-26T12:52:21.9033936Z             "id": 169779439,
2026-07-26T12:52:21.9034156Z             "login": "pkinerd",
2026-07-26T12:52:21.9034389Z             "node_id": "U_kgDOCh6g7w",
2026-07-26T12:52:21.9034737Z             "organizations_url": "https://api.github.com/users/pkinerd/orgs",
2026-07-26T12:52:21.9035225Z             "received_events_url": "https://api.github.com/users/pkinerd/received_events",
2026-07-26T12:52:21.9035690Z             "repos_url": "https://api.github.com/users/pkinerd/repos",
2026-07-26T12:52:21.9036019Z             "site_admin": false,
2026-07-26T12:52:21.9036374Z             "starred_url": "https://api.github.com/users/pkinerd/starred{/owner}{/repo}",
2026-07-26T12:52:21.9036879Z             "subscriptions_url": "https://api.github.com/users/pkinerd/subscriptions",
2026-07-26T12:52:21.9037263Z             "type": "User",
2026-07-26T12:52:21.9037521Z             "url": "https://api.github.com/users/pkinerd",
2026-07-26T12:52:21.9037818Z             "user_view_type": "public"
2026-07-26T12:52:21.9038050Z           }
2026-07-26T12:52:21.9038223Z         },
2026-07-26T12:52:21.9038402Z         "github_job": "docker",
2026-07-26T12:52:21.9038637Z         "github_ref": "refs/pull/28/merge",
2026-07-26T12:52:21.9038899Z         "github_ref_name": "28/merge",
2026-07-26T12:52:21.9039148Z         "github_ref_protected": "false",
2026-07-26T12:52:21.9039405Z         "github_ref_type": "branch",
2026-07-26T12:52:21.9039667Z         "github_repository": "pkinerd/ednsv",
2026-07-26T12:52:21.9039938Z         "github_repository_id": "1196602452",
2026-07-26T12:52:21.9040435Z         "github_repository_owner": "pkinerd",
2026-07-26T12:52:21.9040734Z         "github_repository_owner_id": "169779439",
2026-07-26T12:52:21.9041013Z         "github_run_attempt": "1",
2026-07-26T12:52:21.9041259Z         "github_run_id": "30202884707",
2026-07-26T12:52:21.9041511Z         "github_run_number": "223",
2026-07-26T12:52:21.9041776Z         "github_runner_arch": "X64",
2026-07-26T12:52:21.9042059Z         "github_runner_environment": "github-hosted",
2026-07-26T12:52:21.9042360Z         "github_runner_image_os": "ubuntu24",
2026-07-26T12:52:21.9042653Z         "github_runner_image_version": "20260720.247.2",
2026-07-26T12:52:21.9042971Z         "github_runner_name": "GitHub Actions 1000002201",
2026-07-26T12:52:21.9043263Z         "github_runner_os": "Linux",
2026-07-26T12:52:21.9043609Z         "github_runner_tracking_id": "github_407d3377-6380-4d66-9171-9c0b04b5209a",
2026-07-26T12:52:21.9044006Z         "github_server_url": "https://github.com",
2026-07-26T12:52:21.9044298Z         "github_triggering_actor": "pkinerd",
2026-07-26T12:52:21.9044562Z         "github_workflow": "CI",
2026-07-26T12:52:21.9044937Z         "github_workflow_ref": "pkinerd/ednsv/.github/workflows/ci.yml@refs/pull/28/merge",
2026-07-26T12:52:21.9045566Z         "github_workflow_sha": "e03920fd901d9b72fd60f345b7d7897c02ef678d",
2026-07-26T12:52:21.9045917Z         "platform": "linux/amd64"
2026-07-26T12:52:21.9046140Z       }
2026-07-26T12:52:21.9046301Z     }
2026-07-26T12:52:21.9046458Z   },
2026-07-26T12:52:21.9047103Z   "buildx.build.ref": "builder-4341347b-b470-4635-8e2f-0c43c29df18e/builder-4341347b-b470-4635-8e2f-0c43c29df18e0/cdl9kzn1syo7dit7u6dhtngyw",
2026-07-26T12:52:21.9047746Z   "containerimage.descriptor": {
2026-07-26T12:52:21.9048053Z     "mediaType": "application/vnd.oci.image.index.v1+json",
2026-07-26T12:52:21.9048525Z     "digest": "sha256:0cb8feb6b31fb91c7945ab33bf46c67b60f93c15404f42ecd3d99950bfb04058",
2026-07-26T12:52:21.9048937Z     "size": 856
2026-07-26T12:52:21.9049113Z   },
2026-07-26T12:52:21.9049490Z   "containerimage.digest": "sha256:0cb8feb6b31fb91c7945ab33bf46c67b60f93c15404f42ecd3d99950bfb04058",
2026-07-26T12:52:21.9050447Z   "image.name": "ghcr.io/pkinerd/ednsv:pr-28,ghcr.io/pkinerd/ednsv:latest-any,ghcr.io/pkinerd/ednsv:sha-e03920f"
2026-07-26T12:52:21.9050947Z }
2026-07-26T12:52:21.9051304Z ##[endgroup]
2026-07-26T12:52:21.9051645Z ##[group]Reference
2026-07-26T12:52:21.9052123Z builder-4341347b-b470-4635-8e2f-0c43c29df18e/builder-4341347b-b470-4635-8e2f-0c43c29df18e0/cdl9kzn1syo7dit7u6dhtngyw
2026-07-26T12:52:21.9052780Z ##[endgroup]
2026-07-26T12:52:21.9053093Z ##[group]Check build summary support
2026-07-26T12:52:21.9053482Z Build summary supported!
2026-07-26T12:52:21.9053807Z ##[endgroup]
2026-07-26T12:52:21.9148308Z Node 20 is being deprecated. This workflow is running with Node 24 by default. If you need to temporarily use Node 20, you can set the ACTIONS_ALLOW_USE_UNSECURE_NODE_VERSION=true environment variable. For more information see: https://github.blog/changelog/2025-09-19-deprecation-of-node-20-on-github-actions-runners/
2026-07-26T12:52:21.9149577Z Post job cleanup.
2026-07-26T12:52:22.1555053Z ##[group]Generating build summary
2026-07-26T12:52:22.1559816Z exporting build record to /home/runner/work/_temp/docker-actions-toolkit-FmzwRI/export
2026-07-26T12:52:22.1573479Z (node:3132) [DEP0040] DeprecationWarning: The `punycode` module is deprecated. Please use a userland alternative instead.
2026-07-26T12:52:22.1574300Z (Use `node --trace-deprecation ...` to show where the warning was created)
2026-07-26T12:52:22.3353981Z [command]/usr/bin/docker buildx history export --builder builder-4341347b-b470-4635-8e2f-0c43c29df18e --output /home/runner/work/_temp/docker-actions-toolkit-FmzwRI/export/pkinerd~ednsv~CDL9KZ.dockerbuild cdl9kzn1syo7dit7u6dhtngyw --finalize
2026-07-26T12:52:22.5771325Z Build record written to /home/runner/work/_temp/docker-actions-toolkit-FmzwRI/export/pkinerd~ednsv~CDL9KZ.dockerbuild (50.64 KB)
2026-07-26T12:52:22.5799069Z Uploading pkinerd~ednsv~CDL9KZ.dockerbuild to blob storage
2026-07-26T12:52:22.8877891Z Beginning upload of artifact content to blob storage
2026-07-26T12:52:22.8966213Z (node:3132) [DEP0169] DeprecationWarning: `url.parse()` behavior is not standardized and prone to errors that have security implications. Use the WHATWG URL API instead. CVEs are not issued for `url.parse()` vulnerabilities.
2026-07-26T12:52:22.8976622Z Uploaded bytes 51855
2026-07-26T12:52:23.3227460Z Finished uploading artifact content to blob storage!
2026-07-26T12:52:23.3231916Z SHA256 hash of uploaded artifact is b1a55c95cc81c074d761421e7f32c0f745b1847af84cf8830c764acdc8198ecc
2026-07-26T12:52:23.3233426Z Finalizing artifact upload
2026-07-26T12:52:23.6896929Z Artifact successfully finalized (8632197974)
2026-07-26T12:52:23.6898471Z Artifact download URL: https://github.com/pkinerd/ednsv/actions/runs/30202884707/artifacts/8632197974
2026-07-26T12:52:23.6929812Z Writing summary
2026-07-26T12:52:23.6943551Z ##[endgroup]
2026-07-26T12:52:23.6944457Z ##[group]Removing temp folder /home/runner/work/_temp/docker-actions-toolkit-gCe1E3
2026-07-26T12:52:23.6946387Z ##[endgroup]
2026-07-26T12:52:23.6947026Z ##[group]Post cache
2026-07-26T12:52:23.6948958Z State not set
2026-07-26T12:52:23.6949978Z ##[endgroup]
2026-07-26T12:52:23.7097403Z Node 20 is being deprecated. This workflow is running with Node 24 by default. If you need to temporarily use Node 20, you can set the ACTIONS_ALLOW_USE_UNSECURE_NODE_VERSION=true environment variable. For more information see: https://github.blog/changelog/2025-09-19-deprecation-of-node-20-on-github-actions-runners/
2026-07-26T12:52:23.7098672Z Post job cleanup.
2026-07-26T12:52:24.0158452Z ##[group]Logout from ghcr.io
2026-07-26T12:52:24.0181765Z (node:3272) [DEP0040] DeprecationWarning: The `punycode` module is deprecated. Please use a userland alternative instead.
2026-07-26T12:52:24.0182649Z (Use `node --trace-deprecation ...` to show where the warning was created)
2026-07-26T12:52:24.0241027Z [command]/usr/bin/docker logout ghcr.io
2026-07-26T12:52:24.0387233Z Removing login credentials for ghcr.io
2026-07-26T12:52:24.0418007Z ##[endgroup]
2026-07-26T12:52:24.0418848Z ##[group]Post cache
2026-07-26T12:52:24.0420332Z State not set
2026-07-26T12:52:24.0421311Z ##[endgroup]
2026-07-26T12:52:24.0650826Z Node 20 is being deprecated. This workflow is running with Node 24 by default. If you need to temporarily use Node 20, you can set the ACTIONS_ALLOW_USE_UNSECURE_NODE_VERSION=true environment variable. For more information see: https://github.blog/changelog/2025-09-19-deprecation-of-node-20-on-github-actions-runners/
2026-07-26T12:52:24.0653015Z Post job cleanup.
2026-07-26T12:52:24.3179076Z ##[group]Removing builder
2026-07-26T12:52:24.3185551Z (node:3293) [DEP0040] DeprecationWarning: The `punycode` module is deprecated. Please use a userland alternative instead.
2026-07-26T12:52:24.3186439Z (Use `node --trace-deprecation ...` to show where the warning was created)
2026-07-26T12:52:24.4292413Z [command]/usr/bin/docker buildx rm builder-4341347b-b470-4635-8e2f-0c43c29df18e
2026-07-26T12:52:24.5854439Z builder-4341347b-b470-4635-8e2f-0c43c29df18e removed
2026-07-26T12:52:24.5890890Z ##[endgroup]
2026-07-26T12:52:24.5891649Z ##[group]Cleaning up certificates
2026-07-26T12:52:24.5893762Z ##[endgroup]
2026-07-26T12:52:24.5894447Z ##[group]Post cache
2026-07-26T12:52:24.5895612Z State not set
2026-07-26T12:52:24.5896130Z ##[endgroup]
2026-07-26T12:52:24.6061804Z Node 20 is being deprecated. This workflow is running with Node 24 by default. If you need to temporarily use Node 20, you can set the ACTIONS_ALLOW_USE_UNSECURE_NODE_VERSION=true environment variable. For more information see: https://github.blog/changelog/2025-09-19-deprecation-of-node-20-on-github-actions-runners/
2026-07-26T12:52:24.6063079Z Post job cleanup.
2026-07-26T12:52:24.6965990Z [command]/usr/bin/git version
2026-07-26T12:52:24.7008408Z git version 2.54.0
2026-07-26T12:52:24.7082315Z Temporarily overriding HOME='/home/runner/work/_temp/f497d5f4-a422-4a15-84bf-6ac232701182' before making global git config changes
2026-07-26T12:52:24.7083697Z Adding repository directory to the temporary git global config as a safe directory
2026-07-26T12:52:24.7089032Z [command]/usr/bin/git config --global --add safe.directory /home/runner/work/ednsv/ednsv
2026-07-26T12:52:24.7128063Z [command]/usr/bin/git config --local --name-only --get-regexp core\.sshCommand
2026-07-26T12:52:24.7164202Z [command]/usr/bin/git submodule foreach --recursive sh -c "git config --local --name-only --get-regexp 'core\.sshCommand' && git config --local --unset-all 'core.sshCommand' || :"
2026-07-26T12:52:24.7424175Z [command]/usr/bin/git config --local --name-only --get-regexp http\.https\:\/\/github\.com\/\.extraheader
2026-07-26T12:52:24.7453715Z http.https://github.com/.extraheader
2026-07-26T12:52:24.7465869Z [command]/usr/bin/git config --local --unset-all http.https://github.com/.extraheader
2026-07-26T12:52:24.7500592Z [command]/usr/bin/git submodule foreach --recursive sh -c "git config --local --name-only --get-regexp 'http\.https\:\/\/github\.com\/\.extraheader' && git config --local --unset-all 'http.https://github.com/.extraheader' || :"
2026-07-26T12:52:24.7757711Z [command]/usr/bin/git config --local --name-only --get-regexp ^includeIf\.gitdir:
2026-07-26T12:52:24.7799832Z [command]/usr/bin/git submodule foreach --recursive git config --local --show-origin --name-only --get-regexp remote.origin.url
2026-07-26T12:52:24.8220611Z Cleaning up orphan processes
2026-07-26T12:52:24.8651756Z ##[warning]Node.js 20 is deprecated. The following actions target Node.js 20 but are being forced to run on Node.js 24: actions/checkout@v4, docker/build-push-action@v6, docker/login-action@v3, docker/metadata-action@v5, docker/setup-buildx-action@v3. For more information see: https://github.blog/changelog/2025-09-19-deprecation-of-node-20-on-github-actions-runners/
