2026-07-26T12:58:57.3284926Z Current runner version: '2.336.0'
2026-07-26T12:58:57.3311303Z ##[group]Runner Image Provisioner
2026-07-26T12:58:57.3312186Z Hosted Compute Agent
2026-07-26T12:58:57.3312876Z Version: 20260707.563
2026-07-26T12:58:57.3313555Z Commit: 02667638d2b423fbc733a8e32a88b44996a3ba6e
2026-07-26T12:58:57.3314366Z Build Date: 2026-07-07T19:33:50Z
2026-07-26T12:58:57.3315142Z Worker ID: {9020283c-593a-48cb-8e4d-866cf21c8eb1}
2026-07-26T12:58:57.3315929Z Azure Region: northcentralus
2026-07-26T12:58:57.3316779Z ##[endgroup]
2026-07-26T12:58:57.3318419Z ##[group]Operating System
2026-07-26T12:58:57.3319132Z Ubuntu
2026-07-26T12:58:57.3319830Z 24.04.4
2026-07-26T12:58:57.3320386Z LTS
2026-07-26T12:58:57.3320929Z ##[endgroup]
2026-07-26T12:58:57.3321565Z ##[group]Runner Image
2026-07-26T12:58:57.3322229Z Image: ubuntu-24.04
2026-07-26T12:58:57.3322816Z Version: 20260720.247.2
2026-07-26T12:58:57.3324238Z Included Software: https://github.com/actions/runner-images/blob/ubuntu24/20260720.247/images/ubuntu/Ubuntu2404-Readme.md
2026-07-26T12:58:57.3326013Z Image Release: https://github.com/actions/runner-images/releases/tag/ubuntu24%2F20260720.247
2026-07-26T12:58:57.3327532Z ##[endgroup]
2026-07-26T12:58:57.3328873Z ##[group]GITHUB_TOKEN Permissions
2026-07-26T12:58:57.3330864Z Contents: read
2026-07-26T12:58:57.3331484Z Metadata: read
2026-07-26T12:58:57.3332187Z Packages: write
2026-07-26T12:58:57.3332811Z ##[endgroup]
2026-07-26T12:58:57.3335093Z Secret source: Actions
2026-07-26T12:58:57.3336267Z Prepare workflow directory
2026-07-26T12:58:57.4111716Z Prepare all required actions
2026-07-26T12:58:57.4178182Z Getting action download info
2026-07-26T12:58:57.6523123Z Download action repository 'actions/checkout@v4' (SHA:11d5960a326750d5838078e36cf38b85af677262)
2026-07-26T12:58:58.0184427Z Download action repository 'docker/setup-buildx-action@v3' (SHA:8d2750c68a42422c14e847fe6c8ac0403b4cbd6f)
2026-07-26T12:58:58.4264443Z Download action repository 'docker/login-action@v3' (SHA:c94ce9fb468520275223c153574b00df6fe4bcc9)
2026-07-26T12:58:58.9207932Z Download action repository 'docker/metadata-action@v5' (SHA:c299e40c65443455700f0fdfc63efafe5b349051)
2026-07-26T12:58:59.4574602Z Download action repository 'docker/build-push-action@v6' (SHA:10e90e3645eae34f1e60eeb005ba3a3d33f178e8)
2026-07-26T12:58:59.9719086Z Complete job name: Build & Push Docker Image
2026-07-26T12:59:00.0533575Z Node 20 is being deprecated. This workflow is running with Node 24 by default. If you need to temporarily use Node 20, you can set the ACTIONS_ALLOW_USE_UNSECURE_NODE_VERSION=true environment variable. For more information see: https://github.blog/changelog/2025-09-19-deprecation-of-node-20-on-github-actions-runners/
2026-07-26T12:59:00.0542301Z ##[group]Run actions/checkout@v4
2026-07-26T12:59:00.0542785Z with:
2026-07-26T12:59:00.0543017Z   repository: pkinerd/ednsv
2026-07-26T12:59:00.0546235Z   token: ***
2026-07-26T12:59:00.0546817Z   ssh-strict: true
2026-07-26T12:59:00.0547063Z   ssh-user: git
2026-07-26T12:59:00.0547303Z   persist-credentials: true
2026-07-26T12:59:00.0547581Z   clean: true
2026-07-26T12:59:00.0547808Z   sparse-checkout-cone-mode: true
2026-07-26T12:59:00.0548083Z   fetch-depth: 1
2026-07-26T12:59:00.0548305Z   fetch-tags: false
2026-07-26T12:59:00.0548520Z   show-progress: true
2026-07-26T12:59:00.0548736Z   lfs: false
2026-07-26T12:59:00.0548968Z   submodules: false
2026-07-26T12:59:00.0549194Z   set-safe-directory: true
2026-07-26T12:59:00.0549448Z   allow-unsafe-pr-checkout: false
2026-07-26T12:59:00.0550003Z env:
2026-07-26T12:59:00.0550198Z   REGISTRY: ghcr.io
2026-07-26T12:59:00.0550434Z   IMAGE_NAME: pkinerd/ednsv
2026-07-26T12:59:00.0550670Z ##[endgroup]
2026-07-26T12:59:00.1706263Z Syncing repository: pkinerd/ednsv
2026-07-26T12:59:00.1708258Z ##[group]Getting Git version info
2026-07-26T12:59:00.1708656Z Working directory is '/home/runner/work/ednsv/ednsv'
2026-07-26T12:59:00.1709202Z [command]/usr/bin/git version
2026-07-26T12:59:00.1794649Z git version 2.54.0
2026-07-26T12:59:00.1819711Z ##[endgroup]
2026-07-26T12:59:00.1838753Z Temporarily overriding HOME='/home/runner/work/_temp/f8c599e4-d663-40a1-aabe-71d0ff8c66cf' before making global git config changes
2026-07-26T12:59:00.1840118Z Adding repository directory to the temporary git global config as a safe directory
2026-07-26T12:59:00.1847072Z [command]/usr/bin/git config --global --add safe.directory /home/runner/work/ednsv/ednsv
2026-07-26T12:59:00.1903256Z Deleting the contents of '/home/runner/work/ednsv/ednsv'
2026-07-26T12:59:00.1910836Z ##[group]Initializing the repository
2026-07-26T12:59:00.1911661Z [command]/usr/bin/git init /home/runner/work/ednsv/ednsv
2026-07-26T12:59:00.2037494Z hint: Using 'master' as the name for the initial branch. This default branch name
2026-07-26T12:59:00.2038620Z hint: will change to "main" in Git 3.0. To configure the initial branch name
2026-07-26T12:59:00.2039683Z hint: to use in all of your new repositories, which will suppress this warning,
2026-07-26T12:59:00.2040909Z hint: call:
2026-07-26T12:59:00.2041305Z hint:
2026-07-26T12:59:00.2041862Z hint: 	git config --global init.defaultBranch <name>
2026-07-26T12:59:00.2042641Z hint:
2026-07-26T12:59:00.2043338Z hint: Names commonly chosen instead of 'master' are 'main', 'trunk' and
2026-07-26T12:59:00.2044528Z hint: 'development'. The just-created branch can be renamed via this command:
2026-07-26T12:59:00.2045474Z hint:
2026-07-26T12:59:00.2045945Z hint: 	git branch -m <name>
2026-07-26T12:59:00.2046700Z hint:
2026-07-26T12:59:00.2047526Z hint: Disable this message with "git config set advice.defaultBranchName false"
2026-07-26T12:59:00.2054159Z Initialized empty Git repository in /home/runner/work/ednsv/ednsv/.git/
2026-07-26T12:59:00.2071214Z [command]/usr/bin/git remote add origin https://github.com/pkinerd/ednsv
2026-07-26T12:59:00.2123893Z ##[endgroup]
2026-07-26T12:59:00.2125191Z ##[group]Disabling automatic garbage collection
2026-07-26T12:59:00.2128430Z [command]/usr/bin/git config --local gc.auto 0
2026-07-26T12:59:00.2162086Z ##[endgroup]
2026-07-26T12:59:00.2162933Z ##[group]Setting up auth
2026-07-26T12:59:00.2170841Z [command]/usr/bin/git config --local --name-only --get-regexp core\.sshCommand
2026-07-26T12:59:00.2223649Z [command]/usr/bin/git submodule foreach --recursive sh -c "git config --local --name-only --get-regexp 'core\.sshCommand' && git config --local --unset-all 'core.sshCommand' || :"
2026-07-26T12:59:00.2631344Z [command]/usr/bin/git config --local --name-only --get-regexp http\.https\:\/\/github\.com\/\.extraheader
2026-07-26T12:59:00.2662428Z [command]/usr/bin/git submodule foreach --recursive sh -c "git config --local --name-only --get-regexp 'http\.https\:\/\/github\.com\/\.extraheader' && git config --local --unset-all 'http.https://github.com/.extraheader' || :"
2026-07-26T12:59:00.2912254Z [command]/usr/bin/git config --local --name-only --get-regexp ^includeIf\.gitdir:
2026-07-26T12:59:00.2952403Z [command]/usr/bin/git submodule foreach --recursive git config --local --show-origin --name-only --get-regexp remote.origin.url
2026-07-26T12:59:00.3194863Z [command]/usr/bin/git config --local http.https://github.com/.extraheader AUTHORIZATION: basic ***
2026-07-26T12:59:00.3241455Z ##[endgroup]
2026-07-26T12:59:00.3242630Z ##[group]Fetching the repository
2026-07-26T12:59:00.3262273Z [command]/usr/bin/git -c protocol.version=2 fetch --no-tags --prune --no-recurse-submodules --depth=1 origin +b98ac69019e328bec44ffbfb55499f2d8cda70c0:refs/remotes/pull/28/merge
2026-07-26T12:59:00.8184497Z From https://github.com/pkinerd/ednsv
2026-07-26T12:59:00.8185834Z  * [new ref]         b98ac69019e328bec44ffbfb55499f2d8cda70c0 -> pull/28/merge
2026-07-26T12:59:00.8227351Z ##[endgroup]
2026-07-26T12:59:00.8228280Z ##[group]Determining the checkout info
2026-07-26T12:59:00.8230549Z ##[endgroup]
2026-07-26T12:59:00.8239878Z [command]/usr/bin/git sparse-checkout disable
2026-07-26T12:59:00.8314782Z [command]/usr/bin/git config --local --unset-all extensions.worktreeConfig
2026-07-26T12:59:00.8365745Z ##[group]Checking out the ref
2026-07-26T12:59:00.8372384Z [command]/usr/bin/git checkout --progress --force refs/remotes/pull/28/merge
2026-07-26T12:59:00.8529597Z Note: switching to 'refs/remotes/pull/28/merge'.
2026-07-26T12:59:00.8530623Z 
2026-07-26T12:59:00.8531702Z You are in 'detached HEAD' state. You can look around, make experimental
2026-07-26T12:59:00.8532901Z changes and commit them, and you can discard any commits you make in this
2026-07-26T12:59:00.8533884Z state without impacting any branches by switching back to a branch.
2026-07-26T12:59:00.8534327Z 
2026-07-26T12:59:00.8534582Z If you want to create a new branch to retain commits you create, you may
2026-07-26T12:59:00.8535191Z do so (now or later) by using -c with the switch command. Example:
2026-07-26T12:59:00.8535536Z 
2026-07-26T12:59:00.8535677Z   git switch -c <new-branch-name>
2026-07-26T12:59:00.8535901Z 
2026-07-26T12:59:00.8536058Z Or undo this operation with:
2026-07-26T12:59:00.8536262Z 
2026-07-26T12:59:00.8536377Z   git switch -
2026-07-26T12:59:00.8536849Z 
2026-07-26T12:59:00.8537291Z Turn off this advice by setting config variable advice.detachedHead to false
2026-07-26T12:59:00.8537956Z 
2026-07-26T12:59:00.8538390Z HEAD is now at b98ac69 Merge e6ba77a630841238a07b2111bc8f1690554a5e42 into 0907a58f50a6c98d23ae466ed31c3a0c15264622
2026-07-26T12:59:00.8550327Z ##[endgroup]
2026-07-26T12:59:00.8602631Z [command]/usr/bin/git log -1 --format=%H
2026-07-26T12:59:00.8638230Z b98ac69019e328bec44ffbfb55499f2d8cda70c0
2026-07-26T12:59:00.8887055Z ##[group]Run if [ "pull_request" != "pull_request" ]; then
2026-07-26T12:59:00.8887648Z [36;1mif [ "pull_request" != "pull_request" ]; then[0m
2026-07-26T12:59:00.8888074Z [36;1m  echo "push=true" >> "$GITHUB_OUTPUT"[0m
2026-07-26T12:59:00.8888495Z [36;1melif [ "pkinerd/ednsv" = "pkinerd/ednsv" ]; then[0m
2026-07-26T12:59:00.8888880Z [36;1m  echo "push=true" >> "$GITHUB_OUTPUT"[0m
2026-07-26T12:59:00.8889187Z [36;1melse[0m
2026-07-26T12:59:00.8889431Z [36;1m  echo "push=false" >> "$GITHUB_OUTPUT"[0m
2026-07-26T12:59:00.8889747Z [36;1mfi[0m
2026-07-26T12:59:00.8936700Z shell: /usr/bin/bash -e {0}
2026-07-26T12:59:00.8937058Z env:
2026-07-26T12:59:00.8937298Z   REGISTRY: ghcr.io
2026-07-26T12:59:00.8937582Z   IMAGE_NAME: pkinerd/ednsv
2026-07-26T12:59:00.8937876Z ##[endgroup]
2026-07-26T12:59:00.9143165Z Node 20 is being deprecated. This workflow is running with Node 24 by default. If you need to temporarily use Node 20, you can set the ACTIONS_ALLOW_USE_UNSECURE_NODE_VERSION=true environment variable. For more information see: https://github.blog/changelog/2025-09-19-deprecation-of-node-20-on-github-actions-runners/
2026-07-26T12:59:00.9145167Z ##[group]Run docker/setup-buildx-action@v3
2026-07-26T12:59:00.9145469Z with:
2026-07-26T12:59:00.9145674Z   driver: docker-container
2026-07-26T12:59:00.9145909Z   use: true
2026-07-26T12:59:00.9146104Z   keep-state: false
2026-07-26T12:59:00.9146319Z   cache-binary: true
2026-07-26T12:59:00.9146936Z   cleanup: true
2026-07-26T12:59:00.9147213Z   install: false
2026-07-26T12:59:00.9147416Z env:
2026-07-26T12:59:00.9147597Z   REGISTRY: ghcr.io
2026-07-26T12:59:00.9147831Z   IMAGE_NAME: pkinerd/ednsv
2026-07-26T12:59:00.9148084Z ##[endgroup]
2026-07-26T12:59:01.1758601Z (node:2259) [DEP0040] DeprecationWarning: The `punycode` module is deprecated. Please use a userland alternative instead.
2026-07-26T12:59:01.1760640Z (Use `node --trace-deprecation ...` to show where the warning was created)
2026-07-26T12:59:01.1835631Z ##[group]Docker info
2026-07-26T12:59:01.1854341Z [command]/usr/bin/docker version
2026-07-26T12:59:01.2952012Z Client: Docker Engine - Community
2026-07-26T12:59:01.2954943Z  Version:           28.0.4
2026-07-26T12:59:01.2955343Z  API version:       1.48
2026-07-26T12:59:01.2955740Z  Go version:        go1.23.7
2026-07-26T12:59:01.2956128Z  Git commit:        b8034c0
2026-07-26T12:59:01.2956785Z  Built:             Tue Mar 25 15:07:16 2025
2026-07-26T12:59:01.2957246Z  OS/Arch:           linux/amd64
2026-07-26T12:59:01.2957637Z  Context:           default
2026-07-26T12:59:01.2957878Z 
2026-07-26T12:59:01.2958049Z Server: Docker Engine - Community
2026-07-26T12:59:01.2958881Z  Engine:
2026-07-26T12:59:01.2959185Z   Version:          28.0.4
2026-07-26T12:59:01.2959604Z   API version:      1.48 (minimum version 1.24)
2026-07-26T12:59:01.2960105Z   Go version:       go1.23.7
2026-07-26T12:59:01.2960690Z   Git commit:       6430e49
2026-07-26T12:59:01.2961217Z   Built:            Tue Mar 25 15:07:16 2025
2026-07-26T12:59:01.2961748Z   OS/Arch:          linux/amd64
2026-07-26T12:59:01.2962247Z   Experimental:     false
2026-07-26T12:59:01.2962688Z  containerd:
2026-07-26T12:59:01.2963079Z   Version:          v2.2.6
2026-07-26T12:59:01.2963627Z   GitCommit:        11ce9d5f3c68c941867e82890e93e815c1304f1b
2026-07-26T12:59:01.2964207Z  runc:
2026-07-26T12:59:01.2964535Z   Version:          1.3.6
2026-07-26T12:59:01.2964989Z   GitCommit:        v1.3.6-0-g491b69ba
2026-07-26T12:59:01.2965492Z  docker-init:
2026-07-26T12:59:01.2965886Z   Version:          0.19.0
2026-07-26T12:59:01.2966321Z   GitCommit:        de40ad0
2026-07-26T12:59:01.3032372Z [command]/usr/bin/docker info
2026-07-26T12:59:04.2382000Z Client: Docker Engine - Community
2026-07-26T12:59:04.2384490Z  Version:    28.0.4
2026-07-26T12:59:04.2385084Z  Context:    default
2026-07-26T12:59:04.2385508Z  Debug Mode: false
2026-07-26T12:59:04.2385875Z  Plugins:
2026-07-26T12:59:04.2386238Z   buildx: Docker Buildx (Docker Inc.)
2026-07-26T12:59:04.2387187Z     Version:  v0.35.0
2026-07-26T12:59:04.2387733Z     Path:     /usr/libexec/docker/cli-plugins/docker-buildx
2026-07-26T12:59:04.2388369Z   compose: Docker Compose (Docker Inc.)
2026-07-26T12:59:04.2388857Z     Version:  v2.38.2
2026-07-26T12:59:04.2389350Z     Path:     /usr/libexec/docker/cli-plugins/docker-compose
2026-07-26T12:59:04.2389787Z 
2026-07-26T12:59:04.2389933Z Server:
2026-07-26T12:59:04.2390254Z  Containers: 0
2026-07-26T12:59:04.2390761Z   Running: 0
2026-07-26T12:59:04.2391186Z   Paused: 0
2026-07-26T12:59:04.2391523Z   Stopped: 0
2026-07-26T12:59:04.2391855Z  Images: 6
2026-07-26T12:59:04.2392144Z  Server Version: 28.0.4
2026-07-26T12:59:04.2392481Z  Storage Driver: overlay2
2026-07-26T12:59:04.2392812Z   Backing Filesystem: extfs
2026-07-26T12:59:04.2393148Z   Supports d_type: true
2026-07-26T12:59:04.2393920Z   Using metacopy: false
2026-07-26T12:59:04.2394258Z   Native Overlay Diff: false
2026-07-26T12:59:04.2394597Z   userxattr: false
2026-07-26T12:59:04.2394949Z  Logging Driver: json-file
2026-07-26T12:59:04.2395289Z  Cgroup Driver: systemd
2026-07-26T12:59:04.2395597Z  Cgroup Version: 2
2026-07-26T12:59:04.2395871Z  Plugins:
2026-07-26T12:59:04.2396203Z   Volume: local
2026-07-26T12:59:04.2396845Z   Network: bridge host ipvlan macvlan null overlay
2026-07-26T12:59:04.2397491Z   Log: awslogs fluentd gcplogs gelf journald json-file local splunk syslog
2026-07-26T12:59:04.2398308Z  Swarm: inactive
2026-07-26T12:59:04.2398622Z  Runtimes: runc io.containerd.runc.v2
2026-07-26T12:59:04.2399005Z  Default Runtime: runc
2026-07-26T12:59:04.2399326Z  Init Binary: docker-init
2026-07-26T12:59:04.2399941Z  containerd version: 11ce9d5f3c68c941867e82890e93e815c1304f1b
2026-07-26T12:59:04.2400565Z  runc version: v1.3.6-0-g491b69ba
2026-07-26T12:59:04.2400921Z  init version: de40ad0
2026-07-26T12:59:04.2401225Z  Security Options:
2026-07-26T12:59:04.2401690Z   apparmor
2026-07-26T12:59:04.2402083Z   seccomp
2026-07-26T12:59:04.2402446Z    Profile: builtin
2026-07-26T12:59:04.2402779Z   cgroupns
2026-07-26T12:59:04.2403027Z  Kernel Version: 6.17.0-1020-azure
2026-07-26T12:59:04.2403366Z  Operating System: Ubuntu 24.04.4 LTS
2026-07-26T12:59:04.2403693Z  OSType: linux
2026-07-26T12:59:04.2403950Z  Architecture: x86_64
2026-07-26T12:59:04.2404217Z  CPUs: 4
2026-07-26T12:59:04.2404445Z  Total Memory: 15.61GiB
2026-07-26T12:59:04.2404724Z  Name: runnervmvrwv9
2026-07-26T12:59:04.2405019Z  ID: dce1e4a9-fc26-4218-aaf0-feee5194c8cb
2026-07-26T12:59:04.2405395Z  Docker Root Dir: /var/lib/docker
2026-07-26T12:59:04.2405717Z  Debug Mode: false
2026-07-26T12:59:04.2405985Z  Username: githubactions
2026-07-26T12:59:04.2406285Z  Experimental: false
2026-07-26T12:59:04.2407180Z  Insecure Registries:
2026-07-26T12:59:04.2411161Z   ::1/128
2026-07-26T12:59:04.2411585Z   127.0.0.0/8
2026-07-26T12:59:04.2411944Z  Live Restore Enabled: false
2026-07-26T12:59:04.2412155Z 
2026-07-26T12:59:04.2412996Z ##[endgroup]
2026-07-26T12:59:04.3896042Z ##[group]Buildx version
2026-07-26T12:59:04.3934233Z [command]/usr/bin/docker buildx version
2026-07-26T12:59:04.4784409Z github.com/docker/buildx v0.35.0 a319e5b15052cf6557ceb666eb8ff6e32380b782
2026-07-26T12:59:04.4822412Z ##[endgroup]
2026-07-26T12:59:04.4997415Z ##[group]Inspecting default docker context
2026-07-26T12:59:04.5156947Z [
2026-07-26T12:59:04.5157710Z   {
2026-07-26T12:59:04.5158152Z     "Name": "default",
2026-07-26T12:59:04.5158730Z     "Metadata": {},
2026-07-26T12:59:04.5159187Z     "Endpoints": {
2026-07-26T12:59:04.5159576Z       "docker": {
2026-07-26T12:59:04.5160119Z         "Host": "unix:///var/run/docker.sock",
2026-07-26T12:59:04.5160823Z         "SkipTLSVerify": false
2026-07-26T12:59:04.5161582Z       }
2026-07-26T12:59:04.5162173Z     },
2026-07-26T12:59:04.5162660Z     "TLSMaterial": {},
2026-07-26T12:59:04.5163203Z     "Storage": {
2026-07-26T12:59:04.5163714Z       "MetadataPath": "<IN MEMORY>",
2026-07-26T12:59:04.5164384Z       "TLSPath": "<IN MEMORY>"
2026-07-26T12:59:04.5164944Z     }
2026-07-26T12:59:04.5165332Z   }
2026-07-26T12:59:04.5165765Z ]
2026-07-26T12:59:04.5167216Z ##[endgroup]
2026-07-26T12:59:04.5168207Z ##[group]Creating a new builder instance
2026-07-26T12:59:04.7039744Z [command]/usr/bin/docker buildx create --name builder-a6a18629-1edb-45cf-baa9-3e6f8f8300ea --driver docker-container --buildkitd-flags --allow-insecure-entitlement security.insecure --allow-insecure-entitlement network.host --use
2026-07-26T12:59:04.7962323Z builder-a6a18629-1edb-45cf-baa9-3e6f8f8300ea
2026-07-26T12:59:04.8017277Z ##[endgroup]
2026-07-26T12:59:04.8017982Z ##[group]Booting builder
2026-07-26T12:59:04.8064151Z [command]/usr/bin/docker buildx inspect --bootstrap --builder builder-a6a18629-1edb-45cf-baa9-3e6f8f8300ea
2026-07-26T12:59:04.8867138Z #1 [internal] booting buildkit
2026-07-26T12:59:05.0375587Z #1 pulling image moby/buildkit:buildx-stable-1
2026-07-26T12:59:07.1997747Z #1 pulling image moby/buildkit:buildx-stable-1 2.3s done
2026-07-26T12:59:07.3501579Z #1 creating container buildx_buildkit_builder-a6a18629-1edb-45cf-baa9-3e6f8f8300ea0
2026-07-26T12:59:07.5051560Z #1 creating container buildx_buildkit_builder-a6a18629-1edb-45cf-baa9-3e6f8f8300ea0 0.3s done
2026-07-26T12:59:07.5070144Z #1 DONE 2.6s
2026-07-26T12:59:07.5535975Z Name:          builder-a6a18629-1edb-45cf-baa9-3e6f8f8300ea
2026-07-26T12:59:07.5537258Z Driver:        docker-container
2026-07-26T12:59:07.5543721Z Last Activity: 2026-07-26 12:59:04 +0000 UTC
2026-07-26T12:59:07.5557083Z 
2026-07-26T12:59:07.5557548Z Nodes:
2026-07-26T12:59:07.5558035Z Name:                  builder-a6a18629-1edb-45cf-baa9-3e6f8f8300ea0
2026-07-26T12:59:07.5558656Z Endpoint:              unix:///var/run/docker.sock
2026-07-26T12:59:07.5559163Z Status:                running
2026-07-26T12:59:07.5560017Z BuildKit daemon flags: --allow-insecure-entitlement security.insecure --allow-insecure-entitlement network.host
2026-07-26T12:59:07.5560918Z BuildKit version:      v0.31.2
2026-07-26T12:59:07.5561501Z Platforms:             linux/amd64, linux/amd64/v2, linux/amd64/v3, linux/386
2026-07-26T12:59:07.5562071Z Labels:
2026-07-26T12:59:07.5562468Z  org.mobyproject.buildkit.worker.executor:         oci
2026-07-26T12:59:07.5564027Z  org.mobyproject.buildkit.worker.hostname:         5b66af428c65
2026-07-26T12:59:07.5564923Z  org.mobyproject.buildkit.worker.network:          host
2026-07-26T12:59:07.5565653Z  org.mobyproject.buildkit.worker.oci.process-mode: sandbox
2026-07-26T12:59:07.5568585Z  org.mobyproject.buildkit.worker.selinux.enabled:  false
2026-07-26T12:59:07.5569831Z  org.mobyproject.buildkit.worker.snapshotter:      overlayfs
2026-07-26T12:59:07.5570830Z GC Policy rule#0:
2026-07-26T12:59:07.5571389Z  All:            false
2026-07-26T12:59:07.5572822Z  Filters:        type==source.local type==exec.cachemount type==source.git.checkout
2026-07-26T12:59:07.5574005Z  Keep Duration:  48h0m0s
2026-07-26T12:59:07.5574632Z  Max Used Space: 488.3MiB
2026-07-26T12:59:07.5575101Z GC Policy rule#1:
2026-07-26T12:59:07.5575491Z  All:            false
2026-07-26T12:59:07.5575926Z  Keep Duration:  1440h0m0s
2026-07-26T12:59:07.5576398Z  Reserved Space: 9.313GiB
2026-07-26T12:59:07.5577068Z  Max Used Space: 93.13GiB
2026-07-26T12:59:07.5577556Z  Min Free Space: 27.01GiB
2026-07-26T12:59:07.5578031Z GC Policy rule#2:
2026-07-26T12:59:07.5578440Z  All:            false
2026-07-26T12:59:07.5578891Z  Reserved Space: 9.313GiB
2026-07-26T12:59:07.5579360Z  Max Used Space: 93.13GiB
2026-07-26T12:59:07.5579852Z  Min Free Space: 27.01GiB
2026-07-26T12:59:07.5580315Z GC Policy rule#3:
2026-07-26T12:59:07.5580698Z  All:            true
2026-07-26T12:59:07.5581156Z  Reserved Space: 9.313GiB
2026-07-26T12:59:07.5581654Z  Max Used Space: 93.13GiB
2026-07-26T12:59:07.5582230Z  Min Free Space: 27.01GiB
2026-07-26T12:59:07.5594776Z ##[endgroup]
2026-07-26T12:59:07.6532130Z ##[group]Inspect builder
2026-07-26T12:59:07.6534693Z {
2026-07-26T12:59:07.6537520Z   "nodes": [
2026-07-26T12:59:07.6538124Z     {
2026-07-26T12:59:07.6538638Z       "name": "builder-a6a18629-1edb-45cf-baa9-3e6f8f8300ea0",
2026-07-26T12:59:07.6539287Z       "endpoint": "unix:///var/run/docker.sock",
2026-07-26T12:59:07.6539798Z       "status": "running",
2026-07-26T12:59:07.6540819Z       "buildkitd-flags": "--allow-insecure-entitlement security.insecure --allow-insecure-entitlement network.host",
2026-07-26T12:59:07.6541955Z       "buildkit": "v0.31.2",
2026-07-26T12:59:07.6542621Z       "platforms": "linux/amd64,linux/amd64/v2,linux/amd64/v3,linux/386",
2026-07-26T12:59:07.6543549Z       "features": {
2026-07-26T12:59:07.6544255Z         "Automatically load images to the Docker Engine image store": true,
2026-07-26T12:59:07.6545109Z         "Cache export": true,
2026-07-26T12:59:07.6545670Z         "Direct push": true,
2026-07-26T12:59:07.6546244Z         "Docker exporter": true,
2026-07-26T12:59:07.6547080Z         "Multi-platform build": true,
2026-07-26T12:59:07.6547592Z         "OCI exporter": true
2026-07-26T12:59:07.6548370Z       },
2026-07-26T12:59:07.6548811Z       "labels": {
2026-07-26T12:59:07.6549414Z         "org.mobyproject.buildkit.worker.executor": "oci",
2026-07-26T12:59:07.6550285Z         "org.mobyproject.buildkit.worker.hostname": "5b66af428c65",
2026-07-26T12:59:07.6551176Z         "org.mobyproject.buildkit.worker.network": "host",
2026-07-26T12:59:07.6552081Z         "org.mobyproject.buildkit.worker.oci.process-mode": "sandbox",
2026-07-26T12:59:07.6553078Z         "org.mobyproject.buildkit.worker.selinux.enabled": "false",
2026-07-26T12:59:07.6554027Z         "org.mobyproject.buildkit.worker.snapshotter": "overlayfs"
2026-07-26T12:59:07.6554867Z       },
2026-07-26T12:59:07.6555229Z       "gcPolicy": [
2026-07-26T12:59:07.6555634Z         {
2026-07-26T12:59:07.6556049Z           "all": false,
2026-07-26T12:59:07.6558459Z           "filter": [
2026-07-26T12:59:07.6560705Z             "type==source.local type==exec.cachemount type==source.git.checkout"
2026-07-26T12:59:07.6561468Z           ],
2026-07-26T12:59:07.6561880Z           "keepDuration": "48h0m0s",
2026-07-26T12:59:07.6562418Z           "maxUsedSpace": "488.3MiB"
2026-07-26T12:59:07.6562912Z         },
2026-07-26T12:59:07.6563364Z         {
2026-07-26T12:59:07.6563803Z           "all": false,
2026-07-26T12:59:07.6564317Z           "keepDuration": "1440h0m0s",
2026-07-26T12:59:07.6564976Z           "reservedSpace": "9.313GiB",
2026-07-26T12:59:07.6565500Z           "maxUsedSpace": "93.13GiB",
2026-07-26T12:59:07.6566025Z           "minFreeSpace": "27.01GiB"
2026-07-26T12:59:07.6566806Z         },
2026-07-26T12:59:07.6567157Z         {
2026-07-26T12:59:07.6567523Z           "all": false,
2026-07-26T12:59:07.6567945Z           "reservedSpace": "9.313GiB",
2026-07-26T12:59:07.6568486Z           "maxUsedSpace": "93.13GiB",
2026-07-26T12:59:07.6569392Z           "minFreeSpace": "27.01GiB"
2026-07-26T12:59:07.6569879Z         },
2026-07-26T12:59:07.6570259Z         {
2026-07-26T12:59:07.6570618Z           "all": true,
2026-07-26T12:59:07.6571070Z           "reservedSpace": "9.313GiB",
2026-07-26T12:59:07.6571622Z           "maxUsedSpace": "93.13GiB",
2026-07-26T12:59:07.6572155Z           "minFreeSpace": "27.01GiB"
2026-07-26T12:59:07.6572651Z         }
2026-07-26T12:59:07.6573011Z       ]
2026-07-26T12:59:07.6573346Z     }
2026-07-26T12:59:07.6573673Z   ],
2026-07-26T12:59:07.6574171Z   "name": "builder-a6a18629-1edb-45cf-baa9-3e6f8f8300ea",
2026-07-26T12:59:07.6574856Z   "driver": "docker-container",
2026-07-26T12:59:07.6575419Z   "lastActivity": "2026-07-26T12:59:04.000Z"
2026-07-26T12:59:07.6575971Z }
2026-07-26T12:59:07.6576995Z ##[endgroup]
2026-07-26T12:59:07.6577773Z ##[group]BuildKit version
2026-07-26T12:59:07.6578379Z builder-a6a18629-1edb-45cf-baa9-3e6f8f8300ea0: v0.31.2
2026-07-26T12:59:07.6579646Z ##[endgroup]
2026-07-26T12:59:07.6757127Z Node 20 is being deprecated. This workflow is running with Node 24 by default. If you need to temporarily use Node 20, you can set the ACTIONS_ALLOW_USE_UNSECURE_NODE_VERSION=true environment variable. For more information see: https://github.blog/changelog/2025-09-19-deprecation-of-node-20-on-github-actions-runners/
2026-07-26T12:59:07.6758696Z ##[group]Run docker/login-action@v3
2026-07-26T12:59:07.6758981Z with:
2026-07-26T12:59:07.6759184Z   registry: ghcr.io
2026-07-26T12:59:07.6759415Z   username: pkinerd
2026-07-26T12:59:07.6762837Z   password: ***
2026-07-26T12:59:07.6763067Z   logout: true
2026-07-26T12:59:07.6763271Z env:
2026-07-26T12:59:07.6763466Z   REGISTRY: ghcr.io
2026-07-26T12:59:07.6763698Z   IMAGE_NAME: pkinerd/ednsv
2026-07-26T12:59:07.6763948Z ##[endgroup]
2026-07-26T12:59:08.0020608Z Logging into ghcr.io...
2026-07-26T12:59:08.0046166Z (node:2741) [DEP0040] DeprecationWarning: The `punycode` module is deprecated. Please use a userland alternative instead.
2026-07-26T12:59:08.0048035Z (Use `node --trace-deprecation ...` to show where the warning was created)
2026-07-26T12:59:08.2930133Z Login Succeeded!
2026-07-26T12:59:08.3109550Z Node 20 is being deprecated. This workflow is running with Node 24 by default. If you need to temporarily use Node 20, you can set the ACTIONS_ALLOW_USE_UNSECURE_NODE_VERSION=true environment variable. For more information see: https://github.blog/changelog/2025-09-19-deprecation-of-node-20-on-github-actions-runners/
2026-07-26T12:59:08.3111064Z ##[group]Run docker/metadata-action@v5
2026-07-26T12:59:08.3111361Z with:
2026-07-26T12:59:08.3111575Z   images: ghcr.io/pkinerd/ednsv
2026-07-26T12:59:08.3112399Z   tags: type=ref,event=branch,prefix=branch-
type=ref,event=pr,prefix=pr-
type=sha,format=short,prefix=sha-
type=raw,value=latest,enable={{is_default_branch}}
type=raw,value=latest-any

2026-07-26T12:59:08.3113237Z   context: workflow
2026-07-26T12:59:08.3116898Z   github-token: ***
2026-07-26T12:59:08.3117137Z env:
2026-07-26T12:59:08.3117338Z   REGISTRY: ghcr.io
2026-07-26T12:59:08.3117589Z   IMAGE_NAME: pkinerd/ednsv
2026-07-26T12:59:08.3117841Z ##[endgroup]
2026-07-26T12:59:08.7153293Z (node:2761) [DEP0040] DeprecationWarning: The `punycode` module is deprecated. Please use a userland alternative instead.
2026-07-26T12:59:08.7154966Z (Use `node --trace-deprecation ...` to show where the warning was created)
2026-07-26T12:59:09.6530307Z ##[group]Context info
2026-07-26T12:59:09.6530945Z eventName: pull_request
2026-07-26T12:59:09.6531412Z sha: b98ac69019e328bec44ffbfb55499f2d8cda70c0
2026-07-26T12:59:09.6532041Z ref: refs/pull/28/merge
2026-07-26T12:59:09.6532533Z workflow: CI
2026-07-26T12:59:09.6532879Z action: meta
2026-07-26T12:59:09.6533198Z actor: pkinerd
2026-07-26T12:59:09.6533691Z runNumber: 224
2026-07-26T12:59:09.6534085Z runId: 30203106324
2026-07-26T12:59:09.6534623Z commitDate: Sun Jul 26 2026 12:58:08 GMT+0000 (Coordinated Universal Time)
2026-07-26T12:59:09.6535544Z ##[endgroup]
2026-07-26T12:59:09.6542518Z ##[group]Processing images input
2026-07-26T12:59:09.6543695Z name=ghcr.io/pkinerd/ednsv,enable=true
2026-07-26T12:59:09.6544674Z ##[endgroup]
2026-07-26T12:59:09.6561280Z ##[group]Processing tags input
2026-07-26T12:59:09.6562198Z type=ref,event=branch,prefix=branch-,enable=true,priority=600
2026-07-26T12:59:09.6563527Z type=ref,event=pr,prefix=pr-,enable=true,priority=600
2026-07-26T12:59:09.6564942Z type=raw,value=latest,enable={{is_default_branch}},priority=200
2026-07-26T12:59:09.6566182Z type=raw,value=latest-any,enable=true,priority=200
2026-07-26T12:59:09.6567464Z type=sha,format=short,prefix=sha-,enable=true,priority=100
2026-07-26T12:59:09.6568395Z ##[endgroup]
2026-07-26T12:59:09.6568952Z ##[group]Processing flavor input
2026-07-26T12:59:09.6569339Z latest=auto
2026-07-26T12:59:09.6569621Z prefix=
2026-07-26T12:59:09.6569928Z prefixLatest=false
2026-07-26T12:59:09.6570238Z suffix=
2026-07-26T12:59:09.6570513Z suffixLatest=false
2026-07-26T12:59:09.6571277Z ##[endgroup]
2026-07-26T12:59:09.6645797Z ##[group]Docker image version
2026-07-26T12:59:09.6646293Z pr-28
2026-07-26T12:59:09.6647220Z ##[endgroup]
2026-07-26T12:59:09.6651488Z ##[group]Docker tags
2026-07-26T12:59:09.6652186Z ghcr.io/pkinerd/ednsv:pr-28
2026-07-26T12:59:09.6652814Z ghcr.io/pkinerd/ednsv:latest-any
2026-07-26T12:59:09.6655654Z ghcr.io/pkinerd/ednsv:sha-b98ac69
2026-07-26T12:59:09.6656818Z ##[endgroup]
2026-07-26T12:59:09.6731668Z ##[group]Docker labels
2026-07-26T12:59:09.6732332Z org.opencontainers.image.created=2026-07-26T12:59:09.656Z
2026-07-26T12:59:09.6733313Z org.opencontainers.image.description=
2026-07-26T12:59:09.6734458Z org.opencontainers.image.licenses=
2026-07-26T12:59:09.6735488Z org.opencontainers.image.revision=b98ac69019e328bec44ffbfb55499f2d8cda70c0
2026-07-26T12:59:09.6737294Z org.opencontainers.image.source=https://github.com/pkinerd/ednsv
2026-07-26T12:59:09.6738742Z org.opencontainers.image.title=ednsv
2026-07-26T12:59:09.6740021Z org.opencontainers.image.url=https://github.com/pkinerd/ednsv
2026-07-26T12:59:09.6741363Z org.opencontainers.image.version=pr-28
2026-07-26T12:59:09.6742881Z ##[endgroup]
2026-07-26T12:59:09.6744015Z ##[group]Annotations
2026-07-26T12:59:09.6745371Z manifest:org.opencontainers.image.created=2026-07-26T12:59:09.656Z
2026-07-26T12:59:09.6746313Z manifest:org.opencontainers.image.description=
2026-07-26T12:59:09.6747302Z manifest:org.opencontainers.image.licenses=
2026-07-26T12:59:09.6748335Z manifest:org.opencontainers.image.revision=b98ac69019e328bec44ffbfb55499f2d8cda70c0
2026-07-26T12:59:09.6749637Z manifest:org.opencontainers.image.source=https://github.com/pkinerd/ednsv
2026-07-26T12:59:09.6750649Z manifest:org.opencontainers.image.title=ednsv
2026-07-26T12:59:09.6751590Z manifest:org.opencontainers.image.url=https://github.com/pkinerd/ednsv
2026-07-26T12:59:09.6752571Z manifest:org.opencontainers.image.version=pr-28
2026-07-26T12:59:09.6753555Z ##[endgroup]
2026-07-26T12:59:09.6754306Z ##[group]JSON output
2026-07-26T12:59:09.6754755Z {
2026-07-26T12:59:09.6755060Z   "tags": [
2026-07-26T12:59:09.6755411Z     "ghcr.io/pkinerd/ednsv:pr-28",
2026-07-26T12:59:09.6755911Z     "ghcr.io/pkinerd/ednsv:latest-any",
2026-07-26T12:59:09.6756421Z     "ghcr.io/pkinerd/ednsv:sha-b98ac69"
2026-07-26T12:59:09.6757057Z   ],
2026-07-26T12:59:09.6757376Z   "tag-names": [
2026-07-26T12:59:09.6757722Z     "pr-28",
2026-07-26T12:59:09.6758053Z     "latest-any",
2026-07-26T12:59:09.6758438Z     "sha-b98ac69"
2026-07-26T12:59:09.6758770Z   ],
2026-07-26T12:59:09.6759073Z   "labels": {
2026-07-26T12:59:09.6759574Z     "org.opencontainers.image.created": "2026-07-26T12:59:09.656Z",
2026-07-26T12:59:09.6760284Z     "org.opencontainers.image.description": "",
2026-07-26T12:59:09.6760882Z     "org.opencontainers.image.licenses": "",
2026-07-26T12:59:09.6761668Z     "org.opencontainers.image.revision": "b98ac69019e328bec44ffbfb55499f2d8cda70c0",
2026-07-26T12:59:09.6762544Z     "org.opencontainers.image.source": "https://github.com/pkinerd/ednsv",
2026-07-26T12:59:09.6763124Z     "org.opencontainers.image.title": "ednsv",
2026-07-26T12:59:09.6763858Z     "org.opencontainers.image.url": "https://github.com/pkinerd/ednsv",
2026-07-26T12:59:09.6764368Z     "org.opencontainers.image.version": "pr-28"
2026-07-26T12:59:09.6764703Z   },
2026-07-26T12:59:09.6764897Z   "annotations": [
2026-07-26T12:59:09.6765218Z     "manifest:org.opencontainers.image.created=2026-07-26T12:59:09.656Z",
2026-07-26T12:59:09.6765662Z     "manifest:org.opencontainers.image.description=",
2026-07-26T12:59:09.6766034Z     "manifest:org.opencontainers.image.licenses=",
2026-07-26T12:59:09.6766725Z     "manifest:org.opencontainers.image.revision=b98ac69019e328bec44ffbfb55499f2d8cda70c0",
2026-07-26T12:59:09.6767367Z     "manifest:org.opencontainers.image.source=https://github.com/pkinerd/ednsv",
2026-07-26T12:59:09.6767934Z     "manifest:org.opencontainers.image.title=ednsv",
2026-07-26T12:59:09.6768395Z     "manifest:org.opencontainers.image.url=https://github.com/pkinerd/ednsv",
2026-07-26T12:59:09.6768867Z     "manifest:org.opencontainers.image.version=pr-28"
2026-07-26T12:59:09.6769183Z   ]
2026-07-26T12:59:09.6769378Z }
2026-07-26T12:59:09.6769758Z ##[endgroup]
2026-07-26T12:59:09.6770113Z ##[group]Bake file definition (tags)
2026-07-26T12:59:09.6770392Z {
2026-07-26T12:59:09.6770586Z   "target": {
2026-07-26T12:59:09.6770795Z     "docker-metadata-action": {
2026-07-26T12:59:09.6771039Z       "tags": [
2026-07-26T12:59:09.6771248Z         "ghcr.io/pkinerd/ednsv:pr-28",
2026-07-26T12:59:09.6771578Z         "ghcr.io/pkinerd/ednsv:latest-any",
2026-07-26T12:59:09.6771877Z         "ghcr.io/pkinerd/ednsv:sha-b98ac69"
2026-07-26T12:59:09.6772143Z       ],
2026-07-26T12:59:09.6772321Z       "args": {
2026-07-26T12:59:09.6772559Z         "DOCKER_META_IMAGES": "ghcr.io/pkinerd/ednsv",
2026-07-26T12:59:09.6772877Z         "DOCKER_META_VERSION": "pr-28"
2026-07-26T12:59:09.6773150Z       }
2026-07-26T12:59:09.6773348Z     }
2026-07-26T12:59:09.6773561Z   }
2026-07-26T12:59:09.6773752Z }
2026-07-26T12:59:09.6774160Z ##[endgroup]
2026-07-26T12:59:09.6774540Z ##[group]Bake file definition (labels)
2026-07-26T12:59:09.6774827Z {
2026-07-26T12:59:09.6775029Z   "target": {
2026-07-26T12:59:09.6775459Z     "docker-metadata-action": {
2026-07-26T12:59:09.6775746Z       "labels": {
2026-07-26T12:59:09.6776071Z         "org.opencontainers.image.created": "2026-07-26T12:59:09.656Z",
2026-07-26T12:59:09.6776708Z         "org.opencontainers.image.description": "",
2026-07-26T12:59:09.6777085Z         "org.opencontainers.image.licenses": "",
2026-07-26T12:59:09.6777571Z         "org.opencontainers.image.revision": "b98ac69019e328bec44ffbfb55499f2d8cda70c0",
2026-07-26T12:59:09.6778190Z         "org.opencontainers.image.source": "https://github.com/pkinerd/ednsv",
2026-07-26T12:59:09.6778659Z         "org.opencontainers.image.title": "ednsv",
2026-07-26T12:59:09.6779138Z         "org.opencontainers.image.url": "https://github.com/pkinerd/ednsv",
2026-07-26T12:59:09.6779602Z         "org.opencontainers.image.version": "pr-28"
2026-07-26T12:59:09.6779921Z       }
2026-07-26T12:59:09.6780115Z     }
2026-07-26T12:59:09.6780292Z   }
2026-07-26T12:59:09.6780480Z }
2026-07-26T12:59:09.6780819Z ##[endgroup]
2026-07-26T12:59:09.6781233Z ##[group]Bake file definition (annotations)
2026-07-26T12:59:09.6781524Z {
2026-07-26T12:59:09.6781716Z   "target": {
2026-07-26T12:59:09.6781958Z     "docker-metadata-action": {
2026-07-26T12:59:09.6782305Z       "annotations": [
2026-07-26T12:59:09.6782674Z         "manifest:org.opencontainers.image.created=2026-07-26T12:59:09.656Z",
2026-07-26T12:59:09.6783190Z         "manifest:org.opencontainers.image.description=",
2026-07-26T12:59:09.6783594Z         "manifest:org.opencontainers.image.licenses=",
2026-07-26T12:59:09.6784656Z         "manifest:org.opencontainers.image.revision=b98ac69019e328bec44ffbfb55499f2d8cda70c0",
2026-07-26T12:59:09.6785730Z         "manifest:org.opencontainers.image.source=https://github.com/pkinerd/ednsv",
2026-07-26T12:59:09.6786871Z         "manifest:org.opencontainers.image.title=ednsv",
2026-07-26T12:59:09.6787693Z         "manifest:org.opencontainers.image.url=https://github.com/pkinerd/ednsv",
2026-07-26T12:59:09.6788868Z         "manifest:org.opencontainers.image.version=pr-28"
2026-07-26T12:59:09.6789229Z       ]
2026-07-26T12:59:09.6789428Z     }
2026-07-26T12:59:09.6789618Z   }
2026-07-26T12:59:09.6789790Z }
2026-07-26T12:59:09.6790212Z ##[endgroup]
2026-07-26T12:59:09.6991529Z Node 20 is being deprecated. This workflow is running with Node 24 by default. If you need to temporarily use Node 20, you can set the ACTIONS_ALLOW_USE_UNSECURE_NODE_VERSION=true environment variable. For more information see: https://github.blog/changelog/2025-09-19-deprecation-of-node-20-on-github-actions-runners/
2026-07-26T12:59:09.6993077Z ##[group]Run docker/build-push-action@v6
2026-07-26T12:59:09.6993384Z with:
2026-07-26T12:59:09.6993589Z   context: .
2026-07-26T12:59:09.6993800Z   file: ./Dockerfile
2026-07-26T12:59:09.6994027Z   push: true
2026-07-26T12:59:09.6994499Z   tags: ghcr.io/pkinerd/ednsv:pr-28
ghcr.io/pkinerd/ednsv:latest-any
ghcr.io/pkinerd/ednsv:sha-b98ac69
2026-07-26T12:59:09.6997219Z   labels: org.opencontainers.image.created=2026-07-26T12:59:09.656Z
org.opencontainers.image.description=
org.opencontainers.image.licenses=
org.opencontainers.image.revision=b98ac69019e328bec44ffbfb55499f2d8cda70c0
org.opencontainers.image.source=https://github.com/pkinerd/ednsv
org.opencontainers.image.title=ednsv
org.opencontainers.image.url=https://github.com/pkinerd/ednsv
org.opencontainers.image.version=pr-28
2026-07-26T12:59:09.6999312Z   cache-from: type=gha
2026-07-26T12:59:09.6999582Z   cache-to: type=gha,mode=max
2026-07-26T12:59:09.6999860Z   load: false
2026-07-26T12:59:09.7000087Z   no-cache: false
2026-07-26T12:59:09.7000320Z   pull: false
2026-07-26T12:59:09.7003977Z   github-token: ***
2026-07-26T12:59:09.7004224Z env:
2026-07-26T12:59:09.7004437Z   REGISTRY: ghcr.io
2026-07-26T12:59:09.7004688Z   IMAGE_NAME: pkinerd/ednsv
2026-07-26T12:59:09.7004989Z   DOCKER_METADATA_OUTPUT_VERSION: pr-28
2026-07-26T12:59:09.7005646Z   DOCKER_METADATA_OUTPUT_TAGS: ghcr.io/pkinerd/ednsv:pr-28
ghcr.io/pkinerd/ednsv:latest-any
ghcr.io/pkinerd/ednsv:sha-b98ac69
2026-07-26T12:59:09.7006372Z   DOCKER_METADATA_OUTPUT_TAG_NAMES: pr-28
latest-any
sha-b98ac69
2026-07-26T12:59:09.7008809Z   DOCKER_METADATA_OUTPUT_LABELS: org.opencontainers.image.created=2026-07-26T12:59:09.656Z
org.opencontainers.image.description=
org.opencontainers.image.licenses=
org.opencontainers.image.revision=b98ac69019e328bec44ffbfb55499f2d8cda70c0
org.opencontainers.image.source=https://github.com/pkinerd/ednsv
org.opencontainers.image.title=ednsv
org.opencontainers.image.url=https://github.com/pkinerd/ednsv
org.opencontainers.image.version=pr-28
2026-07-26T12:59:09.7012883Z   DOCKER_METADATA_OUTPUT_ANNOTATIONS: manifest:org.opencontainers.image.created=2026-07-26T12:59:09.656Z
manifest:org.opencontainers.image.description=
manifest:org.opencontainers.image.licenses=
manifest:org.opencontainers.image.revision=b98ac69019e328bec44ffbfb55499f2d8cda70c0
manifest:org.opencontainers.image.source=https://github.com/pkinerd/ednsv
manifest:org.opencontainers.image.title=ednsv
manifest:org.opencontainers.image.url=https://github.com/pkinerd/ednsv
manifest:org.opencontainers.image.version=pr-28
2026-07-26T12:59:09.7020082Z   DOCKER_METADATA_OUTPUT_JSON: {"tags":["ghcr.io/pkinerd/ednsv:pr-28","ghcr.io/pkinerd/ednsv:latest-any","ghcr.io/pkinerd/ednsv:sha-b98ac69"],"tag-names":["pr-28","latest-any","sha-b98ac69"],"labels":{"org.opencontainers.image.created":"2026-07-26T12:59:09.656Z","org.opencontainers.image.description":"","org.opencontainers.image.licenses":"","org.opencontainers.image.revision":"b98ac69019e328bec44ffbfb55499f2d8cda70c0","org.opencontainers.image.source":"https://github.com/pkinerd/ednsv","org.opencontainers.image.title":"ednsv","org.opencontainers.image.url":"https://github.com/pkinerd/ednsv","org.opencontainers.image.version":"pr-28"},"annotations":["manifest:org.opencontainers.image.created=2026-07-26T12:59:09.656Z","manifest:org.opencontainers.image.description=","manifest:org.opencontainers.image.licenses=","manifest:org.opencontainers.image.revision=b98ac69019e328bec44ffbfb55499f2d8cda70c0","manifest:org.opencontainers.image.source=https://github.com/pkinerd/ednsv","manifest:org.opencontainers.image.title=ednsv","manifest:org.opencontainers.image.url=https://github.com/pkinerd/ednsv","manifest:org.opencontainers.image.version=pr-28"]}
2026-07-26T12:59:09.7025385Z   DOCKER_METADATA_OUTPUT_BAKE_FILE_TAGS: /home/runner/work/_temp/docker-actions-toolkit-Fi8ni2/docker-metadata-action-bake-tags.json
2026-07-26T12:59:09.7026399Z   DOCKER_METADATA_OUTPUT_BAKE_FILE_LABELS: /home/runner/work/_temp/docker-actions-toolkit-Fi8ni2/docker-metadata-action-bake-labels.json
2026-07-26T12:59:09.7027768Z   DOCKER_METADATA_OUTPUT_BAKE_FILE_ANNOTATIONS: /home/runner/work/_temp/docker-actions-toolkit-Fi8ni2/docker-metadata-action-bake-annotations.json
2026-07-26T12:59:09.7028782Z   DOCKER_METADATA_OUTPUT_BAKE_FILE: /home/runner/work/_temp/docker-actions-toolkit-Fi8ni2/docker-metadata-action-bake.json
2026-07-26T12:59:09.7029370Z ##[endgroup]
2026-07-26T12:59:09.9596844Z (node:2773) [DEP0040] DeprecationWarning: The `punycode` module is deprecated. Please use a userland alternative instead.
2026-07-26T12:59:09.9605850Z (Use `node --trace-deprecation ...` to show where the warning was created)
2026-07-26T12:59:09.9619595Z ##[group]GitHub Actions runtime token ACs
2026-07-26T12:59:09.9628764Z refs/pull/28/merge: read/write
2026-07-26T12:59:09.9629427Z refs/heads/main: read
2026-07-26T12:59:09.9630795Z ##[endgroup]
2026-07-26T12:59:09.9631808Z ##[group]Docker info
2026-07-26T12:59:09.9692817Z [command]/usr/bin/docker version
2026-07-26T12:59:09.9919455Z Client: Docker Engine - Community
2026-07-26T12:59:09.9922758Z  Version:           28.0.4
2026-07-26T12:59:09.9923851Z  API version:       1.48
2026-07-26T12:59:09.9924635Z  Go version:        go1.23.7
2026-07-26T12:59:09.9925445Z  Git commit:        b8034c0
2026-07-26T12:59:09.9926317Z  Built:             Tue Mar 25 15:07:16 2025
2026-07-26T12:59:09.9927379Z  OS/Arch:           linux/amd64
2026-07-26T12:59:09.9928415Z  Context:           default
2026-07-26T12:59:09.9928914Z 
2026-07-26T12:59:09.9929346Z Server: Docker Engine - Community
2026-07-26T12:59:09.9930238Z  Engine:
2026-07-26T12:59:09.9931151Z   Version:          28.0.4
2026-07-26T12:59:09.9931938Z   API version:      1.48 (minimum version 1.24)
2026-07-26T12:59:09.9953849Z   Go version:       go1.23.7
2026-07-26T12:59:09.9957179Z   Git commit:       6430e49
2026-07-26T12:59:09.9957801Z   Built:            Tue Mar 25 15:07:16 2025
2026-07-26T12:59:09.9958445Z   OS/Arch:          linux/amd64
2026-07-26T12:59:09.9958982Z   Experimental:     false
2026-07-26T12:59:09.9959511Z  containerd:
2026-07-26T12:59:09.9959959Z   Version:          v2.2.6
2026-07-26T12:59:09.9960582Z   GitCommit:        11ce9d5f3c68c941867e82890e93e815c1304f1b
2026-07-26T12:59:09.9961239Z  runc:
2026-07-26T12:59:09.9962152Z   Version:          1.3.6
2026-07-26T12:59:09.9962715Z   GitCommit:        v1.3.6-0-g491b69ba
2026-07-26T12:59:09.9963276Z  docker-init:
2026-07-26T12:59:09.9963747Z   Version:          0.19.0
2026-07-26T12:59:09.9964254Z   GitCommit:        de40ad0
2026-07-26T12:59:09.9978841Z [command]/usr/bin/docker info
2026-07-26T12:59:10.0718360Z Client: Docker Engine - Community
2026-07-26T12:59:10.0723745Z  Version:    28.0.4
2026-07-26T12:59:10.0724617Z  Context:    default
2026-07-26T12:59:10.0725404Z  Debug Mode: false
2026-07-26T12:59:10.0726199Z  Plugins:
2026-07-26T12:59:10.0727054Z   buildx: Docker Buildx (Docker Inc.)
2026-07-26T12:59:10.0727918Z     Version:  v0.35.0
2026-07-26T12:59:10.0728780Z     Path:     /usr/libexec/docker/cli-plugins/docker-buildx
2026-07-26T12:59:10.0729689Z   compose: Docker Compose (Docker Inc.)
2026-07-26T12:59:10.0730539Z     Version:  v2.38.2
2026-07-26T12:59:10.0731386Z     Path:     /usr/libexec/docker/cli-plugins/docker-compose
2026-07-26T12:59:10.0732056Z 
2026-07-26T12:59:10.0732437Z Server:
2026-07-26T12:59:10.0733037Z  Containers: 1
2026-07-26T12:59:10.0733587Z   Running: 1
2026-07-26T12:59:10.0734117Z   Paused: 0
2026-07-26T12:59:10.0735478Z   Stopped: 0
2026-07-26T12:59:10.0736029Z  Images: 7
2026-07-26T12:59:10.0737016Z  Server Version: 28.0.4
2026-07-26T12:59:10.0737659Z  Storage Driver: overlay2
2026-07-26T12:59:10.0738349Z   Backing Filesystem: extfs
2026-07-26T12:59:10.0738994Z   Supports d_type: true
2026-07-26T12:59:10.0739853Z   Using metacopy: false
2026-07-26T12:59:10.0740494Z   Native Overlay Diff: false
2026-07-26T12:59:10.0741129Z   userxattr: false
2026-07-26T12:59:10.0741741Z  Logging Driver: json-file
2026-07-26T12:59:10.0742736Z  Cgroup Driver: systemd
2026-07-26T12:59:10.0743387Z  Cgroup Version: 2
2026-07-26T12:59:10.0743943Z  Plugins:
2026-07-26T12:59:10.0744472Z   Volume: local
2026-07-26T12:59:10.0745142Z   Network: bridge host ipvlan macvlan null overlay
2026-07-26T12:59:10.0746135Z   Log: awslogs fluentd gcplogs gelf journald json-file local splunk syslog
2026-07-26T12:59:10.0747322Z  Swarm: inactive
2026-07-26T12:59:10.0747933Z  Runtimes: io.containerd.runc.v2 runc
2026-07-26T12:59:10.0748750Z  Default Runtime: runc
2026-07-26T12:59:10.0749361Z  Init Binary: docker-init
2026-07-26T12:59:10.0750121Z  containerd version: 11ce9d5f3c68c941867e82890e93e815c1304f1b
2026-07-26T12:59:10.0751186Z  runc version: v1.3.6-0-g491b69ba
2026-07-26T12:59:10.0751862Z  init version: de40ad0
2026-07-26T12:59:10.0752440Z  Security Options:
2026-07-26T12:59:10.0753005Z   apparmor
2026-07-26T12:59:10.0753535Z   seccomp
2026-07-26T12:59:10.0754132Z    Profile: builtin
2026-07-26T12:59:10.0754980Z   cgroupns
2026-07-26T12:59:10.0755668Z  Kernel Version: 6.17.0-1020-azure
2026-07-26T12:59:10.0756349Z  Operating System: Ubuntu 24.04.4 LTS
2026-07-26T12:59:10.0757450Z  OSType: linux
2026-07-26T12:59:10.0757944Z  Architecture: x86_64
2026-07-26T12:59:10.0758409Z  CPUs: 4
2026-07-26T12:59:10.0758856Z  Total Memory: 15.61GiB
2026-07-26T12:59:10.0759448Z  Name: runnervmvrwv9
2026-07-26T12:59:10.0759999Z  ID: dce1e4a9-fc26-4218-aaf0-feee5194c8cb
2026-07-26T12:59:10.0760692Z  Docker Root Dir: /var/lib/docker
2026-07-26T12:59:10.0761296Z  Debug Mode: false
2026-07-26T12:59:10.0761802Z  Username: githubactions
2026-07-26T12:59:10.0762353Z  Experimental: false
2026-07-26T12:59:10.0762766Z  Insecure Registries:
2026-07-26T12:59:10.0763211Z   ::1/128
2026-07-26T12:59:10.0763553Z   127.0.0.0/8
2026-07-26T12:59:10.0764000Z  Live Restore Enabled: false
2026-07-26T12:59:10.0764316Z 
2026-07-26T12:59:10.0764849Z ##[endgroup]
2026-07-26T12:59:10.0765521Z ##[group]Proxy configuration
2026-07-26T12:59:10.0766031Z No proxy configuration found
2026-07-26T12:59:10.0767078Z ##[endgroup]
2026-07-26T12:59:10.1398746Z ##[group]Buildx version
2026-07-26T12:59:10.1424721Z [command]/usr/bin/docker buildx version
2026-07-26T12:59:10.1966235Z github.com/docker/buildx v0.35.0 a319e5b15052cf6557ceb666eb8ff6e32380b782
2026-07-26T12:59:10.1997983Z ##[endgroup]
2026-07-26T12:59:10.1998741Z ##[group]Builder info
2026-07-26T12:59:10.3040964Z {
2026-07-26T12:59:10.3041866Z   "nodes": [
2026-07-26T12:59:10.3042965Z     {
2026-07-26T12:59:10.3044624Z       "name": "builder-a6a18629-1edb-45cf-baa9-3e6f8f8300ea0",
2026-07-26T12:59:10.3045714Z       "endpoint": "unix:///var/run/docker.sock",
2026-07-26T12:59:10.3046725Z       "status": "running",
2026-07-26T12:59:10.3047909Z       "buildkitd-flags": "--allow-insecure-entitlement security.insecure --allow-insecure-entitlement network.host",
2026-07-26T12:59:10.3049993Z       "buildkit": "v0.31.2",
2026-07-26T12:59:10.3051095Z       "platforms": "linux/amd64,linux/amd64/v2,linux/amd64/v3,linux/386",
2026-07-26T12:59:10.3053169Z       "features": {
2026-07-26T12:59:10.3053763Z         "Automatically load images to the Docker Engine image store": true,
2026-07-26T12:59:10.3054489Z         "Cache export": true,
2026-07-26T12:59:10.3054927Z         "Direct push": true,
2026-07-26T12:59:10.3055383Z         "Docker exporter": true,
2026-07-26T12:59:10.3055850Z         "Multi-platform build": true,
2026-07-26T12:59:10.3056346Z         "OCI exporter": true
2026-07-26T12:59:10.3056924Z       },
2026-07-26T12:59:10.3057225Z       "labels": {
2026-07-26T12:59:10.3058110Z         "org.mobyproject.buildkit.worker.executor": "oci",
2026-07-26T12:59:10.3058930Z         "org.mobyproject.buildkit.worker.hostname": "5b66af428c65",
2026-07-26T12:59:10.3059669Z         "org.mobyproject.buildkit.worker.network": "host",
2026-07-26T12:59:10.3060630Z         "org.mobyproject.buildkit.worker.oci.process-mode": "sandbox",
2026-07-26T12:59:10.3061170Z         "org.mobyproject.buildkit.worker.selinux.enabled": "false",
2026-07-26T12:59:10.3061832Z         "org.mobyproject.buildkit.worker.snapshotter": "overlayfs"
2026-07-26T12:59:10.3062193Z       },
2026-07-26T12:59:10.3062386Z       "gcPolicy": [
2026-07-26T12:59:10.3062741Z         {
2026-07-26T12:59:10.3062939Z           "all": false,
2026-07-26T12:59:10.3063154Z           "filter": [
2026-07-26T12:59:10.3063538Z             "type==source.local type==exec.cachemount type==source.git.checkout"
2026-07-26T12:59:10.3064090Z           ],
2026-07-26T12:59:10.3064298Z           "keepDuration": "48h0m0s",
2026-07-26T12:59:10.3064574Z           "maxUsedSpace": "488.3MiB"
2026-07-26T12:59:10.3064878Z         },
2026-07-26T12:59:10.3065153Z         {
2026-07-26T12:59:10.3065346Z           "all": false,
2026-07-26T12:59:10.3065584Z           "keepDuration": "1440h0m0s",
2026-07-26T12:59:10.3065891Z           "reservedSpace": "9.313GiB",
2026-07-26T12:59:10.3066300Z           "maxUsedSpace": "93.13GiB",
2026-07-26T12:59:10.3069003Z           "minFreeSpace": "27.01GiB"
2026-07-26T12:59:10.3069470Z         },
2026-07-26T12:59:10.3069979Z         {
2026-07-26T12:59:10.3070328Z           "all": false,
2026-07-26T12:59:10.3070719Z           "reservedSpace": "9.313GiB",
2026-07-26T12:59:10.3071165Z           "maxUsedSpace": "93.13GiB",
2026-07-26T12:59:10.3071639Z           "minFreeSpace": "27.01GiB"
2026-07-26T12:59:10.3072112Z         },
2026-07-26T12:59:10.3072451Z         {
2026-07-26T12:59:10.3072768Z           "all": true,
2026-07-26T12:59:10.3073162Z           "reservedSpace": "9.313GiB",
2026-07-26T12:59:10.3073621Z           "maxUsedSpace": "93.13GiB",
2026-07-26T12:59:10.3074081Z           "minFreeSpace": "27.01GiB"
2026-07-26T12:59:10.3074559Z         }
2026-07-26T12:59:10.3074876Z       ]
2026-07-26T12:59:10.3075185Z     }
2026-07-26T12:59:10.3076389Z   ],
2026-07-26T12:59:10.3077101Z   "name": "builder-a6a18629-1edb-45cf-baa9-3e6f8f8300ea",
2026-07-26T12:59:10.3077942Z   "driver": "docker-container",
2026-07-26T12:59:10.3078661Z   "lastActivity": "2026-07-26T12:59:04.000Z"
2026-07-26T12:59:10.3079106Z }
2026-07-26T12:59:10.3080094Z ##[endgroup]
2026-07-26T12:59:10.4958410Z [command]/usr/bin/docker buildx build --cache-from type=gha --cache-to type=gha,mode=max --file ./Dockerfile --iidfile /home/runner/work/_temp/docker-actions-toolkit-qj5dwM/build-iidfile-a27bfcea48.txt --label org.opencontainers.image.created=2026-07-26T12:59:09.656Z --label org.opencontainers.image.description= --label org.opencontainers.image.licenses= --label org.opencontainers.image.revision=b98ac69019e328bec44ffbfb55499f2d8cda70c0 --label org.opencontainers.image.source=https://github.com/pkinerd/ednsv --label org.opencontainers.image.title=ednsv --label org.opencontainers.image.url=https://github.com/pkinerd/ednsv --label org.opencontainers.image.version=pr-28 --attest type=provenance,mode=max,builder-id=https://github.com/pkinerd/ednsv/actions/runs/30203106324/attempts/1 --tag ghcr.io/pkinerd/ednsv:pr-28 --tag ghcr.io/pkinerd/ednsv:latest-any --tag ghcr.io/pkinerd/ednsv:sha-b98ac69 --metadata-file /home/runner/work/_temp/docker-actions-toolkit-qj5dwM/build-metadata-ed93577619.json --push .
2026-07-26T12:59:10.8319347Z #0 building with "builder-a6a18629-1edb-45cf-baa9-3e6f8f8300ea" instance using docker-container driver
2026-07-26T12:59:10.8320188Z 
2026-07-26T12:59:10.8320375Z #1 [internal] load build definition from Dockerfile
2026-07-26T12:59:10.8320830Z #1 transferring dockerfile: 827B 0.0s done
2026-07-26T12:59:10.8321323Z #1 DONE 0.0s
2026-07-26T12:59:10.8321513Z 
2026-07-26T12:59:10.8321735Z #2 [auth] docker/dockerfile:pull token for registry-1.docker.io
2026-07-26T12:59:10.9825197Z #2 DONE 0.0s
2026-07-26T12:59:10.9825883Z 
2026-07-26T12:59:10.9826993Z #3 resolve image config for docker-image://docker.io/docker/dockerfile:1.7
2026-07-26T12:59:11.3089079Z #3 DONE 0.6s
2026-07-26T12:59:11.4151711Z 
2026-07-26T12:59:11.4155280Z #4 docker-image://docker.io/docker/dockerfile:1.7@sha256:a57df69d0ea827fb7266491f2813635de6f17269be881f696fbfdf2d83dda33e
2026-07-26T12:59:11.4159337Z #4 resolve docker.io/docker/dockerfile:1.7@sha256:a57df69d0ea827fb7266491f2813635de6f17269be881f696fbfdf2d83dda33e done
2026-07-26T12:59:11.4161368Z #4 sha256:96918c57e42509b97f10c074d80672ecdbd3bb7dcd38c1bd95960cf291207416 11.98MB / 11.98MB 0.1s done
2026-07-26T12:59:11.5172176Z #4 extracting sha256:96918c57e42509b97f10c074d80672ecdbd3bb7dcd38c1bd95960cf291207416 0.1s done
2026-07-26T12:59:11.5173419Z #4 DONE 0.2s
2026-07-26T12:59:11.7325491Z 
2026-07-26T12:59:11.7326292Z #5 [internal] load metadata for mcr.microsoft.com/dotnet/sdk:8.0
2026-07-26T12:59:11.7392720Z #5 DONE 0.2s
2026-07-26T12:59:11.7393164Z 
2026-07-26T12:59:11.7393744Z #6 [internal] load metadata for mcr.microsoft.com/dotnet/aspnet:8.0
2026-07-26T12:59:11.8664782Z #6 DONE 0.2s
2026-07-26T12:59:11.8665929Z 
2026-07-26T12:59:11.8666375Z #7 [internal] load .dockerignore
2026-07-26T12:59:11.8668462Z #7 transferring context: 249B done
2026-07-26T12:59:11.8668948Z #7 DONE 0.0s
2026-07-26T12:59:11.8669162Z 
2026-07-26T12:59:11.8669414Z #8 importing cache manifest from gha:3320485896374088145
2026-07-26T12:59:12.0266240Z #8 ...
2026-07-26T12:59:12.0266660Z 
2026-07-26T12:59:12.0266795Z #9 [internal] load build context
2026-07-26T12:59:12.0267144Z #9 DONE 0.0s
2026-07-26T12:59:12.0267294Z 
2026-07-26T12:59:12.0267854Z #10 [runtime 1/3] FROM mcr.microsoft.com/dotnet/aspnet:8.0@sha256:8f6a307ae32fb393a4b4bcde0a81f0ce3f0a715de0e5575df71f3030448f2dde
2026-07-26T12:59:12.0269098Z #10 resolve mcr.microsoft.com/dotnet/aspnet:8.0@sha256:8f6a307ae32fb393a4b4bcde0a81f0ce3f0a715de0e5575df71f3030448f2dde done
2026-07-26T12:59:12.0269942Z #10 DONE 0.0s
2026-07-26T12:59:12.0270099Z 
2026-07-26T12:59:12.0270652Z #11 [build 1/8] FROM mcr.microsoft.com/dotnet/sdk:8.0@sha256:3c0edbfe1549dd93fb789dc96299a40df865ad7bffefcaf38e8c05940686d641
2026-07-26T12:59:12.0271895Z #11 resolve mcr.microsoft.com/dotnet/sdk:8.0@sha256:3c0edbfe1549dd93fb789dc96299a40df865ad7bffefcaf38e8c05940686d641 done
2026-07-26T12:59:12.0272683Z #11 DONE 0.0s
2026-07-26T12:59:12.0457808Z 
2026-07-26T12:59:12.0458907Z #8 importing cache manifest from gha:3320485896374088145
2026-07-26T12:59:12.0459908Z #8 DONE 0.2s
2026-07-26T12:59:12.1536872Z 
2026-07-26T12:59:12.1537935Z #9 [internal] load build context
2026-07-26T12:59:12.1538832Z #9 transferring context: 928.22kB 0.0s done
2026-07-26T12:59:12.1539648Z #9 DONE 0.0s
2026-07-26T12:59:12.1539916Z 
2026-07-26T12:59:12.1540083Z #12 [runtime 2/3] WORKDIR /app
2026-07-26T12:59:12.1540503Z #12 CACHED
2026-07-26T12:59:12.1540682Z 
2026-07-26T12:59:12.1540837Z #13 [build 2/8] WORKDIR /src
2026-07-26T12:59:12.1541226Z #13 CACHED
2026-07-26T12:59:12.1541429Z 
2026-07-26T12:59:12.1541663Z #14 [build 6/8] COPY src/Ednsv.Core/ src/Ednsv.Core/
2026-07-26T12:59:12.1542079Z #14 CACHED
2026-07-26T12:59:12.1542217Z 
2026-07-26T12:59:12.1543013Z #15 [build 8/8] RUN dotnet publish src/Ednsv.Web/Ednsv.Web.csproj         --configuration Release         --no-restore         --output /app/publish         /p:UseAppHost=false
2026-07-26T12:59:12.1544003Z #15 CACHED
2026-07-26T12:59:12.1544143Z 
2026-07-26T12:59:12.1544421Z #16 [build 4/8] COPY src/Ednsv.Web/Ednsv.Web.csproj src/Ednsv.Web/
2026-07-26T12:59:12.1544908Z #16 CACHED
2026-07-26T12:59:12.1545047Z 
2026-07-26T12:59:12.1545275Z #17 [build 5/8] RUN dotnet restore src/Ednsv.Web/Ednsv.Web.csproj
2026-07-26T12:59:12.1545743Z #17 CACHED
2026-07-26T12:59:12.1545886Z 
2026-07-26T12:59:12.1546052Z #18 [build 7/8] COPY src/Ednsv.Web/ src/Ednsv.Web/
2026-07-26T12:59:12.1546686Z #18 CACHED
2026-07-26T12:59:12.1547528Z 
2026-07-26T12:59:12.1547961Z #19 [build 3/8] COPY src/Ednsv.Core/Ednsv.Core.csproj src/Ednsv.Core/
2026-07-26T12:59:12.1550425Z #19 CACHED
2026-07-26T12:59:12.1550704Z 
2026-07-26T12:59:12.1551061Z #20 [runtime 3/3] COPY --from=build /app/publish ./
2026-07-26T12:59:12.1551791Z #20 CACHED
2026-07-26T12:59:12.3391654Z 
2026-07-26T12:59:12.3392687Z #21 [auth] pkinerd/ednsv:pull,push token for ghcr.io
2026-07-26T12:59:12.3394053Z #21 DONE 0.0s
2026-07-26T12:59:12.3394343Z 
2026-07-26T12:59:12.3394538Z #22 exporting to image
2026-07-26T12:59:12.3395052Z #22 exporting layers done
2026-07-26T12:59:12.3396085Z #22 exporting manifest sha256:3aba59d0a53e60d5ce99bc9d01a24725318ad766b2123412bd48b8f5f6b8cab3 done
2026-07-26T12:59:12.3397939Z #22 exporting config sha256:d4b24d7af53b9664372149bbbeea40960d5e135edd85e3fd586e12df06c92c1a done
2026-07-26T12:59:12.3399495Z #22 exporting attestation manifest sha256:3af90eb898a0ef7229fb6559eab60978e0c3ab63ba5ff9b57e7301ccf4dd141d done
2026-07-26T12:59:12.3400780Z #22 exporting manifest list sha256:26411688a6b910549c5af1c68357aecdf3a6823dd0c7fca63b0d8b72c16ad430 done
2026-07-26T12:59:12.3401672Z #22 pushing layers
2026-07-26T12:59:13.2944087Z #22 ...
2026-07-26T12:59:13.2944599Z 
2026-07-26T12:59:13.2944904Z #23 exporting to GitHub Actions Cache
2026-07-26T12:59:13.2945804Z #23 preparing build cache for export 0.2s done
2026-07-26T12:59:13.2946909Z #23 sending cache export 1.0s done
2026-07-26T12:59:13.2947359Z #23 DONE 1.1s
2026-07-26T12:59:13.4453817Z 
2026-07-26T12:59:13.4454528Z #22 exporting to image
2026-07-26T12:59:13.5240003Z #22 pushing layers 1.3s done
2026-07-26T12:59:13.5241674Z #22 pushing manifest for ghcr.io/pkinerd/ednsv:pr-28@sha256:26411688a6b910549c5af1c68357aecdf3a6823dd0c7fca63b0d8b72c16ad430
2026-07-26T12:59:14.5920832Z #22 pushing manifest for ghcr.io/pkinerd/ednsv:pr-28@sha256:26411688a6b910549c5af1c68357aecdf3a6823dd0c7fca63b0d8b72c16ad430 1.1s done
2026-07-26T12:59:14.7005219Z #22 pushing layers 0.1s done
2026-07-26T12:59:14.7007934Z #22 pushing manifest for ghcr.io/pkinerd/ednsv:latest-any@sha256:26411688a6b910549c5af1c68357aecdf3a6823dd0c7fca63b0d8b72c16ad430
2026-07-26T12:59:15.1200170Z #22 pushing manifest for ghcr.io/pkinerd/ednsv:latest-any@sha256:26411688a6b910549c5af1c68357aecdf3a6823dd0c7fca63b0d8b72c16ad430 0.4s done
2026-07-26T12:59:15.2221765Z #22 pushing layers 0.1s done
2026-07-26T12:59:15.2223330Z #22 pushing manifest for ghcr.io/pkinerd/ednsv:sha-b98ac69@sha256:26411688a6b910549c5af1c68357aecdf3a6823dd0c7fca63b0d8b72c16ad430
2026-07-26T12:59:15.6528073Z #22 pushing manifest for ghcr.io/pkinerd/ednsv:sha-b98ac69@sha256:26411688a6b910549c5af1c68357aecdf3a6823dd0c7fca63b0d8b72c16ad430 0.4s done
2026-07-26T12:59:15.6529660Z #22 DONE 3.5s
2026-07-26T12:59:15.6801988Z 
2026-07-26T12:59:15.6802691Z #24 resolving provenance for metadata file
2026-07-26T12:59:15.6803350Z #24 DONE 0.0s
2026-07-26T12:59:15.6891800Z ##[group]ImageID
2026-07-26T12:59:15.6892536Z sha256:26411688a6b910549c5af1c68357aecdf3a6823dd0c7fca63b0d8b72c16ad430
2026-07-26T12:59:15.6893680Z ##[endgroup]
2026-07-26T12:59:15.6894427Z ##[group]Digest
2026-07-26T12:59:15.6895188Z sha256:26411688a6b910549c5af1c68357aecdf3a6823dd0c7fca63b0d8b72c16ad430
2026-07-26T12:59:15.6896332Z ##[endgroup]
2026-07-26T12:59:15.6897267Z ##[group]Metadata
2026-07-26T12:59:15.6901029Z {
2026-07-26T12:59:15.6901616Z   "buildx.build.provenance": {
2026-07-26T12:59:15.6902394Z     "builder": {
2026-07-26T12:59:15.6903138Z       "id": "https://github.com/pkinerd/ednsv/actions/runs/30203106324/attempts/1"
2026-07-26T12:59:15.6903904Z     },
2026-07-26T12:59:15.6904421Z     "buildType": "https://mobyproject.org/buildkit@v1",
2026-07-26T12:59:15.6905034Z     "materials": [
2026-07-26T12:59:15.6905443Z       {
2026-07-26T12:59:15.6905874Z         "uri": "pkg:docker/docker/dockerfile@1.7",
2026-07-26T12:59:15.6907665Z         "digest": {
2026-07-26T12:59:15.6908652Z           "sha256": "a57df69d0ea827fb7266491f2813635de6f17269be881f696fbfdf2d83dda33e"
2026-07-26T12:59:15.6909661Z         }
2026-07-26T12:59:15.6910063Z       },
2026-07-26T12:59:15.6910473Z       {
2026-07-26T12:59:15.6911225Z         "uri": "pkg:docker/mcr.microsoft.com/dotnet/aspnet@8.0?platform=linux%2Famd64",
2026-07-26T12:59:15.6912331Z         "digest": {
2026-07-26T12:59:15.6913077Z           "sha256": "8f6a307ae32fb393a4b4bcde0a81f0ce3f0a715de0e5575df71f3030448f2dde"
2026-07-26T12:59:15.6913884Z         }
2026-07-26T12:59:15.6914520Z       },
2026-07-26T12:59:15.6914974Z       {
2026-07-26T12:59:15.6915614Z         "uri": "pkg:docker/mcr.microsoft.com/dotnet/sdk@8.0?platform=linux%2Famd64",
2026-07-26T12:59:15.6916326Z         "digest": {
2026-07-26T12:59:15.6917332Z           "sha256": "3c0edbfe1549dd93fb789dc96299a40df865ad7bffefcaf38e8c05940686d641"
2026-07-26T12:59:15.6918102Z         }
2026-07-26T12:59:15.6918436Z       }
2026-07-26T12:59:15.6918746Z     ],
2026-07-26T12:59:15.6919071Z     "invocation": {
2026-07-26T12:59:15.6919454Z       "configSource": {
2026-07-26T12:59:15.6919924Z         "entryPoint": "Dockerfile"
2026-07-26T12:59:15.6920369Z       },
2026-07-26T12:59:15.6920704Z       "parameters": {
2026-07-26T12:59:15.6921122Z         "frontend": "gateway.v0",
2026-07-26T12:59:15.6921525Z         "args": {
2026-07-26T12:59:15.6921902Z           "cmdline": "docker/dockerfile:1.7",
2026-07-26T12:59:15.6922513Z           "label:org.opencontainers.image.created": "2026-07-26T12:59:09.656Z",
2026-07-26T12:59:15.6923235Z           "label:org.opencontainers.image.description": "",
2026-07-26T12:59:15.6923838Z           "label:org.opencontainers.image.licenses": "",
2026-07-26T12:59:15.6924605Z           "label:org.opencontainers.image.revision": "b98ac69019e328bec44ffbfb55499f2d8cda70c0",
2026-07-26T12:59:15.6925691Z           "label:org.opencontainers.image.source": "https://github.com/pkinerd/ednsv",
2026-07-26T12:59:15.6926764Z           "label:org.opencontainers.image.title": "ednsv",
2026-07-26T12:59:15.6927527Z           "label:org.opencontainers.image.url": "https://github.com/pkinerd/ednsv",
2026-07-26T12:59:15.6928266Z           "label:org.opencontainers.image.version": "pr-28",
2026-07-26T12:59:15.6928786Z           "source": "docker/dockerfile:1.7"
2026-07-26T12:59:15.6929242Z         },
2026-07-26T12:59:15.6929542Z         "locals": [
2026-07-26T12:59:15.6929886Z           {
2026-07-26T12:59:15.6930182Z             "name": "context"
2026-07-26T12:59:15.6930536Z           },
2026-07-26T12:59:15.6930813Z           {
2026-07-26T12:59:15.6931114Z             "name": "dockerfile"
2026-07-26T12:59:15.6931555Z           }
2026-07-26T12:59:15.6931859Z         ],
2026-07-26T12:59:15.6932217Z         "root": {
2026-07-26T12:59:15.6932609Z           "configSource": {
2026-07-26T12:59:15.6933030Z             "path": "Dockerfile"
2026-07-26T12:59:15.6933445Z           },
2026-07-26T12:59:15.6933770Z           "request": {
2026-07-26T12:59:15.6934123Z             "args": {
2026-07-26T12:59:15.6934696Z               "label:org.opencontainers.image.created": "2026-07-26T12:59:09.656Z",
2026-07-26T12:59:15.6935529Z               "label:org.opencontainers.image.description": "",
2026-07-26T12:59:15.6936242Z               "label:org.opencontainers.image.licenses": "",
2026-07-26T12:59:15.6937399Z               "label:org.opencontainers.image.revision": "b98ac69019e328bec44ffbfb55499f2d8cda70c0",
2026-07-26T12:59:15.6938681Z               "label:org.opencontainers.image.source": "https://github.com/pkinerd/ednsv",
2026-07-26T12:59:15.6939558Z               "label:org.opencontainers.image.title": "ednsv",
2026-07-26T12:59:15.6940384Z               "label:org.opencontainers.image.url": "https://github.com/pkinerd/ednsv",
2026-07-26T12:59:15.6941176Z               "label:org.opencontainers.image.version": "pr-28",
2026-07-26T12:59:15.6941815Z               "vcs:localdir:context": ".",
2026-07-26T12:59:15.6942427Z               "vcs:localdir:dockerfile": ".",
2026-07-26T12:59:15.6943174Z               "vcs:revision": "b98ac69019e328bec44ffbfb55499f2d8cda70c0",
2026-07-26T12:59:15.6944023Z               "vcs:source": "https://github.com/pkinerd/ednsv"
2026-07-26T12:59:15.6944594Z             }
2026-07-26T12:59:15.6944924Z           }
2026-07-26T12:59:15.6945557Z         },
2026-07-26T12:59:15.6945907Z         "compatibilityVersion": 30
2026-07-26T12:59:15.6946348Z       },
2026-07-26T12:59:15.6946876Z       "environment": {
2026-07-26T12:59:15.6947275Z         "github_actor": "pkinerd",
2026-07-26T12:59:15.6947738Z         "github_actor_id": "169779439",
2026-07-26T12:59:15.6948439Z         "github_event_name": "pull_request",
2026-07-26T12:59:15.6948973Z         "github_event_payload": {
2026-07-26T12:59:15.6949427Z           "action": "synchronize",
2026-07-26T12:59:15.6949957Z           "after": "e6ba77a630841238a07b2111bc8f1690554a5e42",
2026-07-26T12:59:15.6950689Z           "before": "db8d4bd0e6af19d2cb8f2450bb3e1e5f3c4f6bf6",
2026-07-26T12:59:15.6951338Z           "number": 28,
2026-07-26T12:59:15.6951731Z           "pull_request": {
2026-07-26T12:59:15.6952135Z             "_links": {
2026-07-26T12:59:15.6952514Z               "comments": {
2026-07-26T12:59:15.6953122Z                 "href": "https://api.github.com/repos/pkinerd/ednsv/issues/28/comments"
2026-07-26T12:59:15.6953839Z               },
2026-07-26T12:59:15.6954196Z               "commits": {
2026-07-26T12:59:15.6954814Z                 "href": "https://api.github.com/repos/pkinerd/ednsv/pulls/28/commits"
2026-07-26T12:59:15.6955476Z               },
2026-07-26T12:59:15.6955828Z               "html": {
2026-07-26T12:59:15.6956342Z                 "href": "https://github.com/pkinerd/ednsv/pull/28"
2026-07-26T12:59:15.6957099Z               },
2026-07-26T12:59:15.6957448Z               "issue": {
2026-07-26T12:59:15.6957994Z                 "href": "https://api.github.com/repos/pkinerd/ednsv/issues/28"
2026-07-26T12:59:15.6958649Z               },
2026-07-26T12:59:15.6959018Z               "review_comment": {
2026-07-26T12:59:15.6959739Z                 "href": "https://api.github.com/repos/pkinerd/ednsv/pulls/comments{/number}"
2026-07-26T12:59:15.6960490Z               },
2026-07-26T12:59:15.6960860Z               "review_comments": {
2026-07-26T12:59:15.6961532Z                 "href": "https://api.github.com/repos/pkinerd/ednsv/pulls/28/comments"
2026-07-26T12:59:15.6962228Z               },
2026-07-26T12:59:15.6962585Z               "self": {
2026-07-26T12:59:15.6963157Z                 "href": "https://api.github.com/repos/pkinerd/ednsv/pulls/28"
2026-07-26T12:59:15.6963811Z               },
2026-07-26T12:59:15.6964173Z               "statuses": {
2026-07-26T12:59:15.6965027Z                 "href": "https://api.github.com/repos/pkinerd/ednsv/statuses/e6ba77a630841238a07b2111bc8f1690554a5e42"
2026-07-26T12:59:15.6965940Z               }
2026-07-26T12:59:15.6966285Z             },
2026-07-26T12:59:15.6966830Z             "active_lock_reason": null,
2026-07-26T12:59:15.6967322Z             "additions": 8402,
2026-07-26T12:59:15.6967792Z             "assignee": null,
2026-07-26T12:59:15.6968222Z             "assignees": [],
2026-07-26T12:59:15.6968665Z             "author_association": "OWNER",
2026-07-26T12:59:15.6969141Z             "auto_merge": null,
2026-07-26T12:59:15.6969560Z             "base": {
2026-07-26T12:59:15.6969971Z               "label": "pkinerd:main",
2026-07-26T12:59:15.6970457Z               "ref": "main",
2026-07-26T12:59:15.6970866Z               "repo": {
2026-07-26T12:59:15.6971267Z                 "allow_auto_merge": false,
2026-07-26T12:59:15.6971759Z                 "allow_forking": true,
2026-07-26T12:59:15.6972277Z                 "allow_merge_commit": true,
2026-07-26T12:59:15.6972783Z                 "allow_rebase_merge": true,
2026-07-26T12:59:15.6973268Z                 "allow_squash_merge": true,
2026-07-26T12:59:15.6973799Z                 "allow_update_branch": false,
2026-07-26T12:59:15.6974623Z                 "archive_url": "https://api.github.com/repos/pkinerd/ednsv/{archive_format}{/ref}",
2026-07-26T12:59:15.6975432Z                 "archived": false,
2026-07-26T12:59:15.6976149Z                 "assignees_url": "https://api.github.com/repos/pkinerd/ednsv/assignees{/user}",
2026-07-26T12:59:15.6977338Z                 "blobs_url": "https://api.github.com/repos/pkinerd/ednsv/git/blobs{/sha}",
2026-07-26T12:59:15.6978639Z                 "branches_url": "https://api.github.com/repos/pkinerd/ednsv/branches{/branch}",
2026-07-26T12:59:15.6979545Z                 "clone_url": "https://github.com/pkinerd/ednsv.git",
2026-07-26T12:59:15.6980759Z                 "collaborators_url": "https://api.github.com/repos/pkinerd/ednsv/collaborators{/collaborator}",
2026-07-26T12:59:15.6982064Z                 "comments_url": "https://api.github.com/repos/pkinerd/ednsv/comments{/number}",
2026-07-26T12:59:15.6983074Z                 "commits_url": "https://api.github.com/repos/pkinerd/ednsv/commits{/sha}",
2026-07-26T12:59:15.6984109Z                 "compare_url": "https://api.github.com/repos/pkinerd/ednsv/compare/{base}...{head}",
2026-07-26T12:59:15.6985178Z                 "contents_url": "https://api.github.com/repos/pkinerd/ednsv/contents/{+path}",
2026-07-26T12:59:15.6986267Z                 "contributors_url": "https://api.github.com/repos/pkinerd/ednsv/contributors",
2026-07-26T12:59:15.6987266Z                 "created_at": "2026-03-30T21:24:40Z",
2026-07-26T12:59:15.6987769Z                 "default_branch": "main",
2026-07-26T12:59:15.6988544Z                 "delete_branch_on_merge": false,
2026-07-26T12:59:15.6989391Z                 "deployments_url": "https://api.github.com/repos/pkinerd/ednsv/deployments",
2026-07-26T12:59:15.6990174Z                 "description": null,
2026-07-26T12:59:15.6990571Z                 "disabled": false,
2026-07-26T12:59:15.6991164Z                 "downloads_url": "https://api.github.com/repos/pkinerd/ednsv/downloads",
2026-07-26T12:59:15.6991973Z                 "events_url": "https://api.github.com/repos/pkinerd/ednsv/events",
2026-07-26T12:59:15.6992575Z                 "fork": false,
2026-07-26T12:59:15.6992944Z                 "forks": 0,
2026-07-26T12:59:15.6993300Z                 "forks_count": 0,
2026-07-26T12:59:15.6993841Z                 "forks_url": "https://api.github.com/repos/pkinerd/ednsv/forks",
2026-07-26T12:59:15.6994456Z                 "full_name": "pkinerd/ednsv",
2026-07-26T12:59:15.6995162Z                 "git_commits_url": "https://api.github.com/repos/pkinerd/ednsv/git/commits{/sha}",
2026-07-26T12:59:15.6996070Z                 "git_refs_url": "https://api.github.com/repos/pkinerd/ednsv/git/refs{/sha}",
2026-07-26T12:59:15.6997247Z                 "git_tags_url": "https://api.github.com/repos/pkinerd/ednsv/git/tags{/sha}",
2026-07-26T12:59:15.6998001Z                 "git_url": "git://github.com/pkinerd/ednsv.git",
2026-07-26T12:59:15.6998526Z                 "has_discussions": false,
2026-07-26T12:59:15.6998955Z                 "has_downloads": false,
2026-07-26T12:59:15.6999369Z                 "has_issues": true,
2026-07-26T12:59:15.6999760Z                 "has_pages": false,
2026-07-26T12:59:15.7000215Z                 "has_projects": true,
2026-07-26T12:59:15.7000633Z                 "has_pull_requests": true,
2026-07-26T12:59:15.7001033Z                 "has_wiki": true,
2026-07-26T12:59:15.7001396Z                 "homepage": null,
2026-07-26T12:59:15.7001927Z                 "hooks_url": "https://api.github.com/repos/pkinerd/ednsv/hooks",
2026-07-26T12:59:15.7002669Z                 "html_url": "https://github.com/pkinerd/ednsv",
2026-07-26T12:59:15.7003200Z                 "id": 1196602452,
2026-07-26T12:59:15.7003591Z                 "is_template": false,
2026-07-26T12:59:15.7004308Z                 "issue_comment_url": "https://api.github.com/repos/pkinerd/ednsv/issues/comments{/number}",
2026-07-26T12:59:15.7005413Z                 "issue_events_url": "https://api.github.com/repos/pkinerd/ednsv/issues/events{/number}",
2026-07-26T12:59:15.7006309Z                 "issues_url": "https://api.github.com/repos/pkinerd/ednsv/issues{/number}",
2026-07-26T12:59:15.7007378Z                 "keys_url": "https://api.github.com/repos/pkinerd/ednsv/keys{/key_id}",
2026-07-26T12:59:15.7008173Z                 "labels_url": "https://api.github.com/repos/pkinerd/ednsv/labels{/name}",
2026-07-26T12:59:15.7008778Z                 "language": "C#",
2026-07-26T12:59:15.7009660Z                 "languages_url": "https://api.github.com/repos/pkinerd/ednsv/languages",
2026-07-26T12:59:15.7010297Z                 "license": null,
2026-07-26T12:59:15.7010821Z                 "merge_commit_message": "PR_TITLE",
2026-07-26T12:59:15.7011578Z                 "merge_commit_title": "MERGE_MESSAGE",
2026-07-26T12:59:15.7012032Z                 "merges_url": "https://api.github.com/repos/pkinerd/ednsv/merges",
2026-07-26T12:59:15.7012879Z                 "milestones_url": "https://api.github.com/repos/pkinerd/ednsv/milestones{/number}",
2026-07-26T12:59:15.7013631Z                 "mirror_url": null,
2026-07-26T12:59:15.7014055Z                 "name": "ednsv",
2026-07-26T12:59:15.7014474Z                 "node_id": "R_kgDOR1K0VA",
2026-07-26T12:59:15.7015391Z                 "notifications_url": "https://api.github.com/repos/pkinerd/ednsv/notifications{?since,all,participating}",
2026-07-26T12:59:15.7016323Z                 "open_issues": 1,
2026-07-26T12:59:15.7016990Z                 "open_issues_count": 1,
2026-07-26T12:59:15.7017422Z                 "owner": {
2026-07-26T12:59:15.7018014Z                   "avatar_url": "https://avatars.githubusercontent.com/u/169779439?v=4",
2026-07-26T12:59:15.7018919Z                   "events_url": "https://api.github.com/users/pkinerd/events{/privacy}",
2026-07-26T12:59:15.7019775Z                   "followers_url": "https://api.github.com/users/pkinerd/followers",
2026-07-26T12:59:15.7020699Z                   "following_url": "https://api.github.com/users/pkinerd/following{/other_user}",
2026-07-26T12:59:15.7021614Z                   "gists_url": "https://api.github.com/users/pkinerd/gists{/gist_id}",
2026-07-26T12:59:15.7022272Z                   "gravatar_id": "",
2026-07-26T12:59:15.7022765Z                   "html_url": "https://github.com/pkinerd",
2026-07-26T12:59:15.7023279Z                   "id": 169779439,
2026-07-26T12:59:15.7023693Z                   "login": "pkinerd",
2026-07-26T12:59:15.7024146Z                   "node_id": "U_kgDOCh6g7w",
2026-07-26T12:59:15.7024794Z                   "organizations_url": "https://api.github.com/users/pkinerd/orgs",
2026-07-26T12:59:15.7025712Z                   "received_events_url": "https://api.github.com/users/pkinerd/received_events",
2026-07-26T12:59:15.7026763Z                   "repos_url": "https://api.github.com/users/pkinerd/repos",
2026-07-26T12:59:15.7027391Z                   "site_admin": false,
2026-07-26T12:59:15.7028083Z                   "starred_url": "https://api.github.com/users/pkinerd/starred{/owner}{/repo}",
2026-07-26T12:59:15.7029199Z                   "subscriptions_url": "https://api.github.com/users/pkinerd/subscriptions",
2026-07-26T12:59:15.7029954Z                   "type": "User",
2026-07-26T12:59:15.7030446Z                   "url": "https://api.github.com/users/pkinerd",
2026-07-26T12:59:15.7030996Z                   "user_view_type": "public"
2026-07-26T12:59:15.7031438Z                 },
2026-07-26T12:59:15.7031784Z                 "private": false,
2026-07-26T12:59:15.7032244Z                 "pull_request_creation_policy": "all",
2026-07-26T12:59:15.7032956Z                 "pulls_url": "https://api.github.com/repos/pkinerd/ednsv/pulls{/number}",
2026-07-26T12:59:15.7033685Z                 "pushed_at": "2026-07-26T12:58:06Z",
2026-07-26T12:59:15.7034399Z                 "releases_url": "https://api.github.com/repos/pkinerd/ednsv/releases{/id}",
2026-07-26T12:59:15.7035146Z                 "size": 39278,
2026-07-26T12:59:15.7035624Z                 "squash_merge_commit_message": "COMMIT_MESSAGES",
2026-07-26T12:59:15.7036269Z                 "squash_merge_commit_title": "COMMIT_OR_PR_TITLE",
2026-07-26T12:59:15.7037050Z                 "ssh_url": "git@github.com:pkinerd/ednsv.git",
2026-07-26T12:59:15.7037585Z                 "stargazers_count": 0,
2026-07-26T12:59:15.7038197Z                 "stargazers_url": "https://api.github.com/repos/pkinerd/ednsv/stargazers",
2026-07-26T12:59:15.7039186Z                 "statuses_url": "https://api.github.com/repos/pkinerd/ednsv/statuses/{sha}",
2026-07-26T12:59:15.7040531Z                 "subscribers_url": "https://api.github.com/repos/pkinerd/ednsv/subscribers",
2026-07-26T12:59:15.7041700Z                 "subscription_url": "https://api.github.com/repos/pkinerd/ednsv/subscription",
2026-07-26T12:59:15.7042545Z                 "svn_url": "https://github.com/pkinerd/ednsv",
2026-07-26T12:59:15.7043250Z                 "tags_url": "https://api.github.com/repos/pkinerd/ednsv/tags",
2026-07-26T12:59:15.7044062Z                 "teams_url": "https://api.github.com/repos/pkinerd/ednsv/teams",
2026-07-26T12:59:15.7044718Z                 "topics": [],
2026-07-26T12:59:15.7045318Z                 "trees_url": "https://api.github.com/repos/pkinerd/ednsv/git/trees{/sha}",
2026-07-26T12:59:15.7046065Z                 "updated_at": "2026-07-24T14:18:46Z",
2026-07-26T12:59:15.7046839Z                 "url": "https://api.github.com/repos/pkinerd/ednsv",
2026-07-26T12:59:15.7047466Z                 "use_squash_pr_title_as_default": false,
2026-07-26T12:59:15.7047998Z                 "visibility": "public",
2026-07-26T12:59:15.7048494Z                 "watchers": 0,
2026-07-26T12:59:15.7048933Z                 "watchers_count": 0,
2026-07-26T12:59:15.7049458Z                 "web_commit_signoff_required": false
2026-07-26T12:59:15.7049973Z               },
2026-07-26T12:59:15.7050437Z               "sha": "0907a58f50a6c98d23ae466ed31c3a0c15264622",
2026-07-26T12:59:15.7051037Z               "user": {
2026-07-26T12:59:15.7051660Z                 "avatar_url": "https://avatars.githubusercontent.com/u/169779439?v=4",
2026-07-26T12:59:15.7052637Z                 "events_url": "https://api.github.com/users/pkinerd/events{/privacy}",
2026-07-26T12:59:15.7053551Z                 "followers_url": "https://api.github.com/users/pkinerd/followers",
2026-07-26T12:59:15.7054489Z                 "following_url": "https://api.github.com/users/pkinerd/following{/other_user}",
2026-07-26T12:59:15.7055428Z                 "gists_url": "https://api.github.com/users/pkinerd/gists{/gist_id}",
2026-07-26T12:59:15.7056096Z                 "gravatar_id": "",
2026-07-26T12:59:15.7056791Z                 "html_url": "https://github.com/pkinerd",
2026-07-26T12:59:15.7057309Z                 "id": 169779439,
2026-07-26T12:59:15.7057587Z                 "login": "pkinerd",
2026-07-26T12:59:15.7057868Z                 "node_id": "U_kgDOCh6g7w",
2026-07-26T12:59:15.7058326Z                 "organizations_url": "https://api.github.com/users/pkinerd/orgs",
2026-07-26T12:59:15.7058918Z                 "received_events_url": "https://api.github.com/users/pkinerd/received_events",
2026-07-26T12:59:15.7059464Z                 "repos_url": "https://api.github.com/users/pkinerd/repos",
2026-07-26T12:59:15.7059853Z                 "site_admin": false,
2026-07-26T12:59:15.7060279Z                 "starred_url": "https://api.github.com/users/pkinerd/starred{/owner}{/repo}",
2026-07-26T12:59:15.7060890Z                 "subscriptions_url": "https://api.github.com/users/pkinerd/subscriptions",
2026-07-26T12:59:15.7061344Z                 "type": "User",
2026-07-26T12:59:15.7061653Z                 "url": "https://api.github.com/users/pkinerd",
2026-07-26T12:59:15.7062001Z                 "user_view_type": "public"
2026-07-26T12:59:15.7062285Z               }
2026-07-26T12:59:15.7062485Z             },
2026-07-26T12:59:15.7076643Z             "body": "Four defects in the same family — file writes that assume they are the\nonly writer, and a read that destroys data when it fails.\n\n1. Fixed temp-file paths. Six write sites built their scratch file as\n   \"<target>.tmp\": ConfigService (config.json, revision bodies, the\n   history index), AuthService (users.json) and DiskCacheService (the\n   eleven merge-saved cache files, domain-results.json). The rename is\n   atomic, but the scratch path is shared state — two writers (two\n   replicas on one mount, a CLI run alongside the web service) truncate\n   and interleave into it, after which one rename publishes the mixture\n   and the other throws FileNotFoundException because the temp has\n   already been moved away. In ConfigService and AuthService that\n   exception escapes a save request as a 500.\n\n   Adds AtomicFile, which writes through a per-write unique temp name,\n   removes its scratch file when a write fails, and sweeps orphans left\n   by a killed process. The sweep is age-gated so it cannot delete a\n   temp belonging to an in-flight write. Concurrent writers still race\n   to publish and the last rename wins — the callers already assume\n   that — but the target is now always exactly one writer's complete\n   payload.\n\n   DiskCacheService.Clear and the startup load sweep the new names as\n   well as the legacy fixed one.\n\n2. ConfigService.LoadOrSeed overwrote a live config on a transient read\n   error. Any failure to read or parse an existing config.json fell\n   through to the seed path, which writes to disk — so a momentary I/O\n   error or sharing violation silently replaced the operator's saved\n   settings with env-var defaults and recorded that as a revision. It\n   now throws ConfigUnreadableException and the web host fails closed\n   with a clear message. An empty file still seeds, since there is\n   nothing to lose.\n\n3. CacheManager.ClearAllAsync deleted the cache files without holding\n   the flusher's lock. A flush that had already sampled the in-memory\n   caches would finish writing them out after the delete, so an admin\n   cache-clear reported success and the stale entries reappeared on\n   disk. The delete now runs under the same semaphore as the flush.\n\n4. CacheManager.FlushAsync bypassed all serialisation when no\n   background flusher exists (CLI runs), leaving concurrent saves free\n   to interleave read-modify-write on each cache file. It now takes a\n   local lock.\n\nAdds AtomicFileTests and CacheManagerClearTests, and extends\nConfigServiceTests and DiskCacheClearTests. The two concurrency tests\nwere verified to fail against the old fixed-name implementation.\n\nCo-Authored-By: Claude Opus 5 <noreply@anthropic.com>\nClaude-Session: https://claude.ai/code/session_01611PR4pvQSGB1t9K3hNAwE",
2026-07-26T12:59:15.7088477Z             "changed_files": 58,
2026-07-26T12:59:15.7088773Z             "closed_at": null,
2026-07-26T12:59:15.7089056Z             "comments": 0,
2026-07-26T12:59:15.7089509Z             "comments_url": "https://api.github.com/repos/pkinerd/ednsv/issues/28/comments",
2026-07-26T12:59:15.7090010Z             "commits": 29,
2026-07-26T12:59:15.7090433Z             "commits_url": "https://api.github.com/repos/pkinerd/ednsv/pulls/28/commits",
2026-07-26T12:59:15.7090932Z             "created_at": "2026-07-26T02:03:41Z",
2026-07-26T12:59:15.7091259Z             "deletions": 1101,
2026-07-26T12:59:15.7091630Z             "diff_url": "https://github.com/pkinerd/ednsv/pull/28.diff",
2026-07-26T12:59:15.7092040Z             "draft": false,
2026-07-26T12:59:15.7092296Z             "head": {
2026-07-26T12:59:15.7092638Z               "label": "pkinerd:claude/redis-dependency-removal-213elh",
2026-07-26T12:59:15.7093124Z               "ref": "claude/redis-dependency-removal-213elh",
2026-07-26T12:59:15.7093499Z               "repo": {
2026-07-26T12:59:15.7093758Z                 "allow_auto_merge": false,
2026-07-26T12:59:15.7094078Z                 "allow_forking": true,
2026-07-26T12:59:15.7094389Z                 "allow_merge_commit": true,
2026-07-26T12:59:15.7094713Z                 "allow_rebase_merge": true,
2026-07-26T12:59:15.7095030Z                 "allow_squash_merge": true,
2026-07-26T12:59:15.7095350Z                 "allow_update_branch": false,
2026-07-26T12:59:15.7095866Z                 "archive_url": "https://api.github.com/repos/pkinerd/ednsv/{archive_format}{/ref}",
2026-07-26T12:59:15.7096385Z                 "archived": false,
2026-07-26T12:59:15.7097062Z                 "assignees_url": "https://api.github.com/repos/pkinerd/ednsv/assignees{/user}",
2026-07-26T12:59:15.7097718Z                 "blobs_url": "https://api.github.com/repos/pkinerd/ednsv/git/blobs{/sha}",
2026-07-26T12:59:15.7098536Z                 "branches_url": "https://api.github.com/repos/pkinerd/ednsv/branches{/branch}",
2026-07-26T12:59:15.7099091Z                 "clone_url": "https://github.com/pkinerd/ednsv.git",
2026-07-26T12:59:15.7099794Z                 "collaborators_url": "https://api.github.com/repos/pkinerd/ednsv/collaborators{/collaborator}",
2026-07-26T12:59:15.7100490Z                 "comments_url": "https://api.github.com/repos/pkinerd/ednsv/comments{/number}",
2026-07-26T12:59:15.7101090Z                 "commits_url": "https://api.github.com/repos/pkinerd/ednsv/commits{/sha}",
2026-07-26T12:59:15.7101711Z                 "compare_url": "https://api.github.com/repos/pkinerd/ednsv/compare/{base}...{head}",
2026-07-26T12:59:15.7102384Z                 "contents_url": "https://api.github.com/repos/pkinerd/ednsv/contents/{+path}",
2026-07-26T12:59:15.7103000Z                 "contributors_url": "https://api.github.com/repos/pkinerd/ednsv/contributors",
2026-07-26T12:59:15.7103487Z                 "created_at": "2026-03-30T21:24:40Z",
2026-07-26T12:59:15.7103801Z                 "default_branch": "main",
2026-07-26T12:59:15.7104104Z                 "delete_branch_on_merge": false,
2026-07-26T12:59:15.7104574Z                 "deployments_url": "https://api.github.com/repos/pkinerd/ednsv/deployments",
2026-07-26T12:59:15.7105035Z                 "description": null,
2026-07-26T12:59:15.7105309Z                 "disabled": false,
2026-07-26T12:59:15.7105706Z                 "downloads_url": "https://api.github.com/repos/pkinerd/ednsv/downloads",
2026-07-26T12:59:15.7106254Z                 "events_url": "https://api.github.com/repos/pkinerd/ednsv/events",
2026-07-26T12:59:15.7106910Z                 "fork": false,
2026-07-26T12:59:15.7107159Z                 "forks": 0,
2026-07-26T12:59:15.7107405Z                 "forks_count": 0,
2026-07-26T12:59:15.7107774Z                 "forks_url": "https://api.github.com/repos/pkinerd/ednsv/forks",
2026-07-26T12:59:15.7108203Z                 "full_name": "pkinerd/ednsv",
2026-07-26T12:59:15.7108736Z                 "git_commits_url": "https://api.github.com/repos/pkinerd/ednsv/git/commits{/sha}",
2026-07-26T12:59:15.7109401Z                 "git_refs_url": "https://api.github.com/repos/pkinerd/ednsv/git/refs{/sha}",
2026-07-26T12:59:15.7110037Z                 "git_tags_url": "https://api.github.com/repos/pkinerd/ednsv/git/tags{/sha}",
2026-07-26T12:59:15.7110577Z                 "git_url": "git://github.com/pkinerd/ednsv.git",
2026-07-26T12:59:15.7110957Z                 "has_discussions": false,
2026-07-26T12:59:15.7111277Z                 "has_downloads": false,
2026-07-26T12:59:15.7111585Z                 "has_issues": true,
2026-07-26T12:59:15.7111876Z                 "has_pages": false,
2026-07-26T12:59:15.7112171Z                 "has_projects": true,
2026-07-26T12:59:15.7112482Z                 "has_pull_requests": true,
2026-07-26T12:59:15.7112791Z                 "has_wiki": true,
2026-07-26T12:59:15.7113071Z                 "homepage": null,
2026-07-26T12:59:15.7113470Z                 "hooks_url": "https://api.github.com/repos/pkinerd/ednsv/hooks",
2026-07-26T12:59:15.7113968Z                 "html_url": "https://github.com/pkinerd/ednsv",
2026-07-26T12:59:15.7114337Z                 "id": 1196602452,
2026-07-26T12:59:15.7114624Z                 "is_template": false,
2026-07-26T12:59:15.7115150Z                 "issue_comment_url": "https://api.github.com/repos/pkinerd/ednsv/issues/comments{/number}",
2026-07-26T12:59:15.7115917Z                 "issue_events_url": "https://api.github.com/repos/pkinerd/ednsv/issues/events{/number}",
2026-07-26T12:59:15.7116831Z                 "issues_url": "https://api.github.com/repos/pkinerd/ednsv/issues{/number}",
2026-07-26T12:59:15.7117456Z                 "keys_url": "https://api.github.com/repos/pkinerd/ednsv/keys{/key_id}",
2026-07-26T12:59:15.7118062Z                 "labels_url": "https://api.github.com/repos/pkinerd/ednsv/labels{/name}",
2026-07-26T12:59:15.7118530Z                 "language": "C#",
2026-07-26T12:59:15.7119100Z                 "languages_url": "https://api.github.com/repos/pkinerd/ednsv/languages",
2026-07-26T12:59:15.7119573Z                 "license": null,
2026-07-26T12:59:15.7119877Z                 "merge_commit_message": "PR_TITLE",
2026-07-26T12:59:15.7120347Z                 "merge_commit_title": "MERGE_MESSAGE",
2026-07-26T12:59:15.7120805Z                 "merges_url": "https://api.github.com/repos/pkinerd/ednsv/merges",
2026-07-26T12:59:15.7121439Z                 "milestones_url": "https://api.github.com/repos/pkinerd/ednsv/milestones{/number}",
2026-07-26T12:59:15.7121959Z                 "mirror_url": null,
2026-07-26T12:59:15.7122246Z                 "name": "ednsv",
2026-07-26T12:59:15.7122529Z                 "node_id": "R_kgDOR1K0VA",
2026-07-26T12:59:15.7123154Z                 "notifications_url": "https://api.github.com/repos/pkinerd/ednsv/notifications{?since,all,participating}",
2026-07-26T12:59:15.7123788Z                 "open_issues": 1,
2026-07-26T12:59:15.7124080Z                 "open_issues_count": 1,
2026-07-26T12:59:15.7124376Z                 "owner": {
2026-07-26T12:59:15.7124781Z                   "avatar_url": "https://avatars.githubusercontent.com/u/169779439?v=4",
2026-07-26T12:59:15.7125394Z                   "events_url": "https://api.github.com/users/pkinerd/events{/privacy}",
2026-07-26T12:59:15.7125980Z                   "followers_url": "https://api.github.com/users/pkinerd/followers",
2026-07-26T12:59:15.7126810Z                   "following_url": "https://api.github.com/users/pkinerd/following{/other_user}",
2026-07-26T12:59:15.7127440Z                   "gists_url": "https://api.github.com/users/pkinerd/gists{/gist_id}",
2026-07-26T12:59:15.7127890Z                   "gravatar_id": "",
2026-07-26T12:59:15.7128229Z                   "html_url": "https://github.com/pkinerd",
2026-07-26T12:59:15.7128581Z                   "id": 169779439,
2026-07-26T12:59:15.7128865Z                   "login": "pkinerd",
2026-07-26T12:59:15.7129176Z                   "node_id": "U_kgDOCh6g7w",
2026-07-26T12:59:15.7129622Z                   "organizations_url": "https://api.github.com/users/pkinerd/orgs",
2026-07-26T12:59:15.7130253Z                   "received_events_url": "https://api.github.com/users/pkinerd/received_events",
2026-07-26T12:59:15.7130848Z                   "repos_url": "https://api.github.com/users/pkinerd/repos",
2026-07-26T12:59:15.7131276Z                   "site_admin": false,
2026-07-26T12:59:15.7131741Z                   "starred_url": "https://api.github.com/users/pkinerd/starred{/owner}{/repo}",
2026-07-26T12:59:15.7132394Z                   "subscriptions_url": "https://api.github.com/users/pkinerd/subscriptions",
2026-07-26T12:59:15.7132884Z                   "type": "User",
2026-07-26T12:59:15.7133221Z                   "url": "https://api.github.com/users/pkinerd",
2026-07-26T12:59:15.7133600Z                   "user_view_type": "public"
2026-07-26T12:59:15.7133905Z                 },
2026-07-26T12:59:15.7134137Z                 "private": false,
2026-07-26T12:59:15.7134459Z                 "pull_request_creation_policy": "all",
2026-07-26T12:59:15.7134956Z                 "pulls_url": "https://api.github.com/repos/pkinerd/ednsv/pulls{/number}",
2026-07-26T12:59:15.7135457Z                 "pushed_at": "2026-07-26T12:58:06Z",
2026-07-26T12:59:15.7135943Z                 "releases_url": "https://api.github.com/repos/pkinerd/ednsv/releases{/id}",
2026-07-26T12:59:15.7136418Z                 "size": 39278,
2026-07-26T12:59:15.7136988Z                 "squash_merge_commit_message": "COMMIT_MESSAGES",
2026-07-26T12:59:15.7137423Z                 "squash_merge_commit_title": "COMMIT_OR_PR_TITLE",
2026-07-26T12:59:15.7137848Z                 "ssh_url": "git@github.com:pkinerd/ednsv.git",
2026-07-26T12:59:15.7138218Z                 "stargazers_count": 0,
2026-07-26T12:59:15.7138681Z                 "stargazers_url": "https://api.github.com/repos/pkinerd/ednsv/stargazers",
2026-07-26T12:59:15.7139374Z                 "statuses_url": "https://api.github.com/repos/pkinerd/ednsv/statuses/{sha}",
2026-07-26T12:59:15.7140292Z                 "subscribers_url": "https://api.github.com/repos/pkinerd/ednsv/subscribers",
2026-07-26T12:59:15.7141201Z                 "subscription_url": "https://api.github.com/repos/pkinerd/ednsv/subscription",
2026-07-26T12:59:15.7141982Z                 "svn_url": "https://github.com/pkinerd/ednsv",
2026-07-26T12:59:15.7142550Z                 "tags_url": "https://api.github.com/repos/pkinerd/ednsv/tags",
2026-07-26T12:59:15.7143214Z                 "teams_url": "https://api.github.com/repos/pkinerd/ednsv/teams",
2026-07-26T12:59:15.7158055Z                 "topics": [],
2026-07-26T12:59:15.7158582Z                 "trees_url": "https://api.github.com/repos/pkinerd/ednsv/git/trees{/sha}",
2026-07-26T12:59:15.7159153Z                 "updated_at": "2026-07-24T14:18:46Z",
2026-07-26T12:59:15.7159601Z                 "url": "https://api.github.com/repos/pkinerd/ednsv",
2026-07-26T12:59:15.7160067Z                 "use_squash_pr_title_as_default": false,
2026-07-26T12:59:15.7160462Z                 "visibility": "public",
2026-07-26T12:59:15.7160793Z                 "watchers": 0,
2026-07-26T12:59:15.7161089Z                 "watchers_count": 0,
2026-07-26T12:59:15.7161439Z                 "web_commit_signoff_required": false
2026-07-26T12:59:15.7161788Z               },
2026-07-26T12:59:15.7162088Z               "sha": "e6ba77a630841238a07b2111bc8f1690554a5e42",
2026-07-26T12:59:15.7162465Z               "user": {
2026-07-26T12:59:15.7162889Z                 "avatar_url": "https://avatars.githubusercontent.com/u/169779439?v=4",
2026-07-26T12:59:15.7163549Z                 "events_url": "https://api.github.com/users/pkinerd/events{/privacy}",
2026-07-26T12:59:15.7164189Z                 "followers_url": "https://api.github.com/users/pkinerd/followers",
2026-07-26T12:59:15.7164862Z                 "following_url": "https://api.github.com/users/pkinerd/following{/other_user}",
2026-07-26T12:59:15.7165534Z                 "gists_url": "https://api.github.com/users/pkinerd/gists{/gist_id}",
2026-07-26T12:59:15.7166018Z                 "gravatar_id": "",
2026-07-26T12:59:15.7166377Z                 "html_url": "https://github.com/pkinerd",
2026-07-26T12:59:15.7167024Z                 "id": 169779439,
2026-07-26T12:59:15.7167332Z                 "login": "pkinerd",
2026-07-26T12:59:15.7167668Z                 "node_id": "U_kgDOCh6g7w",
2026-07-26T12:59:15.7168152Z                 "organizations_url": "https://api.github.com/users/pkinerd/orgs",
2026-07-26T12:59:15.7168840Z                 "received_events_url": "https://api.github.com/users/pkinerd/received_events",
2026-07-26T12:59:15.7169478Z                 "repos_url": "https://api.github.com/users/pkinerd/repos",
2026-07-26T12:59:15.7169925Z                 "site_admin": false,
2026-07-26T12:59:15.7170429Z                 "starred_url": "https://api.github.com/users/pkinerd/starred{/owner}{/repo}",
2026-07-26T12:59:15.7171145Z                 "subscriptions_url": "https://api.github.com/users/pkinerd/subscriptions",
2026-07-26T12:59:15.7171674Z                 "type": "User",
2026-07-26T12:59:15.7172070Z                 "url": "https://api.github.com/users/pkinerd",
2026-07-26T12:59:15.7172479Z                 "user_view_type": "public"
2026-07-26T12:59:15.7172806Z               }
2026-07-26T12:59:15.7173037Z             },
2026-07-26T12:59:15.7173364Z             "html_url": "https://github.com/pkinerd/ednsv/pull/28",
2026-07-26T12:59:15.7173781Z             "id": 4134707627,
2026-07-26T12:59:15.7174206Z             "issue_url": "https://api.github.com/repos/pkinerd/ednsv/issues/28",
2026-07-26T12:59:15.7174684Z             "labels": [],
2026-07-26T12:59:15.7174957Z             "locked": false,
2026-07-26T12:59:15.7175258Z             "maintainer_can_modify": false,
2026-07-26T12:59:15.7175713Z             "merge_commit_sha": "e03920fd901d9b72fd60f345b7d7897c02ef678d",
2026-07-26T12:59:15.7176164Z             "mergeable": null,
2026-07-26T12:59:15.7176705Z             "mergeable_state": "unknown",
2026-07-26T12:59:15.7177268Z             "merged": false,
2026-07-26T12:59:15.7177558Z             "merged_at": null,
2026-07-26T12:59:15.7177843Z             "merged_by": null,
2026-07-26T12:59:15.7178128Z             "milestone": null,
2026-07-26T12:59:15.7178555Z             "node_id": "PR_kwDOR1K0VM72cqGr",
2026-07-26T12:59:15.7178903Z             "number": 28,
2026-07-26T12:59:15.7179292Z             "patch_url": "https://github.com/pkinerd/ednsv/pull/28.patch",
2026-07-26T12:59:15.7179747Z             "rebaseable": null,
2026-07-26T12:59:15.7180052Z             "requested_reviewers": [],
2026-07-26T12:59:15.7180385Z             "requested_teams": [],
2026-07-26T12:59:15.7180945Z             "review_comment_url": "https://api.github.com/repos/pkinerd/ednsv/pulls/comments{/number}",
2026-07-26T12:59:15.7181541Z             "review_comments": 0,
2026-07-26T12:59:15.7182059Z             "review_comments_url": "https://api.github.com/repos/pkinerd/ednsv/pulls/28/comments",
2026-07-26T12:59:15.7182628Z             "state": "open",
2026-07-26T12:59:15.7183253Z             "statuses_url": "https://api.github.com/repos/pkinerd/ednsv/statuses/e6ba77a630841238a07b2111bc8f1690554a5e42",
2026-07-26T12:59:15.7184137Z             "title": "Fix unguarded concurrent file access in config, auth and disk cache",
2026-07-26T12:59:15.7184688Z             "updated_at": "2026-07-26T12:58:07Z",
2026-07-26T12:59:15.7185145Z             "url": "https://api.github.com/repos/pkinerd/ednsv/pulls/28",
2026-07-26T12:59:15.7185586Z             "user": {
2026-07-26T12:59:15.7186005Z               "avatar_url": "https://avatars.githubusercontent.com/u/169779439?v=4",
2026-07-26T12:59:15.7186964Z               "events_url": "https://api.github.com/users/pkinerd/events{/privacy}",
2026-07-26T12:59:15.7187604Z               "followers_url": "https://api.github.com/users/pkinerd/followers",
2026-07-26T12:59:15.7188272Z               "following_url": "https://api.github.com/users/pkinerd/following{/other_user}",
2026-07-26T12:59:15.7188950Z               "gists_url": "https://api.github.com/users/pkinerd/gists{/gist_id}",
2026-07-26T12:59:15.7189409Z               "gravatar_id": "",
2026-07-26T12:59:15.7189743Z               "html_url": "https://github.com/pkinerd",
2026-07-26T12:59:15.7190094Z               "id": 169779439,
2026-07-26T12:59:15.7190363Z               "login": "pkinerd",
2026-07-26T12:59:15.7190649Z               "node_id": "U_kgDOCh6g7w",
2026-07-26T12:59:15.7191078Z               "organizations_url": "https://api.github.com/users/pkinerd/orgs",
2026-07-26T12:59:15.7191690Z               "received_events_url": "https://api.github.com/users/pkinerd/received_events",
2026-07-26T12:59:15.7192266Z               "repos_url": "https://api.github.com/users/pkinerd/repos",
2026-07-26T12:59:15.7192673Z               "site_admin": false,
2026-07-26T12:59:15.7193120Z               "starred_url": "https://api.github.com/users/pkinerd/starred{/owner}{/repo}",
2026-07-26T12:59:15.7193759Z               "subscriptions_url": "https://api.github.com/users/pkinerd/subscriptions",
2026-07-26T12:59:15.7194249Z               "type": "User",
2026-07-26T12:59:15.7194573Z               "url": "https://api.github.com/users/pkinerd",
2026-07-26T12:59:15.7194939Z               "user_view_type": "public"
2026-07-26T12:59:15.7195235Z             }
2026-07-26T12:59:15.7195444Z           },
2026-07-26T12:59:15.7195661Z           "repository": {
2026-07-26T12:59:15.7195925Z             "allow_forking": true,
2026-07-26T12:59:15.7196396Z             "archive_url": "https://api.github.com/repos/pkinerd/ednsv/{archive_format}{/ref}",
2026-07-26T12:59:15.7197155Z             "archived": false,
2026-07-26T12:59:15.7197594Z             "assignees_url": "https://api.github.com/repos/pkinerd/ednsv/assignees{/user}",
2026-07-26T12:59:15.7198220Z             "blobs_url": "https://api.github.com/repos/pkinerd/ednsv/git/blobs{/sha}",
2026-07-26T12:59:15.7198842Z             "branches_url": "https://api.github.com/repos/pkinerd/ednsv/branches{/branch}",
2026-07-26T12:59:15.7199536Z             "clone_url": "https://github.com/pkinerd/ednsv.git",
2026-07-26T12:59:15.7200163Z             "collaborators_url": "https://api.github.com/repos/pkinerd/ednsv/collaborators{/collaborator}",
2026-07-26T12:59:15.7200990Z             "comments_url": "https://api.github.com/repos/pkinerd/ednsv/comments{/number}",
2026-07-26T12:59:15.7201616Z             "commits_url": "https://api.github.com/repos/pkinerd/ednsv/commits{/sha}",
2026-07-26T12:59:15.7202262Z             "compare_url": "https://api.github.com/repos/pkinerd/ednsv/compare/{base}...{head}",
2026-07-26T12:59:15.7202960Z             "contents_url": "https://api.github.com/repos/pkinerd/ednsv/contents/{+path}",
2026-07-26T12:59:15.7203608Z             "contributors_url": "https://api.github.com/repos/pkinerd/ednsv/contributors",
2026-07-26T12:59:15.7204109Z             "created_at": "2026-03-30T21:24:40Z",
2026-07-26T12:59:15.7204439Z             "default_branch": "main",
2026-07-26T12:59:15.7204894Z             "deployments_url": "https://api.github.com/repos/pkinerd/ednsv/deployments",
2026-07-26T12:59:15.7205386Z             "description": null,
2026-07-26T12:59:15.7205665Z             "disabled": false,
2026-07-26T12:59:15.7206081Z             "downloads_url": "https://api.github.com/repos/pkinerd/ednsv/downloads",
2026-07-26T12:59:15.7206799Z             "events_url": "https://api.github.com/repos/pkinerd/ednsv/events",
2026-07-26T12:59:15.7207231Z             "fork": false,
2026-07-26T12:59:15.7207481Z             "forks": 0,
2026-07-26T12:59:15.7207727Z             "forks_count": 0,
2026-07-26T12:59:15.7208104Z             "forks_url": "https://api.github.com/repos/pkinerd/ednsv/forks",
2026-07-26T12:59:15.7208540Z             "full_name": "pkinerd/ednsv",
2026-07-26T12:59:15.7209035Z             "git_commits_url": "https://api.github.com/repos/pkinerd/ednsv/git/commits{/sha}",
2026-07-26T12:59:15.7209680Z             "git_refs_url": "https://api.github.com/repos/pkinerd/ednsv/git/refs{/sha}",
2026-07-26T12:59:15.7210293Z             "git_tags_url": "https://api.github.com/repos/pkinerd/ednsv/git/tags{/sha}",
2026-07-26T12:59:15.7210811Z             "git_url": "git://github.com/pkinerd/ednsv.git",
2026-07-26T12:59:15.7211206Z             "has_discussions": false,
2026-07-26T12:59:15.7211511Z             "has_downloads": false,
2026-07-26T12:59:15.7211799Z             "has_issues": true,
2026-07-26T12:59:15.7212069Z             "has_pages": false,
2026-07-26T12:59:15.7212341Z             "has_projects": true,
2026-07-26T12:59:15.7212632Z             "has_pull_requests": true,
2026-07-26T12:59:15.7212927Z             "has_wiki": true,
2026-07-26T12:59:15.7213195Z             "homepage": null,
2026-07-26T12:59:15.7213568Z             "hooks_url": "https://api.github.com/repos/pkinerd/ednsv/hooks",
2026-07-26T12:59:15.7214047Z             "html_url": "https://github.com/pkinerd/ednsv",
2026-07-26T12:59:15.7214402Z             "id": 1196602452,
2026-07-26T12:59:15.7214664Z             "is_template": false,
2026-07-26T12:59:15.7215169Z             "issue_comment_url": "https://api.github.com/repos/pkinerd/ednsv/issues/comments{/number}",
2026-07-26T12:59:15.7216045Z             "issue_events_url": "https://api.github.com/repos/pkinerd/ednsv/issues/events{/number}",
2026-07-26T12:59:15.7216937Z             "issues_url": "https://api.github.com/repos/pkinerd/ednsv/issues{/number}",
2026-07-26T12:59:15.7217542Z             "keys_url": "https://api.github.com/repos/pkinerd/ednsv/keys{/key_id}",
2026-07-26T12:59:15.7218125Z             "labels_url": "https://api.github.com/repos/pkinerd/ednsv/labels{/name}",
2026-07-26T12:59:15.7218575Z             "language": "C#",
2026-07-26T12:59:15.7218974Z             "languages_url": "https://api.github.com/repos/pkinerd/ednsv/languages",
2026-07-26T12:59:15.7219421Z             "license": null,
2026-07-26T12:59:15.7219803Z             "merges_url": "https://api.github.com/repos/pkinerd/ednsv/merges",
2026-07-26T12:59:15.7220424Z             "milestones_url": "https://api.github.com/repos/pkinerd/ednsv/milestones{/number}",
2026-07-26T12:59:15.7221158Z             "mirror_url": null,
2026-07-26T12:59:15.7221426Z             "name": "ednsv",
2026-07-26T12:59:15.7221696Z             "node_id": "R_kgDOR1K0VA",
2026-07-26T12:59:15.7222402Z             "notifications_url": "https://api.github.com/repos/pkinerd/ednsv/notifications{?since,all,participating}",
2026-07-26T12:59:15.7223032Z             "open_issues": 1,
2026-07-26T12:59:15.7223301Z             "open_issues_count": 1,
2026-07-26T12:59:15.7223580Z             "owner": {
2026-07-26T12:59:15.7223963Z               "avatar_url": "https://avatars.githubusercontent.com/u/169779439?v=4",
2026-07-26T12:59:15.7224548Z               "events_url": "https://api.github.com/users/pkinerd/events{/privacy}",
2026-07-26T12:59:15.7225117Z               "followers_url": "https://api.github.com/users/pkinerd/followers",
2026-07-26T12:59:15.7225724Z               "following_url": "https://api.github.com/users/pkinerd/following{/other_user}",
2026-07-26T12:59:15.7226343Z               "gists_url": "https://api.github.com/users/pkinerd/gists{/gist_id}",
2026-07-26T12:59:15.7227053Z               "gravatar_id": "",
2026-07-26T12:59:15.7227385Z               "html_url": "https://github.com/pkinerd",
2026-07-26T12:59:15.7227721Z               "id": 169779439,
2026-07-26T12:59:15.7227991Z               "login": "pkinerd",
2026-07-26T12:59:15.7228274Z               "node_id": "U_kgDOCh6g7w",
2026-07-26T12:59:15.7228703Z               "organizations_url": "https://api.github.com/users/pkinerd/orgs",
2026-07-26T12:59:15.7229322Z               "received_events_url": "https://api.github.com/users/pkinerd/received_events",
2026-07-26T12:59:15.7229896Z               "repos_url": "https://api.github.com/users/pkinerd/repos",
2026-07-26T12:59:15.7230297Z               "site_admin": false,
2026-07-26T12:59:15.7230736Z               "starred_url": "https://api.github.com/users/pkinerd/starred{/owner}{/repo}",
2026-07-26T12:59:15.7231368Z               "subscriptions_url": "https://api.github.com/users/pkinerd/subscriptions",
2026-07-26T12:59:15.7231841Z               "type": "User",
2026-07-26T12:59:15.7232153Z               "url": "https://api.github.com/users/pkinerd",
2026-07-26T12:59:15.7232513Z               "user_view_type": "public"
2026-07-26T12:59:15.7232798Z             },
2026-07-26T12:59:15.7233019Z             "private": false,
2026-07-26T12:59:15.7233312Z             "pull_request_creation_policy": "all",
2026-07-26T12:59:15.7233792Z             "pulls_url": "https://api.github.com/repos/pkinerd/ednsv/pulls{/number}",
2026-07-26T12:59:15.7234278Z             "pushed_at": "2026-07-26T12:58:06Z",
2026-07-26T12:59:15.7234748Z             "releases_url": "https://api.github.com/repos/pkinerd/ednsv/releases{/id}",
2026-07-26T12:59:15.7235212Z             "size": 39278,
2026-07-26T12:59:15.7235510Z             "ssh_url": "git@github.com:pkinerd/ednsv.git",
2026-07-26T12:59:15.7235864Z             "stargazers_count": 0,
2026-07-26T12:59:15.7236293Z             "stargazers_url": "https://api.github.com/repos/pkinerd/ednsv/stargazers",
2026-07-26T12:59:15.7237172Z             "statuses_url": "https://api.github.com/repos/pkinerd/ednsv/statuses/{sha}",
2026-07-26T12:59:15.7237812Z             "subscribers_url": "https://api.github.com/repos/pkinerd/ednsv/subscribers",
2026-07-26T12:59:15.7238468Z             "subscription_url": "https://api.github.com/repos/pkinerd/ednsv/subscription",
2026-07-26T12:59:15.7239008Z             "svn_url": "https://github.com/pkinerd/ednsv",
2026-07-26T12:59:15.7239449Z             "tags_url": "https://api.github.com/repos/pkinerd/ednsv/tags",
2026-07-26T12:59:15.7239935Z             "teams_url": "https://api.github.com/repos/pkinerd/ednsv/teams",
2026-07-26T12:59:15.7240326Z             "topics": [],
2026-07-26T12:59:15.7240692Z             "trees_url": "https://api.github.com/repos/pkinerd/ednsv/git/trees{/sha}",
2026-07-26T12:59:15.7241131Z             "updated_at": "2026-07-24T14:18:46Z",
2026-07-26T12:59:15.7241487Z             "url": "https://api.github.com/repos/pkinerd/ednsv",
2026-07-26T12:59:15.7241982Z             "visibility": "public",
2026-07-26T12:59:15.7242244Z             "watchers": 0,
2026-07-26T12:59:15.7242479Z             "watchers_count": 0,
2026-07-26T12:59:15.7242755Z             "web_commit_signoff_required": false
2026-07-26T12:59:15.7243149Z           },
2026-07-26T12:59:15.7243347Z           "sender": {
2026-07-26T12:59:15.7243699Z             "avatar_url": "https://avatars.githubusercontent.com/u/169779439?v=4",
2026-07-26T12:59:15.7244240Z             "events_url": "https://api.github.com/users/pkinerd/events{/privacy}",
2026-07-26T12:59:15.7244765Z             "followers_url": "https://api.github.com/users/pkinerd/followers",
2026-07-26T12:59:15.7245322Z             "following_url": "https://api.github.com/users/pkinerd/following{/other_user}",
2026-07-26T12:59:15.7245880Z             "gists_url": "https://api.github.com/users/pkinerd/gists{/gist_id}",
2026-07-26T12:59:15.7246281Z             "gravatar_id": "",
2026-07-26T12:59:15.7246702Z             "html_url": "https://github.com/pkinerd",
2026-07-26T12:59:15.7247014Z             "id": 169779439,
2026-07-26T12:59:15.7247253Z             "login": "pkinerd",
2026-07-26T12:59:15.7247506Z             "node_id": "U_kgDOCh6g7w",
2026-07-26T12:59:15.7247903Z             "organizations_url": "https://api.github.com/users/pkinerd/orgs",
2026-07-26T12:59:15.7248458Z             "received_events_url": "https://api.github.com/users/pkinerd/received_events",
2026-07-26T12:59:15.7248992Z             "repos_url": "https://api.github.com/users/pkinerd/repos",
2026-07-26T12:59:15.7249362Z             "site_admin": false,
2026-07-26T12:59:15.7249759Z             "starred_url": "https://api.github.com/users/pkinerd/starred{/owner}{/repo}",
2026-07-26T12:59:15.7250339Z             "subscriptions_url": "https://api.github.com/users/pkinerd/subscriptions",
2026-07-26T12:59:15.7250769Z             "type": "User",
2026-07-26T12:59:15.7251055Z             "url": "https://api.github.com/users/pkinerd",
2026-07-26T12:59:15.7251397Z             "user_view_type": "public"
2026-07-26T12:59:15.7251659Z           }
2026-07-26T12:59:15.7251844Z         },
2026-07-26T12:59:15.7252036Z         "github_job": "docker",
2026-07-26T12:59:15.7252294Z         "github_ref": "refs/pull/28/merge",
2026-07-26T12:59:15.7252589Z         "github_ref_name": "28/merge",
2026-07-26T12:59:15.7252869Z         "github_ref_protected": "false",
2026-07-26T12:59:15.7253156Z         "github_ref_type": "branch",
2026-07-26T12:59:15.7253445Z         "github_repository": "pkinerd/ednsv",
2026-07-26T12:59:15.7253753Z         "github_repository_id": "1196602452",
2026-07-26T12:59:15.7254058Z         "github_repository_owner": "pkinerd",
2026-07-26T12:59:15.7254374Z         "github_repository_owner_id": "169779439",
2026-07-26T12:59:15.7254684Z         "github_run_attempt": "1",
2026-07-26T12:59:15.7254953Z         "github_run_id": "30203106324",
2026-07-26T12:59:15.7255227Z         "github_run_number": "224",
2026-07-26T12:59:15.7255499Z         "github_runner_arch": "X64",
2026-07-26T12:59:15.7255813Z         "github_runner_environment": "github-hosted",
2026-07-26T12:59:15.7256147Z         "github_runner_image_os": "ubuntu24",
2026-07-26T12:59:15.7256701Z         "github_runner_image_version": "20260720.247.2",
2026-07-26T12:59:15.7257091Z         "github_runner_name": "GitHub Actions 1000002205",
2026-07-26T12:59:15.7257428Z         "github_runner_os": "Linux",
2026-07-26T12:59:15.7257835Z         "github_runner_tracking_id": "github_aeb5edff-522d-407c-aa7b-8d5d84a6f36d",
2026-07-26T12:59:15.7258311Z         "github_server_url": "https://github.com",
2026-07-26T12:59:15.7258649Z         "github_triggering_actor": "pkinerd",
2026-07-26T12:59:15.7258958Z         "github_workflow": "CI",
2026-07-26T12:59:15.7259381Z         "github_workflow_ref": "pkinerd/ednsv/.github/workflows/ci.yml@refs/pull/28/merge",
2026-07-26T12:59:15.7259913Z         "github_workflow_sha": "b98ac69019e328bec44ffbfb55499f2d8cda70c0",
2026-07-26T12:59:15.7260290Z         "platform": "linux/amd64"
2026-07-26T12:59:15.7260666Z       }
2026-07-26T12:59:15.7260834Z     }
2026-07-26T12:59:15.7260998Z   },
2026-07-26T12:59:15.7261590Z   "buildx.build.ref": "builder-a6a18629-1edb-45cf-baa9-3e6f8f8300ea/builder-a6a18629-1edb-45cf-baa9-3e6f8f8300ea0/w94iolr6o1hj6htvzjy7trz4e",
2026-07-26T12:59:15.7262391Z   "containerimage.descriptor": {
2026-07-26T12:59:15.7262720Z     "mediaType": "application/vnd.oci.image.index.v1+json",
2026-07-26T12:59:15.7263211Z     "digest": "sha256:26411688a6b910549c5af1c68357aecdf3a6823dd0c7fca63b0d8b72c16ad430",
2026-07-26T12:59:15.7263637Z     "size": 856
2026-07-26T12:59:15.7263819Z   },
2026-07-26T12:59:15.7264215Z   "containerimage.digest": "sha256:26411688a6b910549c5af1c68357aecdf3a6823dd0c7fca63b0d8b72c16ad430",
2026-07-26T12:59:15.7264969Z   "image.name": "ghcr.io/pkinerd/ednsv:pr-28,ghcr.io/pkinerd/ednsv:latest-any,ghcr.io/pkinerd/ednsv:sha-b98ac69"
2026-07-26T12:59:15.7265485Z }
2026-07-26T12:59:15.7265871Z ##[endgroup]
2026-07-26T12:59:15.7266238Z ##[group]Reference
2026-07-26T12:59:15.7267021Z builder-a6a18629-1edb-45cf-baa9-3e6f8f8300ea/builder-a6a18629-1edb-45cf-baa9-3e6f8f8300ea0/w94iolr6o1hj6htvzjy7trz4e
2026-07-26T12:59:15.7267762Z ##[endgroup]
2026-07-26T12:59:15.7268101Z ##[group]Check build summary support
2026-07-26T12:59:15.7268509Z Build summary supported!
2026-07-26T12:59:15.7268867Z ##[endgroup]
2026-07-26T12:59:15.7369113Z Node 20 is being deprecated. This workflow is running with Node 24 by default. If you need to temporarily use Node 20, you can set the ACTIONS_ALLOW_USE_UNSECURE_NODE_VERSION=true environment variable. For more information see: https://github.blog/changelog/2025-09-19-deprecation-of-node-20-on-github-actions-runners/
2026-07-26T12:59:15.7370479Z Post job cleanup.
2026-07-26T12:59:15.9964041Z ##[group]Generating build summary
2026-07-26T12:59:15.9968192Z exporting build record to /home/runner/work/_temp/docker-actions-toolkit-Ow75ao/export
2026-07-26T12:59:15.9983386Z (node:3104) [DEP0040] DeprecationWarning: The `punycode` module is deprecated. Please use a userland alternative instead.
2026-07-26T12:59:15.9985528Z (Use `node --trace-deprecation ...` to show where the warning was created)
2026-07-26T12:59:16.1847622Z [command]/usr/bin/docker buildx history export --builder builder-a6a18629-1edb-45cf-baa9-3e6f8f8300ea --output /home/runner/work/_temp/docker-actions-toolkit-Ow75ao/export/pkinerd~ednsv~W94IOL.dockerbuild w94iolr6o1hj6htvzjy7trz4e --finalize
2026-07-26T12:59:16.4564933Z Build record written to /home/runner/work/_temp/docker-actions-toolkit-Ow75ao/export/pkinerd~ednsv~W94IOL.dockerbuild (49.85 KB)
2026-07-26T12:59:16.4589841Z Uploading pkinerd~ednsv~W94IOL.dockerbuild to blob storage
2026-07-26T12:59:16.6341418Z Beginning upload of artifact content to blob storage
2026-07-26T12:59:16.6430653Z (node:3104) [DEP0169] DeprecationWarning: `url.parse()` behavior is not standardized and prone to errors that have security implications. Use the WHATWG URL API instead. CVEs are not issued for `url.parse()` vulnerabilities.
2026-07-26T12:59:16.6438052Z Uploaded bytes 51044
2026-07-26T12:59:16.7609957Z Finished uploading artifact content to blob storage!
2026-07-26T12:59:16.7614707Z SHA256 hash of uploaded artifact is a33e0a4a2b8b0c7d38f1380b7cdaf00e1eec1bd5a902fd470b5d2bcdf96ecfac
2026-07-26T12:59:16.7616720Z Finalizing artifact upload
2026-07-26T12:59:17.0051852Z Artifact successfully finalized (8632261618)
2026-07-26T12:59:17.0054336Z Artifact download URL: https://github.com/pkinerd/ednsv/actions/runs/30203106324/artifacts/8632261618
2026-07-26T12:59:17.0088277Z Writing summary
2026-07-26T12:59:17.0102305Z ##[endgroup]
2026-07-26T12:59:17.0103196Z ##[group]Removing temp folder /home/runner/work/_temp/docker-actions-toolkit-qj5dwM
2026-07-26T12:59:17.0105247Z ##[endgroup]
2026-07-26T12:59:17.0105946Z ##[group]Post cache
2026-07-26T12:59:17.0107979Z State not set
2026-07-26T12:59:17.0109004Z ##[endgroup]
2026-07-26T12:59:17.0284839Z Node 20 is being deprecated. This workflow is running with Node 24 by default. If you need to temporarily use Node 20, you can set the ACTIONS_ALLOW_USE_UNSECURE_NODE_VERSION=true environment variable. For more information see: https://github.blog/changelog/2025-09-19-deprecation-of-node-20-on-github-actions-runners/
2026-07-26T12:59:17.0287021Z Post job cleanup.
2026-07-26T12:59:17.3623811Z ##[group]Logout from ghcr.io
2026-07-26T12:59:17.3648985Z (node:3241) [DEP0040] DeprecationWarning: The `punycode` module is deprecated. Please use a userland alternative instead.
2026-07-26T12:59:17.3650370Z (Use `node --trace-deprecation ...` to show where the warning was created)
2026-07-26T12:59:17.3675907Z [command]/usr/bin/docker logout ghcr.io
2026-07-26T12:59:17.3835337Z Removing login credentials for ghcr.io
2026-07-26T12:59:17.3864919Z ##[endgroup]
2026-07-26T12:59:17.3865841Z ##[group]Post cache
2026-07-26T12:59:17.3867259Z State not set
2026-07-26T12:59:17.3868232Z ##[endgroup]
2026-07-26T12:59:17.4108481Z Node 20 is being deprecated. This workflow is running with Node 24 by default. If you need to temporarily use Node 20, you can set the ACTIONS_ALLOW_USE_UNSECURE_NODE_VERSION=true environment variable. For more information see: https://github.blog/changelog/2025-09-19-deprecation-of-node-20-on-github-actions-runners/
2026-07-26T12:59:17.4109973Z Post job cleanup.
2026-07-26T12:59:17.6958713Z ##[group]Removing builder
2026-07-26T12:59:17.6969159Z (node:3262) [DEP0040] DeprecationWarning: The `punycode` module is deprecated. Please use a userland alternative instead.
2026-07-26T12:59:17.6970308Z (Use `node --trace-deprecation ...` to show where the warning was created)
2026-07-26T12:59:17.8083352Z [command]/usr/bin/docker buildx rm builder-a6a18629-1edb-45cf-baa9-3e6f8f8300ea
2026-07-26T12:59:17.9664633Z builder-a6a18629-1edb-45cf-baa9-3e6f8f8300ea removed
2026-07-26T12:59:17.9705393Z ##[endgroup]
2026-07-26T12:59:17.9706103Z ##[group]Cleaning up certificates
2026-07-26T12:59:17.9708821Z ##[endgroup]
2026-07-26T12:59:17.9709581Z ##[group]Post cache
2026-07-26T12:59:17.9712395Z State not set
2026-07-26T12:59:17.9713099Z ##[endgroup]
2026-07-26T12:59:17.9912001Z Node 20 is being deprecated. This workflow is running with Node 24 by default. If you need to temporarily use Node 20, you can set the ACTIONS_ALLOW_USE_UNSECURE_NODE_VERSION=true environment variable. For more information see: https://github.blog/changelog/2025-09-19-deprecation-of-node-20-on-github-actions-runners/
2026-07-26T12:59:17.9913571Z Post job cleanup.
2026-07-26T12:59:18.0763310Z [command]/usr/bin/git version
2026-07-26T12:59:18.0809961Z git version 2.54.0
2026-07-26T12:59:18.0854427Z Temporarily overriding HOME='/home/runner/work/_temp/c40eb46e-9f0f-4878-aaae-361a67a54e10' before making global git config changes
2026-07-26T12:59:18.0856183Z Adding repository directory to the temporary git global config as a safe directory
2026-07-26T12:59:18.0860942Z [command]/usr/bin/git config --global --add safe.directory /home/runner/work/ednsv/ednsv
2026-07-26T12:59:18.0906123Z [command]/usr/bin/git config --local --name-only --get-regexp core\.sshCommand
2026-07-26T12:59:18.0981378Z [command]/usr/bin/git submodule foreach --recursive sh -c "git config --local --name-only --get-regexp 'core\.sshCommand' && git config --local --unset-all 'core.sshCommand' || :"
2026-07-26T12:59:18.1259349Z [command]/usr/bin/git config --local --name-only --get-regexp http\.https\:\/\/github\.com\/\.extraheader
2026-07-26T12:59:18.1292099Z http.https://github.com/.extraheader
2026-07-26T12:59:18.1322974Z [command]/usr/bin/git config --local --unset-all http.https://github.com/.extraheader
2026-07-26T12:59:18.1345199Z [command]/usr/bin/git submodule foreach --recursive sh -c "git config --local --name-only --get-regexp 'http\.https\:\/\/github\.com\/\.extraheader' && git config --local --unset-all 'http.https://github.com/.extraheader' || :"
2026-07-26T12:59:18.1602155Z [command]/usr/bin/git config --local --name-only --get-regexp ^includeIf\.gitdir:
2026-07-26T12:59:18.1649254Z [command]/usr/bin/git submodule foreach --recursive git config --local --show-origin --name-only --get-regexp remote.origin.url
2026-07-26T12:59:18.2056959Z Cleaning up orphan processes
2026-07-26T12:59:18.2419421Z ##[warning]Node.js 20 is deprecated. The following actions target Node.js 20 but are being forced to run on Node.js 24: actions/checkout@v4, docker/build-push-action@v6, docker/login-action@v3, docker/metadata-action@v5, docker/setup-buildx-action@v3. For more information see: https://github.blog/changelog/2025-09-19-deprecation-of-node-20-on-github-actions-runners/
