2026-07-26T09:05:22.5293972Z Current runner version: '2.336.0'
2026-07-26T09:05:22.5321328Z ##[group]Runner Image Provisioner
2026-07-26T09:05:22.5322286Z Hosted Compute Agent
2026-07-26T09:05:22.5322893Z Version: 20260707.563
2026-07-26T09:05:22.5323619Z Commit: 02667638d2b423fbc733a8e32a88b44996a3ba6e
2026-07-26T09:05:22.5324402Z Build Date: 2026-07-07T19:33:50Z
2026-07-26T09:05:22.5325091Z Worker ID: {62d9d260-dfc0-4984-8da8-9b6c9106fd9c}
2026-07-26T09:05:22.5325927Z Azure Region: centralus
2026-07-26T09:05:22.5326530Z ##[endgroup]
2026-07-26T09:05:22.5328168Z ##[group]Operating System
2026-07-26T09:05:22.5328877Z Ubuntu
2026-07-26T09:05:22.5329430Z 24.04.4
2026-07-26T09:05:22.5330056Z LTS
2026-07-26T09:05:22.5330608Z ##[endgroup]
2026-07-26T09:05:22.5331457Z ##[group]Runner Image
2026-07-26T09:05:22.5332217Z Image: ubuntu-24.04
2026-07-26T09:05:22.5332802Z Version: 20260720.247.2
2026-07-26T09:05:22.5334183Z Included Software: https://github.com/actions/runner-images/blob/ubuntu24/20260720.247/images/ubuntu/Ubuntu2404-Readme.md
2026-07-26T09:05:22.5335806Z Image Release: https://github.com/actions/runner-images/releases/tag/ubuntu24%2F20260720.247
2026-07-26T09:05:22.5336866Z ##[endgroup]
2026-07-26T09:05:22.5338066Z ##[group]GITHUB_TOKEN Permissions
2026-07-26T09:05:22.5340514Z Contents: read
2026-07-26T09:05:22.5341309Z Metadata: read
2026-07-26T09:05:22.5341989Z Packages: write
2026-07-26T09:05:22.5342615Z ##[endgroup]
2026-07-26T09:05:22.5344894Z Secret source: Actions
2026-07-26T09:05:22.5345987Z Prepare workflow directory
2026-07-26T09:05:22.5883680Z Prepare all required actions
2026-07-26T09:05:22.5927438Z Getting action download info
2026-07-26T09:05:22.8467008Z Download action repository 'actions/checkout@v4' (SHA:11d5960a326750d5838078e36cf38b85af677262)
2026-07-26T09:05:23.3077999Z Download action repository 'docker/setup-buildx-action@v3' (SHA:8d2750c68a42422c14e847fe6c8ac0403b4cbd6f)
2026-07-26T09:05:23.9826725Z Download action repository 'docker/login-action@v3' (SHA:c94ce9fb468520275223c153574b00df6fe4bcc9)
2026-07-26T09:05:24.5686462Z Download action repository 'docker/metadata-action@v5' (SHA:c299e40c65443455700f0fdfc63efafe5b349051)
2026-07-26T09:05:25.1775803Z Download action repository 'docker/build-push-action@v6' (SHA:10e90e3645eae34f1e60eeb005ba3a3d33f178e8)
2026-07-26T09:05:25.8628890Z Complete job name: Build & Push Docker Image
2026-07-26T09:05:25.9338830Z Node 20 is being deprecated. This workflow is running with Node 24 by default. If you need to temporarily use Node 20, you can set the ACTIONS_ALLOW_USE_UNSECURE_NODE_VERSION=true environment variable. For more information see: https://github.blog/changelog/2025-09-19-deprecation-of-node-20-on-github-actions-runners/
2026-07-26T09:05:25.9349462Z ##[group]Run actions/checkout@v4
2026-07-26T09:05:25.9349900Z with:
2026-07-26T09:05:25.9350124Z   repository: pkinerd/ednsv
2026-07-26T09:05:25.9353232Z   token: ***
2026-07-26T09:05:25.9353454Z   ssh-strict: true
2026-07-26T09:05:25.9353669Z   ssh-user: git
2026-07-26T09:05:25.9353895Z   persist-credentials: true
2026-07-26T09:05:25.9354160Z   clean: true
2026-07-26T09:05:25.9354387Z   sparse-checkout-cone-mode: true
2026-07-26T09:05:25.9354653Z   fetch-depth: 1
2026-07-26T09:05:25.9354869Z   fetch-tags: false
2026-07-26T09:05:25.9355081Z   show-progress: true
2026-07-26T09:05:25.9355303Z   lfs: false
2026-07-26T09:05:25.9355550Z   submodules: false
2026-07-26T09:05:25.9355773Z   set-safe-directory: true
2026-07-26T09:05:25.9356025Z   allow-unsafe-pr-checkout: false
2026-07-26T09:05:25.9356500Z env:
2026-07-26T09:05:25.9356690Z   REGISTRY: ghcr.io
2026-07-26T09:05:25.9356912Z   IMAGE_NAME: pkinerd/ednsv
2026-07-26T09:05:25.9357149Z ##[endgroup]
2026-07-26T09:05:26.0480757Z Syncing repository: pkinerd/ednsv
2026-07-26T09:05:26.0482734Z ##[group]Getting Git version info
2026-07-26T09:05:26.0483221Z Working directory is '/home/runner/work/ednsv/ednsv'
2026-07-26T09:05:26.0483773Z [command]/usr/bin/git version
2026-07-26T09:05:26.0529049Z git version 2.54.0
2026-07-26T09:05:26.0597180Z ##[endgroup]
2026-07-26T09:05:26.0604891Z Temporarily overriding HOME='/home/runner/work/_temp/5a397fa2-a547-415b-acfe-8a3e39f97b5d' before making global git config changes
2026-07-26T09:05:26.0606641Z Adding repository directory to the temporary git global config as a safe directory
2026-07-26T09:05:26.0610388Z [command]/usr/bin/git config --global --add safe.directory /home/runner/work/ednsv/ednsv
2026-07-26T09:05:26.0667567Z Deleting the contents of '/home/runner/work/ednsv/ednsv'
2026-07-26T09:05:26.0672731Z ##[group]Initializing the repository
2026-07-26T09:05:26.0678765Z [command]/usr/bin/git init /home/runner/work/ednsv/ednsv
2026-07-26T09:05:26.0768858Z hint: Using 'master' as the name for the initial branch. This default branch name
2026-07-26T09:05:26.0770292Z hint: will change to "main" in Git 3.0. To configure the initial branch name
2026-07-26T09:05:26.0771650Z hint: to use in all of your new repositories, which will suppress this warning,
2026-07-26T09:05:26.0772513Z hint: call:
2026-07-26T09:05:26.0773054Z hint:
2026-07-26T09:05:26.0773955Z hint: 	git config --global init.defaultBranch <name>
2026-07-26T09:05:26.0774533Z hint:
2026-07-26T09:05:26.0775025Z hint: Names commonly chosen instead of 'master' are 'main', 'trunk' and
2026-07-26T09:05:26.0775857Z hint: 'development'. The just-created branch can be renamed via this command:
2026-07-26T09:05:26.0776516Z hint:
2026-07-26T09:05:26.0776837Z hint: 	git branch -m <name>
2026-07-26T09:05:26.0777203Z hint:
2026-07-26T09:05:26.0777720Z hint: Disable this message with "git config set advice.defaultBranchName false"
2026-07-26T09:05:26.0778579Z Initialized empty Git repository in /home/runner/work/ednsv/ednsv/.git/
2026-07-26T09:05:26.0789168Z [command]/usr/bin/git remote add origin https://github.com/pkinerd/ednsv
2026-07-26T09:05:26.0835131Z ##[endgroup]
2026-07-26T09:05:26.0835758Z ##[group]Disabling automatic garbage collection
2026-07-26T09:05:26.0836348Z [command]/usr/bin/git config --local gc.auto 0
2026-07-26T09:05:26.0868524Z ##[endgroup]
2026-07-26T09:05:26.0869230Z ##[group]Setting up auth
2026-07-26T09:05:26.0876557Z [command]/usr/bin/git config --local --name-only --get-regexp core\.sshCommand
2026-07-26T09:05:26.0915722Z [command]/usr/bin/git submodule foreach --recursive sh -c "git config --local --name-only --get-regexp 'core\.sshCommand' && git config --local --unset-all 'core.sshCommand' || :"
2026-07-26T09:05:26.1289984Z [command]/usr/bin/git config --local --name-only --get-regexp http\.https\:\/\/github\.com\/\.extraheader
2026-07-26T09:05:26.1350226Z [command]/usr/bin/git submodule foreach --recursive sh -c "git config --local --name-only --get-regexp 'http\.https\:\/\/github\.com\/\.extraheader' && git config --local --unset-all 'http.https://github.com/.extraheader' || :"
2026-07-26T09:05:26.1594194Z [command]/usr/bin/git config --local --name-only --get-regexp ^includeIf\.gitdir:
2026-07-26T09:05:26.1634623Z [command]/usr/bin/git submodule foreach --recursive git config --local --show-origin --name-only --get-regexp remote.origin.url
2026-07-26T09:05:26.1882810Z [command]/usr/bin/git config --local http.https://github.com/.extraheader AUTHORIZATION: basic ***
2026-07-26T09:05:26.1925373Z ##[endgroup]
2026-07-26T09:05:26.1926003Z ##[group]Fetching the repository
2026-07-26T09:05:26.1934932Z [command]/usr/bin/git -c protocol.version=2 fetch --no-tags --prune --no-recurse-submodules --depth=1 origin +e03e2f5eef477cf6c7c8974a0d5ac5329f0afb28:refs/remotes/pull/28/merge
2026-07-26T09:05:27.1081811Z From https://github.com/pkinerd/ednsv
2026-07-26T09:05:27.1083114Z  * [new ref]         e03e2f5eef477cf6c7c8974a0d5ac5329f0afb28 -> pull/28/merge
2026-07-26T09:05:27.1122714Z ##[endgroup]
2026-07-26T09:05:27.1123717Z ##[group]Determining the checkout info
2026-07-26T09:05:27.1125802Z ##[endgroup]
2026-07-26T09:05:27.1134037Z [command]/usr/bin/git sparse-checkout disable
2026-07-26T09:05:27.1449830Z [command]/usr/bin/git config --local --unset-all extensions.worktreeConfig
2026-07-26T09:05:27.1532539Z ##[group]Checking out the ref
2026-07-26T09:05:27.1533501Z [command]/usr/bin/git checkout --progress --force refs/remotes/pull/28/merge
2026-07-26T09:05:27.3499439Z Note: switching to 'refs/remotes/pull/28/merge'.
2026-07-26T09:05:27.3513686Z 
2026-07-26T09:05:27.3514385Z You are in 'detached HEAD' state. You can look around, make experimental
2026-07-26T09:05:27.3515947Z changes and commit them, and you can discard any commits you make in this
2026-07-26T09:05:27.3516965Z state without impacting any branches by switching back to a branch.
2026-07-26T09:05:27.3517642Z 
2026-07-26T09:05:27.3518106Z If you want to create a new branch to retain commits you create, you may
2026-07-26T09:05:27.3518982Z do so (now or later) by using -c with the switch command. Example:
2026-07-26T09:05:27.3519578Z 
2026-07-26T09:05:27.3520054Z   git switch -c <new-branch-name>
2026-07-26T09:05:27.3520505Z 
2026-07-26T09:05:27.3521371Z Or undo this operation with:
2026-07-26T09:05:27.3521944Z 
2026-07-26T09:05:27.3522248Z   git switch -
2026-07-26T09:05:27.3522829Z 
2026-07-26T09:05:27.3523499Z Turn off this advice by setting config variable advice.detachedHead to false
2026-07-26T09:05:27.3524176Z 
2026-07-26T09:05:27.3525212Z HEAD is now at e03e2f5 Merge e12ef815880932465da07cc6cbbc4673a918d3cd into 0907a58f50a6c98d23ae466ed31c3a0c15264622
2026-07-26T09:05:27.3528131Z ##[endgroup]
2026-07-26T09:05:27.3603522Z [command]/usr/bin/git log -1 --format=%H
2026-07-26T09:05:27.3635154Z e03e2f5eef477cf6c7c8974a0d5ac5329f0afb28
2026-07-26T09:05:27.3886294Z ##[group]Run if [ "pull_request" != "pull_request" ]; then
2026-07-26T09:05:27.3886836Z [36;1mif [ "pull_request" != "pull_request" ]; then[0m
2026-07-26T09:05:27.3887214Z [36;1m  echo "push=true" >> "$GITHUB_OUTPUT"[0m
2026-07-26T09:05:27.3887588Z [36;1melif [ "pkinerd/ednsv" = "pkinerd/ednsv" ]; then[0m
2026-07-26T09:05:27.3887985Z [36;1m  echo "push=true" >> "$GITHUB_OUTPUT"[0m
2026-07-26T09:05:27.3888311Z [36;1melse[0m
2026-07-26T09:05:27.3888563Z [36;1m  echo "push=false" >> "$GITHUB_OUTPUT"[0m
2026-07-26T09:05:27.3888863Z [36;1mfi[0m
2026-07-26T09:05:27.3939944Z shell: /usr/bin/bash -e {0}
2026-07-26T09:05:27.3940264Z env:
2026-07-26T09:05:27.3940486Z   REGISTRY: ghcr.io
2026-07-26T09:05:27.3940738Z   IMAGE_NAME: pkinerd/ednsv
2026-07-26T09:05:27.3940997Z ##[endgroup]
2026-07-26T09:05:27.4157576Z Node 20 is being deprecated. This workflow is running with Node 24 by default. If you need to temporarily use Node 20, you can set the ACTIONS_ALLOW_USE_UNSECURE_NODE_VERSION=true environment variable. For more information see: https://github.blog/changelog/2025-09-19-deprecation-of-node-20-on-github-actions-runners/
2026-07-26T09:05:27.4159539Z ##[group]Run docker/setup-buildx-action@v3
2026-07-26T09:05:27.4159824Z with:
2026-07-26T09:05:27.4160075Z   driver: docker-container
2026-07-26T09:05:27.4160312Z   use: true
2026-07-26T09:05:27.4160515Z   keep-state: false
2026-07-26T09:05:27.4160729Z   cache-binary: true
2026-07-26T09:05:27.4160942Z   cleanup: true
2026-07-26T09:05:27.4161410Z   install: false
2026-07-26T09:05:27.4161613Z env:
2026-07-26T09:05:27.4161804Z   REGISTRY: ghcr.io
2026-07-26T09:05:27.4162042Z   IMAGE_NAME: pkinerd/ednsv
2026-07-26T09:05:27.4162281Z ##[endgroup]
2026-07-26T09:05:27.6790610Z (node:2182) [DEP0040] DeprecationWarning: The `punycode` module is deprecated. Please use a userland alternative instead.
2026-07-26T09:05:27.6792118Z (Use `node --trace-deprecation ...` to show where the warning was created)
2026-07-26T09:05:27.6863541Z ##[group]Docker info
2026-07-26T09:05:27.6894023Z [command]/usr/bin/docker version
2026-07-26T09:05:28.1619357Z Client: Docker Engine - Community
2026-07-26T09:05:28.1619746Z  Version:           28.0.4
2026-07-26T09:05:28.1620102Z  API version:       1.48
2026-07-26T09:05:28.1625283Z  Go version:        go1.23.7
2026-07-26T09:05:28.1627753Z  Git commit:        b8034c0
2026-07-26T09:05:28.1628166Z  Built:             Tue Mar 25 15:07:16 2025
2026-07-26T09:05:28.1628630Z  OS/Arch:           linux/amd64
2026-07-26T09:05:28.1629187Z  Context:           default
2026-07-26T09:05:28.1629417Z 
2026-07-26T09:05:28.1629600Z Server: Docker Engine - Community
2026-07-26T09:05:28.1630389Z  Engine:
2026-07-26T09:05:28.1630691Z   Version:          28.0.4
2026-07-26T09:05:28.1631266Z   API version:      1.48 (minimum version 1.24)
2026-07-26T09:05:28.1631754Z   Go version:       go1.23.7
2026-07-26T09:05:28.1632131Z   Git commit:       6430e49
2026-07-26T09:05:28.1632466Z   Built:            Tue Mar 25 15:07:16 2025
2026-07-26T09:05:28.1632763Z   OS/Arch:          linux/amd64
2026-07-26T09:05:28.1633030Z   Experimental:     false
2026-07-26T09:05:28.1633277Z  containerd:
2026-07-26T09:05:28.1633498Z   Version:          v2.2.6
2026-07-26T09:05:28.1633815Z   GitCommit:        11ce9d5f3c68c941867e82890e93e815c1304f1b
2026-07-26T09:05:28.1634154Z  runc:
2026-07-26T09:05:28.1634368Z   Version:          1.3.6
2026-07-26T09:05:28.1634629Z   GitCommit:        v1.3.6-0-g491b69ba
2026-07-26T09:05:28.1634971Z  docker-init:
2026-07-26T09:05:28.1635202Z   Version:          0.19.0
2026-07-26T09:05:28.1635458Z   GitCommit:        de40ad0
2026-07-26T09:05:28.1670374Z [command]/usr/bin/docker info
2026-07-26T09:05:28.3582448Z Client: Docker Engine - Community
2026-07-26T09:05:28.3583276Z  Version:    28.0.4
2026-07-26T09:05:28.3583962Z  Context:    default
2026-07-26T09:05:28.3584430Z  Debug Mode: false
2026-07-26T09:05:28.3584781Z  Plugins:
2026-07-26T09:05:28.3585123Z   buildx: Docker Buildx (Docker Inc.)
2026-07-26T09:05:28.3585524Z     Version:  v0.35.0
2026-07-26T09:05:28.3585956Z     Path:     /usr/libexec/docker/cli-plugins/docker-buildx
2026-07-26T09:05:28.3586431Z   compose: Docker Compose (Docker Inc.)
2026-07-26T09:05:28.3586836Z     Version:  v2.38.2
2026-07-26T09:05:28.3587446Z     Path:     /usr/libexec/docker/cli-plugins/docker-compose
2026-07-26T09:05:28.3587835Z 
2026-07-26T09:05:28.3587969Z Server:
2026-07-26T09:05:28.3588259Z  Containers: 0
2026-07-26T09:05:28.3588569Z   Running: 0
2026-07-26T09:05:28.3588876Z   Paused: 0
2026-07-26T09:05:28.3589182Z   Stopped: 0
2026-07-26T09:05:28.3589489Z  Images: 6
2026-07-26T09:05:28.3589805Z  Server Version: 28.0.4
2026-07-26T09:05:28.3590184Z  Storage Driver: overlay2
2026-07-26T09:05:28.3590611Z   Backing Filesystem: extfs
2026-07-26T09:05:28.3590957Z   Supports d_type: true
2026-07-26T09:05:28.3592148Z   Using metacopy: false
2026-07-26T09:05:28.3592579Z   Native Overlay Diff: false
2026-07-26T09:05:28.3592974Z   userxattr: false
2026-07-26T09:05:28.3593326Z  Logging Driver: json-file
2026-07-26T09:05:28.3593707Z  Cgroup Driver: systemd
2026-07-26T09:05:28.3594109Z  Cgroup Version: 2
2026-07-26T09:05:28.3594443Z  Plugins:
2026-07-26T09:05:28.3594760Z   Volume: local
2026-07-26T09:05:28.3595141Z   Network: bridge host ipvlan macvlan null overlay
2026-07-26T09:05:28.3595804Z   Log: awslogs fluentd gcplogs gelf journald json-file local splunk syslog
2026-07-26T09:05:28.3596470Z  Swarm: inactive
2026-07-26T09:05:28.3596819Z  Runtimes: runc io.containerd.runc.v2
2026-07-26T09:05:28.3597238Z  Default Runtime: runc
2026-07-26T09:05:28.3597590Z  Init Binary: docker-init
2026-07-26T09:05:28.3598061Z  containerd version: 11ce9d5f3c68c941867e82890e93e815c1304f1b
2026-07-26T09:05:28.3598615Z  runc version: v1.3.6-0-g491b69ba
2026-07-26T09:05:28.3599021Z  init version: de40ad0
2026-07-26T09:05:28.3599400Z  Security Options:
2026-07-26T09:05:28.3599773Z   apparmor
2026-07-26T09:05:28.3600049Z   seccomp
2026-07-26T09:05:28.3600365Z    Profile: builtin
2026-07-26T09:05:28.3600693Z   cgroupns
2026-07-26T09:05:28.3601013Z  Kernel Version: 6.17.0-1020-azure
2026-07-26T09:05:28.3601652Z  Operating System: Ubuntu 24.04.4 LTS
2026-07-26T09:05:28.3602057Z  OSType: linux
2026-07-26T09:05:28.3602403Z  Architecture: x86_64
2026-07-26T09:05:28.3602733Z  CPUs: 4
2026-07-26T09:05:28.3603060Z  Total Memory: 15.61GiB
2026-07-26T09:05:28.3603406Z  Name: runnervmvrwv9
2026-07-26T09:05:28.3603804Z  ID: dce1e4a9-fc26-4218-aaf0-feee5194c8cb
2026-07-26T09:05:28.3604262Z  Docker Root Dir: /var/lib/docker
2026-07-26T09:05:28.3604669Z  Debug Mode: false
2026-07-26T09:05:28.3605029Z  Username: githubactions
2026-07-26T09:05:28.3605387Z  Experimental: false
2026-07-26T09:05:28.3606183Z  Insecure Registries:
2026-07-26T09:05:28.3611519Z   ::1/128
2026-07-26T09:05:28.3611879Z   127.0.0.0/8
2026-07-26T09:05:28.3612243Z  Live Restore Enabled: false
2026-07-26T09:05:28.3612529Z 
2026-07-26T09:05:28.3613186Z ##[endgroup]
2026-07-26T09:05:28.4231005Z ##[group]Buildx version
2026-07-26T09:05:28.4257444Z [command]/usr/bin/docker buildx version
2026-07-26T09:05:28.4766546Z github.com/docker/buildx v0.35.0 a319e5b15052cf6557ceb666eb8ff6e32380b782
2026-07-26T09:05:28.4798912Z ##[endgroup]
2026-07-26T09:05:28.4965014Z ##[group]Inspecting default docker context
2026-07-26T09:05:28.5122515Z [
2026-07-26T09:05:28.5123015Z   {
2026-07-26T09:05:28.5123302Z     "Name": "default",
2026-07-26T09:05:28.5123660Z     "Metadata": {},
2026-07-26T09:05:28.5124043Z     "Endpoints": {
2026-07-26T09:05:28.5124401Z       "docker": {
2026-07-26T09:05:28.5124772Z         "Host": "unix:///var/run/docker.sock",
2026-07-26T09:05:28.5125237Z         "SkipTLSVerify": false
2026-07-26T09:05:28.5125639Z       }
2026-07-26T09:05:28.5125907Z     },
2026-07-26T09:05:28.5126208Z     "TLSMaterial": {},
2026-07-26T09:05:28.5126557Z     "Storage": {
2026-07-26T09:05:28.5126905Z       "MetadataPath": "<IN MEMORY>",
2026-07-26T09:05:28.5127348Z       "TLSPath": "<IN MEMORY>"
2026-07-26T09:05:28.5127703Z     }
2026-07-26T09:05:28.5128022Z   }
2026-07-26T09:05:28.5128301Z ]
2026-07-26T09:05:28.5129142Z ##[endgroup]
2026-07-26T09:05:28.5129798Z ##[group]Creating a new builder instance
2026-07-26T09:05:28.6387776Z [command]/usr/bin/docker buildx create --name builder-8081a03d-6237-40f9-a37b-9b9679edc0a5 --driver docker-container --buildkitd-flags --allow-insecure-entitlement security.insecure --allow-insecure-entitlement network.host --use
2026-07-26T09:05:28.6981900Z builder-8081a03d-6237-40f9-a37b-9b9679edc0a5
2026-07-26T09:05:28.7018450Z ##[endgroup]
2026-07-26T09:05:28.7018889Z ##[group]Booting builder
2026-07-26T09:05:28.7070875Z [command]/usr/bin/docker buildx inspect --bootstrap --builder builder-8081a03d-6237-40f9-a37b-9b9679edc0a5
2026-07-26T09:05:28.7663448Z #1 [internal] booting buildkit
2026-07-26T09:05:28.9169815Z #1 pulling image moby/buildkit:buildx-stable-1
2026-07-26T09:05:32.5200404Z #1 pulling image moby/buildkit:buildx-stable-1 3.8s done
2026-07-26T09:05:32.6713971Z #1 creating container buildx_buildkit_builder-8081a03d-6237-40f9-a37b-9b9679edc0a50
2026-07-26T09:05:32.8285443Z #1 creating container buildx_buildkit_builder-8081a03d-6237-40f9-a37b-9b9679edc0a50 0.3s done
2026-07-26T09:05:32.8309585Z #1 DONE 4.1s
2026-07-26T09:05:32.8642714Z Name:          builder-8081a03d-6237-40f9-a37b-9b9679edc0a5
2026-07-26T09:05:32.8643468Z Driver:        docker-container
2026-07-26T09:05:32.8644115Z Last Activity: 2026-07-26 09:05:28 +0000 UTC
2026-07-26T09:05:32.8644428Z 
2026-07-26T09:05:32.8644547Z Nodes:
2026-07-26T09:05:32.8647696Z Name:                  builder-8081a03d-6237-40f9-a37b-9b9679edc0a50
2026-07-26T09:05:32.8648300Z Endpoint:              unix:///var/run/docker.sock
2026-07-26T09:05:32.8648741Z Status:                running
2026-07-26T09:05:32.8649490Z BuildKit daemon flags: --allow-insecure-entitlement security.insecure --allow-insecure-entitlement network.host
2026-07-26T09:05:32.8650243Z BuildKit version:      v0.31.2
2026-07-26T09:05:32.8650701Z Platforms:             linux/amd64, linux/amd64/v2, linux/amd64/v3, linux/386
2026-07-26T09:05:32.8651356Z Labels:
2026-07-26T09:05:32.8651703Z  org.mobyproject.buildkit.worker.executor:         oci
2026-07-26T09:05:32.8652326Z  org.mobyproject.buildkit.worker.hostname:         ff1de66dc789
2026-07-26T09:05:32.8652998Z  org.mobyproject.buildkit.worker.network:          host
2026-07-26T09:05:32.8653621Z  org.mobyproject.buildkit.worker.oci.process-mode: sandbox
2026-07-26T09:05:32.8654272Z  org.mobyproject.buildkit.worker.selinux.enabled:  false
2026-07-26T09:05:32.8654920Z  org.mobyproject.buildkit.worker.snapshotter:      overlayfs
2026-07-26T09:05:32.8655455Z GC Policy rule#0:
2026-07-26T09:05:32.8655765Z  All:            false
2026-07-26T09:05:32.8656664Z  Filters:        type==source.local type==exec.cachemount type==source.git.checkout
2026-07-26T09:05:32.8657280Z  Keep Duration:  48h0m0s
2026-07-26T09:05:32.8657605Z  Max Used Space: 488.3MiB
2026-07-26T09:05:32.8657840Z GC Policy rule#1:
2026-07-26T09:05:32.8658056Z  All:            false
2026-07-26T09:05:32.8658270Z  Keep Duration:  1440h0m0s
2026-07-26T09:05:32.8658497Z  Reserved Space: 9.313GiB
2026-07-26T09:05:32.8658714Z  Max Used Space: 93.13GiB
2026-07-26T09:05:32.8658934Z  Min Free Space: 27.01GiB
2026-07-26T09:05:32.8659142Z GC Policy rule#2:
2026-07-26T09:05:32.8659338Z  All:            false
2026-07-26T09:05:32.8659542Z  Reserved Space: 9.313GiB
2026-07-26T09:05:32.8659754Z  Max Used Space: 93.13GiB
2026-07-26T09:05:32.8659974Z  Min Free Space: 27.01GiB
2026-07-26T09:05:32.8660190Z GC Policy rule#3:
2026-07-26T09:05:32.8660390Z  All:            true
2026-07-26T09:05:32.8660599Z  Reserved Space: 9.313GiB
2026-07-26T09:05:32.8660820Z  Max Used Space: 93.13GiB
2026-07-26T09:05:32.8661043Z  Min Free Space: 27.01GiB
2026-07-26T09:05:32.8706760Z ##[endgroup]
2026-07-26T09:05:32.9597928Z ##[group]Inspect builder
2026-07-26T09:05:32.9600183Z {
2026-07-26T09:05:32.9600532Z   "nodes": [
2026-07-26T09:05:32.9600844Z     {
2026-07-26T09:05:32.9601375Z       "name": "builder-8081a03d-6237-40f9-a37b-9b9679edc0a50",
2026-07-26T09:05:32.9601876Z       "endpoint": "unix:///var/run/docker.sock",
2026-07-26T09:05:32.9602293Z       "status": "running",
2026-07-26T09:05:32.9603073Z       "buildkitd-flags": "--allow-insecure-entitlement security.insecure --allow-insecure-entitlement network.host",
2026-07-26T09:05:32.9603866Z       "buildkit": "v0.31.2",
2026-07-26T09:05:32.9604357Z       "platforms": "linux/amd64,linux/amd64/v2,linux/amd64/v3,linux/386",
2026-07-26T09:05:32.9604868Z       "features": {
2026-07-26T09:05:32.9605339Z         "Automatically load images to the Docker Engine image store": true,
2026-07-26T09:05:32.9605884Z         "Cache export": true,
2026-07-26T09:05:32.9606226Z         "Direct push": true,
2026-07-26T09:05:32.9606580Z         "Docker exporter": true,
2026-07-26T09:05:32.9606954Z         "Multi-platform build": true,
2026-07-26T09:05:32.9607372Z         "OCI exporter": true
2026-07-26T09:05:32.9608069Z       },
2026-07-26T09:05:32.9608346Z       "labels": {
2026-07-26T09:05:32.9608756Z         "org.mobyproject.buildkit.worker.executor": "oci",
2026-07-26T09:05:32.9609388Z         "org.mobyproject.buildkit.worker.hostname": "ff1de66dc789",
2026-07-26T09:05:32.9610024Z         "org.mobyproject.buildkit.worker.network": "host",
2026-07-26T09:05:32.9610675Z         "org.mobyproject.buildkit.worker.oci.process-mode": "sandbox",
2026-07-26T09:05:32.9611649Z         "org.mobyproject.buildkit.worker.selinux.enabled": "false",
2026-07-26T09:05:32.9612335Z         "org.mobyproject.buildkit.worker.snapshotter": "overlayfs"
2026-07-26T09:05:32.9613470Z       },
2026-07-26T09:05:32.9613761Z       "gcPolicy": [
2026-07-26T09:05:32.9614071Z         {
2026-07-26T09:05:32.9614983Z           "all": false,
2026-07-26T09:05:32.9615420Z           "filter": [
2026-07-26T09:05:32.9616044Z             "type==source.local type==exec.cachemount type==source.git.checkout"
2026-07-26T09:05:32.9616565Z           ],
2026-07-26T09:05:32.9616885Z           "keepDuration": "48h0m0s",
2026-07-26T09:05:32.9617149Z           "maxUsedSpace": "488.3MiB"
2026-07-26T09:05:32.9617477Z         },
2026-07-26T09:05:32.9617703Z         {
2026-07-26T09:05:32.9617988Z           "all": false,
2026-07-26T09:05:32.9618268Z           "keepDuration": "1440h0m0s",
2026-07-26T09:05:32.9618691Z           "reservedSpace": "9.313GiB",
2026-07-26T09:05:32.9619084Z           "maxUsedSpace": "93.13GiB",
2026-07-26T09:05:32.9619471Z           "minFreeSpace": "27.01GiB"
2026-07-26T09:05:32.9619875Z         },
2026-07-26T09:05:32.9620175Z         {
2026-07-26T09:05:32.9620538Z           "all": false,
2026-07-26T09:05:32.9620937Z           "reservedSpace": "9.313GiB",
2026-07-26T09:05:32.9621488Z           "maxUsedSpace": "93.13GiB",
2026-07-26T09:05:32.9622016Z           "minFreeSpace": "27.01GiB"
2026-07-26T09:05:32.9622269Z         },
2026-07-26T09:05:32.9622462Z         {
2026-07-26T09:05:32.9622644Z           "all": true,
2026-07-26T09:05:32.9622891Z           "reservedSpace": "9.313GiB",
2026-07-26T09:05:32.9623162Z           "maxUsedSpace": "93.13GiB",
2026-07-26T09:05:32.9623434Z           "minFreeSpace": "27.01GiB"
2026-07-26T09:05:32.9623679Z         }
2026-07-26T09:05:32.9623876Z       ]
2026-07-26T09:05:32.9624072Z     }
2026-07-26T09:05:32.9624267Z   ],
2026-07-26T09:05:32.9624532Z   "name": "builder-8081a03d-6237-40f9-a37b-9b9679edc0a5",
2026-07-26T09:05:32.9624851Z   "driver": "docker-container",
2026-07-26T09:05:32.9625132Z   "lastActivity": "2026-07-26T09:05:28.000Z"
2026-07-26T09:05:32.9625413Z }
2026-07-26T09:05:32.9626036Z ##[endgroup]
2026-07-26T09:05:32.9626426Z ##[group]BuildKit version
2026-07-26T09:05:32.9626762Z builder-8081a03d-6237-40f9-a37b-9b9679edc0a50: v0.31.2
2026-07-26T09:05:32.9627244Z ##[endgroup]
2026-07-26T09:05:32.9817267Z Node 20 is being deprecated. This workflow is running with Node 24 by default. If you need to temporarily use Node 20, you can set the ACTIONS_ALLOW_USE_UNSECURE_NODE_VERSION=true environment variable. For more information see: https://github.blog/changelog/2025-09-19-deprecation-of-node-20-on-github-actions-runners/
2026-07-26T09:05:32.9818458Z ##[group]Run docker/login-action@v3
2026-07-26T09:05:32.9818720Z with:
2026-07-26T09:05:32.9818917Z   registry: ghcr.io
2026-07-26T09:05:32.9819133Z   username: pkinerd
2026-07-26T09:05:32.9822190Z   password: ***
2026-07-26T09:05:32.9822420Z   logout: true
2026-07-26T09:05:32.9822615Z env:
2026-07-26T09:05:32.9822804Z   REGISTRY: ghcr.io
2026-07-26T09:05:32.9823032Z   IMAGE_NAME: pkinerd/ednsv
2026-07-26T09:05:32.9823277Z ##[endgroup]
2026-07-26T09:05:33.2959597Z Logging into ghcr.io...
2026-07-26T09:05:33.2984397Z (node:2666) [DEP0040] DeprecationWarning: The `punycode` module is deprecated. Please use a userland alternative instead.
2026-07-26T09:05:33.2985949Z (Use `node --trace-deprecation ...` to show where the warning was created)
2026-07-26T09:05:33.6879743Z Login Succeeded!
2026-07-26T09:05:33.7056127Z Node 20 is being deprecated. This workflow is running with Node 24 by default. If you need to temporarily use Node 20, you can set the ACTIONS_ALLOW_USE_UNSECURE_NODE_VERSION=true environment variable. For more information see: https://github.blog/changelog/2025-09-19-deprecation-of-node-20-on-github-actions-runners/
2026-07-26T09:05:33.7057337Z ##[group]Run docker/metadata-action@v5
2026-07-26T09:05:33.7057606Z with:
2026-07-26T09:05:33.7057816Z   images: ghcr.io/pkinerd/ednsv
2026-07-26T09:05:33.7058523Z   tags: type=ref,event=branch,prefix=branch-
type=ref,event=pr,prefix=pr-
type=sha,format=short,prefix=sha-
type=raw,value=latest,enable={{is_default_branch}}
type=raw,value=latest-any

2026-07-26T09:05:33.7059233Z   context: workflow
2026-07-26T09:05:33.7062102Z   github-token: ***
2026-07-26T09:05:33.7062318Z env:
2026-07-26T09:05:33.7062512Z   REGISTRY: ghcr.io
2026-07-26T09:05:33.7062745Z   IMAGE_NAME: pkinerd/ednsv
2026-07-26T09:05:33.7062981Z ##[endgroup]
2026-07-26T09:05:34.0848372Z (node:2687) [DEP0040] DeprecationWarning: The `punycode` module is deprecated. Please use a userland alternative instead.
2026-07-26T09:05:34.0849543Z (Use `node --trace-deprecation ...` to show where the warning was created)
2026-07-26T09:05:35.0037501Z ##[group]Context info
2026-07-26T09:05:35.0037790Z eventName: pull_request
2026-07-26T09:05:35.0038055Z sha: e03e2f5eef477cf6c7c8974a0d5ac5329f0afb28
2026-07-26T09:05:35.0038352Z ref: refs/pull/28/merge
2026-07-26T09:05:35.0038566Z workflow: CI
2026-07-26T09:05:35.0038774Z action: meta
2026-07-26T09:05:35.0038965Z actor: pkinerd
2026-07-26T09:05:35.0039165Z runNumber: 216
2026-07-26T09:05:35.0039485Z runId: 30195788649
2026-07-26T09:05:35.0039796Z commitDate: Sun Jul 26 2026 09:04:25 GMT+0000 (Coordinated Universal Time)
2026-07-26T09:05:35.0041500Z ##[endgroup]
2026-07-26T09:05:35.0048760Z ##[group]Processing images input
2026-07-26T09:05:35.0049772Z name=ghcr.io/pkinerd/ednsv,enable=true
2026-07-26T09:05:35.0050674Z ##[endgroup]
2026-07-26T09:05:35.0070347Z ##[group]Processing tags input
2026-07-26T09:05:35.0071375Z type=ref,event=branch,prefix=branch-,enable=true,priority=600
2026-07-26T09:05:35.0072281Z type=ref,event=pr,prefix=pr-,enable=true,priority=600
2026-07-26T09:05:35.0073126Z type=raw,value=latest,enable={{is_default_branch}},priority=200
2026-07-26T09:05:35.0073931Z type=raw,value=latest-any,enable=true,priority=200
2026-07-26T09:05:35.0074727Z type=sha,format=short,prefix=sha-,enable=true,priority=100
2026-07-26T09:05:35.0075734Z ##[endgroup]
2026-07-26T09:05:35.0076510Z ##[group]Processing flavor input
2026-07-26T09:05:35.0077112Z latest=auto
2026-07-26T09:05:35.0077568Z prefix=
2026-07-26T09:05:35.0078015Z prefixLatest=false
2026-07-26T09:05:35.0078506Z suffix=
2026-07-26T09:05:35.0079093Z suffixLatest=false
2026-07-26T09:05:35.0079995Z ##[endgroup]
2026-07-26T09:05:35.0145739Z ##[group]Docker image version
2026-07-26T09:05:35.0146185Z pr-28
2026-07-26T09:05:35.0146809Z ##[endgroup]
2026-07-26T09:05:35.0151740Z ##[group]Docker tags
2026-07-26T09:05:35.0152184Z ghcr.io/pkinerd/ednsv:pr-28
2026-07-26T09:05:35.0152602Z ghcr.io/pkinerd/ednsv:latest-any
2026-07-26T09:05:35.0153068Z ghcr.io/pkinerd/ednsv:sha-e03e2f5
2026-07-26T09:05:35.0153743Z ##[endgroup]
2026-07-26T09:05:35.0229458Z ##[group]Docker labels
2026-07-26T09:05:35.0230002Z org.opencontainers.image.created=2026-07-26T09:05:35.007Z
2026-07-26T09:05:35.0230632Z org.opencontainers.image.description=
2026-07-26T09:05:35.0231284Z org.opencontainers.image.licenses=
2026-07-26T09:05:35.0231741Z org.opencontainers.image.revision=e03e2f5eef477cf6c7c8974a0d5ac5329f0afb28
2026-07-26T09:05:35.0232380Z org.opencontainers.image.source=https://github.com/pkinerd/ednsv
2026-07-26T09:05:35.0233024Z org.opencontainers.image.title=ednsv
2026-07-26T09:05:35.0233576Z org.opencontainers.image.url=https://github.com/pkinerd/ednsv
2026-07-26T09:05:35.0234150Z org.opencontainers.image.version=pr-28
2026-07-26T09:05:35.0234606Z ##[endgroup]
2026-07-26T09:05:35.0235095Z ##[group]Annotations
2026-07-26T09:05:35.0235900Z manifest:org.opencontainers.image.created=2026-07-26T09:05:35.007Z
2026-07-26T09:05:35.0236595Z manifest:org.opencontainers.image.description=
2026-07-26T09:05:35.0237174Z manifest:org.opencontainers.image.licenses=
2026-07-26T09:05:35.0237882Z manifest:org.opencontainers.image.revision=e03e2f5eef477cf6c7c8974a0d5ac5329f0afb28
2026-07-26T09:05:35.0238785Z manifest:org.opencontainers.image.source=https://github.com/pkinerd/ednsv
2026-07-26T09:05:35.0239482Z manifest:org.opencontainers.image.title=ednsv
2026-07-26T09:05:35.0240138Z manifest:org.opencontainers.image.url=https://github.com/pkinerd/ednsv
2026-07-26T09:05:35.0240790Z manifest:org.opencontainers.image.version=pr-28
2026-07-26T09:05:35.0241659Z ##[endgroup]
2026-07-26T09:05:35.0242172Z ##[group]JSON output
2026-07-26T09:05:35.0242477Z {
2026-07-26T09:05:35.0242736Z   "tags": [
2026-07-26T09:05:35.0243031Z     "ghcr.io/pkinerd/ednsv:pr-28",
2026-07-26T09:05:35.0243452Z     "ghcr.io/pkinerd/ednsv:latest-any",
2026-07-26T09:05:35.0243915Z     "ghcr.io/pkinerd/ednsv:sha-e03e2f5"
2026-07-26T09:05:35.0244287Z   ],
2026-07-26T09:05:35.0244549Z   "tag-names": [
2026-07-26T09:05:35.0244860Z     "pr-28",
2026-07-26T09:05:35.0245135Z     "latest-any",
2026-07-26T09:05:35.0245422Z     "sha-e03e2f5"
2026-07-26T09:05:35.0245717Z   ],
2026-07-26T09:05:35.0245972Z   "labels": {
2026-07-26T09:05:35.0246439Z     "org.opencontainers.image.created": "2026-07-26T09:05:35.007Z",
2026-07-26T09:05:35.0247092Z     "org.opencontainers.image.description": "",
2026-07-26T09:05:35.0247622Z     "org.opencontainers.image.licenses": "",
2026-07-26T09:05:35.0248316Z     "org.opencontainers.image.revision": "e03e2f5eef477cf6c7c8974a0d5ac5329f0afb28",
2026-07-26T09:05:35.0249165Z     "org.opencontainers.image.source": "https://github.com/pkinerd/ednsv",
2026-07-26T09:05:35.0249871Z     "org.opencontainers.image.title": "ednsv",
2026-07-26T09:05:35.0250709Z     "org.opencontainers.image.url": "https://github.com/pkinerd/ednsv",
2026-07-26T09:05:35.0251495Z     "org.opencontainers.image.version": "pr-28"
2026-07-26T09:05:35.0251948Z   },
2026-07-26T09:05:35.0252215Z   "annotations": [
2026-07-26T09:05:35.0252689Z     "manifest:org.opencontainers.image.created=2026-07-26T09:05:35.007Z",
2026-07-26T09:05:35.0253360Z     "manifest:org.opencontainers.image.description=",
2026-07-26T09:05:35.0253899Z     "manifest:org.opencontainers.image.licenses=",
2026-07-26T09:05:35.0254670Z     "manifest:org.opencontainers.image.revision=e03e2f5eef477cf6c7c8974a0d5ac5329f0afb28",
2026-07-26T09:05:35.0255639Z     "manifest:org.opencontainers.image.source=https://github.com/pkinerd/ednsv",
2026-07-26T09:05:35.0256329Z     "manifest:org.opencontainers.image.title=ednsv",
2026-07-26T09:05:35.0257013Z     "manifest:org.opencontainers.image.url=https://github.com/pkinerd/ednsv",
2026-07-26T09:05:35.0257648Z     "manifest:org.opencontainers.image.version=pr-28"
2026-07-26T09:05:35.0257937Z   ]
2026-07-26T09:05:35.0258107Z }
2026-07-26T09:05:35.0258442Z ##[endgroup]
2026-07-26T09:05:35.0258879Z ##[group]Bake file definition (tags)
2026-07-26T09:05:35.0259193Z {
2026-07-26T09:05:35.0259454Z   "target": {
2026-07-26T09:05:35.0259756Z     "docker-metadata-action": {
2026-07-26T09:05:35.0260097Z       "tags": [
2026-07-26T09:05:35.0260393Z         "ghcr.io/pkinerd/ednsv:pr-28",
2026-07-26T09:05:35.0260822Z         "ghcr.io/pkinerd/ednsv:latest-any",
2026-07-26T09:05:35.0261405Z         "ghcr.io/pkinerd/ednsv:sha-e03e2f5"
2026-07-26T09:05:35.0261797Z       ],
2026-07-26T09:05:35.0262062Z       "args": {
2026-07-26T09:05:35.0262424Z         "DOCKER_META_IMAGES": "ghcr.io/pkinerd/ednsv",
2026-07-26T09:05:35.0262898Z         "DOCKER_META_VERSION": "pr-28"
2026-07-26T09:05:35.0263270Z       }
2026-07-26T09:05:35.0263537Z     }
2026-07-26T09:05:35.0263793Z   }
2026-07-26T09:05:35.0264041Z }
2026-07-26T09:05:35.0264517Z ##[endgroup]
2026-07-26T09:05:35.0265027Z ##[group]Bake file definition (labels)
2026-07-26T09:05:35.0265410Z {
2026-07-26T09:05:35.0265663Z   "target": {
2026-07-26T09:05:35.0266205Z     "docker-metadata-action": {
2026-07-26T09:05:35.0266581Z       "labels": {
2026-07-26T09:05:35.0267038Z         "org.opencontainers.image.created": "2026-07-26T09:05:35.007Z",
2026-07-26T09:05:35.0267660Z         "org.opencontainers.image.description": "",
2026-07-26T09:05:35.0268167Z         "org.opencontainers.image.licenses": "",
2026-07-26T09:05:35.0268844Z         "org.opencontainers.image.revision": "e03e2f5eef477cf6c7c8974a0d5ac5329f0afb28",
2026-07-26T09:05:35.0269705Z         "org.opencontainers.image.source": "https://github.com/pkinerd/ednsv",
2026-07-26T09:05:35.0270375Z         "org.opencontainers.image.title": "ednsv",
2026-07-26T09:05:35.0271009Z         "org.opencontainers.image.url": "https://github.com/pkinerd/ednsv",
2026-07-26T09:05:35.0271868Z         "org.opencontainers.image.version": "pr-28"
2026-07-26T09:05:35.0272324Z       }
2026-07-26T09:05:35.0272587Z     }
2026-07-26T09:05:35.0272862Z   }
2026-07-26T09:05:35.0273124Z }
2026-07-26T09:05:35.0273635Z ##[endgroup]
2026-07-26T09:05:35.0274167Z ##[group]Bake file definition (annotations)
2026-07-26T09:05:35.0274587Z {
2026-07-26T09:05:35.0274848Z   "target": {
2026-07-26T09:05:35.0275168Z     "docker-metadata-action": {
2026-07-26T09:05:35.0275683Z       "annotations": [
2026-07-26T09:05:35.0276206Z         "manifest:org.opencontainers.image.created=2026-07-26T09:05:35.007Z",
2026-07-26T09:05:35.0276896Z         "manifest:org.opencontainers.image.description=",
2026-07-26T09:05:35.0277467Z         "manifest:org.opencontainers.image.licenses=",
2026-07-26T09:05:35.0278231Z         "manifest:org.opencontainers.image.revision=e03e2f5eef477cf6c7c8974a0d5ac5329f0afb28",
2026-07-26T09:05:35.0279178Z         "manifest:org.opencontainers.image.source=https://github.com/pkinerd/ednsv",
2026-07-26T09:05:35.0279806Z         "manifest:org.opencontainers.image.title=ednsv",
2026-07-26T09:05:35.0280271Z         "manifest:org.opencontainers.image.url=https://github.com/pkinerd/ednsv",
2026-07-26T09:05:35.0280927Z         "manifest:org.opencontainers.image.version=pr-28"
2026-07-26T09:05:35.0281446Z       ]
2026-07-26T09:05:35.0281625Z     }
2026-07-26T09:05:35.0281794Z   }
2026-07-26T09:05:35.0281966Z }
2026-07-26T09:05:35.0282298Z ##[endgroup]
2026-07-26T09:05:35.0482695Z Node 20 is being deprecated. This workflow is running with Node 24 by default. If you need to temporarily use Node 20, you can set the ACTIONS_ALLOW_USE_UNSECURE_NODE_VERSION=true environment variable. For more information see: https://github.blog/changelog/2025-09-19-deprecation-of-node-20-on-github-actions-runners/
2026-07-26T09:05:35.0483919Z ##[group]Run docker/build-push-action@v6
2026-07-26T09:05:35.0484195Z with:
2026-07-26T09:05:35.0484389Z   context: .
2026-07-26T09:05:35.0484587Z   file: ./Dockerfile
2026-07-26T09:05:35.0484799Z   push: true
2026-07-26T09:05:35.0485212Z   tags: ghcr.io/pkinerd/ednsv:pr-28
ghcr.io/pkinerd/ednsv:latest-any
ghcr.io/pkinerd/ednsv:sha-e03e2f5
2026-07-26T09:05:35.0487037Z   labels: org.opencontainers.image.created=2026-07-26T09:05:35.007Z
org.opencontainers.image.description=
org.opencontainers.image.licenses=
org.opencontainers.image.revision=e03e2f5eef477cf6c7c8974a0d5ac5329f0afb28
org.opencontainers.image.source=https://github.com/pkinerd/ednsv
org.opencontainers.image.title=ednsv
org.opencontainers.image.url=https://github.com/pkinerd/ednsv
org.opencontainers.image.version=pr-28
2026-07-26T09:05:35.0488564Z   cache-from: type=gha
2026-07-26T09:05:35.0488797Z   cache-to: type=gha,mode=max
2026-07-26T09:05:35.0489039Z   load: false
2026-07-26T09:05:35.0489238Z   no-cache: false
2026-07-26T09:05:35.0489444Z   pull: false
2026-07-26T09:05:35.0492333Z   github-token: ***
2026-07-26T09:05:35.0492545Z env:
2026-07-26T09:05:35.0492737Z   REGISTRY: ghcr.io
2026-07-26T09:05:35.0492958Z   IMAGE_NAME: pkinerd/ednsv
2026-07-26T09:05:35.0493212Z   DOCKER_METADATA_OUTPUT_VERSION: pr-28
2026-07-26T09:05:35.0493758Z   DOCKER_METADATA_OUTPUT_TAGS: ghcr.io/pkinerd/ednsv:pr-28
ghcr.io/pkinerd/ednsv:latest-any
ghcr.io/pkinerd/ednsv:sha-e03e2f5
2026-07-26T09:05:35.0494377Z   DOCKER_METADATA_OUTPUT_TAG_NAMES: pr-28
latest-any
sha-e03e2f5
2026-07-26T09:05:35.0496086Z   DOCKER_METADATA_OUTPUT_LABELS: org.opencontainers.image.created=2026-07-26T09:05:35.007Z
org.opencontainers.image.description=
org.opencontainers.image.licenses=
org.opencontainers.image.revision=e03e2f5eef477cf6c7c8974a0d5ac5329f0afb28
org.opencontainers.image.source=https://github.com/pkinerd/ednsv
org.opencontainers.image.title=ednsv
org.opencontainers.image.url=https://github.com/pkinerd/ednsv
org.opencontainers.image.version=pr-28
2026-07-26T09:05:35.0499279Z   DOCKER_METADATA_OUTPUT_ANNOTATIONS: manifest:org.opencontainers.image.created=2026-07-26T09:05:35.007Z
manifest:org.opencontainers.image.description=
manifest:org.opencontainers.image.licenses=
manifest:org.opencontainers.image.revision=e03e2f5eef477cf6c7c8974a0d5ac5329f0afb28
manifest:org.opencontainers.image.source=https://github.com/pkinerd/ednsv
manifest:org.opencontainers.image.title=ednsv
manifest:org.opencontainers.image.url=https://github.com/pkinerd/ednsv
manifest:org.opencontainers.image.version=pr-28
2026-07-26T09:05:35.0505071Z   DOCKER_METADATA_OUTPUT_JSON: {"tags":["ghcr.io/pkinerd/ednsv:pr-28","ghcr.io/pkinerd/ednsv:latest-any","ghcr.io/pkinerd/ednsv:sha-e03e2f5"],"tag-names":["pr-28","latest-any","sha-e03e2f5"],"labels":{"org.opencontainers.image.created":"2026-07-26T09:05:35.007Z","org.opencontainers.image.description":"","org.opencontainers.image.licenses":"","org.opencontainers.image.revision":"e03e2f5eef477cf6c7c8974a0d5ac5329f0afb28","org.opencontainers.image.source":"https://github.com/pkinerd/ednsv","org.opencontainers.image.title":"ednsv","org.opencontainers.image.url":"https://github.com/pkinerd/ednsv","org.opencontainers.image.version":"pr-28"},"annotations":["manifest:org.opencontainers.image.created=2026-07-26T09:05:35.007Z","manifest:org.opencontainers.image.description=","manifest:org.opencontainers.image.licenses=","manifest:org.opencontainers.image.revision=e03e2f5eef477cf6c7c8974a0d5ac5329f0afb28","manifest:org.opencontainers.image.source=https://github.com/pkinerd/ednsv","manifest:org.opencontainers.image.title=ednsv","manifest:org.opencontainers.image.url=https://github.com/pkinerd/ednsv","manifest:org.opencontainers.image.version=pr-28"]}
2026-07-26T09:05:35.0510089Z   DOCKER_METADATA_OUTPUT_BAKE_FILE_TAGS: /home/runner/work/_temp/docker-actions-toolkit-pd6tIc/docker-metadata-action-bake-tags.json
2026-07-26T09:05:35.0510990Z   DOCKER_METADATA_OUTPUT_BAKE_FILE_LABELS: /home/runner/work/_temp/docker-actions-toolkit-pd6tIc/docker-metadata-action-bake-labels.json
2026-07-26T09:05:35.0512166Z   DOCKER_METADATA_OUTPUT_BAKE_FILE_ANNOTATIONS: /home/runner/work/_temp/docker-actions-toolkit-pd6tIc/docker-metadata-action-bake-annotations.json
2026-07-26T09:05:35.0513045Z   DOCKER_METADATA_OUTPUT_BAKE_FILE: /home/runner/work/_temp/docker-actions-toolkit-pd6tIc/docker-metadata-action-bake.json
2026-07-26T09:05:35.0513571Z ##[endgroup]
2026-07-26T09:05:35.2922803Z (node:2702) [DEP0040] DeprecationWarning: The `punycode` module is deprecated. Please use a userland alternative instead.
2026-07-26T09:05:35.2924431Z (Use `node --trace-deprecation ...` to show where the warning was created)
2026-07-26T09:05:35.2944824Z ##[group]GitHub Actions runtime token ACs
2026-07-26T09:05:35.2952360Z refs/pull/28/merge: read/write
2026-07-26T09:05:35.2952949Z refs/heads/main: read
2026-07-26T09:05:35.2953845Z ##[endgroup]
2026-07-26T09:05:35.2954812Z ##[group]Docker info
2026-07-26T09:05:35.3001532Z [command]/usr/bin/docker version
2026-07-26T09:05:35.3277716Z Client: Docker Engine - Community
2026-07-26T09:05:35.3281935Z  Version:           28.0.4
2026-07-26T09:05:35.3282449Z  API version:       1.48
2026-07-26T09:05:35.3282976Z  Go version:        go1.23.7
2026-07-26T09:05:35.3283567Z  Git commit:        b8034c0
2026-07-26T09:05:35.3284070Z  Built:             Tue Mar 25 15:07:16 2025
2026-07-26T09:05:35.3284679Z  OS/Arch:           linux/amd64
2026-07-26T09:05:35.3306274Z  Context:           default
2026-07-26T09:05:35.3306566Z 
2026-07-26T09:05:35.3306854Z Server: Docker Engine - Community
2026-07-26T09:05:35.3310051Z  Engine:
2026-07-26T09:05:35.3310590Z   Version:          28.0.4
2026-07-26T09:05:35.3311012Z   API version:      1.48 (minimum version 1.24)
2026-07-26T09:05:35.3311750Z   Go version:       go1.23.7
2026-07-26T09:05:35.3312199Z   Git commit:       6430e49
2026-07-26T09:05:35.3312646Z   Built:            Tue Mar 25 15:07:16 2025
2026-07-26T09:05:35.3313116Z   OS/Arch:          linux/amd64
2026-07-26T09:05:35.3313531Z   Experimental:     false
2026-07-26T09:05:35.3313926Z  containerd:
2026-07-26T09:05:35.3314264Z   Version:          v2.2.6
2026-07-26T09:05:35.3314759Z   GitCommit:        11ce9d5f3c68c941867e82890e93e815c1304f1b
2026-07-26T09:05:35.3315293Z  runc:
2026-07-26T09:05:35.3315583Z   Version:          1.3.6
2026-07-26T09:05:35.3315956Z   GitCommit:        v1.3.6-0-g491b69ba
2026-07-26T09:05:35.3316373Z  docker-init:
2026-07-26T09:05:35.3316699Z   Version:          0.19.0
2026-07-26T09:05:35.3317048Z   GitCommit:        de40ad0
2026-07-26T09:05:35.3328767Z [command]/usr/bin/docker info
2026-07-26T09:05:35.3941706Z Client: Docker Engine - Community
2026-07-26T09:05:35.3942211Z  Version:    28.0.4
2026-07-26T09:05:35.3942595Z  Context:    default
2026-07-26T09:05:35.3942930Z  Debug Mode: false
2026-07-26T09:05:35.3943242Z  Plugins:
2026-07-26T09:05:35.3943545Z   buildx: Docker Buildx (Docker Inc.)
2026-07-26T09:05:35.3943956Z     Version:  v0.35.0
2026-07-26T09:05:35.3944377Z     Path:     /usr/libexec/docker/cli-plugins/docker-buildx
2026-07-26T09:05:35.3944738Z   compose: Docker Compose (Docker Inc.)
2026-07-26T09:05:35.3945006Z     Version:  v2.38.2
2026-07-26T09:05:35.3945288Z     Path:     /usr/libexec/docker/cli-plugins/docker-compose
2026-07-26T09:05:35.3945630Z 
2026-07-26T09:05:35.3945770Z Server:
2026-07-26T09:05:35.3945958Z  Containers: 1
2026-07-26T09:05:35.3946155Z   Running: 1
2026-07-26T09:05:35.3946356Z   Paused: 0
2026-07-26T09:05:35.3947074Z   Stopped: 0
2026-07-26T09:05:35.3947261Z  Images: 7
2026-07-26T09:05:35.3947460Z  Server Version: 28.0.4
2026-07-26T09:05:35.3947690Z  Storage Driver: overlay2
2026-07-26T09:05:35.3947929Z   Backing Filesystem: extfs
2026-07-26T09:05:35.3948260Z   Supports d_type: true
2026-07-26T09:05:35.3948653Z   Using metacopy: false
2026-07-26T09:05:35.3948918Z   Native Overlay Diff: false
2026-07-26T09:05:35.3949195Z   userxattr: false
2026-07-26T09:05:35.3949419Z  Logging Driver: json-file
2026-07-26T09:05:35.3949660Z  Cgroup Driver: systemd
2026-07-26T09:05:35.3949872Z  Cgroup Version: 2
2026-07-26T09:05:35.3950081Z  Plugins:
2026-07-26T09:05:35.3950275Z   Volume: local
2026-07-26T09:05:35.3950531Z   Network: bridge host ipvlan macvlan null overlay
2026-07-26T09:05:35.3951371Z   Log: awslogs fluentd gcplogs gelf journald json-file local splunk syslog
2026-07-26T09:05:35.3951786Z  Swarm: inactive
2026-07-26T09:05:35.3952025Z  Runtimes: io.containerd.runc.v2 runc
2026-07-26T09:05:35.3952309Z  Default Runtime: runc
2026-07-26T09:05:35.3952566Z  Init Binary: docker-init
2026-07-26T09:05:35.3952867Z  containerd version: 11ce9d5f3c68c941867e82890e93e815c1304f1b
2026-07-26T09:05:35.3953222Z  runc version: v1.3.6-0-g491b69ba
2026-07-26T09:05:35.3953480Z  init version: de40ad0
2026-07-26T09:05:35.3953699Z  Security Options:
2026-07-26T09:05:35.3953906Z   apparmor
2026-07-26T09:05:35.3954096Z   seccomp
2026-07-26T09:05:35.3954289Z    Profile: builtin
2026-07-26T09:05:35.3954500Z   cgroupns
2026-07-26T09:05:35.3954704Z  Kernel Version: 6.17.0-1020-azure
2026-07-26T09:05:35.3954976Z  Operating System: Ubuntu 24.04.4 LTS
2026-07-26T09:05:35.3955419Z  OSType: linux
2026-07-26T09:05:35.3955650Z  Architecture: x86_64
2026-07-26T09:05:35.3955871Z  CPUs: 4
2026-07-26T09:05:35.3956068Z  Total Memory: 15.61GiB
2026-07-26T09:05:35.3956292Z  Name: runnervmvrwv9
2026-07-26T09:05:35.3956529Z  ID: dce1e4a9-fc26-4218-aaf0-feee5194c8cb
2026-07-26T09:05:35.3956815Z  Docker Root Dir: /var/lib/docker
2026-07-26T09:05:35.3957071Z  Debug Mode: false
2026-07-26T09:05:35.3957290Z  Username: githubactions
2026-07-26T09:05:35.3957516Z  Experimental: false
2026-07-26T09:05:35.3957735Z  Insecure Registries:
2026-07-26T09:05:35.3957977Z   ::1/128
2026-07-26T09:05:35.3958154Z   127.0.0.0/8
2026-07-26T09:05:35.3958368Z  Live Restore Enabled: false
2026-07-26T09:05:35.3958528Z 
2026-07-26T09:05:35.3976117Z ##[endgroup]
2026-07-26T09:05:35.3976756Z ##[group]Proxy configuration
2026-07-26T09:05:35.3979110Z No proxy configuration found
2026-07-26T09:05:35.3981474Z ##[endgroup]
2026-07-26T09:05:35.4617621Z ##[group]Buildx version
2026-07-26T09:05:35.4643479Z [command]/usr/bin/docker buildx version
2026-07-26T09:05:35.5130942Z github.com/docker/buildx v0.35.0 a319e5b15052cf6557ceb666eb8ff6e32380b782
2026-07-26T09:05:35.5165651Z ##[endgroup]
2026-07-26T09:05:35.5166056Z ##[group]Builder info
2026-07-26T09:05:35.6100620Z {
2026-07-26T09:05:35.6101834Z   "nodes": [
2026-07-26T09:05:35.6103181Z     {
2026-07-26T09:05:35.6104071Z       "name": "builder-8081a03d-6237-40f9-a37b-9b9679edc0a50",
2026-07-26T09:05:35.6105141Z       "endpoint": "unix:///var/run/docker.sock",
2026-07-26T09:05:35.6106121Z       "status": "running",
2026-07-26T09:05:35.6107779Z       "buildkitd-flags": "--allow-insecure-entitlement security.insecure --allow-insecure-entitlement network.host",
2026-07-26T09:05:35.6110026Z       "buildkit": "v0.31.2",
2026-07-26T09:05:35.6110968Z       "platforms": "linux/amd64,linux/amd64/v2,linux/amd64/v3,linux/386",
2026-07-26T09:05:35.6112889Z       "features": {
2026-07-26T09:05:35.6114341Z         "Automatically load images to the Docker Engine image store": true,
2026-07-26T09:05:35.6116468Z         "Cache export": true,
2026-07-26T09:05:35.6117200Z         "Direct push": true,
2026-07-26T09:05:35.6117880Z         "Docker exporter": true,
2026-07-26T09:05:35.6118586Z         "Multi-platform build": true,
2026-07-26T09:05:35.6119252Z         "OCI exporter": true
2026-07-26T09:05:35.6119845Z       },
2026-07-26T09:05:35.6120340Z       "labels": {
2026-07-26T09:05:35.6122604Z         "org.mobyproject.buildkit.worker.executor": "oci",
2026-07-26T09:05:35.6123604Z         "org.mobyproject.buildkit.worker.hostname": "ff1de66dc789",
2026-07-26T09:05:35.6124551Z         "org.mobyproject.buildkit.worker.network": "host",
2026-07-26T09:05:35.6125856Z         "org.mobyproject.buildkit.worker.oci.process-mode": "sandbox",
2026-07-26T09:05:35.6126929Z         "org.mobyproject.buildkit.worker.selinux.enabled": "false",
2026-07-26T09:05:35.6127932Z         "org.mobyproject.buildkit.worker.snapshotter": "overlayfs"
2026-07-26T09:05:35.6128794Z       },
2026-07-26T09:05:35.6129381Z       "gcPolicy": [
2026-07-26T09:05:35.6129921Z         {
2026-07-26T09:05:35.6130440Z           "all": false,
2026-07-26T09:05:35.6130993Z           "filter": [
2026-07-26T09:05:35.6132152Z             "type==source.local type==exec.cachemount type==source.git.checkout"
2026-07-26T09:05:35.6133051Z           ],
2026-07-26T09:05:35.6133605Z           "keepDuration": "48h0m0s",
2026-07-26T09:05:35.6134304Z           "maxUsedSpace": "488.3MiB"
2026-07-26T09:05:35.6134968Z         },
2026-07-26T09:05:35.6135467Z         {
2026-07-26T09:05:35.6135971Z           "all": false,
2026-07-26T09:05:35.6136586Z           "keepDuration": "1440h0m0s",
2026-07-26T09:05:35.6137263Z           "reservedSpace": "9.313GiB",
2026-07-26T09:05:35.6137907Z           "maxUsedSpace": "93.13GiB",
2026-07-26T09:05:35.6138553Z           "minFreeSpace": "27.01GiB"
2026-07-26T09:05:35.6139184Z         },
2026-07-26T09:05:35.6139681Z         {
2026-07-26T09:05:35.6140228Z           "all": false,
2026-07-26T09:05:35.6140835Z           "reservedSpace": "9.313GiB",
2026-07-26T09:05:35.6141645Z           "maxUsedSpace": "93.13GiB",
2026-07-26T09:05:35.6142324Z           "minFreeSpace": "27.01GiB"
2026-07-26T09:05:35.6142956Z         },
2026-07-26T09:05:35.6143502Z         {
2026-07-26T09:05:35.6144075Z           "all": true,
2026-07-26T09:05:35.6144664Z           "reservedSpace": "9.313GiB",
2026-07-26T09:05:35.6145358Z           "maxUsedSpace": "93.13GiB",
2026-07-26T09:05:35.6146060Z           "minFreeSpace": "27.01GiB"
2026-07-26T09:05:35.6146688Z         }
2026-07-26T09:05:35.6147206Z       ]
2026-07-26T09:05:35.6147670Z     }
2026-07-26T09:05:35.6148195Z   ],
2026-07-26T09:05:35.6148857Z   "name": "builder-8081a03d-6237-40f9-a37b-9b9679edc0a5",
2026-07-26T09:05:35.6149679Z   "driver": "docker-container",
2026-07-26T09:05:35.6150404Z   "lastActivity": "2026-07-26T09:05:28.000Z"
2026-07-26T09:05:35.6151007Z }
2026-07-26T09:05:35.6151995Z ##[endgroup]
2026-07-26T09:05:35.7670890Z [command]/usr/bin/docker buildx build --cache-from type=gha --cache-to type=gha,mode=max --file ./Dockerfile --iidfile /home/runner/work/_temp/docker-actions-toolkit-MPqGat/build-iidfile-52436a572e.txt --label org.opencontainers.image.created=2026-07-26T09:05:35.007Z --label org.opencontainers.image.description= --label org.opencontainers.image.licenses= --label org.opencontainers.image.revision=e03e2f5eef477cf6c7c8974a0d5ac5329f0afb28 --label org.opencontainers.image.source=https://github.com/pkinerd/ednsv --label org.opencontainers.image.title=ednsv --label org.opencontainers.image.url=https://github.com/pkinerd/ednsv --label org.opencontainers.image.version=pr-28 --attest type=provenance,mode=max,builder-id=https://github.com/pkinerd/ednsv/actions/runs/30195788649/attempts/1 --tag ghcr.io/pkinerd/ednsv:pr-28 --tag ghcr.io/pkinerd/ednsv:latest-any --tag ghcr.io/pkinerd/ednsv:sha-e03e2f5 --metadata-file /home/runner/work/_temp/docker-actions-toolkit-MPqGat/build-metadata-01e908a613.json --push .
2026-07-26T09:05:35.9908611Z #0 building with "builder-8081a03d-6237-40f9-a37b-9b9679edc0a5" instance using docker-container driver
2026-07-26T09:05:35.9909322Z 
2026-07-26T09:05:35.9909564Z #1 [internal] load build definition from Dockerfile
2026-07-26T09:05:35.9910016Z #1 transferring dockerfile: 827B done
2026-07-26T09:05:35.9910364Z #1 DONE 0.0s
2026-07-26T09:05:35.9910543Z 
2026-07-26T09:05:35.9910732Z #2 [auth] docker/dockerfile:pull token for registry-1.docker.io
2026-07-26T09:05:36.1418031Z #2 DONE 0.0s
2026-07-26T09:05:36.1418228Z 
2026-07-26T09:05:36.1418510Z #3 resolve image config for docker-image://docker.io/docker/dockerfile:1.7
2026-07-26T09:05:36.4796954Z #3 DONE 0.6s
2026-07-26T09:05:36.6376308Z 
2026-07-26T09:05:36.6377522Z #4 docker-image://docker.io/docker/dockerfile:1.7@sha256:a57df69d0ea827fb7266491f2813635de6f17269be881f696fbfdf2d83dda33e
2026-07-26T09:05:36.6378408Z #4 resolve docker.io/docker/dockerfile:1.7@sha256:a57df69d0ea827fb7266491f2813635de6f17269be881f696fbfdf2d83dda33e done
2026-07-26T09:05:36.6393473Z #4 sha256:96918c57e42509b97f10c074d80672ecdbd3bb7dcd38c1bd95960cf291207416 1.05MB / 11.98MB 0.2s
2026-07-26T09:05:36.8426950Z #4 sha256:96918c57e42509b97f10c074d80672ecdbd3bb7dcd38c1bd95960cf291207416 11.98MB / 11.98MB 0.2s done
2026-07-26T09:05:36.8427953Z #4 extracting sha256:96918c57e42509b97f10c074d80672ecdbd3bb7dcd38c1bd95960cf291207416 0.1s done
2026-07-26T09:05:36.8428675Z #4 DONE 0.4s
2026-07-26T09:05:37.0124194Z 
2026-07-26T09:05:37.0125478Z #5 [internal] load metadata for mcr.microsoft.com/dotnet/sdk:8.0
2026-07-26T09:05:37.0127129Z #5 DONE 0.1s
2026-07-26T09:05:37.0127821Z 
2026-07-26T09:05:37.0128331Z #6 [internal] load metadata for mcr.microsoft.com/dotnet/aspnet:8.0
2026-07-26T09:05:37.1999947Z #6 DONE 0.1s
2026-07-26T09:05:37.2000304Z 
2026-07-26T09:05:37.2000460Z #7 [internal] load .dockerignore
2026-07-26T09:05:37.2000807Z #7 transferring context: 249B done
2026-07-26T09:05:37.2001068Z #7 DONE 0.0s
2026-07-26T09:05:37.2001460Z 
2026-07-26T09:05:37.2001551Z #8 [internal] load build context
2026-07-26T09:05:37.2001778Z #8 DONE 0.0s
2026-07-26T09:05:37.2001890Z 
2026-07-26T09:05:37.2002280Z #9 [build 1/8] FROM mcr.microsoft.com/dotnet/sdk:8.0@sha256:3c0edbfe1549dd93fb789dc96299a40df865ad7bffefcaf38e8c05940686d641
2026-07-26T09:05:37.2003127Z #9 resolve mcr.microsoft.com/dotnet/sdk:8.0@sha256:3c0edbfe1549dd93fb789dc96299a40df865ad7bffefcaf38e8c05940686d641 done
2026-07-26T09:05:37.2003656Z #9 DONE 0.0s
2026-07-26T09:05:37.2003788Z 
2026-07-26T09:05:37.2004186Z #10 [runtime 1/3] FROM mcr.microsoft.com/dotnet/aspnet:8.0@sha256:8f6a307ae32fb393a4b4bcde0a81f0ce3f0a715de0e5575df71f3030448f2dde
2026-07-26T09:05:37.2005012Z #10 resolve mcr.microsoft.com/dotnet/aspnet:8.0@sha256:8f6a307ae32fb393a4b4bcde0a81f0ce3f0a715de0e5575df71f3030448f2dde done
2026-07-26T09:05:37.2005536Z #10 DONE 0.0s
2026-07-26T09:05:37.2005646Z 
2026-07-26T09:05:37.2005796Z #11 importing cache manifest from gha:7263900744689203741
2026-07-26T09:05:37.3038256Z #11 DONE 0.3s
2026-07-26T09:05:37.4195668Z 
2026-07-26T09:05:37.4196456Z #8 [internal] load build context
2026-07-26T09:05:37.4198513Z #8 transferring context: 933.51kB 0.0s done
2026-07-26T09:05:37.4199974Z #8 DONE 0.0s
2026-07-26T09:05:37.4200487Z 
2026-07-26T09:05:37.4200996Z #12 [build 7/8] COPY src/Ednsv.Web/ src/Ednsv.Web/
2026-07-26T09:05:37.4201774Z #12 CACHED
2026-07-26T09:05:37.4202639Z 
2026-07-26T09:05:37.4203002Z #13 [build 6/8] COPY src/Ednsv.Core/ src/Ednsv.Core/
2026-07-26T09:05:37.4203943Z #13 CACHED
2026-07-26T09:05:37.4204155Z 
2026-07-26T09:05:37.4204489Z #14 [build 2/8] WORKDIR /src
2026-07-26T09:05:37.4204854Z #14 CACHED
2026-07-26T09:05:37.4205211Z 
2026-07-26T09:05:37.4205484Z #15 [build 4/8] COPY src/Ednsv.Web/Ednsv.Web.csproj src/Ednsv.Web/
2026-07-26T09:05:37.4206105Z #15 CACHED
2026-07-26T09:05:37.4206277Z 
2026-07-26T09:05:37.4206425Z #16 [runtime 2/3] WORKDIR /app
2026-07-26T09:05:37.4206784Z #16 CACHED
2026-07-26T09:05:37.4206936Z 
2026-07-26T09:05:37.4207828Z #17 [build 8/8] RUN dotnet publish src/Ednsv.Web/Ednsv.Web.csproj         --configuration Release         --no-restore         --output /app/publish         /p:UseAppHost=false
2026-07-26T09:05:37.4208907Z #17 CACHED
2026-07-26T09:05:37.4209069Z 
2026-07-26T09:05:37.4209358Z #18 [build 3/8] COPY src/Ednsv.Core/Ednsv.Core.csproj src/Ednsv.Core/
2026-07-26T09:05:37.4209904Z #18 CACHED
2026-07-26T09:05:37.4210066Z 
2026-07-26T09:05:37.4210315Z #19 [build 5/8] RUN dotnet restore src/Ednsv.Web/Ednsv.Web.csproj
2026-07-26T09:05:37.4211350Z #19 CACHED
2026-07-26T09:05:37.4211521Z 
2026-07-26T09:05:37.4211711Z #20 [runtime 3/3] COPY --from=build /app/publish ./
2026-07-26T09:05:37.4212153Z #20 CACHED
2026-07-26T09:05:37.5539736Z 
2026-07-26T09:05:37.5540384Z #21 exporting to image
2026-07-26T09:05:37.5541875Z #21 exporting layers done
2026-07-26T09:05:37.5543796Z #21 exporting manifest sha256:a6ad23c1163ad887a3a817a58b949e57ce13cc9eae33dd6551c94e308e7d81cf done
2026-07-26T09:05:37.5544892Z #21 exporting config sha256:82d14716caa06e3d35ffdb534b0d52d49a603320e4b930066981d998a5015f69 done
2026-07-26T09:05:37.5546002Z #21 exporting attestation manifest sha256:c54389697027011436bb8755a08871596f5b76b8f7364e545c7c4392298561b6 done
2026-07-26T09:05:37.5547176Z #21 exporting manifest list sha256:01f3c172a47a25b807168f968731e86fbe0f2f8b3f35ae01f95a6712bf053a12 done
2026-07-26T09:05:37.5547945Z #21 pushing layers
2026-07-26T09:05:37.7074081Z #21 ...
2026-07-26T09:05:37.7074331Z 
2026-07-26T09:05:37.7074575Z #22 [auth] pkinerd/ednsv:pull,push token for ghcr.io
2026-07-26T09:05:37.7075111Z #22 DONE 0.0s
2026-07-26T09:05:37.8577729Z 
2026-07-26T09:05:37.8578306Z #23 exporting to GitHub Actions Cache
2026-07-26T09:05:37.8578739Z #23 preparing build cache for export 0.1s done
2026-07-26T09:05:37.8579081Z #23 sending cache export
2026-07-26T09:05:38.7345170Z #23 sending cache export 1.2s done
2026-07-26T09:05:38.7345709Z #23 DONE 1.3s
2026-07-26T09:05:38.7345849Z 
2026-07-26T09:05:38.7345961Z #21 exporting to image
2026-07-26T09:05:38.9300500Z #21 pushing layers 1.5s done
2026-07-26T09:05:38.9301709Z #21 pushing manifest for ghcr.io/pkinerd/ednsv:pr-28@sha256:01f3c172a47a25b807168f968731e86fbe0f2f8b3f35ae01f95a6712bf053a12
2026-07-26T09:05:40.0111495Z #21 pushing manifest for ghcr.io/pkinerd/ednsv:pr-28@sha256:01f3c172a47a25b807168f968731e86fbe0f2f8b3f35ae01f95a6712bf053a12 1.1s done
2026-07-26T09:05:40.1374361Z #21 pushing layers 0.1s done
2026-07-26T09:05:40.1375182Z #21 pushing manifest for ghcr.io/pkinerd/ednsv:latest-any@sha256:01f3c172a47a25b807168f968731e86fbe0f2f8b3f35ae01f95a6712bf053a12
2026-07-26T09:05:40.6475197Z #21 pushing manifest for ghcr.io/pkinerd/ednsv:latest-any@sha256:01f3c172a47a25b807168f968731e86fbe0f2f8b3f35ae01f95a6712bf053a12 0.5s done
2026-07-26T09:05:40.7804364Z #21 pushing layers 0.1s done
2026-07-26T09:05:40.7805406Z #21 pushing manifest for ghcr.io/pkinerd/ednsv:sha-e03e2f5@sha256:01f3c172a47a25b807168f968731e86fbe0f2f8b3f35ae01f95a6712bf053a12
2026-07-26T09:05:41.2970410Z #21 pushing manifest for ghcr.io/pkinerd/ednsv:sha-e03e2f5@sha256:01f3c172a47a25b807168f968731e86fbe0f2f8b3f35ae01f95a6712bf053a12 0.5s done
2026-07-26T09:05:41.2972004Z #21 DONE 3.9s
2026-07-26T09:05:41.3201960Z 
2026-07-26T09:05:41.3202438Z #24 resolving provenance for metadata file
2026-07-26T09:05:41.3203103Z #24 DONE 0.0s
2026-07-26T09:05:41.3289344Z ##[group]ImageID
2026-07-26T09:05:41.3289898Z sha256:01f3c172a47a25b807168f968731e86fbe0f2f8b3f35ae01f95a6712bf053a12
2026-07-26T09:05:41.3290873Z ##[endgroup]
2026-07-26T09:05:41.3291717Z ##[group]Digest
2026-07-26T09:05:41.3292262Z sha256:01f3c172a47a25b807168f968731e86fbe0f2f8b3f35ae01f95a6712bf053a12
2026-07-26T09:05:41.3293079Z ##[endgroup]
2026-07-26T09:05:41.3293556Z ##[group]Metadata
2026-07-26T09:05:41.3297215Z {
2026-07-26T09:05:41.3297668Z   "buildx.build.provenance": {
2026-07-26T09:05:41.3298253Z     "builder": {
2026-07-26T09:05:41.3298942Z       "id": "https://github.com/pkinerd/ednsv/actions/runs/30195788649/attempts/1"
2026-07-26T09:05:41.3299521Z     },
2026-07-26T09:05:41.3299944Z     "buildType": "https://mobyproject.org/buildkit@v1",
2026-07-26T09:05:41.3300483Z     "materials": [
2026-07-26T09:05:41.3300799Z       {
2026-07-26T09:05:41.3302438Z         "uri": "pkg:docker/docker/dockerfile@1.7",
2026-07-26T09:05:41.3302965Z         "digest": {
2026-07-26T09:05:41.3303711Z           "sha256": "a57df69d0ea827fb7266491f2813635de6f17269be881f696fbfdf2d83dda33e"
2026-07-26T09:05:41.3304564Z         }
2026-07-26T09:05:41.3304855Z       },
2026-07-26T09:05:41.3305160Z       {
2026-07-26T09:05:41.3305741Z         "uri": "pkg:docker/mcr.microsoft.com/dotnet/aspnet@8.0?platform=linux%2Famd64",
2026-07-26T09:05:41.3306747Z         "digest": {
2026-07-26T09:05:41.3307312Z           "sha256": "8f6a307ae32fb393a4b4bcde0a81f0ce3f0a715de0e5575df71f3030448f2dde"
2026-07-26T09:05:41.3307961Z         }
2026-07-26T09:05:41.3308426Z       },
2026-07-26T09:05:41.3308727Z       {
2026-07-26T09:05:41.3309243Z         "uri": "pkg:docker/mcr.microsoft.com/dotnet/sdk@8.0?platform=linux%2Famd64",
2026-07-26T09:05:41.3309851Z         "digest": {
2026-07-26T09:05:41.3310407Z           "sha256": "3c0edbfe1549dd93fb789dc96299a40df865ad7bffefcaf38e8c05940686d641"
2026-07-26T09:05:41.3311593Z         }
2026-07-26T09:05:41.3311895Z       }
2026-07-26T09:05:41.3312223Z     ],
2026-07-26T09:05:41.3312524Z     "invocation": {
2026-07-26T09:05:41.3312809Z       "configSource": {
2026-07-26T09:05:41.3313068Z         "entryPoint": "Dockerfile"
2026-07-26T09:05:41.3313336Z       },
2026-07-26T09:05:41.3313551Z       "parameters": {
2026-07-26T09:05:41.3313811Z         "frontend": "gateway.v0",
2026-07-26T09:05:41.3314078Z         "args": {
2026-07-26T09:05:41.3314317Z           "cmdline": "docker/dockerfile:1.7",
2026-07-26T09:05:41.3314843Z           "label:org.opencontainers.image.created": "2026-07-26T09:05:35.007Z",
2026-07-26T09:05:41.3315508Z           "label:org.opencontainers.image.description": "",
2026-07-26T09:05:41.3315905Z           "label:org.opencontainers.image.licenses": "",
2026-07-26T09:05:41.3316398Z           "label:org.opencontainers.image.revision": "e03e2f5eef477cf6c7c8974a0d5ac5329f0afb28",
2026-07-26T09:05:41.3317005Z           "label:org.opencontainers.image.source": "https://github.com/pkinerd/ednsv",
2026-07-26T09:05:41.3317550Z           "label:org.opencontainers.image.title": "ednsv",
2026-07-26T09:05:41.3318693Z           "label:org.opencontainers.image.url": "https://github.com/pkinerd/ednsv",
2026-07-26T09:05:41.3319444Z           "label:org.opencontainers.image.version": "pr-28",
2026-07-26T09:05:41.3319993Z           "source": "docker/dockerfile:1.7"
2026-07-26T09:05:41.3320439Z         },
2026-07-26T09:05:41.3320738Z         "locals": [
2026-07-26T09:05:41.3321049Z           {
2026-07-26T09:05:41.3321625Z             "name": "context"
2026-07-26T09:05:41.3321976Z           },
2026-07-26T09:05:41.3322283Z           {
2026-07-26T09:05:41.3322602Z             "name": "dockerfile"
2026-07-26T09:05:41.3322975Z           }
2026-07-26T09:05:41.3323268Z         ],
2026-07-26T09:05:41.3323569Z         "root": {
2026-07-26T09:05:41.3323913Z           "configSource": {
2026-07-26T09:05:41.3324304Z             "path": "Dockerfile"
2026-07-26T09:05:41.3324685Z           },
2026-07-26T09:05:41.3324998Z           "request": {
2026-07-26T09:05:41.3325345Z             "args": {
2026-07-26T09:05:41.3325877Z               "label:org.opencontainers.image.created": "2026-07-26T09:05:35.007Z",
2026-07-26T09:05:41.3326611Z               "label:org.opencontainers.image.description": "",
2026-07-26T09:05:41.3327228Z               "label:org.opencontainers.image.licenses": "",
2026-07-26T09:05:41.3328064Z               "label:org.opencontainers.image.revision": "e03e2f5eef477cf6c7c8974a0d5ac5329f0afb28",
2026-07-26T09:05:41.3328991Z               "label:org.opencontainers.image.source": "https://github.com/pkinerd/ednsv",
2026-07-26T09:05:41.3329768Z               "label:org.opencontainers.image.title": "ednsv",
2026-07-26T09:05:41.3330412Z               "label:org.opencontainers.image.url": "https://github.com/pkinerd/ednsv",
2026-07-26T09:05:41.3330884Z               "label:org.opencontainers.image.version": "pr-28",
2026-07-26T09:05:41.3331580Z               "vcs:localdir:context": ".",
2026-07-26T09:05:41.3331965Z               "vcs:localdir:dockerfile": ".",
2026-07-26T09:05:41.3332527Z               "vcs:revision": "e03e2f5eef477cf6c7c8974a0d5ac5329f0afb28",
2026-07-26T09:05:41.3333124Z               "vcs:source": "https://github.com/pkinerd/ednsv"
2026-07-26T09:05:41.3333641Z             }
2026-07-26T09:05:41.3333902Z           }
2026-07-26T09:05:41.3334313Z         },
2026-07-26T09:05:41.3334547Z         "compatibilityVersion": 30
2026-07-26T09:05:41.3334798Z       },
2026-07-26T09:05:41.3334994Z       "environment": {
2026-07-26T09:05:41.3335227Z         "github_actor": "pkinerd",
2026-07-26T09:05:41.3335617Z         "github_actor_id": "169779439",
2026-07-26T09:05:41.3335914Z         "github_event_name": "pull_request",
2026-07-26T09:05:41.3336203Z         "github_event_payload": {
2026-07-26T09:05:41.3336458Z           "action": "synchronize",
2026-07-26T09:05:41.3336752Z           "after": "e12ef815880932465da07cc6cbbc4673a918d3cd",
2026-07-26T09:05:41.3337112Z           "before": "787ac09533d755f4c7a694582c6b87ecf4c03df1",
2026-07-26T09:05:41.3337422Z           "number": 28,
2026-07-26T09:05:41.3337655Z           "pull_request": {
2026-07-26T09:05:41.3337890Z             "_links": {
2026-07-26T09:05:41.3338145Z               "comments": {
2026-07-26T09:05:41.3338498Z                 "href": "https://api.github.com/repos/pkinerd/ednsv/issues/28/comments"
2026-07-26T09:05:41.3338886Z               },
2026-07-26T09:05:41.3339123Z               "commits": {
2026-07-26T09:05:41.3339465Z                 "href": "https://api.github.com/repos/pkinerd/ednsv/pulls/28/commits"
2026-07-26T09:05:41.3339859Z               },
2026-07-26T09:05:41.3340196Z               "html": {
2026-07-26T09:05:41.3340474Z                 "href": "https://github.com/pkinerd/ednsv/pull/28"
2026-07-26T09:05:41.3340789Z               },
2026-07-26T09:05:41.3340993Z               "issue": {
2026-07-26T09:05:41.3341666Z                 "href": "https://api.github.com/repos/pkinerd/ednsv/issues/28"
2026-07-26T09:05:41.3342319Z               },
2026-07-26T09:05:41.3342670Z               "review_comment": {
2026-07-26T09:05:41.3343230Z                 "href": "https://api.github.com/repos/pkinerd/ednsv/pulls/comments{/number}"
2026-07-26T09:05:41.3343696Z               },
2026-07-26T09:05:41.3343911Z               "review_comments": {
2026-07-26T09:05:41.3344293Z                 "href": "https://api.github.com/repos/pkinerd/ednsv/pulls/28/comments"
2026-07-26T09:05:41.3344755Z               },
2026-07-26T09:05:41.3344961Z               "self": {
2026-07-26T09:05:41.3345292Z                 "href": "https://api.github.com/repos/pkinerd/ednsv/pulls/28"
2026-07-26T09:05:41.3345688Z               },
2026-07-26T09:05:41.3345917Z               "statuses": {
2026-07-26T09:05:41.3346425Z                 "href": "https://api.github.com/repos/pkinerd/ednsv/statuses/e12ef815880932465da07cc6cbbc4673a918d3cd"
2026-07-26T09:05:41.3346938Z               }
2026-07-26T09:05:41.3347167Z             },
2026-07-26T09:05:41.3347413Z             "active_lock_reason": null,
2026-07-26T09:05:41.3347693Z             "additions": 6990,
2026-07-26T09:05:41.3347943Z             "assignee": null,
2026-07-26T09:05:41.3348209Z             "assignees": [],
2026-07-26T09:05:41.3348467Z             "author_association": "OWNER",
2026-07-26T09:05:41.3348750Z             "auto_merge": null,
2026-07-26T09:05:41.3348993Z             "base": {
2026-07-26T09:05:41.3349224Z               "label": "pkinerd:main",
2026-07-26T09:05:41.3349489Z               "ref": "main",
2026-07-26T09:05:41.3349717Z               "repo": {
2026-07-26T09:05:41.3349993Z                 "allow_auto_merge": false,
2026-07-26T09:05:41.3350341Z                 "allow_forking": true,
2026-07-26T09:05:41.3350658Z                 "allow_merge_commit": true,
2026-07-26T09:05:41.3350961Z                 "allow_rebase_merge": true,
2026-07-26T09:05:41.3351478Z                 "allow_squash_merge": true,
2026-07-26T09:05:41.3351790Z                 "allow_update_branch": false,
2026-07-26T09:05:41.3352290Z                 "archive_url": "https://api.github.com/repos/pkinerd/ednsv/{archive_format}{/ref}",
2026-07-26T09:05:41.3352775Z                 "archived": false,
2026-07-26T09:05:41.3353208Z                 "assignees_url": "https://api.github.com/repos/pkinerd/ednsv/assignees{/user}",
2026-07-26T09:05:41.3353783Z                 "blobs_url": "https://api.github.com/repos/pkinerd/ednsv/git/blobs{/sha}",
2026-07-26T09:05:41.3354584Z                 "branches_url": "https://api.github.com/repos/pkinerd/ednsv/branches{/branch}",
2026-07-26T09:05:41.3355127Z                 "clone_url": "https://github.com/pkinerd/ednsv.git",
2026-07-26T09:05:41.3355866Z                 "collaborators_url": "https://api.github.com/repos/pkinerd/ednsv/collaborators{/collaborator}",
2026-07-26T09:05:41.3356534Z                 "comments_url": "https://api.github.com/repos/pkinerd/ednsv/comments{/number}",
2026-07-26T09:05:41.3357113Z                 "commits_url": "https://api.github.com/repos/pkinerd/ednsv/commits{/sha}",
2026-07-26T09:05:41.3357746Z                 "compare_url": "https://api.github.com/repos/pkinerd/ednsv/compare/{base}...{head}",
2026-07-26T09:05:41.3358433Z                 "contents_url": "https://api.github.com/repos/pkinerd/ednsv/contents/{+path}",
2026-07-26T09:05:41.3359085Z                 "contributors_url": "https://api.github.com/repos/pkinerd/ednsv/contributors",
2026-07-26T09:05:41.3359567Z                 "created_at": "2026-03-30T21:24:40Z",
2026-07-26T09:05:41.3359893Z                 "default_branch": "main",
2026-07-26T09:05:41.3360211Z                 "delete_branch_on_merge": false,
2026-07-26T09:05:41.3360680Z                 "deployments_url": "https://api.github.com/repos/pkinerd/ednsv/deployments",
2026-07-26T09:05:41.3361283Z                 "description": null,
2026-07-26T09:05:41.3361608Z                 "disabled": false,
2026-07-26T09:05:41.3362014Z                 "downloads_url": "https://api.github.com/repos/pkinerd/ednsv/downloads",
2026-07-26T09:05:41.3362557Z                 "events_url": "https://api.github.com/repos/pkinerd/ednsv/events",
2026-07-26T09:05:41.3362973Z                 "fork": false,
2026-07-26T09:05:41.3363248Z                 "forks": 0,
2026-07-26T09:05:41.3363519Z                 "forks_count": 0,
2026-07-26T09:05:41.3363897Z                 "forks_url": "https://api.github.com/repos/pkinerd/ednsv/forks",
2026-07-26T09:05:41.3364334Z                 "full_name": "pkinerd/ednsv",
2026-07-26T09:05:41.3364795Z                 "git_commits_url": "https://api.github.com/repos/pkinerd/ednsv/git/commits{/sha}",
2026-07-26T09:05:41.3365400Z                 "git_refs_url": "https://api.github.com/repos/pkinerd/ednsv/git/refs{/sha}",
2026-07-26T09:05:41.3365986Z                 "git_tags_url": "https://api.github.com/repos/pkinerd/ednsv/git/tags{/sha}",
2026-07-26T09:05:41.3366488Z                 "git_url": "git://github.com/pkinerd/ednsv.git",
2026-07-26T09:05:41.3366847Z                 "has_discussions": false,
2026-07-26T09:05:41.3367155Z                 "has_downloads": false,
2026-07-26T09:05:41.3367475Z                 "has_issues": true,
2026-07-26T09:05:41.3367765Z                 "has_pages": false,
2026-07-26T09:05:41.3368054Z                 "has_projects": true,
2026-07-26T09:05:41.3368354Z                 "has_pull_requests": true,
2026-07-26T09:05:41.3368656Z                 "has_wiki": true,
2026-07-26T09:05:41.3368937Z                 "homepage": null,
2026-07-26T09:05:41.3369314Z                 "hooks_url": "https://api.github.com/repos/pkinerd/ednsv/hooks",
2026-07-26T09:05:41.3369791Z                 "html_url": "https://github.com/pkinerd/ednsv",
2026-07-26T09:05:41.3370142Z                 "id": 1196602452,
2026-07-26T09:05:41.3370417Z                 "is_template": false,
2026-07-26T09:05:41.3370907Z                 "issue_comment_url": "https://api.github.com/repos/pkinerd/ednsv/issues/comments{/number}",
2026-07-26T09:05:41.3371911Z                 "issue_events_url": "https://api.github.com/repos/pkinerd/ednsv/issues/events{/number}",
2026-07-26T09:05:41.3372530Z                 "issues_url": "https://api.github.com/repos/pkinerd/ednsv/issues{/number}",
2026-07-26T09:05:41.3373082Z                 "keys_url": "https://api.github.com/repos/pkinerd/ednsv/keys{/key_id}",
2026-07-26T09:05:41.3373621Z                 "labels_url": "https://api.github.com/repos/pkinerd/ednsv/labels{/name}",
2026-07-26T09:05:41.3374587Z                 "language": "C#",
2026-07-26T09:05:41.3375183Z                 "languages_url": "https://api.github.com/repos/pkinerd/ednsv/languages",
2026-07-26T09:05:41.3375841Z                 "license": null,
2026-07-26T09:05:41.3376512Z                 "merge_commit_message": "PR_TITLE",
2026-07-26T09:05:41.3377066Z                 "merge_commit_title": "MERGE_MESSAGE",
2026-07-26T09:05:41.3377755Z                 "merges_url": "https://api.github.com/repos/pkinerd/ednsv/merges",
2026-07-26T09:05:41.3378656Z                 "milestones_url": "https://api.github.com/repos/pkinerd/ednsv/milestones{/number}",
2026-07-26T09:05:41.3379379Z                 "mirror_url": null,
2026-07-26T09:05:41.3379660Z                 "name": "ednsv",
2026-07-26T09:05:41.3379952Z                 "node_id": "R_kgDOR1K0VA",
2026-07-26T09:05:41.3380588Z                 "notifications_url": "https://api.github.com/repos/pkinerd/ednsv/notifications{?since,all,participating}",
2026-07-26T09:05:41.3381407Z                 "open_issues": 1,
2026-07-26T09:05:41.3381689Z                 "open_issues_count": 1,
2026-07-26T09:05:41.3381986Z                 "owner": {
2026-07-26T09:05:41.3382349Z                   "avatar_url": "https://avatars.githubusercontent.com/u/169779439?v=4",
2026-07-26T09:05:41.3382887Z                   "events_url": "https://api.github.com/users/pkinerd/events{/privacy}",
2026-07-26T09:05:41.3383403Z                   "followers_url": "https://api.github.com/users/pkinerd/followers",
2026-07-26T09:05:41.3383946Z                   "following_url": "https://api.github.com/users/pkinerd/following{/other_user}",
2026-07-26T09:05:41.3384603Z                   "gists_url": "https://api.github.com/users/pkinerd/gists{/gist_id}",
2026-07-26T09:05:41.3385259Z                   "gravatar_id": "",
2026-07-26T09:05:41.3385647Z                   "html_url": "https://github.com/pkinerd",
2026-07-26T09:05:41.3385999Z                   "id": 169779439,
2026-07-26T09:05:41.3386393Z                   "login": "pkinerd",
2026-07-26T09:05:41.3386736Z                   "node_id": "U_kgDOCh6g7w",
2026-07-26T09:05:41.3387193Z                   "organizations_url": "https://api.github.com/users/pkinerd/orgs",
2026-07-26T09:05:41.3387853Z                   "received_events_url": "https://api.github.com/users/pkinerd/received_events",
2026-07-26T09:05:41.3388346Z                   "repos_url": "https://api.github.com/users/pkinerd/repos",
2026-07-26T09:05:41.3388711Z                   "site_admin": false,
2026-07-26T09:05:41.3389106Z                   "starred_url": "https://api.github.com/users/pkinerd/starred{/owner}{/repo}",
2026-07-26T09:05:41.3389639Z                   "subscriptions_url": "https://api.github.com/users/pkinerd/subscriptions",
2026-07-26T09:05:41.3390042Z                   "type": "User",
2026-07-26T09:05:41.3390336Z                   "url": "https://api.github.com/users/pkinerd",
2026-07-26T09:05:41.3390665Z                   "user_view_type": "public"
2026-07-26T09:05:41.3390926Z                 },
2026-07-26T09:05:41.3391354Z                 "private": false,
2026-07-26T09:05:41.3391711Z                 "pull_request_creation_policy": "all",
2026-07-26T09:05:41.3392126Z                 "pulls_url": "https://api.github.com/repos/pkinerd/ednsv/pulls{/number}",
2026-07-26T09:05:41.3392548Z                 "pushed_at": "2026-07-26T09:04:23Z",
2026-07-26T09:05:41.3392964Z                 "releases_url": "https://api.github.com/repos/pkinerd/ednsv/releases{/id}",
2026-07-26T09:05:41.3393374Z                 "size": 36094,
2026-07-26T09:05:41.3393675Z                 "squash_merge_commit_message": "COMMIT_MESSAGES",
2026-07-26T09:05:41.3394052Z                 "squash_merge_commit_title": "COMMIT_OR_PR_TITLE",
2026-07-26T09:05:41.3394412Z                 "ssh_url": "git@github.com:pkinerd/ednsv.git",
2026-07-26T09:05:41.3394729Z                 "stargazers_count": 0,
2026-07-26T09:05:41.3395126Z                 "stargazers_url": "https://api.github.com/repos/pkinerd/ednsv/stargazers",
2026-07-26T09:05:41.3395641Z                 "statuses_url": "https://api.github.com/repos/pkinerd/ednsv/statuses/{sha}",
2026-07-26T09:05:41.3396433Z                 "subscribers_url": "https://api.github.com/repos/pkinerd/ednsv/subscribers",
2026-07-26T09:05:41.3397093Z                 "subscription_url": "https://api.github.com/repos/pkinerd/ednsv/subscription",
2026-07-26T09:05:41.3397571Z                 "svn_url": "https://github.com/pkinerd/ednsv",
2026-07-26T09:05:41.3397978Z                 "tags_url": "https://api.github.com/repos/pkinerd/ednsv/tags",
2026-07-26T09:05:41.3398434Z                 "teams_url": "https://api.github.com/repos/pkinerd/ednsv/teams",
2026-07-26T09:05:41.3398803Z                 "topics": [],
2026-07-26T09:05:41.3399167Z                 "trees_url": "https://api.github.com/repos/pkinerd/ednsv/git/trees{/sha}",
2026-07-26T09:05:41.3399582Z                 "updated_at": "2026-07-24T14:18:46Z",
2026-07-26T09:05:41.3399927Z                 "url": "https://api.github.com/repos/pkinerd/ednsv",
2026-07-26T09:05:41.3400297Z                 "use_squash_pr_title_as_default": false,
2026-07-26T09:05:41.3400602Z                 "visibility": "public",
2026-07-26T09:05:41.3400871Z                 "watchers": 0,
2026-07-26T09:05:41.3401291Z                 "watchers_count": 0,
2026-07-26T09:05:41.3401644Z                 "web_commit_signoff_required": false
2026-07-26T09:05:41.3401942Z               },
2026-07-26T09:05:41.3402207Z               "sha": "0907a58f50a6c98d23ae466ed31c3a0c15264622",
2026-07-26T09:05:41.3402520Z               "user": {
2026-07-26T09:05:41.3402874Z                 "avatar_url": "https://avatars.githubusercontent.com/u/169779439?v=4",
2026-07-26T09:05:41.3403369Z                 "events_url": "https://api.github.com/users/pkinerd/events{/privacy}",
2026-07-26T09:05:41.3403859Z                 "followers_url": "https://api.github.com/users/pkinerd/followers",
2026-07-26T09:05:41.3404379Z                 "following_url": "https://api.github.com/users/pkinerd/following{/other_user}",
2026-07-26T09:05:41.3404900Z                 "gists_url": "https://api.github.com/users/pkinerd/gists{/gist_id}",
2026-07-26T09:05:41.3405287Z                 "gravatar_id": "",
2026-07-26T09:05:41.3405586Z                 "html_url": "https://github.com/pkinerd",
2026-07-26T09:05:41.3405902Z                 "id": 169779439,
2026-07-26T09:05:41.3406162Z                 "login": "pkinerd",
2026-07-26T09:05:41.3406435Z                 "node_id": "U_kgDOCh6g7w",
2026-07-26T09:05:41.3407038Z                 "organizations_url": "https://api.github.com/users/pkinerd/orgs",
2026-07-26T09:05:41.3407621Z                 "received_events_url": "https://api.github.com/users/pkinerd/received_events",
2026-07-26T09:05:41.3408202Z                 "repos_url": "https://api.github.com/users/pkinerd/repos",
2026-07-26T09:05:41.3408617Z                 "site_admin": false,
2026-07-26T09:05:41.3409243Z                 "starred_url": "https://api.github.com/users/pkinerd/starred{/owner}{/repo}",
2026-07-26T09:05:41.3410116Z                 "subscriptions_url": "https://api.github.com/users/pkinerd/subscriptions",
2026-07-26T09:05:41.3410783Z                 "type": "User",
2026-07-26T09:05:41.3411395Z                 "url": "https://api.github.com/users/pkinerd",
2026-07-26T09:05:41.3411916Z                 "user_view_type": "public"
2026-07-26T09:05:41.3412339Z               }
2026-07-26T09:05:41.3412640Z             },
2026-07-26T09:05:41.3430821Z             "body": "Four defects in the same family — file writes that assume they are the\nonly writer, and a read that destroys data when it fails.\n\n1. Fixed temp-file paths. Six write sites built their scratch file as\n   \"<target>.tmp\": ConfigService (config.json, revision bodies, the\n   history index), AuthService (users.json) and DiskCacheService (the\n   eleven merge-saved cache files, domain-results.json). The rename is\n   atomic, but the scratch path is shared state — two writers (two\n   replicas on one mount, a CLI run alongside the web service) truncate\n   and interleave into it, after which one rename publishes the mixture\n   and the other throws FileNotFoundException because the temp has\n   already been moved away. In ConfigService and AuthService that\n   exception escapes a save request as a 500.\n\n   Adds AtomicFile, which writes through a per-write unique temp name,\n   removes its scratch file when a write fails, and sweeps orphans left\n   by a killed process. The sweep is age-gated so it cannot delete a\n   temp belonging to an in-flight write. Concurrent writers still race\n   to publish and the last rename wins — the callers already assume\n   that — but the target is now always exactly one writer's complete\n   payload.\n\n   DiskCacheService.Clear and the startup load sweep the new names as\n   well as the legacy fixed one.\n\n2. ConfigService.LoadOrSeed overwrote a live config on a transient read\n   error. Any failure to read or parse an existing config.json fell\n   through to the seed path, which writes to disk — so a momentary I/O\n   error or sharing violation silently replaced the operator's saved\n   settings with env-var defaults and recorded that as a revision. It\n   now throws ConfigUnreadableException and the web host fails closed\n   with a clear message. An empty file still seeds, since there is\n   nothing to lose.\n\n3. CacheManager.ClearAllAsync deleted the cache files without holding\n   the flusher's lock. A flush that had already sampled the in-memory\n   caches would finish writing them out after the delete, so an admin\n   cache-clear reported success and the stale entries reappeared on\n   disk. The delete now runs under the same semaphore as the flush.\n\n4. CacheManager.FlushAsync bypassed all serialisation when no\n   background flusher exists (CLI runs), leaving concurrent saves free\n   to interleave read-modify-write on each cache file. It now takes a\n   local lock.\n\nAdds AtomicFileTests and CacheManagerClearTests, and extends\nConfigServiceTests and DiskCacheClearTests. The two concurrency tests\nwere verified to fail against the old fixed-name implementation.\n\nCo-Authored-By: Claude Opus 5 <noreply@anthropic.com>\nClaude-Session: https://claude.ai/code/session_01611PR4pvQSGB1t9K3hNAwE",
2026-07-26T09:05:41.3446430Z             "changed_files": 49,
2026-07-26T09:05:41.3446832Z             "closed_at": null,
2026-07-26T09:05:41.3447225Z             "comments": 0,
2026-07-26T09:05:41.3447840Z             "comments_url": "https://api.github.com/repos/pkinerd/ednsv/issues/28/comments",
2026-07-26T09:05:41.3448519Z             "commits": 19,
2026-07-26T09:05:41.3449098Z             "commits_url": "https://api.github.com/repos/pkinerd/ednsv/pulls/28/commits",
2026-07-26T09:05:41.3449771Z             "created_at": "2026-07-26T02:03:41Z",
2026-07-26T09:05:41.3450224Z             "deletions": 811,
2026-07-26T09:05:41.3450758Z             "diff_url": "https://github.com/pkinerd/ednsv/pull/28.diff",
2026-07-26T09:05:41.3451455Z             "draft": false,
2026-07-26T09:05:41.3451798Z             "head": {
2026-07-26T09:05:41.3452259Z               "label": "pkinerd:claude/redis-dependency-removal-213elh",
2026-07-26T09:05:41.3452849Z               "ref": "claude/redis-dependency-removal-213elh",
2026-07-26T09:05:41.3453344Z               "repo": {
2026-07-26T09:05:41.3453696Z                 "allow_auto_merge": false,
2026-07-26T09:05:41.3454119Z                 "allow_forking": true,
2026-07-26T09:05:41.3454477Z                 "allow_merge_commit": true,
2026-07-26T09:05:41.3454775Z                 "allow_rebase_merge": true,
2026-07-26T09:05:41.3455054Z                 "allow_squash_merge": true,
2026-07-26T09:05:41.3455347Z                 "allow_update_branch": false,
2026-07-26T09:05:41.3455816Z                 "archive_url": "https://api.github.com/repos/pkinerd/ednsv/{archive_format}{/ref}",
2026-07-26T09:05:41.3456256Z                 "archived": false,
2026-07-26T09:05:41.3456662Z                 "assignees_url": "https://api.github.com/repos/pkinerd/ednsv/assignees{/user}",
2026-07-26T09:05:41.3457196Z                 "blobs_url": "https://api.github.com/repos/pkinerd/ednsv/git/blobs{/sha}",
2026-07-26T09:05:41.3457926Z                 "branches_url": "https://api.github.com/repos/pkinerd/ednsv/branches{/branch}",
2026-07-26T09:05:41.3458405Z                 "clone_url": "https://github.com/pkinerd/ednsv.git",
2026-07-26T09:05:41.3459150Z                 "collaborators_url": "https://api.github.com/repos/pkinerd/ednsv/collaborators{/collaborator}",
2026-07-26T09:05:41.3459759Z                 "comments_url": "https://api.github.com/repos/pkinerd/ednsv/comments{/number}",
2026-07-26T09:05:41.3460276Z                 "commits_url": "https://api.github.com/repos/pkinerd/ednsv/commits{/sha}",
2026-07-26T09:05:41.3460815Z                 "compare_url": "https://api.github.com/repos/pkinerd/ednsv/compare/{base}...{head}",
2026-07-26T09:05:41.3461601Z                 "contents_url": "https://api.github.com/repos/pkinerd/ednsv/contents/{+path}",
2026-07-26T09:05:41.3462151Z                 "contributors_url": "https://api.github.com/repos/pkinerd/ednsv/contributors",
2026-07-26T09:05:41.3462596Z                 "created_at": "2026-03-30T21:24:40Z",
2026-07-26T09:05:41.3462906Z                 "default_branch": "main",
2026-07-26T09:05:41.3463210Z                 "delete_branch_on_merge": false,
2026-07-26T09:05:41.3463648Z                 "deployments_url": "https://api.github.com/repos/pkinerd/ednsv/deployments",
2026-07-26T09:05:41.3464073Z                 "description": null,
2026-07-26T09:05:41.3464345Z                 "disabled": false,
2026-07-26T09:05:41.3464721Z                 "downloads_url": "https://api.github.com/repos/pkinerd/ednsv/downloads",
2026-07-26T09:05:41.3465225Z                 "events_url": "https://api.github.com/repos/pkinerd/ednsv/events",
2026-07-26T09:05:41.3465607Z                 "fork": false,
2026-07-26T09:05:41.3465859Z                 "forks": 0,
2026-07-26T09:05:41.3466099Z                 "forks_count": 0,
2026-07-26T09:05:41.3466445Z                 "forks_url": "https://api.github.com/repos/pkinerd/ednsv/forks",
2026-07-26T09:05:41.3466834Z                 "full_name": "pkinerd/ednsv",
2026-07-26T09:05:41.3467274Z                 "git_commits_url": "https://api.github.com/repos/pkinerd/ednsv/git/commits{/sha}",
2026-07-26T09:05:41.3467836Z                 "git_refs_url": "https://api.github.com/repos/pkinerd/ednsv/git/refs{/sha}",
2026-07-26T09:05:41.3468350Z                 "git_tags_url": "https://api.github.com/repos/pkinerd/ednsv/git/tags{/sha}",
2026-07-26T09:05:41.3468800Z                 "git_url": "git://github.com/pkinerd/ednsv.git",
2026-07-26T09:05:41.3469143Z                 "has_discussions": false,
2026-07-26T09:05:41.3469429Z                 "has_downloads": false,
2026-07-26T09:05:41.3469705Z                 "has_issues": true,
2026-07-26T09:05:41.3469965Z                 "has_pages": false,
2026-07-26T09:05:41.3470223Z                 "has_projects": true,
2026-07-26T09:05:41.3470502Z                 "has_pull_requests": true,
2026-07-26T09:05:41.3470775Z                 "has_wiki": true,
2026-07-26T09:05:41.3471034Z                 "homepage": null,
2026-07-26T09:05:41.3471587Z                 "hooks_url": "https://api.github.com/repos/pkinerd/ednsv/hooks",
2026-07-26T09:05:41.3472018Z                 "html_url": "https://github.com/pkinerd/ednsv",
2026-07-26T09:05:41.3472353Z                 "id": 1196602452,
2026-07-26T09:05:41.3472611Z                 "is_template": false,
2026-07-26T09:05:41.3473060Z                 "issue_comment_url": "https://api.github.com/repos/pkinerd/ednsv/issues/comments{/number}",
2026-07-26T09:05:41.3473687Z                 "issue_events_url": "https://api.github.com/repos/pkinerd/ednsv/issues/events{/number}",
2026-07-26T09:05:41.3474249Z                 "issues_url": "https://api.github.com/repos/pkinerd/ednsv/issues{/number}",
2026-07-26T09:05:41.3474757Z                 "keys_url": "https://api.github.com/repos/pkinerd/ednsv/keys{/key_id}",
2026-07-26T09:05:41.3475260Z                 "labels_url": "https://api.github.com/repos/pkinerd/ednsv/labels{/name}",
2026-07-26T09:05:41.3475805Z                 "language": "C#",
2026-07-26T09:05:41.3476169Z                 "languages_url": "https://api.github.com/repos/pkinerd/ednsv/languages",
2026-07-26T09:05:41.3476557Z                 "license": null,
2026-07-26T09:05:41.3476836Z                 "merge_commit_message": "PR_TITLE",
2026-07-26T09:05:41.3477284Z                 "merge_commit_title": "MERGE_MESSAGE",
2026-07-26T09:05:41.3477678Z                 "merges_url": "https://api.github.com/repos/pkinerd/ednsv/merges",
2026-07-26T09:05:41.3478200Z                 "milestones_url": "https://api.github.com/repos/pkinerd/ednsv/milestones{/number}",
2026-07-26T09:05:41.3478634Z                 "mirror_url": null,
2026-07-26T09:05:41.3478895Z                 "name": "ednsv",
2026-07-26T09:05:41.3479150Z                 "node_id": "R_kgDOR1K0VA",
2026-07-26T09:05:41.3479671Z                 "notifications_url": "https://api.github.com/repos/pkinerd/ednsv/notifications{?since,all,participating}",
2026-07-26T09:05:41.3480188Z                 "open_issues": 1,
2026-07-26T09:05:41.3480453Z                 "open_issues_count": 1,
2026-07-26T09:05:41.3480753Z                 "owner": {
2026-07-26T09:05:41.3481271Z                   "avatar_url": "https://avatars.githubusercontent.com/u/169779439?v=4",
2026-07-26T09:05:41.3481783Z                   "events_url": "https://api.github.com/users/pkinerd/events{/privacy}",
2026-07-26T09:05:41.3482261Z                   "followers_url": "https://api.github.com/users/pkinerd/followers",
2026-07-26T09:05:41.3482776Z                   "following_url": "https://api.github.com/users/pkinerd/following{/other_user}",
2026-07-26T09:05:41.3483303Z                   "gists_url": "https://api.github.com/users/pkinerd/gists{/gist_id}",
2026-07-26T09:05:41.3483682Z                   "gravatar_id": "",
2026-07-26T09:05:41.3483990Z                   "html_url": "https://github.com/pkinerd",
2026-07-26T09:05:41.3484301Z                   "id": 169779439,
2026-07-26T09:05:41.3484561Z                   "login": "pkinerd",
2026-07-26T09:05:41.3484845Z                   "node_id": "U_kgDOCh6g7w",
2026-07-26T09:05:41.3485227Z                   "organizations_url": "https://api.github.com/users/pkinerd/orgs",
2026-07-26T09:05:41.3485753Z                   "received_events_url": "https://api.github.com/users/pkinerd/received_events",
2026-07-26T09:05:41.3486243Z                   "repos_url": "https://api.github.com/users/pkinerd/repos",
2026-07-26T09:05:41.3486601Z                   "site_admin": false,
2026-07-26T09:05:41.3486997Z                   "starred_url": "https://api.github.com/users/pkinerd/starred{/owner}{/repo}",
2026-07-26T09:05:41.3487533Z                   "subscriptions_url": "https://api.github.com/users/pkinerd/subscriptions",
2026-07-26T09:05:41.3487942Z                   "type": "User",
2026-07-26T09:05:41.3488238Z                   "url": "https://api.github.com/users/pkinerd",
2026-07-26T09:05:41.3488572Z                   "user_view_type": "public"
2026-07-26T09:05:41.3488840Z                 },
2026-07-26T09:05:41.3489064Z                 "private": false,
2026-07-26T09:05:41.3489344Z                 "pull_request_creation_policy": "all",
2026-07-26T09:05:41.3489751Z                 "pulls_url": "https://api.github.com/repos/pkinerd/ednsv/pulls{/number}",
2026-07-26T09:05:41.3490170Z                 "pushed_at": "2026-07-26T09:04:23Z",
2026-07-26T09:05:41.3490586Z                 "releases_url": "https://api.github.com/repos/pkinerd/ednsv/releases{/id}",
2026-07-26T09:05:41.3490986Z                 "size": 36094,
2026-07-26T09:05:41.3491532Z                 "squash_merge_commit_message": "COMMIT_MESSAGES",
2026-07-26T09:05:41.3492098Z                 "squash_merge_commit_title": "COMMIT_OR_PR_TITLE",
2026-07-26T09:05:41.3492473Z                 "ssh_url": "git@github.com:pkinerd/ednsv.git",
2026-07-26T09:05:41.3492809Z                 "stargazers_count": 0,
2026-07-26T09:05:41.3493204Z                 "stargazers_url": "https://api.github.com/repos/pkinerd/ednsv/stargazers",
2026-07-26T09:05:41.3493723Z                 "statuses_url": "https://api.github.com/repos/pkinerd/ednsv/statuses/{sha}",
2026-07-26T09:05:41.3494402Z                 "subscribers_url": "https://api.github.com/repos/pkinerd/ednsv/subscribers",
2026-07-26T09:05:41.3495056Z                 "subscription_url": "https://api.github.com/repos/pkinerd/ednsv/subscription",
2026-07-26T09:05:41.3495517Z                 "svn_url": "https://github.com/pkinerd/ednsv",
2026-07-26T09:05:41.3496119Z                 "tags_url": "https://api.github.com/repos/pkinerd/ednsv/tags",
2026-07-26T09:05:41.3496695Z                 "teams_url": "https://api.github.com/repos/pkinerd/ednsv/teams",
2026-07-26T09:05:41.3497274Z                 "topics": [],
2026-07-26T09:05:41.3497799Z                 "trees_url": "https://api.github.com/repos/pkinerd/ednsv/git/trees{/sha}",
2026-07-26T09:05:41.3498321Z                 "updated_at": "2026-07-24T14:18:46Z",
2026-07-26T09:05:41.3498875Z                 "url": "https://api.github.com/repos/pkinerd/ednsv",
2026-07-26T09:05:41.3516382Z                 "use_squash_pr_title_as_default": false,
2026-07-26T09:05:41.3516841Z                 "visibility": "public",
2026-07-26T09:05:41.3517135Z                 "watchers": 0,
2026-07-26T09:05:41.3517394Z                 "watchers_count": 0,
2026-07-26T09:05:41.3517704Z                 "web_commit_signoff_required": false
2026-07-26T09:05:41.3518015Z               },
2026-07-26T09:05:41.3518292Z               "sha": "e12ef815880932465da07cc6cbbc4673a918d3cd",
2026-07-26T09:05:41.3518616Z               "user": {
2026-07-26T09:05:41.3518980Z                 "avatar_url": "https://avatars.githubusercontent.com/u/169779439?v=4",
2026-07-26T09:05:41.3519506Z                 "events_url": "https://api.github.com/users/pkinerd/events{/privacy}",
2026-07-26T09:05:41.3520002Z                 "followers_url": "https://api.github.com/users/pkinerd/followers",
2026-07-26T09:05:41.3520522Z                 "following_url": "https://api.github.com/users/pkinerd/following{/other_user}",
2026-07-26T09:05:41.3521055Z                 "gists_url": "https://api.github.com/users/pkinerd/gists{/gist_id}",
2026-07-26T09:05:41.3521724Z                 "gravatar_id": "",
2026-07-26T09:05:41.3522032Z                 "html_url": "https://github.com/pkinerd",
2026-07-26T09:05:41.3522346Z                 "id": 169779439,
2026-07-26T09:05:41.3522610Z                 "login": "pkinerd",
2026-07-26T09:05:41.3522885Z                 "node_id": "U_kgDOCh6g7w",
2026-07-26T09:05:41.3523270Z                 "organizations_url": "https://api.github.com/users/pkinerd/orgs",
2026-07-26T09:05:41.3523791Z                 "received_events_url": "https://api.github.com/users/pkinerd/received_events",
2026-07-26T09:05:41.3524276Z                 "repos_url": "https://api.github.com/users/pkinerd/repos",
2026-07-26T09:05:41.3524634Z                 "site_admin": false,
2026-07-26T09:05:41.3525035Z                 "starred_url": "https://api.github.com/users/pkinerd/starred{/owner}{/repo}",
2026-07-26T09:05:41.3525591Z                 "subscriptions_url": "https://api.github.com/users/pkinerd/subscriptions",
2026-07-26T09:05:41.3526011Z                 "type": "User",
2026-07-26T09:05:41.3526307Z                 "url": "https://api.github.com/users/pkinerd",
2026-07-26T09:05:41.3526644Z                 "user_view_type": "public"
2026-07-26T09:05:41.3526919Z               }
2026-07-26T09:05:41.3527133Z             },
2026-07-26T09:05:41.3527408Z             "html_url": "https://github.com/pkinerd/ednsv/pull/28",
2026-07-26T09:05:41.3527754Z             "id": 4134707627,
2026-07-26T09:05:41.3528102Z             "issue_url": "https://api.github.com/repos/pkinerd/ednsv/issues/28",
2026-07-26T09:05:41.3528487Z             "labels": [],
2026-07-26T09:05:41.3528729Z             "locked": false,
2026-07-26T09:05:41.3528999Z             "maintainer_can_modify": false,
2026-07-26T09:05:41.3529366Z             "merge_commit_sha": "b37beee0661aceb8d243a8052c75579dcd4119a3",
2026-07-26T09:05:41.3529746Z             "mergeable": null,
2026-07-26T09:05:41.3530006Z             "mergeable_state": "unknown",
2026-07-26T09:05:41.3530499Z             "merged": false,
2026-07-26T09:05:41.3530735Z             "merged_at": null,
2026-07-26T09:05:41.3530974Z             "merged_by": null,
2026-07-26T09:05:41.3531433Z             "milestone": null,
2026-07-26T09:05:41.3531829Z             "node_id": "PR_kwDOR1K0VM72cqGr",
2026-07-26T09:05:41.3532116Z             "number": 28,
2026-07-26T09:05:41.3532434Z             "patch_url": "https://github.com/pkinerd/ednsv/pull/28.patch",
2026-07-26T09:05:41.3532800Z             "rebaseable": null,
2026-07-26T09:05:41.3533062Z             "requested_reviewers": [],
2026-07-26T09:05:41.3533336Z             "requested_teams": [],
2026-07-26T09:05:41.3533784Z             "review_comment_url": "https://api.github.com/repos/pkinerd/ednsv/pulls/comments{/number}",
2026-07-26T09:05:41.3534244Z             "review_comments": 0,
2026-07-26T09:05:41.3534650Z             "review_comments_url": "https://api.github.com/repos/pkinerd/ednsv/pulls/28/comments",
2026-07-26T09:05:41.3535109Z             "state": "open",
2026-07-26T09:05:41.3535609Z             "statuses_url": "https://api.github.com/repos/pkinerd/ednsv/statuses/e12ef815880932465da07cc6cbbc4673a918d3cd",
2026-07-26T09:05:41.3536275Z             "title": "Fix unguarded concurrent file access in config, auth and disk cache",
2026-07-26T09:05:41.3536709Z             "updated_at": "2026-07-26T09:04:24Z",
2026-07-26T09:05:41.3537080Z             "url": "https://api.github.com/repos/pkinerd/ednsv/pulls/28",
2026-07-26T09:05:41.3537434Z             "user": {
2026-07-26T09:05:41.3537780Z               "avatar_url": "https://avatars.githubusercontent.com/u/169779439?v=4",
2026-07-26T09:05:41.3538264Z               "events_url": "https://api.github.com/users/pkinerd/events{/privacy}",
2026-07-26T09:05:41.3538742Z               "followers_url": "https://api.github.com/users/pkinerd/followers",
2026-07-26T09:05:41.3539248Z               "following_url": "https://api.github.com/users/pkinerd/following{/other_user}",
2026-07-26T09:05:41.3539758Z               "gists_url": "https://api.github.com/users/pkinerd/gists{/gist_id}",
2026-07-26T09:05:41.3540136Z               "gravatar_id": "",
2026-07-26T09:05:41.3540425Z               "html_url": "https://github.com/pkinerd",
2026-07-26T09:05:41.3540735Z               "id": 169779439,
2026-07-26T09:05:41.3540983Z               "login": "pkinerd",
2026-07-26T09:05:41.3541467Z               "node_id": "U_kgDOCh6g7w",
2026-07-26T09:05:41.3541844Z               "organizations_url": "https://api.github.com/users/pkinerd/orgs",
2026-07-26T09:05:41.3542363Z               "received_events_url": "https://api.github.com/users/pkinerd/received_events",
2026-07-26T09:05:41.3542839Z               "repos_url": "https://api.github.com/users/pkinerd/repos",
2026-07-26T09:05:41.3543185Z               "site_admin": false,
2026-07-26T09:05:41.3543563Z               "starred_url": "https://api.github.com/users/pkinerd/starred{/owner}{/repo}",
2026-07-26T09:05:41.3544084Z               "subscriptions_url": "https://api.github.com/users/pkinerd/subscriptions",
2026-07-26T09:05:41.3544494Z               "type": "User",
2026-07-26T09:05:41.3544783Z               "url": "https://api.github.com/users/pkinerd",
2026-07-26T09:05:41.3545098Z               "user_view_type": "public"
2026-07-26T09:05:41.3545366Z             }
2026-07-26T09:05:41.3545562Z           },
2026-07-26T09:05:41.3545769Z           "repository": {
2026-07-26T09:05:41.3546006Z             "allow_forking": true,
2026-07-26T09:05:41.3546402Z             "archive_url": "https://api.github.com/repos/pkinerd/ednsv/{archive_format}{/ref}",
2026-07-26T09:05:41.3546819Z             "archived": false,
2026-07-26T09:05:41.3547184Z             "assignees_url": "https://api.github.com/repos/pkinerd/ednsv/assignees{/user}",
2026-07-26T09:05:41.3547691Z             "blobs_url": "https://api.github.com/repos/pkinerd/ednsv/git/blobs{/sha}",
2026-07-26T09:05:41.3548210Z             "branches_url": "https://api.github.com/repos/pkinerd/ednsv/branches{/branch}",
2026-07-26T09:05:41.3548834Z             "clone_url": "https://github.com/pkinerd/ednsv.git",
2026-07-26T09:05:41.3549461Z             "collaborators_url": "https://api.github.com/repos/pkinerd/ednsv/collaborators{/collaborator}",
2026-07-26T09:05:41.3550339Z             "comments_url": "https://api.github.com/repos/pkinerd/ednsv/comments{/number}",
2026-07-26T09:05:41.3550876Z             "commits_url": "https://api.github.com/repos/pkinerd/ednsv/commits{/sha}",
2026-07-26T09:05:41.3551607Z             "compare_url": "https://api.github.com/repos/pkinerd/ednsv/compare/{base}...{head}",
2026-07-26T09:05:41.3552157Z             "contents_url": "https://api.github.com/repos/pkinerd/ednsv/contents/{+path}",
2026-07-26T09:05:41.3552694Z             "contributors_url": "https://api.github.com/repos/pkinerd/ednsv/contributors",
2026-07-26T09:05:41.3553111Z             "created_at": "2026-03-30T21:24:40Z",
2026-07-26T09:05:41.3553407Z             "default_branch": "main",
2026-07-26T09:05:41.3553794Z             "deployments_url": "https://api.github.com/repos/pkinerd/ednsv/deployments",
2026-07-26T09:05:41.3554214Z             "description": null,
2026-07-26T09:05:41.3554467Z             "disabled": false,
2026-07-26T09:05:41.3554837Z             "downloads_url": "https://api.github.com/repos/pkinerd/ednsv/downloads",
2026-07-26T09:05:41.3555331Z             "events_url": "https://api.github.com/repos/pkinerd/ednsv/events",
2026-07-26T09:05:41.3555695Z             "fork": false,
2026-07-26T09:05:41.3555929Z             "forks": 0,
2026-07-26T09:05:41.3556159Z             "forks_count": 0,
2026-07-26T09:05:41.3556487Z             "forks_url": "https://api.github.com/repos/pkinerd/ednsv/forks",
2026-07-26T09:05:41.3556861Z             "full_name": "pkinerd/ednsv",
2026-07-26T09:05:41.3557283Z             "git_commits_url": "https://api.github.com/repos/pkinerd/ednsv/git/commits{/sha}",
2026-07-26T09:05:41.3557820Z             "git_refs_url": "https://api.github.com/repos/pkinerd/ednsv/git/refs{/sha}",
2026-07-26T09:05:41.3558324Z             "git_tags_url": "https://api.github.com/repos/pkinerd/ednsv/git/tags{/sha}",
2026-07-26T09:05:41.3558754Z             "git_url": "git://github.com/pkinerd/ednsv.git",
2026-07-26T09:05:41.3559077Z             "has_discussions": false,
2026-07-26T09:05:41.3559359Z             "has_downloads": false,
2026-07-26T09:05:41.3559623Z             "has_issues": true,
2026-07-26T09:05:41.3559868Z             "has_pages": false,
2026-07-26T09:05:41.3560114Z             "has_projects": true,
2026-07-26T09:05:41.3560379Z             "has_pull_requests": true,
2026-07-26T09:05:41.3560646Z             "has_wiki": true,
2026-07-26T09:05:41.3560886Z             "homepage": null,
2026-07-26T09:05:41.3561595Z             "hooks_url": "https://api.github.com/repos/pkinerd/ednsv/hooks",
2026-07-26T09:05:41.3562007Z             "html_url": "https://github.com/pkinerd/ednsv",
2026-07-26T09:05:41.3562316Z             "id": 1196602452,
2026-07-26T09:05:41.3562554Z             "is_template": false,
2026-07-26T09:05:41.3562984Z             "issue_comment_url": "https://api.github.com/repos/pkinerd/ednsv/issues/comments{/number}",
2026-07-26T09:05:41.3563591Z             "issue_events_url": "https://api.github.com/repos/pkinerd/ednsv/issues/events{/number}",
2026-07-26T09:05:41.3564141Z             "issues_url": "https://api.github.com/repos/pkinerd/ednsv/issues{/number}",
2026-07-26T09:05:41.3564636Z             "keys_url": "https://api.github.com/repos/pkinerd/ednsv/keys{/key_id}",
2026-07-26T09:05:41.3565120Z             "labels_url": "https://api.github.com/repos/pkinerd/ednsv/labels{/name}",
2026-07-26T09:05:41.3565497Z             "language": "C#",
2026-07-26T09:05:41.3565838Z             "languages_url": "https://api.github.com/repos/pkinerd/ednsv/languages",
2026-07-26T09:05:41.3566215Z             "license": null,
2026-07-26T09:05:41.3566544Z             "merges_url": "https://api.github.com/repos/pkinerd/ednsv/merges",
2026-07-26T09:05:41.3567049Z             "milestones_url": "https://api.github.com/repos/pkinerd/ednsv/milestones{/number}",
2026-07-26T09:05:41.3567621Z             "mirror_url": null,
2026-07-26T09:05:41.3567863Z             "name": "ednsv",
2026-07-26T09:05:41.3568108Z             "node_id": "R_kgDOR1K0VA",
2026-07-26T09:05:41.3568730Z             "notifications_url": "https://api.github.com/repos/pkinerd/ednsv/notifications{?since,all,participating}",
2026-07-26T09:05:41.3569255Z             "open_issues": 1,
2026-07-26T09:05:41.3569508Z             "open_issues_count": 1,
2026-07-26T09:05:41.3569764Z             "owner": {
2026-07-26T09:05:41.3570106Z               "avatar_url": "https://avatars.githubusercontent.com/u/169779439?v=4",
2026-07-26T09:05:41.3570602Z               "events_url": "https://api.github.com/users/pkinerd/events{/privacy}",
2026-07-26T09:05:41.3571074Z               "followers_url": "https://api.github.com/users/pkinerd/followers",
2026-07-26T09:05:41.3571828Z               "following_url": "https://api.github.com/users/pkinerd/following{/other_user}",
2026-07-26T09:05:41.3572346Z               "gists_url": "https://api.github.com/users/pkinerd/gists{/gist_id}",
2026-07-26T09:05:41.3572720Z               "gravatar_id": "",
2026-07-26T09:05:41.3573008Z               "html_url": "https://github.com/pkinerd",
2026-07-26T09:05:41.3573314Z               "id": 169779439,
2026-07-26T09:05:41.3573561Z               "login": "pkinerd",
2026-07-26T09:05:41.3573822Z               "node_id": "U_kgDOCh6g7w",
2026-07-26T09:05:41.3574192Z               "organizations_url": "https://api.github.com/users/pkinerd/orgs",
2026-07-26T09:05:41.3574696Z               "received_events_url": "https://api.github.com/users/pkinerd/received_events",
2026-07-26T09:05:41.3575172Z               "repos_url": "https://api.github.com/users/pkinerd/repos",
2026-07-26T09:05:41.3575523Z               "site_admin": false,
2026-07-26T09:05:41.3575905Z               "starred_url": "https://api.github.com/users/pkinerd/starred{/owner}{/repo}",
2026-07-26T09:05:41.3576432Z               "subscriptions_url": "https://api.github.com/users/pkinerd/subscriptions",
2026-07-26T09:05:41.3576833Z               "type": "User",
2026-07-26T09:05:41.3577118Z               "url": "https://api.github.com/users/pkinerd",
2026-07-26T09:05:41.3577440Z               "user_view_type": "public"
2026-07-26T09:05:41.3577707Z             },
2026-07-26T09:05:41.3577913Z             "private": false,
2026-07-26T09:05:41.3578178Z             "pull_request_creation_policy": "all",
2026-07-26T09:05:41.3578585Z             "pulls_url": "https://api.github.com/repos/pkinerd/ednsv/pulls{/number}",
2026-07-26T09:05:41.3578984Z             "pushed_at": "2026-07-26T09:04:23Z",
2026-07-26T09:05:41.3579380Z             "releases_url": "https://api.github.com/repos/pkinerd/ednsv/releases{/id}",
2026-07-26T09:05:41.3579766Z             "size": 36094,
2026-07-26T09:05:41.3580033Z             "ssh_url": "git@github.com:pkinerd/ednsv.git",
2026-07-26T09:05:41.3580348Z             "stargazers_count": 0,
2026-07-26T09:05:41.3580847Z             "stargazers_url": "https://api.github.com/repos/pkinerd/ednsv/stargazers",
2026-07-26T09:05:41.3581648Z             "statuses_url": "https://api.github.com/repos/pkinerd/ednsv/statuses/{sha}",
2026-07-26T09:05:41.3582183Z             "subscribers_url": "https://api.github.com/repos/pkinerd/ednsv/subscribers",
2026-07-26T09:05:41.3582710Z             "subscription_url": "https://api.github.com/repos/pkinerd/ednsv/subscription",
2026-07-26T09:05:41.3583164Z             "svn_url": "https://github.com/pkinerd/ednsv",
2026-07-26T09:05:41.3583545Z             "tags_url": "https://api.github.com/repos/pkinerd/ednsv/tags",
2026-07-26T09:05:41.3583989Z             "teams_url": "https://api.github.com/repos/pkinerd/ednsv/teams",
2026-07-26T09:05:41.3584345Z             "topics": [],
2026-07-26T09:05:41.3584684Z             "trees_url": "https://api.github.com/repos/pkinerd/ednsv/git/trees{/sha}",
2026-07-26T09:05:41.3585081Z             "updated_at": "2026-07-24T14:18:46Z",
2026-07-26T09:05:41.3585418Z             "url": "https://api.github.com/repos/pkinerd/ednsv",
2026-07-26T09:05:41.3585910Z             "visibility": "public",
2026-07-26T09:05:41.3586168Z             "watchers": 0,
2026-07-26T09:05:41.3586413Z             "watchers_count": 0,
2026-07-26T09:05:41.3586800Z             "web_commit_signoff_required": false
2026-07-26T09:05:41.3587087Z           },
2026-07-26T09:05:41.3587284Z           "sender": {
2026-07-26T09:05:41.3587622Z             "avatar_url": "https://avatars.githubusercontent.com/u/169779439?v=4",
2026-07-26T09:05:41.3588108Z             "events_url": "https://api.github.com/users/pkinerd/events{/privacy}",
2026-07-26T09:05:41.3588574Z             "followers_url": "https://api.github.com/users/pkinerd/followers",
2026-07-26T09:05:41.3589078Z             "following_url": "https://api.github.com/users/pkinerd/following{/other_user}",
2026-07-26T09:05:41.3589579Z             "gists_url": "https://api.github.com/users/pkinerd/gists{/gist_id}",
2026-07-26T09:05:41.3589949Z             "gravatar_id": "",
2026-07-26T09:05:41.3590240Z             "html_url": "https://github.com/pkinerd",
2026-07-26T09:05:41.3590536Z             "id": 169779439,
2026-07-26T09:05:41.3590777Z             "login": "pkinerd",
2026-07-26T09:05:41.3591033Z             "node_id": "U_kgDOCh6g7w",
2026-07-26T09:05:41.3591644Z             "organizations_url": "https://api.github.com/users/pkinerd/orgs",
2026-07-26T09:05:41.3592151Z             "received_events_url": "https://api.github.com/users/pkinerd/received_events",
2026-07-26T09:05:41.3592652Z             "repos_url": "https://api.github.com/users/pkinerd/repos",
2026-07-26T09:05:41.3593014Z             "site_admin": false,
2026-07-26T09:05:41.3593405Z             "starred_url": "https://api.github.com/users/pkinerd/starred{/owner}{/repo}",
2026-07-26T09:05:41.3593939Z             "subscriptions_url": "https://api.github.com/users/pkinerd/subscriptions",
2026-07-26T09:05:41.3594347Z             "type": "User",
2026-07-26T09:05:41.3594636Z             "url": "https://api.github.com/users/pkinerd",
2026-07-26T09:05:41.3594970Z             "user_view_type": "public"
2026-07-26T09:05:41.3595235Z           }
2026-07-26T09:05:41.3595436Z         },
2026-07-26T09:05:41.3595655Z         "github_job": "docker",
2026-07-26T09:05:41.3595924Z         "github_ref": "refs/pull/28/merge",
2026-07-26T09:05:41.3596222Z         "github_ref_name": "28/merge",
2026-07-26T09:05:41.3596501Z         "github_ref_protected": "false",
2026-07-26T09:05:41.3596786Z         "github_ref_type": "branch",
2026-07-26T09:05:41.3597079Z         "github_repository": "pkinerd/ednsv",
2026-07-26T09:05:41.3597386Z         "github_repository_id": "1196602452",
2026-07-26T09:05:41.3597676Z         "github_repository_owner": "pkinerd",
2026-07-26T09:05:41.3597980Z         "github_repository_owner_id": "169779439",
2026-07-26T09:05:41.3598289Z         "github_run_attempt": "1",
2026-07-26T09:05:41.3598556Z         "github_run_id": "30195788649",
2026-07-26T09:05:41.3598839Z         "github_run_number": "216",
2026-07-26T09:05:41.3599107Z         "github_runner_arch": "X64",
2026-07-26T09:05:41.3599411Z         "github_runner_environment": "github-hosted",
2026-07-26T09:05:41.3599726Z         "github_runner_image_os": "ubuntu24",
2026-07-26T09:05:41.3600037Z         "github_runner_image_version": "20260720.247.2",
2026-07-26T09:05:41.3600382Z         "github_runner_name": "GitHub Actions 1000002173",
2026-07-26T09:05:41.3600695Z         "github_runner_os": "Linux",
2026-07-26T09:05:41.3601071Z         "github_runner_tracking_id": "github_d80b77af-fd9f-4489-8e33-3a3c364c3a7d",
2026-07-26T09:05:41.3601697Z         "github_server_url": "https://github.com",
2026-07-26T09:05:41.3602022Z         "github_triggering_actor": "pkinerd",
2026-07-26T09:05:41.3602316Z         "github_workflow": "CI",
2026-07-26T09:05:41.3602724Z         "github_workflow_ref": "pkinerd/ednsv/.github/workflows/ci.yml@refs/pull/28/merge",
2026-07-26T09:05:41.3603231Z         "github_workflow_sha": "e03e2f5eef477cf6c7c8974a0d5ac5329f0afb28",
2026-07-26T09:05:41.3603806Z         "platform": "linux/amd64"
2026-07-26T09:05:41.3604055Z       }
2026-07-26T09:05:41.3604239Z     }
2026-07-26T09:05:41.3604420Z   },
2026-07-26T09:05:41.3605090Z   "buildx.build.ref": "builder-8081a03d-6237-40f9-a37b-9b9679edc0a5/builder-8081a03d-6237-40f9-a37b-9b9679edc0a50/24h6uuj0eu901wo5nuv67f1vr",
2026-07-26T09:05:41.3605728Z   "containerimage.descriptor": {
2026-07-26T09:05:41.3606059Z     "mediaType": "application/vnd.oci.image.index.v1+json",
2026-07-26T09:05:41.3606538Z     "digest": "sha256:01f3c172a47a25b807168f968731e86fbe0f2f8b3f35ae01f95a6712bf053a12",
2026-07-26T09:05:41.3606951Z     "size": 856
2026-07-26T09:05:41.3607151Z   },
2026-07-26T09:05:41.3607551Z   "containerimage.digest": "sha256:01f3c172a47a25b807168f968731e86fbe0f2f8b3f35ae01f95a6712bf053a12",
2026-07-26T09:05:41.3608260Z   "image.name": "ghcr.io/pkinerd/ednsv:pr-28,ghcr.io/pkinerd/ednsv:latest-any,ghcr.io/pkinerd/ednsv:sha-e03e2f5"
2026-07-26T09:05:41.3608743Z }
2026-07-26T09:05:41.3609221Z ##[endgroup]
2026-07-26T09:05:41.3609583Z ##[group]Reference
2026-07-26T09:05:41.3610077Z builder-8081a03d-6237-40f9-a37b-9b9679edc0a5/builder-8081a03d-6237-40f9-a37b-9b9679edc0a50/24h6uuj0eu901wo5nuv67f1vr
2026-07-26T09:05:41.3610853Z ##[endgroup]
2026-07-26T09:05:41.3611368Z ##[group]Check build summary support
2026-07-26T09:05:41.3611818Z Build summary supported!
2026-07-26T09:05:41.3612175Z ##[endgroup]
2026-07-26T09:05:41.3709199Z Node 20 is being deprecated. This workflow is running with Node 24 by default. If you need to temporarily use Node 20, you can set the ACTIONS_ALLOW_USE_UNSECURE_NODE_VERSION=true environment variable. For more information see: https://github.blog/changelog/2025-09-19-deprecation-of-node-20-on-github-actions-runners/
2026-07-26T09:05:41.3710415Z Post job cleanup.
2026-07-26T09:05:41.6098080Z ##[group]Generating build summary
2026-07-26T09:05:41.6102629Z exporting build record to /home/runner/work/_temp/docker-actions-toolkit-GXt3XO/export
2026-07-26T09:05:41.6117739Z (node:3030) [DEP0040] DeprecationWarning: The `punycode` module is deprecated. Please use a userland alternative instead.
2026-07-26T09:05:41.6118717Z (Use `node --trace-deprecation ...` to show where the warning was created)
2026-07-26T09:05:41.8028032Z [command]/usr/bin/docker buildx history export --builder builder-8081a03d-6237-40f9-a37b-9b9679edc0a5 --output /home/runner/work/_temp/docker-actions-toolkit-GXt3XO/export/pkinerd~ednsv~24H6UU.dockerbuild 24h6uuj0eu901wo5nuv67f1vr --finalize
2026-07-26T09:05:42.0526779Z Build record written to /home/runner/work/_temp/docker-actions-toolkit-GXt3XO/export/pkinerd~ednsv~24H6UU.dockerbuild (50.55 KB)
2026-07-26T09:05:42.0548590Z Uploading pkinerd~ednsv~24H6UU.dockerbuild to blob storage
2026-07-26T09:05:42.2570553Z Beginning upload of artifact content to blob storage
2026-07-26T09:05:42.2653275Z (node:3030) [DEP0169] DeprecationWarning: `url.parse()` behavior is not standardized and prone to errors that have security implications. Use the WHATWG URL API instead. CVEs are not issued for `url.parse()` vulnerabilities.
2026-07-26T09:05:42.2660943Z Uploaded bytes 51764
2026-07-26T09:05:42.4453592Z Finished uploading artifact content to blob storage!
2026-07-26T09:05:42.4457926Z SHA256 hash of uploaded artifact is 08409729b449e19f5aa8b2f474b15d08f2be0f160ddbd91fbd3e900335a14ff3
2026-07-26T09:05:42.4459447Z Finalizing artifact upload
2026-07-26T09:05:42.6924316Z Artifact successfully finalized (8630066400)
2026-07-26T09:05:42.6925910Z Artifact download URL: https://github.com/pkinerd/ednsv/actions/runs/30195788649/artifacts/8630066400
2026-07-26T09:05:42.6954511Z Writing summary
2026-07-26T09:05:42.6967556Z ##[endgroup]
2026-07-26T09:05:42.6968338Z ##[group]Removing temp folder /home/runner/work/_temp/docker-actions-toolkit-MPqGat
2026-07-26T09:05:42.6970476Z ##[endgroup]
2026-07-26T09:05:42.6971414Z ##[group]Post cache
2026-07-26T09:05:42.6972936Z State not set
2026-07-26T09:05:42.6973541Z ##[endgroup]
2026-07-26T09:05:42.7132579Z Node 20 is being deprecated. This workflow is running with Node 24 by default. If you need to temporarily use Node 20, you can set the ACTIONS_ALLOW_USE_UNSECURE_NODE_VERSION=true environment variable. For more information see: https://github.blog/changelog/2025-09-19-deprecation-of-node-20-on-github-actions-runners/
2026-07-26T09:05:42.7133948Z Post job cleanup.
2026-07-26T09:05:43.0267118Z ##[group]Logout from ghcr.io
2026-07-26T09:05:43.0289131Z (node:3170) [DEP0040] DeprecationWarning: The `punycode` module is deprecated. Please use a userland alternative instead.
2026-07-26T09:05:43.0289825Z (Use `node --trace-deprecation ...` to show where the warning was created)
2026-07-26T09:05:43.0313458Z [command]/usr/bin/docker logout ghcr.io
2026-07-26T09:05:43.0466500Z Removing login credentials for ghcr.io
2026-07-26T09:05:43.0496480Z ##[endgroup]
2026-07-26T09:05:43.0497067Z ##[group]Post cache
2026-07-26T09:05:43.0498238Z State not set
2026-07-26T09:05:43.0499014Z ##[endgroup]
2026-07-26T09:05:43.0727112Z Node 20 is being deprecated. This workflow is running with Node 24 by default. If you need to temporarily use Node 20, you can set the ACTIONS_ALLOW_USE_UNSECURE_NODE_VERSION=true environment variable. For more information see: https://github.blog/changelog/2025-09-19-deprecation-of-node-20-on-github-actions-runners/
2026-07-26T09:05:43.0729256Z Post job cleanup.
2026-07-26T09:05:43.3249645Z ##[group]Removing builder
2026-07-26T09:05:43.3256021Z (node:3190) [DEP0040] DeprecationWarning: The `punycode` module is deprecated. Please use a userland alternative instead.
2026-07-26T09:05:43.3256742Z (Use `node --trace-deprecation ...` to show where the warning was created)
2026-07-26T09:05:43.4326837Z [command]/usr/bin/docker buildx rm builder-8081a03d-6237-40f9-a37b-9b9679edc0a5
2026-07-26T09:05:43.5880602Z builder-8081a03d-6237-40f9-a37b-9b9679edc0a5 removed
2026-07-26T09:05:43.5900109Z ##[endgroup]
2026-07-26T09:05:43.5900702Z ##[group]Cleaning up certificates
2026-07-26T09:05:43.5903066Z ##[endgroup]
2026-07-26T09:05:43.5903693Z ##[group]Post cache
2026-07-26T09:05:43.5906522Z State not set
2026-07-26T09:05:43.5907232Z ##[endgroup]
2026-07-26T09:05:43.6084119Z Node 20 is being deprecated. This workflow is running with Node 24 by default. If you need to temporarily use Node 20, you can set the ACTIONS_ALLOW_USE_UNSECURE_NODE_VERSION=true environment variable. For more information see: https://github.blog/changelog/2025-09-19-deprecation-of-node-20-on-github-actions-runners/
2026-07-26T09:05:43.6085336Z Post job cleanup.
2026-07-26T09:05:43.6971627Z [command]/usr/bin/git version
2026-07-26T09:05:43.7054097Z git version 2.54.0
2026-07-26T09:05:43.7094512Z Temporarily overriding HOME='/home/runner/work/_temp/0057c0be-c575-4e53-8f01-d234585d0194' before making global git config changes
2026-07-26T09:05:43.7095932Z Adding repository directory to the temporary git global config as a safe directory
2026-07-26T09:05:43.7101005Z [command]/usr/bin/git config --global --add safe.directory /home/runner/work/ednsv/ednsv
2026-07-26T09:05:43.7147402Z [command]/usr/bin/git config --local --name-only --get-regexp core\.sshCommand
2026-07-26T09:05:43.7193639Z [command]/usr/bin/git submodule foreach --recursive sh -c "git config --local --name-only --get-regexp 'core\.sshCommand' && git config --local --unset-all 'core.sshCommand' || :"
2026-07-26T09:05:43.7478213Z [command]/usr/bin/git config --local --name-only --get-regexp http\.https\:\/\/github\.com\/\.extraheader
2026-07-26T09:05:43.7507984Z http.https://github.com/.extraheader
2026-07-26T09:05:43.7520960Z [command]/usr/bin/git config --local --unset-all http.https://github.com/.extraheader
2026-07-26T09:05:43.7561786Z [command]/usr/bin/git submodule foreach --recursive sh -c "git config --local --name-only --get-regexp 'http\.https\:\/\/github\.com\/\.extraheader' && git config --local --unset-all 'http.https://github.com/.extraheader' || :"
2026-07-26T09:05:43.7863571Z [command]/usr/bin/git config --local --name-only --get-regexp ^includeIf\.gitdir:
2026-07-26T09:05:43.7908779Z [command]/usr/bin/git submodule foreach --recursive git config --local --show-origin --name-only --get-regexp remote.origin.url
2026-07-26T09:05:43.8325699Z Cleaning up orphan processes
2026-07-26T09:05:43.8710032Z ##[warning]Node.js 20 is deprecated. The following actions target Node.js 20 but are being forced to run on Node.js 24: actions/checkout@v4, docker/build-push-action@v6, docker/login-action@v3, docker/metadata-action@v5, docker/setup-buildx-action@v3. For more information see: https://github.blog/changelog/2025-09-19-deprecation-of-node-20-on-github-actions-runners/
