2026-07-26T06:23:09.1785554Z Current runner version: '2.336.0'
2026-07-26T06:23:09.1812083Z ##[group]Runner Image Provisioner
2026-07-26T06:23:09.1813065Z Hosted Compute Agent
2026-07-26T06:23:09.1813677Z Version: 20260707.563
2026-07-26T06:23:09.1814312Z Commit: 02667638d2b423fbc733a8e32a88b44996a3ba6e
2026-07-26T06:23:09.1815551Z Build Date: 2026-07-07T19:33:50Z
2026-07-26T06:23:09.1816239Z Worker ID: {900426da-1e1d-4492-849f-004d6605d4b4}
2026-07-26T06:23:09.1816959Z Azure Region: westus2
2026-07-26T06:23:09.1817600Z ##[endgroup]
2026-07-26T06:23:09.1819486Z ##[group]Operating System
2026-07-26T06:23:09.1820199Z Ubuntu
2026-07-26T06:23:09.1820738Z 24.04.4
2026-07-26T06:23:09.1821342Z LTS
2026-07-26T06:23:09.1821903Z ##[endgroup]
2026-07-26T06:23:09.1822451Z ##[group]Runner Image
2026-07-26T06:23:09.1823027Z Image: ubuntu-24.04
2026-07-26T06:23:09.1823729Z Version: 20260720.247.2
2026-07-26T06:23:09.1825221Z Included Software: https://github.com/actions/runner-images/blob/ubuntu24/20260720.247/images/ubuntu/Ubuntu2404-Readme.md
2026-07-26T06:23:09.1826786Z Image Release: https://github.com/actions/runner-images/releases/tag/ubuntu24%2F20260720.247
2026-07-26T06:23:09.1827739Z ##[endgroup]
2026-07-26T06:23:09.1829005Z ##[group]GITHUB_TOKEN Permissions
2026-07-26T06:23:09.1831100Z Contents: read
2026-07-26T06:23:09.1831801Z Metadata: read
2026-07-26T06:23:09.1832372Z Packages: write
2026-07-26T06:23:09.1832916Z ##[endgroup]
2026-07-26T06:23:09.1835591Z Secret source: Actions
2026-07-26T06:23:09.1836724Z Prepare workflow directory
2026-07-26T06:23:09.2456363Z Prepare all required actions
2026-07-26T06:23:09.2505493Z Getting action download info
2026-07-26T06:23:09.5985086Z Download action repository 'actions/checkout@v4' (SHA:11d5960a326750d5838078e36cf38b85af677262)
2026-07-26T06:23:09.9288104Z Download action repository 'docker/setup-buildx-action@v3' (SHA:8d2750c68a42422c14e847fe6c8ac0403b4cbd6f)
2026-07-26T06:23:10.2406548Z Download action repository 'docker/login-action@v3' (SHA:c94ce9fb468520275223c153574b00df6fe4bcc9)
2026-07-26T06:23:10.5618917Z Download action repository 'docker/metadata-action@v5' (SHA:c299e40c65443455700f0fdfc63efafe5b349051)
2026-07-26T06:23:11.4090010Z Download action repository 'docker/build-push-action@v6' (SHA:10e90e3645eae34f1e60eeb005ba3a3d33f178e8)
2026-07-26T06:23:11.8163555Z Complete job name: Build & Push Docker Image
2026-07-26T06:23:11.8999117Z Node 20 is being deprecated. This workflow is running with Node 24 by default. If you need to temporarily use Node 20, you can set the ACTIONS_ALLOW_USE_UNSECURE_NODE_VERSION=true environment variable. For more information see: https://github.blog/changelog/2025-09-19-deprecation-of-node-20-on-github-actions-runners/
2026-07-26T06:23:11.9007320Z ##[group]Run actions/checkout@v4
2026-07-26T06:23:11.9007898Z with:
2026-07-26T06:23:11.9008208Z   repository: pkinerd/ednsv
2026-07-26T06:23:11.9011402Z   token: ***
2026-07-26T06:23:11.9011710Z   ssh-strict: true
2026-07-26T06:23:11.9012007Z   ssh-user: git
2026-07-26T06:23:11.9012323Z   persist-credentials: true
2026-07-26T06:23:11.9012671Z   clean: true
2026-07-26T06:23:11.9012978Z   sparse-checkout-cone-mode: true
2026-07-26T06:23:11.9013325Z   fetch-depth: 1
2026-07-26T06:23:11.9013623Z   fetch-tags: false
2026-07-26T06:23:11.9013924Z   show-progress: true
2026-07-26T06:23:11.9014233Z   lfs: false
2026-07-26T06:23:11.9014809Z   submodules: false
2026-07-26T06:23:11.9015147Z   set-safe-directory: true
2026-07-26T06:23:11.9015505Z   allow-unsafe-pr-checkout: false
2026-07-26T06:23:11.9016129Z env:
2026-07-26T06:23:11.9016410Z   REGISTRY: ghcr.io
2026-07-26T06:23:11.9016716Z   IMAGE_NAME: pkinerd/ednsv
2026-07-26T06:23:11.9017030Z ##[endgroup]
2026-07-26T06:23:12.0206409Z Syncing repository: pkinerd/ednsv
2026-07-26T06:23:12.0208458Z ##[group]Getting Git version info
2026-07-26T06:23:12.0209327Z Working directory is '/home/runner/work/ednsv/ednsv'
2026-07-26T06:23:12.0210670Z [command]/usr/bin/git version
2026-07-26T06:23:12.0288222Z git version 2.54.0
2026-07-26T06:23:12.0310956Z ##[endgroup]
2026-07-26T06:23:12.0328700Z Temporarily overriding HOME='/home/runner/work/_temp/f1458ce7-4e43-4590-a631-9dc44c0d6b81' before making global git config changes
2026-07-26T06:23:12.0330760Z Adding repository directory to the temporary git global config as a safe directory
2026-07-26T06:23:12.0334035Z [command]/usr/bin/git config --global --add safe.directory /home/runner/work/ednsv/ednsv
2026-07-26T06:23:12.0391721Z Deleting the contents of '/home/runner/work/ednsv/ednsv'
2026-07-26T06:23:12.0396189Z ##[group]Initializing the repository
2026-07-26T06:23:12.0400569Z [command]/usr/bin/git init /home/runner/work/ednsv/ednsv
2026-07-26T06:23:12.0507935Z hint: Using 'master' as the name for the initial branch. This default branch name
2026-07-26T06:23:12.0509413Z hint: will change to "main" in Git 3.0. To configure the initial branch name
2026-07-26T06:23:12.0510638Z hint: to use in all of your new repositories, which will suppress this warning,
2026-07-26T06:23:12.0511592Z hint: call:
2026-07-26T06:23:12.0512123Z hint:
2026-07-26T06:23:12.0512860Z hint: 	git config --global init.defaultBranch <name>
2026-07-26T06:23:12.0513779Z hint:
2026-07-26T06:23:12.0514885Z hint: Names commonly chosen instead of 'master' are 'main', 'trunk' and
2026-07-26T06:23:12.0516102Z hint: 'development'. The just-created branch can be renamed via this command:
2026-07-26T06:23:12.0517040Z hint:
2026-07-26T06:23:12.0518241Z hint: 	git branch -m <name>
2026-07-26T06:23:12.0518772Z hint:
2026-07-26T06:23:12.0519531Z hint: Disable this message with "git config set advice.defaultBranchName false"
2026-07-26T06:23:12.0520790Z Initialized empty Git repository in /home/runner/work/ednsv/ednsv/.git/
2026-07-26T06:23:12.0529695Z [command]/usr/bin/git remote add origin https://github.com/pkinerd/ednsv
2026-07-26T06:23:12.0585669Z ##[endgroup]
2026-07-26T06:23:12.0586667Z ##[group]Disabling automatic garbage collection
2026-07-26T06:23:12.0591649Z [command]/usr/bin/git config --local gc.auto 0
2026-07-26T06:23:12.0631284Z ##[endgroup]
2026-07-26T06:23:12.0632124Z ##[group]Setting up auth
2026-07-26T06:23:12.0640723Z [command]/usr/bin/git config --local --name-only --get-regexp core\.sshCommand
2026-07-26T06:23:12.0684132Z [command]/usr/bin/git submodule foreach --recursive sh -c "git config --local --name-only --get-regexp 'core\.sshCommand' && git config --local --unset-all 'core.sshCommand' || :"
2026-07-26T06:23:12.1075519Z [command]/usr/bin/git config --local --name-only --get-regexp http\.https\:\/\/github\.com\/\.extraheader
2026-07-26T06:23:12.1122129Z [command]/usr/bin/git submodule foreach --recursive sh -c "git config --local --name-only --get-regexp 'http\.https\:\/\/github\.com\/\.extraheader' && git config --local --unset-all 'http.https://github.com/.extraheader' || :"
2026-07-26T06:23:12.1365705Z [command]/usr/bin/git config --local --name-only --get-regexp ^includeIf\.gitdir:
2026-07-26T06:23:12.1409150Z [command]/usr/bin/git submodule foreach --recursive git config --local --show-origin --name-only --get-regexp remote.origin.url
2026-07-26T06:23:12.1653550Z [command]/usr/bin/git config --local http.https://github.com/.extraheader AUTHORIZATION: basic ***
2026-07-26T06:23:12.1697091Z ##[endgroup]
2026-07-26T06:23:12.1698125Z ##[group]Fetching the repository
2026-07-26T06:23:12.1707829Z [command]/usr/bin/git -c protocol.version=2 fetch --no-tags --prune --no-recurse-submodules --depth=1 origin +f06d1ba03057d6e48a91da7b8aa05676f2444d25:refs/remotes/pull/28/merge
2026-07-26T06:23:12.4855219Z From https://github.com/pkinerd/ednsv
2026-07-26T06:23:12.4856464Z  * [new ref]         f06d1ba03057d6e48a91da7b8aa05676f2444d25 -> pull/28/merge
2026-07-26T06:23:12.4917633Z ##[endgroup]
2026-07-26T06:23:12.4918905Z ##[group]Determining the checkout info
2026-07-26T06:23:12.4920721Z ##[endgroup]
2026-07-26T06:23:12.4926186Z [command]/usr/bin/git sparse-checkout disable
2026-07-26T06:23:12.4987638Z [command]/usr/bin/git config --local --unset-all extensions.worktreeConfig
2026-07-26T06:23:12.5020218Z ##[group]Checking out the ref
2026-07-26T06:23:12.5025055Z [command]/usr/bin/git checkout --progress --force refs/remotes/pull/28/merge
2026-07-26T06:23:12.5171533Z Note: switching to 'refs/remotes/pull/28/merge'.
2026-07-26T06:23:12.5172044Z 
2026-07-26T06:23:12.5172308Z You are in 'detached HEAD' state. You can look around, make experimental
2026-07-26T06:23:12.5172947Z changes and commit them, and you can discard any commits you make in this
2026-07-26T06:23:12.5173551Z state without impacting any branches by switching back to a branch.
2026-07-26T06:23:12.5173928Z 
2026-07-26T06:23:12.5174310Z If you want to create a new branch to retain commits you create, you may
2026-07-26T06:23:12.5175389Z do so (now or later) by using -c with the switch command. Example:
2026-07-26T06:23:12.5175897Z 
2026-07-26T06:23:12.5176161Z   git switch -c <new-branch-name>
2026-07-26T06:23:12.5176534Z 
2026-07-26T06:23:12.5176754Z Or undo this operation with:
2026-07-26T06:23:12.5177087Z 
2026-07-26T06:23:12.5177272Z   git switch -
2026-07-26T06:23:12.5177575Z 
2026-07-26T06:23:12.5178055Z Turn off this advice by setting config variable advice.detachedHead to false
2026-07-26T06:23:12.5178740Z 
2026-07-26T06:23:12.5179399Z HEAD is now at f06d1ba Merge 2654f17f4e06486f606319d6fce03c7b177ecb84 into 0907a58f50a6c98d23ae466ed31c3a0c15264622
2026-07-26T06:23:12.5182159Z ##[endgroup]
2026-07-26T06:23:12.5230297Z [command]/usr/bin/git log -1 --format=%H
2026-07-26T06:23:12.5258330Z f06d1ba03057d6e48a91da7b8aa05676f2444d25
2026-07-26T06:23:12.5500670Z ##[group]Run if [ "pull_request" != "pull_request" ]; then
2026-07-26T06:23:12.5501259Z [36;1mif [ "pull_request" != "pull_request" ]; then[0m
2026-07-26T06:23:12.5501652Z [36;1m  echo "push=true" >> "$GITHUB_OUTPUT"[0m
2026-07-26T06:23:12.5502060Z [36;1melif [ "pkinerd/ednsv" = "pkinerd/ednsv" ]; then[0m
2026-07-26T06:23:12.5502459Z [36;1m  echo "push=true" >> "$GITHUB_OUTPUT"[0m
2026-07-26T06:23:12.5502777Z [36;1melse[0m
2026-07-26T06:23:12.5503043Z [36;1m  echo "push=false" >> "$GITHUB_OUTPUT"[0m
2026-07-26T06:23:12.5503365Z [36;1mfi[0m
2026-07-26T06:23:12.5550334Z shell: /usr/bin/bash -e {0}
2026-07-26T06:23:12.5550670Z env:
2026-07-26T06:23:12.5550903Z   REGISTRY: ghcr.io
2026-07-26T06:23:12.5551176Z   IMAGE_NAME: pkinerd/ednsv
2026-07-26T06:23:12.5551454Z ##[endgroup]
2026-07-26T06:23:12.5753626Z Node 20 is being deprecated. This workflow is running with Node 24 by default. If you need to temporarily use Node 20, you can set the ACTIONS_ALLOW_USE_UNSECURE_NODE_VERSION=true environment variable. For more information see: https://github.blog/changelog/2025-09-19-deprecation-of-node-20-on-github-actions-runners/
2026-07-26T06:23:12.5756143Z ##[group]Run docker/setup-buildx-action@v3
2026-07-26T06:23:12.5756484Z with:
2026-07-26T06:23:12.5756736Z   driver: docker-container
2026-07-26T06:23:12.5757008Z   use: true
2026-07-26T06:23:12.5757241Z   keep-state: false
2026-07-26T06:23:12.5757503Z   cache-binary: true
2026-07-26T06:23:12.5757751Z   cleanup: true
2026-07-26T06:23:12.5757983Z   install: false
2026-07-26T06:23:12.5758213Z env:
2026-07-26T06:23:12.5758429Z   REGISTRY: ghcr.io
2026-07-26T06:23:12.5758700Z   IMAGE_NAME: pkinerd/ednsv
2026-07-26T06:23:12.5758971Z ##[endgroup]
2026-07-26T06:23:12.8303800Z (node:2231) [DEP0040] DeprecationWarning: The `punycode` module is deprecated. Please use a userland alternative instead.
2026-07-26T06:23:12.8305259Z (Use `node --trace-deprecation ...` to show where the warning was created)
2026-07-26T06:23:12.8379148Z ##[group]Docker info
2026-07-26T06:23:12.8388467Z [command]/usr/bin/docker version
2026-07-26T06:23:12.9320103Z Client: Docker Engine - Community
2026-07-26T06:23:12.9326762Z  Version:           28.0.4
2026-07-26T06:23:12.9345822Z  API version:       1.48
2026-07-26T06:23:12.9363597Z  Go version:        go1.23.7
2026-07-26T06:23:12.9364728Z  Git commit:        b8034c0
2026-07-26T06:23:12.9375015Z  Built:             Tue Mar 25 15:07:16 2025
2026-07-26T06:23:12.9385476Z  OS/Arch:           linux/amd64
2026-07-26T06:23:12.9386140Z  Context:           default
2026-07-26T06:23:12.9386728Z 
2026-07-26T06:23:12.9387135Z Server: Docker Engine - Community
2026-07-26T06:23:12.9388156Z  Engine:
2026-07-26T06:23:12.9388642Z   Version:          28.0.4
2026-07-26T06:23:12.9389250Z   API version:      1.48 (minimum version 1.24)
2026-07-26T06:23:12.9389960Z   Go version:       go1.23.7
2026-07-26T06:23:12.9390531Z   Git commit:       6430e49
2026-07-26T06:23:12.9391115Z   Built:            Tue Mar 25 15:07:16 2025
2026-07-26T06:23:12.9405261Z   OS/Arch:          linux/amd64
2026-07-26T06:23:12.9435141Z   Experimental:     false
2026-07-26T06:23:12.9445284Z  containerd:
2026-07-26T06:23:12.9446025Z   Version:          v2.2.6
2026-07-26T06:23:12.9446915Z   GitCommit:        11ce9d5f3c68c941867e82890e93e815c1304f1b
2026-07-26T06:23:12.9447684Z  runc:
2026-07-26T06:23:12.9448310Z   Version:          1.3.6
2026-07-26T06:23:12.9475963Z   GitCommit:        v1.3.6-0-g491b69ba
2026-07-26T06:23:12.9476720Z  docker-init:
2026-07-26T06:23:12.9477477Z   Version:          0.19.0
2026-07-26T06:23:12.9478367Z   GitCommit:        de40ad0
2026-07-26T06:23:12.9480696Z [command]/usr/bin/docker info
2026-07-26T06:23:16.1604168Z Client: Docker Engine - Community
2026-07-26T06:23:16.1615273Z  Version:    28.0.4
2026-07-26T06:23:16.1616021Z  Context:    default
2026-07-26T06:23:16.1616423Z  Debug Mode: false
2026-07-26T06:23:16.1616766Z  Plugins:
2026-07-26T06:23:16.1617136Z   buildx: Docker Buildx (Docker Inc.)
2026-07-26T06:23:16.1617583Z     Version:  v0.35.0
2026-07-26T06:23:16.1618641Z     Path:     /usr/libexec/docker/cli-plugins/docker-buildx
2026-07-26T06:23:16.1619258Z   compose: Docker Compose (Docker Inc.)
2026-07-26T06:23:16.1619761Z     Version:  v2.38.2
2026-07-26T06:23:16.1620325Z     Path:     /usr/libexec/docker/cli-plugins/docker-compose
2026-07-26T06:23:16.1620825Z 
2026-07-26T06:23:16.1620967Z Server:
2026-07-26T06:23:16.1621290Z  Containers: 0
2026-07-26T06:23:16.1621684Z   Running: 0
2026-07-26T06:23:16.1622067Z   Paused: 0
2026-07-26T06:23:16.1622384Z   Stopped: 0
2026-07-26T06:23:16.1622693Z  Images: 6
2026-07-26T06:23:16.1622991Z  Server Version: 28.0.4
2026-07-26T06:23:16.1623364Z  Storage Driver: overlay2
2026-07-26T06:23:16.1623754Z   Backing Filesystem: extfs
2026-07-26T06:23:16.1624181Z   Supports d_type: true
2026-07-26T06:23:16.1625459Z   Using metacopy: false
2026-07-26T06:23:16.1625941Z   Native Overlay Diff: false
2026-07-26T06:23:16.1626326Z   userxattr: false
2026-07-26T06:23:16.1626672Z  Logging Driver: json-file
2026-07-26T06:23:16.1627081Z  Cgroup Driver: systemd
2026-07-26T06:23:16.1627541Z  Cgroup Version: 2
2026-07-26T06:23:16.1627941Z  Plugins:
2026-07-26T06:23:16.1628384Z   Volume: local
2026-07-26T06:23:16.1628847Z   Network: bridge host ipvlan macvlan null overlay
2026-07-26T06:23:16.1629633Z   Log: awslogs fluentd gcplogs gelf journald json-file local splunk syslog
2026-07-26T06:23:16.1630355Z  Swarm: inactive
2026-07-26T06:23:16.1630747Z  Runtimes: io.containerd.runc.v2 runc
2026-07-26T06:23:16.1631261Z  Default Runtime: runc
2026-07-26T06:23:16.1631699Z  Init Binary: docker-init
2026-07-26T06:23:16.1632304Z  containerd version: 11ce9d5f3c68c941867e82890e93e815c1304f1b
2026-07-26T06:23:16.1633052Z  runc version: v1.3.6-0-g491b69ba
2026-07-26T06:23:16.1633596Z  init version: de40ad0
2026-07-26T06:23:16.1634037Z  Security Options:
2026-07-26T06:23:16.1634437Z   apparmor
2026-07-26T06:23:16.1635040Z   seccomp
2026-07-26T06:23:16.1635430Z    Profile: builtin
2026-07-26T06:23:16.1635816Z   cgroupns
2026-07-26T06:23:16.1636201Z  Kernel Version: 6.17.0-1020-azure
2026-07-26T06:23:16.1636713Z  Operating System: Ubuntu 24.04.4 LTS
2026-07-26T06:23:16.1637219Z  OSType: linux
2026-07-26T06:23:16.1637597Z  Architecture: x86_64
2026-07-26T06:23:16.1638010Z  CPUs: 4
2026-07-26T06:23:16.1638406Z  Total Memory: 15.61GiB
2026-07-26T06:23:16.1638870Z  Name: runnervmvrwv9
2026-07-26T06:23:16.1639332Z  ID: dce1e4a9-fc26-4218-aaf0-feee5194c8cb
2026-07-26T06:23:16.1639936Z  Docker Root Dir: /var/lib/docker
2026-07-26T06:23:16.1640464Z  Debug Mode: false
2026-07-26T06:23:16.1640838Z  Username: githubactions
2026-07-26T06:23:16.1641334Z  Experimental: false
2026-07-26T06:23:16.1642152Z  Insecure Registries:
2026-07-26T06:23:16.1647534Z   ::1/128
2026-07-26T06:23:16.1647944Z   127.0.0.0/8
2026-07-26T06:23:16.1648335Z  Live Restore Enabled: false
2026-07-26T06:23:16.1648663Z 
2026-07-26T06:23:16.1649539Z ##[endgroup]
2026-07-26T06:23:16.2863143Z ##[group]Buildx version
2026-07-26T06:23:16.2890593Z [command]/usr/bin/docker buildx version
2026-07-26T06:23:16.3651658Z github.com/docker/buildx v0.35.0 a319e5b15052cf6557ceb666eb8ff6e32380b782
2026-07-26T06:23:16.3697021Z ##[endgroup]
2026-07-26T06:23:16.3877849Z ##[group]Inspecting default docker context
2026-07-26T06:23:16.4031272Z [
2026-07-26T06:23:16.4031654Z   {
2026-07-26T06:23:16.4031982Z     "Name": "default",
2026-07-26T06:23:16.4032356Z     "Metadata": {},
2026-07-26T06:23:16.4032639Z     "Endpoints": {
2026-07-26T06:23:16.4032877Z       "docker": {
2026-07-26T06:23:16.4033130Z         "Host": "unix:///var/run/docker.sock",
2026-07-26T06:23:16.4033447Z         "SkipTLSVerify": false
2026-07-26T06:23:16.4033831Z       }
2026-07-26T06:23:16.4034062Z     },
2026-07-26T06:23:16.4034267Z     "TLSMaterial": {},
2026-07-26T06:23:16.4034730Z     "Storage": {
2026-07-26T06:23:16.4034984Z       "MetadataPath": "<IN MEMORY>",
2026-07-26T06:23:16.4035242Z       "TLSPath": "<IN MEMORY>"
2026-07-26T06:23:16.4035478Z     }
2026-07-26T06:23:16.4035642Z   }
2026-07-26T06:23:16.4035799Z ]
2026-07-26T06:23:16.4036325Z ##[endgroup]
2026-07-26T06:23:16.4036720Z ##[group]Creating a new builder instance
2026-07-26T06:23:16.5410042Z [command]/usr/bin/docker buildx create --name builder-654104c1-c25d-4667-afce-4b9d73776a20 --driver docker-container --buildkitd-flags --allow-insecure-entitlement security.insecure --allow-insecure-entitlement network.host --use
2026-07-26T06:23:16.7207919Z builder-654104c1-c25d-4667-afce-4b9d73776a20
2026-07-26T06:23:16.7239552Z ##[endgroup]
2026-07-26T06:23:16.7240239Z ##[group]Booting builder
2026-07-26T06:23:16.7288459Z [command]/usr/bin/docker buildx inspect --bootstrap --builder builder-654104c1-c25d-4667-afce-4b9d73776a20
2026-07-26T06:23:16.8093727Z #1 [internal] booting buildkit
2026-07-26T06:23:16.9603389Z #1 pulling image moby/buildkit:buildx-stable-1
2026-07-26T06:23:22.2956898Z #1 pulling image moby/buildkit:buildx-stable-1 5.5s done
2026-07-26T06:23:22.4460100Z #1 creating container buildx_buildkit_builder-654104c1-c25d-4667-afce-4b9d73776a200
2026-07-26T06:23:22.6486428Z #1 creating container buildx_buildkit_builder-654104c1-c25d-4667-afce-4b9d73776a200 0.4s done
2026-07-26T06:23:22.6503228Z #1 DONE 5.8s
2026-07-26T06:23:22.6939250Z Name:          builder-654104c1-c25d-4667-afce-4b9d73776a20
2026-07-26T06:23:22.6939895Z Driver:        docker-container
2026-07-26T06:23:22.6940404Z Last Activity: 2026-07-26 06:23:16 +0000 UTC
2026-07-26T06:23:22.6940690Z 
2026-07-26T06:23:22.6940764Z Nodes:
2026-07-26T06:23:22.6947923Z Name:                  builder-654104c1-c25d-4667-afce-4b9d73776a200
2026-07-26T06:23:22.6948994Z Endpoint:              unix:///var/run/docker.sock
2026-07-26T06:23:22.6949714Z Status:                running
2026-07-26T06:23:22.6950928Z BuildKit daemon flags: --allow-insecure-entitlement security.insecure --allow-insecure-entitlement network.host
2026-07-26T06:23:22.6952099Z BuildKit version:      v0.31.2
2026-07-26T06:23:22.6952895Z Platforms:             linux/amd64, linux/amd64/v2, linux/amd64/v3, linux/386
2026-07-26T06:23:22.6953676Z Labels:
2026-07-26T06:23:22.6954305Z  org.mobyproject.buildkit.worker.executor:         oci
2026-07-26T06:23:22.6955446Z  org.mobyproject.buildkit.worker.hostname:         1a0b8671c513
2026-07-26T06:23:22.6956416Z  org.mobyproject.buildkit.worker.network:          host
2026-07-26T06:23:22.6957289Z  org.mobyproject.buildkit.worker.oci.process-mode: sandbox
2026-07-26T06:23:22.6958259Z  org.mobyproject.buildkit.worker.selinux.enabled:  false
2026-07-26T06:23:22.6959170Z  org.mobyproject.buildkit.worker.snapshotter:      overlayfs
2026-07-26T06:23:22.6959978Z GC Policy rule#0:
2026-07-26T06:23:22.6960507Z  All:            false
2026-07-26T06:23:22.6961413Z  Filters:        type==source.local type==exec.cachemount type==source.git.checkout
2026-07-26T06:23:22.6961841Z  Keep Duration:  48h0m0s
2026-07-26T06:23:22.6962086Z  Max Used Space: 488.3MiB
2026-07-26T06:23:22.6962315Z GC Policy rule#1:
2026-07-26T06:23:22.6962509Z  All:            false
2026-07-26T06:23:22.6962717Z  Keep Duration:  1440h0m0s
2026-07-26T06:23:22.6962940Z  Reserved Space: 9.313GiB
2026-07-26T06:23:22.6963155Z  Max Used Space: 93.13GiB
2026-07-26T06:23:22.6963361Z  Min Free Space: 27.01GiB
2026-07-26T06:23:22.6963606Z GC Policy rule#2:
2026-07-26T06:23:22.6963787Z  All:            false
2026-07-26T06:23:22.6963982Z  Reserved Space: 9.313GiB
2026-07-26T06:23:22.6964189Z  Max Used Space: 93.13GiB
2026-07-26T06:23:22.6964391Z  Min Free Space: 27.01GiB
2026-07-26T06:23:22.6964995Z GC Policy rule#3:
2026-07-26T06:23:22.6965229Z  All:            true
2026-07-26T06:23:22.6965433Z  Reserved Space: 9.313GiB
2026-07-26T06:23:22.6965648Z  Max Used Space: 93.13GiB
2026-07-26T06:23:22.6965856Z  Min Free Space: 27.01GiB
2026-07-26T06:23:22.6994724Z ##[endgroup]
2026-07-26T06:23:22.7908333Z ##[group]Inspect builder
2026-07-26T06:23:22.7909440Z {
2026-07-26T06:23:22.7909744Z   "nodes": [
2026-07-26T06:23:22.7910085Z     {
2026-07-26T06:23:22.7910549Z       "name": "builder-654104c1-c25d-4667-afce-4b9d73776a200",
2026-07-26T06:23:22.7911204Z       "endpoint": "unix:///var/run/docker.sock",
2026-07-26T06:23:22.7911712Z       "status": "running",
2026-07-26T06:23:22.7912639Z       "buildkitd-flags": "--allow-insecure-entitlement security.insecure --allow-insecure-entitlement network.host",
2026-07-26T06:23:22.7913602Z       "buildkit": "v0.31.2",
2026-07-26T06:23:22.7914164Z       "platforms": "linux/amd64,linux/amd64/v2,linux/amd64/v3,linux/386",
2026-07-26T06:23:22.7914999Z       "features": {
2026-07-26T06:23:22.7915538Z         "Automatically load images to the Docker Engine image store": true,
2026-07-26T06:23:22.7916189Z         "Cache export": true,
2026-07-26T06:23:22.7916587Z         "Direct push": true,
2026-07-26T06:23:22.7917025Z         "Docker exporter": true,
2026-07-26T06:23:22.7917501Z         "Multi-platform build": true,
2026-07-26T06:23:22.7917946Z         "OCI exporter": true
2026-07-26T06:23:22.7918768Z       },
2026-07-26T06:23:22.7919064Z       "labels": {
2026-07-26T06:23:22.7919553Z         "org.mobyproject.buildkit.worker.executor": "oci",
2026-07-26T06:23:22.7920202Z         "org.mobyproject.buildkit.worker.hostname": "1a0b8671c513",
2026-07-26T06:23:22.7920617Z         "org.mobyproject.buildkit.worker.network": "host",
2026-07-26T06:23:22.7921052Z         "org.mobyproject.buildkit.worker.oci.process-mode": "sandbox",
2026-07-26T06:23:22.7921510Z         "org.mobyproject.buildkit.worker.selinux.enabled": "false",
2026-07-26T06:23:22.7921943Z         "org.mobyproject.buildkit.worker.snapshotter": "overlayfs"
2026-07-26T06:23:22.7922271Z       },
2026-07-26T06:23:22.7922447Z       "gcPolicy": [
2026-07-26T06:23:22.7922663Z         {
2026-07-26T06:23:22.7922859Z           "all": false,
2026-07-26T06:23:22.7923075Z           "filter": [
2026-07-26T06:23:22.7923392Z             "type==source.local type==exec.cachemount type==source.git.checkout"
2026-07-26T06:23:22.7923757Z           ],
2026-07-26T06:23:22.7923954Z           "keepDuration": "48h0m0s",
2026-07-26T06:23:22.7924250Z           "maxUsedSpace": "488.3MiB"
2026-07-26T06:23:22.7925009Z         },
2026-07-26T06:23:22.7925201Z         {
2026-07-26T06:23:22.7925408Z           "all": false,
2026-07-26T06:23:22.7925663Z           "keepDuration": "1440h0m0s",
2026-07-26T06:23:22.7925948Z           "reservedSpace": "9.313GiB",
2026-07-26T06:23:22.7926221Z           "maxUsedSpace": "93.13GiB",
2026-07-26T06:23:22.7926495Z           "minFreeSpace": "27.01GiB"
2026-07-26T06:23:22.7926747Z         },
2026-07-26T06:23:22.7926936Z         {
2026-07-26T06:23:22.7927140Z           "all": false,
2026-07-26T06:23:22.7927375Z           "reservedSpace": "9.313GiB",
2026-07-26T06:23:22.7927648Z           "maxUsedSpace": "93.13GiB",
2026-07-26T06:23:22.7928144Z           "minFreeSpace": "27.01GiB"
2026-07-26T06:23:22.7928391Z         },
2026-07-26T06:23:22.7928579Z         {
2026-07-26T06:23:22.7928764Z           "all": true,
2026-07-26T06:23:22.7928994Z           "reservedSpace": "9.313GiB",
2026-07-26T06:23:22.7929246Z           "maxUsedSpace": "93.13GiB",
2026-07-26T06:23:22.7929503Z           "minFreeSpace": "27.01GiB"
2026-07-26T06:23:22.7929741Z         }
2026-07-26T06:23:22.7929900Z       ]
2026-07-26T06:23:22.7930060Z     }
2026-07-26T06:23:22.7930217Z   ],
2026-07-26T06:23:22.7930448Z   "name": "builder-654104c1-c25d-4667-afce-4b9d73776a20",
2026-07-26T06:23:22.7930787Z   "driver": "docker-container",
2026-07-26T06:23:22.7931043Z   "lastActivity": "2026-07-26T06:23:16.000Z"
2026-07-26T06:23:22.7931292Z }
2026-07-26T06:23:22.7931697Z ##[endgroup]
2026-07-26T06:23:22.7932066Z ##[group]BuildKit version
2026-07-26T06:23:22.7932428Z builder-654104c1-c25d-4667-afce-4b9d73776a200: v0.31.2
2026-07-26T06:23:22.7932912Z ##[endgroup]
2026-07-26T06:23:22.8129623Z Node 20 is being deprecated. This workflow is running with Node 24 by default. If you need to temporarily use Node 20, you can set the ACTIONS_ALLOW_USE_UNSECURE_NODE_VERSION=true environment variable. For more information see: https://github.blog/changelog/2025-09-19-deprecation-of-node-20-on-github-actions-runners/
2026-07-26T06:23:22.8130933Z ##[group]Run docker/login-action@v3
2026-07-26T06:23:22.8131184Z with:
2026-07-26T06:23:22.8131365Z   registry: ghcr.io
2026-07-26T06:23:22.8131570Z   username: pkinerd
2026-07-26T06:23:22.8134627Z   password: ***
2026-07-26T06:23:22.8134850Z   logout: true
2026-07-26T06:23:22.8135037Z env:
2026-07-26T06:23:22.8135207Z   REGISTRY: ghcr.io
2026-07-26T06:23:22.8135418Z   IMAGE_NAME: pkinerd/ednsv
2026-07-26T06:23:22.8135635Z ##[endgroup]
2026-07-26T06:23:23.1481350Z Logging into ghcr.io...
2026-07-26T06:23:23.1504707Z (node:2733) [DEP0040] DeprecationWarning: The `punycode` module is deprecated. Please use a userland alternative instead.
2026-07-26T06:23:23.1506013Z (Use `node --trace-deprecation ...` to show where the warning was created)
2026-07-26T06:23:23.5624859Z Login Succeeded!
2026-07-26T06:23:23.5780999Z Node 20 is being deprecated. This workflow is running with Node 24 by default. If you need to temporarily use Node 20, you can set the ACTIONS_ALLOW_USE_UNSECURE_NODE_VERSION=true environment variable. For more information see: https://github.blog/changelog/2025-09-19-deprecation-of-node-20-on-github-actions-runners/
2026-07-26T06:23:23.5782309Z ##[group]Run docker/metadata-action@v5
2026-07-26T06:23:23.5782570Z with:
2026-07-26T06:23:23.5782768Z   images: ghcr.io/pkinerd/ednsv
2026-07-26T06:23:23.5783476Z   tags: type=ref,event=branch,prefix=branch-
type=ref,event=pr,prefix=pr-
type=sha,format=short,prefix=sha-
type=raw,value=latest,enable={{is_default_branch}}
type=raw,value=latest-any

2026-07-26T06:23:23.5784190Z   context: workflow
2026-07-26T06:23:23.5787299Z   github-token: ***
2026-07-26T06:23:23.5787510Z env:
2026-07-26T06:23:23.5787683Z   REGISTRY: ghcr.io
2026-07-26T06:23:23.5787904Z   IMAGE_NAME: pkinerd/ednsv
2026-07-26T06:23:23.5788122Z ##[endgroup]
2026-07-26T06:23:23.9596253Z (node:2754) [DEP0040] DeprecationWarning: The `punycode` module is deprecated. Please use a userland alternative instead.
2026-07-26T06:23:23.9596998Z (Use `node --trace-deprecation ...` to show where the warning was created)
2026-07-26T06:23:24.9430069Z ##[group]Context info
2026-07-26T06:23:24.9430532Z eventName: pull_request
2026-07-26T06:23:24.9430972Z sha: f06d1ba03057d6e48a91da7b8aa05676f2444d25
2026-07-26T06:23:24.9431473Z ref: refs/pull/28/merge
2026-07-26T06:23:24.9431832Z workflow: CI
2026-07-26T06:23:24.9432153Z action: meta
2026-07-26T06:23:24.9432522Z actor: pkinerd
2026-07-26T06:23:24.9432849Z runNumber: 214
2026-07-26T06:23:24.9433176Z runId: 30190933754
2026-07-26T06:23:24.9433725Z commitDate: Sun Jul 26 2026 06:22:11 GMT+0000 (Coordinated Universal Time)
2026-07-26T06:23:24.9434938Z ##[endgroup]
2026-07-26T06:23:24.9440184Z ##[group]Processing images input
2026-07-26T06:23:24.9441345Z name=ghcr.io/pkinerd/ednsv,enable=true
2026-07-26T06:23:24.9442064Z ##[endgroup]
2026-07-26T06:23:24.9460420Z ##[group]Processing tags input
2026-07-26T06:23:24.9461737Z type=ref,event=branch,prefix=branch-,enable=true,priority=600
2026-07-26T06:23:24.9462444Z type=ref,event=pr,prefix=pr-,enable=true,priority=600
2026-07-26T06:23:24.9463164Z type=raw,value=latest,enable={{is_default_branch}},priority=200
2026-07-26T06:23:24.9463862Z type=raw,value=latest-any,enable=true,priority=200
2026-07-26T06:23:24.9464725Z type=sha,format=short,prefix=sha-,enable=true,priority=100
2026-07-26T06:23:24.9465553Z ##[endgroup]
2026-07-26T06:23:24.9466145Z ##[group]Processing flavor input
2026-07-26T06:23:24.9466656Z latest=auto
2026-07-26T06:23:24.9466916Z prefix=
2026-07-26T06:23:24.9467111Z prefixLatest=false
2026-07-26T06:23:24.9467317Z suffix=
2026-07-26T06:23:24.9467521Z suffixLatest=false
2026-07-26T06:23:24.9468329Z ##[endgroup]
2026-07-26T06:23:24.9553676Z ##[group]Docker image version
2026-07-26T06:23:24.9554143Z pr-28
2026-07-26T06:23:24.9555041Z ##[endgroup]
2026-07-26T06:23:24.9559879Z ##[group]Docker tags
2026-07-26T06:23:24.9560381Z ghcr.io/pkinerd/ednsv:pr-28
2026-07-26T06:23:24.9560893Z ghcr.io/pkinerd/ednsv:latest-any
2026-07-26T06:23:24.9561445Z ghcr.io/pkinerd/ednsv:sha-f06d1ba
2026-07-26T06:23:24.9562432Z ##[endgroup]
2026-07-26T06:23:24.9640695Z ##[group]Docker labels
2026-07-26T06:23:24.9641366Z org.opencontainers.image.created=2026-07-26T06:23:24.946Z
2026-07-26T06:23:24.9642068Z org.opencontainers.image.description=
2026-07-26T06:23:24.9642736Z org.opencontainers.image.licenses=
2026-07-26T06:23:24.9643550Z org.opencontainers.image.revision=f06d1ba03057d6e48a91da7b8aa05676f2444d25
2026-07-26T06:23:24.9647213Z org.opencontainers.image.source=https://github.com/pkinerd/ednsv
2026-07-26T06:23:24.9648077Z org.opencontainers.image.title=ednsv
2026-07-26T06:23:24.9648835Z org.opencontainers.image.url=https://github.com/pkinerd/ednsv
2026-07-26T06:23:24.9649647Z org.opencontainers.image.version=pr-28
2026-07-26T06:23:24.9650558Z ##[endgroup]
2026-07-26T06:23:24.9651255Z ##[group]Annotations
2026-07-26T06:23:24.9652244Z manifest:org.opencontainers.image.created=2026-07-26T06:23:24.946Z
2026-07-26T06:23:24.9653123Z manifest:org.opencontainers.image.description=
2026-07-26T06:23:24.9653777Z manifest:org.opencontainers.image.licenses=
2026-07-26T06:23:24.9654948Z manifest:org.opencontainers.image.revision=f06d1ba03057d6e48a91da7b8aa05676f2444d25
2026-07-26T06:23:24.9656050Z manifest:org.opencontainers.image.source=https://github.com/pkinerd/ednsv
2026-07-26T06:23:24.9656881Z manifest:org.opencontainers.image.title=ednsv
2026-07-26T06:23:24.9657727Z manifest:org.opencontainers.image.url=https://github.com/pkinerd/ednsv
2026-07-26T06:23:24.9658620Z manifest:org.opencontainers.image.version=pr-28
2026-07-26T06:23:24.9659559Z ##[endgroup]
2026-07-26T06:23:24.9660437Z ##[group]JSON output
2026-07-26T06:23:24.9660907Z {
2026-07-26T06:23:24.9661394Z   "tags": [
2026-07-26T06:23:24.9661837Z     "ghcr.io/pkinerd/ednsv:pr-28",
2026-07-26T06:23:24.9662411Z     "ghcr.io/pkinerd/ednsv:latest-any",
2026-07-26T06:23:24.9663184Z     "ghcr.io/pkinerd/ednsv:sha-f06d1ba"
2026-07-26T06:23:24.9663813Z   ],
2026-07-26T06:23:24.9664211Z   "tag-names": [
2026-07-26T06:23:24.9664857Z     "pr-28",
2026-07-26T06:23:24.9665209Z     "latest-any",
2026-07-26T06:23:24.9665615Z     "sha-f06d1ba"
2026-07-26T06:23:24.9665994Z   ],
2026-07-26T06:23:24.9666316Z   "labels": {
2026-07-26T06:23:24.9666905Z     "org.opencontainers.image.created": "2026-07-26T06:23:24.946Z",
2026-07-26T06:23:24.9667693Z     "org.opencontainers.image.description": "",
2026-07-26T06:23:24.9668364Z     "org.opencontainers.image.licenses": "",
2026-07-26T06:23:24.9669304Z     "org.opencontainers.image.revision": "f06d1ba03057d6e48a91da7b8aa05676f2444d25",
2026-07-26T06:23:24.9670428Z     "org.opencontainers.image.source": "https://github.com/pkinerd/ednsv",
2026-07-26T06:23:24.9671304Z     "org.opencontainers.image.title": "ednsv",
2026-07-26T06:23:24.9672446Z     "org.opencontainers.image.url": "https://github.com/pkinerd/ednsv",
2026-07-26T06:23:24.9673186Z     "org.opencontainers.image.version": "pr-28"
2026-07-26T06:23:24.9673670Z   },
2026-07-26T06:23:24.9673953Z   "annotations": [
2026-07-26T06:23:24.9674680Z     "manifest:org.opencontainers.image.created=2026-07-26T06:23:24.946Z",
2026-07-26T06:23:24.9675489Z     "manifest:org.opencontainers.image.description=",
2026-07-26T06:23:24.9676143Z     "manifest:org.opencontainers.image.licenses=",
2026-07-26T06:23:24.9676997Z     "manifest:org.opencontainers.image.revision=f06d1ba03057d6e48a91da7b8aa05676f2444d25",
2026-07-26T06:23:24.9678046Z     "manifest:org.opencontainers.image.source=https://github.com/pkinerd/ednsv",
2026-07-26T06:23:24.9678880Z     "manifest:org.opencontainers.image.title=ednsv",
2026-07-26T06:23:24.9679611Z     "manifest:org.opencontainers.image.url=https://github.com/pkinerd/ednsv",
2026-07-26T06:23:24.9680406Z     "manifest:org.opencontainers.image.version=pr-28"
2026-07-26T06:23:24.9680937Z   ]
2026-07-26T06:23:24.9681223Z }
2026-07-26T06:23:24.9681794Z ##[endgroup]
2026-07-26T06:23:24.9682437Z ##[group]Bake file definition (tags)
2026-07-26T06:23:24.9682874Z {
2026-07-26T06:23:24.9683169Z   "target": {
2026-07-26T06:23:24.9683520Z     "docker-metadata-action": {
2026-07-26T06:23:24.9683930Z       "tags": [
2026-07-26T06:23:24.9684289Z         "ghcr.io/pkinerd/ednsv:pr-28",
2026-07-26T06:23:24.9685141Z         "ghcr.io/pkinerd/ednsv:latest-any",
2026-07-26T06:23:24.9685667Z         "ghcr.io/pkinerd/ednsv:sha-f06d1ba"
2026-07-26T06:23:24.9686119Z       ],
2026-07-26T06:23:24.9686406Z       "args": {
2026-07-26T06:23:24.9686813Z         "DOCKER_META_IMAGES": "ghcr.io/pkinerd/ednsv",
2026-07-26T06:23:24.9687354Z         "DOCKER_META_VERSION": "pr-28"
2026-07-26T06:23:24.9687775Z       }
2026-07-26T06:23:24.9688058Z     }
2026-07-26T06:23:24.9688330Z   }
2026-07-26T06:23:24.9688602Z }
2026-07-26T06:23:24.9689143Z ##[endgroup]
2026-07-26T06:23:24.9689716Z ##[group]Bake file definition (labels)
2026-07-26T06:23:24.9690159Z {
2026-07-26T06:23:24.9690435Z   "target": {
2026-07-26T06:23:24.9691035Z     "docker-metadata-action": {
2026-07-26T06:23:24.9691458Z       "labels": {
2026-07-26T06:23:24.9691941Z         "org.opencontainers.image.created": "2026-07-26T06:23:24.946Z",
2026-07-26T06:23:24.9692651Z         "org.opencontainers.image.description": "",
2026-07-26T06:23:24.9693247Z         "org.opencontainers.image.licenses": "",
2026-07-26T06:23:24.9694027Z         "org.opencontainers.image.revision": "f06d1ba03057d6e48a91da7b8aa05676f2444d25",
2026-07-26T06:23:24.9695274Z         "org.opencontainers.image.source": "https://github.com/pkinerd/ednsv",
2026-07-26T06:23:24.9696031Z         "org.opencontainers.image.title": "ednsv",
2026-07-26T06:23:24.9696755Z         "org.opencontainers.image.url": "https://github.com/pkinerd/ednsv",
2026-07-26T06:23:24.9697590Z         "org.opencontainers.image.version": "pr-28"
2026-07-26T06:23:24.9698086Z       }
2026-07-26T06:23:24.9698352Z     }
2026-07-26T06:23:24.9698638Z   }
2026-07-26T06:23:24.9698876Z }
2026-07-26T06:23:24.9699379Z ##[endgroup]
2026-07-26T06:23:24.9699950Z ##[group]Bake file definition (annotations)
2026-07-26T06:23:24.9700362Z {
2026-07-26T06:23:24.9700606Z   "target": {
2026-07-26T06:23:24.9700905Z     "docker-metadata-action": {
2026-07-26T06:23:24.9701319Z       "annotations": [
2026-07-26T06:23:24.9701971Z         "manifest:org.opencontainers.image.created=2026-07-26T06:23:24.946Z",
2026-07-26T06:23:24.9702750Z         "manifest:org.opencontainers.image.description=",
2026-07-26T06:23:24.9703403Z         "manifest:org.opencontainers.image.licenses=",
2026-07-26T06:23:24.9704734Z         "manifest:org.opencontainers.image.revision=f06d1ba03057d6e48a91da7b8aa05676f2444d25",
2026-07-26T06:23:24.9705881Z         "manifest:org.opencontainers.image.source=https://github.com/pkinerd/ednsv",
2026-07-26T06:23:24.9706670Z         "manifest:org.opencontainers.image.title=ednsv",
2026-07-26T06:23:24.9707442Z         "manifest:org.opencontainers.image.url=https://github.com/pkinerd/ednsv",
2026-07-26T06:23:24.9708482Z         "manifest:org.opencontainers.image.version=pr-28"
2026-07-26T06:23:24.9709101Z       ]
2026-07-26T06:23:24.9709442Z     }
2026-07-26T06:23:24.9709803Z   }
2026-07-26T06:23:24.9710081Z }
2026-07-26T06:23:24.9710685Z ##[endgroup]
2026-07-26T06:23:24.9909474Z Node 20 is being deprecated. This workflow is running with Node 24 by default. If you need to temporarily use Node 20, you can set the ACTIONS_ALLOW_USE_UNSECURE_NODE_VERSION=true environment variable. For more information see: https://github.blog/changelog/2025-09-19-deprecation-of-node-20-on-github-actions-runners/
2026-07-26T06:23:24.9910781Z ##[group]Run docker/build-push-action@v6
2026-07-26T06:23:24.9911056Z with:
2026-07-26T06:23:24.9911241Z   context: .
2026-07-26T06:23:24.9911428Z   file: ./Dockerfile
2026-07-26T06:23:24.9911631Z   push: true
2026-07-26T06:23:24.9912036Z   tags: ghcr.io/pkinerd/ednsv:pr-28
ghcr.io/pkinerd/ednsv:latest-any
ghcr.io/pkinerd/ednsv:sha-f06d1ba
2026-07-26T06:23:24.9913949Z   labels: org.opencontainers.image.created=2026-07-26T06:23:24.946Z
org.opencontainers.image.description=
org.opencontainers.image.licenses=
org.opencontainers.image.revision=f06d1ba03057d6e48a91da7b8aa05676f2444d25
org.opencontainers.image.source=https://github.com/pkinerd/ednsv
org.opencontainers.image.title=ednsv
org.opencontainers.image.url=https://github.com/pkinerd/ednsv
org.opencontainers.image.version=pr-28
2026-07-26T06:23:24.9915949Z   cache-from: type=gha
2026-07-26T06:23:24.9916185Z   cache-to: type=gha,mode=max
2026-07-26T06:23:24.9916425Z   load: false
2026-07-26T06:23:24.9916643Z   no-cache: false
2026-07-26T06:23:24.9916834Z   pull: false
2026-07-26T06:23:24.9919607Z   github-token: ***
2026-07-26T06:23:24.9919811Z env:
2026-07-26T06:23:24.9919988Z   REGISTRY: ghcr.io
2026-07-26T06:23:24.9920196Z   IMAGE_NAME: pkinerd/ednsv
2026-07-26T06:23:24.9920447Z   DOCKER_METADATA_OUTPUT_VERSION: pr-28
2026-07-26T06:23:24.9921008Z   DOCKER_METADATA_OUTPUT_TAGS: ghcr.io/pkinerd/ednsv:pr-28
ghcr.io/pkinerd/ednsv:latest-any
ghcr.io/pkinerd/ednsv:sha-f06d1ba
2026-07-26T06:23:24.9921666Z   DOCKER_METADATA_OUTPUT_TAG_NAMES: pr-28
latest-any
sha-f06d1ba
2026-07-26T06:23:24.9923534Z   DOCKER_METADATA_OUTPUT_LABELS: org.opencontainers.image.created=2026-07-26T06:23:24.946Z
org.opencontainers.image.description=
org.opencontainers.image.licenses=
org.opencontainers.image.revision=f06d1ba03057d6e48a91da7b8aa05676f2444d25
org.opencontainers.image.source=https://github.com/pkinerd/ednsv
org.opencontainers.image.title=ednsv
org.opencontainers.image.url=https://github.com/pkinerd/ednsv
org.opencontainers.image.version=pr-28
2026-07-26T06:23:24.9927340Z   DOCKER_METADATA_OUTPUT_ANNOTATIONS: manifest:org.opencontainers.image.created=2026-07-26T06:23:24.946Z
manifest:org.opencontainers.image.description=
manifest:org.opencontainers.image.licenses=
manifest:org.opencontainers.image.revision=f06d1ba03057d6e48a91da7b8aa05676f2444d25
manifest:org.opencontainers.image.source=https://github.com/pkinerd/ednsv
manifest:org.opencontainers.image.title=ednsv
manifest:org.opencontainers.image.url=https://github.com/pkinerd/ednsv
manifest:org.opencontainers.image.version=pr-28
2026-07-26T06:23:24.9933453Z   DOCKER_METADATA_OUTPUT_JSON: {"tags":["ghcr.io/pkinerd/ednsv:pr-28","ghcr.io/pkinerd/ednsv:latest-any","ghcr.io/pkinerd/ednsv:sha-f06d1ba"],"tag-names":["pr-28","latest-any","sha-f06d1ba"],"labels":{"org.opencontainers.image.created":"2026-07-26T06:23:24.946Z","org.opencontainers.image.description":"","org.opencontainers.image.licenses":"","org.opencontainers.image.revision":"f06d1ba03057d6e48a91da7b8aa05676f2444d25","org.opencontainers.image.source":"https://github.com/pkinerd/ednsv","org.opencontainers.image.title":"ednsv","org.opencontainers.image.url":"https://github.com/pkinerd/ednsv","org.opencontainers.image.version":"pr-28"},"annotations":["manifest:org.opencontainers.image.created=2026-07-26T06:23:24.946Z","manifest:org.opencontainers.image.description=","manifest:org.opencontainers.image.licenses=","manifest:org.opencontainers.image.revision=f06d1ba03057d6e48a91da7b8aa05676f2444d25","manifest:org.opencontainers.image.source=https://github.com/pkinerd/ednsv","manifest:org.opencontainers.image.title=ednsv","manifest:org.opencontainers.image.url=https://github.com/pkinerd/ednsv","manifest:org.opencontainers.image.version=pr-28"]}
2026-07-26T06:23:24.9938478Z   DOCKER_METADATA_OUTPUT_BAKE_FILE_TAGS: /home/runner/work/_temp/docker-actions-toolkit-hmtw1S/docker-metadata-action-bake-tags.json
2026-07-26T06:23:24.9939430Z   DOCKER_METADATA_OUTPUT_BAKE_FILE_LABELS: /home/runner/work/_temp/docker-actions-toolkit-hmtw1S/docker-metadata-action-bake-labels.json
2026-07-26T06:23:24.9940440Z   DOCKER_METADATA_OUTPUT_BAKE_FILE_ANNOTATIONS: /home/runner/work/_temp/docker-actions-toolkit-hmtw1S/docker-metadata-action-bake-annotations.json
2026-07-26T06:23:24.9941381Z   DOCKER_METADATA_OUTPUT_BAKE_FILE: /home/runner/work/_temp/docker-actions-toolkit-hmtw1S/docker-metadata-action-bake.json
2026-07-26T06:23:24.9941924Z ##[endgroup]
2026-07-26T06:23:25.2428493Z (node:2768) [DEP0040] DeprecationWarning: The `punycode` module is deprecated. Please use a userland alternative instead.
2026-07-26T06:23:25.2429972Z (Use `node --trace-deprecation ...` to show where the warning was created)
2026-07-26T06:23:25.2450215Z ##[group]GitHub Actions runtime token ACs
2026-07-26T06:23:25.2458573Z refs/pull/28/merge: read/write
2026-07-26T06:23:25.2459112Z refs/heads/main: read
2026-07-26T06:23:25.2459834Z ##[endgroup]
2026-07-26T06:23:25.2460637Z ##[group]Docker info
2026-07-26T06:23:25.2545908Z [command]/usr/bin/docker version
2026-07-26T06:23:25.2791287Z Client: Docker Engine - Community
2026-07-26T06:23:25.2799021Z  Version:           28.0.4
2026-07-26T06:23:25.2799807Z  API version:       1.48
2026-07-26T06:23:25.2800757Z  Go version:        go1.23.7
2026-07-26T06:23:25.2801539Z  Git commit:        b8034c0
2026-07-26T06:23:25.2802355Z  Built:             Tue Mar 25 15:07:16 2025
2026-07-26T06:23:25.2803121Z  OS/Arch:           linux/amd64
2026-07-26T06:23:25.2803808Z  Context:           default
2026-07-26T06:23:25.2804268Z 
2026-07-26T06:23:25.2805088Z Server: Docker Engine - Community
2026-07-26T06:23:25.2806083Z  Engine:
2026-07-26T06:23:25.2806711Z   Version:          28.0.4
2026-07-26T06:23:25.2807682Z   API version:      1.48 (minimum version 1.24)
2026-07-26T06:23:25.2808656Z   Go version:       go1.23.7
2026-07-26T06:23:25.2809497Z   Git commit:       6430e49
2026-07-26T06:23:25.2810289Z   Built:            Tue Mar 25 15:07:16 2025
2026-07-26T06:23:25.2834142Z   OS/Arch:          linux/amd64
2026-07-26T06:23:25.2834996Z   Experimental:     false
2026-07-26T06:23:25.2835546Z  containerd:
2026-07-26T06:23:25.2836061Z   Version:          v2.2.6
2026-07-26T06:23:25.2836695Z   GitCommit:        11ce9d5f3c68c941867e82890e93e815c1304f1b
2026-07-26T06:23:25.2837372Z  runc:
2026-07-26T06:23:25.2837777Z   Version:          1.3.6
2026-07-26T06:23:25.2838254Z   GitCommit:        v1.3.6-0-g491b69ba
2026-07-26T06:23:25.2838778Z  docker-init:
2026-07-26T06:23:25.2839253Z   Version:          0.19.0
2026-07-26T06:23:25.2839726Z   GitCommit:        de40ad0
2026-07-26T06:23:25.2872598Z [command]/usr/bin/docker info
2026-07-26T06:23:25.3444203Z Client: Docker Engine - Community
2026-07-26T06:23:25.3445318Z  Version:    28.0.4
2026-07-26T06:23:25.3445904Z  Context:    default
2026-07-26T06:23:25.3446351Z  Debug Mode: false
2026-07-26T06:23:25.3446766Z  Plugins:
2026-07-26T06:23:25.3447175Z   buildx: Docker Buildx (Docker Inc.)
2026-07-26T06:23:25.3447775Z     Version:  v0.35.0
2026-07-26T06:23:25.3448360Z     Path:     /usr/libexec/docker/cli-plugins/docker-buildx
2026-07-26T06:23:25.3449052Z   compose: Docker Compose (Docker Inc.)
2026-07-26T06:23:25.3449583Z     Version:  v2.38.2
2026-07-26T06:23:25.3450119Z     Path:     /usr/libexec/docker/cli-plugins/docker-compose
2026-07-26T06:23:25.3450611Z 
2026-07-26T06:23:25.3450818Z Server:
2026-07-26T06:23:25.3451189Z  Containers: 1
2026-07-26T06:23:25.3451583Z   Running: 1
2026-07-26T06:23:25.3451959Z   Paused: 0
2026-07-26T06:23:25.3452967Z   Stopped: 0
2026-07-26T06:23:25.3453398Z  Images: 7
2026-07-26T06:23:25.3453831Z  Server Version: 28.0.4
2026-07-26T06:23:25.3454303Z  Storage Driver: overlay2
2026-07-26T06:23:25.3455813Z   Backing Filesystem: extfs
2026-07-26T06:23:25.3457139Z   Supports d_type: true
2026-07-26T06:23:25.3457833Z   Using metacopy: false
2026-07-26T06:23:25.3458370Z   Native Overlay Diff: false
2026-07-26T06:23:25.3458882Z   userxattr: false
2026-07-26T06:23:25.3459357Z  Logging Driver: json-file
2026-07-26T06:23:25.3459859Z  Cgroup Driver: systemd
2026-07-26T06:23:25.3460291Z  Cgroup Version: 2
2026-07-26T06:23:25.3460691Z  Plugins:
2026-07-26T06:23:25.3461068Z   Volume: local
2026-07-26T06:23:25.3461612Z   Network: bridge host ipvlan macvlan null overlay
2026-07-26T06:23:25.3462430Z   Log: awslogs fluentd gcplogs gelf journald json-file local splunk syslog
2026-07-26T06:23:25.3463230Z  Swarm: inactive
2026-07-26T06:23:25.3463718Z  Runtimes: io.containerd.runc.v2 runc
2026-07-26T06:23:25.3464289Z  Default Runtime: runc
2026-07-26T06:23:25.3465056Z  Init Binary: docker-init
2026-07-26T06:23:25.3465593Z  containerd version: 11ce9d5f3c68c941867e82890e93e815c1304f1b
2026-07-26T06:23:25.3466117Z  runc version: v1.3.6-0-g491b69ba
2026-07-26T06:23:25.3466379Z  init version: de40ad0
2026-07-26T06:23:25.3466606Z  Security Options:
2026-07-26T06:23:25.3466804Z   apparmor
2026-07-26T06:23:25.3466984Z   seccomp
2026-07-26T06:23:25.3467160Z    Profile: builtin
2026-07-26T06:23:25.3467357Z   cgroupns
2026-07-26T06:23:25.3467542Z  Kernel Version: 6.17.0-1020-azure
2026-07-26T06:23:25.3467803Z  Operating System: Ubuntu 24.04.4 LTS
2026-07-26T06:23:25.3468063Z  OSType: linux
2026-07-26T06:23:25.3468260Z  Architecture: x86_64
2026-07-26T06:23:25.3468458Z  CPUs: 4
2026-07-26T06:23:25.3468631Z  Total Memory: 15.61GiB
2026-07-26T06:23:25.3468838Z  Name: runnervmvrwv9
2026-07-26T06:23:25.3469060Z  ID: dce1e4a9-fc26-4218-aaf0-feee5194c8cb
2026-07-26T06:23:25.3469340Z  Docker Root Dir: /var/lib/docker
2026-07-26T06:23:25.3469587Z  Debug Mode: false
2026-07-26T06:23:25.3469797Z  Username: githubactions
2026-07-26T06:23:25.3470017Z  Experimental: false
2026-07-26T06:23:25.3470221Z  Insecure Registries:
2026-07-26T06:23:25.3470447Z   ::1/128
2026-07-26T06:23:25.3470615Z   127.0.0.0/8
2026-07-26T06:23:25.3470813Z  Live Restore Enabled: false
2026-07-26T06:23:25.3470960Z 
2026-07-26T06:23:25.3484954Z ##[endgroup]
2026-07-26T06:23:25.3485742Z ##[group]Proxy configuration
2026-07-26T06:23:25.3488113Z No proxy configuration found
2026-07-26T06:23:25.3488930Z ##[endgroup]
2026-07-26T06:23:25.4104318Z ##[group]Buildx version
2026-07-26T06:23:25.4130288Z [command]/usr/bin/docker buildx version
2026-07-26T06:23:25.4644822Z github.com/docker/buildx v0.35.0 a319e5b15052cf6557ceb666eb8ff6e32380b782
2026-07-26T06:23:25.4684141Z ##[endgroup]
2026-07-26T06:23:25.4685318Z ##[group]Builder info
2026-07-26T06:23:25.5613089Z {
2026-07-26T06:23:25.5613530Z   "nodes": [
2026-07-26T06:23:25.5613882Z     {
2026-07-26T06:23:25.5614412Z       "name": "builder-654104c1-c25d-4667-afce-4b9d73776a200",
2026-07-26T06:23:25.5615460Z       "endpoint": "unix:///var/run/docker.sock",
2026-07-26T06:23:25.5616040Z       "status": "running",
2026-07-26T06:23:25.5617038Z       "buildkitd-flags": "--allow-insecure-entitlement security.insecure --allow-insecure-entitlement network.host",
2026-07-26T06:23:25.5618102Z       "buildkit": "v0.31.2",
2026-07-26T06:23:25.5618697Z       "platforms": "linux/amd64,linux/amd64/v2,linux/amd64/v3,linux/386",
2026-07-26T06:23:25.5619335Z       "features": {
2026-07-26T06:23:25.5619912Z         "Automatically load images to the Docker Engine image store": true,
2026-07-26T06:23:25.5620651Z         "Cache export": true,
2026-07-26T06:23:25.5621149Z         "Direct push": true,
2026-07-26T06:23:25.5621606Z         "Docker exporter": true,
2026-07-26T06:23:25.5622063Z         "Multi-platform build": true,
2026-07-26T06:23:25.5622549Z         "OCI exporter": true
2026-07-26T06:23:25.5622950Z       },
2026-07-26T06:23:25.5623237Z       "labels": {
2026-07-26T06:23:25.5624096Z         "org.mobyproject.buildkit.worker.executor": "oci",
2026-07-26T06:23:25.5625375Z         "org.mobyproject.buildkit.worker.hostname": "1a0b8671c513",
2026-07-26T06:23:25.5626240Z         "org.mobyproject.buildkit.worker.network": "host",
2026-07-26T06:23:25.5627318Z         "org.mobyproject.buildkit.worker.oci.process-mode": "sandbox",
2026-07-26T06:23:25.5628218Z         "org.mobyproject.buildkit.worker.selinux.enabled": "false",
2026-07-26T06:23:25.5629075Z         "org.mobyproject.buildkit.worker.snapshotter": "overlayfs"
2026-07-26T06:23:25.5629708Z       },
2026-07-26T06:23:25.5630084Z       "gcPolicy": [
2026-07-26T06:23:25.5630438Z         {
2026-07-26T06:23:25.5630793Z           "all": false,
2026-07-26T06:23:25.5631208Z           "filter": [
2026-07-26T06:23:25.5631824Z             "type==source.local type==exec.cachemount type==source.git.checkout"
2026-07-26T06:23:25.5632519Z           ],
2026-07-26T06:23:25.5632920Z           "keepDuration": "48h0m0s",
2026-07-26T06:23:25.5633457Z           "maxUsedSpace": "488.3MiB"
2026-07-26T06:23:25.5633901Z         },
2026-07-26T06:23:25.5634214Z         {
2026-07-26T06:23:25.5635440Z           "all": false,
2026-07-26T06:23:25.5635891Z           "keepDuration": "1440h0m0s",
2026-07-26T06:23:25.5636453Z           "reservedSpace": "9.313GiB",
2026-07-26T06:23:25.5636951Z           "maxUsedSpace": "93.13GiB",
2026-07-26T06:23:25.5637487Z           "minFreeSpace": "27.01GiB"
2026-07-26T06:23:25.5638019Z         },
2026-07-26T06:23:25.5638385Z         {
2026-07-26T06:23:25.5638666Z           "all": false,
2026-07-26T06:23:25.5639092Z           "reservedSpace": "9.313GiB",
2026-07-26T06:23:25.5639575Z           "maxUsedSpace": "93.13GiB",
2026-07-26T06:23:25.5640076Z           "minFreeSpace": "27.01GiB"
2026-07-26T06:23:25.5640516Z         },
2026-07-26T06:23:25.5640859Z         {
2026-07-26T06:23:25.5641172Z           "all": true,
2026-07-26T06:23:25.5641582Z           "reservedSpace": "9.313GiB",
2026-07-26T06:23:25.5642069Z           "maxUsedSpace": "93.13GiB",
2026-07-26T06:23:25.5642615Z           "minFreeSpace": "27.01GiB"
2026-07-26T06:23:25.5643061Z         }
2026-07-26T06:23:25.5643375Z       ]
2026-07-26T06:23:25.5643673Z     }
2026-07-26T06:23:25.5644020Z   ],
2026-07-26T06:23:25.5644738Z   "name": "builder-654104c1-c25d-4667-afce-4b9d73776a20",
2026-07-26T06:23:25.5645389Z   "driver": "docker-container",
2026-07-26T06:23:25.5645942Z   "lastActivity": "2026-07-26T06:23:16.000Z"
2026-07-26T06:23:25.5646419Z }
2026-07-26T06:23:25.5647146Z ##[endgroup]
2026-07-26T06:23:25.7239232Z [command]/usr/bin/docker buildx build --cache-from type=gha --cache-to type=gha,mode=max --file ./Dockerfile --iidfile /home/runner/work/_temp/docker-actions-toolkit-9W5yER/build-iidfile-c8cc78b45f.txt --label org.opencontainers.image.created=2026-07-26T06:23:24.946Z --label org.opencontainers.image.description= --label org.opencontainers.image.licenses= --label org.opencontainers.image.revision=f06d1ba03057d6e48a91da7b8aa05676f2444d25 --label org.opencontainers.image.source=https://github.com/pkinerd/ednsv --label org.opencontainers.image.title=ednsv --label org.opencontainers.image.url=https://github.com/pkinerd/ednsv --label org.opencontainers.image.version=pr-28 --attest type=provenance,mode=max,builder-id=https://github.com/pkinerd/ednsv/actions/runs/30190933754/attempts/1 --tag ghcr.io/pkinerd/ednsv:pr-28 --tag ghcr.io/pkinerd/ednsv:latest-any --tag ghcr.io/pkinerd/ednsv:sha-f06d1ba --metadata-file /home/runner/work/_temp/docker-actions-toolkit-9W5yER/build-metadata-ca13d69e44.json --push .
2026-07-26T06:23:26.0658683Z #0 building with "builder-654104c1-c25d-4667-afce-4b9d73776a20" instance using docker-container driver
2026-07-26T06:23:26.0659546Z 
2026-07-26T06:23:26.0659807Z #1 [internal] load build definition from Dockerfile
2026-07-26T06:23:26.0660416Z #1 transferring dockerfile: 827B 0.0s done
2026-07-26T06:23:26.0660893Z #1 DONE 0.0s
2026-07-26T06:23:26.0661107Z 
2026-07-26T06:23:26.0661527Z #2 resolve image config for docker-image://docker.io/docker/dockerfile:1.7
2026-07-26T06:23:26.2967595Z #2 ...
2026-07-26T06:23:26.2967946Z 
2026-07-26T06:23:26.2968168Z #3 [auth] docker/dockerfile:pull token for registry-1.docker.io
2026-07-26T06:23:26.2968536Z #3 DONE 0.0s
2026-07-26T06:23:26.4463857Z 
2026-07-26T06:23:26.4465237Z #2 resolve image config for docker-image://docker.io/docker/dockerfile:1.7
2026-07-26T06:23:26.8399669Z #2 DONE 0.9s
2026-07-26T06:23:27.0001418Z 
2026-07-26T06:23:27.0002521Z #4 docker-image://docker.io/docker/dockerfile:1.7@sha256:a57df69d0ea827fb7266491f2813635de6f17269be881f696fbfdf2d83dda33e
2026-07-26T06:23:27.0003407Z #4 resolve docker.io/docker/dockerfile:1.7@sha256:a57df69d0ea827fb7266491f2813635de6f17269be881f696fbfdf2d83dda33e done
2026-07-26T06:23:27.0024506Z #4 sha256:96918c57e42509b97f10c074d80672ecdbd3bb7dcd38c1bd95960cf291207416 2.10MB / 11.98MB 0.2s
2026-07-26T06:23:27.1380664Z #4 sha256:96918c57e42509b97f10c074d80672ecdbd3bb7dcd38c1bd95960cf291207416 11.98MB / 11.98MB 0.2s done
2026-07-26T06:23:27.1381660Z #4 extracting sha256:96918c57e42509b97f10c074d80672ecdbd3bb7dcd38c1bd95960cf291207416 0.1s done
2026-07-26T06:23:27.1382442Z #4 DONE 0.3s
2026-07-26T06:23:27.3093862Z 
2026-07-26T06:23:27.3095799Z #5 [internal] load metadata for mcr.microsoft.com/dotnet/aspnet:8.0
2026-07-26T06:23:27.3096448Z #5 DONE 0.1s
2026-07-26T06:23:27.3096662Z 
2026-07-26T06:23:27.3096970Z #6 [internal] load metadata for mcr.microsoft.com/dotnet/sdk:8.0
2026-07-26T06:23:27.5220759Z #6 DONE 0.1s
2026-07-26T06:23:27.5221084Z 
2026-07-26T06:23:27.5221275Z #7 [internal] load .dockerignore
2026-07-26T06:23:27.5221810Z #7 transferring context: 249B done
2026-07-26T06:23:27.5222203Z #7 DONE 0.0s
2026-07-26T06:23:27.5222382Z 
2026-07-26T06:23:27.5222528Z #8 [internal] load build context
2026-07-26T06:23:27.5222891Z #8 DONE 0.0s
2026-07-26T06:23:27.5223054Z 
2026-07-26T06:23:27.5223716Z #9 [build 1/8] FROM mcr.microsoft.com/dotnet/sdk:8.0@sha256:3c0edbfe1549dd93fb789dc96299a40df865ad7bffefcaf38e8c05940686d641
2026-07-26T06:23:27.5225058Z #9 resolve mcr.microsoft.com/dotnet/sdk:8.0@sha256:3c0edbfe1549dd93fb789dc96299a40df865ad7bffefcaf38e8c05940686d641 done
2026-07-26T06:23:27.5225918Z #9 DONE 0.0s
2026-07-26T06:23:27.5226054Z 
2026-07-26T06:23:27.5226474Z #10 [runtime 1/3] FROM mcr.microsoft.com/dotnet/aspnet:8.0@sha256:8f6a307ae32fb393a4b4bcde0a81f0ce3f0a715de0e5575df71f3030448f2dde
2026-07-26T06:23:27.5227357Z #10 resolve mcr.microsoft.com/dotnet/aspnet:8.0@sha256:8f6a307ae32fb393a4b4bcde0a81f0ce3f0a715de0e5575df71f3030448f2dde done
2026-07-26T06:23:27.5227916Z #10 DONE 0.0s
2026-07-26T06:23:27.5228030Z 
2026-07-26T06:23:27.5228170Z #11 importing cache manifest from gha:142169335296917909
2026-07-26T06:23:27.8906721Z #11 DONE 0.5s
2026-07-26T06:23:28.0713189Z 
2026-07-26T06:23:28.0713964Z #8 [internal] load build context
2026-07-26T06:23:28.0714729Z #8 transferring context: 931.83kB 0.0s done
2026-07-26T06:23:28.0715393Z #8 DONE 0.0s
2026-07-26T06:23:28.0715589Z 
2026-07-26T06:23:28.0715740Z #12 [build 2/8] WORKDIR /src
2026-07-26T06:23:28.0716027Z #12 CACHED
2026-07-26T06:23:28.0716168Z 
2026-07-26T06:23:28.0716352Z #13 [build 3/8] COPY src/Ednsv.Core/Ednsv.Core.csproj src/Ednsv.Core/
2026-07-26T06:23:28.0716716Z #13 CACHED
2026-07-26T06:23:28.0716825Z 
2026-07-26T06:23:28.0716987Z #14 [build 4/8] COPY src/Ednsv.Web/Ednsv.Web.csproj src/Ednsv.Web/
2026-07-26T06:23:28.0717330Z #14 CACHED
2026-07-26T06:23:28.0717433Z 
2026-07-26T06:23:28.0717589Z #15 [build 5/8] RUN dotnet restore src/Ednsv.Web/Ednsv.Web.csproj
2026-07-26T06:23:28.0717914Z #15 CACHED
2026-07-26T06:23:28.0718017Z 
2026-07-26T06:23:28.0718141Z #16 [build 6/8] COPY src/Ednsv.Core/ src/Ednsv.Core/
2026-07-26T06:23:28.0718433Z #16 CACHED
2026-07-26T06:23:28.0718536Z 
2026-07-26T06:23:28.0719390Z #17 [build 8/8] RUN dotnet publish src/Ednsv.Web/Ednsv.Web.csproj         --configuration Release         --no-restore         --output /app/publish         /p:UseAppHost=false
2026-07-26T06:23:28.0720332Z #17 CACHED
2026-07-26T06:23:28.0720447Z 
2026-07-26T06:23:28.0720544Z #18 [runtime 2/3] WORKDIR /app
2026-07-26T06:23:28.0721102Z #18 CACHED
2026-07-26T06:23:28.0721202Z 
2026-07-26T06:23:28.0721329Z #19 [build 7/8] COPY src/Ednsv.Web/ src/Ednsv.Web/
2026-07-26T06:23:28.0721628Z #19 CACHED
2026-07-26T06:23:28.0721727Z 
2026-07-26T06:23:28.0721861Z #20 [runtime 3/3] COPY --from=build /app/publish ./
2026-07-26T06:23:28.0935042Z #20 CACHED
2026-07-26T06:23:28.2092378Z 
2026-07-26T06:23:28.2097052Z #21 [auth] pkinerd/ednsv:pull,push token for ghcr.io
2026-07-26T06:23:28.3308072Z #21 DONE 0.0s
2026-07-26T06:23:28.3311371Z 
2026-07-26T06:23:28.3311716Z #22 exporting to image
2026-07-26T06:23:28.3315038Z #22 exporting layers done
2026-07-26T06:23:28.3316434Z #22 exporting manifest sha256:85eb9f5b3aaebc525476c2a48d9e36bc09ebc9101d7804f7025695a21c6d0b48 done
2026-07-26T06:23:28.3317637Z #22 exporting config sha256:af3da02efec4b4af1259e0edb448aab32dc35ad3ee02e8f5bb463a8843107f67 done
2026-07-26T06:23:28.3318917Z #22 exporting attestation manifest sha256:741f1be3a3c0e63cd84fefc80a5dbf1c940825144ecc33dc34d87cba842a0b05 done
2026-07-26T06:23:28.3320392Z #22 exporting manifest list sha256:763e6a5eac9457d063da173a2b4dce712fe3abf49c0f8f256c8621f0326dab27 done
2026-07-26T06:23:28.3321292Z #22 pushing layers
2026-07-26T06:23:29.7733064Z #22 pushing layers 1.7s done
2026-07-26T06:23:29.7734295Z #22 pushing manifest for ghcr.io/pkinerd/ednsv:pr-28@sha256:763e6a5eac9457d063da173a2b4dce712fe3abf49c0f8f256c8621f0326dab27
2026-07-26T06:23:30.6220870Z #22 ...
2026-07-26T06:23:30.6221174Z 
2026-07-26T06:23:30.6221374Z #23 exporting to GitHub Actions Cache
2026-07-26T06:23:30.6221718Z #23 preparing build cache for export 0.2s done
2026-07-26T06:23:30.6222028Z #23 sending cache export 2.3s done
2026-07-26T06:23:30.6222270Z #23 DONE 2.5s
2026-07-26T06:23:30.7727655Z 
2026-07-26T06:23:30.7728258Z #22 exporting to image
2026-07-26T06:23:31.1521094Z #22 pushing manifest for ghcr.io/pkinerd/ednsv:pr-28@sha256:763e6a5eac9457d063da173a2b4dce712fe3abf49c0f8f256c8621f0326dab27 1.4s done
2026-07-26T06:23:31.4011455Z #22 pushing layers 0.2s done
2026-07-26T06:23:32.1063484Z #22 pushing manifest for ghcr.io/pkinerd/ednsv:latest-any@sha256:763e6a5eac9457d063da173a2b4dce712fe3abf49c0f8f256c8621f0326dab27
2026-07-26T06:23:32.1066087Z #22 pushing manifest for ghcr.io/pkinerd/ednsv:latest-any@sha256:763e6a5eac9457d063da173a2b4dce712fe3abf49c0f8f256c8621f0326dab27 0.7s done
2026-07-26T06:23:32.3996746Z #22 pushing layers 0.3s done
2026-07-26T06:23:32.3998055Z #22 pushing manifest for ghcr.io/pkinerd/ednsv:sha-f06d1ba@sha256:763e6a5eac9457d063da173a2b4dce712fe3abf49c0f8f256c8621f0326dab27
2026-07-26T06:23:32.9915165Z #22 pushing manifest for ghcr.io/pkinerd/ednsv:sha-f06d1ba@sha256:763e6a5eac9457d063da173a2b4dce712fe3abf49c0f8f256c8621f0326dab27 0.6s done
2026-07-26T06:23:32.9916500Z #22 DONE 4.9s
2026-07-26T06:23:33.0186570Z 
2026-07-26T06:23:33.0187251Z #24 resolving provenance for metadata file
2026-07-26T06:23:33.0187787Z #24 DONE 0.0s
2026-07-26T06:23:33.0273308Z ##[group]ImageID
2026-07-26T06:23:33.0273735Z sha256:763e6a5eac9457d063da173a2b4dce712fe3abf49c0f8f256c8621f0326dab27
2026-07-26T06:23:33.0275087Z ##[endgroup]
2026-07-26T06:23:33.0275470Z ##[group]Digest
2026-07-26T06:23:33.0275826Z sha256:763e6a5eac9457d063da173a2b4dce712fe3abf49c0f8f256c8621f0326dab27
2026-07-26T06:23:33.0286797Z ##[endgroup]
2026-07-26T06:23:33.0287678Z ##[group]Metadata
2026-07-26T06:23:33.0288073Z {
2026-07-26T06:23:33.0288431Z   "buildx.build.provenance": {
2026-07-26T06:23:33.0288894Z     "builder": {
2026-07-26T06:23:33.0289523Z       "id": "https://github.com/pkinerd/ednsv/actions/runs/30190933754/attempts/1"
2026-07-26T06:23:33.0290284Z     },
2026-07-26T06:23:33.0290866Z     "buildType": "https://mobyproject.org/buildkit@v1",
2026-07-26T06:23:33.0291447Z     "materials": [
2026-07-26T06:23:33.0291798Z       {
2026-07-26T06:23:33.0292176Z         "uri": "pkg:docker/docker/dockerfile@1.7",
2026-07-26T06:23:33.0292682Z         "digest": {
2026-07-26T06:23:33.0293360Z           "sha256": "a57df69d0ea827fb7266491f2813635de6f17269be881f696fbfdf2d83dda33e"
2026-07-26T06:23:33.0294812Z         }
2026-07-26T06:23:33.0295175Z       },
2026-07-26T06:23:33.0295477Z       {
2026-07-26T06:23:33.0296067Z         "uri": "pkg:docker/mcr.microsoft.com/dotnet/aspnet@8.0?platform=linux%2Famd64",
2026-07-26T06:23:33.0296835Z         "digest": {
2026-07-26T06:23:33.0297762Z           "sha256": "8f6a307ae32fb393a4b4bcde0a81f0ce3f0a715de0e5575df71f3030448f2dde"
2026-07-26T06:23:33.0298487Z         }
2026-07-26T06:23:33.0298763Z       },
2026-07-26T06:23:33.0299036Z       {
2026-07-26T06:23:33.0299638Z         "uri": "pkg:docker/mcr.microsoft.com/dotnet/sdk@8.0?platform=linux%2Famd64",
2026-07-26T06:23:33.0300298Z         "digest": {
2026-07-26T06:23:33.0300916Z           "sha256": "3c0edbfe1549dd93fb789dc96299a40df865ad7bffefcaf38e8c05940686d641"
2026-07-26T06:23:33.0301698Z         }
2026-07-26T06:23:33.0302007Z       }
2026-07-26T06:23:33.0302326Z     ],
2026-07-26T06:23:33.0302586Z     "invocation": {
2026-07-26T06:23:33.0302969Z       "configSource": {
2026-07-26T06:23:33.0303484Z         "entryPoint": "Dockerfile"
2026-07-26T06:23:33.0303963Z       },
2026-07-26T06:23:33.0304292Z       "parameters": {
2026-07-26T06:23:33.0304918Z         "frontend": "gateway.v0",
2026-07-26T06:23:33.0305310Z         "args": {
2026-07-26T06:23:33.0305710Z           "cmdline": "docker/dockerfile:1.7",
2026-07-26T06:23:33.0306602Z           "label:org.opencontainers.image.created": "2026-07-26T06:23:24.946Z",
2026-07-26T06:23:33.0307647Z           "label:org.opencontainers.image.description": "",
2026-07-26T06:23:33.0308532Z           "label:org.opencontainers.image.licenses": "",
2026-07-26T06:23:33.0309457Z           "label:org.opencontainers.image.revision": "f06d1ba03057d6e48a91da7b8aa05676f2444d25",
2026-07-26T06:23:33.0310441Z           "label:org.opencontainers.image.source": "https://github.com/pkinerd/ednsv",
2026-07-26T06:23:33.0311214Z           "label:org.opencontainers.image.title": "ednsv",
2026-07-26T06:23:33.0311919Z           "label:org.opencontainers.image.url": "https://github.com/pkinerd/ednsv",
2026-07-26T06:23:33.0312836Z           "label:org.opencontainers.image.version": "pr-28",
2026-07-26T06:23:33.0313413Z           "source": "docker/dockerfile:1.7"
2026-07-26T06:23:33.0313848Z         },
2026-07-26T06:23:33.0314143Z         "locals": [
2026-07-26T06:23:33.0314692Z           {
2026-07-26T06:23:33.0315026Z             "name": "context"
2026-07-26T06:23:33.0315402Z           },
2026-07-26T06:23:33.0315693Z           {
2026-07-26T06:23:33.0316004Z             "name": "dockerfile"
2026-07-26T06:23:33.0316388Z           }
2026-07-26T06:23:33.0316677Z         ],
2026-07-26T06:23:33.0316971Z         "root": {
2026-07-26T06:23:33.0317288Z           "configSource": {
2026-07-26T06:23:33.0317679Z             "path": "Dockerfile"
2026-07-26T06:23:33.0318048Z           },
2026-07-26T06:23:33.0318350Z           "request": {
2026-07-26T06:23:33.0318684Z             "args": {
2026-07-26T06:23:33.0319252Z               "label:org.opencontainers.image.created": "2026-07-26T06:23:24.946Z",
2026-07-26T06:23:33.0320008Z               "label:org.opencontainers.image.description": "",
2026-07-26T06:23:33.0320668Z               "label:org.opencontainers.image.licenses": "",
2026-07-26T06:23:33.0321402Z               "label:org.opencontainers.image.revision": "f06d1ba03057d6e48a91da7b8aa05676f2444d25",
2026-07-26T06:23:33.0322557Z               "label:org.opencontainers.image.source": "https://github.com/pkinerd/ednsv",
2026-07-26T06:23:33.0323360Z               "label:org.opencontainers.image.title": "ednsv",
2026-07-26T06:23:33.0323823Z               "label:org.opencontainers.image.url": "https://github.com/pkinerd/ednsv",
2026-07-26T06:23:33.0324299Z               "label:org.opencontainers.image.version": "pr-28",
2026-07-26T06:23:33.0324959Z               "vcs:localdir:context": ".",
2026-07-26T06:23:33.0325244Z               "vcs:localdir:dockerfile": ".",
2026-07-26T06:23:33.0325600Z               "vcs:revision": "f06d1ba03057d6e48a91da7b8aa05676f2444d25",
2026-07-26T06:23:33.0326037Z               "vcs:source": "https://github.com/pkinerd/ednsv"
2026-07-26T06:23:33.0326560Z             }
2026-07-26T06:23:33.0326768Z           }
2026-07-26T06:23:33.0326942Z         },
2026-07-26T06:23:33.0327135Z         "compatibilityVersion": 30
2026-07-26T06:23:33.0327374Z       },
2026-07-26T06:23:33.0327691Z       "environment": {
2026-07-26T06:23:33.0327940Z         "github_actor": "pkinerd",
2026-07-26T06:23:33.0328184Z         "github_actor_id": "169779439",
2026-07-26T06:23:33.0328452Z         "github_event_name": "pull_request",
2026-07-26T06:23:33.0328726Z         "github_event_payload": {
2026-07-26T06:23:33.0329014Z           "action": "synchronize",
2026-07-26T06:23:33.0329355Z           "after": "2654f17f4e06486f606319d6fce03c7b177ecb84",
2026-07-26T06:23:33.0329742Z           "before": "63c367f39930c7e2bd81873da01b2d0e23f6a675",
2026-07-26T06:23:33.0330062Z           "number": 28,
2026-07-26T06:23:33.0330291Z           "pull_request": {
2026-07-26T06:23:33.0330525Z             "_links": {
2026-07-26T06:23:33.0330738Z               "comments": {
2026-07-26T06:23:33.0331102Z                 "href": "https://api.github.com/repos/pkinerd/ednsv/issues/28/comments"
2026-07-26T06:23:33.0331514Z               },
2026-07-26T06:23:33.0331704Z               "commits": {
2026-07-26T06:23:33.0332058Z                 "href": "https://api.github.com/repos/pkinerd/ednsv/pulls/28/commits"
2026-07-26T06:23:33.0332440Z               },
2026-07-26T06:23:33.0332640Z               "html": {
2026-07-26T06:23:33.0332915Z                 "href": "https://github.com/pkinerd/ednsv/pull/28"
2026-07-26T06:23:33.0333254Z               },
2026-07-26T06:23:33.0333458Z               "issue": {
2026-07-26T06:23:33.0333754Z                 "href": "https://api.github.com/repos/pkinerd/ednsv/issues/28"
2026-07-26T06:23:33.0334132Z               },
2026-07-26T06:23:33.0334324Z               "review_comment": {
2026-07-26T06:23:33.0334989Z                 "href": "https://api.github.com/repos/pkinerd/ednsv/pulls/comments{/number}"
2026-07-26T06:23:33.0335379Z               },
2026-07-26T06:23:33.0335599Z               "review_comments": {
2026-07-26T06:23:33.0335949Z                 "href": "https://api.github.com/repos/pkinerd/ednsv/pulls/28/comments"
2026-07-26T06:23:33.0336307Z               },
2026-07-26T06:23:33.0336483Z               "self": {
2026-07-26T06:23:33.0336772Z                 "href": "https://api.github.com/repos/pkinerd/ednsv/pulls/28"
2026-07-26T06:23:33.0337104Z               },
2026-07-26T06:23:33.0337284Z               "statuses": {
2026-07-26T06:23:33.0337761Z                 "href": "https://api.github.com/repos/pkinerd/ednsv/statuses/2654f17f4e06486f606319d6fce03c7b177ecb84"
2026-07-26T06:23:33.0338345Z               }
2026-07-26T06:23:33.0338535Z             },
2026-07-26T06:23:33.0338733Z             "active_lock_reason": null,
2026-07-26T06:23:33.0339058Z             "additions": 6764,
2026-07-26T06:23:33.0339316Z             "assignee": null,
2026-07-26T06:23:33.0339566Z             "assignees": [],
2026-07-26T06:23:33.0339821Z             "author_association": "OWNER",
2026-07-26T06:23:33.0340112Z             "auto_merge": null,
2026-07-26T06:23:33.0340353Z             "base": {
2026-07-26T06:23:33.0340565Z               "label": "pkinerd:main",
2026-07-26T06:23:33.0340854Z               "ref": "main",
2026-07-26T06:23:33.0341075Z               "repo": {
2026-07-26T06:23:33.0341307Z                 "allow_auto_merge": false,
2026-07-26T06:23:33.0341603Z                 "allow_forking": true,
2026-07-26T06:23:33.0341877Z                 "allow_merge_commit": true,
2026-07-26T06:23:33.0342160Z                 "allow_rebase_merge": true,
2026-07-26T06:23:33.0342435Z                 "allow_squash_merge": true,
2026-07-26T06:23:33.0342729Z                 "allow_update_branch": false,
2026-07-26T06:23:33.0343182Z                 "archive_url": "https://api.github.com/repos/pkinerd/ednsv/{archive_format}{/ref}",
2026-07-26T06:23:33.0343655Z                 "archived": false,
2026-07-26T06:23:33.0344055Z                 "assignees_url": "https://api.github.com/repos/pkinerd/ednsv/assignees{/user}",
2026-07-26T06:23:33.0345054Z                 "blobs_url": "https://api.github.com/repos/pkinerd/ednsv/git/blobs{/sha}",
2026-07-26T06:23:33.0345641Z                 "branches_url": "https://api.github.com/repos/pkinerd/ednsv/branches{/branch}",
2026-07-26T06:23:33.0346374Z                 "clone_url": "https://github.com/pkinerd/ednsv.git",
2026-07-26T06:23:33.0347025Z                 "collaborators_url": "https://api.github.com/repos/pkinerd/ednsv/collaborators{/collaborator}",
2026-07-26T06:23:33.0347706Z                 "comments_url": "https://api.github.com/repos/pkinerd/ednsv/comments{/number}",
2026-07-26T06:23:33.0348287Z                 "commits_url": "https://api.github.com/repos/pkinerd/ednsv/commits{/sha}",
2026-07-26T06:23:33.0348895Z                 "compare_url": "https://api.github.com/repos/pkinerd/ednsv/compare/{base}...{head}",
2026-07-26T06:23:33.0349521Z                 "contents_url": "https://api.github.com/repos/pkinerd/ednsv/contents/{+path}",
2026-07-26T06:23:33.0350121Z                 "contributors_url": "https://api.github.com/repos/pkinerd/ednsv/contributors",
2026-07-26T06:23:33.0350597Z                 "created_at": "2026-03-30T21:24:40Z",
2026-07-26T06:23:33.0350901Z                 "default_branch": "main",
2026-07-26T06:23:33.0351205Z                 "delete_branch_on_merge": false,
2026-07-26T06:23:33.0351654Z                 "deployments_url": "https://api.github.com/repos/pkinerd/ednsv/deployments",
2026-07-26T06:23:33.0352102Z                 "description": null,
2026-07-26T06:23:33.0352373Z                 "disabled": false,
2026-07-26T06:23:33.0352753Z                 "downloads_url": "https://api.github.com/repos/pkinerd/ednsv/downloads",
2026-07-26T06:23:33.0353293Z                 "events_url": "https://api.github.com/repos/pkinerd/ednsv/events",
2026-07-26T06:23:33.0353686Z                 "fork": false,
2026-07-26T06:23:33.0353926Z                 "forks": 0,
2026-07-26T06:23:33.0354167Z                 "forks_count": 0,
2026-07-26T06:23:33.0354760Z                 "forks_url": "https://api.github.com/repos/pkinerd/ednsv/forks",
2026-07-26T06:23:33.0355195Z                 "full_name": "pkinerd/ednsv",
2026-07-26T06:23:33.0355669Z                 "git_commits_url": "https://api.github.com/repos/pkinerd/ednsv/git/commits{/sha}",
2026-07-26T06:23:33.0356505Z                 "git_refs_url": "https://api.github.com/repos/pkinerd/ednsv/git/refs{/sha}",
2026-07-26T06:23:33.0357388Z                 "git_tags_url": "https://api.github.com/repos/pkinerd/ednsv/git/tags{/sha}",
2026-07-26T06:23:33.0358196Z                 "git_url": "git://github.com/pkinerd/ednsv.git",
2026-07-26T06:23:33.0358799Z                 "has_discussions": false,
2026-07-26T06:23:33.0359185Z                 "has_downloads": false,
2026-07-26T06:23:33.0359459Z                 "has_issues": true,
2026-07-26T06:23:33.0359702Z                 "has_pages": false,
2026-07-26T06:23:33.0359961Z                 "has_projects": true,
2026-07-26T06:23:33.0360232Z                 "has_pull_requests": true,
2026-07-26T06:23:33.0360499Z                 "has_wiki": true,
2026-07-26T06:23:33.0360748Z                 "homepage": null,
2026-07-26T06:23:33.0361078Z                 "hooks_url": "https://api.github.com/repos/pkinerd/ednsv/hooks",
2026-07-26T06:23:33.0361513Z                 "html_url": "https://github.com/pkinerd/ednsv",
2026-07-26T06:23:33.0361837Z                 "id": 1196602452,
2026-07-26T06:23:33.0362087Z                 "is_template": false,
2026-07-26T06:23:33.0362541Z                 "issue_comment_url": "https://api.github.com/repos/pkinerd/ednsv/issues/comments{/number}",
2026-07-26T06:23:33.0363192Z                 "issue_events_url": "https://api.github.com/repos/pkinerd/ednsv/issues/events{/number}",
2026-07-26T06:23:33.0363772Z                 "issues_url": "https://api.github.com/repos/pkinerd/ednsv/issues{/number}",
2026-07-26T06:23:33.0364338Z                 "keys_url": "https://api.github.com/repos/pkinerd/ednsv/keys{/key_id}",
2026-07-26T06:23:33.0365988Z                 "labels_url": "https://api.github.com/repos/pkinerd/ednsv/labels{/name}",
2026-07-26T06:23:33.0366701Z                 "language": "C#",
2026-07-26T06:23:33.0367379Z                 "languages_url": "https://api.github.com/repos/pkinerd/ednsv/languages",
2026-07-26T06:23:33.0368378Z                 "license": null,
2026-07-26T06:23:33.0368891Z                 "merge_commit_message": "PR_TITLE",
2026-07-26T06:23:33.0369442Z                 "merge_commit_title": "MERGE_MESSAGE",
2026-07-26T06:23:33.0370199Z                 "merges_url": "https://api.github.com/repos/pkinerd/ednsv/merges",
2026-07-26T06:23:33.0371298Z                 "milestones_url": "https://api.github.com/repos/pkinerd/ednsv/milestones{/number}",
2026-07-26T06:23:33.0371798Z                 "mirror_url": null,
2026-07-26T06:23:33.0372041Z                 "name": "ednsv",
2026-07-26T06:23:33.0372304Z                 "node_id": "R_kgDOR1K0VA",
2026-07-26T06:23:33.0372829Z                 "notifications_url": "https://api.github.com/repos/pkinerd/ednsv/notifications{?since,all,participating}",
2026-07-26T06:23:33.0373381Z                 "open_issues": 1,
2026-07-26T06:23:33.0373623Z                 "open_issues_count": 1,
2026-07-26T06:23:33.0373889Z                 "owner": {
2026-07-26T06:23:33.0374236Z                   "avatar_url": "https://avatars.githubusercontent.com/u/169779439?v=4",
2026-07-26T06:23:33.0375259Z                   "events_url": "https://api.github.com/users/pkinerd/events{/privacy}",
2026-07-26T06:23:33.0376147Z                   "followers_url": "https://api.github.com/users/pkinerd/followers",
2026-07-26T06:23:33.0376788Z                   "following_url": "https://api.github.com/users/pkinerd/following{/other_user}",
2026-07-26T06:23:33.0377293Z                   "gists_url": "https://api.github.com/users/pkinerd/gists{/gist_id}",
2026-07-26T06:23:33.0377663Z                   "gravatar_id": "",
2026-07-26T06:23:33.0377955Z                   "html_url": "https://github.com/pkinerd",
2026-07-26T06:23:33.0378255Z                   "id": 169779439,
2026-07-26T06:23:33.0378491Z                   "login": "pkinerd",
2026-07-26T06:23:33.0378751Z                   "node_id": "U_kgDOCh6g7w",
2026-07-26T06:23:33.0379117Z                   "organizations_url": "https://api.github.com/users/pkinerd/orgs",
2026-07-26T06:23:33.0379628Z                   "received_events_url": "https://api.github.com/users/pkinerd/received_events",
2026-07-26T06:23:33.0380128Z                   "repos_url": "https://api.github.com/users/pkinerd/repos",
2026-07-26T06:23:33.0380473Z                   "site_admin": false,
2026-07-26T06:23:33.0380859Z                   "starred_url": "https://api.github.com/users/pkinerd/starred{/owner}{/repo}",
2026-07-26T06:23:33.0381393Z                   "subscriptions_url": "https://api.github.com/users/pkinerd/subscriptions",
2026-07-26T06:23:33.0381792Z                   "type": "User",
2026-07-26T06:23:33.0382074Z                   "url": "https://api.github.com/users/pkinerd",
2026-07-26T06:23:33.0382390Z                   "user_view_type": "public"
2026-07-26T06:23:33.0382634Z                 },
2026-07-26T06:23:33.0382828Z                 "private": false,
2026-07-26T06:23:33.0383084Z                 "pull_request_creation_policy": "all",
2026-07-26T06:23:33.0383489Z                 "pulls_url": "https://api.github.com/repos/pkinerd/ednsv/pulls{/number}",
2026-07-26T06:23:33.0383890Z                 "pushed_at": "2026-07-26T06:22:09Z",
2026-07-26T06:23:33.0384286Z                 "releases_url": "https://api.github.com/repos/pkinerd/ednsv/releases{/id}",
2026-07-26T06:23:33.0386013Z                 "size": 35253,
2026-07-26T06:23:33.0386339Z                 "squash_merge_commit_message": "COMMIT_MESSAGES",
2026-07-26T06:23:33.0386892Z                 "squash_merge_commit_title": "COMMIT_OR_PR_TITLE",
2026-07-26T06:23:33.0387248Z                 "ssh_url": "git@github.com:pkinerd/ednsv.git",
2026-07-26T06:23:33.0387564Z                 "stargazers_count": 0,
2026-07-26T06:23:33.0387962Z                 "stargazers_url": "https://api.github.com/repos/pkinerd/ednsv/stargazers",
2026-07-26T06:23:33.0388693Z                 "statuses_url": "https://api.github.com/repos/pkinerd/ednsv/statuses/{sha}",
2026-07-26T06:23:33.0389353Z                 "subscribers_url": "https://api.github.com/repos/pkinerd/ednsv/subscribers",
2026-07-26T06:23:33.0389905Z                 "subscription_url": "https://api.github.com/repos/pkinerd/ednsv/subscription",
2026-07-26T06:23:33.0390361Z                 "svn_url": "https://github.com/pkinerd/ednsv",
2026-07-26T06:23:33.0390749Z                 "tags_url": "https://api.github.com/repos/pkinerd/ednsv/tags",
2026-07-26T06:23:33.0391186Z                 "teams_url": "https://api.github.com/repos/pkinerd/ednsv/teams",
2026-07-26T06:23:33.0391544Z                 "topics": [],
2026-07-26T06:23:33.0391893Z                 "trees_url": "https://api.github.com/repos/pkinerd/ednsv/git/trees{/sha}",
2026-07-26T06:23:33.0392296Z                 "updated_at": "2026-07-24T14:18:46Z",
2026-07-26T06:23:33.0392633Z                 "url": "https://api.github.com/repos/pkinerd/ednsv",
2026-07-26T06:23:33.0392981Z                 "use_squash_pr_title_as_default": false,
2026-07-26T06:23:33.0393267Z                 "visibility": "public",
2026-07-26T06:23:33.0393523Z                 "watchers": 0,
2026-07-26T06:23:33.0393754Z                 "watchers_count": 0,
2026-07-26T06:23:33.0394064Z                 "web_commit_signoff_required": false
2026-07-26T06:23:33.0394324Z               },
2026-07-26T06:23:33.0394875Z               "sha": "0907a58f50a6c98d23ae466ed31c3a0c15264622",
2026-07-26T06:23:33.0395181Z               "user": {
2026-07-26T06:23:33.0395514Z                 "avatar_url": "https://avatars.githubusercontent.com/u/169779439?v=4",
2026-07-26T06:23:33.0396014Z                 "events_url": "https://api.github.com/users/pkinerd/events{/privacy}",
2026-07-26T06:23:33.0396494Z                 "followers_url": "https://api.github.com/users/pkinerd/followers",
2026-07-26T06:23:33.0396998Z                 "following_url": "https://api.github.com/users/pkinerd/following{/other_user}",
2026-07-26T06:23:33.0397499Z                 "gists_url": "https://api.github.com/users/pkinerd/gists{/gist_id}",
2026-07-26T06:23:33.0397876Z                 "gravatar_id": "",
2026-07-26T06:23:33.0398168Z                 "html_url": "https://github.com/pkinerd",
2026-07-26T06:23:33.0398453Z                 "id": 169779439,
2026-07-26T06:23:33.0398680Z                 "login": "pkinerd",
2026-07-26T06:23:33.0398928Z                 "node_id": "U_kgDOCh6g7w",
2026-07-26T06:23:33.0399286Z                 "organizations_url": "https://api.github.com/users/pkinerd/orgs",
2026-07-26T06:23:33.0399784Z                 "received_events_url": "https://api.github.com/users/pkinerd/received_events",
2026-07-26T06:23:33.0400249Z                 "repos_url": "https://api.github.com/users/pkinerd/repos",
2026-07-26T06:23:33.0400582Z                 "site_admin": false,
2026-07-26T06:23:33.0400957Z                 "starred_url": "https://api.github.com/users/pkinerd/starred{/owner}{/repo}",
2026-07-26T06:23:33.0401481Z                 "subscriptions_url": "https://api.github.com/users/pkinerd/subscriptions",
2026-07-26T06:23:33.0402188Z                 "type": "User",
2026-07-26T06:23:33.0402543Z                 "url": "https://api.github.com/users/pkinerd",
2026-07-26T06:23:33.0403045Z                 "user_view_type": "public"
2026-07-26T06:23:33.0403383Z               }
2026-07-26T06:23:33.0403718Z             },
2026-07-26T06:23:33.0424904Z             "body": "Four defects in the same family — file writes that assume they are the\nonly writer, and a read that destroys data when it fails.\n\n1. Fixed temp-file paths. Six write sites built their scratch file as\n   \"<target>.tmp\": ConfigService (config.json, revision bodies, the\n   history index), AuthService (users.json) and DiskCacheService (the\n   eleven merge-saved cache files, domain-results.json). The rename is\n   atomic, but the scratch path is shared state — two writers (two\n   replicas on one mount, a CLI run alongside the web service) truncate\n   and interleave into it, after which one rename publishes the mixture\n   and the other throws FileNotFoundException because the temp has\n   already been moved away. In ConfigService and AuthService that\n   exception escapes a save request as a 500.\n\n   Adds AtomicFile, which writes through a per-write unique temp name,\n   removes its scratch file when a write fails, and sweeps orphans left\n   by a killed process. The sweep is age-gated so it cannot delete a\n   temp belonging to an in-flight write. Concurrent writers still race\n   to publish and the last rename wins — the callers already assume\n   that — but the target is now always exactly one writer's complete\n   payload.\n\n   DiskCacheService.Clear and the startup load sweep the new names as\n   well as the legacy fixed one.\n\n2. ConfigService.LoadOrSeed overwrote a live config on a transient read\n   error. Any failure to read or parse an existing config.json fell\n   through to the seed path, which writes to disk — so a momentary I/O\n   error or sharing violation silently replaced the operator's saved\n   settings with env-var defaults and recorded that as a revision. It\n   now throws ConfigUnreadableException and the web host fails closed\n   with a clear message. An empty file still seeds, since there is\n   nothing to lose.\n\n3. CacheManager.ClearAllAsync deleted the cache files without holding\n   the flusher's lock. A flush that had already sampled the in-memory\n   caches would finish writing them out after the delete, so an admin\n   cache-clear reported success and the stale entries reappeared on\n   disk. The delete now runs under the same semaphore as the flush.\n\n4. CacheManager.FlushAsync bypassed all serialisation when no\n   background flusher exists (CLI runs), leaving concurrent saves free\n   to interleave read-modify-write on each cache file. It now takes a\n   local lock.\n\nAdds AtomicFileTests and CacheManagerClearTests, and extends\nConfigServiceTests and DiskCacheClearTests. The two concurrency tests\nwere verified to fail against the old fixed-name implementation.\n\nCo-Authored-By: Claude Opus 5 <noreply@anthropic.com>\nClaude-Session: https://claude.ai/code/session_01611PR4pvQSGB1t9K3hNAwE",
2026-07-26T06:23:33.0442353Z             "changed_files": 49,
2026-07-26T06:23:33.0442764Z             "closed_at": null,
2026-07-26T06:23:33.0443146Z             "comments": 0,
2026-07-26T06:23:33.0443823Z             "comments_url": "https://api.github.com/repos/pkinerd/ednsv/issues/28/comments",
2026-07-26T06:23:33.0444725Z             "commits": 17,
2026-07-26T06:23:33.0445382Z             "commits_url": "https://api.github.com/repos/pkinerd/ednsv/pulls/28/commits",
2026-07-26T06:23:33.0446096Z             "created_at": "2026-07-26T02:03:41Z",
2026-07-26T06:23:33.0446606Z             "deletions": 765,
2026-07-26T06:23:33.0447094Z             "diff_url": "https://github.com/pkinerd/ednsv/pull/28.diff",
2026-07-26T06:23:33.0447640Z             "draft": false,
2026-07-26T06:23:33.0447872Z             "head": {
2026-07-26T06:23:33.0448160Z               "label": "pkinerd:claude/redis-dependency-removal-213elh",
2026-07-26T06:23:33.0448552Z               "ref": "claude/redis-dependency-removal-213elh",
2026-07-26T06:23:33.0448862Z               "repo": {
2026-07-26T06:23:33.0449079Z                 "allow_auto_merge": false,
2026-07-26T06:23:33.0449342Z                 "allow_forking": true,
2026-07-26T06:23:33.0449594Z                 "allow_merge_commit": true,
2026-07-26T06:23:33.0449858Z                 "allow_rebase_merge": true,
2026-07-26T06:23:33.0450116Z                 "allow_squash_merge": true,
2026-07-26T06:23:33.0450381Z                 "allow_update_branch": false,
2026-07-26T06:23:33.0450806Z                 "archive_url": "https://api.github.com/repos/pkinerd/ednsv/{archive_format}{/ref}",
2026-07-26T06:23:33.0451238Z                 "archived": false,
2026-07-26T06:23:33.0451618Z                 "assignees_url": "https://api.github.com/repos/pkinerd/ednsv/assignees{/user}",
2026-07-26T06:23:33.0452321Z                 "blobs_url": "https://api.github.com/repos/pkinerd/ednsv/git/blobs{/sha}",
2026-07-26T06:23:33.0452849Z                 "branches_url": "https://api.github.com/repos/pkinerd/ednsv/branches{/branch}",
2026-07-26T06:23:33.0453485Z                 "clone_url": "https://github.com/pkinerd/ednsv.git",
2026-07-26T06:23:33.0454023Z                 "collaborators_url": "https://api.github.com/repos/pkinerd/ednsv/collaborators{/collaborator}",
2026-07-26T06:23:33.0454953Z                 "comments_url": "https://api.github.com/repos/pkinerd/ednsv/comments{/number}",
2026-07-26T06:23:33.0455487Z                 "commits_url": "https://api.github.com/repos/pkinerd/ednsv/commits{/sha}",
2026-07-26T06:23:33.0456019Z                 "compare_url": "https://api.github.com/repos/pkinerd/ednsv/compare/{base}...{head}",
2026-07-26T06:23:33.0456571Z                 "contents_url": "https://api.github.com/repos/pkinerd/ednsv/contents/{+path}",
2026-07-26T06:23:33.0457111Z                 "contributors_url": "https://api.github.com/repos/pkinerd/ednsv/contributors",
2026-07-26T06:23:33.0457552Z                 "created_at": "2026-03-30T21:24:40Z",
2026-07-26T06:23:33.0457832Z                 "default_branch": "main",
2026-07-26T06:23:33.0458109Z                 "delete_branch_on_merge": false,
2026-07-26T06:23:33.0458522Z                 "deployments_url": "https://api.github.com/repos/pkinerd/ednsv/deployments",
2026-07-26T06:23:33.0458922Z                 "description": null,
2026-07-26T06:23:33.0459167Z                 "disabled": false,
2026-07-26T06:23:33.0459524Z                 "downloads_url": "https://api.github.com/repos/pkinerd/ednsv/downloads",
2026-07-26T06:23:33.0460035Z                 "events_url": "https://api.github.com/repos/pkinerd/ednsv/events",
2026-07-26T06:23:33.0460402Z                 "fork": false,
2026-07-26T06:23:33.0460622Z                 "forks": 0,
2026-07-26T06:23:33.0460844Z                 "forks_count": 0,
2026-07-26T06:23:33.0461173Z                 "forks_url": "https://api.github.com/repos/pkinerd/ednsv/forks",
2026-07-26T06:23:33.0461538Z                 "full_name": "pkinerd/ednsv",
2026-07-26T06:23:33.0461955Z                 "git_commits_url": "https://api.github.com/repos/pkinerd/ednsv/git/commits{/sha}",
2026-07-26T06:23:33.0462508Z                 "git_refs_url": "https://api.github.com/repos/pkinerd/ednsv/git/refs{/sha}",
2026-07-26T06:23:33.0463017Z                 "git_tags_url": "https://api.github.com/repos/pkinerd/ednsv/git/tags{/sha}",
2026-07-26T06:23:33.0463451Z                 "git_url": "git://github.com/pkinerd/ednsv.git",
2026-07-26T06:23:33.0463769Z                 "has_discussions": false,
2026-07-26T06:23:33.0464029Z                 "has_downloads": false,
2026-07-26T06:23:33.0464289Z                 "has_issues": true,
2026-07-26T06:23:33.0464786Z                 "has_pages": false,
2026-07-26T06:23:33.0465119Z                 "has_projects": true,
2026-07-26T06:23:33.0465377Z                 "has_pull_requests": true,
2026-07-26T06:23:33.0465635Z                 "has_wiki": true,
2026-07-26T06:23:33.0465863Z                 "homepage": null,
2026-07-26T06:23:33.0466188Z                 "hooks_url": "https://api.github.com/repos/pkinerd/ednsv/hooks",
2026-07-26T06:23:33.0466594Z                 "html_url": "https://github.com/pkinerd/ednsv",
2026-07-26T06:23:33.0466891Z                 "id": 1196602452,
2026-07-26T06:23:33.0467118Z                 "is_template": false,
2026-07-26T06:23:33.0467549Z                 "issue_comment_url": "https://api.github.com/repos/pkinerd/ednsv/issues/comments{/number}",
2026-07-26T06:23:33.0468160Z                 "issue_events_url": "https://api.github.com/repos/pkinerd/ednsv/issues/events{/number}",
2026-07-26T06:23:33.0468718Z                 "issues_url": "https://api.github.com/repos/pkinerd/ednsv/issues{/number}",
2026-07-26T06:23:33.0469215Z                 "keys_url": "https://api.github.com/repos/pkinerd/ednsv/keys{/key_id}",
2026-07-26T06:23:33.0469950Z                 "labels_url": "https://api.github.com/repos/pkinerd/ednsv/labels{/name}",
2026-07-26T06:23:33.0470324Z                 "language": "C#",
2026-07-26T06:23:33.0470673Z                 "languages_url": "https://api.github.com/repos/pkinerd/ednsv/languages",
2026-07-26T06:23:33.0471166Z                 "license": null,
2026-07-26T06:23:33.0471426Z                 "merge_commit_message": "PR_TITLE",
2026-07-26T06:23:33.0471726Z                 "merge_commit_title": "MERGE_MESSAGE",
2026-07-26T06:23:33.0472096Z                 "merges_url": "https://api.github.com/repos/pkinerd/ednsv/merges",
2026-07-26T06:23:33.0472607Z                 "milestones_url": "https://api.github.com/repos/pkinerd/ednsv/milestones{/number}",
2026-07-26T06:23:33.0473025Z                 "mirror_url": null,
2026-07-26T06:23:33.0473255Z                 "name": "ednsv",
2026-07-26T06:23:33.0473489Z                 "node_id": "R_kgDOR1K0VA",
2026-07-26T06:23:33.0473994Z                 "notifications_url": "https://api.github.com/repos/pkinerd/ednsv/notifications{?since,all,participating}",
2026-07-26T06:23:33.0475004Z                 "open_issues": 1,
2026-07-26T06:23:33.0475261Z                 "open_issues_count": 1,
2026-07-26T06:23:33.0475511Z                 "owner": {
2026-07-26T06:23:33.0475867Z                   "avatar_url": "https://avatars.githubusercontent.com/u/169779439?v=4",
2026-07-26T06:23:33.0476385Z                   "events_url": "https://api.github.com/users/pkinerd/events{/privacy}",
2026-07-26T06:23:33.0476863Z                   "followers_url": "https://api.github.com/users/pkinerd/followers",
2026-07-26T06:23:33.0477369Z                   "following_url": "https://api.github.com/users/pkinerd/following{/other_user}",
2026-07-26T06:23:33.0477867Z                   "gists_url": "https://api.github.com/users/pkinerd/gists{/gist_id}",
2026-07-26T06:23:33.0478231Z                   "gravatar_id": "",
2026-07-26T06:23:33.0478516Z                   "html_url": "https://github.com/pkinerd",
2026-07-26T06:23:33.0478813Z                   "id": 169779439,
2026-07-26T06:23:33.0479054Z                   "login": "pkinerd",
2026-07-26T06:23:33.0479306Z                   "node_id": "U_kgDOCh6g7w",
2026-07-26T06:23:33.0479672Z                   "organizations_url": "https://api.github.com/users/pkinerd/orgs",
2026-07-26T06:23:33.0480180Z                   "received_events_url": "https://api.github.com/users/pkinerd/received_events",
2026-07-26T06:23:33.0480651Z                   "repos_url": "https://api.github.com/users/pkinerd/repos",
2026-07-26T06:23:33.0480992Z                   "site_admin": false,
2026-07-26T06:23:33.0481374Z                   "starred_url": "https://api.github.com/users/pkinerd/starred{/owner}{/repo}",
2026-07-26T06:23:33.0481901Z                   "subscriptions_url": "https://api.github.com/users/pkinerd/subscriptions",
2026-07-26T06:23:33.0482319Z                   "type": "User",
2026-07-26T06:23:33.0482596Z                   "url": "https://api.github.com/users/pkinerd",
2026-07-26T06:23:33.0482915Z                   "user_view_type": "public"
2026-07-26T06:23:33.0483162Z                 },
2026-07-26T06:23:33.0483359Z                 "private": false,
2026-07-26T06:23:33.0483614Z                 "pull_request_creation_policy": "all",
2026-07-26T06:23:33.0484016Z                 "pulls_url": "https://api.github.com/repos/pkinerd/ednsv/pulls{/number}",
2026-07-26T06:23:33.0484419Z                 "pushed_at": "2026-07-26T06:22:09Z",
2026-07-26T06:23:33.0485239Z                 "releases_url": "https://api.github.com/repos/pkinerd/ednsv/releases{/id}",
2026-07-26T06:23:33.0485643Z                 "size": 35253,
2026-07-26T06:23:33.0485922Z                 "squash_merge_commit_message": "COMMIT_MESSAGES",
2026-07-26T06:23:33.0486273Z                 "squash_merge_commit_title": "COMMIT_OR_PR_TITLE",
2026-07-26T06:23:33.0486614Z                 "ssh_url": "git@github.com:pkinerd/ednsv.git",
2026-07-26T06:23:33.0486914Z                 "stargazers_count": 0,
2026-07-26T06:23:33.0487387Z                 "stargazers_url": "https://api.github.com/repos/pkinerd/ednsv/stargazers",
2026-07-26T06:23:33.0488115Z                 "statuses_url": "https://api.github.com/repos/pkinerd/ednsv/statuses/{sha}",
2026-07-26T06:23:33.0489003Z                 "subscribers_url": "https://api.github.com/repos/pkinerd/ednsv/subscribers",
2026-07-26T06:23:33.0489726Z                 "subscription_url": "https://api.github.com/repos/pkinerd/ednsv/subscription",
2026-07-26T06:23:33.0490337Z                 "svn_url": "https://github.com/pkinerd/ednsv",
2026-07-26T06:23:33.0490805Z                 "tags_url": "https://api.github.com/repos/pkinerd/ednsv/tags",
2026-07-26T06:23:33.0506229Z                 "teams_url": "https://api.github.com/repos/pkinerd/ednsv/teams",
2026-07-26T06:23:33.0506918Z                 "topics": [],
2026-07-26T06:23:33.0507595Z                 "trees_url": "https://api.github.com/repos/pkinerd/ednsv/git/trees{/sha}",
2026-07-26T06:23:33.0508373Z                 "updated_at": "2026-07-24T14:18:46Z",
2026-07-26T06:23:33.0509013Z                 "url": "https://api.github.com/repos/pkinerd/ednsv",
2026-07-26T06:23:33.0509669Z                 "use_squash_pr_title_as_default": false,
2026-07-26T06:23:33.0510212Z                 "visibility": "public",
2026-07-26T06:23:33.0510686Z                 "watchers": 0,
2026-07-26T06:23:33.0511112Z                 "watchers_count": 0,
2026-07-26T06:23:33.0511587Z                 "web_commit_signoff_required": false
2026-07-26T06:23:33.0511982Z               },
2026-07-26T06:23:33.0512244Z               "sha": "2654f17f4e06486f606319d6fce03c7b177ecb84",
2026-07-26T06:23:33.0512544Z               "user": {
2026-07-26T06:23:33.0512882Z                 "avatar_url": "https://avatars.githubusercontent.com/u/169779439?v=4",
2026-07-26T06:23:33.0513385Z                 "events_url": "https://api.github.com/users/pkinerd/events{/privacy}",
2026-07-26T06:23:33.0513874Z                 "followers_url": "https://api.github.com/users/pkinerd/followers",
2026-07-26T06:23:33.0514402Z                 "following_url": "https://api.github.com/users/pkinerd/following{/other_user}",
2026-07-26T06:23:33.0515320Z                 "gists_url": "https://api.github.com/users/pkinerd/gists{/gist_id}",
2026-07-26T06:23:33.0515697Z                 "gravatar_id": "",
2026-07-26T06:23:33.0515993Z                 "html_url": "https://github.com/pkinerd",
2026-07-26T06:23:33.0516291Z                 "id": 169779439,
2026-07-26T06:23:33.0516537Z                 "login": "pkinerd",
2026-07-26T06:23:33.0516793Z                 "node_id": "U_kgDOCh6g7w",
2026-07-26T06:23:33.0517174Z                 "organizations_url": "https://api.github.com/users/pkinerd/orgs",
2026-07-26T06:23:33.0517690Z                 "received_events_url": "https://api.github.com/users/pkinerd/received_events",
2026-07-26T06:23:33.0518175Z                 "repos_url": "https://api.github.com/users/pkinerd/repos",
2026-07-26T06:23:33.0518512Z                 "site_admin": false,
2026-07-26T06:23:33.0518890Z                 "starred_url": "https://api.github.com/users/pkinerd/starred{/owner}{/repo}",
2026-07-26T06:23:33.0519419Z                 "subscriptions_url": "https://api.github.com/users/pkinerd/subscriptions",
2026-07-26T06:23:33.0519824Z                 "type": "User",
2026-07-26T06:23:33.0520102Z                 "url": "https://api.github.com/users/pkinerd",
2026-07-26T06:23:33.0520409Z                 "user_view_type": "public"
2026-07-26T06:23:33.0520654Z               }
2026-07-26T06:23:33.0520829Z             },
2026-07-26T06:23:33.0521102Z             "html_url": "https://github.com/pkinerd/ednsv/pull/28",
2026-07-26T06:23:33.0521421Z             "id": 4134707627,
2026-07-26T06:23:33.0521759Z             "issue_url": "https://api.github.com/repos/pkinerd/ednsv/issues/28",
2026-07-26T06:23:33.0522167Z             "labels": [],
2026-07-26T06:23:33.0522383Z             "locked": false,
2026-07-26T06:23:33.0522616Z             "maintainer_can_modify": false,
2026-07-26T06:23:33.0522958Z             "merge_commit_sha": "6ed5a004cf8a3b00c36ef388242280a96da613a0",
2026-07-26T06:23:33.0523492Z             "mergeable": null,
2026-07-26T06:23:33.0523727Z             "mergeable_state": "unknown",
2026-07-26T06:23:33.0523980Z             "merged": false,
2026-07-26T06:23:33.0524193Z             "merged_at": null,
2026-07-26T06:23:33.0524795Z             "merged_by": null,
2026-07-26T06:23:33.0525084Z             "milestone": null,
2026-07-26T06:23:33.0525346Z             "node_id": "PR_kwDOR1K0VM72cqGr",
2026-07-26T06:23:33.0525627Z             "number": 28,
2026-07-26T06:23:33.0525948Z             "patch_url": "https://github.com/pkinerd/ednsv/pull/28.patch",
2026-07-26T06:23:33.0526315Z             "rebaseable": null,
2026-07-26T06:23:33.0526565Z             "requested_reviewers": [],
2026-07-26T06:23:33.0526817Z             "requested_teams": [],
2026-07-26T06:23:33.0527248Z             "review_comment_url": "https://api.github.com/repos/pkinerd/ednsv/pulls/comments{/number}",
2026-07-26T06:23:33.0527697Z             "review_comments": 0,
2026-07-26T06:23:33.0528101Z             "review_comments_url": "https://api.github.com/repos/pkinerd/ednsv/pulls/28/comments",
2026-07-26T06:23:33.0528526Z             "state": "open",
2026-07-26T06:23:33.0529006Z             "statuses_url": "https://api.github.com/repos/pkinerd/ednsv/statuses/2654f17f4e06486f606319d6fce03c7b177ecb84",
2026-07-26T06:23:33.0529655Z             "title": "Fix unguarded concurrent file access in config, auth and disk cache",
2026-07-26T06:23:33.0530074Z             "updated_at": "2026-07-26T06:22:10Z",
2026-07-26T06:23:33.0530425Z             "url": "https://api.github.com/repos/pkinerd/ednsv/pulls/28",
2026-07-26T06:23:33.0530756Z             "user": {
2026-07-26T06:23:33.0531078Z               "avatar_url": "https://avatars.githubusercontent.com/u/169779439?v=4",
2026-07-26T06:23:33.0531563Z               "events_url": "https://api.github.com/users/pkinerd/events{/privacy}",
2026-07-26T06:23:33.0532028Z               "followers_url": "https://api.github.com/users/pkinerd/followers",
2026-07-26T06:23:33.0532530Z               "following_url": "https://api.github.com/users/pkinerd/following{/other_user}",
2026-07-26T06:23:33.0533025Z               "gists_url": "https://api.github.com/users/pkinerd/gists{/gist_id}",
2026-07-26T06:23:33.0533386Z               "gravatar_id": "",
2026-07-26T06:23:33.0533664Z               "html_url": "https://github.com/pkinerd",
2026-07-26T06:23:33.0533957Z               "id": 169779439,
2026-07-26T06:23:33.0534179Z               "login": "pkinerd",
2026-07-26T06:23:33.0534420Z               "node_id": "U_kgDOCh6g7w",
2026-07-26T06:23:33.0535064Z               "organizations_url": "https://api.github.com/users/pkinerd/orgs",
2026-07-26T06:23:33.0535564Z               "received_events_url": "https://api.github.com/users/pkinerd/received_events",
2026-07-26T06:23:33.0536033Z               "repos_url": "https://api.github.com/users/pkinerd/repos",
2026-07-26T06:23:33.0536367Z               "site_admin": false,
2026-07-26T06:23:33.0536735Z               "starred_url": "https://api.github.com/users/pkinerd/starred{/owner}{/repo}",
2026-07-26T06:23:33.0537263Z               "subscriptions_url": "https://api.github.com/users/pkinerd/subscriptions",
2026-07-26T06:23:33.0537652Z               "type": "User",
2026-07-26T06:23:33.0537926Z               "url": "https://api.github.com/users/pkinerd",
2026-07-26T06:23:33.0538231Z               "user_view_type": "public"
2026-07-26T06:23:33.0538469Z             }
2026-07-26T06:23:33.0538641Z           },
2026-07-26T06:23:33.0538827Z           "repository": {
2026-07-26T06:23:33.0539045Z             "allow_forking": true,
2026-07-26T06:23:33.0539432Z             "archive_url": "https://api.github.com/repos/pkinerd/ednsv/{archive_format}{/ref}",
2026-07-26T06:23:33.0539840Z             "archived": false,
2026-07-26T06:23:33.0540201Z             "assignees_url": "https://api.github.com/repos/pkinerd/ednsv/assignees{/user}",
2026-07-26T06:23:33.0540710Z             "blobs_url": "https://api.github.com/repos/pkinerd/ednsv/git/blobs{/sha}",
2026-07-26T06:23:33.0541365Z             "branches_url": "https://api.github.com/repos/pkinerd/ednsv/branches{/branch}",
2026-07-26T06:23:33.0541814Z             "clone_url": "https://github.com/pkinerd/ednsv.git",
2026-07-26T06:23:33.0542437Z             "collaborators_url": "https://api.github.com/repos/pkinerd/ednsv/collaborators{/collaborator}",
2026-07-26T06:23:33.0543036Z             "comments_url": "https://api.github.com/repos/pkinerd/ednsv/comments{/number}",
2026-07-26T06:23:33.0543553Z             "commits_url": "https://api.github.com/repos/pkinerd/ednsv/commits{/sha}",
2026-07-26T06:23:33.0544086Z             "compare_url": "https://api.github.com/repos/pkinerd/ednsv/compare/{base}...{head}",
2026-07-26T06:23:33.0544862Z             "contents_url": "https://api.github.com/repos/pkinerd/ednsv/contents/{+path}",
2026-07-26T06:23:33.0545424Z             "contributors_url": "https://api.github.com/repos/pkinerd/ednsv/contributors",
2026-07-26T06:23:33.0545841Z             "created_at": "2026-03-30T21:24:40Z",
2026-07-26T06:23:33.0546122Z             "default_branch": "main",
2026-07-26T06:23:33.0546502Z             "deployments_url": "https://api.github.com/repos/pkinerd/ednsv/deployments",
2026-07-26T06:23:33.0546898Z             "description": null,
2026-07-26T06:23:33.0547137Z             "disabled": false,
2026-07-26T06:23:33.0547478Z             "downloads_url": "https://api.github.com/repos/pkinerd/ednsv/downloads",
2026-07-26T06:23:33.0547953Z             "events_url": "https://api.github.com/repos/pkinerd/ednsv/events",
2026-07-26T06:23:33.0548303Z             "fork": false,
2026-07-26T06:23:33.0548514Z             "forks": 0,
2026-07-26T06:23:33.0548723Z             "forks_count": 0,
2026-07-26T06:23:33.0549036Z             "forks_url": "https://api.github.com/repos/pkinerd/ednsv/forks",
2026-07-26T06:23:33.0549388Z             "full_name": "pkinerd/ednsv",
2026-07-26T06:23:33.0549786Z             "git_commits_url": "https://api.github.com/repos/pkinerd/ednsv/git/commits{/sha}",
2026-07-26T06:23:33.0550329Z             "git_refs_url": "https://api.github.com/repos/pkinerd/ednsv/git/refs{/sha}",
2026-07-26T06:23:33.0550828Z             "git_tags_url": "https://api.github.com/repos/pkinerd/ednsv/git/tags{/sha}",
2026-07-26T06:23:33.0551255Z             "git_url": "git://github.com/pkinerd/ednsv.git",
2026-07-26T06:23:33.0551561Z             "has_discussions": false,
2026-07-26T06:23:33.0551813Z             "has_downloads": false,
2026-07-26T06:23:33.0552054Z             "has_issues": true,
2026-07-26T06:23:33.0552279Z             "has_pages": false,
2026-07-26T06:23:33.0552505Z             "has_projects": true,
2026-07-26T06:23:33.0552746Z             "has_pull_requests": true,
2026-07-26T06:23:33.0552991Z             "has_wiki": true,
2026-07-26T06:23:33.0553209Z             "homepage": null,
2026-07-26T06:23:33.0553520Z             "hooks_url": "https://api.github.com/repos/pkinerd/ednsv/hooks",
2026-07-26T06:23:33.0553915Z             "html_url": "https://github.com/pkinerd/ednsv",
2026-07-26T06:23:33.0554212Z             "id": 1196602452,
2026-07-26T06:23:33.0554680Z             "is_template": false,
2026-07-26T06:23:33.0555157Z             "issue_comment_url": "https://api.github.com/repos/pkinerd/ednsv/issues/comments{/number}",
2026-07-26T06:23:33.0555784Z             "issue_events_url": "https://api.github.com/repos/pkinerd/ednsv/issues/events{/number}",
2026-07-26T06:23:33.0556345Z             "issues_url": "https://api.github.com/repos/pkinerd/ednsv/issues{/number}",
2026-07-26T06:23:33.0556837Z             "keys_url": "https://api.github.com/repos/pkinerd/ednsv/keys{/key_id}",
2026-07-26T06:23:33.0557317Z             "labels_url": "https://api.github.com/repos/pkinerd/ednsv/labels{/name}",
2026-07-26T06:23:33.0557682Z             "language": "C#",
2026-07-26T06:23:33.0558015Z             "languages_url": "https://api.github.com/repos/pkinerd/ednsv/languages",
2026-07-26T06:23:33.0558379Z             "license": null,
2026-07-26T06:23:33.0558691Z             "merges_url": "https://api.github.com/repos/pkinerd/ednsv/merges",
2026-07-26T06:23:33.0559328Z             "milestones_url": "https://api.github.com/repos/pkinerd/ednsv/milestones{/number}",
2026-07-26T06:23:33.0559737Z             "mirror_url": null,
2026-07-26T06:23:33.0559952Z             "name": "ednsv",
2026-07-26T06:23:33.0560275Z             "node_id": "R_kgDOR1K0VA",
2026-07-26T06:23:33.0560773Z             "notifications_url": "https://api.github.com/repos/pkinerd/ednsv/notifications{?since,all,participating}",
2026-07-26T06:23:33.0561276Z             "open_issues": 1,
2026-07-26T06:23:33.0561500Z             "open_issues_count": 1,
2026-07-26T06:23:33.0561733Z             "owner": {
2026-07-26T06:23:33.0562049Z               "avatar_url": "https://avatars.githubusercontent.com/u/169779439?v=4",
2026-07-26T06:23:33.0562535Z               "events_url": "https://api.github.com/users/pkinerd/events{/privacy}",
2026-07-26T06:23:33.0562996Z               "followers_url": "https://api.github.com/users/pkinerd/followers",
2026-07-26T06:23:33.0563501Z               "following_url": "https://api.github.com/users/pkinerd/following{/other_user}",
2026-07-26T06:23:33.0564014Z               "gists_url": "https://api.github.com/users/pkinerd/gists{/gist_id}",
2026-07-26T06:23:33.0564374Z               "gravatar_id": "",
2026-07-26T06:23:33.0564907Z               "html_url": "https://github.com/pkinerd",
2026-07-26T06:23:33.0565207Z               "id": 169779439,
2026-07-26T06:23:33.0565431Z               "login": "pkinerd",
2026-07-26T06:23:33.0565670Z               "node_id": "U_kgDOCh6g7w",
2026-07-26T06:23:33.0566033Z               "organizations_url": "https://api.github.com/users/pkinerd/orgs",
2026-07-26T06:23:33.0566547Z               "received_events_url": "https://api.github.com/users/pkinerd/received_events",
2026-07-26T06:23:33.0567015Z               "repos_url": "https://api.github.com/users/pkinerd/repos",
2026-07-26T06:23:33.0567349Z               "site_admin": false,
2026-07-26T06:23:33.0567722Z               "starred_url": "https://api.github.com/users/pkinerd/starred{/owner}{/repo}",
2026-07-26T06:23:33.0568249Z               "subscriptions_url": "https://api.github.com/users/pkinerd/subscriptions",
2026-07-26T06:23:33.0568632Z               "type": "User",
2026-07-26T06:23:33.0568895Z               "url": "https://api.github.com/users/pkinerd",
2026-07-26T06:23:33.0569193Z               "user_view_type": "public"
2026-07-26T06:23:33.0569432Z             },
2026-07-26T06:23:33.0569617Z             "private": false,
2026-07-26T06:23:33.0569860Z             "pull_request_creation_policy": "all",
2026-07-26T06:23:33.0570250Z             "pulls_url": "https://api.github.com/repos/pkinerd/ednsv/pulls{/number}",
2026-07-26T06:23:33.0570638Z             "pushed_at": "2026-07-26T06:22:09Z",
2026-07-26T06:23:33.0571020Z             "releases_url": "https://api.github.com/repos/pkinerd/ednsv/releases{/id}",
2026-07-26T06:23:33.0571396Z             "size": 35253,
2026-07-26T06:23:33.0571643Z             "ssh_url": "git@github.com:pkinerd/ednsv.git",
2026-07-26T06:23:33.0571939Z             "stargazers_count": 0,
2026-07-26T06:23:33.0572297Z             "stargazers_url": "https://api.github.com/repos/pkinerd/ednsv/stargazers",
2026-07-26T06:23:33.0572796Z             "statuses_url": "https://api.github.com/repos/pkinerd/ednsv/statuses/{sha}",
2026-07-26T06:23:33.0573298Z             "subscribers_url": "https://api.github.com/repos/pkinerd/ednsv/subscribers",
2026-07-26T06:23:33.0573830Z             "subscription_url": "https://api.github.com/repos/pkinerd/ednsv/subscription",
2026-07-26T06:23:33.0574267Z             "svn_url": "https://github.com/pkinerd/ednsv",
2026-07-26T06:23:33.0574896Z             "tags_url": "https://api.github.com/repos/pkinerd/ednsv/tags",
2026-07-26T06:23:33.0575329Z             "teams_url": "https://api.github.com/repos/pkinerd/ednsv/teams",
2026-07-26T06:23:33.0575672Z             "topics": [],
2026-07-26T06:23:33.0576000Z             "trees_url": "https://api.github.com/repos/pkinerd/ednsv/git/trees{/sha}",
2026-07-26T06:23:33.0576525Z             "updated_at": "2026-07-24T14:18:46Z",
2026-07-26T06:23:33.0576847Z             "url": "https://api.github.com/repos/pkinerd/ednsv",
2026-07-26T06:23:33.0577162Z             "visibility": "public",
2026-07-26T06:23:33.0577399Z             "watchers": 0,
2026-07-26T06:23:33.0577717Z             "watchers_count": 0,
2026-07-26T06:23:33.0577969Z             "web_commit_signoff_required": false
2026-07-26T06:23:33.0578228Z           },
2026-07-26T06:23:33.0578408Z           "sender": {
2026-07-26T06:23:33.0578729Z             "avatar_url": "https://avatars.githubusercontent.com/u/169779439?v=4",
2026-07-26T06:23:33.0579207Z             "events_url": "https://api.github.com/users/pkinerd/events{/privacy}",
2026-07-26T06:23:33.0579684Z             "followers_url": "https://api.github.com/users/pkinerd/followers",
2026-07-26T06:23:33.0580178Z             "following_url": "https://api.github.com/users/pkinerd/following{/other_user}",
2026-07-26T06:23:33.0580669Z             "gists_url": "https://api.github.com/users/pkinerd/gists{/gist_id}",
2026-07-26T06:23:33.0581034Z             "gravatar_id": "",
2026-07-26T06:23:33.0581298Z             "html_url": "https://github.com/pkinerd",
2026-07-26T06:23:33.0581584Z             "id": 169779439,
2026-07-26T06:23:33.0581806Z             "login": "pkinerd",
2026-07-26T06:23:33.0582042Z             "node_id": "U_kgDOCh6g7w",
2026-07-26T06:23:33.0582388Z             "organizations_url": "https://api.github.com/users/pkinerd/orgs",
2026-07-26T06:23:33.0582890Z             "received_events_url": "https://api.github.com/users/pkinerd/received_events",
2026-07-26T06:23:33.0583354Z             "repos_url": "https://api.github.com/users/pkinerd/repos",
2026-07-26T06:23:33.0583683Z             "site_admin": false,
2026-07-26T06:23:33.0584039Z             "starred_url": "https://api.github.com/users/pkinerd/starred{/owner}{/repo}",
2026-07-26T06:23:33.0584771Z             "subscriptions_url": "https://api.github.com/users/pkinerd/subscriptions",
2026-07-26T06:23:33.0585170Z             "type": "User",
2026-07-26T06:23:33.0585429Z             "url": "https://api.github.com/users/pkinerd",
2026-07-26T06:23:33.0585728Z             "user_view_type": "public"
2026-07-26T06:23:33.0585962Z           }
2026-07-26T06:23:33.0586129Z         },
2026-07-26T06:23:33.0586313Z         "github_job": "docker",
2026-07-26T06:23:33.0586552Z         "github_ref": "refs/pull/28/merge",
2026-07-26T06:23:33.0586813Z         "github_ref_name": "28/merge",
2026-07-26T06:23:33.0587062Z         "github_ref_protected": "false",
2026-07-26T06:23:33.0587322Z         "github_ref_type": "branch",
2026-07-26T06:23:33.0587582Z         "github_repository": "pkinerd/ednsv",
2026-07-26T06:23:33.0587859Z         "github_repository_id": "1196602452",
2026-07-26T06:23:33.0588130Z         "github_repository_owner": "pkinerd",
2026-07-26T06:23:33.0588417Z         "github_repository_owner_id": "169779439",
2026-07-26T06:23:33.0588702Z         "github_run_attempt": "1",
2026-07-26T06:23:33.0588947Z         "github_run_id": "30190933754",
2026-07-26T06:23:33.0589201Z         "github_run_number": "214",
2026-07-26T06:23:33.0589443Z         "github_runner_arch": "X64",
2026-07-26T06:23:33.0589720Z         "github_runner_environment": "github-hosted",
2026-07-26T06:23:33.0590032Z         "github_runner_image_os": "ubuntu24",
2026-07-26T06:23:33.0590331Z         "github_runner_image_version": "20260720.247.2",
2026-07-26T06:23:33.0590654Z         "github_runner_name": "GitHub Actions 1000002165",
2026-07-26T06:23:33.0590951Z         "github_runner_os": "Linux",
2026-07-26T06:23:33.0591314Z         "github_runner_tracking_id": "github_34d52f14-0f56-40da-86c3-efcdd4c29f95",
2026-07-26T06:23:33.0591726Z         "github_server_url": "https://github.com",
2026-07-26T06:23:33.0592027Z         "github_triggering_actor": "pkinerd",
2026-07-26T06:23:33.0592306Z         "github_workflow": "CI",
2026-07-26T06:23:33.0592688Z         "github_workflow_ref": "pkinerd/ednsv/.github/workflows/ci.yml@refs/pull/28/merge",
2026-07-26T06:23:33.0593364Z         "github_workflow_sha": "f06d1ba03057d6e48a91da7b8aa05676f2444d25",
2026-07-26T06:23:33.0593729Z         "platform": "linux/amd64"
2026-07-26T06:23:33.0593975Z       }
2026-07-26T06:23:33.0594146Z     }
2026-07-26T06:23:33.0594310Z   },
2026-07-26T06:23:33.0595206Z   "buildx.build.ref": "builder-654104c1-c25d-4667-afce-4b9d73776a20/builder-654104c1-c25d-4667-afce-4b9d73776a200/9muu141hllsdmyz8n6t8iy05o",
2026-07-26T06:23:33.0595879Z   "containerimage.descriptor": {
2026-07-26T06:23:33.0596191Z     "mediaType": "application/vnd.oci.image.index.v1+json",
2026-07-26T06:23:33.0596665Z     "digest": "sha256:763e6a5eac9457d063da173a2b4dce712fe3abf49c0f8f256c8621f0326dab27",
2026-07-26T06:23:33.0597082Z     "size": 856
2026-07-26T06:23:33.0597258Z   },
2026-07-26T06:23:33.0597650Z   "containerimage.digest": "sha256:763e6a5eac9457d063da173a2b4dce712fe3abf49c0f8f256c8621f0326dab27",
2026-07-26T06:23:33.0598368Z   "image.name": "ghcr.io/pkinerd/ednsv:pr-28,ghcr.io/pkinerd/ednsv:latest-any,ghcr.io/pkinerd/ednsv:sha-f06d1ba"
2026-07-26T06:23:33.0598862Z }
2026-07-26T06:23:33.0599260Z ##[endgroup]
2026-07-26T06:23:33.0599588Z ##[group]Reference
2026-07-26T06:23:33.0600070Z builder-654104c1-c25d-4667-afce-4b9d73776a20/builder-654104c1-c25d-4667-afce-4b9d73776a200/9muu141hllsdmyz8n6t8iy05o
2026-07-26T06:23:33.0600746Z ##[endgroup]
2026-07-26T06:23:33.0601070Z ##[group]Check build summary support
2026-07-26T06:23:33.0601455Z Build summary supported!
2026-07-26T06:23:33.0601793Z ##[endgroup]
2026-07-26T06:23:33.0706858Z Node 20 is being deprecated. This workflow is running with Node 24 by default. If you need to temporarily use Node 20, you can set the ACTIONS_ALLOW_USE_UNSECURE_NODE_VERSION=true environment variable. For more information see: https://github.blog/changelog/2025-09-19-deprecation-of-node-20-on-github-actions-runners/
2026-07-26T06:23:33.0708193Z Post job cleanup.
2026-07-26T06:23:33.3319662Z ##[group]Generating build summary
2026-07-26T06:23:33.3325622Z exporting build record to /home/runner/work/_temp/docker-actions-toolkit-xAPM8n/export
2026-07-26T06:23:33.3340643Z (node:3124) [DEP0040] DeprecationWarning: The `punycode` module is deprecated. Please use a userland alternative instead.
2026-07-26T06:23:33.3342165Z (Use `node --trace-deprecation ...` to show where the warning was created)
2026-07-26T06:23:33.5245601Z [command]/usr/bin/docker buildx history export --builder builder-654104c1-c25d-4667-afce-4b9d73776a20 --output /home/runner/work/_temp/docker-actions-toolkit-xAPM8n/export/pkinerd~ednsv~9MUU14.dockerbuild 9muu141hllsdmyz8n6t8iy05o --finalize
2026-07-26T06:23:33.7675438Z Build record written to /home/runner/work/_temp/docker-actions-toolkit-xAPM8n/export/pkinerd~ednsv~9MUU14.dockerbuild (50.46 KB)
2026-07-26T06:23:33.7699378Z Uploading pkinerd~ednsv~9MUU14.dockerbuild to blob storage
2026-07-26T06:23:34.0995736Z Beginning upload of artifact content to blob storage
2026-07-26T06:23:34.1085354Z (node:3124) [DEP0169] DeprecationWarning: `url.parse()` behavior is not standardized and prone to errors that have security implications. Use the WHATWG URL API instead. CVEs are not issued for `url.parse()` vulnerabilities.
2026-07-26T06:23:34.1094085Z Uploaded bytes 51674
2026-07-26T06:23:34.5562795Z Finished uploading artifact content to blob storage!
2026-07-26T06:23:34.5567268Z SHA256 hash of uploaded artifact is e67fae2daedd393aba3d49bf135f785b501bc2da1092b4d61d7563c5bb0971e5
2026-07-26T06:23:34.5569389Z Finalizing artifact upload
2026-07-26T06:23:34.9315603Z Artifact successfully finalized (8628540994)
2026-07-26T06:23:34.9317533Z Artifact download URL: https://github.com/pkinerd/ednsv/actions/runs/30190933754/artifacts/8628540994
2026-07-26T06:23:34.9347824Z Writing summary
2026-07-26T06:23:34.9361299Z ##[endgroup]
2026-07-26T06:23:34.9362367Z ##[group]Removing temp folder /home/runner/work/_temp/docker-actions-toolkit-9W5yER
2026-07-26T06:23:34.9372329Z ##[endgroup]
2026-07-26T06:23:34.9372803Z ##[group]Post cache
2026-07-26T06:23:34.9373030Z State not set
2026-07-26T06:23:34.9373376Z ##[endgroup]
2026-07-26T06:23:34.9522963Z Node 20 is being deprecated. This workflow is running with Node 24 by default. If you need to temporarily use Node 20, you can set the ACTIONS_ALLOW_USE_UNSECURE_NODE_VERSION=true environment variable. For more information see: https://github.blog/changelog/2025-09-19-deprecation-of-node-20-on-github-actions-runners/
2026-07-26T06:23:34.9524222Z Post job cleanup.
2026-07-26T06:23:35.2707306Z ##[group]Logout from ghcr.io
2026-07-26T06:23:35.2731242Z (node:3261) [DEP0040] DeprecationWarning: The `punycode` module is deprecated. Please use a userland alternative instead.
2026-07-26T06:23:35.2732501Z (Use `node --trace-deprecation ...` to show where the warning was created)
2026-07-26T06:23:35.2756873Z [command]/usr/bin/docker logout ghcr.io
2026-07-26T06:23:35.2919939Z Removing login credentials for ghcr.io
2026-07-26T06:23:35.2957800Z ##[endgroup]
2026-07-26T06:23:35.2958598Z ##[group]Post cache
2026-07-26T06:23:35.2965234Z State not set
2026-07-26T06:23:35.2965933Z ##[endgroup]
2026-07-26T06:23:35.3184742Z Node 20 is being deprecated. This workflow is running with Node 24 by default. If you need to temporarily use Node 20, you can set the ACTIONS_ALLOW_USE_UNSECURE_NODE_VERSION=true environment variable. For more information see: https://github.blog/changelog/2025-09-19-deprecation-of-node-20-on-github-actions-runners/
2026-07-26T06:23:35.3187194Z Post job cleanup.
2026-07-26T06:23:35.5932409Z ##[group]Removing builder
2026-07-26T06:23:35.5940920Z (node:3282) [DEP0040] DeprecationWarning: The `punycode` module is deprecated. Please use a userland alternative instead.
2026-07-26T06:23:35.5942257Z (Use `node --trace-deprecation ...` to show where the warning was created)
2026-07-26T06:23:35.7151092Z [command]/usr/bin/docker buildx rm builder-654104c1-c25d-4667-afce-4b9d73776a20
2026-07-26T06:23:35.8936001Z builder-654104c1-c25d-4667-afce-4b9d73776a20 removed
2026-07-26T06:23:35.8991697Z ##[endgroup]
2026-07-26T06:23:35.9024993Z ##[group]Cleaning up certificates
2026-07-26T06:23:35.9031170Z ##[endgroup]
2026-07-26T06:23:35.9032125Z ##[group]Post cache
2026-07-26T06:23:35.9032812Z State not set
2026-07-26T06:23:35.9033778Z ##[endgroup]
2026-07-26T06:23:35.9275221Z Node 20 is being deprecated. This workflow is running with Node 24 by default. If you need to temporarily use Node 20, you can set the ACTIONS_ALLOW_USE_UNSECURE_NODE_VERSION=true environment variable. For more information see: https://github.blog/changelog/2025-09-19-deprecation-of-node-20-on-github-actions-runners/
2026-07-26T06:23:35.9276546Z Post job cleanup.
2026-07-26T06:23:36.0211700Z [command]/usr/bin/git version
2026-07-26T06:23:36.0261875Z git version 2.54.0
2026-07-26T06:23:36.0308081Z Temporarily overriding HOME='/home/runner/work/_temp/d10127af-493f-4908-a5c0-fb1d9de14b24' before making global git config changes
2026-07-26T06:23:36.0309511Z Adding repository directory to the temporary git global config as a safe directory
2026-07-26T06:23:36.0314920Z [command]/usr/bin/git config --global --add safe.directory /home/runner/work/ednsv/ednsv
2026-07-26T06:23:36.0363332Z [command]/usr/bin/git config --local --name-only --get-regexp core\.sshCommand
2026-07-26T06:23:36.0409002Z [command]/usr/bin/git submodule foreach --recursive sh -c "git config --local --name-only --get-regexp 'core\.sshCommand' && git config --local --unset-all 'core.sshCommand' || :"
2026-07-26T06:23:36.0716934Z [command]/usr/bin/git config --local --name-only --get-regexp http\.https\:\/\/github\.com\/\.extraheader
2026-07-26T06:23:36.0762104Z http.https://github.com/.extraheader
2026-07-26T06:23:36.0779430Z [command]/usr/bin/git config --local --unset-all http.https://github.com/.extraheader
2026-07-26T06:23:36.0851272Z [command]/usr/bin/git submodule foreach --recursive sh -c "git config --local --name-only --get-regexp 'http\.https\:\/\/github\.com\/\.extraheader' && git config --local --unset-all 'http.https://github.com/.extraheader' || :"
2026-07-26T06:23:36.1162568Z [command]/usr/bin/git config --local --name-only --get-regexp ^includeIf\.gitdir:
2026-07-26T06:23:36.1197857Z [command]/usr/bin/git submodule foreach --recursive git config --local --show-origin --name-only --get-regexp remote.origin.url
2026-07-26T06:23:36.1616187Z Cleaning up orphan processes
2026-07-26T06:23:36.2085050Z ##[warning]Node.js 20 is deprecated. The following actions target Node.js 20 but are being forced to run on Node.js 24: actions/checkout@v4, docker/build-push-action@v6, docker/login-action@v3, docker/metadata-action@v5, docker/setup-buildx-action@v3. For more information see: https://github.blog/changelog/2025-09-19-deprecation-of-node-20-on-github-actions-runners/
