2026-07-24T13:30:49.3056107Z Current runner version: '2.336.0'
2026-07-24T13:30:49.3077519Z ##[group]Runner Image Provisioner
2026-07-24T13:30:49.3078287Z Hosted Compute Agent
2026-07-24T13:30:49.3078771Z Version: 20260707.563
2026-07-24T13:30:49.3079267Z Commit: 02667638d2b423fbc733a8e32a88b44996a3ba6e
2026-07-24T13:30:49.3079880Z Build Date: 2026-07-07T19:33:50Z
2026-07-24T13:30:49.3080456Z Worker ID: {e946165d-2c81-487c-8c10-85f18ed53152}
2026-07-24T13:30:49.3081002Z Azure Region: westus3
2026-07-24T13:30:49.3081512Z ##[endgroup]
2026-07-24T13:30:49.3083018Z ##[group]Operating System
2026-07-24T13:30:49.3083578Z Ubuntu
2026-07-24T13:30:49.3084047Z 24.04.4
2026-07-24T13:30:49.3084462Z LTS
2026-07-24T13:30:49.3084920Z ##[endgroup]
2026-07-24T13:30:49.3085365Z ##[group]Runner Image
2026-07-24T13:30:49.3085836Z Image: ubuntu-24.04
2026-07-24T13:30:49.3086369Z Version: 20260720.247.2
2026-07-24T13:30:49.3087327Z Included Software: https://github.com/actions/runner-images/blob/ubuntu24/20260720.247/images/ubuntu/Ubuntu2404-Readme.md
2026-07-24T13:30:49.3088617Z Image Release: https://github.com/actions/runner-images/releases/tag/ubuntu24%2F20260720.247
2026-07-24T13:30:49.3089406Z ##[endgroup]
2026-07-24T13:30:49.3090447Z ##[group]GITHUB_TOKEN Permissions
2026-07-24T13:30:49.3091959Z Contents: read
2026-07-24T13:30:49.3092808Z Metadata: read
2026-07-24T13:30:49.3093284Z Packages: write
2026-07-24T13:30:49.3093720Z ##[endgroup]
2026-07-24T13:30:49.3095546Z Secret source: Actions
2026-07-24T13:30:49.3096385Z Prepare workflow directory
2026-07-24T13:30:49.3501644Z Prepare all required actions
2026-07-24T13:30:49.3536705Z Getting action download info
2026-07-24T13:30:49.6608590Z Download action repository 'actions/checkout@v4' (SHA:11d5960a326750d5838078e36cf38b85af677262)
2026-07-24T13:30:50.4337867Z Download action repository 'docker/setup-buildx-action@v3' (SHA:8d2750c68a42422c14e847fe6c8ac0403b4cbd6f)
2026-07-24T13:30:51.3928909Z Download action repository 'docker/login-action@v3' (SHA:c94ce9fb468520275223c153574b00df6fe4bcc9)
2026-07-24T13:30:52.3731418Z Download action repository 'docker/metadata-action@v5' (SHA:c299e40c65443455700f0fdfc63efafe5b349051)
2026-07-24T13:30:53.4985741Z Download action repository 'docker/build-push-action@v6' (SHA:10e90e3645eae34f1e60eeb005ba3a3d33f178e8)
2026-07-24T13:30:54.4853617Z Complete job name: Build & Push Docker Image
2026-07-24T13:30:54.5404725Z Node 20 is being deprecated. This workflow is running with Node 24 by default. If you need to temporarily use Node 20, you can set the ACTIONS_ALLOW_USE_UNSECURE_NODE_VERSION=true environment variable. For more information see: https://github.blog/changelog/2025-09-19-deprecation-of-node-20-on-github-actions-runners/
2026-07-24T13:30:54.5410856Z ##[group]Run actions/checkout@v4
2026-07-24T13:30:54.5411192Z with:
2026-07-24T13:30:54.5411372Z   repository: pkinerd/ednsv
2026-07-24T13:30:54.5413619Z   token: ***
2026-07-24T13:30:54.5413798Z   ssh-strict: true
2026-07-24T13:30:54.5413970Z   ssh-user: git
2026-07-24T13:30:54.5414158Z   persist-credentials: true
2026-07-24T13:30:54.5414369Z   clean: true
2026-07-24T13:30:54.5414554Z   sparse-checkout-cone-mode: true
2026-07-24T13:30:54.5414767Z   fetch-depth: 1
2026-07-24T13:30:54.5414929Z   fetch-tags: false
2026-07-24T13:30:54.5415098Z   show-progress: true
2026-07-24T13:30:54.5415271Z   lfs: false
2026-07-24T13:30:54.5415466Z   submodules: false
2026-07-24T13:30:54.5415634Z   set-safe-directory: true
2026-07-24T13:30:54.5415835Z   allow-unsafe-pr-checkout: false
2026-07-24T13:30:54.5416241Z env:
2026-07-24T13:30:54.5416391Z   REGISTRY: ghcr.io
2026-07-24T13:30:54.5416556Z   IMAGE_NAME: pkinerd/ednsv
2026-07-24T13:30:54.5416736Z ##[endgroup]
2026-07-24T13:30:54.6293682Z Syncing repository: pkinerd/ednsv
2026-07-24T13:30:54.6295179Z ##[group]Getting Git version info
2026-07-24T13:30:54.6295611Z Working directory is '/home/runner/work/ednsv/ednsv'
2026-07-24T13:30:54.6303186Z [command]/usr/bin/git version
2026-07-24T13:30:54.6374132Z git version 2.54.0
2026-07-24T13:30:54.6422878Z ##[endgroup]
2026-07-24T13:30:54.6436737Z Temporarily overriding HOME='/home/runner/work/_temp/02769631-50c1-4f50-929a-5260f39960a9' before making global git config changes
2026-07-24T13:30:54.6438423Z Adding repository directory to the temporary git global config as a safe directory
2026-07-24T13:30:54.6442927Z [command]/usr/bin/git config --global --add safe.directory /home/runner/work/ednsv/ednsv
2026-07-24T13:30:54.6476652Z Deleting the contents of '/home/runner/work/ednsv/ednsv'
2026-07-24T13:30:54.6479338Z ##[group]Initializing the repository
2026-07-24T13:30:54.6483325Z [command]/usr/bin/git init /home/runner/work/ednsv/ednsv
2026-07-24T13:30:54.6544640Z hint: Using 'master' as the name for the initial branch. This default branch name
2026-07-24T13:30:54.6545531Z hint: will change to "main" in Git 3.0. To configure the initial branch name
2026-07-24T13:30:54.6546375Z hint: to use in all of your new repositories, which will suppress this warning,
2026-07-24T13:30:54.6547076Z hint: call:
2026-07-24T13:30:54.6547483Z hint:
2026-07-24T13:30:54.6548049Z hint: 	git config --global init.defaultBranch <name>
2026-07-24T13:30:54.6548632Z hint:
2026-07-24T13:30:54.6549193Z hint: Names commonly chosen instead of 'master' are 'main', 'trunk' and
2026-07-24T13:30:54.6550003Z hint: 'development'. The just-created branch can be renamed via this command:
2026-07-24T13:30:54.6550702Z hint:
2026-07-24T13:30:54.6551114Z hint: 	git branch -m <name>
2026-07-24T13:30:54.6551579Z hint:
2026-07-24T13:30:54.6552225Z hint: Disable this message with "git config set advice.defaultBranchName false"
2026-07-24T13:30:54.6553351Z Initialized empty Git repository in /home/runner/work/ednsv/ednsv/.git/
2026-07-24T13:30:54.6555170Z [command]/usr/bin/git remote add origin https://github.com/pkinerd/ednsv
2026-07-24T13:30:54.6580792Z ##[endgroup]
2026-07-24T13:30:54.6581318Z ##[group]Disabling automatic garbage collection
2026-07-24T13:30:54.6585116Z [command]/usr/bin/git config --local gc.auto 0
2026-07-24T13:30:54.6609604Z ##[endgroup]
2026-07-24T13:30:54.6610069Z ##[group]Setting up auth
2026-07-24T13:30:54.6615754Z [command]/usr/bin/git config --local --name-only --get-regexp core\.sshCommand
2026-07-24T13:30:54.6644778Z [command]/usr/bin/git submodule foreach --recursive sh -c "git config --local --name-only --get-regexp 'core\.sshCommand' && git config --local --unset-all 'core.sshCommand' || :"
2026-07-24T13:30:54.6930399Z [command]/usr/bin/git config --local --name-only --get-regexp http\.https\:\/\/github\.com\/\.extraheader
2026-07-24T13:30:54.6963855Z [command]/usr/bin/git submodule foreach --recursive sh -c "git config --local --name-only --get-regexp 'http\.https\:\/\/github\.com\/\.extraheader' && git config --local --unset-all 'http.https://github.com/.extraheader' || :"
2026-07-24T13:30:54.7167594Z [command]/usr/bin/git config --local --name-only --get-regexp ^includeIf\.gitdir:
2026-07-24T13:30:54.7198445Z [command]/usr/bin/git submodule foreach --recursive git config --local --show-origin --name-only --get-regexp remote.origin.url
2026-07-24T13:30:54.7389397Z [command]/usr/bin/git config --local http.https://github.com/.extraheader AUTHORIZATION: basic ***
2026-07-24T13:30:54.7422204Z ##[endgroup]
2026-07-24T13:30:54.7422991Z ##[group]Fetching the repository
2026-07-24T13:30:54.7430231Z [command]/usr/bin/git -c protocol.version=2 fetch --no-tags --prune --no-recurse-submodules --depth=1 origin +19e30f4f49106f9a36e6a4fdfd28aab8bf2f0e23:refs/remotes/pull/27/merge
2026-07-24T13:30:55.6330877Z From https://github.com/pkinerd/ednsv
2026-07-24T13:30:55.6331493Z  * [new ref]         19e30f4f49106f9a36e6a4fdfd28aab8bf2f0e23 -> pull/27/merge
2026-07-24T13:30:55.6351256Z ##[endgroup]
2026-07-24T13:30:55.6351740Z ##[group]Determining the checkout info
2026-07-24T13:30:55.6354029Z ##[endgroup]
2026-07-24T13:30:55.6359955Z [command]/usr/bin/git sparse-checkout disable
2026-07-24T13:30:55.6396054Z [command]/usr/bin/git config --local --unset-all extensions.worktreeConfig
2026-07-24T13:30:55.6428678Z ##[group]Checking out the ref
2026-07-24T13:30:55.6432131Z [command]/usr/bin/git checkout --progress --force refs/remotes/pull/27/merge
2026-07-24T13:30:55.6523104Z Note: switching to 'refs/remotes/pull/27/merge'.
2026-07-24T13:30:55.6523624Z 
2026-07-24T13:30:55.6524016Z You are in 'detached HEAD' state. You can look around, make experimental
2026-07-24T13:30:55.6524907Z changes and commit them, and you can discard any commits you make in this
2026-07-24T13:30:55.6525594Z state without impacting any branches by switching back to a branch.
2026-07-24T13:30:55.6525986Z 
2026-07-24T13:30:55.6526242Z If you want to create a new branch to retain commits you create, you may
2026-07-24T13:30:55.6526818Z do so (now or later) by using -c with the switch command. Example:
2026-07-24T13:30:55.6527127Z 
2026-07-24T13:30:55.6527272Z   git switch -c <new-branch-name>
2026-07-24T13:30:55.6527417Z 
2026-07-24T13:30:55.6527509Z Or undo this operation with:
2026-07-24T13:30:55.6527633Z 
2026-07-24T13:30:55.6527716Z   git switch -
2026-07-24T13:30:55.6527832Z 
2026-07-24T13:30:55.6528029Z Turn off this advice by setting config variable advice.detachedHead to false
2026-07-24T13:30:55.6528274Z 
2026-07-24T13:30:55.6528550Z HEAD is now at 19e30f4 Merge ac01757f7bdf553b0665421f4c28193a242be25a into 820c0019085f5073eb31d9822b29a158ec3c4826
2026-07-24T13:30:55.6530117Z ##[endgroup]
2026-07-24T13:30:55.6564452Z [command]/usr/bin/git log -1 --format=%H
2026-07-24T13:30:55.6587419Z 19e30f4f49106f9a36e6a4fdfd28aab8bf2f0e23
2026-07-24T13:30:55.6804834Z ##[group]Run if [ "pull_request" != "pull_request" ]; then
2026-07-24T13:30:55.6805385Z [36;1mif [ "pull_request" != "pull_request" ]; then[0m
2026-07-24T13:30:55.6805774Z [36;1m  echo "push=true" >> "$GITHUB_OUTPUT"[0m
2026-07-24T13:30:55.6806200Z [36;1melif [ "pkinerd/ednsv" = "pkinerd/ednsv" ]; then[0m
2026-07-24T13:30:55.6806676Z [36;1m  echo "push=true" >> "$GITHUB_OUTPUT"[0m
2026-07-24T13:30:55.6807015Z [36;1melse[0m
2026-07-24T13:30:55.6807294Z [36;1m  echo "push=false" >> "$GITHUB_OUTPUT"[0m
2026-07-24T13:30:55.6807658Z [36;1mfi[0m
2026-07-24T13:30:55.6855130Z shell: /usr/bin/bash -e {0}
2026-07-24T13:30:55.6855369Z env:
2026-07-24T13:30:55.6855532Z   REGISTRY: ghcr.io
2026-07-24T13:30:55.6855721Z   IMAGE_NAME: pkinerd/ednsv
2026-07-24T13:30:55.6855908Z ##[endgroup]
2026-07-24T13:30:55.7010866Z Node 20 is being deprecated. This workflow is running with Node 24 by default. If you need to temporarily use Node 20, you can set the ACTIONS_ALLOW_USE_UNSECURE_NODE_VERSION=true environment variable. For more information see: https://github.blog/changelog/2025-09-19-deprecation-of-node-20-on-github-actions-runners/
2026-07-24T13:30:55.7012548Z ##[group]Run docker/setup-buildx-action@v3
2026-07-24T13:30:55.7012825Z with:
2026-07-24T13:30:55.7012994Z   driver: docker-container
2026-07-24T13:30:55.7013182Z   use: true
2026-07-24T13:30:55.7013338Z   keep-state: false
2026-07-24T13:30:55.7013505Z   cache-binary: true
2026-07-24T13:30:55.7013676Z   cleanup: true
2026-07-24T13:30:55.7013837Z   install: false
2026-07-24T13:30:55.7013993Z env:
2026-07-24T13:30:55.7014140Z   REGISTRY: ghcr.io
2026-07-24T13:30:55.7014325Z   IMAGE_NAME: pkinerd/ednsv
2026-07-24T13:30:55.7014507Z ##[endgroup]
2026-07-24T13:30:55.8909803Z (node:2040) [DEP0040] DeprecationWarning: The `punycode` module is deprecated. Please use a userland alternative instead.
2026-07-24T13:30:55.8910465Z (Use `node --trace-deprecation ...` to show where the warning was created)
2026-07-24T13:30:55.8955153Z ##[group]Docker info
2026-07-24T13:30:55.8971292Z [command]/usr/bin/docker version
2026-07-24T13:30:56.0991834Z Client: Docker Engine - Community
2026-07-24T13:30:56.0992750Z  Version:           28.0.4
2026-07-24T13:30:56.1002886Z  API version:       1.48
2026-07-24T13:30:56.1003403Z  Go version:        go1.23.7
2026-07-24T13:30:56.1003912Z  Git commit:        b8034c0
2026-07-24T13:30:56.1004591Z  Built:             Tue Mar 25 15:07:16 2025
2026-07-24T13:30:56.1005069Z  OS/Arch:           linux/amd64
2026-07-24T13:30:56.1005398Z  Context:           default
2026-07-24T13:30:56.1005616Z 
2026-07-24T13:30:56.1005774Z Server: Docker Engine - Community
2026-07-24T13:30:56.1006491Z  Engine:
2026-07-24T13:30:56.1006760Z   Version:          28.0.4
2026-07-24T13:30:56.1007104Z   API version:      1.48 (minimum version 1.24)
2026-07-24T13:30:56.1007488Z   Go version:       go1.23.7
2026-07-24T13:30:56.1007804Z   Git commit:       6430e49
2026-07-24T13:30:56.1008153Z   Built:            Tue Mar 25 15:07:16 2025
2026-07-24T13:30:56.1008505Z   OS/Arch:          linux/amd64
2026-07-24T13:30:56.1008814Z   Experimental:     false
2026-07-24T13:30:56.1009101Z  containerd:
2026-07-24T13:30:56.1009342Z   Version:          v2.2.6
2026-07-24T13:30:56.1009712Z   GitCommit:        11ce9d5f3c68c941867e82890e93e815c1304f1b
2026-07-24T13:30:56.1010142Z  runc:
2026-07-24T13:30:56.1010407Z   Version:          1.3.6
2026-07-24T13:30:56.1010705Z   GitCommit:        v1.3.6-0-g491b69ba
2026-07-24T13:30:56.1011044Z  docker-init:
2026-07-24T13:30:56.1011303Z   Version:          0.19.0
2026-07-24T13:30:56.1011595Z   GitCommit:        de40ad0
2026-07-24T13:30:56.1032269Z [command]/usr/bin/docker info
2026-07-24T13:30:56.3743490Z Client: Docker Engine - Community
2026-07-24T13:30:56.3744161Z  Version:    28.0.4
2026-07-24T13:30:56.3744532Z  Context:    default
2026-07-24T13:30:56.3744979Z  Debug Mode: false
2026-07-24T13:30:56.3745314Z  Plugins:
2026-07-24T13:30:56.3745638Z   buildx: Docker Buildx (Docker Inc.)
2026-07-24T13:30:56.3746054Z     Version:  v0.35.0
2026-07-24T13:30:56.3746502Z     Path:     /usr/libexec/docker/cli-plugins/docker-buildx
2026-07-24T13:30:56.3746979Z   compose: Docker Compose (Docker Inc.)
2026-07-24T13:30:56.3747370Z     Version:  v2.38.2
2026-07-24T13:30:56.3747775Z     Path:     /usr/libexec/docker/cli-plugins/docker-compose
2026-07-24T13:30:56.3748181Z 
2026-07-24T13:30:56.3748498Z Server:
2026-07-24T13:30:56.3748975Z  Containers: 0
2026-07-24T13:30:56.3749335Z   Running: 0
2026-07-24T13:30:56.3749630Z   Paused: 0
2026-07-24T13:30:56.3749952Z   Stopped: 0
2026-07-24T13:30:56.3750308Z  Images: 6
2026-07-24T13:30:56.3750551Z  Server Version: 28.0.4
2026-07-24T13:30:56.3750846Z  Storage Driver: overlay2
2026-07-24T13:30:56.3751139Z   Backing Filesystem: extfs
2026-07-24T13:30:56.3751431Z   Supports d_type: true
2026-07-24T13:30:56.3752092Z   Using metacopy: false
2026-07-24T13:30:56.3752529Z   Native Overlay Diff: false
2026-07-24T13:30:56.3752823Z   userxattr: false
2026-07-24T13:30:56.3753082Z  Logging Driver: json-file
2026-07-24T13:30:56.3753364Z  Cgroup Driver: systemd
2026-07-24T13:30:56.3753632Z  Cgroup Version: 2
2026-07-24T13:30:56.3753876Z  Plugins:
2026-07-24T13:30:56.3754139Z   Volume: local
2026-07-24T13:30:56.3754506Z   Network: bridge host ipvlan macvlan null overlay
2026-07-24T13:30:56.3754842Z   Log: awslogs fluentd gcplogs gelf journald json-file local splunk syslog
2026-07-24T13:30:56.3755138Z  Swarm: inactive
2026-07-24T13:30:56.3755327Z  Runtimes: io.containerd.runc.v2 runc
2026-07-24T13:30:56.3755545Z  Default Runtime: runc
2026-07-24T13:30:56.3755734Z  Init Binary: docker-init
2026-07-24T13:30:56.3755980Z  containerd version: 11ce9d5f3c68c941867e82890e93e815c1304f1b
2026-07-24T13:30:56.3756259Z  runc version: v1.3.6-0-g491b69ba
2026-07-24T13:30:56.3756471Z  init version: de40ad0
2026-07-24T13:30:56.3756659Z  Security Options:
2026-07-24T13:30:56.3756835Z   apparmor
2026-07-24T13:30:56.3756992Z   seccomp
2026-07-24T13:30:56.3757155Z    Profile: builtin
2026-07-24T13:30:56.3757321Z   cgroupns
2026-07-24T13:30:56.3757486Z  Kernel Version: 6.17.0-1020-azure
2026-07-24T13:30:56.3757704Z  Operating System: Ubuntu 24.04.4 LTS
2026-07-24T13:30:56.3757945Z  OSType: linux
2026-07-24T13:30:56.3758118Z  Architecture: x86_64
2026-07-24T13:30:56.3758286Z  CPUs: 4
2026-07-24T13:30:56.3758440Z  Total Memory: 15.61GiB
2026-07-24T13:30:56.3758617Z  Name: runnervmvrwv9
2026-07-24T13:30:56.3758809Z  ID: dce1e4a9-fc26-4218-aaf0-feee5194c8cb
2026-07-24T13:30:56.3759038Z  Docker Root Dir: /var/lib/docker
2026-07-24T13:30:56.3759234Z  Debug Mode: false
2026-07-24T13:30:56.3759403Z  Username: githubactions
2026-07-24T13:30:56.3759586Z  Experimental: false
2026-07-24T13:30:56.3759915Z  Insecure Registries:
2026-07-24T13:30:56.3763459Z   ::1/128
2026-07-24T13:30:56.3763696Z   127.0.0.0/8
2026-07-24T13:30:56.3763959Z  Live Restore Enabled: false
2026-07-24T13:30:56.3764160Z 
2026-07-24T13:30:56.3768348Z ##[endgroup]
2026-07-24T13:30:56.4202925Z ##[group]Buildx version
2026-07-24T13:30:56.4221098Z [command]/usr/bin/docker buildx version
2026-07-24T13:30:56.4601653Z github.com/docker/buildx v0.35.0 a319e5b15052cf6557ceb666eb8ff6e32380b782
2026-07-24T13:30:56.4629172Z ##[endgroup]
2026-07-24T13:30:56.4758633Z ##[group]Inspecting default docker context
2026-07-24T13:30:56.4873890Z [
2026-07-24T13:30:56.4874286Z   {
2026-07-24T13:30:56.4874550Z     "Name": "default",
2026-07-24T13:30:56.4874771Z     "Metadata": {},
2026-07-24T13:30:56.4874977Z     "Endpoints": {
2026-07-24T13:30:56.4875155Z       "docker": {
2026-07-24T13:30:56.4875361Z         "Host": "unix:///var/run/docker.sock",
2026-07-24T13:30:56.4875622Z         "SkipTLSVerify": false
2026-07-24T13:30:56.4875847Z       }
2026-07-24T13:30:56.4875993Z     },
2026-07-24T13:30:56.4876145Z     "TLSMaterial": {},
2026-07-24T13:30:56.4876316Z     "Storage": {
2026-07-24T13:30:56.4876515Z       "MetadataPath": "<IN MEMORY>",
2026-07-24T13:30:56.4876730Z       "TLSPath": "<IN MEMORY>"
2026-07-24T13:30:56.4876931Z     }
2026-07-24T13:30:56.4877102Z   }
2026-07-24T13:30:56.4877261Z ]
2026-07-24T13:30:56.4877699Z ##[endgroup]
2026-07-24T13:30:56.4878025Z ##[group]Creating a new builder instance
2026-07-24T13:30:56.5772588Z [command]/usr/bin/docker buildx create --name builder-57bed8c4-1f81-4416-9e3f-05c62f3730f0 --driver docker-container --buildkitd-flags --allow-insecure-entitlement security.insecure --allow-insecure-entitlement network.host --use
2026-07-24T13:30:56.7973421Z builder-57bed8c4-1f81-4416-9e3f-05c62f3730f0
2026-07-24T13:30:56.8003684Z ##[endgroup]
2026-07-24T13:30:56.8004178Z ##[group]Booting builder
2026-07-24T13:30:56.8031315Z [command]/usr/bin/docker buildx inspect --bootstrap --builder builder-57bed8c4-1f81-4416-9e3f-05c62f3730f0
2026-07-24T13:30:56.8435668Z #1 [internal] booting buildkit
2026-07-24T13:30:56.9940430Z #1 pulling image moby/buildkit:buildx-stable-1
2026-07-24T13:31:01.7845280Z #1 pulling image moby/buildkit:buildx-stable-1 4.9s done
2026-07-24T13:31:01.9350187Z #1 creating container buildx_buildkit_builder-57bed8c4-1f81-4416-9e3f-05c62f3730f00
2026-07-24T13:31:02.0130275Z #1 creating container buildx_buildkit_builder-57bed8c4-1f81-4416-9e3f-05c62f3730f00 0.2s done
2026-07-24T13:31:02.0141736Z #1 DONE 5.2s
2026-07-24T13:31:02.0407174Z Name:          builder-57bed8c4-1f81-4416-9e3f-05c62f3730f0
2026-07-24T13:31:02.0407944Z Driver:        docker-container
2026-07-24T13:31:02.0423116Z Last Activity: 2026-07-24 13:30:56 +0000 UTC
2026-07-24T13:31:02.0423390Z 
2026-07-24T13:31:02.0424042Z Nodes:
2026-07-24T13:31:02.0424505Z Name:                  builder-57bed8c4-1f81-4416-9e3f-05c62f3730f00
2026-07-24T13:31:02.0425568Z Endpoint:              unix:///var/run/docker.sock
2026-07-24T13:31:02.0426012Z Status:                running
2026-07-24T13:31:02.0426999Z BuildKit daemon flags: --allow-insecure-entitlement security.insecure --allow-insecure-entitlement network.host
2026-07-24T13:31:02.0427604Z BuildKit version:      v0.31.2
2026-07-24T13:31:02.0428052Z Platforms:             linux/amd64, linux/amd64/v2, linux/amd64/v3, linux/amd64/v4, linux/386
2026-07-24T13:31:02.0428557Z Labels:
2026-07-24T13:31:02.0428863Z  org.mobyproject.buildkit.worker.executor:         oci
2026-07-24T13:31:02.0429354Z  org.mobyproject.buildkit.worker.hostname:         98ec0157dd62
2026-07-24T13:31:02.0429823Z  org.mobyproject.buildkit.worker.network:          host
2026-07-24T13:31:02.0430271Z  org.mobyproject.buildkit.worker.oci.process-mode: sandbox
2026-07-24T13:31:02.0430760Z  org.mobyproject.buildkit.worker.selinux.enabled:  false
2026-07-24T13:31:02.0431242Z  org.mobyproject.buildkit.worker.snapshotter:      overlayfs
2026-07-24T13:31:02.0431631Z GC Policy rule#0:
2026-07-24T13:31:02.0431887Z  All:            false
2026-07-24T13:31:02.0432934Z  Filters:        type==source.local type==exec.cachemount type==source.git.checkout
2026-07-24T13:31:02.0433431Z  Keep Duration:  48h0m0s
2026-07-24T13:31:02.0433709Z  Max Used Space: 488.3MiB
2026-07-24T13:31:02.0433964Z GC Policy rule#1:
2026-07-24T13:31:02.0434202Z  All:            false
2026-07-24T13:31:02.0434464Z  Keep Duration:  1440h0m0s
2026-07-24T13:31:02.0434744Z  Reserved Space: 9.313GiB
2026-07-24T13:31:02.0435206Z  Max Used Space: 93.13GiB
2026-07-24T13:31:02.0435479Z  Min Free Space: 27.01GiB
2026-07-24T13:31:02.0435751Z GC Policy rule#2:
2026-07-24T13:31:02.0436000Z  All:            false
2026-07-24T13:31:02.0436576Z  Reserved Space: 9.313GiB
2026-07-24T13:31:02.0436846Z  Max Used Space: 93.13GiB
2026-07-24T13:31:02.0437248Z  Min Free Space: 27.01GiB
2026-07-24T13:31:02.0437619Z GC Policy rule#3:
2026-07-24T13:31:02.0437851Z  All:            true
2026-07-24T13:31:02.0438249Z  Reserved Space: 9.313GiB
2026-07-24T13:31:02.0438530Z  Max Used Space: 93.13GiB
2026-07-24T13:31:02.0438800Z  Min Free Space: 27.01GiB
2026-07-24T13:31:02.0447601Z ##[endgroup]
2026-07-24T13:31:02.1119528Z ##[group]Inspect builder
2026-07-24T13:31:02.1120572Z {
2026-07-24T13:31:02.1120812Z   "nodes": [
2026-07-24T13:31:02.1121067Z     {
2026-07-24T13:31:02.1121373Z       "name": "builder-57bed8c4-1f81-4416-9e3f-05c62f3730f00",
2026-07-24T13:31:02.1121832Z       "endpoint": "unix:///var/run/docker.sock",
2026-07-24T13:31:02.1122194Z       "status": "running",
2026-07-24T13:31:02.1122961Z       "buildkitd-flags": "--allow-insecure-entitlement security.insecure --allow-insecure-entitlement network.host",
2026-07-24T13:31:02.1123605Z       "buildkit": "v0.31.2",
2026-07-24T13:31:02.1124066Z       "platforms": "linux/amd64,linux/amd64/v2,linux/amd64/v3,linux/amd64/v4,linux/386",
2026-07-24T13:31:02.1124756Z       "features": {
2026-07-24T13:31:02.1125255Z         "Automatically load images to the Docker Engine image store": true,
2026-07-24T13:31:02.1125706Z         "Cache export": true,
2026-07-24T13:31:02.1126015Z         "Direct push": true,
2026-07-24T13:31:02.1126316Z         "Docker exporter": true,
2026-07-24T13:31:02.1126565Z         "Multi-platform build": true,
2026-07-24T13:31:02.1127111Z         "OCI exporter": true
2026-07-24T13:31:02.1127388Z       },
2026-07-24T13:31:02.1127605Z       "labels": {
2026-07-24T13:31:02.1127926Z         "org.mobyproject.buildkit.worker.executor": "oci",
2026-07-24T13:31:02.1128407Z         "org.mobyproject.buildkit.worker.hostname": "98ec0157dd62",
2026-07-24T13:31:02.1128885Z         "org.mobyproject.buildkit.worker.network": "host",
2026-07-24T13:31:02.1129402Z         "org.mobyproject.buildkit.worker.oci.process-mode": "sandbox",
2026-07-24T13:31:02.1129945Z         "org.mobyproject.buildkit.worker.selinux.enabled": "false",
2026-07-24T13:31:02.1130463Z         "org.mobyproject.buildkit.worker.snapshotter": "overlayfs"
2026-07-24T13:31:02.1130906Z       },
2026-07-24T13:31:02.1131120Z       "gcPolicy": [
2026-07-24T13:31:02.1131361Z         {
2026-07-24T13:31:02.1131594Z           "all": false,
2026-07-24T13:31:02.1131866Z           "filter": [
2026-07-24T13:31:02.1132243Z             "type==source.local type==exec.cachemount type==source.git.checkout"
2026-07-24T13:31:02.1132848Z           ],
2026-07-24T13:31:02.1133113Z           "keepDuration": "48h0m0s",
2026-07-24T13:31:02.1133436Z           "maxUsedSpace": "488.3MiB"
2026-07-24T13:31:02.1133697Z         },
2026-07-24T13:31:02.1133839Z         {
2026-07-24T13:31:02.1134094Z           "all": false,
2026-07-24T13:31:02.1134400Z           "keepDuration": "1440h0m0s",
2026-07-24T13:31:02.1134623Z           "reservedSpace": "9.313GiB",
2026-07-24T13:31:02.1134927Z           "maxUsedSpace": "93.13GiB",
2026-07-24T13:31:02.1135239Z           "minFreeSpace": "27.01GiB"
2026-07-24T13:31:02.1135525Z         },
2026-07-24T13:31:02.1135739Z         {
2026-07-24T13:31:02.1135922Z           "all": false,
2026-07-24T13:31:02.1136237Z           "reservedSpace": "9.313GiB",
2026-07-24T13:31:02.1136507Z           "maxUsedSpace": "93.13GiB",
2026-07-24T13:31:02.1137247Z           "minFreeSpace": "27.01GiB"
2026-07-24T13:31:02.1137558Z         },
2026-07-24T13:31:02.1137803Z         {
2026-07-24T13:31:02.1138055Z           "all": true,
2026-07-24T13:31:02.1138367Z           "reservedSpace": "9.313GiB",
2026-07-24T13:31:02.1138713Z           "maxUsedSpace": "93.13GiB",
2026-07-24T13:31:02.1139059Z           "minFreeSpace": "27.01GiB"
2026-07-24T13:31:02.1139369Z         }
2026-07-24T13:31:02.1139592Z       ]
2026-07-24T13:31:02.1139825Z     }
2026-07-24T13:31:02.1140068Z   ],
2026-07-24T13:31:02.1140403Z   "name": "builder-57bed8c4-1f81-4416-9e3f-05c62f3730f0",
2026-07-24T13:31:02.1140870Z   "driver": "docker-container",
2026-07-24T13:31:02.1166028Z   "lastActivity": "2026-07-24T13:30:56.000Z"
2026-07-24T13:31:02.1166262Z }
2026-07-24T13:31:02.1166739Z ##[endgroup]
2026-07-24T13:31:02.1167136Z ##[group]BuildKit version
2026-07-24T13:31:02.1167498Z builder-57bed8c4-1f81-4416-9e3f-05c62f3730f00: v0.31.2
2026-07-24T13:31:02.1168015Z ##[endgroup]
2026-07-24T13:31:02.1278445Z Node 20 is being deprecated. This workflow is running with Node 24 by default. If you need to temporarily use Node 20, you can set the ACTIONS_ALLOW_USE_UNSECURE_NODE_VERSION=true environment variable. For more information see: https://github.blog/changelog/2025-09-19-deprecation-of-node-20-on-github-actions-runners/
2026-07-24T13:31:02.1279432Z ##[group]Run docker/login-action@v3
2026-07-24T13:31:02.1279640Z with:
2026-07-24T13:31:02.1279802Z   registry: ghcr.io
2026-07-24T13:31:02.1279974Z   username: pkinerd
2026-07-24T13:31:02.1281964Z   password: ***
2026-07-24T13:31:02.1282146Z   logout: true
2026-07-24T13:31:02.1282310Z env:
2026-07-24T13:31:02.1282938Z   REGISTRY: ghcr.io
2026-07-24T13:31:02.1283123Z   IMAGE_NAME: pkinerd/ednsv
2026-07-24T13:31:02.1283313Z ##[endgroup]
2026-07-24T13:31:02.3681618Z Logging into ghcr.io...
2026-07-24T13:31:02.3701203Z (node:2522) [DEP0040] DeprecationWarning: The `punycode` module is deprecated. Please use a userland alternative instead.
2026-07-24T13:31:02.3702295Z (Use `node --trace-deprecation ...` to show where the warning was created)
2026-07-24T13:31:03.4266280Z Login Succeeded!
2026-07-24T13:31:03.4406057Z Node 20 is being deprecated. This workflow is running with Node 24 by default. If you need to temporarily use Node 20, you can set the ACTIONS_ALLOW_USE_UNSECURE_NODE_VERSION=true environment variable. For more information see: https://github.blog/changelog/2025-09-19-deprecation-of-node-20-on-github-actions-runners/
2026-07-24T13:31:03.4407041Z ##[group]Run docker/metadata-action@v5
2026-07-24T13:31:03.4407258Z with:
2026-07-24T13:31:03.4407424Z   images: ghcr.io/pkinerd/ednsv
2026-07-24T13:31:03.4407971Z   tags: type=ref,event=branch,prefix=branch-
type=ref,event=pr,prefix=pr-
type=sha,format=short,prefix=sha-
type=raw,value=latest,enable={{is_default_branch}}
type=raw,value=latest-any

2026-07-24T13:31:03.4408515Z   context: workflow
2026-07-24T13:31:03.4410365Z   github-token: ***
2026-07-24T13:31:03.4410529Z env:
2026-07-24T13:31:03.4410693Z   REGISTRY: ghcr.io
2026-07-24T13:31:03.4410870Z   IMAGE_NAME: pkinerd/ednsv
2026-07-24T13:31:03.4411065Z ##[endgroup]
2026-07-24T13:31:03.7231165Z (node:2543) [DEP0040] DeprecationWarning: The `punycode` module is deprecated. Please use a userland alternative instead.
2026-07-24T13:31:03.7231744Z (Use `node --trace-deprecation ...` to show where the warning was created)
2026-07-24T13:31:04.6358844Z ##[group]Context info
2026-07-24T13:31:04.6359164Z eventName: pull_request
2026-07-24T13:31:04.6359469Z sha: 19e30f4f49106f9a36e6a4fdfd28aab8bf2f0e23
2026-07-24T13:31:04.6359821Z ref: refs/pull/27/merge
2026-07-24T13:31:04.6360072Z workflow: CI
2026-07-24T13:31:04.6360324Z action: meta
2026-07-24T13:31:04.6360558Z actor: pkinerd
2026-07-24T13:31:04.6360792Z runNumber: 207
2026-07-24T13:31:04.6361022Z runId: 30097098558
2026-07-24T13:31:04.6361388Z commitDate: Fri Jul 24 2026 13:29:50 GMT+0000 (Coordinated Universal Time)
2026-07-24T13:31:04.6362025Z ##[endgroup]
2026-07-24T13:31:04.6365907Z ##[group]Processing images input
2026-07-24T13:31:04.6366702Z name=ghcr.io/pkinerd/ednsv,enable=true
2026-07-24T13:31:04.6367232Z ##[endgroup]
2026-07-24T13:31:04.6380037Z ##[group]Processing tags input
2026-07-24T13:31:04.6380668Z type=ref,event=branch,prefix=branch-,enable=true,priority=600
2026-07-24T13:31:04.6381465Z type=ref,event=pr,prefix=pr-,enable=true,priority=600
2026-07-24T13:31:04.6382212Z type=raw,value=latest,enable={{is_default_branch}},priority=200
2026-07-24T13:31:04.6383084Z type=raw,value=latest-any,enable=true,priority=200
2026-07-24T13:31:04.6383606Z type=sha,format=short,prefix=sha-,enable=true,priority=100
2026-07-24T13:31:04.6384233Z ##[endgroup]
2026-07-24T13:31:04.6384667Z ##[group]Processing flavor input
2026-07-24T13:31:04.6384998Z latest=auto
2026-07-24T13:31:04.6385247Z prefix=
2026-07-24T13:31:04.6385495Z prefixLatest=false
2026-07-24T13:31:04.6385746Z suffix=
2026-07-24T13:31:04.6385963Z suffixLatest=false
2026-07-24T13:31:04.6386413Z ##[endgroup]
2026-07-24T13:31:04.6439230Z ##[group]Docker image version
2026-07-24T13:31:04.6439579Z pr-27
2026-07-24T13:31:04.6439969Z ##[endgroup]
2026-07-24T13:31:04.6443851Z ##[group]Docker tags
2026-07-24T13:31:04.6444176Z ghcr.io/pkinerd/ednsv:pr-27
2026-07-24T13:31:04.6444533Z ghcr.io/pkinerd/ednsv:latest-any
2026-07-24T13:31:04.6444873Z ghcr.io/pkinerd/ednsv:sha-19e30f4
2026-07-24T13:31:04.6445413Z ##[endgroup]
2026-07-24T13:31:04.6503108Z ##[group]Docker labels
2026-07-24T13:31:04.6503495Z org.opencontainers.image.created=2026-07-24T13:31:04.638Z
2026-07-24T13:31:04.6504001Z org.opencontainers.image.description=
2026-07-24T13:31:04.6504387Z org.opencontainers.image.licenses=
2026-07-24T13:31:04.6504847Z org.opencontainers.image.revision=19e30f4f49106f9a36e6a4fdfd28aab8bf2f0e23
2026-07-24T13:31:04.6505564Z org.opencontainers.image.source=https://github.com/pkinerd/ednsv
2026-07-24T13:31:04.6506088Z org.opencontainers.image.title=ednsv
2026-07-24T13:31:04.6506541Z org.opencontainers.image.url=https://github.com/pkinerd/ednsv
2026-07-24T13:31:04.6507059Z org.opencontainers.image.version=pr-27
2026-07-24T13:31:04.6507683Z ##[endgroup]
2026-07-24T13:31:04.6508183Z ##[group]Annotations
2026-07-24T13:31:04.6508981Z manifest:org.opencontainers.image.created=2026-07-24T13:31:04.638Z
2026-07-24T13:31:04.6509538Z manifest:org.opencontainers.image.description=
2026-07-24T13:31:04.6509952Z manifest:org.opencontainers.image.licenses=
2026-07-24T13:31:04.6510508Z manifest:org.opencontainers.image.revision=19e30f4f49106f9a36e6a4fdfd28aab8bf2f0e23
2026-07-24T13:31:04.6511253Z manifest:org.opencontainers.image.source=https://github.com/pkinerd/ednsv
2026-07-24T13:31:04.6511830Z manifest:org.opencontainers.image.title=ednsv
2026-07-24T13:31:04.6512521Z manifest:org.opencontainers.image.url=https://github.com/pkinerd/ednsv
2026-07-24T13:31:04.6513076Z manifest:org.opencontainers.image.version=pr-27
2026-07-24T13:31:04.6513702Z ##[endgroup]
2026-07-24T13:31:04.6514142Z ##[group]JSON output
2026-07-24T13:31:04.6514395Z {
2026-07-24T13:31:04.6514631Z   "tags": [
2026-07-24T13:31:04.6514875Z     "ghcr.io/pkinerd/ednsv:pr-27",
2026-07-24T13:31:04.6515191Z     "ghcr.io/pkinerd/ednsv:latest-any",
2026-07-24T13:31:04.6515553Z     "ghcr.io/pkinerd/ednsv:sha-19e30f4"
2026-07-24T13:31:04.6515869Z   ],
2026-07-24T13:31:04.6516082Z   "tag-names": [
2026-07-24T13:31:04.6516329Z     "pr-27",
2026-07-24T13:31:04.6516569Z     "latest-any",
2026-07-24T13:31:04.6516835Z     "sha-19e30f4"
2026-07-24T13:31:04.6517088Z   ],
2026-07-24T13:31:04.6517310Z   "labels": {
2026-07-24T13:31:04.6517718Z     "org.opencontainers.image.created": "2026-07-24T13:31:04.638Z",
2026-07-24T13:31:04.6518248Z     "org.opencontainers.image.description": "",
2026-07-24T13:31:04.6518663Z     "org.opencontainers.image.licenses": "",
2026-07-24T13:31:04.6519234Z     "org.opencontainers.image.revision": "19e30f4f49106f9a36e6a4fdfd28aab8bf2f0e23",
2026-07-24T13:31:04.6519949Z     "org.opencontainers.image.source": "https://github.com/pkinerd/ednsv",
2026-07-24T13:31:04.6520533Z     "org.opencontainers.image.title": "ednsv",
2026-07-24T13:31:04.6521279Z     "org.opencontainers.image.url": "https://github.com/pkinerd/ednsv",
2026-07-24T13:31:04.6521837Z     "org.opencontainers.image.version": "pr-27"
2026-07-24T13:31:04.6522213Z   },
2026-07-24T13:31:04.6522583Z   "annotations": [
2026-07-24T13:31:04.6523005Z     "manifest:org.opencontainers.image.created=2026-07-24T13:31:04.638Z",
2026-07-24T13:31:04.6523562Z     "manifest:org.opencontainers.image.description=",
2026-07-24T13:31:04.6524041Z     "manifest:org.opencontainers.image.licenses=",
2026-07-24T13:31:04.6524709Z     "manifest:org.opencontainers.image.revision=19e30f4f49106f9a36e6a4fdfd28aab8bf2f0e23",
2026-07-24T13:31:04.6525470Z     "manifest:org.opencontainers.image.source=https://github.com/pkinerd/ednsv",
2026-07-24T13:31:04.6526067Z     "manifest:org.opencontainers.image.title=ednsv",
2026-07-24T13:31:04.6526562Z     "manifest:org.opencontainers.image.url=https://github.com/pkinerd/ednsv",
2026-07-24T13:31:04.6527067Z     "manifest:org.opencontainers.image.version=pr-27"
2026-07-24T13:31:04.6527390Z   ]
2026-07-24T13:31:04.6527588Z }
2026-07-24T13:31:04.6527980Z ##[endgroup]
2026-07-24T13:31:04.6528375Z ##[group]Bake file definition (tags)
2026-07-24T13:31:04.6528643Z {
2026-07-24T13:31:04.6528830Z   "target": {
2026-07-24T13:31:04.6529060Z     "docker-metadata-action": {
2026-07-24T13:31:04.6529317Z       "tags": [
2026-07-24T13:31:04.6529543Z         "ghcr.io/pkinerd/ednsv:pr-27",
2026-07-24T13:31:04.6529859Z         "ghcr.io/pkinerd/ednsv:latest-any",
2026-07-24T13:31:04.6530166Z         "ghcr.io/pkinerd/ednsv:sha-19e30f4"
2026-07-24T13:31:04.6530442Z       ],
2026-07-24T13:31:04.6530638Z       "args": {
2026-07-24T13:31:04.6530896Z         "DOCKER_META_IMAGES": "ghcr.io/pkinerd/ednsv",
2026-07-24T13:31:04.6531280Z         "DOCKER_META_VERSION": "pr-27"
2026-07-24T13:31:04.6531587Z       }
2026-07-24T13:31:04.6531792Z     }
2026-07-24T13:31:04.6531994Z   }
2026-07-24T13:31:04.6532198Z }
2026-07-24T13:31:04.6532744Z ##[endgroup]
2026-07-24T13:31:04.6533159Z ##[group]Bake file definition (labels)
2026-07-24T13:31:04.6533512Z {
2026-07-24T13:31:04.6533714Z   "target": {
2026-07-24T13:31:04.6534178Z     "docker-metadata-action": {
2026-07-24T13:31:04.6534564Z       "labels": {
2026-07-24T13:31:04.6534938Z         "org.opencontainers.image.created": "2026-07-24T13:31:04.638Z",
2026-07-24T13:31:04.6535354Z         "org.opencontainers.image.description": "",
2026-07-24T13:31:04.6535716Z         "org.opencontainers.image.licenses": "",
2026-07-24T13:31:04.6536283Z         "org.opencontainers.image.revision": "19e30f4f49106f9a36e6a4fdfd28aab8bf2f0e23",
2026-07-24T13:31:04.6536910Z         "org.opencontainers.image.source": "https://github.com/pkinerd/ednsv",
2026-07-24T13:31:04.6537380Z         "org.opencontainers.image.title": "ednsv",
2026-07-24T13:31:04.6537843Z         "org.opencontainers.image.url": "https://github.com/pkinerd/ednsv",
2026-07-24T13:31:04.6538397Z         "org.opencontainers.image.version": "pr-27"
2026-07-24T13:31:04.6538797Z       }
2026-07-24T13:31:04.6539012Z     }
2026-07-24T13:31:04.6539235Z   }
2026-07-24T13:31:04.6539428Z }
2026-07-24T13:31:04.6539849Z ##[endgroup]
2026-07-24T13:31:04.6540292Z ##[group]Bake file definition (annotations)
2026-07-24T13:31:04.6540622Z {
2026-07-24T13:31:04.6540816Z   "target": {
2026-07-24T13:31:04.6541093Z     "docker-metadata-action": {
2026-07-24T13:31:04.6541437Z       "annotations": [
2026-07-24T13:31:04.6541848Z         "manifest:org.opencontainers.image.created=2026-07-24T13:31:04.638Z",
2026-07-24T13:31:04.6542540Z         "manifest:org.opencontainers.image.description=",
2026-07-24T13:31:04.6542995Z         "manifest:org.opencontainers.image.licenses=",
2026-07-24T13:31:04.6543612Z         "manifest:org.opencontainers.image.revision=19e30f4f49106f9a36e6a4fdfd28aab8bf2f0e23",
2026-07-24T13:31:04.6544382Z         "manifest:org.opencontainers.image.source=https://github.com/pkinerd/ednsv",
2026-07-24T13:31:04.6544968Z         "manifest:org.opencontainers.image.title=ednsv",
2026-07-24T13:31:04.6545541Z         "manifest:org.opencontainers.image.url=https://github.com/pkinerd/ednsv",
2026-07-24T13:31:04.6546384Z         "manifest:org.opencontainers.image.version=pr-27"
2026-07-24T13:31:04.6546762Z       ]
2026-07-24T13:31:04.6546998Z     }
2026-07-24T13:31:04.6547213Z   }
2026-07-24T13:31:04.6547418Z }
2026-07-24T13:31:04.6547840Z ##[endgroup]
2026-07-24T13:31:04.6696409Z Node 20 is being deprecated. This workflow is running with Node 24 by default. If you need to temporarily use Node 20, you can set the ACTIONS_ALLOW_USE_UNSECURE_NODE_VERSION=true environment variable. For more information see: https://github.blog/changelog/2025-09-19-deprecation-of-node-20-on-github-actions-runners/
2026-07-24T13:31:04.6697387Z ##[group]Run docker/build-push-action@v6
2026-07-24T13:31:04.6697608Z with:
2026-07-24T13:31:04.6697788Z   context: .
2026-07-24T13:31:04.6697960Z   file: ./Dockerfile
2026-07-24T13:31:04.6698133Z   push: true
2026-07-24T13:31:04.6698457Z   tags: ghcr.io/pkinerd/ednsv:pr-27
ghcr.io/pkinerd/ednsv:latest-any
ghcr.io/pkinerd/ednsv:sha-19e30f4
2026-07-24T13:31:04.6699906Z   labels: org.opencontainers.image.created=2026-07-24T13:31:04.638Z
org.opencontainers.image.description=
org.opencontainers.image.licenses=
org.opencontainers.image.revision=19e30f4f49106f9a36e6a4fdfd28aab8bf2f0e23
org.opencontainers.image.source=https://github.com/pkinerd/ednsv
org.opencontainers.image.title=ednsv
org.opencontainers.image.url=https://github.com/pkinerd/ednsv
org.opencontainers.image.version=pr-27
2026-07-24T13:31:04.6701132Z   cache-from: type=gha
2026-07-24T13:31:04.6701320Z   cache-to: type=gha,mode=max
2026-07-24T13:31:04.6701515Z   load: false
2026-07-24T13:31:04.6701671Z   no-cache: false
2026-07-24T13:31:04.6701836Z   pull: false
2026-07-24T13:31:04.6703919Z   github-token: ***
2026-07-24T13:31:04.6704091Z env:
2026-07-24T13:31:04.6704243Z   REGISTRY: ghcr.io
2026-07-24T13:31:04.6704418Z   IMAGE_NAME: pkinerd/ednsv
2026-07-24T13:31:04.6704620Z   DOCKER_METADATA_OUTPUT_VERSION: pr-27
2026-07-24T13:31:04.6705046Z   DOCKER_METADATA_OUTPUT_TAGS: ghcr.io/pkinerd/ednsv:pr-27
ghcr.io/pkinerd/ednsv:latest-any
ghcr.io/pkinerd/ednsv:sha-19e30f4
2026-07-24T13:31:04.6705540Z   DOCKER_METADATA_OUTPUT_TAG_NAMES: pr-27
latest-any
sha-19e30f4
2026-07-24T13:31:04.6706893Z   DOCKER_METADATA_OUTPUT_LABELS: org.opencontainers.image.created=2026-07-24T13:31:04.638Z
org.opencontainers.image.description=
org.opencontainers.image.licenses=
org.opencontainers.image.revision=19e30f4f49106f9a36e6a4fdfd28aab8bf2f0e23
org.opencontainers.image.source=https://github.com/pkinerd/ednsv
org.opencontainers.image.title=ednsv
org.opencontainers.image.url=https://github.com/pkinerd/ednsv
org.opencontainers.image.version=pr-27
2026-07-24T13:31:04.6709458Z   DOCKER_METADATA_OUTPUT_ANNOTATIONS: manifest:org.opencontainers.image.created=2026-07-24T13:31:04.638Z
manifest:org.opencontainers.image.description=
manifest:org.opencontainers.image.licenses=
manifest:org.opencontainers.image.revision=19e30f4f49106f9a36e6a4fdfd28aab8bf2f0e23
manifest:org.opencontainers.image.source=https://github.com/pkinerd/ednsv
manifest:org.opencontainers.image.title=ednsv
manifest:org.opencontainers.image.url=https://github.com/pkinerd/ednsv
manifest:org.opencontainers.image.version=pr-27
2026-07-24T13:31:04.6714029Z   DOCKER_METADATA_OUTPUT_JSON: {"tags":["ghcr.io/pkinerd/ednsv:pr-27","ghcr.io/pkinerd/ednsv:latest-any","ghcr.io/pkinerd/ednsv:sha-19e30f4"],"tag-names":["pr-27","latest-any","sha-19e30f4"],"labels":{"org.opencontainers.image.created":"2026-07-24T13:31:04.638Z","org.opencontainers.image.description":"","org.opencontainers.image.licenses":"","org.opencontainers.image.revision":"19e30f4f49106f9a36e6a4fdfd28aab8bf2f0e23","org.opencontainers.image.source":"https://github.com/pkinerd/ednsv","org.opencontainers.image.title":"ednsv","org.opencontainers.image.url":"https://github.com/pkinerd/ednsv","org.opencontainers.image.version":"pr-27"},"annotations":["manifest:org.opencontainers.image.created=2026-07-24T13:31:04.638Z","manifest:org.opencontainers.image.description=","manifest:org.opencontainers.image.licenses=","manifest:org.opencontainers.image.revision=19e30f4f49106f9a36e6a4fdfd28aab8bf2f0e23","manifest:org.opencontainers.image.source=https://github.com/pkinerd/ednsv","manifest:org.opencontainers.image.title=ednsv","manifest:org.opencontainers.image.url=https://github.com/pkinerd/ednsv","manifest:org.opencontainers.image.version=pr-27"]}
2026-07-24T13:31:04.6717647Z   DOCKER_METADATA_OUTPUT_BAKE_FILE_TAGS: /home/runner/work/_temp/docker-actions-toolkit-KxuQ6P/docker-metadata-action-bake-tags.json
2026-07-24T13:31:04.6718345Z   DOCKER_METADATA_OUTPUT_BAKE_FILE_LABELS: /home/runner/work/_temp/docker-actions-toolkit-KxuQ6P/docker-metadata-action-bake-labels.json
2026-07-24T13:31:04.6719074Z   DOCKER_METADATA_OUTPUT_BAKE_FILE_ANNOTATIONS: /home/runner/work/_temp/docker-actions-toolkit-KxuQ6P/docker-metadata-action-bake-annotations.json
2026-07-24T13:31:04.6719772Z   DOCKER_METADATA_OUTPUT_BAKE_FILE: /home/runner/work/_temp/docker-actions-toolkit-KxuQ6P/docker-metadata-action-bake.json
2026-07-24T13:31:04.6720191Z ##[endgroup]
2026-07-24T13:31:04.8648360Z (node:2555) [DEP0040] DeprecationWarning: The `punycode` module is deprecated. Please use a userland alternative instead.
2026-07-24T13:31:04.8649030Z (Use `node --trace-deprecation ...` to show where the warning was created)
2026-07-24T13:31:04.8663922Z ##[group]GitHub Actions runtime token ACs
2026-07-24T13:31:04.8669897Z refs/pull/27/merge: read/write
2026-07-24T13:31:04.8670387Z refs/heads/main: read
2026-07-24T13:31:04.8671068Z ##[endgroup]
2026-07-24T13:31:04.8685759Z ##[group]Docker info
2026-07-24T13:31:04.8709043Z [command]/usr/bin/docker version
2026-07-24T13:31:04.8881368Z Client: Docker Engine - Community
2026-07-24T13:31:04.8883550Z  Version:           28.0.4
2026-07-24T13:31:04.8884058Z  API version:       1.48
2026-07-24T13:31:04.8884569Z  Go version:        go1.23.7
2026-07-24T13:31:04.8884965Z  Git commit:        b8034c0
2026-07-24T13:31:04.8885375Z  Built:             Tue Mar 25 15:07:16 2025
2026-07-24T13:31:04.8885813Z  OS/Arch:           linux/amd64
2026-07-24T13:31:04.8886149Z  Context:           default
2026-07-24T13:31:04.8886364Z 
2026-07-24T13:31:04.8886563Z Server: Docker Engine - Community
2026-07-24T13:31:04.8886883Z  Engine:
2026-07-24T13:31:04.8887148Z   Version:          28.0.4
2026-07-24T13:31:04.8887509Z   API version:      1.48 (minimum version 1.24)
2026-07-24T13:31:04.8887853Z   Go version:       go1.23.7
2026-07-24T13:31:04.8888141Z   Git commit:       6430e49
2026-07-24T13:31:04.8888435Z   Built:            Tue Mar 25 15:07:16 2025
2026-07-24T13:31:04.8888753Z   OS/Arch:          linux/amd64
2026-07-24T13:31:04.8889098Z   Experimental:     false
2026-07-24T13:31:04.8889392Z  containerd:
2026-07-24T13:31:04.8889656Z   Version:          v2.2.6
2026-07-24T13:31:04.8889984Z   GitCommit:        11ce9d5f3c68c941867e82890e93e815c1304f1b
2026-07-24T13:31:04.8890338Z  runc:
2026-07-24T13:31:04.8890596Z   Version:          1.3.6
2026-07-24T13:31:04.8890889Z   GitCommit:        v1.3.6-0-g491b69ba
2026-07-24T13:31:04.8891218Z  docker-init:
2026-07-24T13:31:04.8891492Z   Version:          0.19.0
2026-07-24T13:31:04.8891790Z   GitCommit:        de40ad0
2026-07-24T13:31:04.8919935Z [command]/usr/bin/docker info
2026-07-24T13:31:04.9370624Z Client: Docker Engine - Community
2026-07-24T13:31:04.9371026Z  Version:    28.0.4
2026-07-24T13:31:04.9371255Z  Context:    default
2026-07-24T13:31:04.9371432Z  Debug Mode: false
2026-07-24T13:31:04.9371596Z  Plugins:
2026-07-24T13:31:04.9371761Z   buildx: Docker Buildx (Docker Inc.)
2026-07-24T13:31:04.9371977Z     Version:  v0.35.0
2026-07-24T13:31:04.9372215Z     Path:     /usr/libexec/docker/cli-plugins/docker-buildx
2026-07-24T13:31:04.9372657Z   compose: Docker Compose (Docker Inc.)
2026-07-24T13:31:04.9372870Z     Version:  v2.38.2
2026-07-24T13:31:04.9373086Z     Path:     /usr/libexec/docker/cli-plugins/docker-compose
2026-07-24T13:31:04.9373271Z 
2026-07-24T13:31:04.9373336Z Server:
2026-07-24T13:31:04.9373482Z  Containers: 1
2026-07-24T13:31:04.9373638Z   Running: 1
2026-07-24T13:31:04.9374099Z   Paused: 0
2026-07-24T13:31:04.9374250Z   Stopped: 0
2026-07-24T13:31:04.9374396Z  Images: 7
2026-07-24T13:31:04.9374547Z  Server Version: 28.0.4
2026-07-24T13:31:04.9374726Z  Storage Driver: overlay2
2026-07-24T13:31:04.9374909Z   Backing Filesystem: extfs
2026-07-24T13:31:04.9375092Z   Supports d_type: true
2026-07-24T13:31:04.9375388Z   Using metacopy: false
2026-07-24T13:31:04.9375565Z   Native Overlay Diff: false
2026-07-24T13:31:04.9375749Z   userxattr: false
2026-07-24T13:31:04.9375918Z  Logging Driver: json-file
2026-07-24T13:31:04.9376329Z  Cgroup Driver: systemd
2026-07-24T13:31:04.9376558Z  Cgroup Version: 2
2026-07-24T13:31:04.9376728Z  Plugins:
2026-07-24T13:31:04.9376886Z   Volume: local
2026-07-24T13:31:04.9377083Z   Network: bridge host ipvlan macvlan null overlay
2026-07-24T13:31:04.9377409Z   Log: awslogs fluentd gcplogs gelf journald json-file local splunk syslog
2026-07-24T13:31:04.9377853Z  Swarm: inactive
2026-07-24T13:31:04.9378054Z  Runtimes: io.containerd.runc.v2 runc
2026-07-24T13:31:04.9378281Z  Default Runtime: runc
2026-07-24T13:31:04.9378461Z  Init Binary: docker-init
2026-07-24T13:31:04.9378742Z  containerd version: 11ce9d5f3c68c941867e82890e93e815c1304f1b
2026-07-24T13:31:04.9379020Z  runc version: v1.3.6-0-g491b69ba
2026-07-24T13:31:04.9379262Z  init version: de40ad0
2026-07-24T13:31:04.9379450Z  Security Options:
2026-07-24T13:31:04.9379620Z   apparmor
2026-07-24T13:31:04.9379771Z   seccomp
2026-07-24T13:31:04.9379932Z    Profile: builtin
2026-07-24T13:31:04.9380091Z   cgroupns
2026-07-24T13:31:04.9380250Z  Kernel Version: 6.17.0-1020-azure
2026-07-24T13:31:04.9380462Z  Operating System: Ubuntu 24.04.4 LTS
2026-07-24T13:31:04.9380668Z  OSType: linux
2026-07-24T13:31:04.9380836Z  Architecture: x86_64
2026-07-24T13:31:04.9381010Z  CPUs: 4
2026-07-24T13:31:04.9381166Z  Total Memory: 15.61GiB
2026-07-24T13:31:04.9381343Z  Name: runnervmvrwv9
2026-07-24T13:31:04.9381535Z  ID: dce1e4a9-fc26-4218-aaf0-feee5194c8cb
2026-07-24T13:31:04.9381796Z  Docker Root Dir: /var/lib/docker
2026-07-24T13:31:04.9382001Z  Debug Mode: false
2026-07-24T13:31:04.9382172Z  Username: githubactions
2026-07-24T13:31:04.9382478Z  Experimental: false
2026-07-24T13:31:04.9382667Z  Insecure Registries:
2026-07-24T13:31:04.9382881Z   ::1/128
2026-07-24T13:31:04.9383068Z   127.0.0.0/8
2026-07-24T13:31:04.9383232Z  Live Restore Enabled: false
2026-07-24T13:31:04.9383360Z 
2026-07-24T13:31:04.9401515Z ##[endgroup]
2026-07-24T13:31:04.9402222Z ##[group]Proxy configuration
2026-07-24T13:31:04.9404435Z No proxy configuration found
2026-07-24T13:31:04.9405121Z ##[endgroup]
2026-07-24T13:31:04.9889105Z ##[group]Buildx version
2026-07-24T13:31:04.9908469Z [command]/usr/bin/docker buildx version
2026-07-24T13:31:05.0298486Z github.com/docker/buildx v0.35.0 a319e5b15052cf6557ceb666eb8ff6e32380b782
2026-07-24T13:31:05.0327060Z ##[endgroup]
2026-07-24T13:31:05.0327477Z ##[group]Builder info
2026-07-24T13:31:05.1055355Z {
2026-07-24T13:31:05.1055621Z   "nodes": [
2026-07-24T13:31:05.1056037Z     {
2026-07-24T13:31:05.1056403Z       "name": "builder-57bed8c4-1f81-4416-9e3f-05c62f3730f00",
2026-07-24T13:31:05.1057123Z       "endpoint": "unix:///var/run/docker.sock",
2026-07-24T13:31:05.1057593Z       "status": "running",
2026-07-24T13:31:05.1059401Z       "buildkitd-flags": "--allow-insecure-entitlement security.insecure --allow-insecure-entitlement network.host",
2026-07-24T13:31:05.1062524Z       "buildkit": "v0.31.2",
2026-07-24T13:31:05.1063013Z       "platforms": "linux/amd64,linux/amd64/v2,linux/amd64/v3,linux/amd64/v4,linux/386",
2026-07-24T13:31:05.1063525Z       "features": {
2026-07-24T13:31:05.1064097Z         "Automatically load images to the Docker Engine image store": true,
2026-07-24T13:31:05.1064939Z         "Cache export": true,
2026-07-24T13:31:05.1065610Z         "Direct push": true,
2026-07-24T13:31:05.1065921Z         "Docker exporter": true,
2026-07-24T13:31:05.1066459Z         "Multi-platform build": true,
2026-07-24T13:31:05.1066926Z         "OCI exporter": true
2026-07-24T13:31:05.1067193Z       },
2026-07-24T13:31:05.1070569Z       "labels": {
2026-07-24T13:31:05.1070926Z         "org.mobyproject.buildkit.worker.executor": "oci",
2026-07-24T13:31:05.1071637Z         "org.mobyproject.buildkit.worker.hostname": "98ec0157dd62",
2026-07-24T13:31:05.1072271Z         "org.mobyproject.buildkit.worker.network": "host",
2026-07-24T13:31:05.1073164Z         "org.mobyproject.buildkit.worker.oci.process-mode": "sandbox",
2026-07-24T13:31:05.1073756Z         "org.mobyproject.buildkit.worker.selinux.enabled": "false",
2026-07-24T13:31:05.1074319Z         "org.mobyproject.buildkit.worker.snapshotter": "overlayfs"
2026-07-24T13:31:05.1074769Z       },
2026-07-24T13:31:05.1074997Z       "gcPolicy": [
2026-07-24T13:31:05.1075247Z         {
2026-07-24T13:31:05.1075517Z           "all": false,
2026-07-24T13:31:05.1075793Z           "filter": [
2026-07-24T13:31:05.1076203Z             "type==source.local type==exec.cachemount type==source.git.checkout"
2026-07-24T13:31:05.1076652Z           ],
2026-07-24T13:31:05.1076925Z           "keepDuration": "48h0m0s",
2026-07-24T13:31:05.1077268Z           "maxUsedSpace": "488.3MiB"
2026-07-24T13:31:05.1077590Z         },
2026-07-24T13:31:05.1077807Z         {
2026-07-24T13:31:05.1078050Z           "all": false,
2026-07-24T13:31:05.1078332Z           "keepDuration": "1440h0m0s",
2026-07-24T13:31:05.1078831Z           "reservedSpace": "9.313GiB",
2026-07-24T13:31:05.1079152Z           "maxUsedSpace": "93.13GiB",
2026-07-24T13:31:05.1079473Z           "minFreeSpace": "27.01GiB"
2026-07-24T13:31:05.1079775Z         },
2026-07-24T13:31:05.1080046Z         {
2026-07-24T13:31:05.1080267Z           "all": false,
2026-07-24T13:31:05.1080546Z           "reservedSpace": "9.313GiB",
2026-07-24T13:31:05.1080900Z           "maxUsedSpace": "93.13GiB",
2026-07-24T13:31:05.1081221Z           "minFreeSpace": "27.01GiB"
2026-07-24T13:31:05.1081524Z         },
2026-07-24T13:31:05.1081760Z         {
2026-07-24T13:31:05.1082005Z           "all": true,
2026-07-24T13:31:05.1082289Z           "reservedSpace": "9.313GiB",
2026-07-24T13:31:05.1082773Z           "maxUsedSpace": "93.13GiB",
2026-07-24T13:31:05.1083194Z           "minFreeSpace": "27.01GiB"
2026-07-24T13:31:05.1083612Z         }
2026-07-24T13:31:05.1083947Z       ]
2026-07-24T13:31:05.1084469Z     }
2026-07-24T13:31:05.1084852Z   ],
2026-07-24T13:31:05.1085328Z   "name": "builder-57bed8c4-1f81-4416-9e3f-05c62f3730f0",
2026-07-24T13:31:05.1085921Z   "driver": "docker-container",
2026-07-24T13:31:05.1086411Z   "lastActivity": "2026-07-24T13:30:56.000Z"
2026-07-24T13:31:05.1086942Z }
2026-07-24T13:31:05.1087706Z ##[endgroup]
2026-07-24T13:31:05.2352842Z [command]/usr/bin/docker buildx build --cache-from type=gha --cache-to type=gha,mode=max --file ./Dockerfile --iidfile /home/runner/work/_temp/docker-actions-toolkit-ApM8WD/build-iidfile-3fb2e24079.txt --label org.opencontainers.image.created=2026-07-24T13:31:04.638Z --label org.opencontainers.image.description= --label org.opencontainers.image.licenses= --label org.opencontainers.image.revision=19e30f4f49106f9a36e6a4fdfd28aab8bf2f0e23 --label org.opencontainers.image.source=https://github.com/pkinerd/ednsv --label org.opencontainers.image.title=ednsv --label org.opencontainers.image.url=https://github.com/pkinerd/ednsv --label org.opencontainers.image.version=pr-27 --attest type=provenance,mode=max,builder-id=https://github.com/pkinerd/ednsv/actions/runs/30097098558/attempts/1 --tag ghcr.io/pkinerd/ednsv:pr-27 --tag ghcr.io/pkinerd/ednsv:latest-any --tag ghcr.io/pkinerd/ednsv:sha-19e30f4 --metadata-file /home/runner/work/_temp/docker-actions-toolkit-ApM8WD/build-metadata-79432acac3.json --push .
2026-07-24T13:31:05.4790615Z #0 building with "builder-57bed8c4-1f81-4416-9e3f-05c62f3730f0" instance using docker-container driver
2026-07-24T13:31:05.4791223Z 
2026-07-24T13:31:05.4791379Z #1 [internal] load build definition from Dockerfile
2026-07-24T13:31:05.4791759Z #1 transferring dockerfile: 827B done
2026-07-24T13:31:05.4792095Z #1 DONE 0.0s
2026-07-24T13:31:05.4792319Z 
2026-07-24T13:31:05.4792751Z #2 resolve image config for docker-image://docker.io/docker/dockerfile:1.7
2026-07-24T13:31:05.6980279Z #2 ...
2026-07-24T13:31:05.6980527Z 
2026-07-24T13:31:05.6980860Z #3 [auth] docker/dockerfile:pull token for registry-1.docker.io
2026-07-24T13:31:05.6981460Z #3 DONE 0.0s
2026-07-24T13:31:05.8482257Z 
2026-07-24T13:31:05.8483401Z #2 resolve image config for docker-image://docker.io/docker/dockerfile:1.7
2026-07-24T13:31:06.1508001Z #2 DONE 0.8s
2026-07-24T13:31:06.3111194Z 
2026-07-24T13:31:06.3112131Z #4 docker-image://docker.io/docker/dockerfile:1.7@sha256:a57df69d0ea827fb7266491f2813635de6f17269be881f696fbfdf2d83dda33e
2026-07-24T13:31:06.3113368Z #4 resolve docker.io/docker/dockerfile:1.7@sha256:a57df69d0ea827fb7266491f2813635de6f17269be881f696fbfdf2d83dda33e done
2026-07-24T13:31:06.3135841Z #4 sha256:96918c57e42509b97f10c074d80672ecdbd3bb7dcd38c1bd95960cf291207416 11.98MB / 11.98MB 0.2s
2026-07-24T13:31:06.4198184Z #4 sha256:96918c57e42509b97f10c074d80672ecdbd3bb7dcd38c1bd95960cf291207416 11.98MB / 11.98MB 0.2s done
2026-07-24T13:31:06.4199122Z #4 extracting sha256:96918c57e42509b97f10c074d80672ecdbd3bb7dcd38c1bd95960cf291207416 0.1s done
2026-07-24T13:31:06.4199637Z #4 DONE 0.3s
2026-07-24T13:31:06.6173860Z 
2026-07-24T13:31:06.6174464Z #5 [internal] load metadata for mcr.microsoft.com/dotnet/aspnet:8.0
2026-07-24T13:31:06.7775311Z #5 DONE 0.3s
2026-07-24T13:31:06.7775559Z 
2026-07-24T13:31:06.7775951Z #6 [internal] load metadata for mcr.microsoft.com/dotnet/sdk:8.0
2026-07-24T13:31:06.9891011Z #6 DONE 0.5s
2026-07-24T13:31:07.1234482Z 
2026-07-24T13:31:07.1239476Z #7 [internal] load .dockerignore
2026-07-24T13:31:07.1240434Z #7 transferring context: 249B done
2026-07-24T13:31:07.1241149Z #7 DONE 0.0s
2026-07-24T13:31:07.1241320Z 
2026-07-24T13:31:07.1241565Z #8 importing cache manifest from gha:9002032199692483009
2026-07-24T13:31:07.2811609Z #8 ...
2026-07-24T13:31:07.2811818Z 
2026-07-24T13:31:07.2811982Z #9 [internal] load build context
2026-07-24T13:31:07.2812305Z #9 DONE 0.0s
2026-07-24T13:31:07.2812685Z 
2026-07-24T13:31:07.2813186Z #10 [runtime 1/3] FROM mcr.microsoft.com/dotnet/aspnet:8.0@sha256:9822a6201c64c9f38b8a190832a7ae21cd30150d509b3ea170fd83b4f4e6166a
2026-07-24T13:31:07.2813977Z #10 resolve mcr.microsoft.com/dotnet/aspnet:8.0@sha256:9822a6201c64c9f38b8a190832a7ae21cd30150d509b3ea170fd83b4f4e6166a done
2026-07-24T13:31:07.2814482Z #10 DONE 0.0s
2026-07-24T13:31:07.2814646Z 
2026-07-24T13:31:07.2815033Z #11 [build 1/8] FROM mcr.microsoft.com/dotnet/sdk:8.0@sha256:89ce6291bde9acdf59594e79fb8277c6d84c46e4b1f5bf126a4f18766e4bd597
2026-07-24T13:31:07.2815733Z #11 resolve mcr.microsoft.com/dotnet/sdk:8.0@sha256:89ce6291bde9acdf59594e79fb8277c6d84c46e4b1f5bf126a4f18766e4bd597 done
2026-07-24T13:31:07.2816271Z #11 DONE 0.0s
2026-07-24T13:31:07.4314144Z 
2026-07-24T13:31:07.4314754Z #8 importing cache manifest from gha:9002032199692483009
2026-07-24T13:31:07.5717354Z #8 DONE 0.4s
2026-07-24T13:31:07.7434485Z 
2026-07-24T13:31:07.7435231Z #9 [internal] load build context
2026-07-24T13:31:07.7435800Z #9 transferring context: 819.66kB 0.0s done
2026-07-24T13:31:07.7436167Z #9 DONE 0.0s
2026-07-24T13:31:07.7436294Z 
2026-07-24T13:31:07.7436504Z #12 [build 4/8] COPY src/Ednsv.Web/Ednsv.Web.csproj src/Ednsv.Web/
2026-07-24T13:31:07.7436982Z #12 CACHED
2026-07-24T13:31:07.7437142Z 
2026-07-24T13:31:07.7437248Z #13 [build 2/8] WORKDIR /src
2026-07-24T13:31:07.7437570Z #13 CACHED
2026-07-24T13:31:07.7437739Z 
2026-07-24T13:31:07.7437908Z #14 [build 3/8] COPY src/Ednsv.Core/Ednsv.Core.csproj src/Ednsv.Core/
2026-07-24T13:31:07.7438261Z #14 CACHED
2026-07-24T13:31:07.7438433Z 
2026-07-24T13:31:07.7438629Z #15 [build 5/8] RUN dotnet restore src/Ednsv.Web/Ednsv.Web.csproj
2026-07-24T13:31:07.7954205Z #15 CACHED
2026-07-24T13:31:07.9469256Z 
2026-07-24T13:31:07.9471542Z #15 [build 5/8] RUN dotnet restore src/Ednsv.Web/Ednsv.Web.csproj
2026-07-24T13:31:07.9487630Z #15 sha256:ce2c57129a410f21f57267ecac2abd3ee7a9d09910bdb87562a28c267c3939d9 0B / 74.96MB 0.2s
2026-07-24T13:31:08.0988285Z #15 sha256:a8149a111a6fb6479dbd4fc7d6ad0bebbdaba37313113f74813b465baf1959c0 437B / 437B 0.2s done
2026-07-24T13:31:08.0989619Z #15 sha256:527e962643720863df9b6d7e1029f629eb5f4ae8ec95166afd6bb178bbbbe997 0B / 93B 0.2s
2026-07-24T13:31:08.0990220Z #15 sha256:4a1adfe703f2293ec5cde3dd610e571357be78d64c0d3de84e96ca94d8439dbf 0B / 17.06MB 0.2s
2026-07-24T13:31:08.2494275Z #15 sha256:527e962643720863df9b6d7e1029f629eb5f4ae8ec95166afd6bb178bbbbe997 93B / 93B 0.3s done
2026-07-24T13:31:08.2495262Z #15 sha256:669b654f76f36f76f7e9ee1d5a81a55def35a6aab072f561e6417db52da31b7a 0B / 2.69kB 0.2s
2026-07-24T13:31:08.3995102Z #15 sha256:669b654f76f36f76f7e9ee1d5a81a55def35a6aab072f561e6417db52da31b7a 2.69kB / 2.69kB 0.2s done
2026-07-24T13:31:08.3996131Z #15 sha256:b0d7d832459327548cd7a8510001f16e317e0620d38b30d75a6ba9c5b1a1482d 0B / 177.89MB 0.2s
2026-07-24T13:31:08.5126912Z #15 sha256:211371f29f7c4fca7eb7a209f41f8321ed68dd15ab2594c8f8566a2c0c1457da 456B / 456B 0.2s done
2026-07-24T13:31:08.6634322Z #15 sha256:4a1adfe703f2293ec5cde3dd610e571357be78d64c0d3de84e96ca94d8439dbf 1.05MB / 17.06MB 0.8s
2026-07-24T13:31:08.6635054Z #15 sha256:e1832c1b48a6042dc2be559908683ef9dae2586a8d8e47c9c9fbc48c6aa03c2e 0B / 11.10MB 0.2s
2026-07-24T13:31:08.8137207Z #15 sha256:4a1adfe703f2293ec5cde3dd610e571357be78d64c0d3de84e96ca94d8439dbf 3.15MB / 17.06MB 0.9s
2026-07-24T13:31:08.9641687Z #15 sha256:4a1adfe703f2293ec5cde3dd610e571357be78d64c0d3de84e96ca94d8439dbf 6.29MB / 17.06MB 1.1s
2026-07-24T13:31:09.1129212Z #15 sha256:ce2c57129a410f21f57267ecac2abd3ee7a9d09910bdb87562a28c267c3939d9 5.24MB / 74.96MB 1.2s
2026-07-24T13:31:09.1129966Z #15 sha256:4a1adfe703f2293ec5cde3dd610e571357be78d64c0d3de84e96ca94d8439dbf 9.44MB / 17.06MB 1.2s
2026-07-24T13:31:09.2635535Z #15 sha256:4a1adfe703f2293ec5cde3dd610e571357be78d64c0d3de84e96ca94d8439dbf 15.73MB / 17.06MB 1.4s
2026-07-24T13:31:09.2636452Z #15 sha256:e1832c1b48a6042dc2be559908683ef9dae2586a8d8e47c9c9fbc48c6aa03c2e 1.05MB / 11.10MB 0.8s
2026-07-24T13:31:09.4136433Z #15 sha256:4a1adfe703f2293ec5cde3dd610e571357be78d64c0d3de84e96ca94d8439dbf 17.06MB / 17.06MB 1.4s done
2026-07-24T13:31:09.4137577Z #15 sha256:e1832c1b48a6042dc2be559908683ef9dae2586a8d8e47c9c9fbc48c6aa03c2e 2.10MB / 11.10MB 0.9s
2026-07-24T13:31:09.5629368Z #15 sha256:ce2c57129a410f21f57267ecac2abd3ee7a9d09910bdb87562a28c267c3939d9 10.49MB / 74.96MB 1.7s
2026-07-24T13:31:09.5630665Z #15 sha256:b0d7d832459327548cd7a8510001f16e317e0620d38b30d75a6ba9c5b1a1482d 9.44MB / 177.89MB 1.4s
2026-07-24T13:31:09.5631632Z #15 sha256:e1832c1b48a6042dc2be559908683ef9dae2586a8d8e47c9c9fbc48c6aa03c2e 3.15MB / 11.10MB 1.1s
2026-07-24T13:31:09.5632768Z #15 sha256:f643d834db55faad1eb60e02f90129bbc582d5780c4ab56e4f2c610a7f5b9583 0B / 31.09MB 0.2s
2026-07-24T13:31:09.7129540Z #15 sha256:e1832c1b48a6042dc2be559908683ef9dae2586a8d8e47c9c9fbc48c6aa03c2e 5.24MB / 11.10MB 1.2s
2026-07-24T13:31:09.8632060Z #15 sha256:ce2c57129a410f21f57267ecac2abd3ee7a9d09910bdb87562a28c267c3939d9 15.73MB / 74.96MB 2.0s
2026-07-24T13:31:09.8632987Z #15 sha256:e1832c1b48a6042dc2be559908683ef9dae2586a8d8e47c9c9fbc48c6aa03c2e 7.34MB / 11.10MB 1.4s
2026-07-24T13:31:10.0129642Z #15 sha256:b0d7d832459327548cd7a8510001f16e317e0620d38b30d75a6ba9c5b1a1482d 22.02MB / 177.89MB 1.8s
2026-07-24T13:31:10.0130354Z #15 sha256:e1832c1b48a6042dc2be559908683ef9dae2586a8d8e47c9c9fbc48c6aa03c2e 8.39MB / 11.10MB 1.5s
2026-07-24T13:31:10.1628300Z #15 sha256:ce2c57129a410f21f57267ecac2abd3ee7a9d09910bdb87562a28c267c3939d9 20.97MB / 74.96MB 2.3s
2026-07-24T13:31:10.1629384Z #15 sha256:e1832c1b48a6042dc2be559908683ef9dae2586a8d8e47c9c9fbc48c6aa03c2e 9.44MB / 11.10MB 1.7s
2026-07-24T13:31:10.2938135Z #15 sha256:e1832c1b48a6042dc2be559908683ef9dae2586a8d8e47c9c9fbc48c6aa03c2e 11.10MB / 11.10MB 1.8s done
2026-07-24T13:31:10.2939424Z #15 sha256:f643d834db55faad1eb60e02f90129bbc582d5780c4ab56e4f2c610a7f5b9583 2.10MB / 31.09MB 0.9s
2026-07-24T13:31:10.4795718Z #15 sha256:ce2c57129a410f21f57267ecac2abd3ee7a9d09910bdb87562a28c267c3939d9 26.21MB / 74.96MB 2.6s
2026-07-24T13:31:10.4796689Z #15 sha256:b0d7d832459327548cd7a8510001f16e317e0620d38b30d75a6ba9c5b1a1482d 35.65MB / 177.89MB 2.3s
2026-07-24T13:31:10.4798051Z #15 sha256:f643d834db55faad1eb60e02f90129bbc582d5780c4ab56e4f2c610a7f5b9583 6.29MB / 31.09MB 1.2s
2026-07-24T13:31:10.4799074Z #15 sha256:0e5539ed2775bdbdae40e349b882518e23f72473c3c0ee9b36fbe3b48430ff6d 164B / 164B 0.1s done
2026-07-24T13:31:10.6302781Z #15 sha256:f643d834db55faad1eb60e02f90129bbc582d5780c4ab56e4f2c610a7f5b9583 9.44MB / 31.09MB 1.4s
2026-07-24T13:31:10.6303651Z #15 sha256:369e46e487316155d09f898ec50c02180d49f7ac3f9a3f6069b0d21d80557714 0B / 32.26MB 0.2s
2026-07-24T13:31:10.7796470Z #15 sha256:ce2c57129a410f21f57267ecac2abd3ee7a9d09910bdb87562a28c267c3939d9 31.46MB / 74.96MB 2.9s
2026-07-24T13:31:10.7797687Z #15 sha256:b0d7d832459327548cd7a8510001f16e317e0620d38b30d75a6ba9c5b1a1482d 45.09MB / 177.89MB 2.6s
2026-07-24T13:31:10.7798782Z #15 sha256:f643d834db55faad1eb60e02f90129bbc582d5780c4ab56e4f2c610a7f5b9583 16.78MB / 31.09MB 1.5s
2026-07-24T13:31:10.9298790Z #15 sha256:f643d834db55faad1eb60e02f90129bbc582d5780c4ab56e4f2c610a7f5b9583 20.97MB / 31.09MB 1.7s
2026-07-24T13:31:11.0794410Z #15 sha256:ce2c57129a410f21f57267ecac2abd3ee7a9d09910bdb87562a28c267c3939d9 36.70MB / 74.96MB 3.2s
2026-07-24T13:31:11.0795070Z #15 sha256:b0d7d832459327548cd7a8510001f16e317e0620d38b30d75a6ba9c5b1a1482d 55.57MB / 177.89MB 2.9s
2026-07-24T13:31:11.0795932Z #15 sha256:f643d834db55faad1eb60e02f90129bbc582d5780c4ab56e4f2c610a7f5b9583 29.36MB / 31.09MB 1.8s
2026-07-24T13:31:11.2302641Z #15 sha256:f643d834db55faad1eb60e02f90129bbc582d5780c4ab56e4f2c610a7f5b9583 31.09MB / 31.09MB 2.0s
2026-07-24T13:31:11.3455678Z #15 sha256:ce2c57129a410f21f57267ecac2abd3ee7a9d09910bdb87562a28c267c3939d9 41.94MB / 74.96MB 3.5s
2026-07-24T13:31:11.3456690Z #15 sha256:b0d7d832459327548cd7a8510001f16e317e0620d38b30d75a6ba9c5b1a1482d 66.06MB / 177.89MB 3.2s
2026-07-24T13:31:11.3457889Z #15 sha256:f643d834db55faad1eb60e02f90129bbc582d5780c4ab56e4f2c610a7f5b9583 31.09MB / 31.09MB 2.0s done
2026-07-24T13:31:11.3458729Z #15 sha256:33ab927dd0b40e0e12b1c744ea555a3d4bd3d5134535dfbda2d86ee99a868ea0 3.33kB / 3.33kB 0.1s done
2026-07-24T13:31:11.4962744Z #15 sha256:369e46e487316155d09f898ec50c02180d49f7ac3f9a3f6069b0d21d80557714 2.10MB / 32.26MB 1.1s
2026-07-24T13:31:11.4963678Z #15 sha256:5cc52b0eabac9e33649ff857181545e129e3763895cd0c30a82ef5a4f532659f 1.05MB / 18.74MB 0.2s
2026-07-24T13:31:11.6463989Z #15 sha256:ce2c57129a410f21f57267ecac2abd3ee7a9d09910bdb87562a28c267c3939d9 47.19MB / 74.96MB 3.8s
2026-07-24T13:31:11.6464859Z #15 sha256:369e46e487316155d09f898ec50c02180d49f7ac3f9a3f6069b0d21d80557714 5.24MB / 32.26MB 1.2s
2026-07-24T13:31:11.6465654Z #15 sha256:5cc52b0eabac9e33649ff857181545e129e3763895cd0c30a82ef5a4f532659f 9.44MB / 18.74MB 0.3s
2026-07-24T13:31:11.7959329Z #15 sha256:b0d7d832459327548cd7a8510001f16e317e0620d38b30d75a6ba9c5b1a1482d 80.74MB / 177.89MB 3.6s
2026-07-24T13:31:11.7960229Z #15 sha256:369e46e487316155d09f898ec50c02180d49f7ac3f9a3f6069b0d21d80557714 7.34MB / 32.26MB 1.4s
2026-07-24T13:31:11.7961198Z #15 sha256:5cc52b0eabac9e33649ff857181545e129e3763895cd0c30a82ef5a4f532659f 17.83MB / 18.74MB 0.5s
2026-07-24T13:31:11.8987957Z #15 sha256:ce2c57129a410f21f57267ecac2abd3ee7a9d09910bdb87562a28c267c3939d9 52.43MB / 74.96MB 4.1s
2026-07-24T13:31:11.8988627Z #15 sha256:369e46e487316155d09f898ec50c02180d49f7ac3f9a3f6069b0d21d80557714 12.58MB / 32.26MB 1.5s
2026-07-24T13:31:11.8989184Z #15 sha256:5cc52b0eabac9e33649ff857181545e129e3763895cd0c30a82ef5a4f532659f 18.74MB / 18.74MB 0.6s done
2026-07-24T13:31:12.1486512Z #15 sha256:ce2c57129a410f21f57267ecac2abd3ee7a9d09910bdb87562a28c267c3939d9 57.67MB / 74.96MB 4.4s
2026-07-24T13:31:12.1487255Z #15 sha256:369e46e487316155d09f898ec50c02180d49f7ac3f9a3f6069b0d21d80557714 16.78MB / 32.26MB 1.7s
2026-07-24T13:31:12.1487763Z #15 sha256:68629629b516c3cd6f5e71ffbe18e32afb1ae5b4926c92d058c0f11ef1fd58a3 3.15MB / 28.24MB 0.2s
2026-07-24T13:31:12.2993729Z #15 sha256:b0d7d832459327548cd7a8510001f16e317e0620d38b30d75a6ba9c5b1a1482d 93.32MB / 177.89MB 4.1s
2026-07-24T13:31:12.2994403Z #15 sha256:369e46e487316155d09f898ec50c02180d49f7ac3f9a3f6069b0d21d80557714 22.02MB / 32.26MB 1.8s
2026-07-24T13:31:12.2995233Z #15 sha256:68629629b516c3cd6f5e71ffbe18e32afb1ae5b4926c92d058c0f11ef1fd58a3 5.24MB / 28.24MB 0.3s
2026-07-24T13:31:12.4495383Z #15 sha256:ce2c57129a410f21f57267ecac2abd3ee7a9d09910bdb87562a28c267c3939d9 62.91MB / 74.96MB 4.7s
2026-07-24T13:31:12.4496336Z #15 sha256:68629629b516c3cd6f5e71ffbe18e32afb1ae5b4926c92d058c0f11ef1fd58a3 9.44MB / 28.24MB 0.5s
2026-07-24T13:31:12.5986890Z #15 sha256:b0d7d832459327548cd7a8510001f16e317e0620d38b30d75a6ba9c5b1a1482d 103.81MB / 177.89MB 4.4s
2026-07-24T13:31:12.5987622Z #15 sha256:369e46e487316155d09f898ec50c02180d49f7ac3f9a3f6069b0d21d80557714 25.17MB / 32.26MB 2.1s
2026-07-24T13:31:12.5988191Z #15 sha256:68629629b516c3cd6f5e71ffbe18e32afb1ae5b4926c92d058c0f11ef1fd58a3 15.73MB / 28.24MB 0.6s
2026-07-24T13:31:12.7488430Z #15 sha256:ce2c57129a410f21f57267ecac2abd3ee7a9d09910bdb87562a28c267c3939d9 68.16MB / 74.96MB 5.0s
2026-07-24T13:31:12.7489066Z #15 sha256:369e46e487316155d09f898ec50c02180d49f7ac3f9a3f6069b0d21d80557714 31.46MB / 32.26MB 2.3s
2026-07-24T13:31:12.7489602Z #15 sha256:68629629b516c3cd6f5e71ffbe18e32afb1ae5b4926c92d058c0f11ef1fd58a3 22.02MB / 28.24MB 0.8s
2026-07-24T13:31:12.8990841Z #15 sha256:b0d7d832459327548cd7a8510001f16e317e0620d38b30d75a6ba9c5b1a1482d 114.29MB / 177.89MB 4.7s
2026-07-24T13:31:12.8991557Z #15 sha256:369e46e487316155d09f898ec50c02180d49f7ac3f9a3f6069b0d21d80557714 32.26MB / 32.26MB 2.5s done
2026-07-24T13:31:12.8992332Z #15 sha256:68629629b516c3cd6f5e71ffbe18e32afb1ae5b4926c92d058c0f11ef1fd58a3 26.21MB / 28.24MB 0.9s
2026-07-24T13:31:13.0485534Z #15 sha256:ce2c57129a410f21f57267ecac2abd3ee7a9d09910bdb87562a28c267c3939d9 73.40MB / 74.96MB 5.3s
2026-07-24T13:31:13.0487100Z #15 sha256:68629629b516c3cd6f5e71ffbe18e32afb1ae5b4926c92d058c0f11ef1fd58a3 28.24MB / 28.24MB 1.1s done
2026-07-24T13:31:13.0488029Z #15 extracting sha256:68629629b516c3cd6f5e71ffbe18e32afb1ae5b4926c92d058c0f11ef1fd58a3
2026-07-24T13:31:13.3485189Z #15 sha256:b0d7d832459327548cd7a8510001f16e317e0620d38b30d75a6ba9c5b1a1482d 128.97MB / 177.89MB 5.1s
2026-07-24T13:31:13.6723917Z #15 sha256:ce2c57129a410f21f57267ecac2abd3ee7a9d09910bdb87562a28c267c3939d9 74.96MB / 74.96MB 5.7s done
2026-07-24T13:31:13.6724858Z #15 sha256:b0d7d832459327548cd7a8510001f16e317e0620d38b30d75a6ba9c5b1a1482d 143.65MB / 177.89MB 5.6s
2026-07-24T13:31:13.6725462Z #15 extracting sha256:68629629b516c3cd6f5e71ffbe18e32afb1ae5b4926c92d058c0f11ef1fd58a3 0.6s done
2026-07-24T13:31:13.6726028Z #15 extracting sha256:5cc52b0eabac9e33649ff857181545e129e3763895cd0c30a82ef5a4f532659f
2026-07-24T13:31:13.8225173Z #15 extracting sha256:5cc52b0eabac9e33649ff857181545e129e3763895cd0c30a82ef5a4f532659f 0.2s done
2026-07-24T13:31:13.8226222Z #15 extracting sha256:33ab927dd0b40e0e12b1c744ea555a3d4bd3d5134535dfbda2d86ee99a868ea0 done
2026-07-24T13:31:13.8227080Z #15 extracting sha256:369e46e487316155d09f898ec50c02180d49f7ac3f9a3f6069b0d21d80557714
2026-07-24T13:31:14.1223413Z #15 sha256:b0d7d832459327548cd7a8510001f16e317e0620d38b30d75a6ba9c5b1a1482d 158.33MB / 177.89MB 6.0s
2026-07-24T13:31:14.1224798Z #15 extracting sha256:369e46e487316155d09f898ec50c02180d49f7ac3f9a3f6069b0d21d80557714 0.3s done
2026-07-24T13:31:14.1225808Z #15 extracting sha256:0e5539ed2775bdbdae40e349b882518e23f72473c3c0ee9b36fbe3b48430ff6d done
2026-07-24T13:31:14.1226827Z #15 extracting sha256:e1832c1b48a6042dc2be559908683ef9dae2586a8d8e47c9c9fbc48c6aa03c2e
2026-07-24T13:31:14.2724541Z #15 extracting sha256:e1832c1b48a6042dc2be559908683ef9dae2586a8d8e47c9c9fbc48c6aa03c2e 0.1s done
2026-07-24T13:31:14.2726876Z #15 extracting sha256:f643d834db55faad1eb60e02f90129bbc582d5780c4ab56e4f2c610a7f5b9583
2026-07-24T13:31:14.4221475Z #15 sha256:b0d7d832459327548cd7a8510001f16e317e0620d38b30d75a6ba9c5b1a1482d 168.82MB / 177.89MB 6.3s
2026-07-24T13:31:14.6893937Z #15 extracting sha256:f643d834db55faad1eb60e02f90129bbc582d5780c4ab56e4f2c610a7f5b9583 0.5s done
2026-07-24T13:31:14.8727704Z #15 sha256:b0d7d832459327548cd7a8510001f16e317e0620d38b30d75a6ba9c5b1a1482d 177.89MB / 177.89MB 6.8s
2026-07-24T13:31:15.6204492Z #15 sha256:b0d7d832459327548cd7a8510001f16e317e0620d38b30d75a6ba9c5b1a1482d 177.89MB / 177.89MB 7.5s done
2026-07-24T13:31:15.6205834Z #15 DONE 8.0s
2026-07-24T13:31:15.7724274Z 
2026-07-24T13:31:15.7725163Z #15 [build 5/8] RUN dotnet restore src/Ednsv.Web/Ednsv.Web.csproj
2026-07-24T13:31:15.7726389Z #15 extracting sha256:b0d7d832459327548cd7a8510001f16e317e0620d38b30d75a6ba9c5b1a1482d
2026-07-24T13:31:17.6807072Z #15 extracting sha256:b0d7d832459327548cd7a8510001f16e317e0620d38b30d75a6ba9c5b1a1482d 2.1s done
2026-07-24T13:31:17.6807641Z #15 DONE 10.1s
2026-07-24T13:31:17.8370737Z 
2026-07-24T13:31:17.8371342Z #15 [build 5/8] RUN dotnet restore src/Ednsv.Web/Ednsv.Web.csproj
2026-07-24T13:31:17.8372074Z #15 extracting sha256:669b654f76f36f76f7e9ee1d5a81a55def35a6aab072f561e6417db52da31b7a done
2026-07-24T13:31:17.8373006Z #15 extracting sha256:4a1adfe703f2293ec5cde3dd610e571357be78d64c0d3de84e96ca94d8439dbf
2026-07-24T13:31:17.8988605Z #15 extracting sha256:4a1adfe703f2293ec5cde3dd610e571357be78d64c0d3de84e96ca94d8439dbf 0.2s done
2026-07-24T13:31:17.8989112Z #15 DONE 10.3s
2026-07-24T13:31:18.0611240Z 
2026-07-24T13:31:18.0611802Z #15 [build 5/8] RUN dotnet restore src/Ednsv.Web/Ednsv.Web.csproj
2026-07-24T13:31:18.0613095Z #15 extracting sha256:527e962643720863df9b6d7e1029f629eb5f4ae8ec95166afd6bb178bbbbe997 done
2026-07-24T13:31:18.0613952Z #15 extracting sha256:a8149a111a6fb6479dbd4fc7d6ad0bebbdaba37313113f74813b465baf1959c0 done
2026-07-24T13:31:18.0614724Z #15 extracting sha256:211371f29f7c4fca7eb7a209f41f8321ed68dd15ab2594c8f8566a2c0c1457da done
2026-07-24T13:31:18.0615462Z #15 extracting sha256:ce2c57129a410f21f57267ecac2abd3ee7a9d09910bdb87562a28c267c3939d9
2026-07-24T13:31:18.4909470Z #15 extracting sha256:ce2c57129a410f21f57267ecac2abd3ee7a9d09910bdb87562a28c267c3939d9 0.6s done
2026-07-24T13:31:18.4909998Z #15 DONE 10.9s
2026-07-24T13:31:18.6562115Z 
2026-07-24T13:31:18.6562733Z #16 [build 6/8] COPY src/Ednsv.Core/ src/Ednsv.Core/
2026-07-24T13:31:23.9141401Z #16 DONE 5.4s
2026-07-24T13:31:24.0750813Z 
2026-07-24T13:31:24.0751273Z #17 [build 7/8] COPY src/Ednsv.Web/ src/Ednsv.Web/
2026-07-24T13:31:24.0751578Z #17 DONE 0.0s
2026-07-24T13:31:24.0751678Z 
2026-07-24T13:31:24.0752122Z #18 [build 8/8] RUN dotnet publish src/Ednsv.Web/Ednsv.Web.csproj         --configuration Release         --no-restore         --output /app/publish         /p:UseAppHost=false
2026-07-24T13:31:27.3970407Z #18 3.472   Ednsv.Core -> /src/src/Ednsv.Core/bin/Release/net8.0/Ednsv.Core.dll
2026-07-24T13:31:28.6008937Z #18 4.676   Ednsv.Web -> /src/src/Ednsv.Web/bin/Release/net8.0/Ednsv.Web.dll
2026-07-24T13:31:28.7198010Z #18 4.725   Ednsv.Web -> /app/publish/
2026-07-24T13:31:28.7198398Z #18 DONE 4.8s
2026-07-24T13:31:28.8779724Z 
2026-07-24T13:31:28.8780196Z #19 [runtime 2/3] WORKDIR /app
2026-07-24T13:31:28.9229122Z #19 CACHED
2026-07-24T13:31:29.0743355Z 
2026-07-24T13:31:29.0743842Z #19 [runtime 2/3] WORKDIR /app
2026-07-24T13:31:29.0754259Z #19 sha256:bdfb1b7be15f0038506cb2710b7f14f953d0fe0b5f6f7b8d1d91b1f840367f0b 0B / 93B 0.2s
2026-07-24T13:31:29.2256859Z #19 sha256:bdfb1b7be15f0038506cb2710b7f14f953d0fe0b5f6f7b8d1d91b1f840367f0b 93B / 93B 0.3s
2026-07-24T13:31:29.3270585Z #19 sha256:bdfb1b7be15f0038506cb2710b7f14f953d0fe0b5f6f7b8d1d91b1f840367f0b 93B / 93B 0.3s done
2026-07-24T13:31:29.3271581Z #19 extracting sha256:bdfb1b7be15f0038506cb2710b7f14f953d0fe0b5f6f7b8d1d91b1f840367f0b done
2026-07-24T13:31:29.3272221Z #19 DONE 0.6s
2026-07-24T13:31:29.3272568Z 
2026-07-24T13:31:29.3272900Z #20 [runtime 3/3] COPY --from=build /app/publish ./
2026-07-24T13:31:29.3273286Z #20 DONE 0.0s
2026-07-24T13:31:29.4790301Z 
2026-07-24T13:31:29.4790790Z #21 exporting to image
2026-07-24T13:31:29.4791142Z #21 exporting layers
2026-07-24T13:31:29.5399149Z #21 exporting layers 0.2s done
2026-07-24T13:31:29.7111293Z #21 exporting manifest sha256:da048a7e31c951da1eb726dc932baff15e90bdaff00c67ad954b6976122b6fa0 done
2026-07-24T13:31:29.7112222Z #21 exporting config sha256:b6bbd05478bc1ebf6470f819562873671b25bc46399163acc18e9cbe4531b368 done
2026-07-24T13:31:29.7113629Z #21 exporting attestation manifest sha256:dd8edfd173646a3f201f6d069d1916157c04c7f843f839c70796a3addc7ff425 done
2026-07-24T13:31:29.7114460Z #21 exporting manifest list sha256:e1bd6709a1151afee56900377add28f72cc0618c1a8ce833cc894dc93fe911bc done
2026-07-24T13:31:29.7114854Z #21 pushing layers
2026-07-24T13:31:29.8978923Z #21 ...
2026-07-24T13:31:29.8979097Z 
2026-07-24T13:31:29.8979288Z #22 [auth] pkinerd/ednsv:pull,push token for ghcr.io
2026-07-24T13:31:29.8979672Z #22 DONE 0.0s
2026-07-24T13:31:30.0479513Z 
2026-07-24T13:31:30.0480011Z #23 exporting to GitHub Actions Cache
2026-07-24T13:31:30.0480445Z #23 preparing build cache for export
2026-07-24T13:31:30.1191067Z #23 preparing build cache for export 0.6s done
2026-07-24T13:31:30.1191501Z #23 sending cache export
2026-07-24T13:31:30.7166592Z #23 writing layer sha256:57730010b2fcd40276888d0ce88722dec407b4da4c81c4a5ac126f1fb3abed85
2026-07-24T13:31:31.9838154Z #23 writing layer sha256:57730010b2fcd40276888d0ce88722dec407b4da4c81c4a5ac126f1fb3abed85 1.3s done
2026-07-24T13:31:32.4452660Z #23 writing layer sha256:b330b98b062be751e7aef14f7902a2ae1dc37a80723183c0cf5ea786f9525e32
2026-07-24T13:31:33.2702768Z #23 writing layer sha256:b330b98b062be751e7aef14f7902a2ae1dc37a80723183c0cf5ea786f9525e32 0.8s done
2026-07-24T13:31:33.4204444Z #23 writing layer sha256:c1adf1521c955600f679560fe0233bc16a38de52dd2e7baea78ee67ac5676a85
2026-07-24T13:31:33.8243209Z #23 writing layer sha256:c1adf1521c955600f679560fe0233bc16a38de52dd2e7baea78ee67ac5676a85 0.4s done
2026-07-24T13:31:34.0585684Z #23 writing layer sha256:f088ed30318a2b1c8e6c97d3eb3470fd8aead9091f3ba992c1074ca3aa023f22
2026-07-24T13:31:34.4522807Z #23 writing layer sha256:f088ed30318a2b1c8e6c97d3eb3470fd8aead9091f3ba992c1074ca3aa023f22 0.4s done
2026-07-24T13:31:34.9430183Z #23 sending cache export 4.8s done
2026-07-24T13:31:34.9430463Z #23 DONE 5.4s
2026-07-24T13:31:34.9430565Z 
2026-07-24T13:31:34.9430647Z #21 exporting to image
2026-07-24T13:31:34.9431206Z #21 pushing manifest for ghcr.io/pkinerd/ednsv:pr-27@sha256:e1bd6709a1151afee56900377add28f72cc0618c1a8ce833cc894dc93fe911bc 1.4s done
2026-07-24T13:31:35.1265849Z #21 pushing layers 0.5s done
2026-07-24T13:31:35.1266527Z #21 pushing manifest for ghcr.io/pkinerd/ednsv:latest-any@sha256:e1bd6709a1151afee56900377add28f72cc0618c1a8ce833cc894dc93fe911bc
2026-07-24T13:31:35.6385557Z #21 pushing manifest for ghcr.io/pkinerd/ednsv:latest-any@sha256:e1bd6709a1151afee56900377add28f72cc0618c1a8ce833cc894dc93fe911bc 0.7s done
2026-07-24T13:31:36.0381504Z #21 pushing layers 0.4s done
2026-07-24T13:31:36.0382556Z #21 pushing manifest for ghcr.io/pkinerd/ednsv:sha-19e30f4@sha256:e1bd6709a1151afee56900377add28f72cc0618c1a8ce833cc894dc93fe911bc
2026-07-24T13:31:36.6081623Z #21 pushing manifest for ghcr.io/pkinerd/ednsv:sha-19e30f4@sha256:e1bd6709a1151afee56900377add28f72cc0618c1a8ce833cc894dc93fe911bc 0.6s done
2026-07-24T13:31:36.6082948Z #21 DONE 7.3s
2026-07-24T13:31:36.6330896Z 
2026-07-24T13:31:36.6331381Z #24 resolving provenance for metadata file
2026-07-24T13:31:36.6331826Z #24 DONE 0.0s
2026-07-24T13:31:36.6397272Z ##[group]ImageID
2026-07-24T13:31:36.6397705Z sha256:e1bd6709a1151afee56900377add28f72cc0618c1a8ce833cc894dc93fe911bc
2026-07-24T13:31:36.6398358Z ##[endgroup]
2026-07-24T13:31:36.6398757Z ##[group]Digest
2026-07-24T13:31:36.6399047Z sha256:e1bd6709a1151afee56900377add28f72cc0618c1a8ce833cc894dc93fe911bc
2026-07-24T13:31:36.6399458Z ##[endgroup]
2026-07-24T13:31:36.6399740Z ##[group]Metadata
2026-07-24T13:31:36.6403518Z {
2026-07-24T13:31:36.6403851Z   "buildx.build.provenance": {
2026-07-24T13:31:36.6404324Z     "builder": {
2026-07-24T13:31:36.6404835Z       "id": "https://github.com/pkinerd/ednsv/actions/runs/30097098558/attempts/1"
2026-07-24T13:31:36.6405327Z     },
2026-07-24T13:31:36.6405655Z     "buildType": "https://mobyproject.org/buildkit@v1",
2026-07-24T13:31:36.6406083Z     "materials": [
2026-07-24T13:31:36.6406320Z       {
2026-07-24T13:31:36.6406584Z         "uri": "pkg:docker/docker/dockerfile@1.7",
2026-07-24T13:31:36.6406929Z         "digest": {
2026-07-24T13:31:36.6407818Z           "sha256": "a57df69d0ea827fb7266491f2813635de6f17269be881f696fbfdf2d83dda33e"
2026-07-24T13:31:36.6408483Z         }
2026-07-24T13:31:36.6408775Z       },
2026-07-24T13:31:36.6409035Z       {
2026-07-24T13:31:36.6409658Z         "uri": "pkg:docker/mcr.microsoft.com/dotnet/aspnet@8.0?platform=linux%2Famd64",
2026-07-24T13:31:36.6410215Z         "digest": {
2026-07-24T13:31:36.6410634Z           "sha256": "9822a6201c64c9f38b8a190832a7ae21cd30150d509b3ea170fd83b4f4e6166a"
2026-07-24T13:31:36.6411125Z         }
2026-07-24T13:31:36.6411322Z       },
2026-07-24T13:31:36.6411501Z       {
2026-07-24T13:31:36.6411866Z         "uri": "pkg:docker/mcr.microsoft.com/dotnet/sdk@8.0?platform=linux%2Famd64",
2026-07-24T13:31:36.6412311Z         "digest": {
2026-07-24T13:31:36.6412858Z           "sha256": "89ce6291bde9acdf59594e79fb8277c6d84c46e4b1f5bf126a4f18766e4bd597"
2026-07-24T13:31:36.6413333Z         }
2026-07-24T13:31:36.6413582Z       }
2026-07-24T13:31:36.6413799Z     ],
2026-07-24T13:31:36.6414033Z     "invocation": {
2026-07-24T13:31:36.6414319Z       "configSource": {
2026-07-24T13:31:36.6414605Z         "entryPoint": "Dockerfile"
2026-07-24T13:31:36.6414895Z       },
2026-07-24T13:31:36.6415113Z       "parameters": {
2026-07-24T13:31:36.6415358Z         "frontend": "gateway.v0",
2026-07-24T13:31:36.6415671Z         "args": {
2026-07-24T13:31:36.6415919Z           "cmdline": "docker/dockerfile:1.7",
2026-07-24T13:31:36.6416372Z           "label:org.opencontainers.image.created": "2026-07-24T13:31:04.638Z",
2026-07-24T13:31:36.6416894Z           "label:org.opencontainers.image.description": "",
2026-07-24T13:31:36.6417356Z           "label:org.opencontainers.image.licenses": "",
2026-07-24T13:31:36.6417960Z           "label:org.opencontainers.image.revision": "19e30f4f49106f9a36e6a4fdfd28aab8bf2f0e23",
2026-07-24T13:31:36.6418681Z           "label:org.opencontainers.image.source": "https://github.com/pkinerd/ednsv",
2026-07-24T13:31:36.6419233Z           "label:org.opencontainers.image.title": "ednsv",
2026-07-24T13:31:36.6419746Z           "label:org.opencontainers.image.url": "https://github.com/pkinerd/ednsv",
2026-07-24T13:31:36.6420328Z           "label:org.opencontainers.image.version": "pr-27",
2026-07-24T13:31:36.6420738Z           "source": "docker/dockerfile:1.7"
2026-07-24T13:31:36.6421030Z         },
2026-07-24T13:31:36.6421236Z         "locals": [
2026-07-24T13:31:36.6421456Z           {
2026-07-24T13:31:36.6421656Z             "name": "context"
2026-07-24T13:31:36.6421907Z           },
2026-07-24T13:31:36.6422103Z           {
2026-07-24T13:31:36.6422311Z             "name": "dockerfile"
2026-07-24T13:31:36.6423014Z           }
2026-07-24T13:31:36.6423222Z         ],
2026-07-24T13:31:36.6423437Z         "root": {
2026-07-24T13:31:36.6423683Z           "configSource": {
2026-07-24T13:31:36.6423955Z             "path": "Dockerfile"
2026-07-24T13:31:36.6424198Z           },
2026-07-24T13:31:36.6424402Z           "request": {
2026-07-24T13:31:36.6424632Z             "args": {
2026-07-24T13:31:36.6425000Z               "label:org.opencontainers.image.created": "2026-07-24T13:31:04.638Z",
2026-07-24T13:31:36.6425477Z               "label:org.opencontainers.image.description": "",
2026-07-24T13:31:36.6425924Z               "label:org.opencontainers.image.licenses": "",
2026-07-24T13:31:36.6426519Z               "label:org.opencontainers.image.revision": "19e30f4f49106f9a36e6a4fdfd28aab8bf2f0e23",
2026-07-24T13:31:36.6427236Z               "label:org.opencontainers.image.source": "https://github.com/pkinerd/ednsv",
2026-07-24T13:31:36.6427771Z               "label:org.opencontainers.image.title": "ednsv",
2026-07-24T13:31:36.6428286Z               "label:org.opencontainers.image.url": "https://github.com/pkinerd/ednsv",
2026-07-24T13:31:36.6428827Z               "label:org.opencontainers.image.version": "pr-27",
2026-07-24T13:31:36.6429207Z               "vcs:localdir:context": ".",
2026-07-24T13:31:36.6429517Z               "vcs:localdir:dockerfile": ".",
2026-07-24T13:31:36.6430507Z               "vcs:revision": "19e30f4f49106f9a36e6a4fdfd28aab8bf2f0e23",
2026-07-24T13:31:36.6430963Z               "vcs:source": "https://github.com/pkinerd/ednsv"
2026-07-24T13:31:36.6431318Z             }
2026-07-24T13:31:36.6431546Z           }
2026-07-24T13:31:36.6431749Z         },
2026-07-24T13:31:36.6432126Z         "compatibilityVersion": 30
2026-07-24T13:31:36.6432586Z       },
2026-07-24T13:31:36.6432807Z       "environment": {
2026-07-24T13:31:36.6433080Z         "github_actor": "pkinerd",
2026-07-24T13:31:36.6433391Z         "github_actor_id": "169779439",
2026-07-24T13:31:36.6433733Z         "github_event_name": "pull_request",
2026-07-24T13:31:36.6434071Z         "github_event_payload": {
2026-07-24T13:31:36.6434375Z           "action": "synchronize",
2026-07-24T13:31:36.6434722Z           "after": "ac01757f7bdf553b0665421f4c28193a242be25a",
2026-07-24T13:31:36.6435146Z           "before": "cd9555bb3f9736a5d951592dee12895203da3570",
2026-07-24T13:31:36.6435518Z           "number": 27,
2026-07-24T13:31:36.6435792Z           "pull_request": {
2026-07-24T13:31:36.6436069Z             "_links": {
2026-07-24T13:31:36.6436298Z               "comments": {
2026-07-24T13:31:36.6436686Z                 "href": "https://api.github.com/repos/pkinerd/ednsv/issues/27/comments"
2026-07-24T13:31:36.6437146Z               },
2026-07-24T13:31:36.6437383Z               "commits": {
2026-07-24T13:31:36.6437648Z                 "href": "https://api.github.com/repos/pkinerd/ednsv/pulls/27/commits"
2026-07-24T13:31:36.6437949Z               },
2026-07-24T13:31:36.6438109Z               "html": {
2026-07-24T13:31:36.6438368Z                 "href": "https://github.com/pkinerd/ednsv/pull/27"
2026-07-24T13:31:36.6438738Z               },
2026-07-24T13:31:36.6438973Z               "issue": {
2026-07-24T13:31:36.6439350Z                 "href": "https://api.github.com/repos/pkinerd/ednsv/issues/27"
2026-07-24T13:31:36.6439802Z               },
2026-07-24T13:31:36.6440020Z               "review_comment": {
2026-07-24T13:31:36.6440329Z                 "href": "https://api.github.com/repos/pkinerd/ednsv/pulls/comments{/number}"
2026-07-24T13:31:36.6440623Z               },
2026-07-24T13:31:36.6440785Z               "review_comments": {
2026-07-24T13:31:36.6441064Z                 "href": "https://api.github.com/repos/pkinerd/ednsv/pulls/27/comments"
2026-07-24T13:31:36.6441345Z               },
2026-07-24T13:31:36.6441499Z               "self": {
2026-07-24T13:31:36.6441766Z                 "href": "https://api.github.com/repos/pkinerd/ednsv/pulls/27"
2026-07-24T13:31:36.6442041Z               },
2026-07-24T13:31:36.6442204Z               "statuses": {
2026-07-24T13:31:36.6443054Z                 "href": "https://api.github.com/repos/pkinerd/ednsv/statuses/ac01757f7bdf553b0665421f4c28193a242be25a"
2026-07-24T13:31:36.6443598Z               }
2026-07-24T13:31:36.6443802Z             },
2026-07-24T13:31:36.6444017Z             "active_lock_reason": null,
2026-07-24T13:31:36.6444299Z             "additions": 379,
2026-07-24T13:31:36.6444610Z             "assignee": null,
2026-07-24T13:31:36.6444924Z             "assignees": [],
2026-07-24T13:31:36.6445230Z             "author_association": "OWNER",
2026-07-24T13:31:36.6445564Z             "auto_merge": null,
2026-07-24T13:31:36.6445836Z             "base": {
2026-07-24T13:31:36.6446105Z               "label": "pkinerd:main",
2026-07-24T13:31:36.6446412Z               "ref": "main",
2026-07-24T13:31:36.6446688Z               "repo": {
2026-07-24T13:31:36.6446966Z                 "allow_auto_merge": false,
2026-07-24T13:31:36.6447292Z                 "allow_forking": true,
2026-07-24T13:31:36.6447626Z                 "allow_merge_commit": true,
2026-07-24T13:31:36.6447981Z                 "allow_rebase_merge": true,
2026-07-24T13:31:36.6448297Z                 "allow_squash_merge": true,
2026-07-24T13:31:36.6448611Z                 "allow_update_branch": false,
2026-07-24T13:31:36.6449150Z                 "archive_url": "https://api.github.com/repos/pkinerd/ednsv/{archive_format}{/ref}",
2026-07-24T13:31:36.6449948Z                 "archived": false,
2026-07-24T13:31:36.6450437Z                 "assignees_url": "https://api.github.com/repos/pkinerd/ednsv/assignees{/user}",
2026-07-24T13:31:36.6451084Z                 "blobs_url": "https://api.github.com/repos/pkinerd/ednsv/git/blobs{/sha}",
2026-07-24T13:31:36.6451800Z                 "branches_url": "https://api.github.com/repos/pkinerd/ednsv/branches{/branch}",
2026-07-24T13:31:36.6452292Z                 "clone_url": "https://github.com/pkinerd/ednsv.git",
2026-07-24T13:31:36.6452962Z                 "collaborators_url": "https://api.github.com/repos/pkinerd/ednsv/collaborators{/collaborator}",
2026-07-24T13:31:36.6453481Z                 "comments_url": "https://api.github.com/repos/pkinerd/ednsv/comments{/number}",
2026-07-24T13:31:36.6453917Z                 "commits_url": "https://api.github.com/repos/pkinerd/ednsv/commits{/sha}",
2026-07-24T13:31:36.6454388Z                 "compare_url": "https://api.github.com/repos/pkinerd/ednsv/compare/{base}...{head}",
2026-07-24T13:31:36.6454869Z                 "contents_url": "https://api.github.com/repos/pkinerd/ednsv/contents/{+path}",
2026-07-24T13:31:36.6455306Z                 "contributors_url": "https://api.github.com/repos/pkinerd/ednsv/contributors",
2026-07-24T13:31:36.6455651Z                 "created_at": "2026-03-30T21:24:40Z",
2026-07-24T13:31:36.6455897Z                 "default_branch": "main",
2026-07-24T13:31:36.6456135Z                 "delete_branch_on_merge": false,
2026-07-24T13:31:36.6456471Z                 "deployments_url": "https://api.github.com/repos/pkinerd/ednsv/deployments",
2026-07-24T13:31:36.6456777Z                 "description": null,
2026-07-24T13:31:36.6456974Z                 "disabled": false,
2026-07-24T13:31:36.6457270Z                 "downloads_url": "https://api.github.com/repos/pkinerd/ednsv/downloads",
2026-07-24T13:31:36.6457667Z                 "events_url": "https://api.github.com/repos/pkinerd/ednsv/events",
2026-07-24T13:31:36.6457982Z                 "fork": false,
2026-07-24T13:31:36.6458196Z                 "forks": 0,
2026-07-24T13:31:36.6458400Z                 "forks_count": 0,
2026-07-24T13:31:36.6458686Z                 "forks_url": "https://api.github.com/repos/pkinerd/ednsv/forks",
2026-07-24T13:31:36.6459019Z                 "full_name": "pkinerd/ednsv",
2026-07-24T13:31:36.6459397Z                 "git_commits_url": "https://api.github.com/repos/pkinerd/ednsv/git/commits{/sha}",
2026-07-24T13:31:36.6459849Z                 "git_refs_url": "https://api.github.com/repos/pkinerd/ednsv/git/refs{/sha}",
2026-07-24T13:31:36.6460275Z                 "git_tags_url": "https://api.github.com/repos/pkinerd/ednsv/git/tags{/sha}",
2026-07-24T13:31:36.6460632Z                 "git_url": "git://github.com/pkinerd/ednsv.git",
2026-07-24T13:31:36.6460912Z                 "has_discussions": false,
2026-07-24T13:31:36.6461132Z                 "has_downloads": false,
2026-07-24T13:31:36.6461361Z                 "has_issues": true,
2026-07-24T13:31:36.6461587Z                 "has_pages": false,
2026-07-24T13:31:36.6461825Z                 "has_projects": true,
2026-07-24T13:31:36.6462052Z                 "has_pull_requests": true,
2026-07-24T13:31:36.6462282Z                 "has_wiki": true,
2026-07-24T13:31:36.6462676Z                 "homepage": null,
2026-07-24T13:31:36.6463095Z                 "hooks_url": "https://api.github.com/repos/pkinerd/ednsv/hooks",
2026-07-24T13:31:36.6463647Z                 "html_url": "https://github.com/pkinerd/ednsv",
2026-07-24T13:31:36.6464053Z                 "id": 1196602452,
2026-07-24T13:31:36.6464272Z                 "is_template": false,
2026-07-24T13:31:36.6464633Z                 "issue_comment_url": "https://api.github.com/repos/pkinerd/ednsv/issues/comments{/number}",
2026-07-24T13:31:36.6465122Z                 "issue_events_url": "https://api.github.com/repos/pkinerd/ednsv/issues/events{/number}",
2026-07-24T13:31:36.6465594Z                 "issues_url": "https://api.github.com/repos/pkinerd/ednsv/issues{/number}",
2026-07-24T13:31:36.6466128Z                 "keys_url": "https://api.github.com/repos/pkinerd/ednsv/keys{/key_id}",
2026-07-24T13:31:36.6466524Z                 "labels_url": "https://api.github.com/repos/pkinerd/ednsv/labels{/name}",
2026-07-24T13:31:36.6466838Z                 "language": "C#",
2026-07-24T13:31:36.6467328Z                 "languages_url": "https://api.github.com/repos/pkinerd/ednsv/languages",
2026-07-24T13:31:36.6467690Z                 "license": null,
2026-07-24T13:31:36.6467913Z                 "merge_commit_message": "PR_TITLE",
2026-07-24T13:31:36.6468176Z                 "merge_commit_title": "MERGE_MESSAGE",
2026-07-24T13:31:36.6468493Z                 "merges_url": "https://api.github.com/repos/pkinerd/ednsv/merges",
2026-07-24T13:31:36.6468908Z                 "milestones_url": "https://api.github.com/repos/pkinerd/ednsv/milestones{/number}",
2026-07-24T13:31:36.6469282Z                 "mirror_url": null,
2026-07-24T13:31:36.6469499Z                 "name": "ednsv",
2026-07-24T13:31:36.6469718Z                 "node_id": "R_kgDOR1K0VA",
2026-07-24T13:31:36.6484608Z                 "notifications_url": "https://api.github.com/repos/pkinerd/ednsv/notifications{?since,all,participating}",
2026-07-24T13:31:36.6485337Z                 "open_issues": 1,
2026-07-24T13:31:36.6485671Z                 "open_issues_count": 1,
2026-07-24T13:31:36.6485888Z                 "owner": {
2026-07-24T13:31:36.6486231Z                   "avatar_url": "https://avatars.githubusercontent.com/u/169779439?v=4",
2026-07-24T13:31:36.6486633Z                   "events_url": "https://api.github.com/users/pkinerd/events{/privacy}",
2026-07-24T13:31:36.6487002Z                   "followers_url": "https://api.github.com/users/pkinerd/followers",
2026-07-24T13:31:36.6487403Z                   "following_url": "https://api.github.com/users/pkinerd/following{/other_user}",
2026-07-24T13:31:36.6487793Z                   "gists_url": "https://api.github.com/users/pkinerd/gists{/gist_id}",
2026-07-24T13:31:36.6488081Z                   "gravatar_id": "",
2026-07-24T13:31:36.6488318Z                   "html_url": "https://github.com/pkinerd",
2026-07-24T13:31:36.6488563Z                   "id": 169779439,
2026-07-24T13:31:36.6488759Z                   "login": "pkinerd",
2026-07-24T13:31:36.6488975Z                   "node_id": "U_kgDOCh6g7w",
2026-07-24T13:31:36.6489268Z                   "organizations_url": "https://api.github.com/users/pkinerd/orgs",
2026-07-24T13:31:36.6489663Z                   "received_events_url": "https://api.github.com/users/pkinerd/received_events",
2026-07-24T13:31:36.6490034Z                   "repos_url": "https://api.github.com/users/pkinerd/repos",
2026-07-24T13:31:36.6490299Z                   "site_admin": false,
2026-07-24T13:31:36.6490602Z                   "starred_url": "https://api.github.com/users/pkinerd/starred{/owner}{/repo}",
2026-07-24T13:31:36.6491012Z                   "subscriptions_url": "https://api.github.com/users/pkinerd/subscriptions",
2026-07-24T13:31:36.6491325Z                   "type": "User",
2026-07-24T13:31:36.6491552Z                   "url": "https://api.github.com/users/pkinerd",
2026-07-24T13:31:36.6491803Z                   "user_view_type": "public"
2026-07-24T13:31:36.6492007Z                 },
2026-07-24T13:31:36.6492167Z                 "private": false,
2026-07-24T13:31:36.6492623Z                 "pull_request_creation_policy": "all",
2026-07-24T13:31:36.6492943Z                 "pulls_url": "https://api.github.com/repos/pkinerd/ednsv/pulls{/number}",
2026-07-24T13:31:36.6493261Z                 "pushed_at": "2026-07-24T13:29:48Z",
2026-07-24T13:31:36.6493609Z                 "releases_url": "https://api.github.com/repos/pkinerd/ednsv/releases{/id}",
2026-07-24T13:31:36.6493917Z                 "size": 34013,
2026-07-24T13:31:36.6494140Z                 "squash_merge_commit_message": "COMMIT_MESSAGES",
2026-07-24T13:31:36.6494418Z                 "squash_merge_commit_title": "COMMIT_OR_PR_TITLE",
2026-07-24T13:31:36.6494691Z                 "ssh_url": "git@github.com:pkinerd/ednsv.git",
2026-07-24T13:31:36.6495106Z                 "stargazers_count": 0,
2026-07-24T13:31:36.6495402Z                 "stargazers_url": "https://api.github.com/repos/pkinerd/ednsv/stargazers",
2026-07-24T13:31:36.6495907Z                 "statuses_url": "https://api.github.com/repos/pkinerd/ednsv/statuses/{sha}",
2026-07-24T13:31:36.6496309Z                 "subscribers_url": "https://api.github.com/repos/pkinerd/ednsv/subscribers",
2026-07-24T13:31:36.6496711Z                 "subscription_url": "https://api.github.com/repos/pkinerd/ednsv/subscription",
2026-07-24T13:31:36.6497051Z                 "svn_url": "https://github.com/pkinerd/ednsv",
2026-07-24T13:31:36.6497345Z                 "tags_url": "https://api.github.com/repos/pkinerd/ednsv/tags",
2026-07-24T13:31:36.6497684Z                 "teams_url": "https://api.github.com/repos/pkinerd/ednsv/teams",
2026-07-24T13:31:36.6497967Z                 "topics": [],
2026-07-24T13:31:36.6498243Z                 "trees_url": "https://api.github.com/repos/pkinerd/ednsv/git/trees{/sha}",
2026-07-24T13:31:36.6498558Z                 "updated_at": "2026-07-24T12:42:16Z",
2026-07-24T13:31:36.6498817Z                 "url": "https://api.github.com/repos/pkinerd/ednsv",
2026-07-24T13:31:36.6499090Z                 "use_squash_pr_title_as_default": false,
2026-07-24T13:31:36.6499324Z                 "visibility": "public",
2026-07-24T13:31:36.6499529Z                 "watchers": 0,
2026-07-24T13:31:36.6499715Z                 "watchers_count": 0,
2026-07-24T13:31:36.6499926Z                 "web_commit_signoff_required": false
2026-07-24T13:31:36.6500137Z               },
2026-07-24T13:31:36.6500326Z               "sha": "820c0019085f5073eb31d9822b29a158ec3c4826",
2026-07-24T13:31:36.6500551Z               "user": {
2026-07-24T13:31:36.6500806Z                 "avatar_url": "https://avatars.githubusercontent.com/u/169779439?v=4",
2026-07-24T13:31:36.6501206Z                 "events_url": "https://api.github.com/users/pkinerd/events{/privacy}",
2026-07-24T13:31:36.6501844Z                 "followers_url": "https://api.github.com/users/pkinerd/followers",
2026-07-24T13:31:36.6502500Z                 "following_url": "https://api.github.com/users/pkinerd/following{/other_user}",
2026-07-24T13:31:36.6503176Z                 "gists_url": "https://api.github.com/users/pkinerd/gists{/gist_id}",
2026-07-24T13:31:36.6503610Z                 "gravatar_id": "",
2026-07-24T13:31:36.6503964Z                 "html_url": "https://github.com/pkinerd",
2026-07-24T13:31:36.6504330Z                 "id": 169779439,
2026-07-24T13:31:36.6504633Z                 "login": "pkinerd",
2026-07-24T13:31:36.6504952Z                 "node_id": "U_kgDOCh6g7w",
2026-07-24T13:31:36.6505416Z                 "organizations_url": "https://api.github.com/users/pkinerd/orgs",
2026-07-24T13:31:36.6506054Z                 "received_events_url": "https://api.github.com/users/pkinerd/received_events",
2026-07-24T13:31:36.6506653Z                 "repos_url": "https://api.github.com/users/pkinerd/repos",
2026-07-24T13:31:36.6507093Z                 "site_admin": false,
2026-07-24T13:31:36.6507573Z                 "starred_url": "https://api.github.com/users/pkinerd/starred{/owner}{/repo}",
2026-07-24T13:31:36.6508239Z                 "subscriptions_url": "https://api.github.com/users/pkinerd/subscriptions",
2026-07-24T13:31:36.6508739Z                 "type": "User",
2026-07-24T13:31:36.6509094Z                 "url": "https://api.github.com/users/pkinerd",
2026-07-24T13:31:36.6509505Z                 "user_view_type": "public"
2026-07-24T13:31:36.6509823Z               }
2026-07-24T13:31:36.6510049Z             },
2026-07-24T13:31:36.6522577Z             "body": "## Summary\nThis PR enhances the web UI with better messaging and navigation, improves the config history system to handle legacy data formats, and refines several UI elements for better usability.\n\n## Key Changes\n\n### UI/UX Improvements\n- **Toast message system**: Replaced inline error messages with fixed-position toast notifications that don't cause layout shifts. Added manual dismiss buttons and differentiated auto-dismiss behavior (success messages auto-clear after 4s; warnings/errors persist until dismissed).\n- **Floating scroll navigation**: Added fixed scroll-to-top and scroll-to-bottom buttons in the bottom-right corner for easier navigation on the long config page, with responsive positioning on mobile.\n- **Collapsible sections**: Converted the \"Per-domain DKIM selectors\" panel to a collapsible `<details>` element with a dynamic hint showing the count of configured domains.\n- **External link indicators**: Added subtle \"↗\" icons to external links (API docs) across all pages with proper accessibility attributes.\n- **Navigation labels**: Renamed \"Tokens\" to \"Access Tokens\" for clarity across all pages.\n\n### Config History Migration\n- **Legacy format support**: Added backward compatibility for pre-split config history files where revision bodies were embedded inline in `config-history.json`. The system now:\n  - Reads legacy inline bodies on load\n  - Automatically externalizes them to individual `config-rev-{id}.json` files\n  - Collapses the index to the body-less format after successful migration\n  - Ensures `GetRevision()` can find all revisions regardless of storage format\n- **Robust migration**: Uses best-effort approach with retry logic; skips collapsing the index if any body fails to externalize, preventing data loss.\n\n### Implementation Details\n- Toast messages use CSS animations (`msgIn` keyframe) for smooth entrance and are positioned with `position: fixed` to prevent reflow.\n- Scroll navigation buttons are circular with hover effects and use `aria-hidden=\"true\"` since they're supplementary controls.\n- History migration normalizes domain lists and DKIM selectors during externalization to maintain data consistency.\n- Added comprehensive test coverage for legacy history migration with verification that both old and new formats work correctly.\n\nhttps://claude.ai/code/session_015QvoXY3GYdRayQzh6a6JPv",
2026-07-24T13:31:36.6533480Z             "changed_files": 8,
2026-07-24T13:31:36.6533792Z             "closed_at": null,
2026-07-24T13:31:36.6534066Z             "comments": 0,
2026-07-24T13:31:36.6534516Z             "comments_url": "https://api.github.com/repos/pkinerd/ednsv/issues/27/comments",
2026-07-24T13:31:36.6534985Z             "commits": 4,
2026-07-24T13:31:36.6535339Z             "commits_url": "https://api.github.com/repos/pkinerd/ednsv/pulls/27/commits",
2026-07-24T13:31:36.6535860Z             "created_at": "2026-07-24T13:00:52Z",
2026-07-24T13:31:36.6536191Z             "deletions": 26,
2026-07-24T13:31:36.6536495Z             "diff_url": "https://github.com/pkinerd/ednsv/pull/27.diff",
2026-07-24T13:31:36.6536760Z             "draft": false,
2026-07-24T13:31:36.6536934Z             "head": {
2026-07-24T13:31:36.6537152Z               "label": "pkinerd:claude/redis-caching-verify-45k9yk",
2026-07-24T13:31:36.6537435Z               "ref": "claude/redis-caching-verify-45k9yk",
2026-07-24T13:31:36.6537669Z               "repo": {
2026-07-24T13:31:36.6537853Z                 "allow_auto_merge": false,
2026-07-24T13:31:36.6538063Z                 "allow_forking": true,
2026-07-24T13:31:36.6538265Z                 "allow_merge_commit": true,
2026-07-24T13:31:36.6538476Z                 "allow_rebase_merge": true,
2026-07-24T13:31:36.6538680Z                 "allow_squash_merge": true,
2026-07-24T13:31:36.6538885Z                 "allow_update_branch": false,
2026-07-24T13:31:36.6539219Z                 "archive_url": "https://api.github.com/repos/pkinerd/ednsv/{archive_format}{/ref}",
2026-07-24T13:31:36.6539548Z                 "archived": false,
2026-07-24T13:31:36.6539856Z                 "assignees_url": "https://api.github.com/repos/pkinerd/ednsv/assignees{/user}",
2026-07-24T13:31:36.6540264Z                 "blobs_url": "https://api.github.com/repos/pkinerd/ednsv/git/blobs{/sha}",
2026-07-24T13:31:36.6540665Z                 "branches_url": "https://api.github.com/repos/pkinerd/ednsv/branches{/branch}",
2026-07-24T13:31:36.6541171Z                 "clone_url": "https://github.com/pkinerd/ednsv.git",
2026-07-24T13:31:36.6541572Z                 "collaborators_url": "https://api.github.com/repos/pkinerd/ednsv/collaborators{/collaborator}",
2026-07-24T13:31:36.6542125Z                 "comments_url": "https://api.github.com/repos/pkinerd/ednsv/comments{/number}",
2026-07-24T13:31:36.6542704Z                 "commits_url": "https://api.github.com/repos/pkinerd/ednsv/commits{/sha}",
2026-07-24T13:31:36.6543113Z                 "compare_url": "https://api.github.com/repos/pkinerd/ednsv/compare/{base}...{head}",
2026-07-24T13:31:36.6543534Z                 "contents_url": "https://api.github.com/repos/pkinerd/ednsv/contents/{+path}",
2026-07-24T13:31:36.6543946Z                 "contributors_url": "https://api.github.com/repos/pkinerd/ednsv/contributors",
2026-07-24T13:31:36.6544274Z                 "created_at": "2026-03-30T21:24:40Z",
2026-07-24T13:31:36.6544500Z                 "default_branch": "main",
2026-07-24T13:31:36.6544723Z                 "delete_branch_on_merge": false,
2026-07-24T13:31:36.6545038Z                 "deployments_url": "https://api.github.com/repos/pkinerd/ednsv/deployments",
2026-07-24T13:31:36.6545348Z                 "description": null,
2026-07-24T13:31:36.6545554Z                 "disabled": false,
2026-07-24T13:31:36.6545844Z                 "downloads_url": "https://api.github.com/repos/pkinerd/ednsv/downloads",
2026-07-24T13:31:36.6546214Z                 "events_url": "https://api.github.com/repos/pkinerd/ednsv/events",
2026-07-24T13:31:36.6546494Z                 "fork": false,
2026-07-24T13:31:36.6546678Z                 "forks": 0,
2026-07-24T13:31:36.6546861Z                 "forks_count": 0,
2026-07-24T13:31:36.6547119Z                 "forks_url": "https://api.github.com/repos/pkinerd/ednsv/forks",
2026-07-24T13:31:36.6547399Z                 "full_name": "pkinerd/ednsv",
2026-07-24T13:31:36.6547724Z                 "git_commits_url": "https://api.github.com/repos/pkinerd/ednsv/git/commits{/sha}",
2026-07-24T13:31:36.6548129Z                 "git_refs_url": "https://api.github.com/repos/pkinerd/ednsv/git/refs{/sha}",
2026-07-24T13:31:36.6548504Z                 "git_tags_url": "https://api.github.com/repos/pkinerd/ednsv/git/tags{/sha}",
2026-07-24T13:31:36.6548834Z                 "git_url": "git://github.com/pkinerd/ednsv.git",
2026-07-24T13:31:36.6549089Z                 "has_discussions": false,
2026-07-24T13:31:36.6549296Z                 "has_downloads": false,
2026-07-24T13:31:36.6549499Z                 "has_issues": true,
2026-07-24T13:31:36.6549692Z                 "has_pages": false,
2026-07-24T13:31:36.6549891Z                 "has_projects": true,
2026-07-24T13:31:36.6550094Z                 "has_pull_requests": true,
2026-07-24T13:31:36.6550297Z                 "has_wiki": true,
2026-07-24T13:31:36.6550479Z                 "homepage": null,
2026-07-24T13:31:36.6550726Z                 "hooks_url": "https://api.github.com/repos/pkinerd/ednsv/hooks",
2026-07-24T13:31:36.6551036Z                 "html_url": "https://github.com/pkinerd/ednsv",
2026-07-24T13:31:36.6551272Z                 "id": 1196602452,
2026-07-24T13:31:36.6551452Z                 "is_template": false,
2026-07-24T13:31:36.6551783Z                 "issue_comment_url": "https://api.github.com/repos/pkinerd/ednsv/issues/comments{/number}",
2026-07-24T13:31:36.6552246Z                 "issue_events_url": "https://api.github.com/repos/pkinerd/ednsv/issues/events{/number}",
2026-07-24T13:31:36.6553015Z                 "issues_url": "https://api.github.com/repos/pkinerd/ednsv/issues{/number}",
2026-07-24T13:31:36.6553410Z                 "keys_url": "https://api.github.com/repos/pkinerd/ednsv/keys{/key_id}",
2026-07-24T13:31:36.6553779Z                 "labels_url": "https://api.github.com/repos/pkinerd/ednsv/labels{/name}",
2026-07-24T13:31:36.6554070Z                 "language": "C#",
2026-07-24T13:31:36.6554345Z                 "languages_url": "https://api.github.com/repos/pkinerd/ednsv/languages",
2026-07-24T13:31:36.6554773Z                 "license": null,
2026-07-24T13:31:36.6554981Z                 "merge_commit_message": "PR_TITLE",
2026-07-24T13:31:36.6555225Z                 "merge_commit_title": "MERGE_MESSAGE",
2026-07-24T13:31:36.6555616Z                 "merges_url": "https://api.github.com/repos/pkinerd/ednsv/merges",
2026-07-24T13:31:36.6556016Z                 "milestones_url": "https://api.github.com/repos/pkinerd/ednsv/milestones{/number}",
2026-07-24T13:31:36.6556344Z                 "mirror_url": null,
2026-07-24T13:31:36.6556537Z                 "name": "ednsv",
2026-07-24T13:31:36.6556730Z                 "node_id": "R_kgDOR1K0VA",
2026-07-24T13:31:36.6557122Z                 "notifications_url": "https://api.github.com/repos/pkinerd/ednsv/notifications{?since,all,participating}",
2026-07-24T13:31:36.6557510Z                 "open_issues": 1,
2026-07-24T13:31:36.6557706Z                 "open_issues_count": 1,
2026-07-24T13:31:36.6557905Z                 "owner": {
2026-07-24T13:31:36.6558175Z                   "avatar_url": "https://avatars.githubusercontent.com/u/169779439?v=4",
2026-07-24T13:31:36.6558549Z                   "events_url": "https://api.github.com/users/pkinerd/events{/privacy}",
2026-07-24T13:31:36.6558914Z                   "followers_url": "https://api.github.com/users/pkinerd/followers",
2026-07-24T13:31:36.6559300Z                   "following_url": "https://api.github.com/users/pkinerd/following{/other_user}",
2026-07-24T13:31:36.6559706Z                   "gists_url": "https://api.github.com/users/pkinerd/gists{/gist_id}",
2026-07-24T13:31:36.6559999Z                   "gravatar_id": "",
2026-07-24T13:31:36.6560230Z                   "html_url": "https://github.com/pkinerd",
2026-07-24T13:31:36.6560465Z                   "id": 169779439,
2026-07-24T13:31:36.6560664Z                   "login": "pkinerd",
2026-07-24T13:31:36.6560881Z                   "node_id": "U_kgDOCh6g7w",
2026-07-24T13:31:36.6561170Z                   "organizations_url": "https://api.github.com/users/pkinerd/orgs",
2026-07-24T13:31:36.6561566Z                   "received_events_url": "https://api.github.com/users/pkinerd/received_events",
2026-07-24T13:31:36.6561945Z                   "repos_url": "https://api.github.com/users/pkinerd/repos",
2026-07-24T13:31:36.6562226Z                   "site_admin": false,
2026-07-24T13:31:36.6562677Z                   "starred_url": "https://api.github.com/users/pkinerd/starred{/owner}{/repo}",
2026-07-24T13:31:36.6563093Z                   "subscriptions_url": "https://api.github.com/users/pkinerd/subscriptions",
2026-07-24T13:31:36.6563408Z                   "type": "User",
2026-07-24T13:31:36.6563634Z                   "url": "https://api.github.com/users/pkinerd",
2026-07-24T13:31:36.6563888Z                   "user_view_type": "public"
2026-07-24T13:31:36.6564093Z                 },
2026-07-24T13:31:36.6564256Z                 "private": false,
2026-07-24T13:31:36.6564467Z                 "pull_request_creation_policy": "all",
2026-07-24T13:31:36.6564792Z                 "pulls_url": "https://api.github.com/repos/pkinerd/ednsv/pulls{/number}",
2026-07-24T13:31:36.6565107Z                 "pushed_at": "2026-07-24T13:29:48Z",
2026-07-24T13:31:36.6565420Z                 "releases_url": "https://api.github.com/repos/pkinerd/ednsv/releases{/id}",
2026-07-24T13:31:36.6565733Z                 "size": 34013,
2026-07-24T13:31:36.6565965Z                 "squash_merge_commit_message": "COMMIT_MESSAGES",
2026-07-24T13:31:36.6566247Z                 "squash_merge_commit_title": "COMMIT_OR_PR_TITLE",
2026-07-24T13:31:36.6566518Z                 "ssh_url": "git@github.com:pkinerd/ednsv.git",
2026-07-24T13:31:36.6566758Z                 "stargazers_count": 0,
2026-07-24T13:31:36.6567051Z                 "stargazers_url": "https://api.github.com/repos/pkinerd/ednsv/stargazers",
2026-07-24T13:31:36.6567440Z                 "statuses_url": "https://api.github.com/repos/pkinerd/ednsv/statuses/{sha}",
2026-07-24T13:31:36.6567836Z                 "subscribers_url": "https://api.github.com/repos/pkinerd/ednsv/subscribers",
2026-07-24T13:31:36.6568361Z                 "subscription_url": "https://api.github.com/repos/pkinerd/ednsv/subscription",
2026-07-24T13:31:36.6568701Z                 "svn_url": "https://github.com/pkinerd/ednsv",
2026-07-24T13:31:36.6569088Z                 "tags_url": "https://api.github.com/repos/pkinerd/ednsv/tags",
2026-07-24T13:31:36.6569437Z                 "teams_url": "https://api.github.com/repos/pkinerd/ednsv/teams",
2026-07-24T13:31:36.6569710Z                 "topics": [],
2026-07-24T13:31:36.6569982Z                 "trees_url": "https://api.github.com/repos/pkinerd/ednsv/git/trees{/sha}",
2026-07-24T13:31:36.6570293Z                 "updated_at": "2026-07-24T12:42:16Z",
2026-07-24T13:31:36.6570549Z                 "url": "https://api.github.com/repos/pkinerd/ednsv",
2026-07-24T13:31:36.6570819Z                 "use_squash_pr_title_as_default": false,
2026-07-24T13:31:36.6571050Z                 "visibility": "public",
2026-07-24T13:31:36.6571257Z                 "watchers": 0,
2026-07-24T13:31:36.6571441Z                 "watchers_count": 0,
2026-07-24T13:31:36.6571654Z                 "web_commit_signoff_required": false
2026-07-24T13:31:36.6571869Z               },
2026-07-24T13:31:36.6572060Z               "sha": "ac01757f7bdf553b0665421f4c28193a242be25a",
2026-07-24T13:31:36.6572291Z               "user": {
2026-07-24T13:31:36.6572770Z                 "avatar_url": "https://avatars.githubusercontent.com/u/169779439?v=4",
2026-07-24T13:31:36.6573277Z                 "events_url": "https://api.github.com/users/pkinerd/events{/privacy}",
2026-07-24T13:31:36.6573639Z                 "followers_url": "https://api.github.com/users/pkinerd/followers",
2026-07-24T13:31:36.6574021Z                 "following_url": "https://api.github.com/users/pkinerd/following{/other_user}",
2026-07-24T13:31:36.6574396Z                 "gists_url": "https://api.github.com/users/pkinerd/gists{/gist_id}",
2026-07-24T13:31:36.6574680Z                 "gravatar_id": "",
2026-07-24T13:31:36.6574911Z                 "html_url": "https://github.com/pkinerd",
2026-07-24T13:31:36.6575141Z                 "id": 169779439,
2026-07-24T13:31:36.6575327Z                 "login": "pkinerd",
2026-07-24T13:31:36.6575529Z                 "node_id": "U_kgDOCh6g7w",
2026-07-24T13:31:36.6575819Z                 "organizations_url": "https://api.github.com/users/pkinerd/orgs",
2026-07-24T13:31:36.6576198Z                 "received_events_url": "https://api.github.com/users/pkinerd/received_events",
2026-07-24T13:31:36.6576551Z                 "repos_url": "https://api.github.com/users/pkinerd/repos",
2026-07-24T13:31:36.6576817Z                 "site_admin": false,
2026-07-24T13:31:36.6577109Z                 "starred_url": "https://api.github.com/users/pkinerd/starred{/owner}{/repo}",
2026-07-24T13:31:36.6577499Z                 "subscriptions_url": "https://api.github.com/users/pkinerd/subscriptions",
2026-07-24T13:31:36.6577798Z                 "type": "User",
2026-07-24T13:31:36.6578028Z                 "url": "https://api.github.com/users/pkinerd",
2026-07-24T13:31:36.6578279Z                 "user_view_type": "public"
2026-07-24T13:31:36.6578479Z               }
2026-07-24T13:31:36.6578628Z             },
2026-07-24T13:31:36.6578838Z             "html_url": "https://github.com/pkinerd/ednsv/pull/27",
2026-07-24T13:31:36.6579091Z             "id": 4124864814,
2026-07-24T13:31:36.6579352Z             "issue_url": "https://api.github.com/repos/pkinerd/ednsv/issues/27",
2026-07-24T13:31:36.6579637Z             "labels": [],
2026-07-24T13:31:36.6579819Z             "locked": false,
2026-07-24T13:31:36.6580013Z             "maintainer_can_modify": false,
2026-07-24T13:31:36.6580285Z             "merge_commit_sha": "bf59af29cfb2f2950007619e326c8c5ecae25537",
2026-07-24T13:31:36.6580552Z             "mergeable": null,
2026-07-24T13:31:36.6580743Z             "mergeable_state": "unknown",
2026-07-24T13:31:36.6580947Z             "merged": false,
2026-07-24T13:31:36.6581120Z             "merged_at": null,
2026-07-24T13:31:36.6581417Z             "merged_by": null,
2026-07-24T13:31:36.6581594Z             "milestone": null,
2026-07-24T13:31:36.6581842Z             "node_id": "PR_kwDOR1K0VM713HEu",
2026-07-24T13:31:36.6582054Z             "number": 27,
2026-07-24T13:31:36.6582500Z             "patch_url": "https://github.com/pkinerd/ednsv/pull/27.patch",
2026-07-24T13:31:36.6582787Z             "rebaseable": null,
2026-07-24T13:31:36.6582980Z             "requested_reviewers": [],
2026-07-24T13:31:36.6583183Z             "requested_teams": [],
2026-07-24T13:31:36.6583516Z             "review_comment_url": "https://api.github.com/repos/pkinerd/ednsv/pulls/comments{/number}",
2026-07-24T13:31:36.6583857Z             "review_comments": 0,
2026-07-24T13:31:36.6584166Z             "review_comments_url": "https://api.github.com/repos/pkinerd/ednsv/pulls/27/comments",
2026-07-24T13:31:36.6584487Z             "state": "open",
2026-07-24T13:31:36.6584853Z             "statuses_url": "https://api.github.com/repos/pkinerd/ednsv/statuses/ac01757f7bdf553b0665421f4c28193a242be25a",
2026-07-24T13:31:36.6585394Z             "title": "Improve UI/UX: toast messages, scroll nav, collapsible sections, and history migration",
2026-07-24T13:31:36.6585751Z             "updated_at": "2026-07-24T13:29:49Z",
2026-07-24T13:31:36.6586031Z             "url": "https://api.github.com/repos/pkinerd/ednsv/pulls/27",
2026-07-24T13:31:36.6586294Z             "user": {
2026-07-24T13:31:36.6586556Z               "avatar_url": "https://avatars.githubusercontent.com/u/169779439?v=4",
2026-07-24T13:31:36.6586924Z               "events_url": "https://api.github.com/users/pkinerd/events{/privacy}",
2026-07-24T13:31:36.6587278Z               "followers_url": "https://api.github.com/users/pkinerd/followers",
2026-07-24T13:31:36.6587653Z               "following_url": "https://api.github.com/users/pkinerd/following{/other_user}",
2026-07-24T13:31:36.6588027Z               "gists_url": "https://api.github.com/users/pkinerd/gists{/gist_id}",
2026-07-24T13:31:36.6588307Z               "gravatar_id": "",
2026-07-24T13:31:36.6588525Z               "html_url": "https://github.com/pkinerd",
2026-07-24T13:31:36.6588747Z               "id": 169779439,
2026-07-24T13:31:36.6588928Z               "login": "pkinerd",
2026-07-24T13:31:36.6589122Z               "node_id": "U_kgDOCh6g7w",
2026-07-24T13:31:36.6589405Z               "organizations_url": "https://api.github.com/users/pkinerd/orgs",
2026-07-24T13:31:36.6589787Z               "received_events_url": "https://api.github.com/users/pkinerd/received_events",
2026-07-24T13:31:36.6590142Z               "repos_url": "https://api.github.com/users/pkinerd/repos",
2026-07-24T13:31:36.6590401Z               "site_admin": false,
2026-07-24T13:31:36.6590692Z               "starred_url": "https://api.github.com/users/pkinerd/starred{/owner}{/repo}",
2026-07-24T13:31:36.6591083Z               "subscriptions_url": "https://api.github.com/users/pkinerd/subscriptions",
2026-07-24T13:31:36.6591384Z               "type": "User",
2026-07-24T13:31:36.6591601Z               "url": "https://api.github.com/users/pkinerd",
2026-07-24T13:31:36.6591844Z               "user_view_type": "public"
2026-07-24T13:31:36.6592039Z             }
2026-07-24T13:31:36.6592184Z           },
2026-07-24T13:31:36.6592340Z           "repository": {
2026-07-24T13:31:36.6592677Z             "allow_forking": true,
2026-07-24T13:31:36.6592988Z             "archive_url": "https://api.github.com/repos/pkinerd/ednsv/{archive_format}{/ref}",
2026-07-24T13:31:36.6593306Z             "archived": false,
2026-07-24T13:31:36.6593583Z             "assignees_url": "https://api.github.com/repos/pkinerd/ednsv/assignees{/user}",
2026-07-24T13:31:36.6593966Z             "blobs_url": "https://api.github.com/repos/pkinerd/ednsv/git/blobs{/sha}",
2026-07-24T13:31:36.6594347Z             "branches_url": "https://api.github.com/repos/pkinerd/ednsv/branches{/branch}",
2026-07-24T13:31:36.6594691Z             "clone_url": "https://github.com/pkinerd/ednsv.git",
2026-07-24T13:31:36.6595197Z             "collaborators_url": "https://api.github.com/repos/pkinerd/ednsv/collaborators{/collaborator}",
2026-07-24T13:31:36.6595638Z             "comments_url": "https://api.github.com/repos/pkinerd/ednsv/comments{/number}",
2026-07-24T13:31:36.6596105Z             "commits_url": "https://api.github.com/repos/pkinerd/ednsv/commits{/sha}",
2026-07-24T13:31:36.6596513Z             "compare_url": "https://api.github.com/repos/pkinerd/ednsv/compare/{base}...{head}",
2026-07-24T13:31:36.6596917Z             "contents_url": "https://api.github.com/repos/pkinerd/ednsv/contents/{+path}",
2026-07-24T13:31:36.6597312Z             "contributors_url": "https://api.github.com/repos/pkinerd/ednsv/contributors",
2026-07-24T13:31:36.6597629Z             "created_at": "2026-03-30T21:24:40Z",
2026-07-24T13:31:36.6597849Z             "default_branch": "main",
2026-07-24T13:31:36.6598158Z             "deployments_url": "https://api.github.com/repos/pkinerd/ednsv/deployments",
2026-07-24T13:31:36.6598469Z             "description": null,
2026-07-24T13:31:36.6598672Z             "disabled": false,
2026-07-24T13:31:36.6598940Z             "downloads_url": "https://api.github.com/repos/pkinerd/ednsv/downloads",
2026-07-24T13:31:36.6599301Z             "events_url": "https://api.github.com/repos/pkinerd/ednsv/events",
2026-07-24T13:31:36.6599579Z             "fork": false,
2026-07-24T13:31:36.6599756Z             "forks": 0,
2026-07-24T13:31:36.6599928Z             "forks_count": 0,
2026-07-24T13:31:36.6600181Z             "forks_url": "https://api.github.com/repos/pkinerd/ednsv/forks",
2026-07-24T13:31:36.6600465Z             "full_name": "pkinerd/ednsv",
2026-07-24T13:31:36.6600780Z             "git_commits_url": "https://api.github.com/repos/pkinerd/ednsv/git/commits{/sha}",
2026-07-24T13:31:36.6601176Z             "git_refs_url": "https://api.github.com/repos/pkinerd/ednsv/git/refs{/sha}",
2026-07-24T13:31:36.6601552Z             "git_tags_url": "https://api.github.com/repos/pkinerd/ednsv/git/tags{/sha}",
2026-07-24T13:31:36.6601896Z             "git_url": "git://github.com/pkinerd/ednsv.git",
2026-07-24T13:31:36.6602148Z             "has_discussions": false,
2026-07-24T13:31:36.6602507Z             "has_downloads": false,
2026-07-24T13:31:36.6602711Z             "has_issues": true,
2026-07-24T13:31:36.6602899Z             "has_pages": false,
2026-07-24T13:31:36.6603089Z             "has_projects": true,
2026-07-24T13:31:36.6603314Z             "has_pull_requests": true,
2026-07-24T13:31:36.6603516Z             "has_wiki": true,
2026-07-24T13:31:36.6603692Z             "homepage": null,
2026-07-24T13:31:36.6603937Z             "hooks_url": "https://api.github.com/repos/pkinerd/ednsv/hooks",
2026-07-24T13:31:36.6604246Z             "html_url": "https://github.com/pkinerd/ednsv",
2026-07-24T13:31:36.6604476Z             "id": 1196602452,
2026-07-24T13:31:36.6604655Z             "is_template": false,
2026-07-24T13:31:36.6604993Z             "issue_comment_url": "https://api.github.com/repos/pkinerd/ednsv/issues/comments{/number}",
2026-07-24T13:31:36.6605454Z             "issue_events_url": "https://api.github.com/repos/pkinerd/ednsv/issues/events{/number}",
2026-07-24T13:31:36.6605867Z             "issues_url": "https://api.github.com/repos/pkinerd/ednsv/issues{/number}",
2026-07-24T13:31:36.6606242Z             "keys_url": "https://api.github.com/repos/pkinerd/ednsv/keys{/key_id}",
2026-07-24T13:31:36.6606605Z             "labels_url": "https://api.github.com/repos/pkinerd/ednsv/labels{/name}",
2026-07-24T13:31:36.6606893Z             "language": "C#",
2026-07-24T13:31:36.6607156Z             "languages_url": "https://api.github.com/repos/pkinerd/ednsv/languages",
2026-07-24T13:31:36.6607450Z             "license": null,
2026-07-24T13:31:36.6607701Z             "merges_url": "https://api.github.com/repos/pkinerd/ednsv/merges",
2026-07-24T13:31:36.6608085Z             "milestones_url": "https://api.github.com/repos/pkinerd/ednsv/milestones{/number}",
2026-07-24T13:31:36.6608404Z             "mirror_url": null,
2026-07-24T13:31:36.6608704Z             "name": "ednsv",
2026-07-24T13:31:36.6608891Z             "node_id": "R_kgDOR1K0VA",
2026-07-24T13:31:36.6609269Z             "notifications_url": "https://api.github.com/repos/pkinerd/ednsv/notifications{?since,all,participating}",
2026-07-24T13:31:36.6609655Z             "open_issues": 1,
2026-07-24T13:31:36.6609977Z             "open_issues_count": 1,
2026-07-24T13:31:36.6610173Z             "owner": {
2026-07-24T13:31:36.6610427Z               "avatar_url": "https://avatars.githubusercontent.com/u/169779439?v=4",
2026-07-24T13:31:36.6610794Z               "events_url": "https://api.github.com/users/pkinerd/events{/privacy}",
2026-07-24T13:31:36.6611153Z               "followers_url": "https://api.github.com/users/pkinerd/followers",
2026-07-24T13:31:36.6611530Z               "following_url": "https://api.github.com/users/pkinerd/following{/other_user}",
2026-07-24T13:31:36.6611908Z               "gists_url": "https://api.github.com/users/pkinerd/gists{/gist_id}",
2026-07-24T13:31:36.6612189Z               "gravatar_id": "",
2026-07-24T13:31:36.6612576Z               "html_url": "https://github.com/pkinerd",
2026-07-24T13:31:36.6612804Z               "id": 169779439,
2026-07-24T13:31:36.6612988Z               "login": "pkinerd",
2026-07-24T13:31:36.6613183Z               "node_id": "U_kgDOCh6g7w",
2026-07-24T13:31:36.6613465Z               "organizations_url": "https://api.github.com/users/pkinerd/orgs",
2026-07-24T13:31:36.6613842Z               "received_events_url": "https://api.github.com/users/pkinerd/received_events",
2026-07-24T13:31:36.6614199Z               "repos_url": "https://api.github.com/users/pkinerd/repos",
2026-07-24T13:31:36.6614465Z               "site_admin": false,
2026-07-24T13:31:36.6614754Z               "starred_url": "https://api.github.com/users/pkinerd/starred{/owner}{/repo}",
2026-07-24T13:31:36.6615157Z               "subscriptions_url": "https://api.github.com/users/pkinerd/subscriptions",
2026-07-24T13:31:36.6615456Z               "type": "User",
2026-07-24T13:31:36.6615674Z               "url": "https://api.github.com/users/pkinerd",
2026-07-24T13:31:36.6615912Z               "user_view_type": "public"
2026-07-24T13:31:36.6616109Z             },
2026-07-24T13:31:36.6616271Z             "private": false,
2026-07-24T13:31:36.6616475Z             "pull_request_creation_policy": "all",
2026-07-24T13:31:36.6616784Z             "pulls_url": "https://api.github.com/repos/pkinerd/ednsv/pulls{/number}",
2026-07-24T13:31:36.6617084Z             "pushed_at": "2026-07-24T13:29:48Z",
2026-07-24T13:31:36.6617382Z             "releases_url": "https://api.github.com/repos/pkinerd/ednsv/releases{/id}",
2026-07-24T13:31:36.6617682Z             "size": 34013,
2026-07-24T13:31:36.6617888Z             "ssh_url": "git@github.com:pkinerd/ednsv.git",
2026-07-24T13:31:36.6618126Z             "stargazers_count": 0,
2026-07-24T13:31:36.6618401Z             "stargazers_url": "https://api.github.com/repos/pkinerd/ednsv/stargazers",
2026-07-24T13:31:36.6618778Z             "statuses_url": "https://api.github.com/repos/pkinerd/ednsv/statuses/{sha}",
2026-07-24T13:31:36.6619165Z             "subscribers_url": "https://api.github.com/repos/pkinerd/ednsv/subscribers",
2026-07-24T13:31:36.6619557Z             "subscription_url": "https://api.github.com/repos/pkinerd/ednsv/subscription",
2026-07-24T13:31:36.6619892Z             "svn_url": "https://github.com/pkinerd/ednsv",
2026-07-24T13:31:36.6620174Z             "tags_url": "https://api.github.com/repos/pkinerd/ednsv/tags",
2026-07-24T13:31:36.6620506Z             "teams_url": "https://api.github.com/repos/pkinerd/ednsv/teams",
2026-07-24T13:31:36.6620775Z             "topics": [],
2026-07-24T13:31:36.6621032Z             "trees_url": "https://api.github.com/repos/pkinerd/ednsv/git/trees{/sha}",
2026-07-24T13:31:36.6621336Z             "updated_at": "2026-07-24T12:42:16Z",
2026-07-24T13:31:36.6621591Z             "url": "https://api.github.com/repos/pkinerd/ednsv",
2026-07-24T13:31:36.6621842Z             "visibility": "public",
2026-07-24T13:31:36.6622156Z             "watchers": 0,
2026-07-24T13:31:36.6622337Z             "watchers_count": 0,
2026-07-24T13:31:36.6622750Z             "web_commit_signoff_required": false
2026-07-24T13:31:36.6622961Z           },
2026-07-24T13:31:36.6623110Z           "sender": {
2026-07-24T13:31:36.6623477Z             "avatar_url": "https://avatars.githubusercontent.com/u/169779439?v=4",
2026-07-24T13:31:36.6623841Z             "events_url": "https://api.github.com/users/pkinerd/events{/privacy}",
2026-07-24T13:31:36.6624190Z             "followers_url": "https://api.github.com/users/pkinerd/followers",
2026-07-24T13:31:36.6624564Z             "following_url": "https://api.github.com/users/pkinerd/following{/other_user}",
2026-07-24T13:31:36.6624935Z             "gists_url": "https://api.github.com/users/pkinerd/gists{/gist_id}",
2026-07-24T13:31:36.6625209Z             "gravatar_id": "",
2026-07-24T13:31:36.6625417Z             "html_url": "https://github.com/pkinerd",
2026-07-24T13:31:36.6625635Z             "id": 169779439,
2026-07-24T13:31:36.6625819Z             "login": "pkinerd",
2026-07-24T13:31:36.6626013Z             "node_id": "U_kgDOCh6g7w",
2026-07-24T13:31:36.6626283Z             "organizations_url": "https://api.github.com/users/pkinerd/orgs",
2026-07-24T13:31:36.6626658Z             "received_events_url": "https://api.github.com/users/pkinerd/received_events",
2026-07-24T13:31:36.6627019Z             "repos_url": "https://api.github.com/users/pkinerd/repos",
2026-07-24T13:31:36.6627289Z             "site_admin": false,
2026-07-24T13:31:36.6627560Z             "starred_url": "https://api.github.com/users/pkinerd/starred{/owner}{/repo}",
2026-07-24T13:31:36.6627949Z             "subscriptions_url": "https://api.github.com/users/pkinerd/subscriptions",
2026-07-24T13:31:36.6628241Z             "type": "User",
2026-07-24T13:31:36.6628449Z             "url": "https://api.github.com/users/pkinerd",
2026-07-24T13:31:36.6628686Z             "user_view_type": "public"
2026-07-24T13:31:36.6628874Z           }
2026-07-24T13:31:36.6629022Z         },
2026-07-24T13:31:36.6629170Z         "github_job": "docker",
2026-07-24T13:31:36.6629364Z         "github_ref": "refs/pull/27/merge",
2026-07-24T13:31:36.6629575Z         "github_ref_name": "27/merge",
2026-07-24T13:31:36.6629774Z         "github_ref_protected": "false",
2026-07-24T13:31:36.6629986Z         "github_ref_type": "branch",
2026-07-24T13:31:36.6630199Z         "github_repository": "pkinerd/ednsv",
2026-07-24T13:31:36.6630416Z         "github_repository_id": "1196602452",
2026-07-24T13:31:36.6630627Z         "github_repository_owner": "pkinerd",
2026-07-24T13:31:36.6630848Z         "github_repository_owner_id": "169779439",
2026-07-24T13:31:36.6631070Z         "github_run_attempt": "1",
2026-07-24T13:31:36.6631268Z         "github_run_id": "30097098558",
2026-07-24T13:31:36.6631470Z         "github_run_number": "207",
2026-07-24T13:31:36.6631670Z         "github_runner_arch": "X64",
2026-07-24T13:31:36.6631893Z         "github_runner_environment": "github-hosted",
2026-07-24T13:31:36.6632133Z         "github_runner_image_os": "ubuntu24",
2026-07-24T13:31:36.6632503Z         "github_runner_image_version": "20260720.247.2",
2026-07-24T13:31:36.6632762Z         "github_runner_name": "GitHub Actions 1000002136",
2026-07-24T13:31:36.6632990Z         "github_runner_os": "Linux",
2026-07-24T13:31:36.6633274Z         "github_runner_tracking_id": "github_943b014e-fe17-4ed5-bc54-2e9a7faa1ce9",
2026-07-24T13:31:36.6633587Z         "github_server_url": "https://github.com",
2026-07-24T13:31:36.6633815Z         "github_triggering_actor": "pkinerd",
2026-07-24T13:31:36.6634026Z         "github_workflow": "CI",
2026-07-24T13:31:36.6634324Z         "github_workflow_ref": "pkinerd/ednsv/.github/workflows/ci.yml@refs/pull/27/merge",
2026-07-24T13:31:36.6634701Z         "github_workflow_sha": "19e30f4f49106f9a36e6a4fdfd28aab8bf2f0e23",
2026-07-24T13:31:36.6634979Z         "platform": "linux/amd64"
2026-07-24T13:31:36.6635169Z       }
2026-07-24T13:31:36.6635308Z     }
2026-07-24T13:31:36.6635559Z   },
2026-07-24T13:31:36.6635984Z   "buildx.build.ref": "builder-57bed8c4-1f81-4416-9e3f-05c62f3730f0/builder-57bed8c4-1f81-4416-9e3f-05c62f3730f00/x87tx0fhtvi5mr07y1ga2trqb",
2026-07-24T13:31:36.6636462Z   "containerimage.descriptor": {
2026-07-24T13:31:36.6636796Z     "mediaType": "application/vnd.oci.image.index.v1+json",
2026-07-24T13:31:36.6637167Z     "digest": "sha256:e1bd6709a1151afee56900377add28f72cc0618c1a8ce833cc894dc93fe911bc",
2026-07-24T13:31:36.6637482Z     "size": 856
2026-07-24T13:31:36.6637637Z   },
2026-07-24T13:31:36.6637935Z   "containerimage.digest": "sha256:e1bd6709a1151afee56900377add28f72cc0618c1a8ce833cc894dc93fe911bc",
2026-07-24T13:31:36.6638476Z   "image.name": "ghcr.io/pkinerd/ednsv:pr-27,ghcr.io/pkinerd/ednsv:latest-any,ghcr.io/pkinerd/ednsv:sha-19e30f4"
2026-07-24T13:31:36.6638847Z }
2026-07-24T13:31:36.6639196Z ##[endgroup]
2026-07-24T13:31:36.6639505Z ##[group]Reference
2026-07-24T13:31:36.6639909Z builder-57bed8c4-1f81-4416-9e3f-05c62f3730f0/builder-57bed8c4-1f81-4416-9e3f-05c62f3730f00/x87tx0fhtvi5mr07y1ga2trqb
2026-07-24T13:31:36.6640421Z ##[endgroup]
2026-07-24T13:31:36.6640687Z ##[group]Check build summary support
2026-07-24T13:31:36.6641005Z Build summary supported!
2026-07-24T13:31:36.6641271Z ##[endgroup]
2026-07-24T13:31:36.6716593Z Node 20 is being deprecated. This workflow is running with Node 24 by default. If you need to temporarily use Node 20, you can set the ACTIONS_ALLOW_USE_UNSECURE_NODE_VERSION=true environment variable. For more information see: https://github.blog/changelog/2025-09-19-deprecation-of-node-20-on-github-actions-runners/
2026-07-24T13:31:36.6717548Z Post job cleanup.
2026-07-24T13:31:36.8578625Z ##[group]Generating build summary
2026-07-24T13:31:36.8581505Z exporting build record to /home/runner/work/_temp/docker-actions-toolkit-zfnnvB/export
2026-07-24T13:31:36.8591782Z (node:3042) [DEP0040] DeprecationWarning: The `punycode` module is deprecated. Please use a userland alternative instead.
2026-07-24T13:31:36.8592666Z (Use `node --trace-deprecation ...` to show where the warning was created)
2026-07-24T13:31:37.0145318Z [command]/usr/bin/docker buildx history export --builder builder-57bed8c4-1f81-4416-9e3f-05c62f3730f0 --output /home/runner/work/_temp/docker-actions-toolkit-zfnnvB/export/pkinerd~ednsv~X87TX0.dockerbuild x87tx0fhtvi5mr07y1ga2trqb --finalize
2026-07-24T13:31:37.2260565Z Build record written to /home/runner/work/_temp/docker-actions-toolkit-zfnnvB/export/pkinerd~ednsv~X87TX0.dockerbuild (59.98 KB)
2026-07-24T13:31:37.2283674Z Uploading pkinerd~ednsv~X87TX0.dockerbuild to blob storage
2026-07-24T13:31:37.5192633Z Beginning upload of artifact content to blob storage
2026-07-24T13:31:37.5257967Z (node:3042) [DEP0169] DeprecationWarning: `url.parse()` behavior is not standardized and prone to errors that have security implications. Use the WHATWG URL API instead. CVEs are not issued for `url.parse()` vulnerabilities.
2026-07-24T13:31:37.5264224Z Uploaded bytes 61423
2026-07-24T13:31:37.8883990Z Finished uploading artifact content to blob storage!
2026-07-24T13:31:37.8887434Z SHA256 hash of uploaded artifact is 0ff280d70de8a050103ab7f0ba5f1a7c776e004a91000dced628c400a8ddaf1c
2026-07-24T13:31:37.8888749Z Finalizing artifact upload
2026-07-24T13:31:38.2197410Z Artifact successfully finalized (8598076230)
2026-07-24T13:31:38.2198536Z Artifact download URL: https://github.com/pkinerd/ednsv/actions/runs/30097098558/artifacts/8598076230
2026-07-24T13:31:38.2220687Z Writing summary
2026-07-24T13:31:38.2230867Z ##[endgroup]
2026-07-24T13:31:38.2231540Z ##[group]Removing temp folder /home/runner/work/_temp/docker-actions-toolkit-ApM8WD
2026-07-24T13:31:38.2233264Z ##[endgroup]
2026-07-24T13:31:38.2233706Z ##[group]Post cache
2026-07-24T13:31:38.2234950Z State not set
2026-07-24T13:31:38.2235383Z ##[endgroup]
2026-07-24T13:31:38.2366001Z Node 20 is being deprecated. This workflow is running with Node 24 by default. If you need to temporarily use Node 20, you can set the ACTIONS_ALLOW_USE_UNSECURE_NODE_VERSION=true environment variable. For more information see: https://github.blog/changelog/2025-09-19-deprecation-of-node-20-on-github-actions-runners/
2026-07-24T13:31:38.2367073Z Post job cleanup.
2026-07-24T13:31:38.4725664Z ##[group]Logout from ghcr.io
2026-07-24T13:31:38.4742657Z (node:3186) [DEP0040] DeprecationWarning: The `punycode` module is deprecated. Please use a userland alternative instead.
2026-07-24T13:31:38.4743379Z (Use `node --trace-deprecation ...` to show where the warning was created)
2026-07-24T13:31:38.4761230Z [command]/usr/bin/docker logout ghcr.io
2026-07-24T13:31:38.4883569Z Removing login credentials for ghcr.io
2026-07-24T13:31:38.4900534Z ##[endgroup]
2026-07-24T13:31:38.4901145Z ##[group]Post cache
2026-07-24T13:31:38.4902100Z State not set
2026-07-24T13:31:38.4903036Z ##[endgroup]
2026-07-24T13:31:38.5076497Z Node 20 is being deprecated. This workflow is running with Node 24 by default. If you need to temporarily use Node 20, you can set the ACTIONS_ALLOW_USE_UNSECURE_NODE_VERSION=true environment variable. For more information see: https://github.blog/changelog/2025-09-19-deprecation-of-node-20-on-github-actions-runners/
2026-07-24T13:31:38.5078207Z Post job cleanup.
2026-07-24T13:31:38.7073450Z ##[group]Removing builder
2026-07-24T13:31:38.7078450Z (node:3207) [DEP0040] DeprecationWarning: The `punycode` module is deprecated. Please use a userland alternative instead.
2026-07-24T13:31:38.7079328Z (Use `node --trace-deprecation ...` to show where the warning was created)
2026-07-24T13:31:38.8142752Z [command]/usr/bin/docker buildx rm builder-57bed8c4-1f81-4416-9e3f-05c62f3730f0
2026-07-24T13:31:39.4624627Z builder-57bed8c4-1f81-4416-9e3f-05c62f3730f0 removed
2026-07-24T13:31:39.4651134Z ##[endgroup]
2026-07-24T13:31:39.4651973Z ##[group]Cleaning up certificates
2026-07-24T13:31:39.4653493Z ##[endgroup]
2026-07-24T13:31:39.4654045Z ##[group]Post cache
2026-07-24T13:31:39.4656024Z State not set
2026-07-24T13:31:39.4656493Z ##[endgroup]
2026-07-24T13:31:39.4799366Z Node 20 is being deprecated. This workflow is running with Node 24 by default. If you need to temporarily use Node 20, you can set the ACTIONS_ALLOW_USE_UNSECURE_NODE_VERSION=true environment variable. For more information see: https://github.blog/changelog/2025-09-19-deprecation-of-node-20-on-github-actions-runners/
2026-07-24T13:31:39.4800320Z Post job cleanup.
2026-07-24T13:31:39.5482179Z [command]/usr/bin/git version
2026-07-24T13:31:39.5553856Z git version 2.54.0
2026-07-24T13:31:39.5587656Z Temporarily overriding HOME='/home/runner/work/_temp/9eed1c1f-1bde-4ad4-8a73-2308397e8df7' before making global git config changes
2026-07-24T13:31:39.5588608Z Adding repository directory to the temporary git global config as a safe directory
2026-07-24T13:31:39.5592927Z [command]/usr/bin/git config --global --add safe.directory /home/runner/work/ednsv/ednsv
2026-07-24T13:31:39.5629445Z [command]/usr/bin/git config --local --name-only --get-regexp core\.sshCommand
2026-07-24T13:31:39.5666449Z [command]/usr/bin/git submodule foreach --recursive sh -c "git config --local --name-only --get-regexp 'core\.sshCommand' && git config --local --unset-all 'core.sshCommand' || :"
2026-07-24T13:31:39.5918815Z [command]/usr/bin/git config --local --name-only --get-regexp http\.https\:\/\/github\.com\/\.extraheader
2026-07-24T13:31:39.5940015Z http.https://github.com/.extraheader
2026-07-24T13:31:39.5949892Z [command]/usr/bin/git config --local --unset-all http.https://github.com/.extraheader
2026-07-24T13:31:39.5978806Z [command]/usr/bin/git submodule foreach --recursive sh -c "git config --local --name-only --get-regexp 'http\.https\:\/\/github\.com\/\.extraheader' && git config --local --unset-all 'http.https://github.com/.extraheader' || :"
2026-07-24T13:31:39.6211472Z [command]/usr/bin/git config --local --name-only --get-regexp ^includeIf\.gitdir:
2026-07-24T13:31:39.6248370Z [command]/usr/bin/git submodule foreach --recursive git config --local --show-origin --name-only --get-regexp remote.origin.url
2026-07-24T13:31:39.6579131Z Cleaning up orphan processes
2026-07-24T13:31:39.6890631Z ##[warning]Node.js 20 is deprecated. The following actions target Node.js 20 but are being forced to run on Node.js 24: actions/checkout@v4, docker/build-push-action@v6, docker/login-action@v3, docker/metadata-action@v5, docker/setup-buildx-action@v3. For more information see: https://github.blog/changelog/2025-09-19-deprecation-of-node-20-on-github-actions-runners/
